id,x,y,deg
001_0,s0.113436985,s0.202832429,s141.311518444
002_0,s-0.882640625,s0.031164724,s142.074389019
002_1,s1.024363479,s-0.200088457,s0.485563890
003_0,s-0.615900737,s0.345915609,s69.603811186
003_1,s-0.203392181,s-0.070446841,s221.026420640
003_2,s0.917874880,s0.440840578,s214.044560199
004_0,s-1.213850475,s0.216996049,s358.757823979
004_1,s0.003693030,s0.527133844,s51.126993875
004_2,s1.304685028,s0.730622702,s42.248332031
004_3,s-1.131967616,s-0.987667025,s286.752350317
005_0,s-0.629109401,s1.340238193,s46.528936650
005_1,s-1.397051711,s0.429176896,s96.656004307
005_2,s-0.242709626,s1.508108276,s217.818579374
005_3,s1.880966547,s1.252780164,s152.584969381
005_4,s1.890063856,s-1.545230749,s99.301560351
006_0,s1.502624084,s-1.615699116,s228.456755187
006_1,s-1.781145876,s0.548644703,s43.970886017
006_2,s0.297296361,s0.287171515,s300.830924293
006_3,s-1.064193588,s1.748805713,s194.150802026
006_4,s1.720740487,s0.640286639,s322.866283061
006_5,s2.129774231,s1.798207037,s83.933853550
007_0,s0.835279050,s-1.572300115,s44.147428003
007_1,s1.274255013,s0.025243980,s284.137877972
007_2,s2.117813823,s1.027430579,s350.335861810
007_3,s-1.312292077,s0.611642252,s352.033365536
007_4,s0.887955624,s1.123550274,s302.768741491
007_5,s1.781387535,s1.046784005,s284.823371709
007_6,s-1.809227210,s1.130768583,s68.736037032
008_0,s-1.685877518,s-0.315885855,s267.118299982
008_1,s-1.643516802,s-1.945651314,s141.072028854
008_2,s-0.156674033,s0.931417867,s138.865829457
008_3,s-0.440947740,s-0.299320415,s2.296325129
008_4,s-0.741047065,s0.614187868,s41.340519380
008_5,s1.935715748,s0.557335675,s53.032763467
008_6,s1.716780308,s2.043704424,s49.052280871
008_7,s-1.826109761,s1.794417752,s301.712046078
009_0,s0.841118809,s-0.720594176,s33.494076311
009_1,s-1.601008842,s2.198642496,s250.187740828
009_2,s-0.356704529,s0.179236952,s92.277525766
009_3,s1.390515388,s-1.099611310,s28.726108467
009_4,s-2.205939117,s1.158188868,s70.354418459
009_5,s1.679691186,s1.888131159,s134.808677625
009_6,s-0.390986357,s-2.331033400,s297.299241048
009_7,s2.460367952,s2.160626524,s218.590810491
009_8,s0.685355358,s1.849374822,s7.758483700
010_0,s-2.320282131,s1.899103170,s201.543116528
010_1,s-1.479570724,s0.558485581,s313.905362888
010_2,s-1.217889286,s-1.374653432,s251.470207023
010_3,s1.907131985,s-1.819802410,s169.326257955
010_4,s-2.342752359,s0.374302331,s125.864603644
010_5,s0.995563879,s0.761683032,s173.372086140
010_6,s2.334692782,s1.552562264,s235.132692933
010_7,s2.072272427,s-0.613548990,s314.666472232
010_8,s-0.444766449,s1.806297044,s358.338342931
010_9,s0.949362898,s1.901611551,s83.970939878
011_0,s-2.403236894,s-1.412632752,s12.958711364
011_1,s-1.556924041,s1.416150894,s170.542362860
011_2,s-0.707713411,s-1.753119691,s1.719933345
011_3,s1.145731324,s-0.446949907,s181.898072481
011_4,s-0.263990612,s1.403422240,s206.666193888
011_5,s1.618504848,s1.597659256,s160.348914781
011_6,s0.496729851,s1.591518682,s115.868558720
011_7,s2.536355678,s1.444046115,s56.256695757
011_8,s-0.230655613,s-0.018535855,s91.541335796
011_9,s-2.203783619,s1.621896086,s252.274728018
011_10,s1.779478118,s0.286136584,s278.634412404
012_0,s2.427812357,s-0.341378278,s0.747755398
012_1,s-0.345661205,s0.220425145,s299.953090526
012_2,s-1.390528643,s1.086782592,s264.197572180
012_3,s-2.243727710,s-0.655372027,s138.120319388
012_4,s-2.428917293,s1.580642098,s230.131976265
012_5,s1.142216229,s2.475391938,s203.788493676
012_6,s-0.443160197,s2.105109084,s304.302453423
012_7,s2.394549429,s-2.056437103,s169.915224490
012_8,s-2.461332726,s2.472354837,s297.687739726
012_9,s0.171898774,s0.805793909,s137.555467587
012_10,s-0.813671128,s2.370398451,s278.498838305
012_11,s0.786407128,s-1.801166110,s1.560687749
013_0,s-2.182155339,s0.977051455,s339.336521536
013_1,s-1.374564627,s-1.009678269,s235.691768286
013_2,s-0.383818339,s2.174357322,s175.529554800
013_3,s2.409565090,s1.060112261,s307.579696138
013_4,s-0.752690766,s1.288475655,s84.693499770
013_5,s-2.468931229,s1.898722545,s351.846552530
013_6,s1.652765075,s0.691235422,s17.028832381
013_7,s0.431995982,s2.451210031,s90.691079103
013_8,s1.768763489,s1.910806890,s207.779952572
013_9,s1.882351266,s-0.879956360,s222.838130808
013_10,s2.432662107,s-2.045995957,s168.703729773
013_11,s0.856460781,s-2.058570206,s222.795650010
013_12,s-2.251780877,s2.484090260,s98.216114724
014_0,s0.292156390,s-2.736590821,s130.017357996
014_1,s-1.041242542,s-2.568102754,s118.941872298
014_2,s2.715585248,s2.211196140,s15.320645260
014_3,s1.129159207,s2.380479974,s250.449413984
014_4,s2.646581279,s0.496265660,s135.180047614
014_5,s-2.392858189,s1.991127799,s155.248542203
014_6,s-0.769535648,s2.184920712,s358.914523546
014_7,s1.951594400,s-2.511655840,s50.464260292
014_8,s-2.035558120,s2.616040350,s337.927186464
014_9,s1.667320058,s0.724363724,s152.985982484
014_10,s-0.493014192,s1.211315461,s97.001812943
014_11,s1.324764930,s2.650855546,s25.037187582
014_12,s0.523683641,s-0.762766653,s270.298725367
014_13,s-2.830918449,s-2.867731109,s230.584551216
015_0,s-1.951122649,s-1.458101377,s267.535778756
015_1,s3.081186412,s-2.065882213,s359.524019373
015_2,s-3.281457388,s1.228815714,s50.194745385
015_3,s3.138962553,s-0.940898429,s255.177717132
015_4,s3.037344191,s0.342809680,s157.309585557
015_5,s-1.493959951,s3.067867459,s188.021535228
015_6,s2.380283826,s2.097442251,s77.926651093
015_7,s0.753859107,s-2.926619556,s92.135439089
015_8,s-2.309665719,s1.557038883,s264.118162017
015_9,s1.993772240,s-0.180229110,s359.109796988
015_10,s0.784039632,s-0.510816068,s255.827873062
015_11,s-2.170297702,s-0.211169707,s354.780335993
015_12,s-3.275848458,s2.526455367,s127.286467066
015_13,s0.753746311,s1.336705420,s82.931871926
015_14,s-2.693085207,s2.909040374,s271.490993088
016_0,s-0.458247488,s-1.464307367,s262.782100413
016_1,s1.836832670,s-0.391247007,s55.594635253
016_2,s-1.772715100,s-2.360730609,s57.037044256
016_3,s0.222722554,s-0.744048452,s327.977720067
016_4,s1.847797352,s-2.732830036,s3.473586256
016_5,s1.100565654,s-2.034962959,s9.711785820
016_6,s-0.035403366,s0.565320153,s52.305851792
016_7,s-1.491224666,s1.845998355,s36.004445951
016_8,s0.626095378,s2.418867397,s102.913055723
016_9,s2.681336415,s1.022453263,s294.015343528
016_10,s-1.581566960,s2.406203798,s144.161033273
016_11,s-2.807513330,s2.295429375,s177.529754008
016_12,s0.246209202,s2.027755687,s182.059296770
016_13,s-2.655669177,s-0.931401566,s108.999652596
016_14,s2.646052714,s2.225389824,s27.186865545
016_15,s-0.588076773,s2.360473736,s100.533777474
017_0,s-2.961421379,s-1.397472085,s255.455503995
017_1,s-3.057103856,s-3.049412375,s225.021458276
017_2,s0.211953433,s0.698819929,s73.025508879
017_3,s2.992999366,s-1.352986508,s325.869734413
017_4,s3.237384866,s-0.035137484,s66.876502658
017_5,s2.882219426,s1.941717515,s18.312730476
017_6,s-2.756755427,s-2.010984574,s129.000411168
017_7,s-0.583870654,s-2.847019650,s165.716152703
017_8,s-2.760389445,s2.728371462,s40.188080064
017_9,s2.328161355,s0.669408816,s257.106370077
017_10,s0.373599914,s2.929753111,s153.178053568
017_11,s-3.123279340,s1.948964518,s159.339768918
017_12,s-0.254393590,s1.317731960,s333.485004985
017_13,s2.645928807,s2.911946537,s313.943723277
017_14,s-1.985197400,s-2.129915419,s148.264409669
017_15,s-0.354225853,s2.876378522,s21.190026356
017_16,s1.393076130,s0.265282046,s228.955371174
018_0,s-2.872080211,s0.699719763,s291.976397593
018_1,s-0.726239562,s1.138010696,s158.632760909
018_2,s1.246788449,s0.799181238,s46.684073968
018_3,s-1.590396347,s-2.794998384,s76.041227200
018_4,s2.603454101,s-1.520316410,s154.928638044
018_5,s1.590841807,s-1.039909975,s119.168519078
018_6,s2.107125825,s1.776808644,s342.452337501
018_7,s-0.966569447,s-0.789830272,s171.816977893
018_8,s2.882586441,s-0.839123753,s358.251983762
018_9,s0.207076265,s2.527029892,s190.371927238
018_10,s-2.902454700,s-1.799510260,s177.144954659
018_11,s-3.148560921,s2.450060276,s31.156970171
018_12,s0.459889975,s-2.257719786,s342.802499094
018_13,s2.819162649,s2.469531323,s248.299960221
018_14,s-0.558574078,s2.341171871,s45.373541475
018_15,s1.027579241,s0.072096159,s288.807472871
018_16,s-2.132271251,s1.186688175,s238.489976189
018_17,s1.670834336,s2.531411275,s74.046760976
019_0,s-1.491395502,s-1.429182237,s253.779001680
019_1,s-0.626755864,s-0.220825064,s223.498491330
019_2,s-0.173907058,s1.771290587,s312.610633853
019_3,s1.674958499,s-0.934179732,s70.586014504
019_4,s3.105826277,s-2.766382606,s199.625060937
019_5,s-3.089806563,s2.362020151,s6.585447806
019_6,s1.724557876,s0.910545623,s157.928676902
019_7,s-2.460174706,s2.708345857,s28.080161383
019_8,s-2.107325169,s-2.311083841,s17.203625783
019_9,s3.144267688,s0.831328169,s33.091606249
019_10,s0.118274013,s2.671284679,s304.255240055
019_11,s-0.422328289,s2.682914031,s81.394627307
019_12,s-0.847033521,s0.511160807,s217.900812668
019_13,s2.161476454,s2.299262777,s348.220345961
019_14,s2.776058887,s1.695131956,s15.985338722
019_15,s-1.663189494,s1.435895131,s50.624443599
019_16,s-2.838474575,s0.376531679,s161.002659029
019_17,s0.452816976,s-0.434887924,s240.090219465
019_18,s2.908205933,s2.720070194,s358.857370402
020_0,s-3.274052470,s-3.172146954,s163.293506778
020_1,s-2.661099138,s-1.260768273,s156.658875561
020_2,s0.959934392,s0.057713562,s3.289187178
020_3,s0.962405733,s-3.265149924,s112.540777004
020_4,s-2.103742277,s2.697546455,s118.127658142
020_5,s-3.237401534,s0.307430256,s8.532825185
020_6,s-1.187751135,s-1.652807646,s210.958371389
020_7,s0.087544036,s2.590214095,s245.133274539
020_8,s1.653427989,s-2.633565805,s76.399409970
020_9,s2.316435153,s1.732756460,s232.498149224
020_10,s-2.988550967,s2.761474296,s30.954108114
020_11,s-0.560977800,s0.149764778,s247.583848970
020_12,s3.168282076,s0.504817408,s326.547458409
020_13,s2.473611527,s-0.596852622,s295.381813227
020_14,s0.682452050,s0.656627038,s301.973394784
020_15,s1.959919973,s2.841928316,s194.529145121
020_16,s-3.158400050,s1.584585742,s200.560313466
020_17,s-0.698906169,s1.339141128,s300.636957364
020_18,s-2.085455563,s1.041558252,s188.849741601
020_19,s2.228675223,s3.150620583,s10.036186134
021_0,s2.681603445,s0.621161321,s116.386588918
021_1,s-3.135384587,s-2.186727530,s144.380068758
021_2,s-1.817187085,s-2.111242407,s209.831623270
021_3,s1.310328693,s-2.157647712,s51.305492279
021_4,s-1.434530280,s-2.602489383,s175.752801134
021_5,s-2.948045775,s2.613945052,s10.600351505
021_6,s2.277913510,s-3.018757556,s69.977106744
021_7,s-3.186972745,s1.358031146,s188.876080452
021_8,s2.788723884,s-0.140503624,s74.972292547
021_9,s-0.567941089,s2.480980369,s219.266429220
021_10,s0.323285252,s-1.978510851,s305.206652074
021_11,s-3.047808358,s0.994370212,s225.627860568
021_12,s-1.331838693,s-0.120218891,s90.165802972
021_13,s-2.027415154,s1.077106096,s198.420579502
021_14,s-1.854222560,s2.432424012,s345.832482304
021_15,s2.828398076,s-1.382534325,s208.863405306
021_16,s-0.877911201,s1.338092851,s159.365147631
021_17,s2.065491894,s2.602091237,s5.581804398
021_18,s0.363939091,s0.768087465,s200.864754944
021_19,s1.625348399,s-1.236622801,s210.074730642
021_20,s2.803418965,s1.979565084,s265.837984513
022_0,s-3.522759756,s-0.544951219,s357.813253491
022_1,s2.963172064,s-0.234679094,s67.200063848
022_2,s-1.104736691,s1.524813235,s291.094785681
022_3,s-1.713501253,s0.851916777,s237.665882821
022_4,s2.181863252,s-2.081957054,s355.663172081
022_5,s-0.014311487,s-1.543680385,s174.710729024
022_6,s-3.462207507,s1.603630566,s261.550137683
022_7,s2.750297968,s2.092112707,s313.689105865
022_8,s2.816246358,s-3.455763503,s347.715887913
022_9,s2.922470329,s1.040927191,s151.239534590
022_10,s-3.317871150,s2.842299987,s51.714660655
022_11,s-2.735186772,s-0.325539919,s97.808572695
022_12,s0.873995286,s3.075284706,s99.311038120
022_13,s3.209940531,s-1.373395207,s293.096099289
022_14,s-0.038140102,s-0.131285504,s156.557896761
022_15,s-1.545660076,s2.920905569,s147.619347268
022_16,s1.574514256,s0.353890409,s316.249385230
022_17,s0.438860830,s2.403451425,s185.084547585
022_18,s1.990368405,s2.989448745,s256.043816046
022_19,s3.136706984,s2.869208557,s4.119785853
022_20,s-0.139754088,s2.932466758,s168.748020314
022_21,s-2.667852192,s1.866770621,s220.647753404
023_0,s-3.229847106,s-3.449488376,s260.531051509
023_1,s1.875120196,s1.806759967,s44.871124204
023_2,s-3.502713654,s-1.629860812,s134.251487128
023_3,s2.560273383,s0.599529198,s273.532216206
023_4,s3.614385328,s-0.044059277,s208.809416224
023_5,s3.635333205,s-0.915531322,s290.714536305
023_6,s3.696298316,s1.100092481,s213.860769485
023_7,s-1.006862701,s-0.122567567,s61.855347162
023_8,s-0.399178022,s2.665879233,s280.612736997
023_9,s-2.253018655,s2.180226482,s259.878145448
023_10,s2.315192932,s-3.352402382,s347.395014507
023_11,s3.611726067,s3.401581687,s256.063782415
023_12,s-1.547597937,s0.333888262,s326.666619450
023_13,s-2.884959604,s2.851146466,s279.312449675
023_14,s3.692038979,s2.321603541,s61.588853550
023_15,s2.321635967,s2.801655276,s52.321273996
023_16,s1.228888996,s-0.408479362,s1.188938404
023_17,s0.828303406,s1.669369918,s58.656336475
023_18,s-3.732842861,s3.335877180,s55.001638091
023_19,s0.250389522,s-2.000768760,s150.443037797
023_20,s0.444268610,s-1.073789989,s17.473950804
023_21,s0.086340975,s3.372091749,s95.416560825
023_22,s-0.473110241,s1.679529708,s98.896158693
024_0,s0.610178620,s2.630066683,s17.535387251
024_1,s-3.704150381,s-1.838473353,s27.386237034
024_2,s-0.514212459,s-3.326790177,s38.543572740
024_3,s0.127539631,s-1.665431313,s315.748999950
024_4,s3.570340898,s-1.601663577,s315.435637324
024_5,s2.389240351,s-2.759301614,s333.369753691
024_6,s-3.581040028,s2.027827355,s106.551677019
024_7,s2.193476667,s3.547071141,s204.340269742
024_8,s-1.609785088,s1.166883228,s186.873722762
024_9,s-0.373400995,s2.386262254,s253.310143134
024_10,s3.561873336,s1.879827841,s280.728122511
024_11,s0.695880349,s-3.587975747,s159.782238046
024_12,s-3.350932548,s3.153081486,s150.338915253
024_13,s-3.153126971,s-0.506359363,s116.221842443
024_14,s-2.341987974,s-0.136686454,s45.728627171
024_15,s3.527959619,s0.013619349,s316.676668877
024_16,s3.490640541,s3.256165100,s163.159219227
024_17,s2.640664287,s1.192796984,s90.571052854
024_18,s-1.660787514,s3.563148701,s14.205980269
024_19,s-1.276755540,s0.287653197,s255.154597131
024_20,s-3.532576861,s-2.895553860,s301.790647451
024_21,s1.231720679,s3.444830204,s288.828139374
024_22,s1.768560439,s-2.071772971,s232.200744532
024_23,s-0.661057838,s-0.436800159,s122.985702221
025_0,s-2.166686927,s-0.368656457,s46.731312590
025_1,s-3.390658570,s-2.463901958,s296.762924807
025_2,s0.781093771,s3.109511978,s94.099653865
025_3,s-2.677769754,s-3.554114784,s286.099580378
025_4,s3.216226954,s-0.528710443,s319.769010328
025_5,s0.745878214,s1.185309093,s352.598570224
025_6,s-3.576571951,s-1.734884729,s13.916738303
025_7,s2.103334618,s-1.357646218,s195.015214995
025_8,s2.565921171,s2.858296217,s175.512194363
025_9,s-2.278036253,s1.157470007,s322.311607471
025_10,s-0.082177365,s-1.791723061,s38.838917833
025_11,s3.597595001,s-2.398732338,s24.414317525
025_12,s0.978804007,s-0.387177138,s313.302596605
025_13,s-0.685236140,s-0.337603566,s301.015880486
025_14,s0.323587887,s-0.716210596,s293.325149920
025_15,s3.476144528,s2.489505054,s354.007752139
025_16,s1.796547985,s-2.977198878,s166.197304250
025_17,s2.992657413,s1.176331742,s276.840425587
025_18,s-3.135521651,s3.207655568,s47.412411222
025_19,s-2.233496887,s1.948609821,s94.252652058
025_20,s-1.936320146,s3.172949370,s333.740388761
025_21,s-0.398036739,s2.777678470,s3.299461378
025_22,s3.567483025,s3.238219459,s201.309636412
025_23,s2.294593014,s0.369157280,s98.907867225
025_24,s-3.667993219,s-0.184342337,s296.790768212
026_0,s-3.068492146,s2.006170765,s129.564430960
026_1,s-3.587880307,s-3.169272036,s350.873519262
026_2,s2.211914271,s-1.350662838,s279.400147505
026_3,s-2.640640139,s2.769496202,s238.793645500
026_4,s3.579702426,s-2.798935134,s133.896298315
026_5,s2.080357028,s3.475883002,s324.605308322
026_6,s-3.073418436,s0.845515778,s328.322787102
026_7,s-0.495817008,s-3.432607352,s281.650555426
026_8,s-1.817399465,s-0.213277752,s208.081555627
026_9,s0.103189830,s-2.023541068,s162.722823527
026_10,s0.441638340,s0.495072252,s29.897782418
026_11,s0.991860187,s-3.768467510,s222.003421467
026_12,s-3.721751970,s-0.697793861,s250.387924571
026_13,s1.212336239,s2.692514998,s301.639063161
026_14,s2.318182437,s0.263275210,s82.040827041
026_15,s3.732248295,s-0.048081450,s183.774082974
026_16,s0.368352652,s2.129393620,s238.904642968
026_17,s2.345654120,s2.067939453,s295.210319503
026_18,s-2.689088028,s3.777922763,s93.992380529
026_19,s3.794035781,s3.632731707,s116.704988007
026_20,s-0.865012455,s0.514330542,s337.011007700
026_21,s-2.282354748,s-1.485012372,s162.898329361
026_22,s-1.755457611,s3.740825046,s97.385351980
026_23,s1.415241121,s3.608372102,s19.399746825
026_24,s-3.599141626,s3.777922763,s192.483111246
026_25,s-3.812532193,s2.524186513,s320.214794150
027_0,s0.908892469,s3.210383591,s268.757137491
027_1,s-3.223655568,s0.959140989,s69.847717496
027_2,s-0.509110961,s-3.302457110,s94.674940096
027_3,s2.773544311,s0.018934833,s69.570341035
027_4,s-3.425094540,s0.282034160,s303.524616034
027_5,s3.762234017,s1.302994308,s75.403275942
027_6,s-2.223242061,s1.137267175,s13.857957123
027_7,s-1.946768490,s-3.209115585,s337.142350394
027_8,s2.804468514,s3.341172198,s101.883466218
027_9,s0.427992920,s2.308230943,s197.120959181
027_10,s1.883594736,s-2.205837272,s67.639457367
027_11,s2.771519373,s-2.188595641,s135.986403493
027_12,s-2.971612621,s2.171513059,s209.903620846
027_13,s-1.761725613,s-3.824455789,s80.933157067
027_14,s3.237820531,s2.929523125,s95.295526041
027_15,s0.699426070,s0.436949677,s70.540004942
027_16,s2.890720419,s0.975385722,s184.585991060
027_17,s-1.348252055,s1.589432828,s151.492999591
027_18,s-2.986655078,s2.790589582,s51.486560232
027_19,s-1.042756409,s-0.519717294,s98.562432968
027_20,s-1.945300018,s1.366586285,s52.103073914
027_21,s1.998579861,s1.856775281,s279.433014069
027_22,s-1.933163916,s0.331831137,s45.771712721
027_23,s1.760825253,s-0.892169427,s187.557636117
027_24,s-1.341060267,s3.360277683,s158.349258154
027_25,s-3.033165124,s3.297444916,s109.492426496
027_26,s-0.095539499,s3.370083085,s359.936793486
028_0,s-3.237444581,s-2.910639933,s297.635791921
028_1,s-1.129759429,s-0.687561789,s323.637092757
028_2,s-1.047399341,s-3.455510008,s335.675194608
028_3,s3.099110685,s-3.217091774,s299.734941444
028_4,s2.515292471,s-0.971098897,s217.663261408
028_5,s2.323064402,s1.353406040,s305.364674684
028_6,s-2.372194667,s1.818214117,s28.054332438
028_7,s-1.355256466,s2.484703672,s81.984806537
028_8,s-0.231570071,s0.556834038,s64.003810003
028_9,s0.304416293,s3.222570715,s329.223673723
028_10,s-0.969447151,s-2.468640294,s303.275840661
028_11,s3.172098343,s2.442944973,s289.333621856
028_12,s-1.405562204,s3.250606247,s196.179934863
028_13,s-2.143970684,s-1.641627595,s75.812085500
028_14,s0.847986288,s-1.542304324,s126.833060632
028_15,s-0.722995126,s3.180840010,s335.011114688
028_16,s-0.119989709,s-3.142397093,s196.384885981
028_17,s-3.041440641,s2.304565675,s281.222339423
028_18,s-3.178938648,s-1.263762790,s60.102425895
028_19,s-2.290503569,s1.546156900,s134.009860115
028_20,s-3.598981822,s-1.138173501,s155.795008749
028_21,s1.022975088,s1.791626035,s316.771615383
028_22,s-1.145881454,s0.657542526,s35.005294136
028_23,s2.974831524,s3.253328099,s319.258711808
028_24,s-1.375679588,s-1.005807839,s165.153632672
028_25,s1.005167316,s3.074470869,s279.275958899
028_26,s-1.924413962,s3.196935626,s178.567054284
028_27,s2.072132872,s3.015743029,s353.748642586
029_0,s-2.993169864,s-3.577668486,s54.550278707
029_1,s1.948095026,s-0.892115684,s229.003640584
029_2,s3.415155155,s-1.429347417,s164.287893103
029_3,s-0.883061247,s-0.779935532,s52.606366609
029_4,s2.942396296,s0.533382965,s284.739756868
029_5,s-0.092378742,s-2.095764554,s322.286588717
029_6,s-2.085362144,s0.463363893,s356.253636952
029_7,s-3.721302791,s-0.130098981,s150.081089468
029_8,s3.402750658,s2.090173065,s150.458518006
029_9,s1.521836888,s2.838291146,s306.455375189
029_10,s2.237133090,s-3.709037397,s130.782317924
029_11,s2.674035360,s3.478829797,s294.951468436
029_12,s-2.084663548,s-3.159311616,s223.767976155
029_13,s-0.586214832,s0.706041135,s177.049788694
029_14,s0.470530857,s-0.997672757,s63.766624542
029_15,s-3.475799190,s1.657232873,s342.787504967
029_16,s-1.045221642,s-3.354812257,s302.543680764
029_17,s-0.275450108,s-0.026552702,s236.399987079
029_18,s-1.499198241,s2.707187359,s308.190414683
029_19,s-2.209680268,s1.650124784,s22.950669286
029_20,s0.203368647,s3.372780340,s2.856119721
029_21,s2.716322910,s2.560320040,s70.852544911
029_22,s2.116557056,s-0.586685251,s104.958951460
029_23,s3.393017719,s3.358626877,s245.385423342
029_24,s-3.712481275,s3.443552315,s350.078023804
029_25,s-2.875358875,s-0.028213994,s329.523312973
029_26,s-0.050940397,s3.354167491,s286.686195832
029_27,s0.347891947,s0.087461784,s293.673943896
029_28,s1.490433182,s0.841725311,s239.450794622
030_0,s-3.133571627,s-0.473409705,s32.250424639
030_1,s-2.618359537,s-3.573641098,s217.549388569
030_2,s2.212069782,s-1.225043043,s298.600434886
030_3,s3.409511020,s-3.622527309,s353.568435350
030_4,s-0.173753561,s-1.837275966,s17.342602063
030_5,s-2.448794192,s1.871550480,s112.111485907
030_6,s-2.507083250,s-1.908202809,s67.253714585
030_7,s-0.742942127,s1.075858259,s135.769790565
030_8,s1.006436383,s-2.818275508,s88.112362419
030_9,s1.010086597,s0.953702179,s45.870573809
030_10,s2.139854461,s3.347599187,s116.623508210
030_11,s3.343044437,s2.580699090,s286.137958621
030_12,s-0.695116483,s-0.073267809,s140.198871308
030_13,s-1.938505005,s3.269607146,s117.848883629
030_14,s1.035626791,s3.368381882,s161.177168657
030_15,s0.589671537,s2.292559318,s66.622198320
030_16,s-0.562372612,s1.607417147,s308.031214129
030_17,s2.963659186,s-2.279839449,s330.465535498
030_18,s-2.873478513,s0.519101316,s161.487030473
030_19,s0.070868551,s3.359917105,s269.521764000
030_20,s1.854181994,s-0.393121289,s353.016691043
030_21,s3.027365215,s-0.918611267,s289.914977597
030_22,s2.470719084,s0.359797544,s28.951318000
030_23,s1.228588258,s2.429539990,s99.448620414
030_24,s-3.094167894,s3.412106491,s354.124430280
030_25,s-3.363238989,s1.923701320,s69.285092663
030_26,s2.197757083,s2.756793156,s287.629398645
030_27,s0.255995510,s-1.608743548,s73.404954355
030_28,s-2.367066152,s2.453955996,s284.786035986
030_29,s-1.353791042,s1.947157018,s44.119663848
031_0,s1.385224741,s1.686864942,s38.589884878
031_1,s-3.340277704,s0.706487278,s102.767665056
031_2,s-3.764574499,s-0.969165681,s162.213047250
031_3,s-0.857006350,s-3.593207179,s99.827918267
031_4,s1.451721249,s-0.648365221,s161.539545784
031_5,s3.235520942,s0.707150848,s240.166290053
031_6,s-2.234054656,s1.863787252,s184.348909407
031_7,s0.449074427,s-2.079812263,s352.582304793
031_8,s2.376223343,s2.669601483,s13.777226420
031_9,s2.510776479,s-1.383314190,s153.041153542
031_10,s-0.984884578,s1.331150222,s185.899336503
031_11,s-2.446084343,s-3.266492705,s120.343188730
031_12,s-0.578047472,s3.155517967,s270.916139460
031_13,s-3.465629078,s1.689027493,s44.810989686
031_14,s-1.994903795,s-0.627265527,s52.581949301
031_15,s-2.799237473,s0.164438673,s184.821102478
031_16,s2.106405318,s3.282397776,s34.956090480
031_17,s2.986763816,s3.332380601,s142.318969376
031_18,s-2.864774345,s-2.319713179,s168.304837588
031_19,s-3.778341900,s3.252049977,s244.366712543
031_20,s2.549588938,s1.099312753,s259.943302633
031_21,s-0.431885383,s-0.589347824,s310.572368179
031_22,s3.572198931,s1.799098078,s18.402339388
031_23,s3.842939293,s2.939613617,s37.531148502
031_24,s-1.003159281,s-0.492460180,s101.715733339
031_25,s-1.793716432,s3.000412696,s72.930011788
031_26,s-1.700568295,s1.553412623,s282.830529436
031_27,s0.876545604,s-3.171510432,s29.520537738
031_28,s2.994179272,s2.218329299,s261.689301295
031_29,s0.102232328,s1.779318163,s130.796412914
031_30,s0.701005241,s2.612921434,s355.487837135
032_0,s-2.481219646,s-1.253123419,s77.927087756
032_1,s3.351699541,s1.929316599,s191.954676749
032_2,s-0.209171829,s-3.322742971,s327.969791775
032_3,s-1.295908958,s-3.242791300,s242.239616666
032_4,s1.728803713,s0.428176646,s41.293082242
032_5,s-1.626786249,s0.712074083,s249.754083568
032_6,s-1.526051329,s2.042610738,s9.516733735
032_7,s-3.035648014,s1.317025824,s274.834416005
032_8,s-3.199502908,s3.519976638,s114.749955107
032_9,s-1.807045662,s-3.237087291,s272.174717436
032_10,s-1.896147691,s3.606226747,s166.678247176
032_11,s2.047368345,s-0.320003424,s292.845111499
032_12,s-2.569987603,s2.329476343,s245.552590895
032_13,s1.575666283,s-1.999026671,s236.931140026
032_14,s-3.365849644,s-2.179632189,s80.223241265
032_15,s-0.503166944,s0.266625281,s319.334340355
032_16,s3.308196290,s0.311505382,s259.390596057
032_17,s3.363029509,s-0.599011401,s261.494639073
032_18,s-3.515600627,s1.894065041,s306.110133002
032_19,s0.994213040,s3.582607863,s126.880712653
032_20,s1.493877342,s2.060761799,s319.102484405
032_21,s0.507394018,s-2.189811300,s171.175537081
032_22,s-0.668294984,s-0.307793333,s223.317217818
032_23,s3.330611508,s2.522080410,s167.461429041
032_24,s-1.577558711,s-1.741759168,s285.384997596
032_25,s0.325322627,s-0.180049056,s237.110169407
032_26,s2.618837895,s0.927837921,s80.679793811
032_27,s0.096423422,s0.590371137,s229.510366663
032_28,s1.440121915,s-3.101116723,s211.783947901
032_29,s-3.620941408,s-3.149313192,s184.203331207
032_30,s0.067129658,s3.634350534,s243.347711501
032_31,s3.167050139,s3.385173897,s299.862353771
033_0,s-3.810561579,s-2.354133701,s253.107846542
033_1,s-2.272110154,s1.724924512,s10.540625596
033_2,s-2.303793971,s0.814596323,s239.880610646
033_3,s-2.458266952,s-3.314261544,s334.835297465
033_4,s4.226999715,s2.504186145,s337.897900361
033_5,s0.849333368,s-1.718704793,s203.339625588
033_6,s3.274774266,s-1.982272208,s262.561731037
033_7,s0.646918640,s1.344582528,s81.379592109
033_8,s1.382456589,s1.957008044,s216.813201891
033_9,s4.122510348,s-3.682391893,s172.141195879
033_10,s-0.273599672,s0.121529463,s222.722240573
033_11,s1.220172343,s0.095575870,s204.992025007
033_12,s3.381303989,s3.297148958,s151.995674050
033_13,s2.959178893,s0.453065179,s34.703230575
033_14,s-1.043244575,s0.737082458,s65.266208260
033_15,s-3.312403092,s2.568058235,s113.937107920
033_16,s-1.612953304,s0.155888347,s180.530343208
033_17,s1.849696224,s0.754904532,s122.930774051
033_18,s-1.408955493,s-0.801860146,s252.759976672
033_19,s-1.458382189,s3.744162056,s157.339785279
033_20,s4.037939061,s1.058939192,s65.643509851
033_21,s4.255093300,s0.199361255,s5.480500808
033_22,s-3.894209123,s2.567832016,s62.449722545
033_23,s-3.780261757,s3.746608264,s48.718100788
033_24,s0.724958105,s-3.746550986,s72.765399141
033_25,s3.884639421,s3.727711540,s154.849999723
033_26,s-0.469187903,s2.798044497,s81.514773870
033_27,s1.258705948,s3.605235200,s269.237212740
033_28,s-2.007972415,s3.218824477,s349.379153912
033_29,s1.954562637,s3.093876446,s72.000221430
033_30,s-2.572065468,s-2.325690092,s4.715634939
033_31,s-2.469605200,s3.758687006,s333.539163081
033_32,s2.505587561,s-1.048248844,s106.711647293
034_0,s-1.899443504,s-3.058290194,s88.764289751
034_1,s0.719297936,s-0.194950514,s105.933607936
034_2,s4.057592363,s-1.641757258,s116.939272188
034_3,s1.503989991,s-1.697153737,s115.467301763
034_4,s-2.478748288,s-1.847460003,s211.765600660
034_5,s3.997264360,s3.194502127,s63.631765160
034_6,s3.430247763,s-1.938149305,s103.175408069
034_7,s-3.937425753,s-1.618951421,s192.760766519
034_8,s3.009149032,s-1.128943586,s43.337884635
034_9,s-3.541143370,s0.820352011,s207.621853866
034_10,s1.140808106,s3.054239477,s338.243298303
034_11,s-1.641132009,s1.448213924,s40.668567570
034_12,s2.815791459,s-0.034379913,s151.017149217
034_13,s3.584603835,s-4.328219173,s23.248439007
034_14,s-3.056536720,s0.095529460,s189.354624910
034_15,s-3.278164050,s-2.266217318,s203.312416312
034_16,s-3.984918425,s1.694471798,s179.937342232
034_17,s4.008215398,s-0.495803039,s201.022979599
034_18,s0.212413449,s2.714075654,s203.814035684
034_19,s0.605547675,s3.751884366,s341.161078799
034_20,s-0.461021676,s1.326917373,s345.720565417
034_21,s-3.109014707,s2.171926564,s326.985277023
034_22,s1.698126588,s0.356315390,s240.890166065
034_23,s-2.633134210,s-0.382255592,s271.668135666
034_24,s-2.209720956,s3.461737435,s234.873937313
034_25,s3.845472241,s1.617795543,s326.558558560
034_26,s-0.581707369,s3.778755557,s283.383351442
034_27,s3.365638472,s3.844252932,s126.107903877
034_28,s-3.724399696,s3.834765339,s143.932834739
034_29,s-0.927218008,s-1.667554967,s179.986655035
034_30,s-1.405868572,s-1.187432635,s193.020148057
034_31,s2.443628659,s1.924405255,s158.934569909
034_32,s-1.728472571,s3.757972563,s11.617541021
034_33,s2.531405761,s3.866528448,s317.057416209
035_0,s-2.066035271,s-3.650557253,s297.430492242
035_1,s3.360208899,s4.080828413,s266.333169471
035_2,s0.141866660,s-3.698021790,s101.476560996
035_3,s-3.943367774,s-1.632449869,s153.224105337
035_4,s-2.815582925,s-2.080072393,s182.181892342
035_5,s-3.127801961,s-1.095335702,s144.544431482
035_6,s3.903918546,s-1.716433223,s333.238960665
035_7,s-3.938532963,s-3.091525077,s2.562203912
035_8,s1.631887138,s-1.306483887,s357.439832425
035_9,s-0.319807654,s1.453510663,s281.889331342
035_10,s-0.383330795,s-0.161977018,s23.010278537
035_11,s1.197233559,s3.757746560,s190.114918930
035_12,s0.266697521,s0.458848268,s272.792818812
035_13,s3.208188046,s0.438548251,s181.726787861
035_14,s-1.866407114,s-0.289282750,s354.879504107
035_15,s-4.279285923,s0.189757080,s262.174669849
035_16,s3.105878413,s-2.526697703,s12.807614203
035_17,s-1.882753481,s-1.949040108,s204.618617878
035_18,s2.415792562,s-1.248262758,s294.060925794
035_19,s0.867386377,s-3.726498177,s190.086832915
035_20,s3.346869100,s3.031374174,s36.017428587
035_21,s-3.746297199,s2.967272156,s355.871982043
035_22,s-0.278065000,s3.008303753,s122.908690318
035_23,s1.426404019,s3.055664129,s225.623630930
035_24,s0.065461701,s3.806136964,s34.001751510
035_25,s3.587397832,s2.469167253,s27.554959040
035_26,s-2.408661116,s3.824332368,s179.875268764
035_27,s2.216306612,s2.112593954,s8.625882337
035_28,s-1.264589563,s4.101876311,s301.018899346
035_29,s0.409103721,s3.228999775,s323.884948616
035_30,s-3.874221254,s3.948034200,s139.024728584
035_31,s1.649434817,s1.132801262,s355.652015260
035_32,s3.928597887,s3.891689487,s315.669483145
035_33,s2.179896091,s3.247999495,s18.355073862
035_34,s-3.037735037,s0.534036392,s26.851397636
036_0,s-0.927841053,s-0.976743247,s225.484011311
036_1,s-2.423842674,s-0.903334671,s282.367624613
036_2,s-3.927559912,s0.099627598,s173.129740804
036_3,s-3.868090217,s3.755082726,s62.927642008
036_4,s1.618964395,s2.648349387,s131.513161297
036_5,s-2.519051121,s-3.197551956,s152.242673692
036_6,s2.640357762,s-0.453552693,s138.368053194
036_7,s-3.935285727,s1.143658857,s148.083865934
036_8,s2.294342511,s-1.519513007,s316.372884723
036_9,s2.634714862,s-3.392926334,s303.670514486
036_10,s-0.569125114,s-1.673983728,s322.381967254
036_11,s-0.488529166,s-2.848987701,s49.532187610
036_12,s1.669465138,s1.569639631,s321.966286529
036_13,s3.868253009,s-1.764690614,s242.902035211
036_14,s-3.965992965,s-0.746232841,s291.430149521
036_15,s-3.159195515,s-3.901408607,s263.304151746
036_16,s-3.695193824,s-1.456157629,s45.535452305
036_17,s-0.167637717,s2.700720945,s168.658561029
036_18,s3.732475589,s0.947571674,s75.787776301
036_19,s3.199595929,s2.050001542,s42.401217582
036_20,s-0.515850644,s2.025236630,s138.469672673
036_21,s-3.156327584,s2.009118360,s70.472704332
036_22,s-1.443430125,s2.601278272,s325.798682062
036_23,s1.241914084,s3.610357219,s255.775729407
036_24,s-1.433103546,s3.147892447,s30.560479337
036_25,s3.774688986,s-1.193534080,s17.770606018
036_26,s-1.461340991,s0.037351329,s176.616302845
036_27,s-0.206373677,s-3.917529264,s151.573212033
036_28,s-3.666326900,s1.852432465,s267.118249297
036_29,s-3.387301048,s3.821978340,s357.269621503
036_30,s2.316271528,s1.011971374,s225.344575290
036_31,s-2.925684166,s3.828901822,s173.760066678
036_32,s-0.425959110,s0.874811615,s148.300925741
036_33,s3.530064218,s3.811922686,s1.409014744
036_34,s3.969462505,s2.614063209,s71.448294111
036_35,s1.124016524,s-0.003628232,s78.899528023
037_0,s-4.072680882,s-3.061535036,s18.036159508
037_1,s3.783127734,s-2.482854493,s354.032987158
037_2,s-0.757892759,s1.011766456,s94.120695915
037_3,s3.524697894,s1.505964162,s223.974771002
037_4,s4.136679077,s-1.007664058,s109.828981102
037_5,s-3.409637018,s-4.105110091,s355.391532080
037_6,s-0.767563159,s-2.057453521,s307.827361948
037_7,s-1.492275017,s-0.887744433,s156.110398508
037_8,s2.147277605,s-3.117801125,s351.500999579
037_9,s1.218044654,s3.025690934,s3.959276142
037_10,s-1.725142996,s3.026812259,s310.770430666
037_11,s1.136092853,s-3.569898502,s349.793536243
037_12,s2.783409992,s3.583076914,s272.805691751
037_13,s0.433152196,s-3.379679664,s190.970058365
037_14,s-0.640553950,s-1.682966848,s155.825832484
037_15,s-4.170886451,s1.257925399,s165.697124994
037_16,s-4.201259780,s-0.951340426,s246.098445946
037_17,s-0.812670822,s2.651100033,s357.063824025
037_18,s3.387864021,s0.129618438,s40.281993059
037_19,s3.648921604,s2.088852407,s105.917830616
037_20,s2.264286494,s-1.849863854,s165.585844990
037_21,s1.609080023,s2.394680878,s289.072653908
037_22,s-3.764863237,s2.544760241,s97.875675183
037_23,s1.569549685,s-0.671586137,s331.859419092
037_24,s-3.025286334,s0.654751293,s299.031374715
037_25,s-3.138719656,s-0.633846096,s315.593103727
037_26,s3.324079071,s3.385011765,s348.310304600
037_27,s4.160274361,s-4.294560969,s351.992348481
037_28,s-0.437805386,s-3.604260799,s151.656280666
037_29,s-1.945375510,s3.768692049,s295.285922251
037_30,s-1.298900315,s3.452786969,s158.845374810
037_31,s0.444107245,s3.727974877,s86.235653478
037_32,s4.229004929,s2.920502680,s339.724248577
037_33,s3.827132131,s3.795052674,s27.747541847
037_34,s2.387510783,s2.289567786,s126.525328167
037_35,s-3.995075204,s3.735938989,s252.553810971
037_36,s-2.222421148,s3.293134115,s19.102189199
038_0,s-1.067658427,s0.302304244,s224.709272377
038_1,s-3.172422918,s-2.154765762,s248.851803456
038_2,s-0.881869717,s-1.379598753,s166.153852303
038_3,s2.440319109,s-2.578620223,s256.120306335
038_4,s0.398633844,s-1.828926767,s135.397859625
038_5,s-1.156804323,s2.627896016,s70.272834273
038_6,s3.724232668,s-2.573304100,s235.329358696
038_7,s-0.125983551,s3.756819132,s245.287838178
038_8,s1.244671846,s0.438428982,s306.338868228
038_9,s-3.786542873,s1.286774751,s88.445628309
038_10,s1.976514197,s3.177455221,s110.412052293
038_11,s3.928083424,s2.090276255,s47.937605486
038_12,s4.237611481,s3.959815031,s5.058125012
038_13,s3.884144257,s-3.607501055,s306.628970618
038_14,s-3.786937254,s-1.869328607,s46.004644726
038_15,s-3.047129730,s3.937863629,s50.475626700
038_16,s-3.894143552,s-1.077859528,s59.600738346
038_17,s-0.779819146,s-4.099637127,s145.217968264
038_18,s4.160768655,s-0.931285121,s47.008221980
038_19,s-0.301647058,s1.670606541,s1.843492735
038_20,s2.085635623,s-1.937405336,s351.753994794
038_21,s4.024699790,s2.876936852,s343.717590781
038_22,s0.083847553,s3.958606159,s333.153120874
038_23,s0.768557378,s2.047511051,s124.489736754
038_24,s2.302049929,s0.024887865,s240.611802851
038_25,s0.811105892,s3.477888801,s249.142246850
038_26,s3.335765240,s3.425615247,s270.220821856
038_27,s-0.814335220,s1.744160856,s28.582305740
038_28,s-3.382420776,s1.993843533,s87.995891427
038_29,s-0.438821929,s-0.620718072,s195.219994101
038_30,s-3.910751255,s2.532445015,s321.408518669
038_31,s-2.955041743,s0.673895903,s156.973087484
038_32,s0.934685626,s3.814802332,s218.333807429
038_33,s-0.701397711,s0.592073063,s325.656937894
038_34,s3.895476047,s-0.132773367,s21.801702932
038_35,s-2.997355213,s3.579401065,s213.014422653
038_36,s0.914007103,s2.683108634,s157.779684519
038_37,s-2.190865351,s-0.697253342,s119.325770911
039_0,s-2.404190918,s-1.011528590,s339.781964407
039_1,s-3.811278574,s-1.317331741,s23.882598606
039_2,s-1.802084864,s0.048270838,s2.091004069
039_3,s-0.357769444,s-3.526181188,s337.761491134
039_4,s-1.360470591,s-2.931195159,s220.104607381
039_5,s0.132693940,s2.826526779,s23.804621433
039_6,s1.367918338,s-3.613318070,s44.295842469
039_7,s-1.111564520,s2.009094375,s47.738410227
039_8,s-1.758397359,s-1.451248508,s18.239459606
039_9,s-0.983809449,s-0.391435908,s225.809583801
039_10,s1.110033046,s2.323716150,s329.096641715
039_11,s3.864843030,s0.273609161,s146.935686733
039_12,s3.287923033,s-1.997459313,s208.106238362
039_13,s0.663045214,s-0.232783600,s298.406454469
039_14,s-3.820948800,s1.603307693,s75.772839905
039_15,s-3.843548066,s2.070311104,s347.474303443
039_16,s-1.627233701,s1.346129302,s332.905521980
039_17,s-1.247899105,s-1.680023037,s281.721172823
039_18,s3.951044667,s-0.728260371,s306.224361236
039_19,s-0.432813851,s1.299259961,s321.244423231
039_20,s-2.738631895,s-3.792252624,s90.956543622
039_21,s-2.978719529,s3.606077919,s159.427830361
039_22,s-1.962780967,s3.693779989,s244.427882647
039_23,s-3.528432148,s-2.467257331,s15.786608640
039_24,s-1.203000183,s2.758536387,s283.490435793
039_25,s-3.334456747,s-0.220894125,s1.292783467
039_26,s1.884445182,s1.953898468,s133.600421781
039_27,s-2.040221109,s3.071501640,s15.332533608
039_28,s-3.803305917,s0.869849817,s19.011683055
039_29,s1.497849189,s-0.872129676,s141.319184674
039_30,s3.760721462,s2.269011880,s120.248665953
039_31,s2.734061315,s-3.127788337,s142.041099169
039_32,s2.933346220,s3.299455791,s61.897583319
039_33,s3.282335237,s-3.900041937,s322.050379147
039_34,s3.919786124,s3.667170596,s53.573466412
039_35,s1.201200688,s3.656928735,s209.613008812
039_36,s-0.842940687,s3.609973526,s86.364281588
039_37,s2.768427768,s-0.094937831,s82.659450043
039_38,s2.103640657,s1.076582738,s56.989062690
040_0,s-2.019987623,s-3.954672093,s199.514578610
040_1,s-4.075240705,s-2.939233458,s262.065632548
040_2,s2.941580915,s-3.385433083,s99.583790837
040_3,s-0.074677356,s0.830786493,s286.234740319
040_4,s1.143147911,s-3.532094430,s249.206724984
040_5,s-0.781506906,s1.680921284,s331.318126005
040_6,s-3.630880542,s-3.682342843,s70.873060437
040_7,s-3.907905755,s0.248831704,s339.571290835
040_8,s-1.004329821,s-0.039256933,s354.114407543
040_9,s-4.065996026,s-0.063104311,s270.977694894
040_10,s-0.786373235,s-0.421225040,s321.618692408
040_11,s-3.965099199,s-1.726454413,s242.670963551
040_12,s3.923200111,s-1.837711350,s226.034490916
040_13,s3.435982525,s0.072539167,s151.995343156
040_14,s-4.147113495,s1.515426041,s119.260995734
040_15,s-2.426897091,s-0.942159249,s119.757209359
040_16,s-3.363590767,s-0.475898783,s11.576794427
040_17,s0.122627906,s1.775399669,s239.089770843
040_18,s1.367913475,s-2.559310499,s219.621496888
040_19,s-0.333048070,s-3.667828659,s181.637273230
040_20,s4.028892386,s1.475833171,s44.000027071
040_21,s-3.026244258,s1.220620035,s207.398762071
040_22,s-1.120413495,s2.958388323,s88.093768209
040_23,s-4.119540634,s3.819943245,s138.032092905
040_24,s-3.768581775,s0.110246834,s335.346952464
040_25,s4.131333628,s3.811251885,s243.141760439
040_26,s1.598611710,s2.608733899,s185.789192901
040_27,s1.860441775,s3.354612851,s127.969984875
040_28,s-1.653497378,s3.994781190,s59.105669530
040_29,s2.763709885,s3.871990302,s99.762194612
040_30,s1.586451031,s1.404914327,s31.204650336
040_31,s3.074349485,s0.829001599,s266.466960406
040_32,s0.528090461,s3.965324446,s21.683178672
040_33,s-0.278730750,s-1.868686275,s64.985595648
040_34,s-2.601350530,s0.304590860,s156.057000322
040_35,s2.105438286,s-0.345882726,s195.379151626
040_36,s-1.407222942,s2.514067154,s186.522409435
040_37,s2.150636660,s1.981181608,s171.369097809
040_38,s-3.401517946,s3.482055676,s121.033610045
040_39,s3.033362211,s3.934871864,s140.741278352
041_0,s-4.061510732,s-3.272338787,s332.874698120
041_1,s0.700938543,s-4.089247274,s3.078272870
041_2,s0.269694600,s-2.042611457,s337.501740371
041_3,s-1.132081072,s2.892579603,s16.501099309
041_4,s-1.366051996,s-0.247598527,s16.180380650
041_5,s3.079098193,s-4.232174926,s119.360599216
041_6,s3.877810832,s-3.006043139,s8.805943535
041_7,s-3.970231451,s1.405427113,s179.231453291
041_8,s-2.809385170,s1.227135344,s167.440575697
041_9,s2.741864238,s-2.511462226,s323.232746563
041_10,s3.513959450,s-0.021290887,s248.973157228
041_11,s2.268118879,s-3.574091242,s350.065634110
041_12,s1.949191077,s2.310353489,s42.666632399
041_13,s3.766113864,s1.415881612,s150.574934017
041_14,s-3.743650278,s-1.260187048,s262.499270051
041_15,s-3.514409749,s-3.845664243,s278.488169862
041_16,s-1.482832916,s3.882133963,s338.102992172
041_17,s-2.160372907,s3.149271110,s309.957858619
041_18,s-0.990754240,s3.685495494,s81.520897534
041_19,s0.417126218,s3.891560474,s264.715128543
041_20,s-2.644644737,s2.378428513,s215.286618429
041_21,s-3.741094608,s1.081575301,s1.152399471
041_22,s3.753691463,s3.591381275,s160.516292213
041_23,s0.949599012,s3.595752820,s109.543438456
041_24,s-2.618339366,s-1.204624844,s300.493181154
041_25,s2.350018138,s2.149826001,s34.596498716
041_26,s4.039414148,s2.195047381,s197.608718624
041_27,s3.096595596,s-1.194460911,s340.000338086
041_28,s-1.950425873,s0.314488310,s64.333204383
041_29,s-0.097651997,s2.423644206,s24.946555861
041_30,s1.073119031,s-2.262851496,s349.628074344
041_31,s-3.498108183,s3.031379889,s33.192805452
041_32,s-4.048776666,s-0.494588384,s288.298504595
041_33,s1.831042057,s-1.273053287,s57.149387184
041_34,s-2.251752216,s-1.028180930,s9.968429105
041_35,s2.042564479,s1.186809232,s37.509588297
041_36,s-3.134968670,s3.272905336,s76.828470015
041_37,s2.299596347,s3.859333867,s224.858620701
041_38,s-3.240720680,s3.874263843,s212.330301996
041_39,s0.533255829,s-1.162228691,s142.006816102
041_40,s1.659753948,s3.698149484,s255.955338415
042_0,s-2.031958742,s-1.075894639,s60.619821407
042_1,s-2.301668407,s-1.798891933,s43.438783874
042_2,s0.520266639,s-2.032388478,s355.231834388
042_3,s-3.904167841,s0.946897717,s72.087688950
042_4,s2.146046116,s2.450760799,s290.846295363
042_5,s3.962713072,s-1.500105644,s29.308757590
042_6,s4.191272497,s-4.186184026,s152.794650406
042_7,s-2.556471465,s0.610906215,s176.292048238
042_8,s-1.993912737,s3.150781617,s109.749187611
042_9,s-3.839154607,s3.065662127,s25.150192577
042_10,s2.693035720,s-4.183704780,s343.988016821
042_11,s2.033337157,s-0.140282802,s234.487309850
042_12,s-2.536705903,s-3.526096441,s143.580798274
042_13,s1.250380796,s3.542975996,s10.797914170
042_14,s-3.868889316,s2.056240948,s65.439122831
042_15,s-0.933436244,s-1.295001607,s71.428585186
042_16,s-3.485050353,s0.394988600,s277.550124949
042_17,s3.076177338,s-0.735088830,s256.796733993
042_18,s-3.866076641,s-0.073111350,s62.194365975
042_19,s-2.830613436,s2.136056797,s132.040504564
042_20,s4.362790864,s0.104585639,s30.166310073
042_21,s-0.296365387,s1.923153703,s188.666705324
042_22,s0.275331175,s2.366262975,s285.517934120
042_23,s-3.929405739,s-3.495368821,s152.900065145
042_24,s-0.754648894,s-3.799968490,s293.893896942
042_25,s2.967190768,s1.883504718,s71.107779302
042_26,s3.396169115,s4.116313905,s12.389572402
042_27,s4.285065600,s1.574713943,s135.586136361
042_28,s1.697780659,s-0.735533688,s29.391099062
042_29,s0.717111400,s3.796331320,s162.566910958
042_30,s2.396842317,s3.931563053,s222.562021722
042_31,s-3.476167395,s3.858362716,s219.892388227
042_32,s2.829216208,s-1.740054622,s246.236668785
042_33,s-1.186040247,s0.547076972,s64.608382904
042_34,s3.577487756,s0.357260345,s170.368811547
042_35,s-1.688066090,s4.075619907,s294.438103791
042_36,s-0.212961857,s0.941564892,s347.313636573
042_37,s0.993312627,s0.923713884,s153.198995559
042_38,s2.484823364,s3.541374899,s111.596924861
042_39,s-0.741358675,s4.126175035,s176.043736245
042_40,s3.765684188,s3.187344218,s178.152113933
042_41,s4.199208969,s4.120801963,s178.473369003
043_0,s-2.200989446,s-0.394098485,s328.242684540
043_1,s-3.754195537,s-3.985017579,s200.306743437
043_2,s2.248342558,s-3.884045982,s40.228355941
043_3,s2.068764228,s-2.348802509,s237.623954252
043_4,s3.803273790,s0.464802989,s226.271367275
043_5,s-2.932875138,s0.809541968,s300.662835838
043_6,s3.670192722,s-0.332743007,s108.870428178
043_7,s-1.464152608,s-0.981734617,s157.662357324
043_8,s0.065763374,s-3.737237768,s189.133189993
043_9,s-4.078710116,s-2.570292271,s337.515354032
043_10,s1.523812601,s-0.579448373,s184.239653819
043_11,s-2.088861104,s-2.586754011,s319.489321666
043_12,s-0.584064035,s1.879472808,s145.379387284
043_13,s-0.060492545,s1.183523984,s51.029419888
043_14,s-3.819502315,s3.959648992,s107.029088075
043_15,s-1.244293728,s3.942569712,s81.697275316
043_16,s0.123673739,s0.266660950,s259.464316510
043_17,s-1.916938385,s-3.314361805,s241.195349933
043_18,s3.438453226,s2.043386970,s76.946845361
043_19,s1.583169486,s3.123559979,s329.326375973
043_20,s2.374511535,s-0.088561646,s74.394574355
043_21,s-2.050954979,s1.810426520,s50.403613124
043_22,s-0.739151549,s-0.498441480,s47.988746893
043_23,s2.861680695,s3.965007352,s104.012813687
043_24,s-2.333058509,s4.021256107,s333.195440498
043_25,s-3.719605153,s1.508319516,s42.533176776
043_26,s2.883360510,s0.741973385,s273.665443343
043_27,s3.104985870,s2.864767244,s146.725758969
043_28,s0.476697108,s1.786700835,s277.952141584
043_29,s3.499306246,s3.102251546,s214.084172602
043_30,s2.572183136,s1.683823310,s345.720391607
043_31,s-4.190218498,s3.655178326,s216.078089752
043_32,s0.020911283,s4.044709464,s126.985357580
043_33,s3.842683961,s-3.767003718,s243.395897363
043_34,s-2.972067552,s-1.630783784,s133.799545136
043_35,s-1.004348654,s1.267747607,s103.008071453
043_36,s-3.080344200,s3.990878906,s58.070967612
043_37,s1.199679817,s3.499550037,s357.604331648
043_38,s1.775986940,s-1.971316284,s197.841860151
043_39,s0.601441167,s-0.874518270,s32.247041490
043_40,s0.442895085,s3.317121050,s2.698567979
043_41,s3.786472752,s4.019122904,s265.901900651
043_42,s-4.079034777,s0.667221273,s212.118499486
044_0,s-2.618310104,s-3.642345166,s272.371896327
044_1,s-3.623784468,s-3.901237111,s249.525345542
044_2,s-2.980127806,s0.254632616,s61.651969312
044_3,s1.354042014,s0.294964760,s327.678369832
044_4,s-0.345121845,s-1.319975988,s293.396230601
044_5,s0.224266327,s-3.529073258,s188.753620049
044_6,s4.351942189,s-1.958271841,s108.291946847
044_7,s-1.487162895,s3.076950568,s100.426680266
044_8,s0.979566103,s-1.583932289,s316.018198590
044_9,s0.210870595,s1.865599528,s252.019398181
044_10,s2.184508959,s1.827151897,s168.188750786
044_11,s0.266130313,s3.696064076,s108.589793728
044_12,s-2.268910973,s-1.985191282,s157.663100755
044_13,s4.274244112,s-3.698168397,s90.471143112
044_14,s2.977490712,s-2.946427373,s132.279491307
044_15,s-1.168593039,s-3.004495348,s189.233658601
044_16,s-2.540239554,s2.229822898,s80.072390152
044_17,s-3.411060977,s3.877135261,s130.983797052
044_18,s-3.354758542,s2.136827457,s248.448908000
044_19,s-2.635756545,s2.625572303,s259.522503927
044_20,s1.442829707,s-1.526029979,s320.044478581
044_21,s2.557581005,s0.691038671,s38.987823906
044_22,s-1.344394082,s-3.767979311,s226.124457413
044_23,s3.341219791,s1.766789041,s273.694049427
044_24,s1.000541416,s3.777768160,s212.440715498
044_25,s3.954489440,s0.873637199,s184.115043523
044_26,s4.273599796,s2.654990425,s63.534972803
044_27,s-0.306841742,s1.217070097,s98.560812418
044_28,s-3.309239816,s-2.601142306,s168.276913452
044_29,s-3.676558097,s3.861560828,s203.787427976
044_30,s-4.012477573,s-0.554032294,s217.259175121
044_31,s-0.961209650,s0.224327552,s273.471037480
044_32,s2.783455903,s3.828225836,s211.772382714
044_33,s4.420656288,s3.161290416,s4.464405816
044_34,s3.825959798,s-0.331597510,s104.558423807
044_35,s-4.046265024,s3.326253297,s40.554924901
044_36,s-2.174908933,s3.943441911,s88.988694897
044_37,s2.382235306,s3.974576145,s263.688348534
044_38,s2.357039819,s3.116351112,s249.501045886
044_39,s4.004898219,s3.943122135,s145.825607895
044_40,s1.488993036,s3.095880040,s63.510047202
044_41,s3.099012795,s-1.621509766,s60.075730373
044_42,s-3.970916994,s2.083579401,s86.704855648
044_43,s-1.685414070,s0.488106014,s156.394165459
045_0,s-4.276179558,s1.143632943,s299.019088700
045_1,s-2.777753272,s-0.466080260,s159.064343000
045_2,s-4.138401099,s1.756473946,s349.067461539
045_3,s3.439236340,s-3.614618708,s311.717779869
045_4,s3.577936699,s1.158811113,s334.027867010
045_5,s-0.151266382,s-4.335460182,s194.246940388
045_6,s2.376308706,s-1.927283834,s155.277854141
045_7,s1.163290541,s-2.352111841,s149.237834447
045_8,s-1.022233608,s-0.314248735,s202.393078471
045_9,s-1.780782029,s0.185142395,s147.222200420
045_10,s-1.652212330,s-0.600105632,s357.377432899
045_11,s-0.375987600,s-0.942486162,s341.845134934
045_12,s3.674950432,s-0.910893303,s282.882350039
045_13,s-1.738667804,s-3.527370839,s66.185821582
045_14,s2.372589314,s1.909805772,s118.744966224
045_15,s3.858896473,s-4.431627576,s327.669149993
045_16,s-3.489840142,s-2.903415137,s179.285543725
045_17,s-3.025619501,s4.077710192,s294.729488463
045_18,s-0.550196157,s2.605366355,s104.510133452
045_19,s0.578085376,s4.156758059,s124.887892756
045_20,s-4.050381809,s3.056398933,s93.126748408
045_21,s1.325251431,s-1.099974240,s5.686302058
045_22,s4.500396018,s4.033666527,s184.756089927
045_23,s4.415166642,s0.641249951,s77.978639892
045_24,s0.834951473,s3.315956203,s239.917938013
045_25,s-2.279902682,s-2.744835992,s68.237302091
045_26,s-3.429407107,s3.082481935,s129.081153801
045_27,s3.272226356,s2.013129789,s220.549170109
045_28,s2.351622717,s3.041949953,s61.444576726
045_29,s1.228732372,s1.359610736,s275.558279034
045_30,s1.507293033,s4.454589227,s169.462082233
045_31,s3.476422089,s-1.625020834,s246.260035563
045_32,s-4.365637145,s4.149362989,s311.570779936
045_33,s-2.801086362,s0.700685093,s263.831346594
045_34,s-0.016566853,s4.336605271,s345.423548914
045_35,s3.284438870,s4.250547154,s310.844596511
045_36,s0.462250670,s0.840047837,s250.332987436
045_37,s0.856691335,s4.036603656,s211.849338136
045_38,s-1.965596604,s3.923506170,s78.617252007
045_39,s1.517512484,s3.103211813,s55.901823934
045_40,s-1.331269351,s4.454589227,s170.666590849
045_41,s-3.028064293,s1.535318477,s47.834986620
045_42,s-0.260129550,s4.412102408,s317.120993674
045_43,s-2.099907648,s2.863169394,s296.790661470
045_44,s0.984549514,s-2.413936164,s113.966004486
046_0,s-4.220199417,s0.299911308,s247.320933598
046_1,s-3.078913046,s-0.684301217,s87.787370609
046_2,s-1.335730805,s-4.291598455,s71.121217111
046_3,s1.338442821,s-3.510645275,s93.969133305
046_4,s-3.435710604,s3.991156161,s162.878639247
046_5,s2.472093621,s1.807921568,s263.342319747
046_6,s-1.372210582,s0.636718274,s146.173159868
046_7,s3.831642441,s-3.785016658,s267.865665286
046_8,s-4.121273672,s3.859802523,s20.492805840
046_9,s-3.726483784,s-2.286767139,s199.574026988
046_10,s-4.816992364,s-1.569158795,s20.683872812
046_11,s-4.118885635,s-4.076425161,s15.198734812
046_12,s-0.196499384,s-2.433558922,s283.491904342
046_13,s2.015759076,s-2.279580594,s337.119972898
046_14,s-1.954310474,s-0.287338371,s294.396412126
046_15,s4.402249777,s-4.311298678,s288.271954043
046_16,s1.131885035,s-0.943651761,s258.809167522
046_17,s0.057382907,s2.949068883,s338.831244084
046_18,s-3.136928627,s-0.083701741,s9.825114634
046_19,s4.320611171,s3.890727878,s35.548789792
046_20,s-2.909457014,s-1.699051759,s231.925863794
046_21,s1.637290337,s1.351093477,s321.011784096
046_22,s4.037669667,s-1.013167379,s269.017551072
046_23,s2.949065016,s-2.809597596,s122.008742867
046_24,s-3.723621161,s2.073051173,s81.850346249
046_25,s-3.413486705,s0.884573440,s277.516662929
046_26,s3.126956612,s3.761888874,s110.465510317
046_27,s-4.531101207,s1.219454047,s155.408277228
046_28,s0.913829083,s3.844562783,s39.741923781
046_29,s1.029590861,s0.971160207,s203.439335667
046_30,s2.213400929,s-0.244595400,s311.391634459
046_31,s4.458958796,s2.434789777,s195.087157749
046_32,s-4.949538296,s4.262706363,s243.303829026
046_33,s-2.497149392,s2.174574604,s215.812534866
046_34,s-2.282613584,s-2.111786079,s344.698818640
046_35,s1.730756306,s4.152146659,s79.471915968
046_36,s0.007562356,s-0.922459618,s175.938904541
046_37,s-0.055499582,s0.903157372,s103.561935827
046_38,s3.214094487,s2.883444449,s151.037567865
046_39,s4.497046869,s-0.253148597,s166.127255018
046_40,s-2.093868964,s1.401080491,s145.646051456
046_41,s-2.988868036,s3.126247602,s280.020174968
046_42,s-4.848591448,s3.427064199,s288.295469549
046_43,s-1.920430487,s3.754863281,s309.244187909
046_44,s3.538469283,s4.294822673,s85.311182728
046_45,s4.191438383,s0.889801579,s346.330684789
047_0,s-3.966609818,s-3.819997509,s168.018940264
047_1,s-3.386330886,s-0.609851754,s89.223189534
047_2,s0.284318602,s4.440782226,s35.858796551
047_3,s-0.256479384,s-0.302646203,s267.307874027
047_4,s0.188701313,s2.248996566,s313.195143884
047_5,s2.867717378,s1.549415513,s306.804209284
047_6,s3.324525834,s-2.094952119,s306.401252773
047_7,s4.197391006,s-4.358282103,s95.455787061
047_8,s-2.327410327,s-0.373625181,s151.065961884
047_9,s1.004136864,s1.013308543,s291.555803848
047_10,s-3.999740311,s-1.742811958,s313.244384699
047_11,s-0.486604695,s-3.270228586,s305.631929997
047_12,s3.444084019,s0.508048765,s63.560684297
047_13,s-1.676028550,s-2.296489343,s56.194191208
047_14,s4.438165235,s0.338225145,s174.494769716
047_15,s3.758028163,s3.542921224,s183.920549518
047_16,s-4.173925958,s2.104800328,s169.264849881
047_17,s-4.214146956,s0.091950176,s17.797465089
047_18,s-0.717824277,s-1.309653062,s23.151915987
047_19,s3.123882719,s2.586377123,s17.910826157
047_20,s0.823673139,s-2.447303021,s113.461495700
047_21,s-1.895543398,s4.290909514,s33.222685612
047_22,s4.537687569,s4.176751433,s70.903493087
047_23,s1.338153977,s-4.501075701,s94.820101036
047_24,s2.106847109,s1.391564377,s76.833910556
047_25,s-2.024451803,s3.141538049,s155.362041077
047_26,s3.828346732,s-0.914778863,s24.245605317
047_27,s-2.731700069,s1.624913677,s180.753692638
047_28,s-2.606526738,s0.517190794,s74.779473980
047_29,s-0.866004712,s2.097555589,s216.834380040
047_30,s1.676891041,s4.116749411,s66.536852746
047_31,s-4.312470674,s3.861723100,s20.575241282
047_32,s2.580446533,s-0.805930125,s90.452729614
047_33,s-3.061943790,s4.155734797,s32.204780433
047_34,s-3.628598541,s4.339649227,s312.383417033
047_35,s-0.795581671,s0.380954022,s267.199916591
047_36,s-1.352601570,s4.359048701,s11.190727524
047_37,s-1.034858034,s1.436071962,s316.357002763
047_38,s4.651795486,s2.986968143,s173.380840949
047_39,s0.854041699,s-0.663364927,s340.476187917
047_40,s-1.419913252,s2.444593929,s289.991373596
047_41,s-4.213834145,s1.693053278,s79.123267676
047_42,s3.524412066,s4.478510228,s32.771434683
047_43,s1.837447059,s3.308468629,s208.322029845
047_44,s3.258667680,s-4.574615430,s136.112723030
047_45,s1.876937477,s4.517330685,s159.934921555
047_46,s4.164879919,s4.517330685,s246.689081573
048_0,s-0.182422658,s-2.420657258,s269.251185853
048_1,s0.817158731,s-1.165801736,s266.214085025
048_2,s1.662073105,s-0.789630601,s287.205145519
048_3,s3.573513175,s-2.034395379,s270.756900189
048_4,s0.711075793,s0.978608855,s142.565577315
048_5,s3.897625003,s4.308806973,s160.207619153
048_6,s-4.590114455,s0.225792414,s61.103870155
048_7,s3.460799481,s-4.840123183,s302.353144597
048_8,s-4.024363503,s-3.230798964,s256.205576040
048_9,s-1.676019800,s-4.034076103,s27.439107311
048_10,s-1.922413695,s1.114784870,s178.370949937
048_11,s4.282631692,s-1.127750637,s169.279674248
048_12,s0.140529539,s-4.775474269,s22.933901237
048_13,s-0.076665754,s4.367442878,s16.170864030
048_14,s1.256700006,s-3.874712894,s67.290761169
048_15,s-1.957403674,s2.871642019,s179.658649503
048_16,s-3.296619690,s3.603135614,s117.385526742
048_17,s-4.238387524,s-4.807326889,s339.373190022
048_18,s4.260474898,s-0.430264843,s138.200618382
048_19,s-0.209511771,s-0.401844061,s42.820013188
048_20,s-3.052745348,s-2.940983088,s268.861000354
048_21,s0.234569270,s-3.663979726,s323.286601257
048_22,s2.808482870,s-1.388061089,s160.770697199
048_23,s1.857099770,s1.716040980,s32.021060739
048_24,s-3.743463811,s1.384007882,s287.020642885
048_25,s-4.435416498,s3.578503375,s247.940609495
048_26,s-0.316727874,s3.340351411,s178.369653459
048_27,s-4.159621679,s2.516564117,s124.997022188
048_28,s-1.302419905,s3.837065063,s239.706962336
048_29,s1.878198202,s3.818190884,s3.550129678
048_30,s-3.192316019,s-0.336253141,s193.666849774
048_31,s3.064263044,s1.039137073,s57.780023647
048_32,s-1.300538249,s4.315078118,s279.800900368
048_33,s0.301829774,s2.149868217,s319.077256641
048_34,s3.478878535,s2.614635600,s356.226737867
048_35,s-3.226431086,s0.680700671,s179.245899547
048_36,s4.273458388,s-1.812556347,s58.196365558
048_37,s4.284200674,s-3.247007512,s268.386357532
048_38,s0.584174305,s3.311880068,s315.420855606
048_39,s1.014221956,s4.325847965,s186.169698393
048_40,s-4.915242445,s3.030116864,s172.434456939
048_41,s-4.830702786,s4.265688655,s200.049769805
048_42,s-0.873564258,s2.176939781,s81.459906989
048_43,s-2.416373583,s3.935890088,s39.356440818
048_44,s-2.259232765,s0.651698317,s350.587610290
048_45,s-4.359796061,s2.318856513,s168.722813205
048_46,s4.556638939,s3.011548453,s293.459520002
048_47,s2.047535984,s1.356106676,s251.782270006
049_0,s-3.755662050,s-3.769116747,s121.948773812
049_1,s-2.652949512,s-1.237526100,s181.946632995
049_2,s-0.354262715,s-3.382754447,s23.500708766
049_3,s-1.461047707,s1.927896597,s198.488542836
049_4,s-3.218303251,s-2.858457106,s83.289218050
049_5,s-2.339836456,s-2.214271955,s81.723809449
049_6,s1.105818236,s-1.781528961,s48.014674562
049_7,s2.327024587,s-2.690627700,s87.953307776
049_8,s-4.312410916,s-0.727385695,s272.848418318
049_9,s-2.830686281,s0.154082220,s179.441032667
049_10,s0.906726746,s3.231381235,s70.974746716
049_11,s0.806293782,s-3.071924792,s84.412823928
049_12,s-2.356509030,s4.148940719,s357.437902581
049_13,s3.723416278,s-2.081261166,s48.130131621
049_14,s1.490445553,s-1.041260657,s147.271447568
049_15,s1.824115655,s3.324209589,s43.598035292
049_16,s-0.997421667,s-0.567656505,s155.900350281
049_17,s4.010713696,s1.656239103,s229.813135502
049_18,s-1.973280884,s3.414866726,s49.747800671
049_19,s-2.597390749,s-4.443851604,s230.923182867
049_20,s-0.890291734,s1.482956773,s190.346290358
049_21,s1.267341475,s4.148940719,s140.828802246
049_22,s3.685019142,s2.128114945,s295.206465213
049_23,s-3.837976227,s-1.340543141,s233.381689728
049_24,s-2.291517138,s2.309944953,s343.522989400
049_25,s-1.782892171,s0.086978078,s217.450892985
049_26,s-3.214453938,s3.359749531,s339.638699697
049_27,s-4.398751792,s0.932963900,s324.522697682
049_28,s-4.429986525,s4.105050577,s193.294348384
049_29,s2.284871751,s4.023789151,s347.806910512
049_30,s0.142819599,s3.655295108,s267.273345708
049_31,s4.159810966,s-4.516613877,s26.245838411
049_32,s-1.583026244,s3.219508360,s102.631474315
049_33,s-3.920871344,s1.036467307,s242.492315457
049_34,s-4.146621258,s-0.086836688,s108.617397477
049_35,s-4.252875881,s3.399839888,s150.752933953
049_36,s2.646393804,s-1.617816425,s25.582723470
049_37,s0.807319486,s-2.418234077,s22.742428252
049_38,s4.231767963,s3.649556249,s237.271095527
049_39,s3.481173125,s-4.291194429,s336.051947006
049_40,s0.080647094,s2.302730184,s287.085726093
049_41,s-0.719928545,s4.004471536,s196.654266230
049_42,s4.029281954,s0.386179501,s15.354300168
049_43,s-1.040471697,s2.816970042,s291.397058451
049_44,s3.023535529,s4.022924562,s202.575612304
049_45,s4.069176831,s-0.558183777,s257.120719494
049_46,s3.586891623,s-1.745048042,s257.324319194
049_47,s0.441985916,s0.859507102,s72.410696585
049_48,s-4.227788269,s2.312281928,s207.469700038
050_0,s-0.337666894,s-2.874337846,s76.644750352
050_1,s-3.100874730,s-2.686528724,s297.530271462
050_2,s-1.035717709,s-1.695812880,s205.787587427
050_3,s-2.394887513,s-2.008302728,s224.486863298
050_4,s4.388270944,s-0.485367439,s246.153721702
050_5,s3.438172054,s-0.956831379,s258.136062235
050_6,s3.954597243,s-2.350129307,s203.479278127
050_7,s0.099508921,s-0.246227699,s61.579503537
050_8,s1.413879006,s2.687142594,s354.027990076
050_9,s3.644031264,s-3.971787274,s26.863025841
050_10,s-4.351402085,s-0.767899174,s78.762917572
050_11,s-1.215030811,s2.011682350,s346.683292784
050_12,s1.150518350,s0.324398144,s172.642468791
050_13,s0.877704174,s-4.014049864,s334.496236341
050_14,s4.803907987,s-4.203807419,s150.859176691
050_15,s4.344666200,s0.926427914,s278.409108812
050_16,s-0.662696335,s1.318042895,s45.912191323
050_17,s-3.270641500,s-0.184961810,s317.264678612
050_18,s1.000640936,s3.318081167,s5.950440719
050_19,s-3.803833998,s2.829537566,s18.237844956
050_20,s-0.047464577,s2.523228683,s58.107278020
050_21,s0.838194910,s3.550667071,s95.214984189
050_22,s2.829384795,s-2.897287909,s209.051997154
050_23,s3.862720731,s4.372638163,s73.155853567
050_24,s-3.532076934,s-2.282562489,s320.997349755
050_25,s-2.294052694,s2.293080952,s68.054282308
050_26,s-1.512825202,s1.906348271,s55.016904002
050_27,s3.088212062,s0.040777091,s179.585646449
050_28,s-2.108302730,s-1.335075771,s119.814816766
050_29,s1.966279519,s-0.055031901,s196.779276614
050_30,s1.038528523,s1.352140242,s356.108963508
050_31,s4.747852419,s4.328647668,s52.789964648
050_32,s-3.958440090,s-2.117841949,s145.778967551
050_33,s-3.977696778,s3.878904982,s304.170209598
050_34,s-1.986222255,s-4.195079763,s297.524263936
050_35,s0.149047504,s0.624711263,s271.663763487
050_36,s-0.927513727,s-0.797604468,s15.375603365
050_37,s3.889578657,s1.786859644,s73.755256253
050_38,s3.094878910,s4.450581025,s57.180615714
050_39,s1.883660978,s3.696611388,s96.988683035
050_40,s2.118527437,s2.926015734,s125.582117916
050_41,s-0.676758765,s4.410404308,s210.383323533
050_42,s-2.405570881,s4.283041262,s150.631524388
050_43,s-1.351722546,s3.615763686,s152.928693914
050_44,s4.148720340,s3.634309574,s153.451529450
050_45,s1.024786635,s4.379501316,s49.170663374
050_46,s2.213216568,s1.594813509,s297.652839272
050_47,s3.651230192,s2.532817221,s49.013213348
050_48,s-3.293358816,s4.157185132,s137.932028256
050_49,s-4.345345317,s3.206331287,s274.232400982
051_0,s-4.451641440,s-1.732638713,s311.614027378
051_1,s-2.466978224,s-4.038090494,s234.823112751
051_2,s-1.035744781,s3.625744806,s349.880351850
051_3,s2.003897551,s-4.082585151,s81.576728443
051_4,s-3.346029891,s-0.407279524,s30.591878630
051_5,s1.040333268,s1.108213950,s149.530974290
051_6,s3.927417151,s-4.407344694,s154.383967937
051_7,s4.332366222,s-1.309311550,s232.029758266
051_8,s-4.445718462,s1.357965397,s21.686122444
051_9,s-0.254390750,s-3.499639489,s179.527643372
051_10,s-0.767141129,s-1.498394686,s69.998677521
051_11,s3.107364787,s-1.417799852,s57.107795539
051_12,s2.115605292,s-0.145337284,s293.941168720
051_13,s3.460317834,s1.909702276,s350.526154642
051_14,s3.135481275,s-0.663136664,s87.561354745
051_15,s-2.468402634,s-0.482258123,s126.027916038
051_16,s-4.253440638,s4.229747112,s284.987840404
051_17,s-4.435708475,s0.061305719,s127.617300697
051_18,s-3.518296160,s4.460460022,s318.299072007
051_19,s-3.123386870,s-2.635185802,s154.903863732
051_20,s-3.449899332,s0.353198871,s16.197515552
051_21,s2.953922040,s2.904799116,s259.333990568
051_22,s4.090498281,s0.303502420,s69.381924421
051_23,s-1.799402914,s0.741676038,s272.128310826
051_24,s-1.014248393,s2.658479405,s148.744137941
051_25,s-3.434631985,s2.352500875,s314.046754793
051_26,s-2.151798740,s1.802198516,s338.581240689
051_27,s-0.828047689,s1.194220480,s277.899291303
051_28,s-0.391282768,s1.457219484,s262.615786450
051_29,s-2.884504113,s0.689665799,s354.199551426
051_30,s4.382609593,s-3.378532736,s300.853771217
051_31,s4.501225622,s1.626411908,s343.134157090
051_32,s0.960108812,s-3.640171613,s308.048543742
051_33,s-1.220192307,s2.713820164,s222.919539253
051_34,s2.419848771,s3.862065623,s311.415350426
051_35,s-1.262799365,s4.508313897,s171.555973059
051_36,s2.278076117,s0.642194594,s197.036098125
051_37,s1.487045544,s1.803389356,s142.892307359
051_38,s2.004378776,s1.723764918,s196.962950028
051_39,s4.193828020,s2.325613281,s177.555477534
051_40,s0.540146439,s3.589512166,s194.992332904
051_41,s-2.169794523,s4.487609433,s196.748704257
051_42,s-1.055945507,s-3.317995240,s342.721824482
051_43,s2.557673345,s2.768089278,s288.109603641
051_44,s4.187129591,s4.346693372,s234.083717109
051_45,s2.894381019,s4.461793191,s191.191879482
051_46,s4.587155999,s4.441062671,s329.267677253
051_47,s3.343423774,s3.235120723,s316.170186852
051_48,s2.201812995,s4.329161093,s217.215386573
051_49,s-1.343538717,s3.879176730,s199.700865002
051_50,s1.515377932,s3.358114035,s160.713407037
052_0,s-2.014635837,s2.178038595,s113.789739380
052_1,s-3.113929298,s-3.058860148,s264.455745000
052_2,s-1.955941743,s-2.134709838,s216.683220174
052_3,s0.213327638,s-2.936107667,s225.266325236
052_4,s-2.034849738,s0.692175027,s12.658313191
052_5,s2.887122808,s-3.476066513,s236.649990880
052_6,s4.309435129,s-2.998948031,s182.794078210
052_7,s0.121355118,s-4.397003529,s205.310287000
052_8,s-3.990821510,s-4.514824072,s314.377619026
052_9,s-3.716435606,s-1.900121549,s74.597170049
052_10,s-2.414615345,s3.968540757,s261.171362871
052_11,s0.367365857,s3.661520069,s201.637469256
052_12,s-3.712112366,s3.219507193,s93.626959820
052_13,s-1.337493148,s1.025059570,s333.662799372
052_14,s0.763147039,s-0.097623937,s195.104715666
052_15,s3.648070796,s3.058413866,s189.743862666
052_16,s-4.945797812,s1.435047386,s199.308541387
052_17,s-0.966212996,s2.936048305,s337.821896306
052_18,s-1.812478053,s2.833484126,s101.756483764
052_19,s0.451763183,s2.266145312,s195.355404980
052_20,s2.540122147,s0.989721328,s345.851404693
052_21,s2.010673092,s-2.439469021,s233.253570715
052_22,s-1.510952203,s-0.049270149,s338.715740795
052_23,s4.663011854,s0.979653119,s70.436499896
052_24,s-4.629605581,s2.604303253,s169.268666246
052_25,s-4.921810619,s0.733899712,s301.698649103
052_26,s-1.380337698,s4.444516103,s142.820933637
052_27,s1.015072698,s2.484329659,s55.121059997
052_28,s2.218215143,s-0.915221167,s297.196263851
052_29,s-0.477421721,s0.089274958,s86.000866366
052_30,s4.698601156,s-1.974122239,s176.508018617
052_31,s4.527708877,s-0.818825644,s83.799554391
052_32,s-4.662630988,s4.440720043,s71.898874639
052_33,s-0.682351293,s-4.067990538,s321.374457619
052_34,s-3.026008675,s2.498763162,s89.364566109
052_35,s3.993800746,s4.416413913,s47.034322198
052_36,s1.436744529,s-0.661822289,s248.391200119
052_37,s-0.420092681,s4.442798531,s327.861219721
052_38,s4.769252732,s4.174648518,s305.191296664
052_39,s3.291297895,s-0.912758660,s250.249685275
052_40,s-4.498093501,s-1.109617063,s345.309617689
052_41,s-2.899909660,s4.419220441,s216.985610040
052_42,s-4.202786498,s1.578201051,s59.048771454
052_43,s4.003911690,s4.029308769,s69.983372943
052_44,s2.220954806,s1.922826659,s118.497646399
052_45,s0.662465203,s4.342811891,s154.460218009
052_46,s4.171998349,s2.207894026,s115.656537736
052_47,s1.093096393,s3.340228126,s66.244316457
052_48,s-2.598192965,s0.090347566,s94.559906509
052_49,s-1.079087944,s2.147529845,s56.502838599
052_50,s-2.235224278,s4.409003842,s233.154772159
052_51,s4.500681829,s3.258193445,s223.131768721
053_0,s-4.134905302,s3.141440338,s42.837866998
053_1,s-4.384578732,s-4.610179975,s241.299267532
053_2,s1.101669131,s-1.498571250,s327.627743743
053_3,s-4.516272950,s0.970142573,s57.423428623
053_4,s2.509198864,s-1.954419366,s5.992049006
053_5,s-4.720737922,s-4.214063448,s350.339630226
053_6,s2.723124782,s-0.620826956,s196.996149676
053_7,s4.596276995,s0.261084210,s184.920982394
053_8,s-1.359695939,s3.312071912,s129.003956461
053_9,s2.321916734,s-0.283761811,s110.033093197
053_10,s-0.855804537,s-4.468293438,s209.902209592
053_11,s4.438326787,s3.816882383,s250.069253941
053_12,s3.408355965,s4.103301212,s39.577612917
053_13,s-0.643717802,s-1.170447034,s322.304367266
053_14,s-4.711453480,s2.770622396,s288.392921781
053_15,s3.557876695,s-0.099245620,s337.112779623
053_16,s-3.164451598,s4.366929916,s353.505099693
053_17,s2.165531860,s-3.933191018,s315.884727235
053_18,s1.503204017,s2.182132186,s185.916084138
053_19,s-2.590807401,s-3.566323530,s4.768631673
053_20,s-2.543569116,s3.367706279,s164.740782393
053_21,s2.543199179,s-2.995283785,s51.320193995
053_22,s-0.524235166,s-4.305985802,s6.843957683
053_23,s1.982531606,s1.679739351,s46.445802722
053_24,s-0.868242548,s3.602789270,s131.019230004
053_25,s0.790294506,s-3.220361855,s202.169470740
053_26,s-3.753727563,s0.418916670,s288.756870209
053_27,s-0.511850282,s-0.373680279,s265.134701162
053_28,s-1.133824509,s4.373636725,s72.821241117
053_29,s3.992229527,s1.107612998,s239.302495153
053_30,s4.311189427,s-4.089745669,s327.105341588
053_31,s3.626838856,s1.202125208,s90.553709992
053_32,s-1.647237690,s0.403780245,s312.214646966
053_33,s-4.693028734,s2.923369131,s17.096631406
053_34,s-4.398419756,s-2.788346713,s307.553527588
053_35,s-3.623321896,s-1.058701014,s181.154469029
053_36,s-3.103197142,s1.714799827,s143.273484230
053_37,s2.779794824,s0.215949527,s161.615575971
053_38,s-3.221629596,s-2.440544883,s269.703645462
053_39,s3.525618295,s2.200037867,s142.773575381
053_40,s-0.091461076,s3.049081367,s204.289978600
053_41,s-3.417655450,s2.465750518,s256.564569597
053_42,s0.820514691,s1.094712142,s127.176235931
053_43,s2.176957039,s3.795314115,s204.361508525
053_44,s1.038423766,s2.276268220,s100.016672808
053_45,s3.005713723,s-1.325946173,s304.748829675
053_46,s2.590141993,s4.368176262,s7.627386392
053_47,s-0.289816403,s-2.969716395,s219.065886740
053_48,s-3.060318103,s4.378516065,s143.508950030
053_49,s2.873870414,s3.717733583,s113.748191342
053_50,s-4.450325429,s4.332344244,s168.760924484
053_51,s-1.740807679,s4.281745248,s234.552181475
053_52,s2.434951942,s2.216464195,s233.184359617
054_0,s-2.607058456,s-4.325518537,s285.255814402
054_1,s0.979143138,s-4.018466833,s95.325868403
054_2,s-4.427269172,s-3.831698184,s253.096847348
054_3,s3.384154676,s2.076600238,s266.815816053
054_4,s4.801995694,s-0.066787371,s304.130287319
054_5,s1.592520548,s-1.945813580,s243.941042331
054_6,s2.626611680,s-4.439022962,s200.421604164
054_7,s1.706929685,s-3.404372346,s33.255154112
054_8,s-4.184628659,s3.867526234,s34.697323393
054_9,s-1.208835892,s1.100128938,s239.132534519
054_10,s-4.818841082,s2.610465197,s342.045403967
054_11,s1.336212870,s4.016332447,s74.932911063
054_12,s1.608800838,s-1.154311505,s232.438202003
054_13,s4.841588721,s-2.076113708,s250.605081782
054_14,s4.416239060,s-3.679438404,s96.054247906
054_15,s0.601555816,s1.443637726,s93.202323629
054_16,s-0.976948961,s2.376157840,s195.522221357
054_17,s3.463085123,s-2.244390266,s7.460230408
054_18,s-0.701057252,s4.701692237,s196.658638730
054_19,s-0.020364855,s0.266978518,s247.956460038
054_20,s-1.616830302,s-4.725526691,s108.386085079
054_21,s1.224892567,s-0.803310030,s244.900139216
054_22,s3.731293251,s0.878027770,s159.751648182
054_23,s4.868061459,s3.113635377,s182.123082924
054_24,s-3.734487555,s1.412073557,s184.822208998
054_25,s-1.806491756,s-3.204324895,s234.933140677
054_26,s-3.625386119,s4.218765585,s181.283525953
054_27,s-1.613240641,s-2.498231285,s286.427041703
054_28,s3.975127551,s-0.331857128,s333.179137369
054_29,s3.741130774,s-0.940977188,s151.609506730
054_30,s2.975518981,s0.196318506,s288.229357968
054_31,s3.842004378,s3.978732677,s119.562345821
054_32,s4.795361893,s4.631178168,s195.261548806
054_33,s1.839613130,s1.087355309,s228.010113755
054_34,s-2.320619874,s3.990121564,s288.482515790
054_35,s-1.349060899,s4.851410109,s285.461615650
054_36,s-0.911383902,s0.841194003,s222.316506307
054_37,s-0.042371475,s4.149443614,s239.981534457
054_38,s2.059589408,s-0.045615292,s258.740094914
054_39,s4.255564755,s4.430462807,s321.614329723
054_40,s-4.772326944,s4.487455873,s132.918550642
054_41,s-3.845512874,s0.154338521,s243.557437103
054_42,s-3.722479739,s2.901137796,s96.381111891
054_43,s-4.804850855,s-2.835254635,s98.438305453
054_44,s-0.970564586,s-1.500715416,s320.721835201
054_45,s2.127615992,s3.904056832,s114.538133608
054_46,s4.810352658,s1.769938743,s201.964608437
054_47,s3.232836089,s4.792439723,s247.359078525
054_48,s-2.160714629,s4.777976989,s88.305114696
054_49,s-1.741600445,s1.894593390,s313.876348502
054_50,s-4.690135819,s0.920407378,s180.457215433
054_51,s1.086401102,s3.485286624,s150.168633497
054_52,s-0.345513007,s1.275697950,s325.254673933
054_53,s-2.727145919,s-0.596426689,s305.706008435
055_0,s-3.377615064,s-4.392439642,s257.542233177
055_1,s-0.283858739,s-2.334730185,s219.098811404
055_2,s3.128065068,s-2.731331872,s349.629137614
055_3,s0.213732388,s-4.283691413,s11.065027231
055_4,s0.831269196,s2.705567792,s250.246691847
055_5,s4.358004769,s-2.877894689,s346.655067944
055_6,s1.948941023,s-4.394989062,s5.143549008
055_7,s2.227294736,s-0.171720806,s299.189979008
055_8,s-3.113083045,s-0.300829700,s67.729029673
055_9,s-2.494339725,s-4.478034342,s43.741526873
055_10,s-2.413126303,s4.271851615,s305.305377438
055_11,s1.219472761,s0.464498785,s139.170809246
055_12,s4.475735625,s-0.196241659,s203.154150954
055_13,s-1.096050902,s-0.590494051,s104.340499295
055_14,s2.983513210,s-0.077547131,s202.434010032
055_15,s4.454829858,s-1.263330041,s146.123182469
055_16,s-4.370835272,s-2.604012110,s220.391038480
055_17,s-4.151283455,s-1.502436784,s26.144991478
055_18,s-2.259635874,s1.891637527,s192.829639782
055_19,s3.077864675,s2.150344576,s5.795953905
055_20,s-3.901962071,s-3.214461064,s359.014467458
055_21,s-0.707772369,s1.288046820,s163.535275534
055_22,s-1.740813278,s-4.029096293,s65.527207714
055_23,s3.601508316,s0.920068290,s280.918111092
055_24,s-1.242208595,s-2.496997453,s151.984245468
055_25,s-4.296712447,s4.290407978,s253.581765703
055_26,s-4.206485218,s0.898452970,s212.757748602
055_27,s0.392069364,s3.663896559,s160.822523079
055_28,s2.515502697,s3.866267533,s324.147382964
055_29,s0.972034747,s-2.673422066,s65.101495516
055_30,s4.552515526,s0.651303216,s34.370289621
055_31,s1.892527489,s2.062028742,s251.573808616
055_32,s-4.127936594,s3.479116080,s63.105244913
055_33,s-4.189617348,s3.184264919,s165.608549175
055_34,s4.382263147,s2.286423602,s182.828692996
055_35,s-3.931153111,s0.510949700,s325.321002921
055_36,s2.452993550,s0.675433094,s213.032644821
055_37,s-3.412151318,s4.294231907,s108.135632184
055_38,s-1.414753984,s2.691626679,s8.984909613
055_39,s4.513214197,s3.857260190,s154.078509260
055_40,s-0.417989595,s3.335381067,s97.209997275
055_41,s-1.928337400,s3.141431237,s137.164799650
055_42,s0.926005755,s4.155692999,s222.733834523
055_43,s-3.119250354,s1.868341273,s215.875614345
055_44,s1.275452833,s1.202666509,s270.035196803
055_45,s3.015008528,s-1.601203539,s297.119045237
055_46,s1.806703983,s4.245124794,s66.548914040
055_47,s3.535724597,s4.162509437,s233.286776226
055_48,s-3.216070621,s-2.374562560,s329.132752714
055_49,s-2.313668774,s-0.097202430,s68.214636471
055_50,s-3.558515364,s1.357870309,s178.785587776
055_51,s-0.195085701,s-0.372610668,s239.992361109
055_52,s-1.213985112,s4.294052875,s187.949239311
055_53,s2.177732933,s0.840549378,s137.978696662
055_54,s2.078579942,s2.930245964,s77.006764988
056_0,s3.519390560,s-2.890457041,s43.354817051
056_1,s-5.008449626,s-3.712713279,s42.330746606
056_2,s-2.799170904,s-3.654600354,s94.176702115
056_3,s-1.477655212,s-2.633006024,s207.334173059
056_4,s-0.216122213,s1.521254567,s125.962087902
056_5,s-1.003407211,s-2.087650439,s63.938786997
056_6,s2.508833886,s-0.404564900,s203.352655270
056_7,s4.130791333,s-1.932339809,s35.393066324
056_8,s-3.531702827,s-1.537410652,s197.477240640
056_9,s-2.778923628,s2.620902254,s325.221478810
056_10,s-4.522300765,s0.441697188,s31.863083580
056_11,s0.747090480,s3.635542953,s214.128348991
056_12,s2.462001089,s-2.779280627,s315.227156836
056_13,s0.080844811,s-2.251026261,s18.622177360
056_14,s-1.594460493,s-0.478990545,s359.398268505
056_15,s4.780385510,s-1.059432345,s236.203154648
056_16,s-3.969079970,s1.669022434,s130.667336860
056_17,s-3.163400381,s1.412336799,s98.359946107
056_18,s2.591640774,s4.250512622,s187.331397820
056_19,s-1.474505846,s2.510841849,s111.129848659
056_20,s1.912427729,s4.537225202,s358.951315926
056_21,s2.113237660,s2.942825248,s205.242482714
056_22,s4.086009755,s1.723233764,s339.224285596
056_23,s-0.971864208,s-0.085096340,s43.250652957
056_24,s0.040225465,s2.301212852,s282.609507624
056_25,s1.006076827,s2.093802968,s96.169561215
056_26,s-4.840162195,s0.850338906,s298.929599704
056_27,s-3.495114006,s-0.707890679,s295.089214592
056_28,s4.349427802,s3.408665813,s244.377232650
056_29,s2.749290133,s1.618020631,s45.808297862
056_30,s-1.849447565,s-1.956031145,s45.351559170
056_31,s4.623498134,s-0.128200753,s345.027074653
056_32,s0.672265474,s-1.842892722,s73.077716426
056_33,s-4.872897451,s3.025223379,s264.753918174
056_34,s-4.856201350,s1.989312129,s38.600206768
056_35,s3.480492135,s-0.385485481,s52.326674273
056_36,s3.099619894,s4.069605388,s261.379408665
056_37,s-2.487392990,s-2.464879939,s269.156543659
056_38,s1.708227044,s0.069230458,s224.552213021
056_39,s2.822707298,s0.407493002,s273.845873917
056_40,s-1.134050248,s3.887148084,s157.370268181
056_41,s-2.881056567,s4.511943838,s43.729034207
056_42,s-4.066209495,s4.412963242,s64.890173642
056_43,s-3.826651589,s-5.124012057,s16.553641780
056_44,s2.240162220,s2.104420607,s198.159246630
056_45,s4.749173842,s3.461993965,s274.048978861
056_46,s3.556642927,s-3.959521656,s49.019076880
056_47,s4.792016118,s1.650623867,s149.565617829
056_48,s-4.794261059,s-1.210577101,s62.227853542
056_49,s-2.386896693,s3.968342833,s7.768611560
056_50,s0.159728455,s4.430254622,s150.732385220
056_51,s1.709747186,s2.681967687,s113.299251505
056_52,s-4.960396829,s3.770376768,s333.148721664
056_53,s2.950915935,s4.471790713,s183.711389719
056_54,s-0.507018562,s3.294125204,s340.475645016
056_55,s4.433337614,s2.455363527,s94.543399803
057_0,s-3.720632467,s-2.185779833,s107.642255354
057_1,s-1.037521766,s-3.019103899,s191.164636819
057_2,s-4.294406881,s-1.402696452,s101.796567262
057_3,s4.216790225,s-2.441145435,s5.229849570
057_4,s0.429549647,s-3.234658994,s313.481561213
057_5,s1.897222217,s2.286333225,s277.072618332
057_6,s1.534351203,s-3.236945568,s239.856215238
057_7,s3.484246560,s-3.048037237,s256.897786726
057_8,s-2.651702098,s-2.608419054,s144.383086121
057_9,s2.556974374,s-2.893216308,s235.400837878
057_10,s2.000367400,s0.498140363,s65.418072642
057_11,s1.897728276,s-0.798354632,s175.709457046
057_12,s-0.316781360,s-1.356304700,s225.664598725
057_13,s3.948451675,s-1.608220568,s90.126497943
057_14,s3.740619352,s-4.002233991,s24.339477149
057_15,s2.591724812,s-0.703940589,s85.923230911
057_16,s0.861404440,s2.192372163,s185.356147610
057_17,s-4.196196522,s2.509630450,s48.613254903
057_18,s-2.621923645,s-1.632660705,s200.944806132
057_19,s-0.679716944,s-0.497644251,s138.243908563
057_20,s-3.472078130,s-3.956041896,s270.661170484
057_21,s-1.715452035,s-1.655342754,s327.143562434
057_22,s0.375152980,s-2.115830105,s349.157220525
057_23,s3.996770862,s-0.626055916,s241.014004471
057_24,s-3.928587693,s-3.039481753,s15.889579723
057_25,s4.189276729,s3.207316881,s329.693578287
057_26,s-2.333940172,s1.370843616,s230.786926830
057_27,s-3.071849808,s0.372963823,s341.121220582
057_28,s0.848860162,s-4.329442987,s217.860025108
057_29,s-4.157089871,s0.461190942,s331.823454715
057_30,s4.300500279,s2.580689208,s283.769073536
057_31,s2.235692801,s3.010443765,s189.377572537
057_32,s-2.558984224,s3.368444597,s177.999242853
057_33,s-2.937994504,s4.220190415,s84.494821461
057_34,s-3.187796666,s-0.567976028,s356.188003331
057_35,s-1.701123463,s2.643104392,s96.849690381
057_36,s-0.465887561,s-1.895679124,s88.047199207
057_37,s-3.563546748,s3.551569343,s107.682203391
057_38,s2.043607408,s4.272126753,s305.337441387
057_39,s3.694719641,s-0.062548385,s350.134042148
057_40,s-0.517981298,s3.618210071,s251.108742085
057_41,s-1.883117779,s4.114029510,s330.176490991
057_42,s-1.038394662,s1.998233854,s98.627452052
057_43,s4.154680201,s1.662135043,s245.085696808
057_44,s3.814905020,s4.280435210,s31.704242570
057_45,s0.896653139,s-0.369816555,s338.667623921
057_46,s2.777304627,s3.925320496,s277.049124438
057_47,s1.528911778,s3.474374788,s359.271130089
057_48,s-1.826120922,s2.390159025,s280.043804053
057_49,s-3.322953810,s1.214735128,s29.885304428
057_50,s0.080927600,s0.663907630,s346.605997036
057_51,s0.543815606,s4.316983076,s269.968587586
057_52,s1.171188906,s0.968284378,s158.424676834
057_53,s3.630972068,s0.652900473,s127.898226739
057_54,s0.490020113,s2.465345984,s88.780456852
057_55,s4.216159335,s4.258836866,s70.330078688
057_56,s-0.586660045,s4.276000214,s230.353651122
058_0,s-4.949197964,s-1.495389324,s330.597720759
058_1,s-3.658524052,s-2.309183785,s198.892516892
058_2,s-1.603447729,s-4.295945429,s154.134756301
058_3,s1.460367046,s2.739349079,s221.468015497
058_4,s-2.900610916,s-3.359684607,s261.286436248
058_5,s1.247645233,s3.414495329,s141.957674582
058_6,s-1.389959605,s1.926621152,s118.442041594
058_7,s3.200027446,s-1.852987396,s224.924907727
058_8,s-3.447927356,s0.481117967,s247.910657209
058_9,s0.908685084,s-0.128669326,s182.518007470
058_10,s-1.636332413,s2.643590874,s114.377186204
058_11,s2.337640427,s1.698073191,s284.971626035
058_12,s4.139375229,s-1.800566839,s351.360276915
058_13,s4.954238318,s-2.444060355,s322.596647505
058_14,s1.247884669,s-0.626236855,s18.539725096
058_15,s0.788852230,s-5.421382279,s10.196257497
058_16,s-0.049855787,s0.408935348,s30.462593843
058_17,s-3.135436322,s2.639451589,s117.579020968
058_18,s-3.316357322,s-0.445404292,s68.291714905
058_19,s4.588319915,s3.023643478,s236.387358055
058_20,s-4.706787322,s0.914321030,s25.707116050
058_21,s0.295383524,s0.692112591,s341.332550460
058_22,s3.181978967,s-3.988805644,s150.412931550
058_23,s4.215114945,s1.187177263,s303.243144114
058_24,s-4.247620926,s3.071199772,s317.981817367
058_25,s-2.790667053,s1.686870706,s247.737667458
058_26,s-5.080071932,s-5.305059356,s45.740741607
058_27,s3.261161779,s4.465067804,s182.902332290
058_28,s-2.017974189,s3.806150666,s302.694385817
058_29,s0.813645109,s-4.595638097,s92.309157216
058_30,s0.697998723,s-2.759768079,s141.223754754
058_31,s4.970080330,s-0.322208122,s41.625332225
058_32,s-0.106324553,s4.850794741,s345.699206938
058_33,s-0.798004271,s-2.410656261,s185.739783704
058_34,s-1.052856573,s3.294390616,s143.213746581
058_35,s-0.140978653,s2.996589438,s274.359822826
058_36,s3.630274524,s-0.705589146,s155.266160509
058_37,s1.940244124,s0.583849051,s129.471007592
058_38,s-0.933929789,s4.169470187,s117.766403990
058_39,s1.706088183,s4.626518967,s340.949798124
058_40,s-0.923891127,s-0.702338331,s114.958723642
058_41,s5.073518535,s3.389811805,s313.582627610
058_42,s-4.635601462,s4.077290618,s280.191090369
058_43,s-4.790571788,s-0.710638595,s269.085794276
058_44,s0.684355379,s4.417207879,s355.416593799
058_45,s-0.073969557,s2.455364047,s275.565676714
058_46,s3.786083088,s2.577281277,s129.393368664
058_47,s5.046688577,s1.078041406,s318.551250538
058_48,s-5.067616234,s4.835053914,s354.597536712
058_49,s-3.454038313,s3.526303867,s114.832862248
058_50,s2.343709759,s2.710069410,s170.650978627
058_51,s-4.201582162,s4.847720134,s19.191168284
058_52,s5.024394661,s4.853497175,s31.984078747
058_53,s0.383561275,s1.947905970,s300.077150712
058_54,s3.909488411,s4.839309993,s54.149552557
058_55,s4.320099903,s4.652345711,s31.990926095
058_56,s-2.587162394,s4.576660689,s348.613737796
058_57,s-2.007349103,s0.473683169,s356.162185678
059_0,s-3.217240636,s-4.271424396,s292.467020258
059_1,s-1.091006072,s-0.468253906,s312.435485822
059_2,s0.262229021,s0.941099309,s330.605056389
059_3,s-4.082636202,s-4.406074228,s257.471785577
059_4,s-0.241785743,s-0.764062087,s166.979365727
059_5,s-1.578512306,s2.467289763,s291.834771072
059_6,s2.391277560,s0.601179112,s168.788137252
059_7,s3.278297979,s4.052221490,s214.932733647
059_8,s2.914900655,s-3.220261792,s177.992844529
059_9,s-4.481764994,s-2.462027088,s67.271845120
059_10,s-4.575485677,s-0.314201959,s344.470434225
059_11,s3.779768364,s-4.531711828,s220.535696212
059_12,s-4.753207154,s2.380714074,s64.951680231
059_13,s-3.289906691,s4.255700168,s262.584068724
059_14,s5.138412880,s-1.844442712,s25.528659773
059_15,s5.051862019,s-4.731191319,s44.496062400
059_16,s3.485198786,s-1.230970267,s110.402665543
059_17,s4.927885671,s1.117322580,s173.525796771
059_18,s-1.162448931,s4.678268431,s4.972975281
059_19,s-3.280286095,s0.944649696,s138.403821582
059_20,s-4.794913100,s-4.075075135,s355.887214255
059_21,s-2.512996053,s-1.266282259,s59.533393565
059_22,s2.480914375,s-1.197468952,s336.434042663
059_23,s3.583928273,s0.925192674,s142.157603819
059_24,s1.991426276,s3.503002121,s222.757174395
059_25,s-0.220569685,s1.423497668,s6.573065292
059_26,s4.367173912,s-2.319762043,s18.385613750
059_27,s-4.866887871,s3.600058479,s286.214088166
059_28,s4.874453459,s4.463715341,s36.146254848
059_29,s-3.723939796,s1.376020820,s249.538360769
059_30,s-3.503302165,s2.890723416,s219.849775895
059_31,s0.750777985,s-3.612933876,s25.902017815
059_32,s-3.238120675,s-0.266377289,s321.859574425
059_33,s0.570380387,s1.456909221,s255.627805179
059_34,s1.632556208,s-2.033014258,s138.312472862
059_35,s3.820633288,s0.159022667,s102.999327522
059_36,s-4.262920791,s3.701401328,s85.001876389
059_37,s2.543528487,s-4.277006258,s340.518262300
059_38,s-1.436257066,s4.253400158,s68.233109508
059_39,s2.310291347,s2.059489650,s173.266716099
059_40,s1.851787955,s-3.195051385,s109.107362457
059_41,s-1.767176418,s-2.767832138,s151.466679583
059_42,s2.823259319,s1.472747686,s33.507883432
059_43,s2.365080293,s4.864918156,s10.893655618
059_44,s3.966879730,s4.244502872,s317.651915721
059_45,s-2.692282436,s4.964567017,s313.513522883
059_46,s1.958669623,s4.242755380,s358.728170492
059_47,s0.077916682,s4.993255272,s194.774428640
059_48,s1.320939208,s-4.858856433,s174.614197046
059_49,s3.762050806,s2.622752183,s41.787810333
059_50,s-4.760097401,s1.296628526,s223.053454327
059_51,s1.582947123,s5.028077121,s276.322225807
059_52,s4.809029647,s2.255503386,s303.261829211
059_53,s4.491835232,s4.941114726,s183.005483243
059_54,s-4.628096554,s5.051710922,s196.918749034
059_55,s-1.800833320,s0.208172661,s6.548210904
059_56,s-2.450222016,s1.359481528,s171.072241459
059_57,s-1.053675480,s5.012085724,s323.518476923
059_58,s-3.659773428,s4.716424448,s172.863315430
060_0,s-3.725268157,s-2.676021136,s181.204714096
060_1,s-3.736460394,s-4.646998281,s198.802225397
060_2,s-1.467082667,s-2.352815703,s53.471707449
060_3,s-4.971696295,s-1.217987973,s152.156659359
060_4,s2.606051878,s-2.184511526,s55.402873237
060_5,s4.342297117,s-4.790393851,s14.311777682
060_6,s-4.091675215,s0.179792123,s97.510800834
060_7,s0.526752462,s-3.836170751,s319.794796319
060_8,s4.320427060,s-4.167934636,s28.180746061
060_9,s-1.299459154,s-1.602896821,s69.700138542
060_10,s-1.139887848,s-4.371261033,s40.447191133
060_11,s-2.363396918,s-0.601952478,s54.074903372
060_12,s-4.603626312,s5.049824606,s230.287525293
060_13,s-1.373856000,s-2.728197408,s108.390949088
060_14,s-3.046175781,s4.190188794,s293.983708364
060_15,s0.215701050,s4.657501546,s135.507127857
060_16,s-0.005021459,s0.262993154,s64.475996840
060_17,s4.683543957,s-1.815767439,s303.882490252
060_18,s-3.451184348,s1.660989463,s30.632306431
060_19,s-2.122207743,s-2.644720952,s154.482475665
060_20,s-2.603887912,s2.670243512,s47.368456398
060_21,s2.628565655,s-4.228930959,s302.678017024
060_22,s-1.994833276,s4.872868664,s276.155512110
060_23,s1.507167177,s-0.143537451,s153.430839242
060_24,s1.557417774,s3.300437178,s165.240450139
060_25,s2.096326414,s-0.911704461,s46.639146729
060_26,s0.178850692,s1.008635224,s224.010933354
060_27,s-1.206510807,s2.020610922,s20.754148528
060_28,s1.063952517,s4.593369101,s314.699718241
060_29,s-5.084149704,s-2.629027636,s174.122494246
060_30,s1.348120646,s2.334441516,s303.101835638
060_31,s-3.638206607,s2.716257588,s269.903339784
060_32,s2.722409075,s1.766745485,s144.395897575
060_33,s5.010815193,s0.072042460,s242.283418965
060_34,s4.525507662,s1.094284268,s159.359020447
060_35,s4.936685683,s3.085864876,s228.326099311
060_36,s-2.298621121,s1.383861319,s91.026974945
060_37,s-4.920563366,s2.369555038,s93.556742347
060_38,s-1.247417362,s4.672542345,s270.778877930
060_39,s-1.531691098,s4.088629681,s308.362404148
060_40,s-1.964355809,s3.979170638,s6.768156947
060_41,s-0.231460736,s-2.131287096,s140.826034732
060_42,s-3.290680518,s-0.730822573,s20.916844671
060_43,s-0.019907413,s-0.803907076,s309.025210514
060_44,s1.300292607,s4.036020573,s228.694971352
060_45,s-1.140446080,s0.992494045,s21.183545269
060_46,s2.980361529,s3.117882721,s4.958640912
060_47,s-3.750688912,s3.494186491,s39.541275146
060_48,s3.722772647,s2.238850019,s57.167237537
060_49,s1.692363338,s0.699613203,s168.830068039
060_50,s3.013487313,s0.350661831,s100.097422680
060_51,s1.448204946,s1.562353301,s19.980930321
060_52,s3.521738638,s4.964790205,s68.914415355
060_53,s4.662381814,s3.500459031,s284.326193561
060_54,s-5.023670802,s0.714913957,s196.789426728
060_55,s-5.070194375,s3.824363950,s140.139169897
060_56,s4.331316579,s4.957313197,s56.031080913
060_57,s-0.630428734,s4.998544908,s112.655520800
060_58,s3.498823283,s4.583180499,s209.215168339
060_59,s4.164639716,s2.192888102,s244.412823835
061_0,s-3.019959923,s-5.049621828,s344.669659541
061_1,s-4.932734136,s-0.071547709,s83.706550317
061_2,s2.882864644,s-4.919692659,s189.342211520
061_3,s-1.501845694,s1.009696700,s202.037218062
061_4,s-2.609635585,s-3.315372426,s327.031269109
061_5,s-4.815030907,s1.680497517,s9.943070876
061_6,s5.180466337,s0.121531169,s110.071821526
061_7,s4.834302542,s0.665909708,s102.091830864
061_8,s4.146367018,s-4.360550981,s123.756510231
061_9,s-3.654212562,s-3.800976762,s73.020767810
061_10,s-4.965376576,s-1.927733816,s261.504221508
061_11,s-3.717764008,s-2.426811089,s129.069688134
061_12,s-0.912956512,s-4.027668034,s33.621257573
061_13,s0.490525189,s-2.267011034,s193.060146267
061_14,s1.850057130,s-1.442844269,s307.929624544
061_15,s1.543461114,s-0.763593275,s88.072384828
061_16,s2.107978933,s-2.354838368,s149.839586239
061_17,s5.004860438,s-3.001472269,s185.175281189
061_18,s-3.693117517,s-0.802677317,s136.510812995
061_19,s0.005399766,s1.140985227,s45.759691487
061_20,s-0.683275872,s-0.846243845,s345.592426347
061_21,s3.750977253,s1.614329169,s316.303868931
061_22,s-1.737581641,s-3.243139498,s207.026203312
061_23,s4.304001500,s-1.217235988,s128.084209712
061_24,s1.024543313,s1.984289579,s101.476124871
061_25,s-4.764787263,s3.179967074,s327.681042425
061_26,s4.851364186,s-0.841324011,s334.825037660
061_27,s-2.035791493,s4.478545190,s316.528303130
061_28,s0.220987578,s1.607301045,s144.577656277
061_29,s-4.946307545,s3.604761409,s284.892265829
061_30,s1.335018917,s2.909756881,s358.594784485
061_31,s4.704718199,s2.567920061,s86.525791451
061_32,s5.269424797,s-5.228185984,s337.581786425
061_33,s0.772456758,s-0.495118916,s356.769844631
061_34,s5.260732466,s2.560249854,s324.269347519
061_35,s-0.225018382,s0.004812103,s308.808771001
061_36,s1.360785684,s0.862705745,s299.156275476
061_37,s1.227021412,s-1.175089418,s230.905055187
061_38,s1.552290626,s0.218905055,s150.757330571
061_39,s-2.859033688,s0.035817242,s350.409076694
061_40,s-2.618298229,s4.865854945,s69.599481972
061_41,s5.096363781,s3.275041511,s329.549067042
061_42,s3.669839862,s2.754002143,s137.991757584
061_43,s1.303480289,s4.559885289,s294.410714510
061_44,s5.045847051,s1.733009715,s15.533940606
061_45,s-4.867413679,s-3.559639050,s278.930195851
061_46,s-1.216281887,s4.875799936,s100.379884022
061_47,s-2.790993215,s3.483867197,s163.027510285
061_48,s0.692965075,s3.574277522,s264.177586393
061_49,s1.948076878,s4.909082479,s0.076248552
061_50,s-4.167037712,s4.460612002,s11.780523962
061_51,s2.567051873,s4.454274372,s320.892158993
061_52,s5.110215987,s4.843730480,s217.722140407
061_53,s-0.249413336,s2.686282990,s330.005914111
061_54,s-4.891868530,s4.841770542,s180.178301778
061_55,s-3.039770893,s1.112165451,s283.133082827
061_56,s-4.033527411,s0.815163038,s190.358632450
061_57,s2.985908262,s2.683117268,s267.036687633
061_58,s-4.894082517,s0.877103895,s314.657090996
061_59,s4.482508040,s4.616869282,s33.027462958
061_60,s-0.524139669,s3.504779729,s47.722750271
062_0,s-3.809372218,s-3.001914902,s355.589292604
062_1,s-5.088066575,s-3.085469504,s272.942077525
062_2,s-2.099829083,s-3.672881032,s170.882085263
062_3,s-3.169106671,s-1.644270401,s24.431345234
062_4,s1.270806296,s1.256479826,s222.109491403
062_5,s-1.278898277,s-3.129563257,s340.605332324
062_6,s4.824469591,s-4.156739173,s355.684943665
062_7,s0.273266655,s-5.229194586,s58.570237725
062_8,s3.941112695,s-2.867503603,s316.083431800
062_9,s-5.294834081,s0.294723079,s134.728367542
062_10,s-4.072139735,s-0.037154540,s321.386496872
062_11,s-1.373100729,s-0.385134690,s284.606229962
062_12,s0.339074186,s-3.283815087,s273.904949816
062_13,s0.135738829,s0.822082177,s134.717877942
062_14,s1.178370274,s3.713609536,s310.695177143
062_15,s4.258703358,s-5.159033345,s123.137855902
062_16,s0.813155010,s2.243762099,s327.226568439
062_17,s5.001731774,s3.726386997,s225.860425508
062_18,s-1.284404822,s3.520732090,s251.216594885
062_19,s-0.607722321,s-1.627138470,s31.229365793
062_20,s-1.638974005,s0.710691738,s130.185623850
062_21,s1.980074260,s4.713269796,s153.944807173
062_22,s3.372241759,s-2.248859527,s72.936535175
062_23,s2.719506053,s-0.807125408,s225.026168481
062_24,s3.324557465,s0.723664739,s48.137901814
062_25,s1.192852351,s-4.635693308,s98.892357112
062_26,s4.996871902,s-2.921206413,s175.716412083
062_27,s-4.534237280,s-1.347952611,s4.612925495
062_28,s-4.548008020,s1.539213654,s352.799866825
062_29,s1.838907210,s2.773367044,s92.235089439
062_30,s0.835865644,s-0.785728082,s181.424510145
062_31,s-0.084761392,s-1.637592293,s98.477016838
062_32,s1.680902625,s-1.371354043,s142.879367469
062_33,s3.070476340,s3.734152443,s56.505987042
062_34,s3.700463998,s3.483104886,s353.770739897
062_35,s5.153117962,s-1.840631415,s176.967285743
062_36,s-2.623511861,s4.693064372,s182.858549760
062_37,s-4.141147876,s4.451200101,s80.187364891
062_38,s-5.419094649,s2.941491502,s55.978959800
062_39,s0.578622097,s3.977712320,s22.590099212
062_40,s-3.143407028,s0.728487454,s129.439131274
062_41,s-2.967002114,s2.514693340,s37.720419620
062_42,s5.353061780,s0.284664394,s236.228360788
062_43,s3.959867362,s4.775529305,s333.136815077
062_44,s5.284058296,s2.248328896,s273.947448828
062_45,s-5.394068299,s3.939575524,s215.405455987
062_46,s-2.190621471,s-1.520349874,s2.404591053
062_47,s-0.892219028,s4.815200032,s90.762142213
062_48,s-5.156440414,s1.946098353,s107.189555757
062_49,s-4.136025656,s2.279197824,s356.457122010
062_50,s2.649423734,s4.844925405,s56.772875678
062_51,s0.550261044,s2.714577083,s221.188671294
062_52,s1.390754018,s2.648953095,s28.497475814
062_53,s-0.763140650,s2.891683965,s113.667905229
062_54,s2.167684841,s-2.526569174,s123.781149887
062_55,s-5.419921107,s4.820097418,s246.855180399
062_56,s-0.903367401,s2.316472210,s63.398542677
062_57,s-1.850182676,s1.824243512,s2.823881316
062_58,s3.821576018,s4.749983519,s331.707335860
062_59,s2.548128396,s2.341734895,s62.116784424
062_60,s0.237956794,s1.742920106,s138.164145495
062_61,s5.376185036,s4.844925405,s20.067296275
063_0,s-3.797293939,s0.107377682,s245.856081218
063_1,s-4.937703368,s-4.928438468,s317.513878032
063_2,s-3.993712242,s-3.893477640,s220.103858022
063_3,s-0.174799825,s0.965874126,s172.555282735
063_4,s-4.712467204,s1.678821285,s33.755356784
063_5,s-3.923066734,s-0.734904618,s52.452764020
063_6,s0.484044365,s-0.154335441,s234.643369109
063_7,s2.201713340,s-2.686616032,s338.499238883
063_8,s0.314072588,s1.760528486,s178.602245830
063_9,s-4.816547120,s-3.152604344,s230.692999098
063_10,s-2.274224693,s3.859845776,s8.915541686
063_11,s2.868665978,s-1.537006045,s163.358241998
063_12,s-0.864822355,s-3.809516814,s246.952226061
063_13,s-0.005555722,s1.729062984,s160.377088160
063_14,s0.853810259,s-4.834543667,s128.099388057
063_15,s4.689240670,s3.038842690,s289.855678766
063_16,s0.943699601,s-1.798921739,s277.687792863
063_17,s4.857285645,s4.311089880,s251.836079467
063_18,s-4.927859388,s-1.692852188,s59.536392953
063_19,s-0.680054909,s0.489849261,s165.365691627
063_20,s-0.186021426,s-3.371055260,s340.559542683
063_21,s3.831031697,s0.788603936,s198.758995019
063_22,s4.499074565,s4.843259898,s196.666526250
063_23,s1.030446971,s1.340286131,s33.237655578
063_24,s-0.285399795,s1.993455306,s281.381922505
063_25,s4.825363855,s-3.239577508,s325.955809016
063_26,s0.917236255,s-0.575859034,s97.502803814
063_27,s-4.742994596,s4.853667261,s30.417621936
063_28,s-1.523289566,s-1.564578067,s243.154611585
063_29,s3.722533398,s-4.421945331,s203.217354514
063_30,s3.193832524,s3.693835582,s4.053358949
063_31,s-2.396146887,s-0.207333920,s28.511282530
063_32,s-0.067030030,s4.305894456,s270.528726044
063_33,s2.610313942,s1.715274698,s332.341172994
063_34,s3.571662135,s-1.507033653,s301.743409727
063_35,s3.719481097,s4.618874536,s16.567763077
063_36,s-4.152768250,s2.960833618,s272.887268700
063_37,s-2.300744783,s0.694298864,s60.997584238
063_38,s-0.033318134,s3.025117962,s41.280860632
063_39,s0.156487765,s-3.887690376,s26.531389681
063_40,s3.773857272,s1.622347957,s27.478248800
063_41,s2.391027947,s4.431977548,s45.018632673
063_42,s3.251523600,s-2.666009462,s325.193329321
063_43,s1.789901655,s-4.912883762,s149.487878606
063_44,s1.904187295,s2.967600002,s102.760039346
063_45,s-4.737185167,s2.686719834,s262.293977807
063_46,s-3.109816488,s4.900881287,s208.827064665
063_47,s-1.167523101,s4.914042438,s183.076204458
063_48,s-2.562678027,s2.016282724,s9.637971231
063_49,s-4.673617875,s3.961098284,s308.130538709
063_50,s0.623031595,s-0.915218450,s322.989113313
063_51,s-3.124802659,s2.892026344,s269.696702154
063_52,s-0.341827536,s4.870969701,s23.947983033
063_53,s2.091300901,s4.717450491,s353.956123543
063_54,s-4.309092735,s3.576309057,s48.846988925
063_55,s-0.470937988,s4.053979996,s258.056975633
063_56,s-3.277014527,s0.767362110,s325.989936685
063_57,s-3.993596368,s4.781030689,s234.446290110
063_58,s1.889837626,s2.413225986,s33.979698173
063_59,s-1.537894459,s4.521733132,s226.899524673
063_60,s-1.568906668,s-2.477349879,s160.371382620
063_61,s3.601680946,s2.713618145,s313.575581626
063_62,s0.543014701,s3.930047577,s168.281575187
064_0,s-4.827954180,s-1.785303761,s233.430157346
064_1,s-3.588938440,s-4.720885958,s52.193702606
064_2,s-4.435642571,s-0.802576412,s44.197441436
064_3,s5.219512619,s3.922765404,s206.668380000
064_4,s-3.326196143,s1.368937113,s33.723121631
064_5,s2.242294870,s-3.969526840,s276.056414446
064_6,s0.967785924,s-0.860496895,s105.082033108
064_7,s5.217863108,s-1.626283111,s32.098971779
064_8,s5.007630986,s-3.876114837,s66.571065863
064_9,s-1.928638533,s-0.997861642,s163.996218459
064_10,s-2.495077612,s-3.160661273,s240.458862083
064_11,s-1.158504086,s-2.414922264,s278.989201858
064_12,s0.879383385,s-2.206503520,s207.264560132
064_13,s-3.161272704,s-4.899981438,s136.597640706
064_14,s3.343443272,s-4.038439490,s326.025529193
064_15,s1.659908567,s0.224726285,s277.917993895
064_16,s-0.524551684,s3.928905853,s158.292890122
064_17,s-0.548549432,s-3.986943909,s344.748262315
064_18,s-4.797863741,s4.626127438,s102.607814341
064_19,s-2.703058802,s4.247180063,s65.395931829
064_20,s-1.578302425,s0.173183511,s336.145379917
064_21,s-1.782697455,s-5.039339873,s178.002975116
064_22,s2.645846340,s0.926030337,s34.939995916
064_23,s3.798050148,s0.481311643,s35.492404404
064_24,s-2.823763331,s2.477649744,s267.749511164
064_25,s-1.918334560,s3.845168030,s72.508987439
064_26,s4.955822701,s-3.023474311,s172.575989962
064_27,s4.927511271,s2.275822077,s73.888916486
064_28,s0.691840158,s-0.905385913,s126.099695573
064_29,s0.932411835,s5.070488869,s16.166551665
064_30,s-0.160588316,s1.551576156,s106.088358809
064_31,s2.556587545,s4.261716890,s260.668242546
064_32,s-0.024472694,s-2.027879201,s159.350284755
064_33,s5.048042154,s1.254855498,s188.561970557
064_34,s-1.868010178,s0.567696876,s222.954129413
064_35,s3.115566837,s-2.692991460,s232.287197352
064_36,s-4.784352317,s3.726225023,s314.694739675
064_37,s-3.578326423,s4.821133619,s327.968022337
064_38,s1.783289488,s4.969508848,s64.328337192
064_39,s-3.869967242,s0.438768616,s202.615157915
064_40,s-3.070978358,s2.861084406,s72.092518628
064_41,s-0.880958915,s2.116402442,s250.257334460
064_42,s2.769518116,s1.971908282,s347.295293316
064_43,s0.698510926,s4.062643549,s341.258899027
064_44,s4.941856476,s3.033106268,s99.294717543
064_45,s-0.247833033,s4.636721488,s223.561297589
064_46,s-2.991470092,s-1.528837592,s232.725051533
064_47,s-4.543475160,s0.921187074,s88.260597096
064_48,s2.821725990,s4.815189086,s89.397644305
064_49,s5.040327305,s0.027541028,s158.378512390
064_50,s4.562266469,s-1.107811782,s196.951980279
064_51,s1.746078835,s1.899891510,s97.411940164
064_52,s3.299200699,s-0.534957728,s213.344955852
064_53,s5.216449372,s5.126102642,s97.441553731
064_54,s-4.760250458,s2.792915666,s161.903316926
064_55,s-4.864535370,s5.076331991,s266.999150511
064_56,s-0.851556802,s4.955621994,s24.797474321
064_57,s-2.450335254,s5.133101163,s298.278634457
064_58,s-4.466553750,s3.919554403,s218.210035532
064_59,s1.939121589,s1.396543996,s20.502821953
064_60,s-3.794566320,s3.386049527,s34.409755302
064_61,s3.785355193,s3.960595605,s92.619106095
064_62,s3.732840415,s1.153046783,s301.423209848
064_63,s-2.329007501,s1.778499516,s28.166337620
065_0,s-4.881272439,s-0.303625249,s219.539243561
065_1,s-4.121984762,s-2.696904451,s106.400788634
065_2,s1.025155544,s-5.181649557,s233.553775885
065_3,s-0.057835982,s-4.651045248,s94.242042634
065_4,s-0.201123733,s1.906869184,s8.754153369
065_5,s3.209876917,s-4.989824465,s313.582391912
065_6,s4.031561113,s0.606932126,s189.095057279
065_7,s3.327979042,s0.328310921,s338.144490639
065_8,s4.573727642,s-4.495408625,s333.401581416
065_9,s-1.193009965,s0.942089722,s255.811869819
065_10,s-0.283551710,s-2.976135342,s317.427261022
065_11,s-1.979129870,s1.222255940,s266.738590333
065_12,s3.254658207,s-1.216892016,s271.830894593
065_13,s-2.420460865,s2.785661693,s87.546225065
065_14,s4.699590364,s-2.907306541,s251.258741790
065_15,s2.336795088,s3.845341451,s99.096459827
065_16,s1.668917064,s-0.722994354,s20.971548489
065_17,s-0.702422992,s0.708454506,s219.500963001
065_18,s-1.606959596,s-1.676671626,s77.725978913
065_19,s-4.707580536,s-4.594665581,s107.572641072
065_20,s1.270645861,s0.164596900,s347.325463924
065_21,s3.942484731,s2.296510257,s309.847212623
065_22,s-0.938378359,s-0.502500964,s312.037358006
065_23,s2.462539849,s0.371257300,s297.725882336
065_24,s0.716785638,s-3.342819163,s28.918416082
065_25,s1.703926990,s-1.796418373,s47.468620523
065_26,s-0.137416486,s-0.998095940,s243.417507635
065_27,s-3.035625708,s3.128035340,s19.621806573
065_28,s-3.041877508,s1.477058630,s44.496491929
065_29,s2.648509163,s-4.590448535,s185.929566298
065_30,s-1.561778853,s2.936004763,s105.940926091
065_31,s1.738755499,s3.817070585,s37.800969096
065_32,s-0.930156880,s4.975932562,s282.471723046
065_33,s3.987349006,s3.683930326,s100.449156951
065_34,s0.903802627,s4.948476908,s322.238562555
065_35,s4.856742522,s-1.853735545,s173.619624986
065_36,s-2.816137678,s-0.471638443,s240.684680776
065_37,s-3.263794152,s4.862987077,s131.309599335
065_38,s-4.455441998,s4.342021112,s33.451331205
065_39,s-3.011134470,s-2.680995016,s105.845107640
065_40,s5.028424961,s4.306363638,s10.781298839
065_41,s-3.531786262,s3.582536579,s194.165827481
065_42,s3.480953555,s4.322345605,s301.673899503
065_43,s4.789294899,s2.234395024,s19.896792842
065_44,s3.887033523,s1.176781694,s184.182391755
065_45,s-4.862914689,s4.330686224,s133.618142896
065_46,s0.678502895,s2.382711575,s341.473175318
065_47,s-4.154870968,s-2.004095450,s184.882313677
065_48,s-4.858306532,s1.976154727,s305.451739425
065_49,s-2.616682149,s1.868198482,s229.107097855
065_50,s0.924798841,s4.347107524,s352.358590748
065_51,s2.073681421,s4.914933403,s338.042772055
065_52,s2.548124701,s3.550505622,s215.953302422
065_53,s4.647935034,s3.364713279,s36.055265745
065_54,s-4.710391159,s-0.933061569,s317.861771099
065_55,s-4.009726762,s3.644369409,s25.485548489
065_56,s0.834559273,s3.325790927,s222.287513969
065_57,s-4.718869091,s0.528754642,s297.691286011
065_58,s1.530289973,s1.714880464,s42.691669817
065_59,s-2.505576365,s4.765959177,s237.107322941
065_60,s2.846202830,s1.503443136,s127.416388331
065_61,s5.121773867,s2.650469879,s5.351187959
065_62,s4.464866717,s4.877087441,s123.827314576
065_63,s-2.897959487,s4.683918930,s223.394314967
065_64,s-1.912201491,s3.915878490,s63.060671742
066_0,s-3.275830927,s-4.618761063,s197.406766370
066_1,s-3.829892084,s-0.853483001,s294.229400180
066_2,s-4.722634229,s-4.602125066,s83.929259167
066_3,s2.756595536,s-3.900691694,s68.369953644
066_4,s-2.321175761,s4.878245709,s76.976186928
066_5,s4.586590372,s2.364748597,s76.022959212
066_6,s-2.323896827,s-4.735782375,s223.710864747
066_7,s2.788969126,s4.681017672,s228.409937908
066_8,s0.988272954,s-0.009567892,s67.669061442
066_9,s2.378638136,s3.027803651,s349.179056434
066_10,s-4.604961147,s0.100409293,s324.034339622
066_11,s-0.365707810,s-2.858428169,s131.520414277
066_12,s-4.271528245,s-2.740686394,s99.852382102
066_13,s-2.257578582,s-4.348058313,s211.575135814
066_14,s1.122759557,s-1.099855872,s16.529726036
066_15,s1.396068992,s0.593802888,s171.926014453
066_16,s4.744999361,s-4.378481648,s284.886716792
066_17,s-2.520594889,s0.519824181,s300.279164265
066_18,s-2.225771678,s-0.025277925,s220.274125442
066_19,s0.524777515,s1.045602885,s169.992221326
066_20,s1.712590538,s-3.388290259,s288.029731607
066_21,s4.462735645,s4.737258783,s295.355387026
066_22,s3.629346109,s-0.510976633,s183.964803272
066_23,s1.401780092,s-4.037854015,s244.633214930
066_24,s4.628723003,s4.233542733,s158.409776169
066_25,s4.621497137,s3.391643976,s165.658652190
066_26,s1.406220276,s3.380105110,s4.157020555
066_27,s-0.908322815,s-2.257350599,s239.287406398
066_28,s0.815831154,s1.393533062,s219.302830864
066_29,s0.413638270,s2.055715537,s252.748487187
066_30,s5.040169947,s0.873859237,s338.331980172
066_31,s3.449024422,s-3.367126683,s321.755437338
066_32,s-3.540593769,s-2.977445300,s315.414769956
066_33,s-4.722634229,s1.919713857,s69.550413568
066_34,s3.329640803,s-2.107372376,s86.989437699
066_35,s4.782972937,s-1.297202057,s168.280657295
066_36,s-0.753079703,s-0.041472210,s70.725542255
066_37,s-0.085422624,s-3.344436339,s57.771803212
066_38,s2.790951151,s-1.782706195,s54.004819577
066_39,s-2.751855022,s3.019193234,s258.160644316
066_40,s3.742084891,s1.887757541,s175.683682800
066_41,s-2.784673959,s-3.579850624,s337.088639539
066_42,s-3.286133013,s1.526304944,s250.015915997
066_43,s3.250777526,s3.092000001,s208.690031767
066_44,s1.169644378,s-2.822559697,s2.561001088
066_45,s-3.590849533,s0.345816055,s60.001063385
066_46,s3.731127687,s4.930458726,s285.138185796
066_47,s-1.047764498,s4.198551890,s171.957445432
066_48,s-3.780354414,s4.567559393,s148.251866654
066_49,s-4.675774775,s4.715953284,s159.323564958
066_50,s-1.552604600,s2.388751458,s144.552817736
066_51,s-0.441993116,s3.050813074,s321.070103255
066_52,s-3.349062206,s-1.443192596,s207.523144533
066_53,s3.404673249,s3.075704890,s331.011782384
066_54,s-1.608385422,s1.250222585,s17.298846573
066_55,s2.596860152,s4.718214751,s201.488759135
066_56,s-0.029166192,s5.025381379,s104.066910789
066_57,s3.490567892,s5.032870867,s86.258966628
066_58,s-2.491755486,s2.134843024,s302.463198778
066_59,s-4.356733435,s3.871579114,s279.811271547
066_60,s1.254171027,s1.490976375,s353.090713342
066_61,s1.639588547,s-0.393116095,s335.603541676
066_62,s4.945307025,s5.032870867,s121.622825966
066_63,s-4.684424462,s3.467851406,s202.965148439
066_64,s-4.437510205,s2.358155559,s322.426819542
066_65,s-1.100108269,s3.556515788,s37.825902161
067_0,s2.839379909,s-1.426343336,s72.175542422
067_1,s0.029476419,s-4.572229526,s248.161436260
067_2,s-4.672738529,s-4.431358204,s287.359541713
067_3,s3.813017295,s-0.710105407,s258.694440278
067_4,s0.575455979,s-4.541076322,s229.569982398
067_5,s-3.661021142,s-0.634323572,s113.858623763
067_6,s-0.729565484,s-3.329321277,s126.749340949
067_7,s-3.185702832,s2.751073597,s87.187253100
067_8,s-0.668952731,s-2.316158198,s53.603753403
067_9,s-0.721131940,s4.393848958,s42.034399096
067_10,s-3.096200490,s-3.898462000,s291.081268845
067_11,s1.011049137,s3.910904985,s173.416608091
067_12,s-4.811764171,s4.622451974,s114.368139693
067_13,s-0.909528129,s-2.197393432,s205.030906216
067_14,s1.653292010,s-4.730634577,s355.466834457
067_15,s3.221300244,s2.132846205,s165.144427116
067_16,s4.682864562,s-3.921311949,s210.645491766
067_17,s3.683046269,s4.440158287,s223.154446617
067_18,s-3.955530394,s-2.323876716,s240.422859362
067_19,s-2.288680226,s-4.140310561,s229.546997038
067_20,s-4.437126762,s-4.460056950,s92.391767092
067_21,s-0.980669566,s-0.228582662,s33.540669317
067_22,s2.880496201,s4.134008283,s131.084849892
067_23,s-0.053992907,s3.616884294,s115.245434478
067_24,s3.877484462,s-2.828938102,s353.908300097
067_25,s0.817596983,s4.580003309,s301.978091837
067_26,s4.740495184,s-1.954390141,s269.940853317
067_27,s-4.811764171,s-1.693388251,s238.118866494
067_28,s-3.004590462,s-2.748538720,s183.408000960
067_29,s-1.510342565,s-3.417972153,s349.817747270
067_30,s1.352019769,s2.333912081,s35.892022332
067_31,s-1.320324976,s-4.442122071,s141.484255577
067_32,s-0.340785801,s-1.521068686,s97.007802240
067_33,s-0.937388284,s3.341747221,s344.476193470
067_34,s2.451052197,s1.238970972,s63.875921766
067_35,s-0.061753328,s4.078689723,s251.289675938
067_36,s-3.058418138,s1.984334889,s189.105138683
067_37,s-3.123352371,s4.780022382,s124.613946960
067_38,s3.001197804,s4.718746056,s68.733980643
067_39,s2.381911323,s-3.726240703,s224.632585450
067_40,s4.591974358,s1.087880336,s137.460399097
067_41,s1.019998113,s3.637759084,s124.532272428
067_42,s0.683273614,s-3.561121898,s246.186267430
067_43,s2.401879838,s3.263743329,s92.905749868
067_44,s1.891834759,s3.250697729,s222.857642719
067_45,s-0.751211962,s0.880895381,s315.749023574
067_46,s-4.408656122,s1.841807500,s196.223820404
067_47,s-3.510351549,s0.560124069,s152.590596125
067_48,s-4.107714422,s4.693674305,s118.248919696
067_49,s1.766805147,s1.796359513,s346.604749804
067_50,s2.348144764,s-2.504294547,s145.747468701
067_51,s-1.693632751,s-0.066674944,s257.555432449
067_52,s2.812051437,s-0.359439849,s21.673478397
067_53,s0.431333586,s-0.325359796,s241.746384337
067_54,s-1.592048278,s-0.806587302,s113.037169164
067_55,s-4.402349251,s3.597849381,s137.956719725
067_56,s-4.633018919,s3.226147835,s282.449654218
067_57,s4.656220736,s-0.465888068,s46.572930523
067_58,s4.011859108,s2.602074091,s269.354337096
067_59,s4.549653095,s-1.250271634,s1.778690050
067_60,s4.576964254,s4.625306715,s289.247770711
067_61,s-0.268005290,s2.331499234,s99.860841975
067_62,s-1.123930369,s4.547699563,s195.017303715
067_63,s-4.016307684,s2.865129434,s224.447536783
067_64,s4.688262837,s3.283663232,s9.392598544
067_65,s-3.566826890,s4.340252412,s240.328380239
067_66,s-2.098727903,s1.751957700,s274.411712018
068_0,s-4.314714306,s-3.488047376,s316.619688336
068_1,s-5.121839413,s-4.133887412,s91.455778600
068_2,s0.723080327,s-3.001372293,s293.262971588
068_3,s-2.124887972,s-0.920473401,s168.149543397
068_4,s1.797152337,s-4.448869714,s333.260837226
068_5,s-0.884315379,s-4.796712048,s23.815856664
068_6,s5.124802349,s2.630996903,s76.848533526
068_7,s4.908437657,s-5.488631223,s333.829145924
068_8,s5.226475370,s-0.295735378,s191.096530304
068_9,s-4.261852114,s-1.166227522,s315.411983038
068_10,s-1.306868995,s-1.798416825,s107.646557810
068_11,s-0.343954896,s-2.451985519,s144.158013322
068_12,s-1.729514512,s1.294573101,s105.991571183
068_13,s-4.470359409,s4.721782727,s152.846294826
068_14,s2.576883798,s-0.507470833,s224.906082934
068_15,s-1.432484675,s-0.989732076,s319.797249510
068_16,s2.409015960,s-2.874884534,s98.247574252
068_17,s5.339678467,s1.790972671,s226.667065086
068_18,s0.302909858,s3.727240612,s181.132043199
068_19,s-3.709895879,s-0.542946463,s45.332911387
068_20,s3.163383235,s0.124482212,s247.818862990
068_21,s-2.131490372,s0.197621744,s121.893934486
068_22,s0.899831507,s-0.858699469,s23.186416538
068_23,s4.048508088,s-0.911439514,s334.656880927
068_24,s-2.853123675,s-2.525173163,s78.819917306
068_25,s0.016296660,s-4.263437565,s350.299962966
068_26,s2.082425131,s0.262518618,s262.399039459
068_27,s0.946375190,s1.302314228,s210.322510832
068_28,s-2.289127605,s4.851958042,s59.406669856
068_29,s-2.169871135,s2.783232942,s333.739611303
068_30,s1.112151041,s3.143545972,s259.767999578
068_31,s0.929831470,s2.171614557,s115.518976427
068_32,s5.221196342,s-2.948333746,s195.978648789
068_33,s2.981626144,s1.805748021,s60.030371866
068_34,s3.156368428,s4.202861229,s73.537421841
068_35,s2.692939739,s-5.317765472,s338.676572376
068_36,s-1.388824634,s-0.489779663,s157.106044415
068_37,s-3.358260738,s4.573832436,s45.277265324
068_38,s-2.947526184,s0.864599050,s69.844210492
068_39,s3.724530443,s-1.383104803,s155.522840310
068_40,s2.198447030,s3.445640177,s328.274007657
068_41,s1.143221962,s4.454776138,s60.206703639
068_42,s0.785192535,s0.005065059,s278.275426471
068_43,s4.062200462,s1.096779541,s86.117319521
068_44,s5.392843447,s3.504662993,s85.466986519
068_45,s-3.742481258,s3.054495559,s103.896896205
068_46,s-1.171970912,s3.349722215,s12.361878634
068_47,s-3.052443008,s1.930486867,s83.310067413
068_48,s-4.786151377,s-0.706127096,s161.009349444
068_49,s0.046824555,s-1.365985913,s53.323934666
068_50,s3.548142980,s2.561128288,s308.139955784
068_51,s-1.558513191,s2.177309913,s267.641053546
068_52,s0.393316469,s2.317113559,s102.938239359
068_53,s3.064841370,s3.454963955,s209.320608890
068_54,s-4.740052256,s3.824231970,s96.551416840
068_55,s-2.391841415,s2.685555508,s336.811522200
068_56,s-4.299802009,s2.164534095,s179.610814477
068_57,s-1.418820683,s4.547942769,s130.322931251
068_58,s5.207920139,s4.900920817,s93.804250664
068_59,s-4.890003947,s2.048035553,s226.322142035
068_60,s3.481748533,s4.918123433,s110.481494507
068_61,s1.913491357,s2.332322068,s22.702645801
068_62,s4.192077651,s3.875772076,s267.068728409
068_63,s0.265603190,s4.744188493,s173.481736135
068_64,s-3.055358146,s4.891361667,s110.984314604
068_65,s4.716136051,s3.202974720,s117.916334623
068_66,s-0.636843840,s4.980458733,s25.718797049
068_67,s2.712148115,s4.956117774,s299.629932502
069_0,s-3.475436217,s-2.590951534,s262.987458659
069_1,s-1.145454420,s-2.126213366,s61.895503317
069_2,s0.179571269,s-1.808545327,s170.288923723
069_3,s3.232840137,s-2.586693903,s308.308752841
069_4,s0.033879553,s0.303000111,s145.373111238
069_5,s1.136658011,s-2.581525533,s185.344335484
069_6,s4.273446077,s-4.101048567,s152.363895426
069_7,s0.093694282,s-4.825315160,s180.632873998
069_8,s4.433887508,s-2.372973092,s235.681338281
069_9,s0.839390094,s-0.464132664,s314.141756021
069_10,s-5.144589738,s-4.971119968,s328.131639007
069_11,s-1.054143840,s2.997457789,s123.222618425
069_12,s-3.394602286,s-4.332007053,s167.390160978
069_13,s5.181902114,s1.767542969,s199.530956107
069_14,s0.556941287,s4.644975381,s174.277845201
069_15,s-2.071519639,s-0.105224630,s340.416730880
069_16,s3.320149233,s-0.838510965,s173.190430255
069_17,s4.446838563,s-0.728561579,s122.071015650
069_18,s2.493845080,s0.236786114,s54.324994178
069_19,s-3.628708860,s1.070474495,s38.732769795
069_20,s-5.205314667,s-0.545534207,s120.034784243
069_21,s-5.293087673,s0.900447379,s306.763097620
069_22,s-1.408711815,s-3.024514713,s185.632248178
069_23,s-4.995442327,s0.255166912,s307.475600886
069_24,s2.531316323,s-1.053771267,s271.705485700
069_25,s1.063349875,s-3.598733014,s143.566234059
069_26,s1.987660144,s-3.095709487,s39.373851658
069_27,s-4.282610597,s4.801267889,s156.321869630
069_28,s0.285032810,s0.015670137,s119.352956339
069_29,s0.799777412,s-1.335897233,s23.050539617
069_30,s-3.001824066,s4.939821831,s328.959792126
069_31,s5.197836184,s-1.231805768,s241.053237424
069_32,s4.940818319,s4.853705085,s338.616883974
069_33,s1.249568133,s2.145242005,s256.202376588
069_34,s-2.239238597,s0.917302082,s325.649310562
069_35,s1.871296629,s1.285341506,s132.361120673
069_36,s-4.631724345,s2.615416709,s109.024370835
069_37,s-1.966054577,s1.607101999,s244.279815489
069_38,s-4.421391460,s1.502272335,s222.012713874
069_39,s-1.399732574,s4.324162088,s215.113311727
069_40,s2.953043441,s0.757039613,s279.400890112
069_41,s3.861538995,s-3.446154285,s193.500145552
069_42,s-4.918732374,s-1.577745996,s349.473097465
069_43,s3.719131559,s2.727982430,s356.512007862
069_44,s0.270948201,s4.338689779,s196.055025120
069_45,s-2.161361083,s2.491133576,s190.246913517
069_46,s-2.358773019,s-2.107968646,s19.817190441
069_47,s-0.616237764,s4.014590636,s115.496959446
069_48,s-3.939362811,s-1.345032247,s183.399198974
069_49,s5.276864836,s2.138540507,s133.807161525
069_50,s0.366704806,s1.790640760,s190.305551037
069_51,s2.544524323,s1.638338270,s58.742694611
069_52,s2.027845444,s5.075775720,s101.652934652
069_53,s4.845384195,s2.986787191,s190.032871991
069_54,s-1.492041923,s4.848830625,s154.310190684
069_55,s-4.917192507,s4.408783732,s34.417489221
069_56,s-0.665635480,s5.030026855,s248.571159070
069_57,s-3.021901692,s2.427110088,s24.282404126
069_58,s4.897446953,s3.523586562,s40.978126377
069_59,s1.356041249,s2.941454090,s31.618806927
069_60,s2.508866961,s5.021650775,s190.044219883
069_61,s1.202646555,s4.765789719,s288.795879349
069_62,s3.394483652,s2.885577306,s47.000352800
069_63,s-3.732533739,s4.300899611,s281.857785608
069_64,s-2.802957211,s-0.398667018,s160.401196949
069_65,s-3.123407121,s5.008837741,s190.483435751
069_66,s3.669565636,s3.646492691,s185.456431676
069_67,s-3.020681836,s3.547193471,s299.544935479
069_68,s2.591347775,s4.230855667,s205.569986794
070_0,s-3.032198750,s-3.809128610,s132.387163239
070_1,s-3.462264953,s-1.955765166,s348.547762533
070_2,s-0.540388510,s-3.007171482,s190.398450216
070_3,s-2.241877006,s-5.032630088,s20.615181710
070_4,s-1.680811243,s-3.224856703,s147.787754424
070_5,s5.277919448,s4.464504689,s262.436125910
070_6,s1.898424841,s-2.415676789,s275.109176137
070_7,s-1.620469106,s0.828672406,s244.469710818
070_8,s-1.717067602,s-1.953621882,s220.583158989
070_9,s-2.685570258,s-2.559147066,s144.667449901
070_10,s-3.726183675,s0.947203696,s104.995824716
070_11,s-5.434519707,s-2.439361146,s246.730475784
070_12,s-1.997792315,s2.492965900,s211.003451859
070_13,s-5.295192298,s0.442061216,s32.153010726
070_14,s-1.475365925,s-1.299298540,s302.204022058
070_15,s0.630699144,s-3.272546141,s155.110753315
070_16,s3.712977309,s-1.258977817,s344.633241497
070_17,s4.989057983,s-3.101882192,s329.804821066
070_18,s-4.416292750,s-1.509608235,s8.645224062
070_19,s-5.475046827,s-0.581888192,s131.850390571
070_20,s-2.942830922,s1.314505576,s245.995386775
070_21,s-4.450885393,s-5.356053656,s238.515175050
070_22,s2.417749851,s-1.492235125,s104.084941922
070_23,s2.471929030,s-0.100472908,s35.555604535
070_24,s3.920550455,s-2.137994606,s336.788905969
070_25,s-0.598153488,s1.836761156,s194.527358997
070_26,s4.779066483,s-0.722504825,s348.529218843
070_27,s-5.217414573,s-4.490345992,s172.326189136
070_28,s-1.505491835,s4.326594658,s279.637575622
070_29,s4.333314039,s0.415534047,s130.249147606
070_30,s3.638305500,s-4.442651845,s113.133792562
070_31,s2.001800131,s3.433598097,s95.194951389
070_32,s2.140543901,s1.271538355,s21.261514319
070_33,s0.829792581,s-1.271243699,s3.356718314
070_34,s4.254956084,s3.594504617,s138.125320132
070_35,s5.190100743,s0.647069216,s304.043266362
070_36,s-5.567861488,s3.392521138,s279.102885967
070_37,s-2.710319846,s-0.305090477,s246.528452809
070_38,s-5.460875714,s-1.746304003,s40.362035606
070_39,s1.543079904,s3.456253388,s103.456811498
070_40,s-4.972868129,s2.245006923,s293.388499261
070_41,s5.134035655,s1.929704997,s219.286896151
070_42,s2.747025206,s-3.589534841,s218.946150037
070_43,s-4.957964195,s3.702904599,s138.677727671
070_44,s3.750110179,s-0.171746080,s233.907308214
070_45,s-4.314025126,s0.692031132,s285.699925565
070_46,s-4.484304056,s2.526682611,s243.875037854
070_47,s2.661282094,s1.714436394,s232.591312635
070_48,s1.451183537,s-5.436526948,s247.706674757
070_49,s-2.463703932,s3.963337155,s315.379837807
070_50,s0.788753559,s3.575074900,s225.769639441
070_51,s4.408841991,s4.044798162,s145.365865769
070_52,s1.819255412,s2.117664611,s347.062583277
070_53,s4.481516447,s4.970033830,s178.887196242
070_54,s-5.345169825,s4.958893610,s139.826991313
070_55,s0.525513742,s0.817812432,s317.494631630
070_56,s-5.405748939,s2.281774512,s268.349509187
070_57,s-2.570067260,s4.497238673,s324.358109636
070_58,s3.648639168,s2.209904381,s272.275472431
070_59,s-4.873444808,s4.745699296,s305.247251829
070_60,s3.588689432,s3.029340529,s100.845981763
070_61,s3.149962643,s4.493902239,s82.457591514
070_62,s-0.499161313,s4.194672999,s338.673146157
070_63,s-2.763525244,s0.687458176,s200.777695677
070_64,s1.995603440,s-1.827116692,s104.053334391
070_65,s-1.226940150,s4.983554739,s8.923485878
070_66,s2.212722405,s-0.130661419,s345.666750730
070_67,s-3.472932969,s4.867718586,s212.833471659
070_68,s0.628005857,s2.227797135,s194.795313486
070_69,s1.439857478,s4.390031258,s300.283374384
071_0,s3.609610704,s-2.020560311,s146.981898451
071_1,s-4.610650151,s-1.410406332,s310.584432361
071_2,s-2.908222888,s-2.952698191,s86.056316267
071_3,s-3.383180340,s3.699358708,s237.574689693
071_4,s-3.624058155,s-3.566325014,s172.009250595
071_5,s1.668900242,s-3.784125928,s112.625628498
071_6,s-0.113441958,s1.730550736,s19.083049850
071_7,s4.879005235,s-4.374779408,s200.861379142
071_8,s2.594834316,s-5.130475162,s242.892394537
071_9,s-0.233331911,s-0.414634814,s101.850963357
071_10,s-1.657320076,s-2.733023703,s300.400069166
071_11,s4.555405702,s-0.954306644,s148.404684757
071_12,s0.857997868,s-4.306797487,s220.991997581
071_13,s-2.456698613,s-5.154173160,s272.449763038
071_14,s4.898301159,s-0.043789531,s35.588616541
071_15,s0.780395377,s-0.132700609,s202.937363459
071_16,s2.692044800,s-2.936238431,s71.614415017
071_17,s3.911301608,s-3.755801578,s90.200790707
071_18,s-1.277700484,s-0.789371637,s192.647350832
071_19,s-4.731000252,s-0.305050460,s1.627964412
071_20,s-0.813994682,s4.237910812,s124.778128989
071_21,s-4.566126192,s-4.575176591,s212.135303329
071_22,s0.723532216,s3.277927848,s190.573493494
071_23,s-2.158737981,s1.619279547,s13.207122110
071_24,s3.278279506,s1.761552726,s287.840038123
071_25,s-0.729500164,s4.542150313,s115.543216644
071_26,s3.657964236,s-1.061637759,s198.621927676
071_27,s0.047209710,s0.053476028,s105.002031790
071_28,s-4.138210897,s2.923416906,s84.661679900
071_29,s-2.710729136,s-1.987981698,s8.109187238
071_30,s0.011108663,s-2.990405933,s149.907688111
071_31,s0.397590827,s-3.976114499,s68.399550432
071_32,s-1.075277328,s4.682634140,s169.187984906
071_33,s-2.688265152,s2.222206150,s138.097552739
071_34,s4.001592351,s2.688319584,s197.135350574
071_35,s2.919343116,s3.638983101,s79.052085988
071_36,s-1.527896249,s4.469094093,s22.129333484
071_37,s-2.471559012,s0.012045050,s224.884851322
071_38,s-4.280159328,s2.378167623,s60.057148702
071_39,s-3.061451106,s4.740582454,s45.351077966
071_40,s2.021213372,s-2.320603300,s29.084329054
071_41,s3.005048579,s0.558015905,s29.632200308
071_42,s2.112431430,s2.664241289,s308.148560343
071_43,s-0.540404748,s1.869447201,s22.118150595
071_44,s3.968556419,s4.724967863,s211.119243023
071_45,s-4.651601898,s-3.437776452,s312.304509049
071_46,s-4.941003240,s1.489517089,s350.156765007
071_47,s1.355258519,s1.075885079,s204.217360581
071_48,s-5.011363391,s4.431331500,s218.004955187
071_49,s-1.229282897,s-0.073301756,s251.468777548
071_50,s0.298817993,s3.000889002,s221.627231577
071_51,s4.959087463,s4.347342169,s19.095968014
071_52,s4.921160040,s3.325061156,s10.126327974
071_53,s4.424801795,s1.357539515,s142.624271120
071_54,s-3.965965667,s4.740582454,s192.082026484
071_55,s2.361240914,s3.795721963,s135.882255630
071_56,s-3.464346381,s1.327951972,s117.497053383
071_57,s1.757684632,s4.414754851,s220.475619481
071_58,s2.619686183,s2.670379384,s327.221451730
071_59,s2.025692364,s-1.389337861,s145.520767608
071_60,s0.666173993,s-1.300631275,s191.116293136
071_61,s-4.104147591,s-0.444598552,s83.067735016
071_62,s2.588625615,s4.310233043,s207.637080835
071_63,s-5.032705006,s2.980996085,s128.417258976
071_64,s4.381346226,s2.019515561,s322.335765482
071_65,s-4.572326395,s4.581271046,s150.720274998
071_66,s4.979810605,s1.924453235,s21.770093999
071_67,s1.189412097,s4.710558031,s163.075710751
071_68,s-3.416778527,s-2.118875819,s307.356963493
071_69,s4.778680070,s4.712972619,s8.659394277
071_70,s4.935755155,s-1.781066252,s244.782051744
072_0,s-3.010074662,s-3.633638017,s167.943404267
072_1,s-0.091738648,s-1.394248150,s274.298432473
072_2,s-1.059304115,s1.319178868,s47.240839338
072_3,s-2.859985951,s-4.442104310,s359.056718716
072_4,s-1.816340366,s-0.556514934,s233.272046793
072_5,s-0.435824936,s-4.386237042,s330.441050524
072_6,s-4.097544886,s-2.468166557,s351.588432880
072_7,s4.187728709,s-3.143365019,s39.523713172
072_8,s4.900647591,s-4.920934244,s341.828865392
072_9,s2.068585172,s2.051330115,s187.197923847
072_10,s-4.571322882,s-3.928723037,s165.359462025
072_11,s-4.648053322,s-4.298318898,s253.312289966
072_12,s-1.454166865,s-4.782709582,s120.945547587
072_13,s4.909752330,s4.230202022,s5.863765334
072_14,s-2.746432053,s-1.513183560,s281.951159686
072_15,s1.671601536,s-4.783732892,s340.297296674
072_16,s-2.038656606,s4.657874243,s267.745500998
072_17,s3.562724697,s-2.844947147,s82.237570237
072_18,s-4.678658557,s0.822364060,s295.839863847
072_19,s-1.670192638,s-2.694243369,s48.911734635
072_20,s4.702414441,s1.991351174,s98.935929041
072_21,s0.360853326,s-3.222553130,s247.978986653
072_22,s3.654421252,s1.584369152,s134.288773532
072_23,s-0.258830322,s-2.247596787,s29.266126834
072_24,s2.579309032,s-4.541231449,s355.125079034
072_25,s-4.073403378,s1.022663138,s36.887735438
072_26,s4.540815908,s-0.695254314,s323.251622506
072_27,s-4.332474475,s1.862580752,s258.458788598
072_28,s-1.631801432,s3.751577281,s244.629742824
072_29,s0.013679057,s1.239338305,s137.308985553
072_30,s-3.422072540,s4.190232820,s121.237034628
072_31,s-1.033508683,s3.661623752,s281.776667750
072_32,s3.058667806,s4.198370271,s252.845232667
072_33,s3.023205045,s2.534065861,s350.885012727
072_34,s-1.414136440,s-3.395212174,s221.652150696
072_35,s-1.883041849,s0.183939979,s337.691536937
072_36,s-4.839639771,s4.664858678,s148.476278079
072_37,s1.762234075,s3.116149841,s266.135212225
072_38,s4.441877008,s4.763379974,s133.995471038
072_39,s-3.048948420,s0.137074368,s163.215337835
072_40,s-1.324865505,s-0.440286333,s332.019426824
072_41,s-3.196387220,s2.810399260,s190.749532460
072_42,s-2.964962616,s-0.877088645,s156.134431002
072_43,s1.433907858,s-0.336582248,s209.500938255
072_44,s4.713948969,s-1.809628566,s344.225150663
072_45,s-2.457040961,s4.492941317,s169.005252650
072_46,s-4.773235644,s1.662095187,s208.788402121
072_47,s-2.400340849,s2.676661589,s163.893379762
072_48,s2.644696272,s2.099826704,s80.137875717
072_49,s1.802386084,s4.501954782,s190.517607747
072_50,s-0.208310731,s1.002689725,s49.138316846
072_51,s0.433945995,s4.318181399,s185.670841535
072_52,s-0.510792298,s0.274865839,s53.752058356
072_53,s2.359800533,s-0.882326205,s327.145699178
072_54,s-2.419237874,s0.677165365,s200.168758355
072_55,s-4.008743206,s4.694922103,s165.656833546
072_56,s-2.060555296,s1.897123050,s16.646609233
072_57,s0.908509052,s-1.208004383,s231.454794114
072_58,s-3.930931530,s3.050118542,s164.468444083
072_59,s-3.208473785,s-3.067861714,s312.103525085
072_60,s4.870811310,s0.923425404,s56.474841014
072_61,s0.836691631,s-2.414274058,s122.268293077
072_62,s0.903554984,s3.661427864,s359.700690938
072_63,s0.315607814,s2.400607614,s11.894009516
072_64,s-3.374668836,s-2.515749566,s86.140680202
072_65,s0.619443530,s2.801306576,s199.425087357
072_66,s-0.090483142,s3.508786096,s187.842424223
072_67,s2.315200248,s4.031277592,s64.324896269
072_68,s-3.986536091,s1.591947193,s128.869969083
072_69,s-4.421287884,s3.192572484,s149.164165564
072_70,s3.922216513,s2.061873952,s330.391521887
072_71,s3.392543749,s4.625293262,s315.315816080
073_0,s-5.187720614,s0.295814984,s144.136758278
073_1,s-3.423321006,s-4.447689884,s118.543117436
073_2,s1.266517719,s2.936214503,s106.648441390
073_3,s-0.383706540,s-5.047159597,s273.545945812
073_4,s-0.493055752,s4.861350268,s230.742001588
073_5,s3.164542660,s2.090870166,s112.880409467
073_6,s4.969564669,s1.296410769,s99.723602892
073_7,s5.078435520,s-4.513681192,s216.651006208
073_8,s5.078256377,s-2.924685661,s91.091376848
073_9,s-1.627577100,s-1.172359304,s47.255497038
073_10,s-0.226661140,s2.601962973,s328.048906970
073_11,s-1.707659830,s1.580503460,s287.740178345
073_12,s-2.051914257,s-0.458898447,s121.003867191
073_13,s1.022061825,s-5.423109204,s351.170396663
073_14,s0.279578365,s0.755847741,s59.616437085
073_15,s-0.512327464,s0.360603572,s319.154074733
073_16,s2.497156478,s-5.034073103,s4.603738262
073_17,s4.436552979,s-5.028710031,s319.385159195
073_18,s-3.354484761,s-0.955445873,s241.232492402
073_19,s-2.150095586,s3.870025479,s321.463634443
073_20,s-3.168871778,s1.221824866,s100.383675987
073_21,s3.660949752,s-0.221208765,s40.593551896
073_22,s3.872710979,s1.746455223,s53.131797621
073_23,s-0.529610178,s-1.993380062,s221.705270023
073_24,s3.672285754,s-4.171314536,s48.400152228
073_25,s5.102022299,s-3.564240306,s4.666272862
073_26,s2.000521361,s-0.488090393,s300.056934401
073_27,s0.078488435,s4.049285129,s180.513301483
073_28,s-4.955222278,s2.859968772,s90.562296297
073_29,s-2.482255756,s-2.852955131,s293.400912603
073_30,s-4.296933894,s3.917701975,s230.449024028
073_31,s-4.231654347,s1.691066413,s40.937089797
073_32,s1.590131082,s-0.918021071,s35.474341142
073_33,s0.954018426,s0.196729051,s333.566553298
073_34,s2.684783583,s4.755389904,s300.879041732
073_35,s2.726738505,s-1.230465192,s261.494620908
073_36,s4.995051449,s-0.958139704,s251.835498498
073_37,s-4.860436129,s2.311635553,s161.562156499
073_38,s-4.415463655,s-0.672168829,s234.012523991
073_39,s-2.251453879,s3.082122813,s164.127305852
073_40,s1.166315130,s3.915269391,s303.742790647
073_41,s2.630180712,s-3.402216185,s6.949943659
073_42,s4.522783616,s3.777962861,s209.598517404
073_43,s-1.274409923,s3.485792787,s208.820238308
073_44,s-1.363451112,s-2.007362091,s213.131540771
073_45,s0.332913323,s4.869083895,s26.866370251
073_46,s4.337409942,s2.606619087,s233.634287608
073_47,s-0.573776449,s-1.145317427,s140.421714679
073_48,s-5.100844647,s-3.917907801,s136.082108121
073_49,s1.167155853,s4.788488220,s323.316313733
073_50,s3.743516295,s0.451473852,s7.203161872
073_51,s5.028289246,s3.854476223,s77.318025268
073_52,s2.523874821,s3.121044307,s48.417039781
073_53,s5.252207129,s3.296360717,s122.500827103
073_54,s-5.182719903,s4.939575501,s312.582267002
073_55,s-2.270510562,s1.631338906,s256.449676602
073_56,s-2.562700487,s4.715044392,s344.141657863
073_57,s-3.877700059,s2.405671362,s82.123741608
073_58,s1.453915905,s-4.457191833,s302.447240473
073_59,s-1.214522057,s4.074437099,s343.850759755
073_60,s3.814168039,s4.632463750,s53.362748296
073_61,s1.881784493,s1.607991899,s109.453323085
073_62,s3.427524528,s3.947812699,s216.767540800
073_63,s1.131846145,s2.061898790,s34.314409304
073_64,s-3.509021060,s-0.166942668,s19.280433109
073_65,s0.900945230,s3.200283180,s43.478608969
073_66,s1.321994863,s-0.375739080,s214.724862225
073_67,s-4.878225889,s4.044472780,s191.517250504
073_68,s-1.625895320,s4.887831273,s338.516801848
073_69,s-0.048273337,s3.124022394,s284.191861291
073_70,s4.427378823,s4.878698252,s224.201882661
073_71,s4.719127864,s2.137540096,s99.023938963
073_72,s-3.616397917,s4.611437414,s285.940191448
074_0,s-4.978229641,s-3.501266409,s333.047415490
074_1,s-5.329286878,s-2.521403683,s100.374296024
074_2,s-5.071883072,s-1.139588125,s259.709869876
074_3,s-1.897504444,s-1.317108066,s320.302577822
074_4,s-0.401710769,s-5.482299539,s82.983478029
074_5,s-2.216246688,s-3.540603452,s315.939884276
074_6,s2.290126073,s-3.030405296,s346.375155965
074_7,s5.048858481,s-0.998402741,s330.589991758
074_8,s5.626105914,s-4.100591368,s103.099801544
074_9,s-5.321158233,s3.844280750,s96.168751698
074_10,s-1.447661136,s-0.043579482,s338.710533583
074_11,s-2.737229277,s-2.074453141,s271.205152986
074_12,s-4.610957656,s1.725552987,s150.818930771
074_13,s0.293446402,s-1.674858592,s292.887520979
074_14,s-4.175773147,s-2.701453185,s161.079880731
074_15,s-0.942812782,s-5.355896823,s323.397373415
074_16,s5.306450953,s-1.874888351,s147.330680121
074_17,s5.389551900,s3.540008020,s157.607913446
074_18,s1.683179192,s0.880544961,s101.329331281
074_19,s-1.977556660,s-4.649369413,s36.332973878
074_20,s-2.336010285,s0.917277503,s251.031775664
074_21,s-3.266789192,s-0.802375132,s42.475634064
074_22,s4.228675680,s-3.436865805,s188.989695177
074_23,s-2.369787404,s-1.174232226,s306.133299939
074_24,s-0.320720267,s-1.615568305,s42.017726475
074_25,s5.614714976,s2.848975736,s243.982598967
074_26,s4.882389124,s-5.794645425,s347.982833633
074_27,s-5.503650678,s-0.521740353,s68.979284810
074_28,s-3.513103726,s-1.685923731,s316.911848351
074_29,s1.021219342,s0.599744914,s55.380176580
074_30,s2.818090441,s-0.202616840,s34.278622974
074_31,s2.963536513,s2.302872987,s171.788909953
074_32,s-3.849798163,s1.558184821,s41.628274807
074_33,s3.925839406,s-2.755613804,s124.383631234
074_34,s1.170611306,s2.716842531,s256.959775426
074_35,s5.014814523,s1.380124925,s226.248387356
074_36,s0.794157325,s4.651414061,s36.599320924
074_37,s4.335880295,s2.193184460,s230.319657900
074_38,s0.495972585,s4.874736356,s281.318819001
074_39,s-0.103307280,s2.672896363,s334.018373326
074_40,s-1.239030187,s-2.032686258,s222.464135811
074_41,s3.482729775,s1.518943503,s103.400963454
074_42,s-0.036108680,s-4.930217950,s235.589815868
074_43,s4.529036108,s3.972352254,s121.799673031
074_44,s2.816282445,s-5.495235744,s338.713787914
074_45,s-5.217675323,s5.137171674,s102.532752438
074_46,s-5.119270160,s3.007905563,s65.232524010
074_47,s3.537140974,s0.713157606,s310.518381636
074_48,s-0.225142253,s0.988652459,s109.741213821
074_49,s4.988178884,s5.141453764,s15.060464148
074_50,s5.055256254,s2.540195768,s345.561128044
074_51,s2.814867454,s4.104961941,s22.781723457
074_52,s2.216136368,s1.820766036,s326.896132657
074_53,s4.954217670,s-0.161016591,s352.419829437
074_54,s-4.382407305,s5.068412205,s163.902030497
074_55,s-0.174322169,s2.901669463,s40.299805735
074_56,s-1.055777917,s5.242992664,s293.527218905
074_57,s0.665282674,s3.011063399,s330.274177763
074_58,s1.011211808,s5.262361587,s21.659250018
074_59,s-2.365048012,s3.728484967,s102.010987208
074_60,s-1.229410572,s2.154940150,s155.854795173
074_61,s4.612645795,s1.030123691,s292.355751512
074_62,s-3.476209125,s4.483157734,s147.041253356
074_63,s-0.276909637,s4.280431376,s62.984669877
074_64,s-4.112782225,s0.142190775,s118.208429262
074_65,s-5.578103496,s2.280646163,s109.191487753
074_66,s-2.315810315,s5.163887682,s306.940700390
074_67,s2.046698264,s4.230674415,s20.224331512
074_68,s4.634014605,s4.800901800,s38.436242840
074_69,s1.410021253,s5.242893922,s161.268767892
074_70,s3.991765704,s4.227345644,s149.963030252
074_71,s1.588857077,s4.863158412,s302.709875379
074_72,s-2.600089702,s2.348289403,s118.004180299
074_73,s-1.773156589,s5.070713876,s101.889297331
075_0,s-3.131627674,s-2.726243762,s171.996580957
075_1,s-3.179308987,s-3.890584373,s320.849177420
075_2,s-0.250504567,s-1.077627206,s60.450959143
075_3,s0.456295096,s-5.712489255,s95.343060878
075_4,s-4.444293765,s-2.455741582,s23.401659784
075_5,s0.789822824,s-3.735652380,s168.151628473
075_6,s1.552885061,s2.356544216,s161.977742139
075_7,s-2.258073381,s-1.221913443,s109.902558467
075_8,s3.678341426,s-2.924696160,s65.437515070
075_9,s5.630939650,s-2.235226657,s119.108546590
075_10,s-3.783901579,s4.874098074,s212.283713780
075_11,s2.780072316,s-3.907384282,s97.487975803
075_12,s-2.875891617,s1.400583371,s286.846386622
075_13,s-1.270841325,s-3.033727198,s118.252959138
075_14,s-0.193591610,s0.970961409,s42.316386840
075_15,s5.699048449,s0.272179752,s329.424492064
075_16,s3.714075463,s-4.972452552,s45.306059914
075_17,s2.809074595,s0.110192686,s121.030236108
075_18,s4.718723444,s0.675049935,s220.097884053
075_19,s5.649233678,s1.639027411,s124.108907781
075_20,s-2.758126687,s-0.926534211,s238.770746868
075_21,s-2.862237746,s0.617576814,s343.744545844
075_22,s-3.807754427,s-0.793594655,s357.447780872
075_23,s2.585995957,s-0.307337089,s226.928667249
075_24,s-4.314250753,s2.591955696,s253.158908170
075_25,s-0.119004669,s2.650833160,s16.112607922
075_26,s5.460621068,s5.160820121,s21.415778198
075_27,s5.344435333,s-1.446719406,s290.343289044
075_28,s4.106195022,s-1.069786110,s108.896652250
075_29,s0.274814449,s-2.482885693,s213.188339213
075_30,s-1.971190037,s4.765366902,s122.933482102
075_31,s-3.853100895,s3.601190177,s98.719805457
075_32,s-5.314686904,s-4.624797310,s116.000271081
075_33,s-4.252648954,s-5.206635426,s14.139059927
075_34,s-5.016917741,s-4.169967544,s312.100712688
075_35,s5.005720191,s-0.564254309,s4.706791518
075_36,s-0.321469891,s4.654237587,s350.361618663
075_37,s0.366917720,s-3.063532994,s156.098412497
075_38,s1.989828514,s1.024832789,s53.158764051
075_39,s0.205269196,s3.917156029,s173.494617513
075_40,s-1.042413520,s5.246097486,s253.425829311
075_41,s-3.147466302,s2.253562252,s147.880329518
075_42,s-4.180660755,s-3.455021310,s118.895643907
075_43,s-1.641236062,s1.911444783,s188.723993267
075_44,s0.852036201,s5.085582830,s4.104506639
075_45,s0.675281671,s0.728030204,s208.187308365
075_46,s2.637288708,s2.812972362,s189.673983224
075_47,s4.543175210,s4.546898605,s18.104095091
075_48,s4.810736281,s2.486695843,s272.864232064
075_49,s0.578832939,s-0.245450694,s127.310583897
075_50,s-2.931121129,s5.106310892,s223.664192534
075_51,s-4.673106120,s-1.869614039,s187.253961986
075_52,s-0.382004727,s5.043929305,s251.752380900
075_53,s-1.881556366,s-0.071372527,s343.420911463
075_54,s-5.199007320,s5.051102313,s18.087888130
075_55,s3.465855741,s4.423364448,s352.699808131
075_56,s0.485400204,s5.023356465,s300.894197185
075_57,s5.681313395,s3.694370709,s55.701179928
075_58,s3.318865893,s3.160673228,s60.722786440
075_59,s4.751757530,s3.771353083,s105.092275074
075_60,s-2.918509032,s4.214871010,s5.353805815
075_61,s-4.331610458,s-0.457051687,s128.340918618
075_62,s-2.091462219,s2.164835962,s73.162792539
075_63,s-5.350254540,s0.063264075,s109.149508196
075_64,s0.385138684,s5.206220768,s326.043638102
075_65,s-1.681629018,s1.320261216,s27.279563258
075_66,s-0.503136417,s-4.093172704,s241.364978919
075_67,s3.804987975,s5.247902447,s123.179205841
075_68,s0.583876049,s2.448562242,s41.412100017
075_69,s1.818553857,s1.172727890,s62.367396404
075_70,s-3.879565105,s0.681509214,s144.568883730
075_71,s-5.295466311,s2.736189016,s163.539468087
075_72,s-2.068256987,s4.238090327,s350.576058241
075_73,s-0.900065171,s1.490419675,s300.088758391
075_74,s2.228207066,s5.263080953,s355.835321782
076_0,s-4.688445237,s-2.626862495,s34.695839295
076_1,s-2.874652983,s-2.558816002,s46.413995595
076_2,s3.780214212,s-1.747923876,s292.052008091
076_3,s0.700991963,s-3.979805938,s111.780864289
076_4,s-2.984501324,s-3.048900422,s343.756502443
076_5,s4.934024484,s-4.666470051,s155.159567804
076_6,s3.258512525,s-2.568381318,s2.875364271
076_7,s3.501437751,s1.278023764,s98.124398335
076_8,s5.573809892,s-3.130152938,s111.699674140
076_9,s2.266378849,s1.179625649,s200.300618134
076_10,s4.426867492,s-3.196810789,s300.328522685
076_11,s0.027195207,s-2.265898998,s107.803154938
076_12,s-1.046928850,s-4.129220652,s142.003224019
076_13,s-3.959543026,s-4.086108019,s19.774756858
076_14,s-0.119171189,s0.602804932,s201.963710928
076_15,s-2.491544362,s0.148242693,s324.369543945
076_16,s4.654772986,s1.842654037,s180.546534299
076_17,s0.369851208,s0.806590980,s227.409771021
076_18,s5.528481117,s-0.428615788,s142.068623337
076_19,s3.420069117,s2.966509957,s204.954883502
076_20,s-4.535358251,s2.427919073,s237.004401128
076_21,s-3.270479847,s-0.355999335,s357.025944258
076_22,s-2.678621098,s3.597939251,s155.187716388
076_23,s1.463703916,s-5.500358014,s320.298506315
076_24,s0.305160741,s-0.121034370,s190.557009789
076_25,s-4.998015386,s-2.124679019,s48.059001695
076_26,s-1.538352631,s-0.038466989,s79.184665276
076_27,s2.975161737,s-5.597259256,s224.508473409
076_28,s0.364974645,s1.843162994,s244.035501974
076_29,s4.839218482,s-2.445135510,s329.478200695
076_30,s-3.906674253,s4.826232292,s119.693109048
076_31,s-4.916017031,s0.780243311,s235.642081578
076_32,s-2.567946118,s-5.601511587,s11.679457397
076_33,s-1.901442829,s-0.918915963,s207.538727831
076_34,s0.812297872,s-0.878318687,s222.127645302
076_35,s2.190187696,s-0.570106975,s177.832440840
076_36,s-0.748395842,s3.141820549,s38.919633022
076_37,s-0.694690225,s4.342870156,s12.861422008
076_38,s1.822848596,s-1.453001586,s230.061622455
076_39,s3.449742852,s4.389377922,s114.561573815
076_40,s-5.348059153,s5.372990033,s79.672721136
076_41,s-5.372965307,s2.151262714,s4.325576920
076_42,s-5.336111094,s-0.050076701,s43.540498236
076_43,s0.810622525,s1.366825034,s155.233107766
076_44,s-4.937078740,s4.212490865,s141.771964455
076_45,s3.534525887,s-0.589468786,s98.548919295
076_46,s-1.212742222,s2.536225713,s144.269250165
076_47,s1.063829337,s3.861340407,s15.561666427
076_48,s3.618205190,s3.783779344,s314.035928062
076_49,s1.768891263,s4.101449304,s142.504003845
076_50,s-4.851587582,s3.263911056,s165.546343006
076_51,s-1.755482028,s5.412582369,s330.673215661
076_52,s4.126715679,s5.393565491,s345.412466004
076_53,s-3.081585682,s2.393024536,s255.579481797
076_54,s-1.025653235,s5.171993468,s170.374812234
076_55,s5.562953369,s5.200672494,s141.619033080
076_56,s-3.478504629,s0.490283640,s226.457164818
076_57,s5.540661764,s4.355939219,s168.529134251
076_58,s5.639695554,s2.808286138,s321.738300336
076_59,s4.607127305,s3.523071593,s44.840892166
076_60,s-1.321961749,s1.056526587,s7.510428754
076_61,s-4.115033251,s5.435677737,s310.364389497
076_62,s-1.930823303,s2.589258445,s27.576907896
076_63,s-0.562091252,s5.418819978,s127.869590081
076_64,s-1.626156831,s3.445508146,s76.272918063
076_65,s-2.890152111,s4.309025397,s189.771564677
076_66,s-0.554867340,s1.684289241,s16.936714646
076_67,s5.451716971,s2.415234060,s138.158575428
076_68,s5.532404766,s-1.967811410,s24.126339619
076_69,s2.688885835,s2.394752065,s117.690728161
076_70,s-4.455791215,s4.058619672,s77.164391563
076_71,s-2.422188336,s4.734392663,s266.094175780
076_72,s-2.995146959,s5.406791101,s40.642798779
076_73,s-1.733439615,s4.058910317,s32.884743406
076_74,s-0.280961267,s-0.399833288,s292.499316056
076_75,s1.554559298,s5.226911399,s91.655216912
077_0,s-5.147917197,s-3.670196989,s208.588053829
077_1,s-4.218232294,s0.483932096,s99.532224093
077_2,s-3.929023747,s-3.565808692,s339.416485619
077_3,s-5.424276286,s0.992172613,s248.608149402
077_4,s1.526918907,s-1.755119357,s281.144150622
077_5,s3.105929108,s-1.356441958,s42.869282051
077_6,s2.816140039,s-4.550092011,s291.843391516
077_7,s4.128697930,s-3.974678658,s255.516041042
077_8,s4.559589145,s-5.214945687,s212.668997251
077_9,s5.647677300,s-3.536671612,s58.595767875
077_10,s-5.534458035,s2.736560149,s28.023690117
077_11,s-3.937207064,s-0.960188950,s248.086493189
077_12,s-2.205650148,s-2.336144188,s100.547106647
077_13,s-2.443107559,s-4.236129924,s293.772802464
077_14,s-0.806622638,s-3.941900769,s89.558013019
077_15,s0.497661415,s1.857406658,s88.781615543
077_16,s-5.955032402,s-1.261347567,s278.470800717
077_17,s-0.437970429,s-2.459151612,s155.896282555
077_18,s5.800738681,s1.236284365,s9.538400961
077_19,s-3.896209436,s1.675793717,s335.715287156
077_20,s-2.710931599,s0.370577469,s125.899039888
077_21,s-5.085535790,s-2.401320075,s163.981253728
077_22,s-2.361568931,s-1.101077861,s255.614869786
077_23,s-0.791090596,s-3.692656249,s50.663529160
077_24,s2.268005632,s-3.725304185,s41.648722350
077_25,s-1.438385489,s-2.690644475,s35.657630926
077_26,s1.938170923,s3.034215170,s168.177199253
077_27,s-3.479443758,s-4.214559444,s312.161946038
077_28,s3.925641031,s-1.197264591,s251.513115978
077_29,s-1.430203610,s-5.871603716,s144.808341373
077_30,s-2.328447683,s5.622539154,s317.801684665
077_31,s-5.809081122,s5.531289427,s40.281709576
077_32,s2.727232893,s0.037516213,s46.249661808
077_33,s-4.897520285,s4.251888348,s97.104640112
077_34,s1.568104952,s1.780889066,s114.079056211
077_35,s-0.116039054,s-1.294642529,s42.905472169
077_36,s5.047444624,s1.924692248,s93.575682925
077_37,s5.772060453,s5.708978419,s325.813032857
077_38,s-0.257657223,s4.105122772,s294.778623216
077_39,s2.225702434,s1.334093201,s186.342279332
077_40,s-1.943335559,s0.172270464,s16.787867495
077_41,s-5.955032402,s4.044430276,s318.270018162
077_42,s4.300109614,s2.470220376,s252.061193696
077_43,s-5.805403107,s-0.460297684,s200.960090192
077_44,s-0.964356766,s2.135946335,s250.918705384
077_45,s-0.390059565,s5.615317751,s241.276005508
077_46,s-3.366772931,s1.034205982,s320.288136184
077_47,s4.684264661,s2.971910277,s219.448711619
077_48,s4.526439936,s5.114323914,s265.208270722
077_49,s3.650462513,s-0.130691705,s135.919108237
077_50,s1.068354414,s5.721025852,s346.773474579
077_51,s-4.970024172,s2.467869910,s328.421867603
077_52,s2.408959669,s4.809004402,s101.758033656
077_53,s3.085918112,s3.651301926,s113.090692498
077_54,s-5.305228825,s5.846750463,s328.026746305
077_55,s5.357297158,s2.632851537,s178.814938297
077_56,s-0.618979361,s1.628758586,s104.944219902
077_57,s4.712532892,s3.459639983,s357.760333820
077_58,s3.352352818,s5.091953224,s240.615973131
077_59,s4.738738959,s-0.027009484,s52.013025848
077_60,s-5.191005388,s3.689142603,s256.119083539
077_61,s-0.014451764,s2.379597723,s55.353522011
077_62,s2.663472495,s3.992467596,s202.288039692
077_63,s-2.615795280,s2.325942518,s323.766492814
077_64,s-0.537634119,s4.187695561,s43.664353649
077_65,s1.885795796,s0.837638752,s214.707063577
077_66,s1.939449860,s5.522533035,s92.859675972
077_67,s5.566126455,s4.516941044,s251.849147009
077_68,s2.934794531,s1.479559684,s100.366223007
077_69,s-2.698293398,s4.510363218,s76.297768634
077_70,s-1.356659845,s5.533550115,s82.145845425
077_71,s-0.440159041,s5.768624678,s104.016834898
077_72,s0.558468370,s-0.313311634,s31.838874872
077_73,s-3.575295616,s5.503567381,s174.859264575
077_74,s-3.868855671,s3.902207188,s85.493171159
077_75,s3.282201777,s5.821694907,s145.385134478
077_76,s4.926571307,s5.598753781,s19.669545077
078_0,s-5.252781049,s-5.202975048,s328.487324648
078_1,s-2.926398187,s0.839635502,s274.086686480
078_2,s2.376234422,s1.345174933,s209.547049135
078_3,s-2.171282296,s-5.654283558,s205.124541928
078_4,s2.028488934,s-1.478082267,s171.794790790
078_5,s5.630241272,s-2.614840961,s235.198193485
078_6,s0.615024193,s0.147802940,s28.467955380
078_7,s4.166262722,s0.261245495,s346.846052105
078_8,s3.717536356,s-2.713081413,s296.680442826
078_9,s5.610271370,s-4.096027445,s342.548622316
078_10,s-4.476786713,s-3.195909675,s113.477152848
078_11,s-0.969648597,s-2.268829533,s154.594100145
078_12,s5.565565704,s0.819288455,s71.049979217
078_13,s-2.874806877,s-1.765985621,s50.340918373
078_14,s1.075844854,s-5.159600951,s51.019083280
078_15,s5.202120765,s0.107738666,s325.059828794
078_16,s4.218369686,s0.425619638,s109.612734385
078_17,s-1.475948119,s-5.974461939,s123.840261364
078_18,s4.893550083,s4.284691867,s100.440507829
078_19,s3.021823513,s-1.050358401,s270.353006181
078_20,s-2.878069650,s-1.033544496,s108.660742809
078_21,s-5.788947781,s5.002738340,s155.159713160
078_22,s-0.101488029,s-1.521523659,s207.930783158
078_23,s-2.293899171,s1.539069760,s144.533852641
078_24,s-1.353625389,s-0.919531259,s74.772274255
078_25,s-1.338036974,s-3.400213890,s222.049624945
078_26,s2.132630608,s-4.711606716,s159.012736759
078_27,s2.994539001,s-2.641717730,s2.059327810
078_28,s1.039292814,s3.629262183,s121.525729696
078_29,s5.113018510,s5.634475299,s314.165205249
078_30,s-5.697125036,s0.899277192,s227.062866262
078_31,s-2.795607551,s-5.758507080,s284.866528877
078_32,s4.404719694,s2.166589162,s4.736853492
078_33,s-5.859864887,s-0.755765763,s344.321679069
078_34,s-0.906767719,s-3.875544972,s73.724668602
078_35,s-1.481780966,s0.992971702,s256.322092170
078_36,s0.842180503,s5.629226981,s95.311281997
078_37,s5.281106678,s2.332038003,s45.073301461
078_38,s5.580825776,s5.011473930,s280.844794586
078_39,s3.999103125,s-6.006881792,s80.064834256
078_40,s-4.989620924,s1.488628651,s138.254361994
078_41,s-4.510371874,s1.205814783,s184.375241990
078_42,s-3.902425456,s-0.979897583,s165.537691339
078_43,s-2.685252446,s4.949527271,s186.154231453
078_44,s-0.061399818,s5.175209576,s198.789635305
078_45,s4.265359521,s4.524114734,s188.047698974
078_46,s-5.546926335,s2.736997193,s133.307174144
078_47,s4.509537159,s-4.122833112,s301.964779290
078_48,s-4.890487857,s2.823214173,s173.206773877
078_49,s-0.031686317,s2.332252574,s278.636913477
078_50,s-4.055602832,s0.868969705,s222.030963798
078_51,s-3.112854906,s2.757143050,s244.900712288
078_52,s-5.803458787,s4.164076937,s44.736646599
078_53,s-3.338543608,s5.542934356,s261.078193488
078_54,s-3.050404462,s4.412003004,s335.988885676
078_55,s-0.980079396,s2.781021405,s173.559441007
078_56,s0.972011453,s5.253637170,s79.738702694
078_57,s4.255312826,s-1.088976342,s296.446937059
078_58,s-2.516910777,s3.941257121,s349.244589124
078_59,s1.766566979,s2.333350352,s197.609520703
078_60,s4.886584619,s-5.152351991,s102.054330296
078_61,s-0.551871443,s3.126751633,s229.776483280
078_62,s3.382122585,s4.388488946,s268.233416838
078_63,s0.030259794,s1.032839796,s345.653352649
078_64,s0.898381526,s0.384592289,s165.215125457
078_65,s3.314132689,s5.634475299,s268.062184017
078_66,s5.459787086,s5.526422327,s358.771681831
078_67,s2.780671105,s1.490613737,s120.745424724
078_68,s4.296818420,s5.537888705,s300.492012005
078_69,s1.730756581,s5.280726611,s340.102564660
078_70,s-5.812507254,s1.974669365,s323.762738462
078_71,s-2.656874075,s-2.543163466,s95.856313059
078_72,s-5.277788749,s5.634475299,s10.929051666
078_73,s-2.290984020,s-0.156501859,s77.853323215
078_74,s3.624221315,s2.120297733,s251.104821185
078_75,s-2.745860047,s1.939282425,s249.485137086
078_76,s5.292237663,s2.977709112,s75.654123853
078_77,s-1.464546778,s5.314317087,s323.613000045
079_0,s-5.379198937,s-2.744382323,s336.446229071
079_1,s-4.054715120,s-2.400176664,s207.148160273
079_2,s-2.521208466,s-2.768097022,s341.793840140
079_3,s0.375947505,s-1.095962454,s53.879135761
079_4,s-3.594709440,s-3.632950216,s30.880899896
079_5,s3.835000025,s-5.085911480,s349.326855504
079_6,s4.524016086,s-5.517225393,s290.897071462
079_7,s-0.283593857,s4.677815812,s159.146405992
079_8,s5.252014402,s-3.481768121,s9.123863442
079_9,s2.778417119,s-4.405567573,s194.952792663
079_10,s-1.527233188,s-3.622823275,s352.257629832
079_11,s-2.472622584,s-4.383731622,s22.718935980
079_12,s-0.411819130,s-1.876394829,s5.106334888
079_13,s-2.853288483,s0.170858345,s325.402058846
079_14,s5.054792184,s2.274186711,s273.133311142
079_15,s5.156461466,s-4.643797413,s247.184289672
079_16,s1.404308030,s1.928088023,s91.491612669
079_17,s4.017670096,s-0.595125119,s327.772488142
079_18,s3.557395128,s3.278780986,s325.479151738
079_19,s5.005549590,s-1.030398499,s192.809380935
079_20,s-5.226327648,s2.397939066,s53.808400960
079_21,s-4.210948571,s-5.423270728,s95.302153144
079_22,s-1.602397661,s2.882381690,s22.203300115
079_23,s-2.739736717,s1.973849948,s207.979782586
079_24,s-0.386211975,s2.628800135,s82.569442648
079_25,s-4.890265671,s-2.690396703,s89.588473333
079_26,s1.099121258,s-5.373411191,s242.437800422
079_27,s1.411636359,s4.038397506,s289.920087212
079_28,s-1.118893681,s0.772212149,s189.836587225
079_29,s5.161132728,s0.532050128,s346.986186792
079_30,s-4.499118566,s1.309854763,s328.651566878
079_31,s-5.238201912,s0.819532218,s152.480787501
079_32,s-1.051726433,s-5.533558890,s115.412196946
079_33,s1.431453174,s-0.553517656,s126.027536388
079_34,s2.309181703,s-3.281903115,s132.939764642
079_35,s-2.386398828,s-1.049444158,s182.298453132
079_36,s0.308381517,s-0.307782993,s201.625393050
079_37,s4.865183146,s5.020392265,s273.729479759
079_38,s1.412423731,s-2.394857394,s67.830016493
079_39,s3.289980556,s-0.749124166,s347.261821498
079_40,s-1.144194140,s2.325433552,s0.993810466
079_41,s-3.005279464,s0.790747857,s313.897226371
079_42,s-5.341696662,s5.107323980,s344.137636490
079_43,s-3.697717160,s3.710871787,s155.435099621
079_44,s2.791153585,s3.914590724,s94.157505256
079_45,s-3.273174870,s3.305669340,s236.068265016
079_46,s0.958557864,s2.787445054,s76.161711313
079_47,s-0.950678422,s-0.509595670,s281.347340250
079_48,s3.381224880,s1.155897166,s277.199091328
079_49,s2.045557974,s0.448225308,s148.277221671
079_50,s-1.590617898,s4.952588234,s355.987656984
079_51,s-4.058222706,s5.089224679,s234.205119049
079_52,s-5.098104859,s-4.240296991,s125.236458674
079_53,s3.750541745,s4.939291351,s115.679742900
079_54,s1.246096153,s3.407251845,s265.765294552
079_55,s-4.245973366,s4.817904853,s241.548495994
079_56,s4.342036357,s4.443448461,s199.797616335
079_57,s-5.162726002,s2.714218136,s113.946310562
079_58,s1.354258448,s0.975247147,s192.087286256
079_59,s2.437047008,s1.331945018,s336.994996088
079_60,s-2.024210202,s0.801588251,s228.592656034
079_61,s-2.540028988,s4.035478024,s90.679519192
079_62,s-4.848288427,s5.068848533,s180.310199753
079_63,s3.204943998,s4.825659319,s106.665759413
079_64,s-1.825495594,s4.420199884,s77.929495731
079_65,s-3.634929115,s3.909447254,s92.615537405
079_66,s-1.754941079,s-1.033127224,s197.765464210
079_67,s-1.128641404,s-2.236819811,s76.175574245
079_68,s4.828040731,s3.637349269,s196.593199026
079_69,s4.925251806,s1.664640116,s52.290448228
079_70,s0.159537208,s0.617840554,s288.432426519
079_71,s-0.441100490,s5.058371051,s286.609912789
079_72,s-2.270839475,s2.437919070,s34.460755582
079_73,s-2.041482305,s2.262891156,s60.025784965
079_74,s1.419248041,s-1.145290288,s144.599127237
079_75,s1.956049996,s0.779076972,s54.362957513
079_76,s0.892742011,s5.084775482,s125.721742979
079_77,s3.291957527,s1.575485015,s217.940320183
079_78,s3.494069396,s0.659038039,s264.634053483
080_0,s-3.366664029,s-3.680057632,s216.970231027
080_1,s-5.083138307,s4.786100097,s200.809811759
080_2,s-2.831498527,s-4.981570746,s16.516600667
080_3,s1.812736982,s-2.064389534,s56.136627443
080_4,s3.356787410,s-4.268408574,s150.298364915
080_5,s-0.821088727,s5.351628083,s124.766310001
080_6,s-4.686393869,s2.302103884,s349.852826782
080_7,s5.192907534,s-4.949279715,s321.998765610
080_8,s3.915198321,s0.218067019,s309.714465989
080_9,s5.446253358,s-0.405825660,s189.988596374
080_10,s-3.442062198,s-4.914268213,s17.734715738
080_11,s-1.844915938,s-2.117484922,s144.766622800
080_12,s-0.733354854,s-2.854376418,s318.731234328
080_13,s3.050222045,s-2.683330126,s233.326266930
080_14,s2.478386547,s-3.569823648,s113.573181658
080_15,s-0.782560227,s-5.456968784,s37.419402091
080_16,s1.869742229,s1.270079490,s112.925700376
080_17,s0.434099483,s0.971683388,s275.279667500
080_18,s5.578364943,s-2.967310041,s326.629543409
080_19,s1.272688030,s-5.417563827,s93.890293428
080_20,s-4.589618863,s-1.113900116,s231.261012007
080_21,s3.059068653,s-0.697396416,s152.149366942
080_22,s-2.316447000,s1.942388125,s282.889726808
080_23,s-1.753138853,s-4.738393893,s61.031238743
080_24,s5.500004170,s-2.210673907,s24.266415250
080_25,s1.973541502,s4.463209363,s339.182370120
080_26,s1.106514230,s3.316325112,s355.619357885
080_27,s3.260753773,s3.129406132,s11.219798290
080_28,s5.526911602,s-1.922991254,s182.555864936
080_29,s2.671373795,s1.059140979,s288.649914171
080_30,s-3.726850491,s0.414646517,s85.686798012
080_31,s-4.429016317,s3.123738189,s18.466739783
080_32,s-0.712162123,s-0.722031250,s336.247242992
080_33,s-4.259330272,s5.375927729,s171.165646487
080_34,s-5.222089680,s0.489091223,s319.979562650
080_35,s-4.435966674,s-3.765742034,s123.926831813
080_36,s-2.015784603,s3.671788374,s174.180114409
080_37,s-0.329784807,s0.587475967,s351.135690301
080_38,s3.903248731,s-1.332607755,s322.199419217
080_39,s1.608245261,s-1.268136358,s359.789642588
080_40,s-2.751800974,s4.052900749,s232.788651919
080_41,s-2.823563616,s0.503805306,s151.891467969
080_42,s-4.914309570,s1.865776830,s166.856252211
080_43,s2.553907949,s5.274254355,s211.832905917
080_44,s-2.263007724,s3.966253560,s304.939083195
080_45,s3.111672837,s4.938643425,s40.964636556
080_46,s1.542312767,s-0.587024837,s185.740629332
080_47,s3.397294410,s3.723655329,s339.741640041
080_48,s0.462821565,s-1.122237588,s167.147277045
080_49,s4.962788872,s5.059267825,s144.520159968
080_50,s-3.210097440,s1.877695543,s20.997654106
080_51,s1.242717818,s5.075208577,s75.276236468
080_52,s-4.807650264,s-1.988803041,s26.434865637
080_53,s-2.414584331,s-0.463075509,s276.671456899
080_54,s0.273769160,s5.393878197,s271.662901602
080_55,s3.642335599,s0.955011935,s136.147501072
080_56,s0.744719779,s4.188526835,s13.843559633
080_57,s5.373922200,s5.397139663,s87.038119225
080_58,s-1.553413464,s2.028003233,s61.564099194
080_59,s5.694618344,s4.767061755,s34.989664383
080_60,s-5.209579319,s3.252827370,s357.894028185
080_61,s1.332546122,s1.784885832,s29.551901735
080_62,s-1.497821170,s0.244563637,s10.710618044
080_63,s-5.066029347,s5.438054714,s110.090637647
080_64,s-2.300869485,s4.888885661,s282.471491668
080_65,s-1.886894069,s2.758768721,s222.905730714
080_66,s0.409053457,s3.030869058,s268.890830784
080_67,s-0.240294390,s-2.022025284,s201.176156868
080_68,s-1.805013364,s2.428154562,s230.236359012
080_69,s-1.799951340,s5.249695296,s172.572691055
080_70,s0.455722954,s-5.349996207,s291.384979541
080_71,s-3.583917456,s4.643838544,s117.767383120
080_72,s-1.632205015,s5.438054714,s294.223079376
080_73,s4.949311405,s1.019135495,s173.710804519
080_74,s-5.222089680,s4.454882904,s84.498849512
080_75,s1.384396390,s3.925454534,s345.544396614
080_76,s5.499237903,s1.979021325,s91.386128066
080_77,s2.793464263,s5.286823786,s139.908197616
080_78,s4.626318530,s2.900670070,s329.860397723
080_79,s-0.700685979,s1.659375395,s42.745815940
081_0,s-5.738557728,s-2.452330324,s308.862967563
081_1,s-5.216585244,s-4.004576294,s160.938667517
081_2,s-5.181209512,s-3.129736851,s52.972667554
081_3,s-5.324478691,s-5.664689036,s319.994559485
081_4,s1.983467223,s-3.198124112,s314.265451375
081_5,s3.596018663,s2.651426696,s270.661983690
081_6,s5.520606662,s-2.943624573,s168.115737768
081_7,s2.093124797,s-5.410504733,s67.557624507
081_8,s2.208520986,s-1.897974390,s141.253608216
081_9,s5.032994642,s-5.535285326,s343.585172547
081_10,s-2.679736993,s-2.031420956,s80.006515919
081_11,s-5.450116467,s-1.323175696,s324.924627936
081_12,s-1.024735745,s-2.077483205,s85.620878665
081_13,s-0.919533362,s-5.462349130,s336.133413016
081_14,s4.615525572,s-2.286929271,s326.587265742
081_15,s3.237317694,s-0.659406996,s321.032460690
081_16,s1.709087337,s2.159141072,s118.080376496
081_17,s4.308332466,s-2.972365282,s33.840351773
081_18,s-3.841045205,s3.298984782,s182.088798564
081_19,s2.878248680,s-0.150486560,s132.979880560
081_20,s-1.559937771,s5.327326825,s101.436988859
081_21,s-5.544889327,s1.662812402,s21.324181302
081_22,s-1.375309982,s-0.498518057,s231.212373475
081_23,s-2.982507925,s-1.170479934,s26.202236565
081_24,s-0.979930361,s-3.184335295,s113.622255584
081_25,s2.686201149,s-3.390107344,s55.124820028
081_26,s3.043109267,s-4.742799561,s241.677902879
081_27,s3.731999826,s-2.440917529,s86.407006225
081_28,s-0.765238030,s-1.517111349,s186.170961138
081_29,s3.446988741,s-5.748222586,s96.385859793
081_30,s0.582029135,s-0.159302871,s209.125530755
081_31,s-3.603645982,s3.140246209,s315.854271779
081_32,s-3.533185397,s4.429753738,s212.629275367
081_33,s0.546991066,s-3.635762486,s213.519311271
081_34,s1.598422623,s4.831201743,s68.245182258
081_35,s-4.049201213,s-1.956004397,s167.080797477
081_36,s0.230227187,s-5.450376874,s59.600406042
081_37,s4.144464224,s4.888116301,s295.365307319
081_38,s2.667698098,s1.110399849,s267.868745662
081_39,s5.488299347,s4.788594963,s212.612261993
081_40,s-1.951122759,s-0.668902668,s300.419522526
081_41,s-1.240338079,s5.113651550,s28.401680858
081_42,s-3.420783273,s-5.782981099,s109.212423987
081_43,s-5.661832494,s4.509424181,s297.715249406
081_44,s-3.446507321,s2.056875022,s309.194123033
081_45,s2.887022154,s-3.320200491,s354.237138818
081_46,s3.155981949,s3.238037358,s123.166648513
081_47,s-0.357361276,s1.737986647,s124.323175445
081_48,s5.222692185,s0.061910622,s256.893857277
081_49,s1.337978518,s1.312602685,s153.074218196
081_50,s-5.733907047,s-0.511228767,s42.506127005
081_51,s1.195693448,s0.326047140,s1.691674877
081_52,s-0.680853675,s0.671164461,s44.576085741
081_53,s-5.771107346,s5.313878360,s143.255841923
081_54,s-4.229908591,s-0.784191973,s63.442450381
081_55,s-1.138735250,s4.120783498,s238.644675732
081_56,s4.337707449,s3.533753924,s177.392892815
081_57,s3.481590056,s4.605267231,s117.171063511
081_58,s5.489029473,s1.190561284,s259.041765875
081_59,s1.757825627,s5.355680411,s18.691234845
081_60,s-3.156981964,s1.560201743,s349.220038213
081_61,s-4.589793698,s3.869822354,s149.881211828
081_62,s-1.644213151,s3.794558486,s296.832641658
081_63,s-4.050712668,s4.544865748,s208.314494419
081_64,s0.114647194,s5.245622691,s246.893913631
081_65,s-1.942528919,s-3.302576511,s143.376402858
081_66,s-0.396773993,s5.258686559,s33.652754900
081_67,s-0.419053706,s3.117412120,s278.041046331
081_68,s0.008929697,s1.886591593,s26.858256765
081_69,s2.628255754,s4.135787566,s164.510039387
081_70,s-4.922302633,s5.294021492,s353.322081503
081_71,s-2.878814856,s-2.818326188,s49.390906272
081_72,s-2.305514229,s4.682690112,s216.107774859
081_73,s5.001430192,s2.719486553,s141.811264397
081_74,s-5.710186545,s2.901039709,s235.164791045
081_75,s-0.224870712,s4.128474817,s102.842260088
081_76,s-0.041188971,s1.083148361,s61.011107680
081_77,s2.031708296,s3.708149438,s247.910805203
081_78,s1.462890116,s3.963957790,s101.341479622
081_79,s2.455830928,s5.355680411,s335.253598993
081_80,s-3.613284113,s0.693093202,s234.529585232
082_0,s-1.199518389,s-0.165939861,s341.295363743
082_1,s-3.878858804,s-1.969777837,s9.569209665
082_2,s-2.249640187,s1.294240016,s323.101290271
082_3,s-0.902417818,s-3.946559161,s354.734026490
082_4,s2.727258014,s0.563503021,s22.787068098
082_5,s1.097643238,s-5.061713825,s191.522244614
082_6,s0.832314687,s-0.632305709,s284.172899280
082_7,s3.595205228,s-2.245886562,s78.164566176
082_8,s4.669341443,s-4.865598747,s141.004877851
082_9,s5.159479262,s-3.166407352,s292.830887110
082_10,s-0.098282185,s-3.442440049,s293.011094777
082_11,s-5.101994421,s-2.472425304,s83.468851076
082_12,s-0.036046847,s-4.476376160,s134.152306940
082_13,s-1.246432307,s-1.287681134,s341.172417205
082_14,s-4.044240984,s-0.472284321,s94.952343076
082_15,s3.321881892,s-1.126933068,s207.117524437
082_16,s2.484434497,s-4.534064417,s327.690000385
082_17,s1.013442066,s-2.819906001,s215.560730559
082_18,s4.706675036,s-4.146066353,s80.805754221
082_19,s-2.810888812,s4.631446557,s216.472771507
082_20,s-5.314549238,s2.318759782,s143.383865909
082_21,s2.569513021,s-0.491261296,s235.736655033
082_22,s-1.169725125,s3.332125413,s22.295362962
082_23,s-2.940733831,s-4.915341516,s73.985427972
082_24,s-2.697004314,s0.454179365,s226.478133513
082_25,s-5.251721510,s-5.300025715,s187.423559624
082_26,s0.454882703,s3.833622390,s23.889265290
082_27,s0.877754186,s0.043622317,s281.327526915
082_28,s5.108165035,s-1.543593639,s29.507530448
082_29,s2.586704320,s1.003884285,s280.983204465
082_30,s-3.727799738,s-4.580350420,s314.497972365
082_31,s-5.184006841,s-4.054474930,s141.290993996
082_32,s-4.336912252,s1.298483341,s31.048444212
082_33,s-2.056554656,s3.334765024,s317.344102749
082_34,s2.680738799,s3.885560060,s133.510489703
082_35,s3.894458713,s-0.750917281,s303.589276272
082_36,s0.790331220,s-2.910969338,s354.908647339
082_37,s-0.630550025,s5.410000574,s69.311197531
082_38,s0.654578528,s-1.418621688,s187.747144292
082_39,s1.500782492,s0.921395060,s332.090564925
082_40,s-3.071339831,s-1.732847677,s223.320034076
082_41,s-3.651199363,s2.799955431,s108.308119992
082_42,s-1.150325394,s1.222339755,s45.056582614
082_43,s-4.572550292,s-3.257180063,s43.154829110
082_44,s0.154720330,s5.300489146,s352.323825695
082_45,s-3.077241364,s3.557573570,s88.877752818
082_46,s-2.324204198,s0.666264274,s125.247846137
082_47,s2.355720375,s-1.350071568,s299.419531391
082_48,s5.208093390,s0.068535013,s73.160620628
082_49,s1.148834260,s5.209794760,s16.818640331
082_50,s-4.421146722,s4.567107989,s74.690077632
082_51,s-1.996156224,s-3.750497096,s106.558786044
082_52,s4.024701542,s4.245883312,s191.063616541
082_53,s-2.131659902,s4.110331739,s38.763632457
082_54,s0.076840961,s1.519225010,s189.551869975
082_55,s-0.479293335,s-2.688134949,s297.169326799
082_56,s4.318777713,s-0.059595249,s139.674239008
082_57,s2.425510976,s2.746642322,s187.147751059
082_58,s1.738818579,s3.198141808,s109.499406023
082_59,s-2.816800261,s2.120253744,s303.937200824
082_60,s-5.409712563,s5.259144062,s306.301371618
082_61,s1.175544149,s3.116716532,s278.618796642
082_62,s-3.916654418,s5.079221272,s288.549175364
082_63,s-0.416554518,s3.468923657,s292.203299157
082_64,s-2.581434841,s5.225015782,s232.890034373
082_65,s5.121459690,s1.044160036,s103.167491258
082_66,s1.711546861,s5.048584957,s99.770583759
082_67,s5.154734887,s4.298273880,s156.686617999
082_68,s-0.350256545,s4.818259400,s134.383335141
082_69,s4.757087681,s2.973924765,s122.889019061
082_70,s-4.823959545,s3.946152575,s46.520770260
082_71,s-5.474208233,s0.129982863,s358.718757252
082_72,s-3.603581270,s0.945706372,s46.075534866
082_73,s-2.212138421,s4.951898098,s251.980688960
082_74,s5.077240857,s4.636836218,s39.269285210
082_75,s-4.896734420,s5.327469014,s139.437228896
082_76,s3.403549250,s2.568810601,s245.979718742
082_77,s3.929624280,s5.391618049,s138.454448543
082_78,s5.258145610,s5.379793573,s314.395815172
082_79,s3.984524473,s2.296986607,s22.528255231
082_80,s-4.018608595,s-0.001311529,s91.320413059
082_81,s-4.053946552,s3.333550241,s130.082694607
083_0,s-5.108690172,s-4.048083580,s34.304142721
083_1,s3.670444265,s-5.655519916,s39.314415514
083_2,s3.014451876,s-1.964874256,s244.327537955
083_3,s-0.246245936,s-1.443269146,s312.918123184
083_4,s-2.606374927,s-5.461476573,s356.608432170
083_5,s-1.305399148,s-3.144438275,s190.762768408
083_6,s2.102054312,s-4.913537541,s165.375382097
083_7,s5.510571093,s-5.292664082,s112.823173237
083_8,s5.725508191,s-3.639400606,s180.779122709
083_9,s0.969249129,s-1.515973161,s53.490188340
083_10,s-1.732428555,s-1.435193115,s121.550525657
083_11,s0.431568572,s2.813857582,s174.322118348
083_12,s-4.757608073,s-1.605134972,s171.179365895
083_13,s-3.412730724,s-0.427544599,s268.018222379
083_14,s-3.515480011,s3.072274557,s109.900525279
083_15,s0.308457086,s-0.344530483,s38.081333733
083_16,s1.254387559,s4.768366546,s73.284076311
083_17,s5.097640673,s1.225578237,s329.813334082
083_18,s3.812058884,s-2.192029816,s137.707098201
083_19,s1.170814202,s-0.539360433,s333.295530742
083_20,s-5.194743730,s-1.069870865,s197.951849583
083_21,s-1.049083663,s-5.635905163,s284.020700985
083_22,s-4.312388107,s-2.227409714,s274.164376113
083_23,s-1.104192977,s-2.545389173,s110.848931739
083_24,s5.750701338,s-2.374180898,s66.179555441
083_25,s-3.610943826,s-3.977316651,s84.760028986
083_26,s-4.253916842,s5.200873172,s111.971690757
083_27,s0.209781447,s-5.018822845,s356.061345604
083_28,s3.587693010,s-4.864573253,s76.165287509
083_29,s3.865478753,s2.716195044,s236.003833867
083_30,s-5.276069218,s-1.991887407,s281.571042897
083_31,s2.751222308,s2.563781888,s326.090895712
083_32,s3.673779971,s4.411530329,s34.788613633
083_33,s3.272072300,s2.053348235,s315.316744804
083_34,s5.012012622,s3.831045428,s323.261025002
083_35,s1.707118635,s2.783039037,s213.334972827
083_36,s-3.622022495,s1.184532996,s146.694672497
083_37,s-4.141034728,s-0.825713849,s9.461851468
083_38,s4.145136834,s0.189937977,s80.239715602
083_39,s-1.575981259,s3.903782616,s174.831621136
083_40,s-5.139153136,s0.211861447,s111.307939804
083_41,s-2.098113909,s5.062865272,s229.252517604
083_42,s-4.394467757,s4.149807554,s170.333105399
083_43,s-2.518470167,s-0.313982473,s118.858571840
083_44,s-2.227298381,s-3.290899743,s268.747864645
083_45,s2.799386144,s5.178289582,s255.295789975
083_46,s4.522839983,s-3.718677525,s16.886405563
083_47,s0.489819155,s0.812559986,s286.096831159
083_48,s0.345802645,s1.103316154,s171.838433760
083_49,s-0.875234168,s4.763475898,s84.866967825
083_50,s-0.323310742,s2.278905252,s114.948529195
083_51,s-1.587200473,s3.409330017,s26.591382534
083_52,s-2.005681745,s1.632887209,s291.721110683
083_53,s-0.206064121,s5.247260641,s251.539764973
083_54,s-1.082698053,s5.205674872,s224.382953024
083_55,s5.248722664,s4.299225598,s184.971032298
083_56,s-2.449647543,s0.692971066,s127.256323213
083_57,s3.623227532,s3.288651485,s107.169494350
083_58,s4.349036348,s5.324306465,s157.943563879
083_59,s3.209423157,s0.519166614,s267.560706386
083_60,s-4.893481141,s5.284247313,s50.289674069
083_61,s-3.818784055,s4.018957599,s301.383529635
083_62,s-3.905080681,s1.759118010,s330.354955151
083_63,s-5.297880875,s0.416890725,s101.632196894
083_64,s5.474986610,s0.420901708,s0.257754067
083_65,s-0.672786378,s-2.293378465,s270.588385022
083_66,s2.378669267,s-0.141459778,s186.009171868
083_67,s5.584646862,s1.563400461,s217.246025073
083_68,s3.045994006,s2.880820514,s83.838745411
083_69,s5.873035003,s5.260901635,s53.453640847
083_70,s-3.182377828,s3.797713483,s236.516552701
083_71,s-1.728263336,s5.348861800,s309.994439886
083_72,s-5.106806368,s5.502483821,s287.035788953
083_73,s1.946695159,s3.870297692,s356.200416145
083_74,s2.014126798,s5.507104362,s54.164003706
083_75,s4.527445804,s3.515279711,s67.559718385
083_76,s-2.601141963,s1.787549522,s34.061458816
083_77,s5.493797437,s5.337283161,s143.234163937
083_78,s0.758679403,s5.036469211,s328.910768130
083_79,s4.239566664,s5.468118688,s219.205529214
083_80,s-5.148262528,s4.708001966,s131.024220392
083_81,s-1.639366634,s0.155684082,s260.786599633
083_82,s0.624624979,s0.740314824,s13.730153987
084_0,s-4.305574437,s-3.179990009,s242.909720696
084_1,s-2.816069180,s-1.327975763,s21.757887528
084_2,s-1.803637477,s-2.071899651,s125.040411895
084_3,s2.893868135,s-3.385889466,s334.903219368
084_4,s1.668061887,s1.149939386,s113.270303614
084_5,s4.372328583,s-3.681513269,s105.935551651
084_6,s0.239441080,s-1.868693645,s140.406532299
084_7,s5.584097741,s-0.505849263,s287.509300234
084_8,s5.714410061,s0.863954077,s50.119454233
084_9,s5.811269347,s-1.766205503,s356.223190321
084_10,s-3.518520724,s-1.922667288,s56.639727270
084_11,s-1.457619489,s-3.325449835,s15.907208547
084_12,s-4.223460001,s-5.296264505,s1.775255064
084_13,s-4.117874326,s-4.332734431,s198.821152814
084_14,s-2.136658841,s-2.205647324,s73.674979891
084_15,s4.114837381,s3.729213323,s151.015275848
084_16,s3.030733887,s-4.739757158,s30.042874134
084_17,s5.672513745,s-4.364599049,s98.430967897
084_18,s-0.285200460,s-3.192432454,s350.402002119
084_19,s3.922811082,s-4.319437055,s2.228837161
084_20,s-0.169428546,s5.382206109,s35.012939851
084_21,s0.497686638,s2.997923611,s105.949423551
084_22,s4.950738245,s-2.890280196,s147.790005108
084_23,s-1.872585271,s5.658372408,s294.085173583
084_24,s-4.952866822,s-5.459560797,s2.217116434
084_25,s3.761486052,s-0.511985757,s152.316247292
084_26,s-5.815374113,s4.879525622,s250.735450113
084_27,s-4.573250785,s1.958050606,s349.168068071
084_28,s0.542273809,s5.469328759,s7.321512536
084_29,s-1.967384166,s-4.417527238,s48.474300681
084_30,s-1.141838391,s0.300397700,s291.144906750
084_31,s-4.901017335,s3.007077559,s27.482912978
084_32,s-2.609676213,s5.559211704,s87.317337225
084_33,s-0.697712898,s3.889898265,s277.375766687
084_34,s5.459363282,s2.840137592,s254.347025288
084_35,s4.034118570,s3.061559473,s325.240824115
084_36,s3.671274287,s-1.551994224,s345.143717328
084_37,s5.524096553,s4.933598031,s106.037290256
084_38,s-1.642725593,s5.062875243,s171.047203216
084_39,s4.934195678,s-0.480085655,s22.864404815
084_40,s-5.409172453,s4.165218704,s24.964942218
084_41,s-1.303555259,s-0.609410890,s327.470750434
084_42,s-5.733833810,s-2.452551793,s282.773608546
084_43,s-1.292777707,s4.783233422,s285.845378508
084_44,s-2.325499603,s-5.931911959,s250.981218383
084_45,s2.070005455,s4.822720355,s166.050384867
084_46,s-0.466885329,s1.781278103,s349.065722967
084_47,s0.109799680,s-0.813910711,s246.568090787
084_48,s1.389767027,s-4.993744414,s289.907318567
084_49,s3.519551721,s3.959721808,s309.292562547
084_50,s-2.930993514,s1.326975657,s68.009858112
084_51,s-1.783356489,s3.017445598,s117.200873529
084_52,s-5.655438942,s5.615256969,s120.175293719
084_53,s0.566996088,s3.971536870,s329.817079592
084_54,s-2.438316038,s3.829774523,s191.311460756
084_55,s5.218698700,s-2.064901088,s124.323573206
084_56,s4.592648058,s4.966764409,s228.838597535
084_57,s5.413970538,s3.525533486,s261.083711795
084_58,s0.876486182,s1.894778179,s83.653746716
084_59,s3.653760431,s4.576089055,s128.835320983
084_60,s-3.748003195,s5.613557465,s121.357698585
084_61,s1.543791955,s3.587499539,s154.913917417
084_62,s-3.936827008,s4.151510464,s87.940118450
084_63,s-2.974991938,s-0.991425349,s126.109231308
084_64,s2.557516083,s-3.260341848,s139.081815866
084_65,s0.852977458,s5.642174392,s57.824538021
084_66,s-4.794143675,s-1.211006262,s225.445416434
084_67,s2.371892256,s5.056230075,s151.342627108
084_68,s-3.712119628,s2.593854052,s262.458156861
084_69,s3.860870245,s5.439780923,s71.924702125
084_70,s-4.359464884,s5.314157105,s56.572119359
084_71,s-3.884424144,s0.585703909,s247.006858210
084_72,s-2.843152523,s3.699947967,s262.204384023
084_73,s-5.300835057,s0.323615137,s208.769039078
084_74,s2.155162042,s2.133996731,s85.980461301
084_75,s3.349415186,s5.325942440,s4.671437580
084_76,s2.905477515,s2.622845062,s213.684080564
084_77,s5.723057181,s5.586942725,s149.957084794
084_78,s5.105533044,s1.012513437,s334.774475954
084_79,s-0.982739114,s1.521629702,s153.596673101
084_80,s-5.715406627,s1.838319796,s287.651489982
084_81,s-5.640606403,s-1.252723003,s28.584368820
084_82,s-2.883734812,s-0.102120438,s72.557572611
084_83,s-2.112705082,s1.887676330,s274.543986886
085_0,s-2.604840637,s-0.819903230,s309.498830109
085_1,s-4.966765304,s1.560866840,s274.144576191
085_2,s-5.557943861,s-1.358266519,s257.482437489
085_3,s1.024307705,s-0.383629432,s341.827025871
085_4,s-2.049840152,s-4.639264460,s132.501266502
085_5,s1.393123904,s-5.095157052,s244.967126009
085_6,s2.509657341,s0.429688543,s271.323900278
085_7,s1.084038689,s-4.372628827,s52.454209532
085_8,s-2.168556999,s2.723835071,s280.530056933
085_9,s5.205378348,s-4.050014341,s129.130486468
085_10,s-5.247796037,s-5.394123868,s201.926976558
085_11,s-1.350462518,s1.810242736,s95.101851160
085_12,s-4.431450030,s-1.756989237,s152.574552273
085_13,s-5.440655563,s-4.336121251,s153.360620566
085_14,s3.060482087,s-2.385156191,s151.196093789
085_15,s2.904421302,s-1.365154796,s147.083086943
085_16,s0.261675393,s-0.813633975,s289.641632283
085_17,s5.131668472,s0.039201064,s332.976737996
085_18,s0.345162949,s4.536254124,s118.534172650
085_19,s4.345664957,s-2.254464245,s217.400495906
085_20,s-3.438355697,s-5.133273711,s284.668276559
085_21,s-5.332375996,s3.806718191,s88.219055230
085_22,s-2.534623178,s-3.127010365,s79.006159846
085_23,s3.725736055,s3.944099530,s15.120558012
085_24,s-2.724378941,s-2.155239789,s208.370817708
085_25,s-5.407454001,s4.221531643,s219.586163697
085_26,s0.269762655,s2.028626555,s355.844213295
085_27,s3.136985107,s-0.387060506,s242.708299430
085_28,s2.699374736,s-4.955871967,s125.940426494
085_29,s2.679201722,s2.506154492,s44.493959602
085_30,s2.414475327,s5.363949197,s62.714543705
085_31,s-1.401084236,s-3.864712685,s154.517766742
085_32,s-4.324331487,s-0.704155812,s230.375484538
085_33,s3.923865484,s2.376268218,s235.077817936
085_34,s3.807277208,s-3.869499569,s231.191078789
085_35,s1.870818280,s2.918262208,s69.285311345
085_36,s-0.910943956,s0.351876099,s71.762024179
085_37,s5.111255484,s2.973078954,s241.315550464
085_38,s5.341426417,s1.494610556,s261.190845389
085_39,s4.637844675,s-5.270895920,s313.298383242
085_40,s-4.259525334,s4.101233208,s193.991162662
085_41,s-3.202381543,s-1.668219608,s198.555482427
085_42,s2.692983522,s2.584859031,s184.434505458
085_43,s-1.423736295,s1.024859959,s162.178483732
085_44,s-1.887632199,s4.597044133,s29.224735614
085_45,s-4.984885202,s-0.699679257,s336.830249336
085_46,s3.098177419,s1.785769954,s51.075844064
085_47,s3.199261873,s-1.371600221,s31.045230540
085_48,s3.745682409,s4.832262474,s341.149316522
085_49,s4.208668329,s-3.133268830,s172.320898409
085_50,s-5.140582247,s-3.185542229,s207.493414858
085_51,s-2.401931650,s5.355004964,s97.828304575
085_52,s-3.085865747,s1.989824832,s108.930516102
085_53,s-1.210737088,s-1.230144219,s131.830208503
085_54,s-4.994880824,s4.844641153,s347.787592968
085_55,s-2.699393284,s2.817494035,s20.968706215
085_56,s-0.196159152,s-5.549428179,s34.487471985
085_57,s4.119999531,s3.648888926,s220.525967802
085_58,s4.053125242,s1.801339862,s90.144706953
085_59,s5.261732803,s0.911027437,s69.295632171
085_60,s-5.369775456,s2.596920046,s220.296720220
085_61,s-3.759139338,s-0.392912652,s55.274254944
085_62,s-5.538662460,s0.015609418,s298.533712298
085_63,s-1.053164532,s5.296817981,s51.183541947
085_64,s-0.771435987,s-5.480671082,s41.350658076
085_65,s0.571425000,s4.651909241,s48.583650606
085_66,s2.418156127,s4.383584956,s78.620798214
085_67,s0.920029397,s5.335297448,s173.941308510
085_68,s2.577202675,s0.696062481,s154.286755483
085_69,s4.723274855,s5.080816020,s43.016456273
085_70,s-4.091184517,s3.110274842,s70.279552068
085_71,s0.175320873,s3.948196133,s12.428809661
085_72,s-0.043419244,s-3.843432165,s79.192933141
085_73,s-3.394868723,s4.081095490,s207.343557543
085_74,s5.341521593,s3.967998305,s127.983943327
085_75,s3.453784288,s5.339359699,s5.051635271
085_76,s1.505339463,s0.551918537,s322.399642526
085_77,s5.271604517,s-2.899846222,s166.593766364
085_78,s-4.785985136,s2.797508737,s292.457109679
085_79,s-2.638585499,s-0.598155816,s45.699391572
085_80,s-4.836457430,s2.193270962,s64.065880550
085_81,s1.385101771,s1.311125100,s225.970898890
085_82,s-3.361406098,s5.315802423,s328.300130863
085_83,s1.344218782,s3.351320142,s275.045872932
085_84,s-4.885101077,s0.862063608,s79.059394484
086_0,s-5.165399175,s-0.286253248,s153.581440329
086_1,s-5.998138770,s-3.644757831,s318.582642728
086_2,s-2.588780757,s-5.510394832,s260.383350916
086_3,s0.080492433,s-4.944901499,s245.696140237
086_4,s-4.226002511,s2.050169584,s256.587005766
086_5,s-5.885247099,s-5.562196253,s133.341591150
086_6,s2.607436188,s-3.513125679,s347.216090781
086_7,s3.419368531,s-1.306877879,s224.786400204
086_8,s4.299689662,s-4.676225661,s258.647423782
086_9,s5.553962314,s-5.058433364,s88.717711714
086_10,s-4.470252047,s-2.320850570,s199.265979574
086_11,s-2.527260765,s-3.851984601,s213.371939388
086_12,s-4.919602968,s-1.450324516,s143.935213687
086_13,s-4.377820840,s-3.171667149,s65.356840932
086_14,s1.894266799,s-2.200144346,s176.432894014
086_15,s0.624078120,s-1.588575115,s223.245672008
086_16,s-4.489537337,s-3.697569678,s274.787219757
086_17,s0.176082331,s4.197150682,s223.731582043
086_18,s4.060551575,s-0.056530187,s359.188526483
086_19,s-1.020948886,s2.438751065,s109.323178996
086_20,s-6.013431139,s1.073813783,s203.830343000
086_21,s-2.613248849,s1.523558325,s31.705022364
086_22,s-1.195268518,s-4.596133075,s100.138236328
086_23,s-2.084524790,s-1.260244497,s248.231303223
086_24,s-5.118577112,s4.029649981,s334.913818749
086_25,s4.845310711,s-0.268328095,s69.193346551
086_26,s5.378400923,s-1.097168416,s261.669441968
086_27,s4.128997868,s-5.498829105,s129.100228335
086_28,s2.991432961,s3.053232328,s48.136921419
086_29,s2.628253548,s2.088739099,s250.491365328
086_30,s-1.961497371,s2.503928990,s237.220179292
086_31,s-5.505311179,s1.726105289,s224.650395218
086_32,s-1.963961188,s0.213504686,s213.344018879
086_33,s2.881771177,s1.807023210,s188.844501736
086_34,s0.702010803,s-2.471609809,s51.818014940
086_35,s1.191531018,s5.333353366,s326.076931472
086_36,s5.766964667,s0.782757549,s68.736491004
086_37,s0.416573932,s-3.888099654,s240.646455264
086_38,s-0.298803184,s5.528240028,s65.486043513
086_39,s3.887321933,s-2.436359589,s286.338973795
086_40,s1.708381127,s3.008018206,s109.244907778
086_41,s-6.121085615,s-0.814600573,s356.231846535
086_42,s-5.930947031,s2.599504692,s168.402146965
086_43,s-3.200969550,s1.065437695,s84.988496802
086_44,s-3.412941430,s2.582617216,s258.194125738
086_45,s2.123841031,s5.429580895,s286.517399825
086_46,s-3.468642978,s5.305171068,s129.096184720
086_47,s1.595264608,s-1.356814283,s276.677755342
086_48,s-0.886287213,s-3.083870172,s35.476303435
086_49,s5.664896075,s-3.059113261,s292.057032551
086_50,s-4.173885573,s3.137781316,s311.248507767
086_51,s3.456338974,s0.080075405,s101.202535071
086_52,s-5.100740207,s5.424977434,s264.840121332
086_53,s-0.145043755,s-3.564942873,s133.332610180
086_54,s-2.237862845,s-0.440982365,s305.550846038
086_55,s5.481409465,s4.248656833,s353.065974286
086_56,s0.726732919,s2.795369331,s6.462813128
086_57,s3.376378150,s2.959385656,s260.561416987
086_58,s3.505044240,s4.215141016,s141.221508732
086_59,s2.555103953,s-1.783945881,s306.027114779
086_60,s-3.894244621,s-1.380239964,s45.425853762
086_61,s-1.502702720,s4.967298692,s145.293181149
086_62,s-4.196780665,s5.323620123,s10.079249395
086_63,s-0.761713911,s3.265479251,s266.817186999
086_64,s-2.973169592,s3.726848185,s6.387900710
086_65,s-0.744998774,s3.681966563,s191.598121719
086_66,s-0.573507671,s-0.269881800,s272.208893624
086_67,s1.623609038,s-1.922996080,s281.747305293
086_68,s1.921593888,s2.464831752,s85.288686197
086_69,s4.315817746,s4.740029837,s132.612617560
086_70,s-0.605671430,s1.479248173,s274.020581469
086_71,s-2.049642586,s1.974113727,s304.450743754
086_72,s-1.748109425,s-1.118744857,s2.272338471
086_73,s0.560549473,s3.797970623,s234.723596559
086_74,s0.484566718,s5.231442168,s247.740527035
086_75,s2.151201676,s-0.711041796,s228.019579995
086_76,s5.474873755,s1.341063761,s99.915939258
086_77,s-2.538037750,s5.099927057,s319.656246699
086_78,s4.916853288,s5.153272047,s112.019887996
086_79,s5.701215922,s2.817834333,s254.026963881
086_80,s-6.118822019,s3.573601983,s304.222963109
086_81,s3.876090978,s5.283587843,s261.016188050
086_82,s-0.952311889,s4.591429052,s182.785062606
086_83,s-5.653343764,s5.528240028,s232.186566090
086_84,s3.522502064,s0.810029285,s152.296814061
086_85,s4.670400617,s3.316966812,s246.401879004
087_0,s-4.935092005,s-3.929518270,s353.668172825
087_1,s2.589012016,s1.238034934,s345.177094803
087_2,s-5.098255556,s2.387266462,s312.172878594
087_3,s-3.329631845,s-4.597995249,s247.501191231
087_4,s-1.585913948,s5.359526985,s277.804668896
087_5,s1.177628125,s4.984233487,s93.176709515
087_6,s0.420467663,s3.267276756,s298.987359272
087_7,s0.508003942,s-3.865544747,s223.126038614
087_8,s-1.297678366,s1.288002605,s50.485448735
087_9,s1.727331831,s-4.886045914,s120.740735711
087_10,s-1.613880217,s-4.535569118,s283.606969835
087_11,s2.312634891,s4.425880757,s217.250992753
087_12,s-5.234198818,s1.728924833,s86.661217057
087_13,s-0.595891622,s-4.260079289,s47.458593763
087_14,s4.967101322,s3.501985689,s339.930504246
087_15,s2.917989636,s-0.528694770,s284.729351122
087_16,s1.596576490,s-0.121437876,s294.395951746
087_17,s3.909010366,s0.936634844,s117.804580025
087_18,s0.786206642,s-2.821217471,s67.843071981
087_19,s5.310419885,s2.625970588,s290.213278837
087_20,s-2.321390933,s-5.264418970,s50.342434005
087_21,s3.186980404,s-5.034228189,s18.692165069
087_22,s-5.460177265,s-0.704340206,s4.208611395
087_23,s-2.790066542,s-2.197613761,s108.772063183
087_24,s4.583415039,s2.614394128,s245.334744449
087_25,s2.809078130,s-2.825684814,s41.199248857
087_26,s3.425895017,s-3.637143139,s75.960143932
087_27,s5.310419885,s0.027220262,s8.782946422
087_28,s-1.039580106,s4.434778109,s40.588875109
087_29,s0.287853691,s-0.649500827,s138.783887666
087_30,s-3.657781492,s2.406257698,s354.643129150
087_31,s-0.022522387,s-1.176848589,s298.811816659
087_32,s-4.973462892,s-3.369558658,s183.574805247
087_33,s3.072480830,s5.303651161,s345.487698429
087_34,s-2.628782912,s3.537407761,s224.928011777
087_35,s3.686662170,s2.333093342,s174.288579099
087_36,s4.501457698,s-5.071385670,s209.314780161
087_37,s4.008698470,s5.318059587,s336.284498359
087_38,s-1.966597104,s2.109751387,s201.104691372
087_39,s5.082552998,s-1.217709135,s107.352932720
087_40,s-5.331547462,s1.243372171,s355.853619431
087_41,s-4.293956430,s-0.335492273,s267.760747670
087_42,s-4.715002236,s0.071433863,s239.655362019
087_43,s-4.516980338,s3.922946441,s191.322152161
087_44,s-4.380213809,s-1.904119019,s129.267036358
087_45,s3.984517176,s1.540873198,s29.192383340
087_46,s4.743300810,s4.953739278,s141.027693960
087_47,s5.043440779,s0.881984739,s141.740000045
087_48,s5.216516455,s5.283023179,s194.572951715
087_49,s0.934145642,s-5.383423858,s150.270695010
087_50,s-2.184887050,s5.084808521,s118.117913164
087_51,s-3.559944429,s4.917865071,s56.724889398
087_52,s1.056955511,s0.346922791,s152.754200824
087_53,s2.888705575,s2.348386040,s353.474709930
087_54,s-2.704716877,s5.130425415,s287.270484724
087_55,s2.819592703,s4.927472443,s43.430782520
087_56,s-1.873657701,s3.937132915,s331.329590135
087_57,s2.938497797,s4.381042179,s311.161210942
087_58,s-3.331146686,s-0.175063106,s263.134282983
087_59,s0.656148211,s4.310877698,s63.864250593
087_60,s-4.648537053,s2.506032706,s58.573279480
087_61,s-3.521689268,s-3.516718831,s51.114496195
087_62,s-0.837493914,s-2.087252430,s155.193264976
087_63,s-4.403477026,s4.622754139,s111.269538918
087_64,s4.429591914,s5.331335190,s333.720657704
087_65,s-1.840703123,s3.944359383,s136.079323865
087_66,s0.016014523,s1.816725205,s326.714284089
087_67,s1.889526343,s3.596007397,s325.722524359
087_68,s4.551242733,s-0.977148025,s208.605440556
087_69,s3.923793503,s3.442083126,s7.157571335
087_70,s3.519914643,s-1.896499338,s7.047412558
087_71,s-3.495364117,s-2.506344815,s97.523272738
087_72,s-5.353519082,s3.254132178,s26.768848847
087_73,s-5.442692609,s-0.164260668,s299.958247855
087_74,s3.943255736,s4.906789573,s298.356466283
087_75,s-0.610450100,s5.389930985,s231.991807714
087_76,s-2.444518075,s2.463988550,s221.678199358
087_77,s2.747422702,s3.499759431,s258.404391428
087_78,s4.450106909,s-2.477995126,s125.459396960
087_79,s1.323568908,s1.709765279,s118.218187350
087_80,s-5.347184374,s3.900581362,s116.816319416
087_81,s0.570882715,s1.100948140,s33.996570827
087_82,s2.481332958,s1.758347047,s166.327833511
087_83,s-2.730755293,s2.863209680,s169.350035212
087_84,s0.869821789,s3.499176651,s134.139053656
087_85,s-3.128538833,s5.382057104,s212.996438600
087_86,s2.061515278,s3.208036705,s117.039559543
088_0,s-4.959294308,s-4.424069780,s358.177125226
088_1,s-5.320697897,s-1.630567857,s239.823863241
088_2,s-0.336990949,s0.799169585,s209.870197211
088_3,s-2.494251950,s-4.674639468,s108.877316789
088_4,s-4.099297741,s-0.577013410,s192.942698041
088_5,s-2.285186840,s2.655542832,s104.199657786
088_6,s5.088839819,s0.248187226,s135.051224235
088_7,s-2.394044903,s0.993182050,s287.651488786
088_8,s3.483594849,s-0.422827014,s309.577248472
088_9,s2.674323398,s-2.339273560,s3.128220547
088_10,s2.070314709,s-2.518006414,s314.815033820
088_11,s-4.690911437,s-2.820767101,s175.425519793
088_12,s-4.408262880,s0.286612041,s264.793593373
088_13,s-2.843887485,s-5.425195818,s161.275618247
088_14,s-1.770877422,s-2.504094602,s140.983796217
088_15,s3.308520179,s-1.180655197,s139.446702791
088_16,s1.185324921,s3.691161263,s298.098928447
088_17,s2.542310912,s3.304714413,s138.979665415
088_18,s5.106363693,s4.506411774,s30.807039784
088_19,s5.374371672,s-5.259025085,s8.647098218
088_20,s-3.102832948,s1.888892337,s144.508359240
088_21,s-5.389518332,s5.472769276,s313.823440371
088_22,s1.412981797,s-1.009104619,s320.973700284
088_23,s5.411503733,s2.141651294,s226.477856700
088_24,s3.647614801,s-3.836262880,s241.485316588
088_25,s4.175064378,s4.064708695,s184.485474105
088_26,s4.724831169,s-1.303358856,s328.415919375
088_27,s-3.174498710,s-1.100898793,s136.672361214
088_28,s1.685313140,s0.146596257,s2.275313845
088_29,s1.748152914,s-3.021604078,s193.738613853
088_30,s-2.201386104,s4.133809995,s56.143957513
088_31,s1.204307739,s-5.073669813,s108.683554007
088_32,s0.933047451,s5.309262138,s126.408121272
088_33,s0.204415443,s-4.966874424,s65.065337250
088_34,s-0.834810742,s1.828567611,s36.205068325
088_35,s-4.585091410,s2.270144933,s306.444803614
088_36,s1.122641420,s0.443098187,s255.432573974
088_37,s5.456186577,s-1.970541038,s217.758874934
088_38,s3.901097366,s4.796772033,s79.884579699
088_39,s4.669357807,s1.439609084,s102.057739898
088_40,s-4.129067486,s-4.706687298,s112.683721661
088_41,s-5.408074738,s-0.286322306,s123.578521954
088_42,s-5.426321328,s5.078038455,s37.434170570
088_43,s-4.938128077,s-0.027345432,s111.048353212
088_44,s-3.941392256,s2.844926172,s2.599062237
088_45,s1.929242668,s-3.669638500,s313.647641367
088_46,s0.787964933,s3.725697616,s264.108993219
088_47,s5.424119229,s-3.541576990,s234.397269043
088_48,s5.220763088,s5.389403940,s291.470815498
088_49,s2.997945764,s0.841803100,s129.857198171
088_50,s-4.841306760,s5.444195137,s58.014196388
088_51,s-3.462394891,s4.497388595,s166.352328001
088_52,s2.977401984,s2.258021308,s158.684343543
088_53,s2.806029577,s1.805949667,s174.491381474
088_54,s4.156247273,s5.451823719,s195.569058635
088_55,s-3.392525771,s0.332181779,s53.178859057
088_56,s-3.958735565,s1.506478695,s20.882244268
088_57,s3.861733803,s2.668841036,s162.304531319
088_58,s4.023528838,s1.942483725,s340.577057799
088_59,s5.472403796,s3.300482934,s356.748581071
088_60,s-4.637468254,s1.759567516,s325.305785682
088_61,s-4.376847656,s3.429623690,s329.297766650
088_62,s-5.490613705,s2.148140923,s334.433465987
088_63,s4.515202552,s2.831577792,s2.768526215
088_64,s0.288582108,s4.891187591,s155.777718579
088_65,s0.729252972,s2.154702098,s250.365701385
088_66,s1.530678604,s-1.079920689,s342.848716744
088_67,s-4.101863037,s5.383298603,s1.908516638
088_68,s5.449306203,s1.185775365,s350.664999496
088_69,s-1.121781183,s5.472769276,s267.472663799
088_70,s-2.487307604,s4.727940536,s136.853714056
088_71,s-1.028704951,s-5.000860317,s220.641555416
088_72,s2.270732073,s5.404288192,s169.523989910
088_73,s-2.899609403,s3.661363274,s244.460250098
088_74,s3.366805868,s-0.003420472,s348.011192953
088_75,s2.893865270,s5.326140654,s111.353910720
088_76,s-0.920729925,s5.066066409,s19.946752937
088_77,s-1.614181649,s3.246067735,s69.892085039
088_78,s4.041619097,s-2.468359990,s187.935280739
088_79,s-0.453004762,s2.855883633,s185.358233425
088_80,s0.629335118,s4.100728800,s59.884693065
088_81,s0.112338158,s-1.681616717,s345.763983113
088_82,s-4.991908355,s4.025989697,s68.517844770
088_83,s-0.698560912,s2.073674368,s276.319294324
088_84,s1.922499893,s0.875005087,s74.744982875
088_85,s3.077892248,s4.923001538,s202.692425494
088_86,s2.119320726,s1.987067230,s119.299246409
088_87,s4.892535689,s3.023870146,s282.562617851
089_0,s3.055959966,s2.677732800,s150.933759407
089_1,s-4.901705780,s-4.007531924,s76.390442302
089_2,s-3.229499486,s1.438440538,s248.386247152
089_3,s1.501907885,s-1.239096302,s114.148182417
089_4,s-3.629406072,s-1.690421838,s63.069381330
089_5,s4.986135409,s2.993245628,s238.483011212
089_6,s0.140181012,s-3.707770559,s295.853753150
089_7,s3.013242767,s-1.783516438,s202.963047134
089_8,s3.608459404,s0.108097206,s54.157083637
089_9,s2.774692221,s-5.154942962,s223.607057819
089_10,s-1.488750283,s-1.648476766,s48.643362366
089_11,s-3.513239351,s2.705904263,s12.873459013
089_12,s1.277827055,s-5.039871908,s11.788731858
089_13,s-2.032040481,s0.140521277,s72.527075114
089_14,s-3.233296872,s-2.582684914,s164.718143869
089_15,s3.658321179,s0.933085853,s229.151729314
089_16,s-0.867686114,s-4.108782338,s224.644174442
089_17,s4.889988960,s-2.340821450,s27.144927307
089_18,s-2.503631808,s2.274889631,s0.428231976
089_19,s4.342162180,s-3.616090625,s221.868678851
089_20,s0.857383096,s-3.853673090,s81.897108248
089_21,s-3.564832458,s-3.521879275,s0.902432436
089_22,s-2.058211893,s-4.519802497,s340.209527122
089_23,s1.165756297,s-2.111152361,s307.013677676
089_24,s0.921356853,s-1.820622100,s25.306531019
089_25,s-5.259937084,s1.155736058,s145.287163142
089_26,s-1.061987290,s1.337259402,s59.435546484
089_27,s1.445481097,s-3.275035158,s83.773038962
089_28,s0.920920456,s-5.123689082,s46.238590120
089_29,s-1.668160589,s-2.892346380,s233.507264106
089_30,s-4.148135328,s1.798705301,s120.255709599
089_31,s-1.190204755,s-1.208103123,s304.526995603
089_32,s-2.365524660,s-5.093691969,s90.251880809
089_33,s-5.277788462,s2.641839246,s238.238743095
089_34,s5.134281463,s4.861296163,s142.501076743
089_35,s-1.171939115,s-5.214316321,s131.842431914
089_36,s1.219726456,s4.097592258,s335.906313481
089_37,s-3.474203079,s0.082640092,s14.365120432
089_38,s4.853675899,s0.929621233,s145.479926767
089_39,s2.294629637,s1.159976902,s300.284253677
089_40,s-2.873636915,s0.528142092,s326.321707297
089_41,s-1.963106333,s3.568936089,s147.146986586
089_42,s0.780778092,s5.197476506,s131.005319613
089_43,s-5.279298918,s-0.885543587,s167.328818034
089_44,s-0.773026331,s4.472283561,s337.339214573
089_45,s-1.593260379,s0.259766510,s225.718799122
089_46,s-0.281773586,s2.308797658,s298.765565305
089_47,s-4.577235814,s5.226042758,s310.724787022
089_48,s4.873854213,s-0.873630249,s171.175259925
089_49,s3.474637219,s-3.191561501,s37.022686343
089_50,s-1.043117413,s2.812844904,s208.194942817
089_51,s-4.191395045,s5.029497542,s205.006139684
089_52,s0.259008359,s3.941149918,s132.718863966
089_53,s-2.462621060,s4.950220246,s81.195457566
089_54,s1.192456673,s3.645493070,s160.591195769
089_55,s2.207064580,s5.235463497,s198.903353829
089_56,s4.160633586,s0.435593363,s195.750842153
089_57,s5.130320409,s1.081832543,s271.364004704
089_58,s4.867102474,s-3.421108369,s62.567971518
089_59,s3.156997038,s4.871359497,s155.752936578
089_60,s-5.318991896,s1.746902579,s265.982163640
089_61,s-2.695204802,s2.147077231,s282.151726826
089_62,s-0.037912056,s4.578549080,s67.408496167
089_63,s0.328004881,s-0.993465494,s267.743343802
089_64,s-5.138731558,s-2.185212587,s98.427264805
089_65,s-3.309570830,s2.893487568,s117.555777309
089_66,s2.586111644,s-2.469518210,s45.487692305
089_67,s3.894444296,s-1.501959619,s283.135733206
089_68,s2.870396744,s3.992088469,s189.156082522
089_69,s2.103398199,s-0.377958917,s210.194633032
089_70,s-1.689713916,s-0.650568406,s244.167291395
089_71,s-3.574792158,s4.830314647,s348.035566862
089_72,s-4.336639248,s3.297558715,s134.899121099
089_73,s-3.274678612,s3.630202541,s259.846495483
089_74,s-5.276028966,s-5.102120663,s314.854451744
089_75,s2.499498735,s-3.629627587,s320.383950155
089_76,s-0.469365359,s1.646371533,s253.104281677
089_77,s4.788034391,s3.219995280,s259.210139085
089_78,s4.018604088,s2.659421509,s89.346608979
089_79,s3.561384633,s2.792092034,s179.248323192
089_80,s-5.222210018,s5.206962931,s130.176404399
089_81,s3.319160715,s-5.119608489,s6.775177311
089_82,s-0.205169458,s3.793462079,s289.636916199
089_83,s-3.143094785,s3.911907725,s138.608056223
089_84,s1.636440755,s3.835502587,s195.663032102
089_85,s1.331892584,s5.172589955,s53.345694825
089_86,s1.913813252,s3.921594026,s337.907858688
089_87,s1.893216811,s-1.983991293,s117.860584727
089_88,s1.793722833,s1.851301185,s186.907928539
090_0,s-5.248006789,s-4.525665728,s63.238650530
090_1,s-2.497260857,s-3.789470992,s262.352458810
090_2,s-4.125164386,s-0.068132902,s32.451112309
090_3,s-5.311854323,s-3.494549153,s267.241140937
090_4,s-0.530488740,s-4.625528458,s154.934221135
090_5,s3.790499408,s1.311416311,s143.039117879
090_6,s-0.101323053,s1.438633963,s328.983162118
090_7,s3.755670214,s-4.720752782,s227.575358994
090_8,s-2.119709909,s-4.971324030,s157.917136983
090_9,s1.898987224,s-4.596206469,s308.813830883
090_10,s-5.362663173,s-5.104261493,s269.400163418
090_11,s-5.090091282,s-5.448997655,s221.081126431
090_12,s-3.150674735,s-4.994341824,s359.411718086
090_13,s0.855131254,s-4.487824655,s245.285567878
090_14,s0.164862918,s-3.028016175,s129.607892905
090_15,s5.427809554,s-5.051541693,s338.776069392
090_16,s4.004171119,s-1.097225611,s96.198861259
090_17,s5.476075373,s-1.864012761,s194.043277217
090_18,s-1.833164738,s3.263743484,s74.703889328
090_19,s3.485504227,s-3.579137366,s51.796915982
090_20,s-2.356392464,s0.240481971,s292.609637483
090_21,s-5.111351041,s-0.653281976,s200.262458569
090_22,s0.838766032,s3.587556215,s81.199819506
090_23,s-0.645168807,s3.362897059,s65.584681029
090_24,s-0.885367339,s-0.601914278,s126.450436545
090_25,s-3.673447995,s-2.664444666,s344.406968382
090_26,s2.222243328,s-5.427987209,s323.168436735
090_27,s3.882115444,s2.806990613,s178.074645811
090_28,s4.407833706,s-2.479640253,s149.676196147
090_29,s2.715655857,s3.229543943,s220.023643584
090_30,s-5.138649434,s2.086493967,s242.219341357
090_31,s0.096819481,s-1.455175757,s296.807442454
090_32,s-1.489860705,s-0.733431701,s88.728710351
090_33,s0.073919421,s5.363499249,s124.728445825
090_34,s-0.462827160,s5.363112105,s150.234164431
090_35,s5.184753442,s2.096142511,s256.398891354
090_36,s2.233891514,s4.735999225,s201.973972594
090_37,s0.928514194,s-1.226913758,s301.896519166
090_38,s1.203785654,s-1.842213239,s26.167565199
090_39,s0.210664815,s-0.795175758,s59.577824300
090_40,s-1.272515802,s-4.936600952,s114.926272946
090_41,s0.123236409,s4.501065207,s95.491314815
090_42,s-3.635469242,s-1.280323547,s157.409786253
090_43,s-0.469276955,s0.200534351,s200.275490580
090_44,s3.254732772,s2.135825427,s234.049599430
090_45,s0.748998809,s-5.448997655,s15.875788524
090_46,s-1.533837177,s2.903426234,s179.936317937
090_47,s5.316154386,s4.948979159,s165.056341981
090_48,s0.934035649,s-3.095822875,s105.354112005
090_49,s-4.302187461,s3.002708980,s92.513272477
090_50,s-2.462933464,s4.459945804,s80.002476396
090_51,s-3.500350523,s1.190912520,s292.475118334
090_52,s-2.444700431,s-2.815889048,s180.707842714
090_53,s-1.629834605,s-2.835327642,s35.553184056
090_54,s-0.730835141,s1.051493686,s259.327726921
090_55,s2.252632345,s2.862545849,s251.644741976
090_56,s-1.427695892,s4.226831682,s21.670979545
090_57,s2.342674949,s4.044166537,s270.861879739
090_58,s5.466730854,s3.890512772,s172.139317146
090_59,s5.009140859,s-0.142923810,s80.578750914
090_60,s1.604115511,s4.131859888,s40.179731626
090_61,s-3.215353046,s3.518068506,s145.884532370
090_62,s-4.817183225,s4.246155681,s331.426393798
090_63,s-1.192539614,s5.170494209,s227.609966029
090_64,s4.435115120,s5.280883743,s162.018002854
090_65,s5.457501209,s-3.836809022,s181.745543594
090_66,s-3.249912874,s-4.102158213,s214.993041390
090_67,s3.232490884,s4.378398412,s271.833626364
090_68,s-4.009158466,s4.012082620,s166.901759406
090_69,s0.782934635,s2.136271057,s315.602350888
090_70,s-5.053610648,s5.282904153,s124.684720418
090_71,s2.594209912,s5.278488337,s14.779091428
090_72,s-0.017751353,s4.751809865,s109.620376336
090_73,s-4.347979902,s5.039753463,s18.150274644
090_74,s3.665775562,s3.461750633,s172.782866743
090_75,s5.469334024,s1.077431316,s26.094089032
090_76,s-5.199753142,s0.109740562,s154.824528810
090_77,s0.830096884,s-2.603137190,s100.971360983
090_78,s4.701664261,s0.189847698,s310.615621309
090_79,s-2.860095034,s-1.454862413,s94.036873021
090_80,s-2.983028675,s5.234881346,s229.283870887
090_81,s-4.870581860,s-4.372984269,s152.800801371
090_82,s-3.757035691,s2.379100618,s215.252810914
090_83,s-4.885135655,s0.498261561,s150.549409126
090_84,s4.012580594,s3.590936510,s251.180817039
090_85,s-1.839763919,s4.861433974,s236.906549561
090_86,s1.043757585,s2.831563212,s342.210747310
090_87,s1.034195293,s4.003678016,s82.570034819
090_88,s0.205831442,s0.736536420,s98.335674106
090_89,s4.823879693,s2.106397986,s276.091989152
091_0,s-5.256641896,s-1.852132833,s358.911499982
091_1,s-3.141851997,s-4.783132591,s343.087354307
091_2,s-4.469942401,s0.815342189,s148.476370244
091_3,s-2.838516046,s-1.640028437,s162.973602677
091_4,s-2.177789671,s3.508567627,s228.081098726
091_5,s4.301580588,s-2.420785611,s23.036689832
091_6,s1.829355972,s-1.389301865,s313.273928753
091_7,s3.236399439,s-4.239088157,s269.451451345
091_8,s2.659476662,s0.297995739,s95.389787182
091_9,s4.986970020,s-5.114621496,s164.212050860
091_10,s-4.000764193,s-2.240070482,s47.057265884
091_11,s-4.285132211,s-2.337745546,s123.393500130
091_12,s2.319458177,s3.462416093,s277.824542138
091_13,s-1.431819087,s-0.271476240,s29.536816340
091_14,s2.082841268,s-4.727639924,s272.344730445
091_15,s1.092218591,s5.129319388,s80.058899236
091_16,s-3.371212510,s-1.320229550,s181.139091505
091_17,s4.905296385,s4.436464162,s348.815810469
091_18,s5.135030233,s5.145304340,s97.919677009
091_19,s2.875128611,s-3.031896124,s300.690092115
091_20,s-5.144397989,s-0.381215293,s289.601745411
091_21,s0.182309929,s0.681661587,s274.880232773
091_22,s0.182726476,s-3.904893426,s340.906964202
091_23,s2.692213531,s1.288098365,s22.811951126
091_24,s-3.899521679,s-3.606184407,s222.850986151
091_25,s-0.284854919,s5.163760486,s269.921891599
091_26,s4.679012596,s-2.011906127,s293.386111551
091_27,s-2.254408788,s-0.436364986,s72.388534934
091_28,s0.937647190,s-2.899272527,s216.945173857
091_29,s5.065930366,s-4.164180243,s340.692916415
091_30,s-4.674183557,s1.487301439,s205.457742283
091_31,s-3.507607804,s-0.618991945,s86.910668562
091_32,s-4.755214886,s-5.072540219,s2.098488776
091_33,s2.083042421,s4.275411256,s75.521376003
091_34,s4.402842085,s3.555513438,s111.535065668
091_35,s-0.669557171,s-4.092969083,s5.821226687
091_36,s0.835101024,s-2.467127529,s250.728651161
091_37,s5.098452785,s-1.018989838,s273.562895413
091_38,s4.886711474,s-0.202180002,s179.768740386
091_39,s3.985549429,s0.055738785,s285.272260950
091_40,s1.322964452,s0.356191984,s10.523356900
091_41,s-3.216671281,s1.420557997,s37.334113729
091_42,s-1.310897989,s-1.290015491,s154.476720841
091_43,s-1.967513996,s4.180860066,s147.513246342
091_44,s-5.277346860,s-3.441412497,s175.101346526
091_45,s-1.686337488,s0.522695463,s130.682586960
091_46,s-4.557478773,s3.614504868,s277.529540400
091_47,s2.453316500,s2.121130291,s249.261420396
091_48,s5.009150251,s3.311996594,s328.861248366
091_49,s-0.050958654,s-4.924427655,s206.879736692
091_50,s-2.867208235,s2.472980516,s184.796799509
091_51,s-2.746240191,s3.965551751,s197.020007015
091_52,s-1.641290345,s5.095433115,s243.585332141
091_53,s-1.233675860,s5.108690237,s345.857094464
091_54,s-5.032015788,s4.400716792,s142.761875056
091_55,s2.036885748,s5.008108899,s157.525308668
091_56,s0.276535102,s4.686981995,s226.723195954
091_57,s2.863860215,s3.051996250,s228.120182541
091_58,s3.088046484,s4.719451978,s125.129905406
091_59,s1.479245643,s2.542923601,s264.179567696
091_60,s-5.292353775,s1.879554649,s307.311931910
091_61,s-5.229904140,s3.085467830,s123.513786826
091_62,s-2.018895401,s1.985492795,s72.239299466
091_63,s0.996529765,s3.384185810,s359.696966653
091_64,s-2.884871166,s3.183383586,s257.494721479
091_65,s0.111277315,s-0.902167907,s131.908316484
091_66,s4.998706539,s0.698645416,s1.843769103
091_67,s4.982685263,s-2.861445060,s317.084435464
091_68,s4.841720891,s0.476198606,s263.980936026
091_69,s-2.921713317,s4.847124783,s264.038510885
091_70,s-4.091679193,s0.478923014,s354.793425179
091_71,s-5.245332374,s4.966288762,s356.528173988
091_72,s-0.152465548,s-2.041198477,s350.690854748
091_73,s1.209270018,s3.840633297,s205.695672771
091_74,s-2.105403555,s4.967283337,s351.184790108
091_75,s4.299185841,s-1.785984915,s129.336591118
091_76,s-1.344637719,s2.191602668,s359.696745837
091_77,s-1.214245384,s-3.469418204,s61.537878946
091_78,s2.535419587,s3.490908632,s65.137089495
091_79,s3.943615367,s3.690065341,s62.169734184
091_80,s-5.363793379,s4.153229965,s338.058097960
091_81,s-1.707770594,s5.152571729,s259.340575457
091_82,s-1.230696721,s1.498406670,s29.021019539
091_83,s0.961257640,s1.609536855,s214.458353941
091_84,s-3.977686940,s5.073383076,s76.696170835
091_85,s3.981749781,s1.599927730,s307.075888624
091_86,s-0.187343760,s3.326368359,s73.038094891
091_87,s3.343948419,s1.847333629,s131.616057432
091_88,s4.445054582,s0.157855354,s111.886168090
091_89,s3.842175492,s4.913262593,s173.374652346
091_90,s-1.797911442,s-2.951759355,s122.339637910
092_0,s-5.055357145,s-5.537579600,s157.528867873
092_1,s-2.921126565,s0.681340859,s297.684436144
092_2,s-2.452892112,s-3.572148734,s290.966282412
092_3,s-5.343733045,s-3.686028722,s278.106411059
092_4,s1.088918991,s-2.193256463,s295.507895110
092_5,s-0.155755196,s-0.901174793,s69.149318750
092_6,s-3.461214586,s-1.742545718,s275.606930250
092_7,s1.903748863,s-5.646444416,s274.219338981
092_8,s5.577606347,s-5.796131047,s267.736217581
092_9,s5.433284050,s-2.790441602,s301.456657005
092_10,s0.652630545,s1.384022932,s308.026025792
092_11,s-2.583685160,s-2.219173708,s321.366537130
092_12,s3.666045320,s-2.093088243,s11.566239267
092_13,s-3.703323723,s-5.758463052,s329.274262169
092_14,s-2.008143625,s2.764577583,s165.531687958
092_15,s-1.241074053,s-2.552502003,s320.970624311
092_16,s3.475856364,s1.544478022,s296.973546019
092_17,s-2.126515265,s-5.161581674,s83.990349866
092_18,s-2.231446995,s4.215482025,s230.815921123
092_19,s4.592855174,s0.703031497,s124.998761897
092_20,s5.527867976,s-2.075868315,s231.403074320
092_21,s-1.954728504,s1.048127077,s314.854852138
092_22,s-3.484820819,s2.722571978,s344.041059750
092_23,s-4.617671459,s-4.462352778,s88.039021307
092_24,s-5.891035612,s-1.647016848,s34.172613670
092_25,s3.624556297,s3.659865564,s42.466731949
092_26,s-4.105911235,s-3.514348711,s33.773888149
092_27,s-3.638430710,s5.144502272,s347.567615767
092_28,s-6.066586662,s-2.430862797,s140.629630790
092_29,s1.834232852,s-3.102652194,s41.705921506
092_30,s-1.300379645,s-4.161252095,s69.622463887
092_31,s0.230008050,s1.988554710,s80.332287809
092_32,s2.710260682,s-0.713312008,s261.285154484
092_33,s-2.000021480,s4.083879581,s135.076043328
092_34,s-5.172796755,s2.256189091,s269.160229772
092_35,s-5.850952568,s-1.122006586,s15.178412133
092_36,s-3.110017417,s0.020411149,s275.633759194
092_37,s4.806207513,s-1.623802117,s322.485745146
092_38,s1.071188381,s-3.267209410,s129.451146748
092_39,s-4.767075927,s2.098414174,s24.587817195
092_40,s4.866768346,s5.566076578,s27.320758421
092_41,s4.184393308,s4.062343664,s158.676705949
092_42,s4.046912913,s-3.872445444,s281.526308226
092_43,s5.189376590,s5.445263450,s224.543845215
092_44,s-4.137601583,s4.019017138,s247.286513909
092_45,s-3.072028325,s2.673850534,s317.195676688
092_46,s-5.177132992,s-0.152873011,s311.783262751
092_47,s-3.731539212,s1.164578768,s344.914571703
092_48,s3.235543857,s4.346151521,s21.732868459
092_49,s1.070441734,s-0.475387362,s46.819508238
092_50,s5.740339113,s0.126644093,s30.720202743
092_51,s4.039035750,s1.589233874,s41.080969976
092_52,s2.919307068,s2.978492269,s229.335360684
092_53,s5.781759033,s5.297677710,s262.040145935
092_54,s3.953147044,s2.221477828,s318.893805422
092_55,s-1.321584468,s5.475652842,s24.252198449
092_56,s-5.450026262,s4.734730699,s133.562049008
092_57,s-0.021360633,s3.217441920,s130.187365713
092_58,s0.219525979,s5.271355297,s26.042679002
092_59,s-0.312532725,s3.922254899,s358.604466673
092_60,s-0.038018759,s-5.666169789,s342.500844033
092_61,s-1.154672710,s0.852440104,s111.785872651
092_62,s3.881576089,s5.329439205,s123.464551025
092_63,s1.334498582,s3.404356578,s111.110208164
092_64,s5.489573784,s-4.987521113,s100.344312038
092_65,s1.107969321,s5.153249376,s151.574798590
092_66,s-6.042013815,s3.566489884,s160.847341817
092_67,s-6.107306248,s5.363707663,s16.475650593
092_68,s-5.680690266,s5.365303722,s103.055226547
092_69,s-5.357177300,s1.070796110,s105.783898744
092_70,s-0.343562102,s1.283826742,s351.939838364
092_71,s3.635753895,s4.450710252,s286.231534103
092_72,s-0.483338806,s3.953902115,s123.783528903
092_73,s5.421549141,s2.120578354,s231.724533291
092_74,s1.884551760,s5.551230368,s86.429244646
092_75,s1.022018486,s4.119804721,s165.449418256
092_76,s-0.755849432,s0.504642537,s242.092875053
092_77,s-2.586204750,s1.586319064,s60.184848724
092_78,s-5.794051773,s2.184436848,s52.655870264
092_79,s1.783065850,s1.899546395,s19.655155906
092_80,s2.573359241,s1.344557920,s156.074183972
092_81,s-1.512206159,s-0.263011859,s298.185449539
092_82,s-0.475382476,s-4.556947763,s19.897723664
092_83,s2.703910389,s5.578164883,s302.996031920
092_84,s0.612227533,s3.351244607,s9.151742934
092_85,s5.073996149,s4.473354314,s257.790722552
092_86,s5.800135946,s5.624319936,s189.074054671
092_87,s4.024579318,s-2.642368272,s167.028772645
092_88,s-4.143474048,s4.567391905,s213.047942400
092_89,s0.355661352,s5.469317195,s351.276405605
092_90,s-3.254145200,s3.611550089,s48.280213738
092_91,s-2.987638940,s4.718852872,s213.056788593
093_0,s-6.014317465,s-6.271527292,s179.426665830
093_1,s-5.490840938,s-3.290105099,s53.609489890
093_2,s-1.022755502,s1.447779764,s299.114354138
093_3,s-1.314515447,s-3.142852988,s20.153690828
093_4,s-4.272829195,s-5.905404265,s17.444490555
093_5,s0.621701959,s-2.193966108,s318.852509824
093_6,s5.328803602,s-3.966777470,s78.166698578
093_7,s1.469936953,s-4.961077997,s222.254410447
093_8,s-3.139894405,s-5.678447428,s121.293661617
093_9,s5.834111133,s-6.285530492,s66.356490395
093_10,s4.876303829,s-3.966785416,s263.566065718
093_11,s-4.912636296,s-0.241541541,s73.009389870
093_12,s-6.305650625,s-0.678880350,s331.875635237
093_13,s-2.236941167,s3.090582530,s214.507040303
093_14,s2.228824138,s-2.224611809,s289.960239739
093_15,s3.122775399,s-3.890458520,s341.226885224
093_16,s3.546373138,s-3.217105545,s27.776037978
093_17,s2.637526228,s2.597744869,s193.889545324
093_18,s3.134671483,s-5.313191275,s227.824743077
093_19,s6.511882139,s-0.975808244,s112.824119108
093_20,s6.320041260,s-3.142187064,s144.062063377
093_21,s6.047791498,s-0.386747510,s81.020224657
093_22,s-4.899070642,s-2.185038625,s23.216861829
093_23,s-4.898231141,s1.360709907,s222.673052331
093_24,s-5.554589349,s-5.143473010,s120.027715554
093_25,s4.942536141,s-2.456726828,s269.248027191
093_26,s3.092980615,s6.243725350,s179.100701119
093_27,s1.431842258,s1.975598100,s267.106652559
093_28,s3.129430195,s1.350226937,s244.594365880
093_29,s4.399837871,s3.171086503,s208.675685655
093_30,s4.164078496,s5.938353591,s211.629784159
093_31,s5.099242965,s0.382769465,s209.347094991
093_32,s2.799486740,s-1.348853264,s245.930977585
093_33,s-3.277152984,s2.649488317,s7.716219733
093_34,s-5.192430947,s3.353893968,s83.676666724
093_35,s-5.907736730,s-0.357898118,s298.989251416
093_36,s0.626336986,s1.781126934,s291.455390177
093_37,s0.798352612,s-0.087193369,s307.370023090
093_38,s4.951444304,s6.269784332,s214.330075449
093_39,s2.361411566,s6.144358657,s39.591005217
093_40,s-3.281270403,s-1.271532247,s53.070502833
093_41,s2.932698620,s2.351642468,s281.441683991
093_42,s2.472470934,s5.393370797,s292.696849686
093_43,s2.956820196,s0.616198890,s70.488801238
093_44,s0.221157672,s-0.629626644,s97.500106977
093_45,s-4.049915468,s0.313698132,s43.018300128
093_46,s-2.250485856,s1.111102986,s110.904428322
093_47,s-6.305650625,s1.308813076,s86.963236322
093_48,s0.658914742,s4.085827555,s216.406671268
093_49,s-5.619844813,s3.029251353,s300.193611961
093_50,s-2.767762656,s3.803686480,s263.234758199
093_51,s4.982156430,s4.487211751,s199.330679315
093_52,s1.039581783,s4.564274917,s39.835539275
093_53,s3.311912013,s2.275195229,s148.540481535
093_54,s5.334310002,s2.273594385,s355.358255782
093_55,s-0.324680648,s-5.299319626,s293.675395307
093_56,s0.841824928,s3.340473411,s85.399994259
093_57,s4.934676210,s1.670122046,s145.330971686
093_58,s3.124500748,s3.922478860,s171.842551306
093_59,s-1.202682192,s-2.452791457,s89.428949374
093_60,s2.296755500,s-0.214335357,s241.323216217
093_61,s6.355013797,s5.973804531,s249.535956852
093_62,s6.255545638,s3.108827023,s115.887780389
093_63,s-5.340574496,s4.169315755,s214.324395635
093_64,s6.646286365,s0.504029235,s179.482286583
093_65,s5.835258960,s1.387455417,s302.235908991
093_66,s-6.078110771,s1.448823100,s54.559205002
093_67,s-6.305650625,s2.990358357,s95.019437963
093_68,s-6.202274775,s4.632437374,s141.221014447
093_69,s-5.644290878,s0.508761344,s130.595901509
093_70,s-1.733820679,s5.967984813,s63.835769870
093_71,s-3.442757936,s3.276668944,s284.891230971
093_72,s1.381327696,s0.555168791,s192.896193810
093_73,s2.109889497,s2.475264302,s111.300781672
093_74,s1.163747271,s2.789921357,s147.199202287
093_75,s6.521408704,s1.909156799,s28.199120683
093_76,s3.483622776,s4.722640492,s199.705299110
093_77,s-4.157680411,s4.422073001,s316.290472324
093_78,s-5.372197697,s6.151220361,s18.491260177
093_79,s-2.676146411,s4.894279334,s331.250842320
093_80,s-1.284300203,s5.177644567,s180.642709890
093_81,s5.738534758,s6.288899121,s102.194676596
093_82,s1.020805115,s5.489360810,s182.928397140
093_83,s3.076210033,s6.013709034,s60.225188445
093_84,s6.563856198,s6.304365198,s21.079218764
093_85,s5.676032066,s4.301166187,s222.022356739
093_86,s2.080670097,s4.856833861,s271.958460720
093_87,s-1.725905888,s3.482827572,s35.852612287
093_88,s-3.853336187,s6.282824893,s350.342416872
093_89,s-3.260817751,s3.761387045,s288.257744479
093_90,s-6.305650625,s5.172079856,s108.502132733
093_91,s-4.700349565,s5.257506973,s211.234121807
093_92,s-2.205337726,s6.100642344,s34.963903283
094_0,s-5.973478765,s-1.334434209,s279.185605929
094_1,s-3.281361620,s-3.798659686,s6.779758944
094_2,s0.580014701,s-4.893854881,s214.028749063
094_3,s4.027931065,s-3.697936133,s55.079949170
094_4,s-2.098782760,s-5.807117164,s213.163918106
094_5,s0.544207180,s-3.649607931,s193.313535815
094_6,s3.497016360,s-3.030619858,s329.810704664
094_7,s5.608513780,s-2.634009567,s161.995173932
094_8,s3.883771807,s2.965429052,s218.518460685
094_9,s5.081953228,s-5.870863685,s175.744115439
094_10,s6.098792460,s-5.571831653,s177.519158778
094_11,s-1.747876403,s1.924415760,s150.643213227
094_12,s-5.512598314,s-5.377905494,s42.094410569
094_13,s-3.837234742,s-4.518554788,s15.867519862
094_14,s0.110734580,s-2.550042610,s54.952632327
094_15,s3.677195271,s6.184462659,s177.367038693
094_16,s-1.156623106,s0.394425008,s292.411085092
094_17,s5.079345856,s-3.622840840,s327.007888704
094_18,s6.365594039,s-0.206337784,s175.168489501
094_19,s2.468878647,s-2.459225743,s122.043068796
094_20,s6.226589913,s-1.428862474,s6.452823969
094_21,s-0.543717376,s1.025951676,s60.838528849
094_22,s-4.850330567,s2.470470185,s236.295353405
094_23,s-4.388357331,s5.607575301,s91.761043183
094_24,s-2.637310332,s2.485174455,s89.498667769
094_25,s-2.790902265,s5.448401391,s36.797065871
094_26,s-3.445641052,s-6.036901721,s184.711773943
094_27,s3.345854617,s-1.810434977,s67.889579229
094_28,s-2.653231877,s0.528252145,s84.090309070
094_29,s-0.022872194,s-4.503087807,s75.648526591
094_30,s0.257376348,s2.360821550,s354.092819363
094_31,s1.633238273,s-1.688036547,s34.707830420
094_32,s2.762471845,s-5.903581250,s209.761475105
094_33,s-5.066726920,s-2.084625170,s190.069976946
094_34,s3.362593609,s2.669485101,s315.194729637
094_35,s1.492594234,s2.051153383,s24.903298049
094_36,s-1.986036750,s4.331485644,s330.824307662
094_37,s5.772661010,s2.355232495,s194.211156977
094_38,s-3.648458815,s-0.788926336,s211.860968251
094_39,s-5.017956925,s1.160100863,s334.880965138
094_40,s4.089938880,s0.126014092,s113.582557300
094_41,s4.264961378,s-1.185371418,s299.831370346
094_42,s-2.334966033,s-0.765727604,s27.118172711
094_43,s5.770027242,s0.512923530,s338.205174591
094_44,s-5.401176104,s1.751570928,s205.083236110
094_45,s-5.508595171,s-0.412121887,s309.051455974
094_46,s-3.308905887,s3.662705962,s206.634124145
094_47,s-1.721430032,s-3.108836098,s103.487100752
094_48,s0.115007670,s3.398406834,s316.572462133
094_49,s-5.859325699,s0.815875829,s204.004158140
094_50,s-0.326964122,s3.820913465,s272.816857834
094_51,s5.139680274,s-0.232010782,s34.087481066
094_52,s3.883544566,s1.546880340,s139.309853794
094_53,s3.108822590,s1.420695053,s184.632846654
094_54,s5.405661656,s1.236420300,s46.321714005
094_55,s-5.950640692,s3.529681598,s74.935721692
094_56,s-1.627538126,s1.669756568,s197.626565041
094_57,s-5.563759102,s5.765206870,s11.770395083
094_58,s-2.756228389,s6.231233971,s43.917610785
094_59,s6.128035904,s4.029970522,s167.592460356
094_60,s1.451114480,s2.995045754,s106.079060734
094_61,s-1.899706808,s-4.113875346,s332.419450867
094_62,s1.562516128,s-2.906943789,s182.027192853
094_63,s4.109473162,s3.710256522,s104.610279232
094_64,s2.711684341,s4.278555387,s145.778624698
094_65,s-0.740754517,s4.314327912,s266.353080708
094_66,s-0.389492479,s6.206340302,s38.295753661
094_67,s-4.567948753,s0.024094468,s115.537954694
094_68,s-1.658899961,s3.524597414,s129.489414741
094_69,s-5.967874833,s2.701123114,s2.414466186
094_70,s3.265506863,s6.117778878,s258.469851943
094_71,s2.803282985,s3.458901138,s329.379495944
094_72,s2.394217496,s6.123123038,s34.425159468
094_73,s-3.818529754,s5.254218727,s208.698564495
094_74,s5.839936332,s6.100386722,s235.807387470
094_75,s2.720349726,s5.669856874,s55.899802967
094_76,s1.165388302,s3.976775990,s134.986414913
094_77,s-5.108523180,s3.283479128,s8.667009860
094_78,s0.971417651,s6.302354883,s98.225197576
094_79,s-4.344275287,s4.003602081,s170.848607294
094_80,s-3.260352288,s4.837684496,s196.652143196
094_81,s0.193175131,s0.266063657,s11.659659740
094_82,s-1.441364835,s5.114241136,s317.363129746
094_83,s4.232455494,s6.278669963,s196.665423787
094_84,s-1.762224911,s6.285691121,s290.657872526
094_85,s0.123736603,s5.793498317,s257.191408786
094_86,s2.411874678,s-1.372580413,s308.693427634
094_87,s6.375589679,s6.283732452,s173.229055614
094_88,s-4.117673744,s0.631859745,s61.975934282
094_89,s-5.987474531,s6.072086043,s170.507473244
094_90,s-4.876395800,s6.216679625,s61.174191642
094_91,s1.139444366,s3.928518715,s323.175635145
094_92,s-0.941310939,s5.053197012,s263.590859541
094_93,s5.145492417,s6.336629804,s65.231067716
095_0,s0.047497891,s-2.942938576,s320.389633543
095_1,s-5.197816712,s-1.294326787,s163.498452798
095_2,s-6.373134773,s-3.672605069,s307.464727258
095_3,s-4.861248523,s-2.331070358,s134.486806526
095_4,s-4.100277781,s-4.573334868,s350.818171993
095_5,s-0.180555356,s-0.022987882,s292.645761314
095_6,s4.337216177,s-2.613298009,s191.268571588
095_7,s2.214498696,s-6.408284626,s99.505506886
095_8,s4.760307910,s-2.126595642,s173.238847220
095_9,s3.534170732,s-2.662992749,s91.973690918
095_10,s5.794398181,s-5.295141637,s194.971710275
095_11,s-3.447930202,s-0.159039373,s136.511865263
095_12,s-5.463216252,s-4.977239514,s221.497306885
095_13,s1.443031073,s-5.280922614,s99.262154370
095_14,s-6.397751415,s-1.876747370,s162.328854599
095_15,s0.716992909,s-2.177740905,s18.188984853
095_16,s4.489804230,s3.166590990,s225.677296351
095_17,s2.098878278,s-4.550755519,s215.037608690
095_18,s4.591270950,s-5.756700480,s63.174706133
095_19,s2.506272682,s4.785559975,s153.240720288
095_20,s6.157622499,s4.297552350,s1.325659495
095_21,s5.952893530,s-4.775446107,s228.473821460
095_22,s1.567991351,s-1.000085049,s87.157666647
095_23,s-5.862530596,s4.514288469,s231.148247891
095_24,s0.481844945,s2.641102146,s201.091637804
095_25,s-3.417972698,s1.071830396,s172.610285506
095_26,s-3.071898452,s2.704909346,s294.448919630
095_27,s-4.533239935,s-0.784586224,s25.619935814
095_28,s-1.300836833,s3.388472165,s345.094575123
095_29,s-0.182728870,s-4.922810998,s111.291083984
095_30,s5.300225772,s5.831024125,s8.461029331
095_31,s5.672042610,s-1.964488780,s232.659647620
095_32,s2.553408504,s-1.685242603,s290.302323862
095_33,s-6.400148521,s2.359316200,s251.867370186
095_34,s-0.348243546,s3.690758410,s185.349791221
095_35,s-4.038251386,s-3.375944023,s343.479876072
095_36,s1.727383468,s2.825167194,s53.353816813
095_37,s1.361813954,s1.005795010,s183.031501780
095_38,s4.702430658,s0.953758881,s163.787739519
095_39,s2.177483090,s0.882607112,s49.991289403
095_40,s-3.166578092,s-5.020493594,s158.806763109
095_41,s5.327289196,s4.263525575,s5.178529800
095_42,s3.649062957,s-1.122073565,s18.924528637
095_43,s-0.784345950,s0.251311581,s169.800277177
095_44,s-6.250626888,s0.767114213,s251.042179115
095_45,s-6.467668526,s-0.140586800,s146.144491256
095_46,s-3.593584683,s4.754078835,s309.906260865
095_47,s-2.631587229,s-1.693697854,s227.996773089
095_48,s4.052375093,s5.970754598,s192.875835431
095_49,s-1.555350826,s0.051092892,s112.309844771
095_50,s-0.094994332,s-0.719453582,s256.324706142
095_51,s1.013100141,s-3.398371697,s141.954056553
095_52,s2.832694406,s-2.791813565,s142.923443667
095_53,s3.380269401,s2.880729246,s218.735539671
095_54,s6.042763469,s-1.639695780,s114.683583049
095_55,s-5.109044791,s2.713204204,s55.139744310
095_56,s-4.401603273,s0.987325488,s84.957954616
095_57,s-6.179051411,s5.373169974,s306.557961971
095_58,s-1.720877432,s3.536025676,s346.763080360
095_59,s-0.013166360,s1.164504426,s325.156308947
095_60,s-4.989667653,s4.020478215,s329.523967354
095_61,s4.017066833,s4.522329633,s54.255537652
095_62,s6.213878483,s-0.160687627,s57.682858864
095_63,s5.803547337,s3.007710189,s58.533915784
095_64,s-0.440846810,s4.426838410,s43.421789304
095_65,s2.820744652,s3.459073832,s133.954011829
095_66,s-5.197521185,s5.940779189,s37.033038806
095_67,s5.485783234,s2.275047208,s274.896379832
095_68,s-1.237495666,s5.557882205,s134.177900291
095_69,s-2.796501575,s2.240523366,s286.677084794
095_70,s-1.998285154,s-0.564834928,s106.056648455
095_71,s-3.123131771,s4.075147897,s102.600306131
095_72,s1.814504879,s-0.974853677,s214.655910748
095_73,s0.759720376,s5.080478549,s13.760694440
095_74,s1.330901462,s3.113057214,s98.359912574
095_75,s6.117872887,s5.579841886,s263.903788609
095_76,s6.194531882,s6.063885816,s178.271029362
095_77,s-4.611504018,s-0.121259340,s17.828308907
095_78,s-6.294903955,s6.034683748,s26.039175212
095_79,s-4.166347920,s4.967225470,s170.890699789
095_80,s-1.530461720,s1.062217352,s228.113619709
095_81,s3.080947202,s-0.030809720,s115.679841790
095_82,s3.429380155,s4.025353399,s109.950200570
095_83,s-0.897772409,s4.150435115,s47.262865659
095_84,s-1.107006448,s2.463730165,s298.634171031
095_85,s5.655873649,s0.590059997,s65.649971460
095_86,s4.387507974,s4.979912133,s341.603369695
095_87,s1.965355445,s5.513668178,s216.019433752
095_88,s-2.619382290,s4.225259657,s94.227833314
095_89,s-5.374716202,s5.124870161,s203.118775286
095_90,s-2.428195778,s5.313012751,s87.941381282
095_91,s-3.836458034,s3.078690773,s216.156961313
095_92,s1.140798855,s5.775534821,s157.632150027
095_93,s-0.388960238,s5.979014196,s288.507637900
095_94,s0.410027584,s3.548668278,s7.841021840
096_0,s-4.443948599,s-2.917262463,s225.159152618
096_1,s-1.976999586,s-2.358310565,s115.390211150
096_2,s-5.425133434,s-1.556018656,s247.435917984
096_3,s-4.660129058,s-5.272911079,s296.163884682
096_4,s-4.408610926,s4.470273288,s130.292874320
096_5,s-1.214705934,s0.877343342,s53.140507830
096_6,s-1.086586387,s-5.165264409,s208.711303774
096_7,s2.609793514,s-3.333407792,s231.838327499
096_8,s1.280430273,s-6.208903598,s345.331469132
096_9,s3.391211801,s3.280510451,s133.189912225
096_10,s3.014168754,s-4.345914208,s249.208986373
096_11,s-2.362857726,s-1.456658602,s94.514562932
096_12,s-5.906886030,s-5.334849564,s16.542081236
096_13,s1.879056810,s-1.673980574,s190.495830468
096_14,s-0.988819241,s-2.628530177,s293.368606828
096_15,s-4.658832455,s-0.029698462,s125.553827184
096_16,s-0.003157317,s-3.445488715,s59.628478821
096_17,s0.442203653,s2.871615031,s34.791254674
096_18,s4.052760016,s-5.769909729,s298.317233433
096_19,s3.410354139,s0.719885764,s14.507037170
096_20,s5.946079579,s-5.507979283,s74.577594638
096_21,s3.738078758,s-2.326183321,s33.910902114
096_22,s-5.821903435,s1.340209560,s226.133890067
096_23,s-2.860454555,s1.876514722,s119.652829432
096_24,s-2.501972294,s-3.502331626,s45.913048475
096_25,s-2.665443933,s-5.450489892,s213.344057584
096_26,s2.474525681,s2.492427863,s193.614937413
096_27,s-2.347268036,s-4.687623883,s298.544110954
096_28,s5.613634780,s4.860677205,s83.106082463
096_29,s3.419665760,s4.283541825,s103.721121101
096_30,s-2.480132061,s1.600384209,s222.393490521
096_31,s5.966475532,s-2.879760368,s255.968202157
096_32,s4.829300658,s-4.821488160,s356.021361626
096_33,s-5.045033485,s2.756303109,s66.772921585
096_34,s0.536780016,s-2.027750521,s262.604462267
096_35,s-5.835108730,s-2.202299505,s34.538408373
096_36,s5.113441752,s5.406282179,s22.772054970
096_37,s-1.180803330,s1.568154851,s107.940446030
096_38,s3.806366557,s-4.956919873,s291.374071559
096_39,s1.095437205,s-4.087288771,s191.455430349
096_40,s0.278431704,s2.422364648,s313.770821064
096_41,s-0.888011730,s-4.273457706,s72.936252664
096_42,s0.642469473,s5.621508354,s24.581527778
096_43,s4.544602920,s3.425149661,s180.719144497
096_44,s-3.474903224,s5.215961402,s180.481849805
096_45,s-4.261755571,s-3.609792210,s349.527584871
096_46,s-4.152998233,s-0.245502203,s157.831768876
096_47,s-2.551570691,s2.557680971,s186.475333572
096_48,s3.541136238,s-1.005768230,s84.841465767
096_49,s-0.688681307,s-0.630576762,s224.835199717
096_50,s-5.168338627,s-5.355638912,s227.922492870
096_51,s3.724471525,s5.642899392,s272.019736750
096_52,s4.628155659,s-1.549142498,s47.480513770
096_53,s3.482406083,s2.176482183,s142.611913163
096_54,s0.488731256,s4.946988740,s192.743372016
096_55,s-1.811357857,s4.609512130,s285.243115505
096_56,s-5.065546586,s-0.545855131,s108.039797238
096_57,s-4.052208910,s1.126029339,s174.569115742
096_58,s-3.728538467,s3.548515366,s55.425085243
096_59,s-5.961331704,s5.552324077,s77.578358633
096_60,s2.310241844,s4.052045755,s290.041514764
096_61,s5.014315120,s-1.793396924,s139.587361077
096_62,s-1.237902304,s4.170614073,s117.425516958
096_63,s5.095636752,s0.495066218,s101.876828170
096_64,s2.257644255,s3.194680769,s177.578497323
096_65,s-3.293159881,s-0.013987186,s320.929194980
096_66,s-2.716268021,s5.564528289,s174.062930216
096_67,s0.040756969,s-1.342444826,s186.232983736
096_68,s-5.856456359,s4.350524295,s284.165479145
096_69,s0.093421507,s-0.677356312,s292.775105290
096_70,s-0.110157147,s0.796453816,s11.114953506
096_71,s1.708453410,s-0.860194990,s182.839711635
096_72,s5.965060853,s3.320185252,s57.930627862
096_73,s5.766807824,s-0.920661256,s337.815716648
096_74,s5.991972998,s2.370625971,s33.194794669
096_75,s0.825613494,s-3.697601890,s218.409938253
096_76,s4.381951469,s5.596628685,s64.801291333
096_77,s-1.015146325,s2.630816415,s67.134953318
096_78,s-5.287796180,s5.620986738,s133.491771955
096_79,s3.422251728,s5.622382810,s80.142559888
096_80,s-1.854194649,s4.972270547,s32.562889720
096_81,s4.831056383,s4.397542738,s95.477699384
096_82,s0.306927080,s1.086443121,s31.381352219
096_83,s1.618133881,s2.968503050,s186.114093448
096_84,s5.922868126,s5.610828069,s297.376388790
096_85,s3.824678789,s4.287364055,s354.804826480
096_86,s-1.954350487,s-0.155350816,s290.378234615
096_87,s1.757541623,s4.452400801,s179.139436710
096_88,s-5.185902715,s4.950361757,s12.055322417
096_89,s-5.940457009,s2.119349422,s144.870542534
096_90,s-5.420713998,s3.973166397,s339.563041891
096_91,s2.022804009,s5.473973618,s165.611105181
096_92,s-1.507683582,s5.622734121,s3.337833114
096_93,s0.038143373,s5.018545622,s80.666098086
096_94,s0.627367475,s-0.109726731,s29.174690942
096_95,s1.436438779,s1.557296646,s226.270588764
097_0,s-5.984062524,s-4.774459539,s146.776678702
097_1,s-4.967772115,s-2.516293821,s290.550756471
097_2,s-3.539175566,s-1.163877045,s264.917544746
097_3,s-5.084309639,s-1.945012616,s61.737409543
097_4,s-3.058127660,s-5.873584257,s222.726069605
097_5,s-2.378012370,s2.371670913,s17.430831808
097_6,s-2.584767201,s-4.249849052,s60.145405337
097_7,s-0.523246937,s-3.849584043,s268.396566504
097_8,s-0.633006242,s-2.413336984,s355.722124272
097_9,s1.704180727,s-2.586254709,s283.680211701
097_10,s3.027298947,s-5.993648662,s26.227827988
097_11,s-1.928766900,s0.712147959,s136.861640242
097_12,s-5.286291644,s-3.505147159,s304.388830290
097_13,s-5.968261383,s0.210633519,s213.297564715
097_14,s1.098744456,s-0.525221495,s255.715051461
097_15,s-2.582240200,s-3.014593017,s127.292164495
097_16,s-0.020274114,s-6.078210293,s239.350344947
097_17,s1.662611868,s5.673810433,s90.772305057
097_18,s4.221571710,s-1.264659625,s274.223939387
097_19,s5.314663111,s-3.258498325,s201.309628807
097_20,s0.945774301,s-5.752226939,s276.283805090
097_21,s5.339876056,s-5.292516171,s325.932298418
097_22,s-5.619875051,s5.407012568,s330.884423267
097_23,s-5.995366368,s1.488591733,s260.351230079
097_24,s-4.195662059,s-5.211608849,s257.496583497
097_25,s-4.449394543,s5.679125843,s268.574876625
097_26,s5.126363671,s-1.985457261,s281.051385539
097_27,s-0.368100830,s-2.574811194,s167.683865827
097_28,s0.648438631,s-1.824087792,s256.952287362
097_29,s-0.500891076,s-0.051876076,s285.576987916
097_30,s0.674152284,s-3.103751398,s226.402719316
097_31,s5.779306702,s-0.852200195,s306.500800848
097_32,s2.777162521,s-2.959507328,s274.677040595
097_33,s-4.791010343,s0.177396360,s143.615035109
097_34,s-4.766185616,s5.534057508,s274.176435838
097_35,s-4.070360966,s1.914002836,s274.665667257
097_36,s-0.931667741,s-5.070338535,s149.481976917
097_37,s-5.753327588,s4.189426538,s240.968454372
097_38,s-0.588208508,s1.596019192,s315.826689037
097_39,s-5.030319472,s1.356008754,s127.241298021
097_40,s2.397274293,s3.661948036,s50.728799513
097_41,s-1.259343298,s1.389658933,s204.321715459
097_42,s0.137132142,s-5.293725967,s43.108808293
097_43,s-4.611865198,s3.711276671,s151.924312096
097_44,s-5.915198692,s-0.953136870,s356.349606735
097_45,s-3.387996843,s5.203008880,s13.018975690
097_46,s-3.931437945,s3.402317165,s218.264555592
097_47,s3.986340327,s-0.218808998,s144.689230431
097_48,s-1.205490925,s0.006709895,s191.187399157
097_49,s-3.373126843,s0.388010218,s48.382907127
097_50,s1.714058222,s4.808030609,s265.101046214
097_51,s4.871952826,s2.380231644,s44.973018373
097_52,s-1.800148339,s-1.987820399,s29.425246016
097_53,s5.457543380,s1.236417499,s58.094393645
097_54,s0.078408897,s2.434127784,s358.175125710
097_55,s2.358354518,s1.871650657,s242.606389797
097_56,s-2.340894783,s3.964538312,s160.614325900
097_57,s-5.263822487,s1.488956917,s117.973505022
097_58,s-4.757233682,s4.885622568,s18.317493503
097_59,s-5.704061092,s2.248314244,s212.333528604
097_60,s-1.201670298,s4.288190520,s352.934486916
097_61,s5.816950880,s1.814866936,s18.725797400
097_62,s5.021827040,s4.392315082,s67.117376794
097_63,s-1.055394358,s-0.638019158,s9.910458418
097_64,s4.843707998,s-0.815132748,s347.962793388
097_65,s4.338960956,s2.694167007,s55.496868612
097_66,s-3.496443754,s3.640456362,s199.133301110
097_67,s-5.344584406,s3.700164202,s213.196663960
097_68,s2.580286335,s2.749255765,s349.189511181
097_69,s0.201236803,s3.650669500,s167.871595140
097_70,s3.426587426,s1.144020975,s337.122502160
097_71,s2.263093796,s1.817324892,s185.870468527
097_72,s3.986262339,s5.554811790,s74.087270388
097_73,s-0.092566768,s-1.791210301,s109.747129377
097_74,s2.396385586,s-0.312639810,s91.684895366
097_75,s-0.038717450,s4.492774890,s2.215167788
097_76,s5.498947477,s4.878224992,s67.796178653
097_77,s-5.967130143,s5.721076936,s17.019757870
097_78,s-4.287853665,s4.109675899,s186.379992987
097_79,s-2.750778099,s4.388003148,s37.721946534
097_80,s5.258341083,s3.410448862,s55.467003336
097_81,s-1.171656953,s2.589329196,s39.869813794
097_82,s1.654069108,s-5.131063940,s216.941936022
097_83,s1.769523279,s0.729001212,s108.046223161
097_84,s1.275713739,s3.582545008,s185.424675558
097_85,s5.773833725,s2.562009388,s84.830406793
097_86,s2.805040537,s4.477388079,s58.801868858
097_87,s3.362594652,s2.472304585,s187.376117156
097_88,s-0.901290897,s5.718768495,s157.798301597
097_89,s-3.337176368,s5.677870091,s16.932687474
097_90,s-3.946338334,s-2.469707347,s15.439981010
097_91,s-0.175343655,s5.738358001,s240.626343707
097_92,s2.896330045,s5.606919154,s50.676392940
097_93,s2.640162031,s5.748940705,s254.031359047
097_94,s-0.350411271,s3.911714039,s151.670520554
097_95,s-2.062664642,s1.430047188,s41.887739273
097_96,s4.597329124,s5.642714433,s153.459684539
098_0,s-3.560369745,s-5.374165672,s314.608051609
098_1,s-3.876318279,s-2.754907246,s336.856562913
098_2,s-5.024739289,s1.104098029,s283.975295404
098_3,s-3.669370802,s-1.624676266,s114.632110628
098_4,s1.894987459,s-2.435100171,s155.013313911
098_5,s0.448464288,s-3.562917881,s305.076364536
098_6,s0.625745818,s-2.640872907,s5.821510417
098_7,s-1.333214687,s-3.194493059,s188.634435084
098_8,s2.247707288,s-5.027527034,s256.048036327
098_9,s-1.639774710,s-3.995740466,s302.342783188
098_10,s5.882749587,s-3.743128847,s272.981347092
098_11,s-5.948848979,s-4.880446097,s343.610048123
098_12,s-1.366058108,s0.174451905,s202.146807622
098_13,s-4.276720612,s5.444620370,s342.436773145
098_14,s2.176882223,s3.293156435,s340.736193118
098_15,s3.687054919,s-5.063193934,s86.358827176
098_16,s-0.756028322,s-0.991408926,s250.179826632
098_17,s2.378756289,s-3.349606321,s273.182307658
098_18,s2.656973034,s4.877938368,s10.758627722
098_19,s-0.557944903,s1.102783258,s211.982439267
098_20,s1.724906537,s-1.858579564,s143.128875151
098_21,s1.999141619,s-1.943791795,s326.020507038
098_22,s-6.021619143,s2.602385577,s50.958711716
098_23,s-2.095376158,s-5.573096847,s55.014409296
098_24,s-1.715669755,s-2.026600365,s250.291066445
098_25,s-1.362987161,s-5.936535648,s254.526452650
098_26,s-4.474010396,s-2.794237511,s36.641921051
098_27,s-2.408882561,s-0.128043886,s296.517731901
098_28,s1.546908083,s-0.250913160,s31.049722289
098_29,s4.875242673,s0.574084492,s191.337765294
098_30,s5.885667140,s-2.364037456,s213.753025239
098_31,s5.217533313,s-2.383050490,s262.457287760
098_32,s3.592257853,s-2.152353709,s216.061988082
098_33,s2.589278685,s1.448617050,s187.069728547
098_34,s-5.937890906,s3.133499798,s68.391190165
098_35,s-2.969868712,s-3.201610721,s181.805008702
098_36,s-4.730086743,s4.509131738,s136.656637623
098_37,s-3.190595812,s1.927098078,s222.609461531
098_38,s-2.940772405,s0.765098832,s201.102730763
098_39,s-1.471876684,s4.094070296,s138.986748378
098_40,s5.596348603,s1.987129683,s278.720858936
098_41,s-2.748256570,s-2.049468086,s58.285343037
098_42,s3.854167421,s4.127338601,s20.139723539
098_43,s3.922301487,s0.556688565,s104.307244448
098_44,s-5.885999282,s1.103716351,s293.161141238
098_45,s-3.975876347,s4.313994880,s1.823481996
098_46,s3.262272904,s-0.768906562,s104.197074190
098_47,s-0.311896748,s0.036603475,s169.012833141
098_48,s4.349308378,s-4.826781194,s297.231475453
098_49,s-1.282217055,s2.447565721,s250.852966367
098_50,s3.635844647,s3.612213697,s15.984319302
098_51,s5.039481969,s-1.288695880,s32.056829563
098_52,s2.224978240,s0.114345192,s304.308885402
098_53,s5.025457823,s4.929353736,s46.785317390
098_54,s4.424355804,s2.457230666,s250.395313206
098_55,s-5.598807516,s0.304933106,s61.720641193
098_56,s-5.711896418,s3.771257921,s156.591074848
098_57,s-0.008624690,s2.228573271,s86.379067303
098_58,s-3.988467995,s-6.052782458,s319.455662447
098_59,s-2.995149519,s3.912833391,s245.200113737
098_60,s1.513648910,s5.506005473,s121.188953869
098_61,s3.808774037,s3.038816092,s153.593478513
098_62,s-1.532659072,s1.154424052,s26.963615813
098_63,s-0.491685076,s5.305604049,s264.697757826
098_64,s-2.451780217,s5.050589424,s115.282331202
098_65,s1.387874073,s-1.137092017,s138.322179906
098_66,s-3.288573232,s3.634336927,s258.869645873
098_67,s-0.024964730,s-0.811793811,s42.939733376
098_68,s5.667505759,s1.197893021,s262.792608121
098_69,s0.427069243,s4.285903211,s230.153574862
098_70,s-3.647266686,s0.777850127,s193.871145932
098_71,s-5.064173209,s-0.590924678,s98.115730755
098_72,s-0.197910535,s-5.626720685,s40.728310673
098_73,s3.756297130,s5.421355742,s341.363444137
098_74,s4.855867195,s4.856777426,s82.925720290
098_75,s-1.204241490,s1.620707102,s308.423741667
098_76,s2.713600655,s0.687897444,s166.453177364
098_77,s-2.119703629,s4.405740504,s200.892988122
098_78,s-5.523381813,s1.716790826,s5.907977430
098_79,s-5.635793735,s2.167004667,s137.991446141
098_80,s-3.655839607,s5.377120793,s182.206554263
098_81,s-5.638711672,s-2.592398276,s332.591424130
098_82,s-2.836448863,s2.587896051,s318.713768911
098_83,s-0.684340783,s3.485083061,s254.734318670
098_84,s5.701958368,s3.401508455,s336.197492361
098_85,s2.347504643,s2.984454127,s92.329509867
098_86,s4.533857163,s0.882584919,s166.798345962
098_87,s5.729649139,s5.503112065,s184.094969396
098_88,s-4.808421215,s-4.736449248,s103.377418615
098_89,s-5.575181075,s5.525334586,s334.620330689
098_90,s5.334608733,s4.146482515,s351.455024177
098_91,s1.495983057,s4.512020952,s160.874626330
098_92,s-1.412719133,s5.467260934,s288.036339315
098_93,s4.783766553,s5.480845469,s2.125309066
098_94,s1.085204587,s5.548660505,s187.452526739
098_95,s4.341668763,s-1.538837622,s107.685449660
098_96,s2.720890188,s3.750740260,s192.181800610
098_97,s1.972754999,s5.205761459,s193.081245278
099_0,s-5.863298417,s-3.930241974,s340.063387614
099_1,s-5.971138933,s-2.520491066,s211.087607926
099_2,s-3.425786480,s0.861607056,s154.649966191
099_3,s-3.393513809,s-5.632467118,s239.544817882
099_4,s-5.884427550,s-1.618761845,s240.833340879
099_5,s-2.578035994,s-5.235069251,s257.852978411
099_6,s5.220274030,s-3.891997800,s120.496749438
099_7,s0.008845660,s-5.636790066,s215.619090130
099_8,s3.126664211,s-5.041700629,s193.253432328
099_9,s5.446131930,s-2.677186973,s25.502356299
099_10,s5.832426105,s-5.413400919,s54.304350466
099_11,s-2.157050920,s0.192414386,s77.979320787
099_12,s3.139905598,s0.449826701,s10.202465273
099_13,s-0.968558939,s-3.190162688,s357.387384817
099_14,s-5.100186484,s-2.847210251,s73.746479140
099_15,s-3.212664562,s-3.997916621,s326.442780292
099_16,s-3.632148146,s3.325590717,s165.048242454
099_17,s5.997638747,s0.263202342,s227.187262962
099_18,s1.784255513,s-4.542834384,s265.254812155
099_19,s2.162293555,s-5.618177820,s106.223627100
099_20,s5.903001645,s-0.912552590,s72.947426336
099_21,s3.947375338,s4.835325914,s125.910434582
099_22,s-5.030540519,s-0.603513694,s14.373966136
099_23,s-4.320077293,s5.910167321,s113.877180962
099_24,s2.297876225,s-1.351525527,s299.352343435
099_25,s-1.472193776,s0.377686713,s105.134516907
099_26,s-5.557683035,s-1.508952001,s335.498795081
099_27,s-1.874817925,s-4.362339199,s124.350224369
099_28,s-5.264946840,s-0.486691991,s139.470186234
099_29,s-2.305648337,s1.075719241,s359.885189829
099_30,s0.030505006,s-0.637633323,s113.074446156
099_31,s4.679724083,s1.372906509,s241.752782961
099_32,s4.668917953,s-1.377088683,s242.190202987
099_33,s-5.751088536,s4.062750858,s74.301366309
099_34,s-4.171639089,s3.148998524,s130.782429352
099_35,s3.622536618,s-2.554114135,s347.663999907
099_36,s1.739840907,s3.157541178,s19.513416633
099_37,s-3.935610796,s-2.796967188,s290.762401044
099_38,s3.593009783,s3.696454652,s168.792274502
099_39,s5.460144423,s1.965455269,s343.254430243
099_40,s-4.902084412,s-5.578624717,s310.723094684
099_41,s4.003103052,s-5.078702003,s17.892518746
099_42,s-0.082210294,s0.424745487,s119.063208279
099_43,s5.604748738,s0.824181023,s28.208597091
099_44,s-2.084518022,s-2.171433496,s218.557238303
099_45,s-5.998473510,s5.404802529,s59.379730343
099_46,s-3.287190616,s2.582035551,s80.829325118
099_47,s-5.752366656,s-5.164519213,s78.678799798
099_48,s-3.898229478,s5.782269161,s117.426210590
099_49,s-1.678634306,s-1.595907687,s281.513689346
099_50,s2.760623952,s3.128586519,s72.552011846
099_51,s4.244848769,s1.021368975,s261.144215114
099_52,s4.340497193,s-0.685133950,s306.413716873
099_53,s3.316795174,s-1.348767053,s333.175072999
099_54,s5.988278045,s5.981458298,s240.845146759
099_55,s-1.743227930,s4.937394570,s349.459922313
099_56,s-2.876901316,s-3.631975167,s262.169706433
099_57,s-4.425569443,s4.129385187,s6.759327268
099_58,s-0.825350299,s-4.383906693,s339.620456056
099_59,s-0.159644738,s4.900572896,s351.735907235
099_60,s3.968137899,s0.030628525,s324.406251537
099_61,s5.604770125,s-4.811436499,s238.439658535
099_62,s2.763226639,s-2.987000201,s340.167753458
099_63,s-2.169335183,s3.381646745,s208.232614771
099_64,s5.987490560,s2.833922565,s239.080617386
099_65,s0.103915075,s5.959219478,s188.245540099
099_66,s-6.036427950,s4.909175593,s42.624184986
099_67,s1.778340682,s-3.160678188,s1.731976496
099_68,s-5.404939966,s3.271939809,s161.554213489
099_69,s-2.626733075,s4.662179737,s359.572747490
099_70,s-5.499433159,s0.492682491,s305.038188626
099_71,s-1.090892401,s4.736682290,s150.077210434
099_72,s-1.878019905,s0.978143055,s178.472498610
099_73,s1.760009988,s2.013110345,s337.309168917
099_74,s4.634899668,s2.344078751,s47.683159335
099_75,s3.182661280,s5.372398451,s221.923697690
099_76,s-0.970519614,s5.921331241,s177.053285939
099_77,s-5.326770670,s3.699486277,s301.185559261
099_78,s-5.216505682,s5.923055758,s141.604979306
099_79,s-6.036427950,s2.967746458,s246.198033032
099_80,s-1.911864009,s3.964182112,s309.715240518
099_81,s-5.927999172,s1.874471758,s40.928737513
099_82,s-1.746700571,s5.924845141,s295.738872865
099_83,s0.038738871,s-1.792496379,s308.329872978
099_84,s3.343109962,s1.510429653,s164.604551114
099_85,s0.278236964,s1.441077368,s149.598112740
099_86,s2.917967952,s5.448439591,s28.100004662
099_87,s-0.386004094,s3.376305611,s28.391522195
099_88,s-1.257033622,s-0.724090854,s101.408629693
099_89,s-5.964469219,s6.021035459,s143.260009579
099_90,s-2.110795383,s2.858664593,s110.583248644
099_91,s-0.982999752,s3.676827194,s34.401359052
099_92,s-3.297435903,s1.763759034,s5.334927228
099_93,s-3.107593486,s4.247420866,s196.493385156
099_94,s2.723852130,s5.540155404,s229.991811697
099_95,s4.071826558,s3.672059071,s62.353618820
099_96,s3.981931531,s2.959806848,s49.712772728
099_97,s-0.347229340,s2.299655064,s322.202735179
099_98,s5.238060157,s4.696470087,s219.233916234
100_0,s-5.890029055,s-4.103184292,s329.057602029
100_1,s-2.019912544,s-0.123690803,s46.975309303
100_2,s-4.690581084,s-4.389900331,s281.225764334
100_3,s1.270376980,s0.251376246,s97.674536674
100_4,s-2.272907957,s-5.828446778,s44.104239767
100_5,s0.452169278,s-5.623555958,s283.582191287
100_6,s-3.392101770,s-5.565711234,s31.463600145
100_7,s-2.188039312,s1.828464925,s278.923465666
100_8,s5.551727615,s-5.728141508,s325.598001329
100_9,s-1.327509554,s-2.183895044,s252.141687709
100_10,s2.288333437,s-2.561928724,s233.856780808
100_11,s3.804180374,s-5.728523137,s101.805971018
100_12,s-4.219840554,s-5.490741252,s219.049603429
100_13,s-3.965468285,s-0.881125040,s227.002205257
100_14,s-5.595506223,s-1.608942186,s244.903775164
100_15,s3.062720146,s-4.096638570,s31.556267608
100_16,s1.934564757,s-3.400306306,s111.938870065
100_17,s-2.781487183,s1.073592019,s340.963651177
100_18,s4.595959645,s-5.143701465,s116.988719262
100_19,s1.786522795,s-6.029223834,s101.260501392
100_20,s-3.045483211,s-2.041935882,s218.726588882
100_21,s3.278740377,s-1.375709865,s103.649240012
100_22,s-1.856231702,s-5.041677458,s132.814899146
100_23,s-4.253164589,s-3.773595081,s30.166104167
100_24,s-0.720735224,s0.319374524,s46.303373961
100_25,s-1.609460636,s-4.229635031,s293.748689192
100_26,s-1.940200012,s-1.912768585,s275.158955492
100_27,s3.726058082,s-2.741270905,s52.452956369
100_28,s4.523553606,s-0.523722595,s14.961070025
100_29,s-2.913252361,s2.495540416,s266.829427869
100_30,s4.060286617,s2.076013759,s215.604118582
100_31,s1.626282974,s-1.824088758,s77.956972429
100_32,s4.588324279,s4.596457212,s9.271455767
100_33,s4.003868689,s-4.772539850,s182.449996511
100_34,s-2.375905220,s3.357688303,s356.660220435
100_35,s-5.732053053,s5.597343966,s128.338263284
100_36,s-2.376014531,s4.136639314,s341.176859618
100_37,s-4.070042793,s-2.178478248,s306.584601550
100_38,s4.729774443,s5.480783156,s91.231430994
100_39,s4.544582530,s-3.150448936,s140.601819902
100_40,s-4.553317236,s1.211907803,s164.754628719
100_41,s0.730997437,s-2.714382356,s4.455923797
100_42,s0.661235526,s3.905568067,s126.035894000
100_43,s2.155708354,s-0.150546607,s122.581040912
100_44,s-4.705196736,s3.890398865,s66.752768587
100_45,s-3.492721616,s2.784333651,s63.379620814
100_46,s1.468358163,s1.767841276,s95.646095668
100_47,s3.299166220,s0.438595452,s118.684191293
100_48,s-5.421729223,s-2.372425976,s116.267982507
100_49,s1.868994364,s2.296613795,s166.443194660
100_50,s5.747672850,s5.583588650,s338.519151227
100_51,s2.846747677,s1.851573346,s167.785906336
100_52,s4.240620613,s1.098195467,s231.235061424
100_53,s0.068574573,s0.315814863,s243.774203055
100_54,s5.659993348,s3.237877751,s150.278389039
100_55,s-1.992549234,s-1.080956517,s98.773185418
100_56,s-3.024752786,s5.537088641,s148.505577729
100_57,s-5.762127551,s0.748814832,s203.268711745
100_58,s4.600639261,s3.563161312,s340.045734327
100_59,s3.364954129,s2.928002601,s274.782231025
100_60,s3.259030925,s5.279170229,s163.832451630
100_61,s0.923321802,s4.913111060,s8.769519520
100_62,s-2.898105918,s-3.263343943,s318.123425004
100_63,s0.562855651,s5.585108600,s10.191472830
100_64,s5.644189778,s-2.879019509,s68.605709622
100_65,s5.206990838,s-0.359539389,s164.778935260
100_66,s-3.308741651,s-1.651285198,s19.595719780
100_67,s0.730525565,s1.007361868,s37.718112699
100_68,s-3.754662259,s3.210751494,s128.653296446
100_69,s0.372302175,s3.661342147,s114.969550792
100_70,s-3.795758602,s5.366433167,s218.115112918
100_71,s-4.726224615,s1.846993102,s141.628562213
100_72,s4.237731630,s3.468227331,s66.772873480
100_73,s-3.222764238,s5.301535862,s31.375071148
100_74,s5.126889728,s2.121297765,s104.600333206
100_75,s2.649270375,s4.647947360,s346.929990387
100_76,s-0.140579122,s5.620671529,s200.240476495
100_77,s2.415410609,s0.550082777,s59.233391924
100_78,s-3.479482252,s4.434011964,s57.071380261
100_79,s5.530316278,s4.239552796,s109.495554085
100_80,s-1.788086725,s1.425590639,s34.583693924
100_81,s-2.524607371,s5.247495068,s48.964265436
100_82,s4.245697473,s2.030569695,s294.008147780
100_83,s5.570639686,s-2.510785162,s260.445790837
100_84,s1.716835383,s5.653139602,s224.453213372
100_85,s-1.990614303,s4.312072913,s119.308084350
100_86,s3.830218928,s5.543190622,s48.066368153
100_87,s-4.929516475,s0.079899262,s239.922396940
100_88,s-5.623224185,s-1.455123868,s296.196476476
100_89,s-5.461192652,s3.357390019,s131.526953184
100_90,s-3.054412494,s2.125033134,s49.954009440
100_91,s1.901076951,s-0.523834028,s141.898780665
100_92,s4.149543894,s4.467967961,s91.138566300
100_93,s-1.719641275,s5.567176816,s192.474711231
100_94,s-1.694642572,s2.665378709,s98.376165173
100_95,s-4.555401254,s5.034593916,s196.692606716
100_96,s-0.108313878,s4.898143979,s352.282663129
100_97,s2.907745760,s5.653139602,s30.618360284
100_98,s-3.040874969,s4.689572994,s241.215678063
100_99,s-5.831552145,s2.453531506,s329.651227441
101_0,s-5.840879710,s-5.291282417,s77.186688131
101_1,s-2.197932473,s-5.961275126,s354.523779704
101_2,s-1.287157207,s-5.155289980,s11.175020433
101_3,s1.958848336,s-2.089542652,s41.931415482
101_4,s-1.122080826,s0.695479801,s93.078456744
101_5,s3.043160900,s-6.264880068,s255.926137411
101_6,s-3.032086898,s-1.732616847,s352.046263770
101_7,s2.263324835,s2.864749272,s99.966862524
101_8,s5.235893705,s-1.833537244,s138.436248747
101_9,s4.648612425,s-6.164507117,s161.538287391
101_10,s5.883622387,s-4.823460616,s335.339149281
101_11,s-5.831301703,s1.464544935,s0.785764487
101_12,s-3.398350974,s-0.824810959,s271.703184359
101_13,s-4.266691733,s-4.735952398,s6.481865705
101_14,s-4.616352956,s-2.731321600,s187.943924602
101_15,s-5.141126029,s-3.676472908,s167.102737261
101_16,s-3.503599589,s3.370672986,s315.304873718
101_17,s0.660699008,s5.533053001,s217.645825903
101_18,s-1.482284952,s-3.893415643,s111.556124832
101_19,s5.837386532,s-3.169744757,s193.360996408
101_20,s2.477931013,s-0.122764635,s295.046598795
101_21,s3.093425306,s-5.008498782,s148.867545112
101_22,s-6.280335673,s3.669570385,s279.443314683
101_23,s1.449702394,s-1.370703833,s314.105584555
101_24,s-5.576058126,s-1.813824049,s209.234190245
101_25,s-0.064215459,s-5.412523847,s255.838770333
101_26,s-3.856141025,s-3.141911271,s303.638858233
101_27,s-0.663321245,s-3.631267818,s118.885038581
101_28,s3.184491832,s4.286360461,s229.564900238
101_29,s5.742612740,s-6.153525392,s177.141858686
101_30,s1.113400991,s4.415209589,s59.969174340
101_31,s2.313390976,s-1.390930287,s232.509033514
101_32,s4.918693673,s-0.379666565,s35.186785759
101_33,s-4.142664554,s3.079964293,s235.728375096
101_34,s-0.629966384,s-3.056239895,s230.002445295
101_35,s1.943800034,s-0.729058665,s280.555172866
101_36,s-6.176136564,s5.028071234,s317.149841020
101_37,s-0.544943627,s-4.996062903,s341.829998110
101_38,s-4.765181335,s-0.655073820,s285.124231057
101_39,s0.489266467,s-4.369120059,s287.664807069
101_40,s-3.677946805,s4.186413288,s9.749448530
101_41,s3.092004483,s1.449799394,s282.760697802
101_42,s-1.829866114,s1.684955070,s163.553587372
101_43,s5.354659393,s4.090723982,s40.821898414
101_44,s-6.404478591,s0.254456810,s350.028100036
101_45,s-1.337972141,s3.122054888,s286.267502379
101_46,s1.189011311,s5.254621916,s144.494480841
101_47,s-5.339102183,s2.414826044,s237.203325686
101_48,s4.569583429,s5.999519531,s166.325975283
101_49,s3.161138973,s2.955931088,s125.173044604
101_50,s1.748335592,s-0.383399262,s38.994705872
101_51,s5.250657159,s5.498444990,s322.695987483
101_52,s-0.213608167,s0.393353835,s221.512131486
101_53,s-2.250425375,s6.157569549,s138.263146463
101_54,s4.756627513,s4.921181061,s162.620820357
101_55,s3.645523321,s2.489098627,s91.545441873
101_56,s-0.324560415,s3.856387844,s249.869129925
101_57,s-3.851861793,s-0.953109269,s149.525038906
101_58,s-6.388342849,s-0.909876124,s9.885157809
101_59,s-5.524431157,s4.839854741,s34.120530751
101_60,s-3.211534723,s3.884145788,s176.150398625
101_61,s1.702672168,s0.544477158,s296.369529093
101_62,s4.080615081,s0.399537572,s116.575969025
101_63,s-2.130777890,s-1.139714431,s264.532639745
101_64,s4.670136570,s1.787985105,s70.768744682
101_65,s1.061559935,s3.589769002,s181.189484217
101_66,s-6.411457401,s2.392700348,s272.124134005
101_67,s-3.096512672,s3.355245444,s14.953239966
101_68,s-4.611937788,s6.201024226,s241.473475160
101_69,s-2.978802329,s0.680338132,s329.836420038
101_70,s-6.316194260,s5.592150067,s283.445417829
101_71,s-3.344711007,s5.752611580,s189.391408739
101_72,s0.944799272,s-2.924622278,s116.974870837
101_73,s6.025784166,s4.761976611,s8.809109663
101_74,s2.948947736,s5.262828042,s259.790318157
101_75,s6.023603043,s5.852111612,s245.091975052
101_76,s5.901992723,s2.002049124,s279.466538038
101_77,s-4.620866687,s4.463087460,s315.428166531
101_78,s-0.182591178,s-1.116680597,s283.308507306
101_79,s-5.448643972,s0.452355034,s294.701870751
101_80,s-0.346396019,s6.152003864,s57.006824370
101_81,s-3.625295912,s0.909316454,s249.262726417
101_82,s0.501100060,s1.354836486,s270.529987607
101_83,s3.865791905,s4.466211593,s18.992105811
101_84,s-0.346798841,s-0.667496978,s341.762517827
101_85,s5.186313056,s3.268548418,s132.354173070
101_86,s6.057058158,s-0.392645289,s235.030559202
101_87,s5.547845363,s2.834755695,s143.555894261
101_88,s-5.941749475,s6.111607950,s224.684680085
101_89,s0.687560113,s2.192962618,s309.000740146
101_90,s-2.978480809,s5.791841481,s270.269582470
101_91,s-2.502842762,s3.002246535,s279.084423227
101_92,s1.300879642,s5.957445060,s217.955383470
101_93,s0.937384883,s1.908378179,s226.856318129
101_94,s4.945246919,s3.799755270,s263.676370948
101_95,s-1.467959097,s1.899679053,s319.816027038
101_96,s-5.272289885,s4.029044000,s331.772406206
101_97,s5.773409213,s1.201296288,s270.382309455
101_98,s0.585064575,s6.154643389,s355.834626242
101_99,s-0.521168314,s3.877280826,s145.568760905
101_100,s-3.696489784,s6.178362067,s99.619376329
102_0,s-2.565730036,s-3.531016050,s273.933663037
102_1,s-4.693208538,s-4.428781716,s245.585906756
102_2,s-0.477953391,s4.708646198,s336.045912548
102_3,s-1.991122582,s-3.161124473,s113.757764795
102_4,s-3.386851507,s-3.566238568,s226.802503640
102_5,s3.354108108,s3.834807347,s327.787822035
102_6,s0.190287497,s-0.384502705,s252.299215100
102_7,s0.324109013,s-4.749988251,s54.507109896
102_8,s1.184860512,s-3.929737051,s25.674036005
102_9,s4.036735599,s-1.267540873,s243.737878326
102_10,s4.133636241,s-5.491726582,s252.167152191
102_11,s-1.704802777,s-1.848421192,s178.369764332
102_12,s-5.380820889,s-4.846051202,s34.845048378
102_13,s-4.442161525,s5.681624390,s160.927058194
102_14,s-0.594717180,s-5.511239959,s345.183066006
102_15,s-4.883884633,s4.552855006,s327.808193890
102_16,s-1.521381130,s-0.040203209,s144.006668425
102_17,s2.571883398,s2.258749099,s209.102126816
102_18,s1.383655196,s-5.642192968,s151.881819826
102_19,s4.919501309,s-2.866217704,s40.616153551
102_20,s1.998078520,s-2.238895844,s229.687816009
102_21,s5.764103969,s-5.108531980,s54.851965361
102_22,s1.430028657,s5.106571470,s318.804988309
102_23,s-5.479074673,s-2.797013213,s214.310644916
102_24,s-4.928464175,s-1.389669805,s40.127561158
102_25,s3.051645337,s-4.156845248,s106.931887913
102_26,s-3.039847438,s-1.350132205,s254.866721190
102_27,s3.141668126,s-4.226598006,s257.359440055
102_28,s1.581623510,s0.492221733,s142.286141571
102_29,s3.611433018,s-2.136546057,s309.659072261
102_30,s5.365663042,s-0.710090510,s14.582961629
102_31,s-1.214490558,s0.988526645,s202.980406300
102_32,s4.417381148,s0.022178890,s35.551173831
102_33,s-1.483136436,s-0.992374477,s305.561633430
102_34,s-5.763881919,s4.943145688,s84.587628819
102_35,s-2.536180113,s5.652561964,s292.135689832
102_36,s-2.399211721,s0.943575471,s201.814493578
102_37,s-1.907560742,s1.690933464,s252.606322652
102_38,s3.152749269,s0.929099790,s164.059978840
102_39,s2.323321226,s4.226476307,s189.775776793
102_40,s0.306899448,s-1.431282474,s200.143158218
102_41,s-4.585465182,s2.373693850,s88.072939198
102_42,s5.786157677,s0.641097191,s169.820529676
102_43,s2.099014960,s-1.033710047,s73.557916389
102_44,s-3.848991444,s-0.263437925,s116.873715496
102_45,s-2.861816433,s3.740038160,s6.535886747
102_46,s-3.884963009,s5.435090190,s291.402155429
102_47,s1.257470747,s-0.091519543,s123.603246766
102_48,s-3.246132399,s-4.404058006,s140.290131410
102_49,s-5.848017195,s3.713187851,s335.461827189
102_50,s2.825481492,s-1.002542874,s67.046869620
102_51,s1.864075545,s-1.636933810,s221.884163990
102_52,s5.702510126,s4.771102360,s152.594659557
102_53,s4.997876527,s-1.275903255,s168.865475840
102_54,s4.651809220,s-1.846958578,s142.881499819
102_55,s-5.265534616,s1.460470642,s106.766217700
102_56,s-3.911798354,s3.850845170,s37.937735759
102_57,s4.814909476,s1.314914261,s124.473732861
102_58,s-5.313438201,s-0.116838687,s282.130790847
102_59,s-5.459310733,s4.430976591,s259.255917701
102_60,s-4.630493382,s0.429389780,s262.424497151
102_61,s0.047005740,s-3.589187724,s128.247647142
102_62,s4.239442007,s4.970792369,s218.963770282
102_63,s4.733048607,s3.342365444,s27.261020380
102_64,s1.255910666,s3.435693722,s12.301930135
102_65,s1.402596483,s1.661791616,s206.193788157
102_66,s-2.852313803,s-0.840921272,s208.592435776
102_67,s-5.041669847,s-2.462367902,s228.095893490
102_68,s-2.303274360,s5.573566097,s287.869476946
102_69,s-1.692195303,s2.576545975,s207.204884334
102_70,s2.654574693,s4.779187327,s315.781278360
102_71,s0.508016137,s5.407659384,s267.204026336
102_72,s5.697646167,s5.697212230,s218.541284719
102_73,s4.816877002,s1.878192403,s97.398150098
102_74,s-3.305985016,s0.173352303,s311.471799884
102_75,s3.198070461,s1.533280233,s333.889643214
102_76,s1.076784575,s3.548501971,s169.324393719
102_77,s0.338537768,s-2.795046479,s34.332103301
102_78,s-5.846416626,s5.427190221,s292.809035256
102_79,s-4.964502852,s2.012782635,s169.541680215
102_80,s0.180671729,s4.777440121,s233.906648266
102_81,s2.892132779,s5.696745801,s35.532467253
102_82,s-4.818110120,s2.610399304,s153.802087096
102_83,s-5.755853750,s1.111791772,s278.537908530
102_84,s-2.947086778,s3.354334723,s83.964234488
102_85,s5.687991669,s2.474392363,s33.763368241
102_86,s5.437131502,s5.427198691,s161.008769335
102_87,s5.765601750,s2.110059046,s263.409511688
102_88,s-0.282246566,s4.158308870,s176.283604111
102_89,s-0.500315902,s5.710292283,s290.450398871
102_90,s-4.978485654,s4.871837058,s107.599695011
102_91,s-1.723140269,s4.502297283,s80.121959671
102_92,s-2.208840304,s4.766896802,s29.218449889
102_93,s5.147331255,s4.646052655,s16.777154443
102_94,s0.472759778,s-0.057921014,s7.121300550
102_95,s0.240818907,s2.816357227,s295.091357455
102_96,s1.984632236,s0.773535380,s174.093216142
102_97,s4.388915403,s5.746454764,s57.419117401
102_98,s4.255057676,s2.500493399,s143.255365988
102_99,s-4.034809745,s1.691087322,s41.246306151
102_100,s3.835977661,s5.688591286,s297.079963227
102_101,s0.464101435,s5.746454764,s219.788139545
103_0,s-4.367902537,s-3.177066934,s166.663675516
103_1,s-3.612018389,s-4.444108208,s68.245306249
103_2,s-6.469986259,s-6.331908980,s146.397036231
103_3,s2.995025790,s-4.180080223,s357.028142770
103_4,s-2.374090655,s-0.550233516,s253.707358089
103_5,s1.699840190,s2.436210828,s215.132257575
103_6,s0.676015401,s-6.771592388,s26.023406016
103_7,s-3.036442633,s-5.873258425,s12.518590684
103_8,s5.820694310,s-1.680910683,s20.361737652
103_9,s4.773560290,s1.849763813,s154.118056525
103_10,s4.366888240,s-6.405575493,s170.100254433
103_11,s-5.565319080,s-4.609195994,s80.239328199
103_12,s4.167836910,s-4.257225725,s151.899995510
103_13,s-2.129100797,s-2.958447192,s208.396035031
103_14,s-1.500865718,s-2.061175547,s325.970762148
103_15,s-2.871453096,s-2.656912717,s20.081196265
103_16,s5.454557394,s-3.118473548,s228.207344698
103_17,s1.558235670,s-3.786456919,s96.936003962
103_18,s3.977858944,s-5.203040169,s61.663286461
103_19,s1.078169003,s1.822580254,s42.745814248
103_20,s6.492947847,s1.805599262,s30.467468094
103_21,s6.053784545,s-0.955975795,s258.444734443
103_22,s-0.146416380,s4.669624534,s162.415527652
103_23,s-0.556840507,s-2.786040025,s265.529737521
103_24,s-6.742164965,s-4.396673698,s335.029863425
103_25,s-3.593486792,s2.427584135,s58.487751468
103_26,s2.022121093,s3.680680339,s193.335133602
103_27,s-3.543458450,s-3.636375457,s315.288324192
103_28,s2.871994416,s-3.617197245,s240.663976976
103_29,s-0.339271428,s-0.647443478,s8.924243437
103_30,s4.764460328,s5.957515857,s33.116759335
103_31,s4.836714672,s-2.681042993,s244.463366943
103_32,s4.781837323,s0.401116071,s305.315058939
103_33,s-6.122058549,s-3.207973563,s2.034478764
103_34,s-6.549961925,s-1.613741455,s59.824925057
103_35,s-4.318740194,s-0.073575772,s31.682219701
103_36,s-1.360995391,s-3.408693694,s36.423777690
103_37,s2.271175247,s-0.782557482,s338.209371939
103_38,s2.283920464,s1.865792769,s326.202908155
103_39,s1.496699018,s-0.434508644,s148.584672737
103_40,s5.253033465,s4.599678609,s252.441014809
103_41,s6.159181998,s1.202036907,s66.368636745
103_42,s4.410452747,s2.720189642,s35.131085245
103_43,s1.180129828,s-6.106227796,s114.313859583
103_44,s-4.049928331,s4.686101622,s289.396464911
103_45,s-3.959568752,s-1.029063445,s211.718259687
103_46,s-3.617318282,s-2.268684199,s316.965705907
103_47,s6.176408822,s2.636331293,s136.334478909
103_48,s-1.329201736,s-0.933779592,s343.284558159
103_49,s-3.794042235,s4.258750294,s95.390905073
103_50,s5.942870229,s-2.721150000,s124.619548120
103_51,s0.842680266,s5.090961248,s177.223093041
103_52,s-6.059610266,s3.182085875,s81.722839431
103_53,s3.659093101,s5.886092105,s21.543377013
103_54,s6.492947847,s4.729155370,s178.272808256
103_55,s-2.368542469,s4.178519003,s200.078597953
103_56,s-5.928877684,s4.310696666,s144.508005802
103_57,s-2.558592451,s3.616711563,s58.548454608
103_58,s3.404068079,s-1.286655970,s268.120284838
103_59,s-1.086149508,s2.535392277,s330.269312001
103_60,s1.193335584,s-1.502669745,s261.822743297
103_61,s0.478283977,s1.593706656,s275.902359946
103_62,s-2.966302017,s6.114027292,s260.234176942
103_63,s6.445173827,s4.232150310,s264.549522697
103_64,s5.328843135,s2.643080095,s256.470052008
103_65,s3.799765767,s6.393783085,s359.009580389
103_66,s-4.182874841,s3.303782503,s299.322402834
103_67,s0.383200922,s6.363508500,s196.026407432
103_68,s1.045486170,s2.874621389,s123.732520280
103_69,s-6.564114327,s-0.377006874,s30.953577520
103_70,s-4.342213037,s3.075562766,s15.553737144
103_71,s1.302459078,s3.662517648,s226.886484061
103_72,s-1.738716590,s5.761775465,s28.994169491
103_73,s4.275199964,s3.718290671,s183.102637607
103_74,s2.955704876,s2.661267261,s10.950077568
103_75,s0.362597475,s6.025463019,s248.188849214
103_76,s6.382135134,s5.719342697,s349.046205294
103_77,s-5.242735276,s0.610482897,s334.854722080
103_78,s-6.257328648,s0.870604205,s336.803273283
103_79,s-4.922395003,s5.444236393,s45.108814702
103_80,s-6.620759468,s3.357524235,s295.168943219
103_81,s-5.634737512,s2.075613417,s350.850605453
103_82,s2.670675663,s4.123271671,s60.623324239
103_83,s2.074288956,s6.376663527,s141.520793842
103_84,s-0.855146833,s3.863113195,s183.964455450
103_85,s3.506442804,s4.761411280,s134.584483492
103_86,s-1.947873300,s1.113187809,s9.374471839
103_87,s5.814552043,s6.129286714,s107.865927859
103_88,s-0.639294819,s1.573778851,s296.441167367
103_89,s-5.029641719,s5.747925021,s122.791824567
103_90,s-6.695960271,s4.697649002,s241.629368894
103_91,s-0.424545581,s5.567236191,s193.883294725
103_92,s-2.267802128,s6.245576283,s24.072751144
103_93,s-3.528834928,s5.294315593,s304.648128986
103_94,s3.642372430,s4.769813862,s283.416999783
103_95,s-5.483072147,s-0.904472884,s293.990944060
103_96,s3.255357664,s0.748507356,s151.726474525
103_97,s1.041624559,s4.600727445,s200.079733243
103_98,s1.921121499,s4.080872238,s33.882093388
103_99,s-6.709260637,s6.143439008,s234.572494230
103_100,s-4.821750489,s4.248610432,s184.822029624
103_101,s-0.215499643,s6.324718807,s229.463805980
103_102,s-4.505328345,s6.038970669,s179.180632225
104_0,s-5.410042756,s-6.557729025,s143.902488578
104_1,s-4.396070707,s-4.431988060,s353.146225772
104_2,s-1.966715148,s3.012644197,s9.856552852
104_3,s-0.210884677,s-2.340417447,s96.290371853
104_4,s-6.091145717,s1.089112018,s174.868782547
104_5,s-2.675464805,s-6.494625423,s242.283934994
104_6,s-0.007711987,s-1.643172026,s103.848679283
104_7,s4.329024758,s-6.130716270,s142.501518699
104_8,s3.128609537,s-2.425003538,s26.005041950
104_9,s4.090539099,s1.526205662,s243.709860623
104_10,s5.848695313,s-4.068147787,s187.784699088
104_11,s-0.292725689,s1.299825406,s224.158376970
104_12,s-5.732391500,s-3.049188718,s278.769422456
104_13,s-0.670134673,s-4.496537365,s260.965205332
104_14,s-1.918507290,s1.312874292,s295.053746074
104_15,s-3.553371215,s3.380156635,s182.920284487
104_16,s-1.582626749,s-4.691607357,s61.128296899
104_17,s5.163399188,s5.471953960,s274.639477367
104_18,s2.728438276,s1.620096772,s129.483358549
104_19,s6.473500891,s-2.263286585,s2.230628479
104_20,s5.404783316,s2.309107560,s336.611253665
104_21,s6.488009596,s-3.132988870,s15.147425857
104_22,s-6.248815209,s-1.786611905,s63.566991276
104_23,s-6.285377308,s-5.218187848,s62.690971685
104_24,s-1.127908658,s2.105249157,s303.355616127
104_25,s-4.214342567,s-6.289266911,s251.941063430
104_26,s-4.069911755,s-2.479860115,s335.694757203
104_27,s1.783295933,s-0.610105348,s334.640852862
104_28,s4.122822205,s-1.993150305,s71.996865620
104_29,s2.813736889,s-5.366675549,s46.891584414
104_30,s-3.765301095,s-0.662300428,s190.114051870
104_31,s2.562613682,s0.372100665,s53.466649021
104_32,s6.134062056,s-0.529165399,s262.730823193
104_33,s-4.341144924,s4.237423097,s24.781049343
104_34,s-4.585123821,s-3.214108129,s261.076363600
104_35,s-4.738915133,s1.125208680,s33.959448557
104_36,s-3.574780464,s-3.023085583,s26.238158330
104_37,s-2.488643424,s5.134279987,s103.156045258
104_38,s5.561764419,s-2.596253339,s210.722216733
104_39,s6.207094718,s1.024171373,s157.777727509
104_40,s6.654999191,s2.285782356,s167.134993740
104_41,s6.031947692,s-0.802192826,s265.462739208
104_42,s0.386455711,s2.698146891,s258.462205631
104_43,s1.585397356,s-2.627643692,s67.558174041
104_44,s0.330447046,s3.570087056,s73.034810650
104_45,s-6.321214795,s2.462330056,s5.466053816
104_46,s-5.910630087,s2.902007903,s8.446108727
104_47,s-2.327057525,s-0.588219875,s251.513771169
104_48,s-0.501578061,s0.660969692,s65.927105470
104_49,s1.981848286,s1.836386471,s341.435871395
104_50,s3.761299311,s4.501544953,s111.997692765
104_51,s-1.089112570,s-6.294020316,s243.009756954
104_52,s3.611266294,s-4.045716702,s51.123212639
104_53,s6.167051175,s5.927070124,s72.373220639
104_54,s6.158564013,s2.549321617,s175.540478987
104_55,s-5.492557508,s2.243524997,s299.568707215
104_56,s-5.532607228,s4.306884887,s317.558832822
104_57,s2.718537277,s-1.891478138,s62.752428343
104_58,s-1.602576218,s4.166829141,s291.820124801
104_59,s-3.044800403,s-4.019172377,s336.379736409
104_60,s3.320235769,s5.039064664,s25.857217404
104_61,s4.779937296,s-0.151360958,s317.555749709
104_62,s0.048383234,s-3.265075740,s184.284461670
104_63,s5.045127273,s2.838043926,s45.889510423
104_64,s1.053422786,s4.396146788,s56.530116226
104_65,s4.760601788,s-1.671508489,s4.872657824
104_66,s-3.220248524,s5.239819121,s302.800192002
104_67,s-5.177576065,s0.631754508,s65.323007504
104_68,s1.163595711,s5.769395878,s340.860659048
104_69,s-3.244503279,s3.839030963,s336.812795404
104_70,s-3.639305769,s6.488593118,s81.360984467
104_71,s-0.591177884,s5.472004763,s319.232637810
104_72,s1.354749527,s-4.420791335,s229.695467074
104_73,s-1.554122263,s5.353737299,s274.395780938
104_74,s3.442196224,s6.460177327,s30.406327693
104_75,s-5.587986158,s-0.403157724,s265.059204786
104_76,s5.132374075,s4.172799435,s7.962867821
104_77,s-2.968524447,s1.989764692,s198.841261069
104_78,s-4.723250058,s3.754054391,s280.873837353
104_79,s-2.885693643,s4.172073672,s239.696859591
104_80,s-4.875136968,s1.908998306,s298.344091626
104_81,s-1.350046916,s1.281525154,s252.426961045
104_82,s-0.278725012,s2.957985553,s78.747058124
104_83,s0.806533884,s-0.630644778,s203.931927559
104_84,s4.003898125,s5.201895043,s101.020577955
104_85,s-2.361896816,s6.483866113,s229.853561337
104_86,s5.162181891,s4.778702071,s316.431167229
104_87,s5.961719988,s4.015593728,s176.950588777
104_88,s1.191134209,s1.063388281,s301.937395336
104_89,s-5.280768649,s6.482464134,s316.407600448
104_90,s-5.176400172,s-0.941416291,s292.371626030
104_91,s-0.025457525,s6.435364270,s146.730019773
104_92,s-4.912893052,s6.094067596,s107.786327261
104_93,s-0.113778443,s5.106307115,s3.238924895
104_94,s4.292942500,s3.431676251,s62.751018992
104_95,s5.472241740,s6.496237584,s332.236730013
104_96,s1.854733199,s6.253881515,s47.806074199
104_97,s2.274921859,s4.958697312,s292.328314077
104_98,s3.039277605,s6.530251864,s180.106470765
104_99,s-4.622094581,s4.632838592,s296.724799834
104_100,s-6.301140514,s5.938030938,s283.269288453
104_101,s-3.424073198,s1.795855217,s253.898546439
104_102,s-0.281984951,s4.358601546,s210.656589095
104_103,s1.191604473,s4.471278187,s76.380801493
105_0,s-6.263802230,s-5.105714717,s307.897161463
105_1,s-0.650014990,s-6.460897381,s94.279253147
105_2,s-5.240168293,s-4.934956853,s356.844051823
105_3,s-5.604503145,s-3.966940245,s153.304385587
105_4,s-4.358351985,s-6.116150290,s55.875821507
105_5,s2.177760629,s-3.576483444,s306.316389289
105_6,s4.695082867,s-1.612132450,s89.637891608
105_7,s3.058096337,s3.880798423,s156.668048981
105_8,s2.053305016,s-2.334837856,s143.124113596
105_9,s6.361692895,s-6.374762248,s70.676163785
105_10,s5.883055041,s1.397936815,s123.286710358
105_11,s-5.856680280,s-2.214303321,s224.425619658
105_12,s-1.814197457,s-3.639685392,s43.001197948
105_13,s-0.805863002,s-0.106639126,s337.686737907
105_14,s-1.055037452,s-1.414837216,s219.943285007
105_15,s-3.193034522,s-1.118335479,s207.067155015
105_16,s1.348602583,s-5.547046432,s124.979763986
105_17,s-2.775601903,s4.570162894,s331.959760081
105_18,s0.505841073,s0.908124070,s129.842085386
105_19,s2.425595147,s-6.243561913,s24.088480507
105_20,s6.112669069,s-5.333148622,s299.237358875
105_21,s4.602871767,s-4.808307188,s126.500612329
105_22,s-3.413084919,s-5.006389910,s15.779079605
105_23,s-4.453285526,s0.681066389,s14.233442803
105_24,s-0.455762052,s0.925795131,s115.253073277
105_25,s-3.296282824,s-2.329915117,s182.565426138
105_26,s3.532317909,s2.087315422,s201.017003759
105_27,s-0.263796117,s-4.462820522,s95.881543132
105_28,s0.927111682,s5.011960304,s127.162283563
105_29,s-1.300099290,s-4.086128742,s171.029567213
105_30,s6.092610323,s-3.168675923,s276.556485031
105_31,s-4.027141200,s-0.521124959,s124.862097691
105_32,s5.836899839,s-1.814153190,s130.481517282
105_33,s-5.391309246,s-1.370064788,s119.908454508
105_34,s2.102666848,s-0.599336014,s99.821471934
105_35,s-2.314642520,s-2.376134040,s183.620513969
105_36,s-3.811617606,s5.202271135,s104.138213003
105_37,s0.013004898,s-5.544382886,s89.828718434
105_38,s-1.161750442,s4.361260481,s238.739740849
105_39,s3.458907619,s-2.173250478,s209.895853774
105_40,s4.718192739,s0.355050309,s2.438663995
105_41,s6.114725789,s6.018473829,s278.557671337
105_42,s0.596889107,s-4.122260837,s286.089211403
105_43,s-0.592652129,s2.089778760,s144.941350530
105_44,s-5.816412981,s0.136418011,s126.309256068
105_45,s-5.764329348,s3.894928504,s205.306753930
105_46,s-2.423964808,s-0.995581977,s29.412762024
105_47,s-4.812096850,s1.826265690,s341.675124005
105_48,s2.293693981,s4.272600094,s111.441284869
105_49,s-2.207300498,s1.866335764,s264.525632253
105_50,s-0.151610006,s0.212268140,s331.126250217
105_51,s-2.048608763,s0.348637436,s208.641139230
105_52,s1.702672054,s5.876260473,s356.497504582
105_53,s-3.062710850,s-0.394394710,s269.295812464
105_54,s-2.604573767,s-5.250490652,s23.141786772
105_55,s-4.360771879,s5.339197803,s39.615644485
105_56,s-0.863947294,s2.983133854,s2.180722044
105_57,s-2.595874392,s5.991272470,s176.191631269
105_58,s-1.661978854,s-6.258831541,s270.884831593
105_59,s-3.743947890,s1.212438013,s21.369200465
105_60,s4.124959613,s-0.906142085,s84.843759102
105_61,s2.054320385,s4.767520885,s250.501848522
105_62,s0.286164099,s4.370760784,s72.897947435
105_63,s5.679436721,s4.381728684,s238.555190243
105_64,s4.123438265,s-3.697416329,s334.995562749
105_65,s0.758055442,s-2.569223118,s335.616857310
105_66,s-3.621733059,s-3.002017696,s289.770003899
105_67,s-3.176508985,s2.156108687,s208.006941542
105_68,s-4.046110721,s3.140975244,s90.231394998
105_69,s-0.635466058,s5.196022760,s343.885711024
105_70,s0.197414875,s4.731790971,s292.575580952
105_71,s3.143724675,s5.889693154,s121.357125903
105_72,s0.901134838,s5.688098836,s97.639542128
105_73,s-4.636663355,s3.995700378,s82.665542027
105_74,s-3.797251185,s3.392020415,s302.716523953
105_75,s5.136219950,s5.717643959,s16.833188895
105_76,s5.694412374,s3.525087186,s212.718632743
105_77,s-5.862297364,s3.434296186,s2.313884611
105_78,s-1.423681743,s0.813316333,s22.441766594
105_79,s-6.132320577,s6.065882074,s318.391246917
105_80,s-6.249234087,s3.630459997,s113.545539470
105_81,s-5.229399559,s6.207149352,s133.047905486
105_82,s4.252792072,s-2.167082621,s231.768029631
105_83,s1.048624394,s4.130928405,s137.234451207
105_84,s3.152054833,s3.226910822,s128.452044210
105_85,s1.896869531,s1.710013263,s37.060700072
105_86,s5.274498094,s1.394698688,s5.112820162
105_87,s2.364531962,s2.127095617,s279.375700165
105_88,s-1.682289912,s5.062625156,s328.603902444
105_89,s-1.517541272,s4.227264590,s117.844788086
105_90,s-6.130780055,s0.846668010,s327.242651071
105_91,s-0.522710219,s1.780197745,s186.565778408
105_92,s-3.641484957,s6.139683214,s162.271090782
105_93,s4.579374207,s6.105725238,s248.107357643
105_94,s4.396540983,s2.996835008,s175.770974891
105_95,s4.355775201,s4.531713666,s312.265916460
105_96,s6.387613038,s4.724036687,s228.053488180
105_97,s1.528187463,s0.675126696,s76.613155440
105_98,s5.411940747,s0.175966174,s114.817837779
105_99,s0.056340277,s6.178277919,s174.142346603
105_100,s-4.845857188,s6.091625023,s333.879588672
105_101,s-1.524087742,s3.418015815,s226.035991211
105_102,s-6.064204147,s5.451509400,s331.780446649
105_103,s0.846728806,s3.033777555,s102.998472841
105_104,s1.217982680,s6.201756718,s249.353778467
106_0,s-5.618899811,s-3.289404422,s11.456562332
106_1,s-3.108377532,s-3.890843196,s277.464505747
106_2,s-2.696866167,s-1.521977100,s231.083752409
106_3,s-6.107380813,s1.518649512,s282.144251077
106_4,s-0.453739004,s-4.520476956,s273.752629063
106_5,s0.162974438,s3.989321335,s212.734407178
106_6,s2.911074896,s-4.097447279,s266.911022967
106_7,s5.108114276,s-6.120633147,s195.582602381
106_8,s6.209922281,s-4.153845771,s239.501524566
106_9,s0.765238352,s-5.694285534,s117.075565019
106_10,s4.937925657,s-3.109014249,s173.964309714
106_11,s3.621591330,s0.540945187,s289.331626362
106_12,s-3.391544199,s1.366571880,s284.455439043
106_13,s0.541162047,s-2.494193117,s298.659177322
106_14,s1.757716528,s3.007555555,s143.039700733
106_15,s-1.210443524,s-5.357034050,s63.040653203
106_16,s-2.647833438,s-5.851121328,s228.131539574
106_17,s6.209922281,s-2.098476411,s5.469910420
106_18,s5.151307673,s-1.292958379,s97.642312598
106_19,s5.180797615,s0.459434876,s105.931442248
106_20,s5.839082713,s1.831862717,s29.167786689
106_21,s4.709662713,s-0.126718586,s320.866458801
106_22,s-2.939052466,s-0.909724426,s221.120647579
106_23,s-4.084359496,s-3.818647926,s350.898507336
106_24,s-2.646939375,s0.673883899,s307.860102897
106_25,s-5.546409820,s0.094954188,s138.555228328
106_26,s-6.101701495,s3.224813555,s117.522191730
106_27,s3.496548813,s4.895158522,s165.456390299
106_28,s3.681318148,s-0.329994224,s283.075335229
106_29,s-0.732306370,s-2.876337477,s47.285681147
106_30,s-0.651670752,s3.957995648,s177.421955648
106_31,s5.716835292,s-0.119710083,s283.947070133
106_32,s2.832955980,s-3.046188640,s210.036503014
106_33,s-0.945397885,s1.908175395,s149.333433739
106_34,s-6.550339810,s2.247672344,s19.422481230
106_35,s-0.582884242,s-2.164085321,s19.860257647
106_36,s0.900626665,s0.433487885,s118.472171493
106_37,s-6.560352446,s-3.358219924,s358.374603086
106_38,s-5.010847399,s-6.250590797,s113.089376407
106_39,s2.221460776,s-1.710611826,s306.479515702
106_40,s-2.662653756,s2.037863282,s163.517970392
106_41,s-0.586543257,s-5.553075071,s194.094353759
106_42,s1.663472035,s-3.316081272,s311.651244816
106_43,s6.007460236,s0.890386919,s101.203688584
106_44,s-3.494639861,s2.186885060,s240.849650766
106_45,s-4.844690792,s6.111882426,s154.865895229
106_46,s-1.679051143,s-1.713811792,s94.951528897
106_47,s-3.659767461,s-1.443567564,s224.286658133
106_48,s-4.784941625,s5.242318388,s332.835060061
106_49,s1.103093357,s3.389225280,s56.541023090
106_50,s3.389506028,s1.848259114,s195.195696370
106_51,s-0.258985948,s-0.916591631,s219.394522305
106_52,s-0.551117594,s3.288774162,s190.081007389
106_53,s-0.200301831,s1.981340733,s86.992389389
106_54,s6.004230537,s0.367723700,s341.970734029
106_55,s-3.336481175,s4.266099544,s160.430539960
106_56,s-0.612528948,s6.374917142,s257.622966245
106_57,s-3.749733748,s-2.481369928,s9.921939076
106_58,s-4.341901578,s-0.317262553,s228.364488306
106_59,s-2.227202577,s6.352669843,s75.382121159
106_60,s-1.585392197,s-1.007332800,s139.869618165
106_61,s4.394667780,s2.000857346,s195.509632265
106_62,s1.363428075,s-0.887298474,s179.672423923
106_63,s3.884493404,s5.832276504,s19.272412511
106_64,s2.908783138,s5.371862564,s241.507282187
106_65,s2.927523189,s6.179426902,s36.873740202
106_66,s-6.466542546,s5.527937382,s325.995049938
106_67,s-4.936156842,s6.222819487,s208.917630723
106_68,s-1.774651953,s2.169028212,s232.590325272
106_69,s-5.281802530,s5.577377142,s110.259030465
106_70,s1.647642603,s6.314023894,s215.212021991
106_71,s5.617702808,s2.521698295,s299.263970012
106_72,s2.494539966,s6.228232737,s163.475484900
106_73,s3.629321782,s6.374917142,s213.922097718
106_74,s5.306897661,s3.935760274,s154.806693633
106_75,s3.759045755,s5.304996004,s358.888900341
106_76,s3.561743577,s-2.248986347,s82.937495192
106_77,s-3.936356736,s4.850166952,s184.780706587
106_78,s-2.546045383,s4.727699708,s192.605993652
106_79,s-5.791327332,s4.773785913,s343.172219046
106_80,s-3.957392333,s6.359468616,s240.482416911
106_81,s4.393861869,s4.348921971,s200.565358295
106_82,s-5.303672721,s-4.113589936,s27.980250521
106_83,s-1.283488360,s5.364682432,s239.405852447
106_84,s-1.497110262,s0.908063985,s332.664868104
106_85,s0.264894474,s5.388253299,s142.587254201
106_86,s6.151385077,s3.280650047,s280.557391237
106_87,s2.369111207,s4.880699557,s242.957282844
106_88,s-1.890925231,s2.993056638,s186.920285986
106_89,s-6.144311062,s6.374917142,s310.194861491
106_90,s0.880319445,s5.880292716,s245.520328903
106_91,s1.861467930,s1.658237302,s151.168718100
106_92,s0.686920454,s0.980040939,s122.645190315
106_93,s-1.747840920,s3.623872234,s174.252449742
106_94,s-3.235427528,s4.994378128,s345.384233644
106_95,s3.814257332,s0.899517198,s79.156175841
106_96,s1.691555951,s3.343920254,s5.154160206
106_97,s5.405144359,s5.458995765,s147.374714993
106_98,s5.977092139,s6.374917142,s249.189016769
106_99,s-6.588369614,s3.945201375,s356.855304600
106_100,s-5.831385085,s6.340565618,s165.822427604
106_101,s-4.744261085,s3.977054799,s43.493934643
106_102,s-4.459342378,s2.270631966,s356.418992346
106_103,s-1.059995459,s4.929500619,s337.641964106
106_104,s1.597809973,s4.506927612,s205.178213696
106_105,s-2.452703476,s3.929578433,s211.456724812
107_0,s-4.646935811,s-5.063667153,s222.119689779
107_1,s-5.304643328,s-5.855395932,s131.738307151
107_2,s1.309374365,s-5.837582192,s313.845680752
107_3,s-1.922382498,s-2.864789094,s75.831808142
107_4,s0.933881021,s0.743225817,s183.193184896
107_5,s4.542853082,s0.826155116,s177.116405176
107_6,s-4.478601296,s-2.644459150,s250.629356269
107_7,s5.810681510,s-1.788922204,s265.555627886
107_8,s2.615835518,s-4.621778008,s306.559264071
107_9,s2.886708580,s-0.860831793,s186.609074605
107_10,s5.685553796,s-3.138915956,s29.657034332
107_11,s-1.790629424,s5.436546636,s254.058282732
107_12,s-3.446723279,s-1.488906464,s263.344660009
107_13,s-4.161755921,s-0.473352590,s29.249960787
107_14,s-2.723949043,s-5.801184136,s298.289438545
107_15,s4.034996722,s2.804603695,s125.623412388
107_16,s5.648904681,s5.784732961,s152.473863234
107_17,s4.709297719,s-1.384657243,s39.855731986
107_18,s3.868707059,s-5.751000589,s299.698097723
107_19,s5.550292657,s-5.653559116,s14.465019547
107_20,s5.015362838,s-3.036692642,s304.155564718
107_21,s5.482542843,s1.837907994,s169.793610379
107_22,s0.424620860,s-1.534115919,s4.623948780
107_23,s-4.954810043,s2.595577711,s158.928487129
107_24,s-4.429863136,s0.577209374,s197.588718548
107_25,s-3.191435353,s0.622461103,s227.851061185
107_26,s-1.772033679,s-4.990469871,s122.727335708
107_27,s2.567381623,s-2.424004193,s126.632784535
107_28,s-1.043002509,s-1.078896635,s109.654430788
107_29,s-4.065283292,s-3.173456639,s337.181347470
107_30,s4.001053159,s-3.483086023,s221.341826720
107_31,s2.181693027,s-1.855204560,s73.088632265
107_32,s-0.562419738,s5.302106044,s166.718599626
107_33,s-5.766951457,s5.842151026,s107.208398285
107_34,s-3.157840923,s3.587238769,s224.666992807
107_35,s-2.311102064,s4.040023632,s227.555669575
107_36,s-5.853153485,s2.935858272,s109.282289615
107_37,s2.020588194,s-1.382234904,s98.997962325
107_38,s-3.596647914,s1.923073611,s120.900352538
107_39,s2.112768718,s5.735209973,s96.618176703
107_40,s5.593669217,s2.386178331,s279.430903874
107_41,s1.740655588,s2.969056613,s175.630743204
107_42,s4.530278438,s1.648501910,s73.148804118
107_43,s5.365959051,s3.995494819,s108.098001252
107_44,s-1.055114667,s1.821264431,s187.759382860
107_45,s-3.657648996,s5.817888544,s182.207373791
107_46,s-4.412823525,s-1.997451697,s116.814856029
107_47,s-0.945151127,s0.736553500,s180.558761022
107_48,s-1.905900137,s-0.999155436,s268.855777653
107_49,s-5.366820703,s-3.058483564,s174.638735396
107_50,s-0.703396813,s-5.882072614,s53.247857404
107_51,s4.588450803,s-0.765490973,s161.203975035
107_52,s4.218392877,s5.603709328,s183.639645823
107_53,s-2.781807961,s4.559001717,s321.798834544
107_54,s5.857957252,s0.550681984,s183.793838785
107_55,s-4.475623044,s0.891161020,s168.596401700
107_56,s-3.125219344,s-0.574779112,s263.921970997
107_57,s-5.389023797,s1.580852765,s291.208698650
107_58,s-5.010239329,s4.960575435,s84.255336658
107_59,s5.307859611,s-4.906185043,s19.243772644
107_60,s5.837885578,s5.148212837,s132.390134566
107_61,s-0.921700257,s-0.257227834,s63.005696659
107_62,s1.242707491,s1.018263120,s158.875667996
107_63,s5.478090890,s-0.469286735,s209.422135480
107_64,s3.463358120,s5.450523904,s58.635827077
107_65,s2.996929063,s0.054539208,s327.481372494
107_66,s-1.872559147,s4.552529611,s160.431265822
107_67,s-4.243415405,s3.143522312,s271.048832885
107_68,s1.110983693,s2.221380766,s118.976677094
107_69,s0.662968066,s-3.002549776,s110.712780158
107_70,s-0.550443029,s-4.843759143,s306.895418728
107_71,s-1.680076725,s4.669873261,s115.592382383
107_72,s1.964339751,s4.517538207,s4.045271752
107_73,s0.494851667,s2.499924854,s28.891254479
107_74,s0.681996024,s3.965839506,s322.759059958
107_75,s4.281162304,s-0.232672230,s192.019278852
107_76,s3.568626279,s5.800053970,s180.275394756
107_77,s-2.562485284,s5.751339459,s262.912851720
107_78,s-0.457012551,s5.791808066,s298.460013663
107_79,s-5.046518125,s-1.680191356,s267.126092774
107_80,s-2.000221380,s-0.277294096,s292.852264743
107_81,s-3.046751454,s4.819437859,s87.465904361
107_82,s0.648086236,s-3.790511026,s108.959507197
107_83,s2.792775014,s4.768997458,s58.894164013
107_84,s-2.408936786,s0.950574696,s140.513814064
107_85,s-2.922830178,s3.170219489,s142.550992474
107_86,s4.199707037,s0.986658140,s325.618686776
107_87,s4.233643510,s4.549223232,s149.781290135
107_88,s-1.125780770,s2.628298702,s151.650357218
107_89,s1.899686008,s0.662496489,s264.294875951
107_90,s-5.227553587,s-0.181133035,s133.301318252
107_91,s0.288529008,s3.406376657,s97.233872950
107_92,s-1.337697014,s4.283041193,s5.811852714
107_93,s-5.687498651,s-0.991946585,s67.157464446
107_94,s-4.776673401,s5.619776860,s16.208304490
107_95,s0.166677250,s1.460894056,s325.647067797
107_96,s-2.328983173,s-4.644483412,s341.634514886
107_97,s5.247693887,s3.137187665,s338.023550965
107_98,s0.308508573,s0.800016682,s206.489931733
107_99,s-3.414903993,s5.483729528,s185.755977729
107_100,s-2.164507406,s-5.882072614,s7.293142951
107_101,s-5.215419792,s3.654639105,s185.049456345
107_102,s0.379043592,s5.645408248,s224.069342218
107_103,s-0.197629917,s3.666392070,s140.846002247
107_104,s0.158188333,s4.436075093,s213.289218486
107_105,s3.646408872,s3.126905904,s55.639656917
107_106,s5.428909090,s3.861445104,s21.739898864
108_0,s-4.340919180,s-0.041246245,s302.526107050
108_1,s-5.621915365,s2.926773952,s336.664756925
108_2,s-1.782789535,s-3.842842997,s309.416924797
108_3,s-4.293289147,s-3.942797654,s230.651909713
108_4,s3.803841662,s-1.935412254,s71.263802418
108_5,s-3.509413248,s-2.286874822,s273.746189740
108_6,s-4.364282274,s-1.321682731,s245.374935522
108_7,s-3.880638658,s-2.006395616,s153.893716080
108_8,s6.010199943,s-4.609554570,s142.381038100
108_9,s2.173616336,s-4.491522660,s277.003522126
108_10,s0.087566599,s-5.559241137,s272.190218395
108_11,s-4.988907224,s-5.043325737,s115.858881680
108_12,s3.967347490,s-4.057779251,s169.319241380
108_13,s-2.385387605,s0.275394283,s261.185240876
108_14,s-5.490343481,s1.822997006,s135.327000271
108_15,s0.624536862,s3.188174801,s157.232461241
108_16,s-4.106931713,s-5.797812292,s192.590627155
108_17,s2.146116766,s-2.242532761,s159.088301477
108_18,s-0.401107781,s-3.257708683,s175.876491496
108_19,s5.777093420,s1.637202910,s67.120807839
108_20,s0.439842003,s-2.548459476,s190.137610310
108_21,s1.225062576,s-2.813373222,s322.749205488
108_22,s-3.796162261,s-4.055201566,s80.592626428
108_23,s-5.503858575,s2.953830592,s139.088112288
108_24,s-2.773998820,s-4.770568891,s305.360273454
108_25,s-5.560887093,s-2.695619144,s98.259876017
108_26,s3.279498681,s-1.131295628,s68.847312884
108_27,s4.381184660,s-3.599278194,s268.794263060
108_28,s4.507045784,s-5.023347375,s119.822851901
108_29,s-1.020850551,s2.723593200,s261.587888860
108_30,s-3.374480100,s5.891925020,s325.052587224
108_31,s0.674952592,s1.231889785,s262.189330077
108_32,s0.897230403,s4.214073781,s160.054470063
108_33,s-1.987620795,s-2.992916624,s315.461601642
108_34,s-0.758086153,s1.052307951,s112.639695899
108_35,s0.739684544,s-3.190706088,s245.562854305
108_36,s-0.301432811,s5.558550925,s211.468011691
108_37,s3.904938476,s1.756819180,s219.665803610
108_38,s4.606375176,s4.030554503,s45.055023130
108_39,s5.399131560,s5.063762863,s206.673125628
108_40,s4.252345787,s-0.748178974,s55.244999182
108_41,s4.453258429,s-5.755611333,s193.130965438
108_42,s2.057360264,s-0.867532187,s195.085045474
108_43,s3.720366360,s0.881747721,s160.356492352
108_44,s-5.447444802,s5.294070329,s149.279862905
108_45,s-5.438015300,s-2.046632610,s124.393105901
108_46,s0.881494658,s-0.420471805,s254.586596150
108_47,s-1.030667873,s5.884154293,s123.611061576
108_48,s4.528035810,s-1.442531256,s195.839586375
108_49,s-3.037574126,s3.548730867,s198.778908899
108_50,s1.006138182,s-4.027181421,s213.987763462
108_51,s-4.494730837,s0.123032484,s215.881978844
108_52,s-1.359446091,s-0.900220648,s117.763885291
108_53,s3.106779105,s0.208060760,s271.084420455
108_54,s2.419291259,s3.669724182,s106.956944002
108_55,s-5.008652025,s0.129034043,s184.477137835
108_56,s-3.586879946,s4.231337655,s178.096433899
108_57,s4.487752299,s3.580082642,s179.821533595
108_58,s3.328676615,s5.856626522,s25.520040661
108_59,s0.170213329,s3.816958133,s186.155581651
108_60,s4.227241423,s2.356445320,s8.526916534
108_61,s4.373042980,s-2.430882480,s273.132543944
108_62,s-5.471444035,s-3.520155432,s11.579971083
108_63,s-0.859920549,s3.873391996,s28.663304553
108_64,s3.421171531,s3.873711920,s208.703059586
108_65,s2.271961048,s2.489218538,s295.339754995
108_66,s-3.776877950,s5.719767176,s292.333829690
108_67,s-5.714010747,s5.926197600,s49.339493055
108_68,s0.484641940,s5.690372368,s292.711386109
108_69,s2.186918629,s0.554686983,s89.351486768
108_70,s-2.356327435,s5.992498177,s311.571166445
108_71,s-4.721189750,s3.497502079,s295.362574687
108_72,s1.901958908,s-0.599831787,s335.920591476
108_73,s5.942881288,s-1.599716660,s130.971366621
108_74,s6.091293558,s3.149484702,s118.630549147
108_75,s-0.285631173,s5.281384859,s357.513298621
108_76,s5.732623747,s-0.906450186,s47.901240150
108_77,s-4.945469591,s3.503165895,s95.335516854
108_78,s-0.010005634,s2.549023013,s63.657570872
108_79,s-2.692418070,s3.757077657,s148.986825178
108_80,s-0.682876994,s3.291353219,s149.151003552
108_81,s2.360853420,s-0.009580200,s256.472100797
108_82,s2.933071912,s5.970319638,s103.126493925
108_83,s-1.527853002,s-0.138817816,s322.156161340
108_84,s4.486389142,s2.996414951,s266.609133389
108_85,s4.769956838,s5.378514434,s220.177562148
108_86,s5.919380079,s5.816749019,s135.805496257
108_87,s1.837536014,s4.842810112,s264.779503835
108_88,s-4.558810986,s5.893929493,s203.127657024
108_89,s-4.518620771,s1.275146416,s202.977612300
108_90,s0.614204871,s-1.492178593,s54.702379913
108_91,s-4.000245348,s2.949893128,s273.158197679
108_92,s-1.903559493,s2.859795092,s94.101987202
108_93,s5.557050050,s2.340363233,s86.569145655
108_94,s3.148839636,s4.844754233,s265.884958199
108_95,s2.288523512,s6.017439239,s294.837668750
108_96,s6.021466747,s3.355284439,s198.904153163
108_97,s4.442311035,s5.919919541,s208.994191712
108_98,s3.356119292,s-0.570041797,s89.750055441
108_99,s-3.734196709,s4.439163294,s30.472111191
108_100,s-1.882656597,s4.809176857,s23.287475535
108_101,s-4.491889149,s4.161843657,s287.120494655
108_102,s-2.271638847,s0.681212730,s326.999194418
108_103,s-1.287093857,s4.775075101,s145.908071668
108_104,s-3.700052868,s1.344717562,s71.033835697
108_105,s-4.483919305,s2.512646097,s231.748200241
108_106,s0.809058534,s2.173952108,s14.613438453
108_107,s5.578169887,s5.073513538,s203.433015158
109_0,s-0.284547981,s-4.004404822,s165.747461053
109_1,s-4.552099935,s-3.382912093,s312.684234339
109_2,s-2.172422489,s-2.697261530,s34.455300313
109_3,s-1.333944866,s-5.104443274,s178.658305865
109_4,s-3.913015640,s3.775086770,s176.444286652
109_5,s0.482268055,s-5.715456528,s162.864453120
109_6,s-0.544123081,s-2.336485786,s114.653101692
109_7,s4.923155292,s-5.871647868,s190.959223487
109_8,s-2.524484661,s1.767762512,s38.890274284
109_9,s3.833072799,s-2.596721335,s92.902144981
109_10,s5.391610605,s-4.958974439,s313.726929147
109_11,s-6.043223665,s0.741812826,s315.263646766
109_12,s-3.759016265,s0.618348153,s210.737394425
109_13,s-3.373371746,s-0.253713718,s240.938073213
109_14,s-3.749896173,s-3.360253814,s279.005401072
109_15,s-5.821945921,s-6.080147163,s6.347062591
109_16,s2.764780331,s0.089168861,s157.197678158
109_17,s-5.310870990,s-5.280447028,s320.778199289
109_18,s5.681973692,s-2.491727561,s173.360929803
109_19,s3.632562138,s5.094269383,s272.568242235
109_20,s2.238933392,s-3.689818364,s225.145041092
109_21,s3.126471912,s-1.954859920,s329.532717474
109_22,s-6.016804373,s-3.832399741,s322.507822360
109_23,s6.036783157,s-0.072230754,s150.996882661
109_24,s1.837564485,s-1.080220362,s76.532052713
109_25,s1.024370939,s1.342940944,s280.969794341
109_26,s3.066841898,s-0.788850529,s4.307451041
109_27,s2.755179192,s-2.348057289,s116.727890668
109_28,s1.241768561,s-3.679712575,s207.654467867
109_29,s5.761368023,s3.524562329,s104.816169781
109_30,s5.790076048,s-3.787677031,s112.875510477
109_31,s4.892524334,s6.008293393,s162.011932164
109_32,s5.918840504,s-1.216984935,s109.093171308
109_33,s0.863600889,s2.163917808,s306.090713732
109_34,s-4.472933454,s-2.440824455,s254.430351880
109_35,s0.048042707,s-2.913410096,s222.459485664
109_36,s-5.436283742,s2.631082275,s133.738048339
109_37,s3.356528138,s3.955010155,s56.538229344
109_38,s1.165919873,s-4.548391018,s324.615065527
109_39,s-3.057878952,s1.726678020,s16.486754690
109_40,s3.991266707,s0.588145390,s178.335654787
109_41,s5.050378949,s-1.682259534,s357.684061356
109_42,s-0.886082138,s0.760895829,s224.890743718
109_43,s4.608578770,s-0.240413668,s63.807799417
109_44,s-5.864001963,s1.301915702,s94.979575059
109_45,s0.285199084,s6.018178943,s75.336781314
109_46,s-4.632528158,s-5.368312970,s351.947881650
109_47,s-4.032517788,s4.511036760,s73.925644310
109_48,s2.540165109,s-6.045988353,s39.117741968
109_49,s2.431254353,s4.819696114,s246.433325972
109_50,s1.922776843,s-1.946795646,s38.259397075
109_51,s-0.397804994,s5.521095172,s335.795388927
109_52,s5.969378433,s0.871376241,s247.966647684
109_53,s5.164457923,s0.963531495,s350.915598613
109_54,s-2.492484954,s1.204330117,s205.620680867
109_55,s2.197456940,s5.734367638,s353.246640693
109_56,s-4.674389776,s1.950263539,s134.074890594
109_57,s-2.006639700,s4.455559397,s46.827893687
109_58,s-2.254057202,s-1.045797240,s343.012550811
109_59,s-5.287871061,s3.593640074,s181.709920431
109_60,s-2.082323007,s3.693460883,s345.628162374
109_61,s-1.294952083,s3.833736137,s264.733981745
109_62,s-1.300250862,s0.519586908,s231.429788532
109_63,s5.293005903,s5.124531388,s48.867901405
109_64,s3.326419707,s5.099996022,s154.673001550
109_65,s5.674287364,s2.342158952,s118.421012796
109_66,s-2.024021981,s-4.647627813,s266.758789813
109_67,s-5.297361188,s5.966400516,s71.161801102
109_68,s0.928494697,s3.143824996,s35.937308065
109_69,s-5.391052584,s5.519903635,s15.333804620
109_70,s-5.454530889,s-0.988719674,s276.402035968
109_71,s-2.672111331,s-2.851537539,s26.596341686
109_72,s1.659801472,s3.716508740,s285.314267927
109_73,s1.391508540,s-0.653972533,s215.197104429
109_74,s4.330068406,s2.568677131,s243.760110694
109_75,s4.446692520,s1.530829929,s329.706299388
109_76,s6.021056461,s4.967363193,s208.482956693
109_77,s-3.731320731,s5.125997047,s230.093444397
109_78,s-3.843357946,s5.795479575,s118.481693542
109_79,s-5.039443815,s-2.325051909,s146.048129092
109_80,s-2.705186081,s-0.113050712,s57.902654378
109_81,s-3.776330287,s1.793130884,s195.289391422
109_82,s-4.865032111,s4.644743770,s44.140883446
109_83,s3.589673729,s-0.050166975,s66.884418928
109_84,s-0.696971484,s5.896241395,s55.330879833
109_85,s0.515623857,s0.650194816,s344.574079748
109_86,s-2.342845434,s0.286625620,s276.930424716
109_87,s2.982340068,s4.733198186,s119.703638621
109_88,s-3.430116939,s2.569261275,s219.341499344
109_89,s-2.393114471,s2.658681908,s34.327938833
109_90,s-2.119379136,s5.834112227,s193.745592346
109_91,s-5.905582414,s2.215367609,s61.101647766
109_92,s2.404288632,s2.386578318,s21.971462184
109_93,s-1.583811694,s2.500629452,s325.930271982
109_94,s4.689244715,s5.537142113,s235.355007631
109_95,s2.223355431,s0.334618093,s92.770673759
109_96,s-1.640803277,s5.979191542,s118.620554459
109_97,s2.636468335,s4.251297827,s312.497711105
109_98,s0.199125078,s3.427350253,s32.584574149
109_99,s-5.999191212,s3.704565253,s218.582774627
109_100,s-1.773693342,s2.181935455,s203.762661626
109_101,s-4.367332309,s3.341241715,s184.064677796
109_102,s-0.804994046,s-0.401477859,s223.574340388
109_103,s2.583384382,s5.914749938,s338.107511112
109_104,s-5.913876018,s4.016616518,s94.901100662
109_105,s3.298583758,s2.780212722,s249.178190571
109_106,s4.698757912,s3.889878148,s147.445312803
109_107,s1.061991004,s5.310910526,s51.099572989
109_108,s3.147149848,s2.467248755,s136.101982312
110_0,s-6.118901703,s-0.821433757,s187.855467965
110_1,s-5.721577608,s-3.238232348,s199.592369784
110_2,s-4.916250614,s-1.840570507,s304.873006170
110_3,s-3.812332642,s-3.005657234,s322.639466326
110_4,s-4.685319334,s-3.550986968,s310.662860879
110_5,s4.624900514,s-5.129302450,s304.265904182
110_6,s-2.800829776,s-3.255432457,s182.789780626
110_7,s-1.212722049,s-6.525781356,s233.767668423
110_8,s1.440280628,s0.331503267,s206.805205577
110_9,s-0.021507412,s-3.578702445,s151.801892523
110_10,s5.520324921,s-5.236956827,s23.549125837
110_11,s-6.327782147,s-4.262837202,s341.059017574
110_12,s-2.112278090,s0.968722236,s266.631543499
110_13,s-6.324070417,s-6.129041713,s280.519694767
110_14,s-5.379510918,s2.472593355,s350.015095598
110_15,s-0.288972721,s-6.481370285,s197.597850190
110_16,s0.697849990,s-0.355968275,s0.785268480
110_17,s4.352237199,s-2.858056058,s80.171674045
110_18,s-2.346847301,s-4.270314570,s271.330708192
110_19,s4.369652955,s-4.225380007,s50.214364365
110_20,s2.647189041,s1.722396734,s3.793080121
110_21,s4.776342058,s-2.081535289,s349.033170339
110_22,s-6.673603060,s1.576389983,s307.118328210
110_23,s-4.169707308,s2.237712836,s256.188312008
110_24,s-3.331602910,s-4.184626452,s100.338873970
110_25,s-6.647839532,s-1.044657305,s342.098038556
110_26,s-1.548076232,s-1.182347019,s218.454053767
110_27,s-3.970279461,s-1.923262609,s209.178355609
110_28,s1.825830254,s0.898888349,s179.337910167
110_29,s-1.112342221,s-2.129847334,s82.154471604
110_30,s3.695766750,s-6.206466828,s306.266374886
110_31,s5.418764059,s0.528651013,s37.683463060
110_32,s4.618513133,s6.479091649,s73.836604760
110_33,s-5.888696228,s3.594649288,s101.857393041
110_34,s-1.451711547,s-5.642728373,s95.444427988
110_35,s-3.080728159,s1.521968861,s47.490136557
110_36,s-2.948133090,s2.040489694,s20.407219553
110_37,s-6.543506549,s-2.169335217,s282.911712154
110_38,s1.562354468,s-2.473561029,s145.457157121
110_39,s-3.361036633,s-1.597133293,s188.377271934
110_40,s1.724905494,s-0.259437490,s100.654236252
110_41,s4.958698497,s4.919683114,s281.563939555
110_42,s2.729261428,s-0.518394044,s228.913529557
110_43,s6.114133595,s-3.672698340,s320.044922771
110_44,s-1.901536675,s3.724489495,s354.951056445
110_45,s0.697063929,s3.987381073,s125.568673653
110_46,s-4.280126009,s-0.801489305,s1.401173888
110_47,s-3.570554560,s2.160930907,s76.336661153
110_48,s-1.159738135,s0.390946519,s295.706187121
110_49,s2.280353293,s3.483659559,s227.067860623
110_50,s2.228531319,s-2.968549979,s299.662056839
110_51,s6.486218256,s2.467490323,s15.546264255
110_52,s5.245695922,s0.973750558,s55.793557819
110_53,s3.043259882,s-1.571117790,s248.780738769
110_54,s4.168941736,s0.586392620,s163.267681088
110_55,s-0.401938418,s3.115597857,s170.855839143
110_56,s-3.471155623,s4.525913226,s47.809787581
110_57,s-2.780176900,s-0.092162920,s242.454296090
110_58,s-0.615381189,s0.217833825,s1.225289013
110_59,s-4.648568625,s5.149471357,s210.997895276
110_60,s4.075348525,s2.296434481,s8.016582440
110_61,s0.388655402,s2.416579460,s169.856159079
110_62,s1.570696719,s4.119393879,s170.713416680
110_63,s2.689113168,s4.206771895,s163.199386435
110_64,s3.865786434,s4.224800478,s311.819478401
110_65,s4.353846262,s1.666420473,s236.728471628
110_66,s-2.328476980,s6.386627037,s181.895410387
110_67,s-5.616893958,s5.250747783,s155.347649370
110_68,s-6.431495919,s5.171287526,s256.436852148
110_69,s-4.673504185,s6.411030326,s211.906340287
110_70,s0.009439995,s0.491810336,s50.533889734
110_71,s2.494061171,s4.935484427,s14.717238666
110_72,s1.763231317,s6.072137764,s29.669402483
110_73,s3.760276847,s-0.659993147,s357.877630110
110_74,s5.780388874,s-3.245393423,s117.335939253
110_75,s4.268521628,s5.424772189,s145.635603916
110_76,s4.681289172,s1.904853398,s285.403971569
110_77,s-4.861614322,s3.300611644,s192.153047435
110_78,s-6.266502208,s4.426884192,s210.417825827
110_79,s-6.258943261,s2.262338537,s163.528039689
110_80,s0.992456954,s3.015918870,s51.765545464
110_81,s2.116887308,s1.310098302,s80.465075670
110_82,s1.528736620,s6.523718011,s42.741319330
110_83,s1.929259303,s5.391232918,s12.643365004
110_84,s2.971712028,s5.771804627,s318.445593675
110_85,s5.205111598,s3.835232100,s297.723192440
110_86,s4.989865893,s0.204163955,s355.099429070
110_87,s3.711287301,s6.459646874,s256.404123996
110_88,s-3.111075371,s6.288876710,s194.441848092
110_89,s-5.362885030,s-0.115678539,s159.594618286
110_90,s-2.801490860,s4.889014117,s55.720775656
110_91,s-6.565793015,s6.346318456,s238.959999996
110_92,s-0.181144020,s5.686976243,s354.180463200
110_93,s-0.583648969,s4.636854662,s254.043400895
110_94,s-1.329813236,s6.174583671,s33.843337684
110_95,s0.473360676,s5.280723187,s85.112054485
110_96,s6.235938842,s3.235165895,s248.621679527
110_97,s-0.017004697,s6.512572319,s336.092295716
110_98,s6.441197278,s6.363460513,s125.472584786
110_99,s-5.502896366,s5.484858767,s194.698609103
110_100,s-2.560554122,s6.106374250,s352.678001862
110_101,s-4.547110844,s0.959316287,s292.224069602
110_102,s-4.709641127,s3.459728543,s281.517155871
110_103,s-5.514339477,s4.203376671,s212.839042413
110_104,s6.047139676,s5.400209416,s114.704075007
110_105,s3.397782662,s1.809259412,s102.572206453
110_106,s5.623889030,s6.293869751,s221.565208732
110_107,s0.797920825,s3.729576745,s153.158561383
110_108,s3.496842656,s3.206400045,s101.430512911
110_109,s5.477109105,s3.548268831,s1.426518291
111_0,s-6.925590285,s-5.965194860,s84.949321600
111_1,s0.492471465,s0.514821674,s176.140726123
111_2,s-6.691030139,s-5.038745382,s130.534848412
111_3,s-4.873398677,s-7.052736201,s329.055009195
111_4,s4.728505995,s-1.887635652,s276.309167989
111_5,s-1.030074753,s-6.342427514,s113.353093546
111_6,s5.011234289,s-6.174298521,s206.374878439
111_7,s-2.356845774,s-6.546203836,s39.178325812
111_8,s2.473318372,s-5.864364964,s344.303523634
111_9,s2.123494021,s-1.308419514,s226.172759010
111_10,s4.247251941,s-5.875915897,s9.307683125
111_11,s5.869532263,s-2.578579018,s36.263742459
111_12,s-1.943466066,s-4.970845436,s38.615846500
111_13,s-5.383821909,s-4.044809805,s32.715645810
111_14,s0.028481841,s2.161690901,s339.578046418
111_15,s-4.332044369,s2.336151631,s332.548779705
111_16,s-5.634410639,s-2.344844370,s158.571103901
111_17,s0.116652043,s-1.099283679,s340.227621512
111_18,s-3.925930321,s3.009732173,s327.595996689
111_19,s1.001714979,s-0.496619570,s263.584353049
111_20,s6.278005842,s-0.339497628,s91.600837942
111_21,s0.319015188,s-2.365395666,s149.273494921
111_22,s6.925679086,s1.013818457,s308.749182569
111_23,s4.600655347,s0.860053226,s232.141665438
111_24,s-5.732172323,s-1.412382299,s90.442780915
111_25,s-1.812361187,s4.602109144,s211.259444657
111_26,s-3.844574109,s-3.269298657,s231.501108961
111_27,s-2.528426076,s-3.852562821,s144.621643387
111_28,s-6.449875143,s3.577933342,s288.555174824
111_29,s4.002494415,s-3.455690416,s315.466360846
111_30,s0.874251152,s1.666277595,s345.353338548
111_31,s6.028158437,s-6.113773036,s116.243260625
111_32,s0.617958728,s-0.001907185,s262.973467614
111_33,s4.666743075,s4.926516970,s359.163201965
111_34,s6.489791392,s-0.072355490,s180.604335128
111_35,s5.753300787,s-3.954235271,s200.221432172
111_36,s-5.386794922,s1.947985493,s248.776878449
111_37,s-5.279796850,s3.729262810,s107.624018794
111_38,s-2.748539963,s-2.839884182,s243.409162134
111_39,s-2.029933527,s3.486419629,s233.301565249
111_40,s2.744332994,s-3.664608675,s36.907028637
111_41,s-6.902341325,s-0.714440983,s29.152222956
111_42,s5.679707060,s2.579028232,s331.526553059
111_43,s3.676732422,s-2.493597506,s58.436820163
111_44,s6.014422169,s-1.444863075,s171.628721796
111_45,s-0.154813752,s-4.220815136,s310.628144348
111_46,s-0.831880108,s-2.173229564,s16.807273300
111_47,s1.770243968,s1.979453004,s340.389745915
111_48,s-6.010696162,s-4.573285022,s258.225515835
111_49,s2.390683184,s-2.437200474,s218.980374578
111_50,s-6.344191501,s-0.076616252,s117.142533722
111_51,s-2.905936303,s-0.504731200,s177.675551056
111_52,s0.216976876,s3.303946129,s306.906707725
111_53,s2.498450382,s0.139138149,s106.301499829
111_54,s-3.080854430,s4.300963258,s39.351772259
111_55,s-0.149671601,s6.686727044,s310.238311488
111_56,s6.923966030,s5.685581456,s266.511975868
111_57,s3.076389921,s5.520088930,s160.740547855
111_58,s-1.528486821,s4.472945162,s249.929839393
111_59,s-0.622823651,s4.034775634,s214.188748014
111_60,s-4.670398433,s1.635031460,s185.706752479
111_61,s-4.918742087,s4.699027243,s252.685238111
111_62,s-0.663956242,s6.091453486,s212.224203470
111_63,s2.789759557,s-1.141431770,s14.708167865
111_64,s-4.815677420,s6.361615031,s357.263101584
111_65,s0.268492580,s-3.105451890,s194.461196348
111_66,s3.592287523,s2.459077396,s143.220145976
111_67,s1.918818481,s4.330536939,s275.766351478
111_68,s1.893615968,s2.600415431,s332.484693487
111_69,s6.967335894,s-1.475149795,s303.602177775
111_70,s5.882356546,s5.247254896,s287.879503256
111_71,s5.569076984,s1.083706073,s249.671963926
111_72,s-1.729774212,s2.368116941,s241.021304548
111_73,s3.233416521,s1.335785735,s14.043525207
111_74,s-1.675871401,s6.637844374,s76.108312342
111_75,s-2.428039572,s3.092745889,s147.400821872
111_76,s-1.718591044,s6.049128430,s83.935033962
111_77,s-3.935153978,s5.963034905,s272.771722331
111_78,s-2.559397121,s5.906128926,s147.949238881
111_79,s-5.326643379,s-0.459324658,s120.908813616
111_80,s0.219908345,s5.951424192,s292.527233305
111_81,s5.932888838,s4.016062647,s302.049511569
111_82,s6.910722922,s2.694582768,s246.553857750
111_83,s-0.957025962,s1.101301558,s2.858117314
111_84,s-6.025600527,s2.428586268,s72.874991079
111_85,s-6.221744116,s6.474270965,s123.743667865
111_86,s-2.975216235,s6.607121557,s144.097766908
111_87,s1.869863709,s6.261889859,s164.811858390
111_88,s4.533900301,s1.912028056,s29.505654136
111_89,s4.654694955,s4.038288918,s291.286513563
111_90,s0.623608124,s5.075297265,s337.527248173
111_91,s-0.251419514,s5.155310091,s202.793536696
111_92,s4.581294066,s-0.132259174,s46.386637481
111_93,s4.146475613,s4.353074125,s191.382326377
111_94,s1.944706769,s4.833181430,s290.565358774
111_95,s4.410817829,s3.331289599,s232.700140747
111_96,s-0.725344052,s3.732890729,s105.262442856
111_97,s-6.888931908,s-1.739875547,s346.055656388
111_98,s-4.394860317,s3.406394914,s195.424141625
111_99,s-6.926207167,s5.614593276,s317.593708635
111_100,s4.478321663,s6.103678131,s345.609610708
111_101,s-1.259829268,s5.315719367,s9.476200484
111_102,s-2.720750422,s-2.309917056,s259.224124516
111_103,s2.526088101,s6.658344242,s319.078956080
111_104,s5.827928869,s6.368294676,s72.931788435
111_105,s6.688062502,s6.481684541,s81.699441633
111_106,s5.061425949,s6.589969077,s305.264026258
111_107,s6.280662454,s3.181511117,s242.964193587
111_108,s-6.054757541,s5.786746391,s39.883766427
111_109,s1.154071218,s6.592800959,s222.195928403
111_110,s-5.587441806,s6.630715684,s251.478231795
112_0,s-6.693341910,s-5.016988134,s281.853992683
112_1,s-5.718152581,s-2.025496478,s228.062589471
112_2,s-3.179689714,s-6.236255464,s300.936374477
112_3,s-2.229428635,s2.128114122,s250.822065568
112_4,s1.301382769,s-1.894792190,s128.573874947
112_5,s-4.625007859,s0.663072186,s273.735814196
112_6,s5.513433657,s-4.968973646,s168.803462132
112_7,s-6.656535416,s-0.604737942,s352.851621780
112_8,s-0.113059936,s-3.919996328,s303.243504444
112_9,s-3.334811152,s-3.067012341,s340.928543653
112_10,s2.986004508,s-5.148638171,s303.598563500
112_11,s6.034753369,s-4.599875102,s92.261509258
112_12,s-4.806491783,s-3.785107417,s165.423797696
112_13,s-5.318673843,s4.580142314,s302.831515197
112_14,s-2.410308010,s-6.061759139,s223.579840980
112_15,s3.344880617,s5.440038822,s31.461341067
112_16,s5.340707044,s0.258510682,s124.408289777
112_17,s0.026982213,s-4.845759202,s317.767422242
112_18,s-3.890732437,s-1.702451048,s180.155101593
112_19,s0.958824032,s1.058744238,s137.001307031
112_20,s3.006995620,s0.352322488,s158.606329868
112_21,s6.118955217,s-2.238232939,s189.065927741
112_22,s5.323232938,s1.735457475,s65.892167290
112_23,s6.342820134,s-1.135625955,s151.608883232
112_24,s-4.701705660,s-5.331253805,s53.177480631
112_25,s-6.740026293,s3.238277097,s251.255282872
112_26,s-4.911361319,s-1.649008062,s166.219723714
112_27,s0.964744212,s-0.040269545,s57.431565243
112_28,s-0.518748098,s1.783511495,s204.012531114
112_29,s2.199139877,s-6.330777516,s178.723799679
112_30,s3.644020570,s1.533874332,s349.610927885
112_31,s4.034389773,s4.858452679,s294.834074493
112_32,s3.845377606,s3.777706410,s98.737750503
112_33,s5.990306395,s-6.443753046,s41.519007515
112_34,s1.850064776,s-0.503935853,s32.223767851
112_35,s3.827595226,s2.516043872,s230.061560716
112_36,s-0.890436571,s0.519711092,s217.213383635
112_37,s-6.339106877,s-1.722955875,s150.183134807
112_38,s-4.179622804,s-0.851882160,s85.586261541
112_39,s-2.697506433,s-0.892945416,s175.922706069
112_40,s-0.451252980,s-2.743095023,s149.571504850
112_41,s3.664134831,s-0.847890425,s220.744945263
112_42,s-5.037479929,s2.239110053,s164.106174767
112_43,s-0.152575664,s5.271876344,s172.678207143
112_44,s6.331616426,s2.197322927,s250.386567708
112_45,s2.684311899,s-4.072853988,s47.304715704
112_46,s5.312903990,s4.563901043,s291.163327462
112_47,s6.334529985,s0.931766123,s205.773312199
112_48,s-4.247652615,s6.626017512,s233.010015378
112_49,s-3.054981968,s-0.195444553,s62.315486553
112_50,s-4.021148965,s1.262206058,s29.495912652
112_51,s0.398479600,s3.095452821,s248.322931811
112_52,s-1.773600148,s-5.141699585,s134.751940163
112_53,s-6.061991922,s2.692704464,s230.834404618
112_54,s2.785727936,s-0.649371795,s160.257171785
112_55,s1.199832045,s-1.029761151,s276.743673052
112_56,s0.990843580,s2.100666926,s276.126119150
112_57,s1.970448026,s6.588933583,s47.385918112
112_58,s6.282696224,s0.120139169,s240.865704903
112_59,s4.075929882,s5.133926069,s192.519835356
112_60,s-6.676845469,s0.811855365,s197.757455571
112_61,s2.595950188,s3.683033041,s272.129774928
112_62,s-1.860583354,s-3.707957727,s96.420209757
112_63,s2.362373907,s4.339344157,s299.037589149
112_64,s-5.351273860,s1.073822184,s87.535292743
112_65,s-1.971953286,s3.254921589,s73.551820964
112_66,s2.928376500,s6.261623480,s75.045266704
112_67,s4.809852783,s-1.870632030,s124.389634144
112_68,s6.269440761,s2.663647222,s252.775431573
112_69,s2.808385480,s-2.175684377,s167.652156907
112_70,s5.417514809,s6.322887902,s100.498412385
112_71,s3.950089314,s-0.955656898,s36.115948476
112_72,s-4.978974774,s-0.496060258,s330.656286009
112_73,s-3.498905022,s0.532685536,s79.784942194
112_74,s-1.614461708,s6.544648307,s253.238715669
112_75,s4.912341611,s3.781546644,s77.671385871
112_76,s-2.406726059,s0.860642661,s200.657146144
112_77,s-0.996950428,s-0.924696295,s106.119102835
112_78,s-3.522402304,s2.262608026,s131.752329340
112_79,s-3.792437598,s6.217533960,s150.921539612
112_80,s4.080784470,s6.626017512,s249.809344344
112_81,s5.670419229,s-0.517297550,s261.649272763
112_82,s5.451008500,s-1.539400584,s194.244682871
112_83,s3.934342136,s5.865254769,s239.023748996
112_84,s-6.807519076,s4.538674295,s245.833538000
112_85,s-6.666371491,s4.006543666,s278.938731830
112_86,s-4.756964097,s6.585170614,s292.580001343
112_87,s-2.114080495,s1.683120184,s359.994210864
112_88,s2.071324788,s2.160728562,s36.165599652
112_89,s5.700849587,s6.545343891,s292.561032328
112_90,s-4.929453311,s4.277331574,s78.344190595
112_91,s-2.166173476,s5.133953466,s1.069333092
112_92,s-0.978284564,s3.205904146,s120.069867802
112_93,s1.175491857,s4.561715669,s113.819220595
112_94,s2.785789954,s4.972298662,s303.661593130
112_95,s6.296636133,s5.520712310,s261.073143785
112_96,s-4.351437542,s5.431471607,s285.307401168
112_97,s-2.474983949,s6.083973654,s320.378898487
112_98,s-6.753356328,s6.211442144,s342.385314108
112_99,s-0.150847407,s6.592220914,s205.474341932
112_100,s-5.435656466,s3.406924178,s78.643959945
112_101,s1.630027316,s1.913730750,s58.912547527
112_102,s1.646791654,s4.743993236,s123.829907075
112_103,s-3.086709215,s3.273255033,s213.563771384
112_104,s3.053754451,s2.912967837,s117.136243699
112_105,s4.149163285,s3.441765086,s16.890797953
112_106,s6.291673512,s6.575894218,s209.393897759
112_107,s4.726271049,s5.377803199,s327.710319716
112_108,s-6.398420364,s5.882167322,s201.309894674
112_109,s-4.054217102,s2.571251001,s237.957595558
112_110,s1.918423178,s5.778223581,s357.114951631
112_111,s0.635136178,s5.856969315,s223.055869478
113_0,s-3.917263394,s0.835372073,s307.237903857
113_1,s-3.660669344,s-3.601489136,s215.384234464
113_2,s-4.410159010,s-4.778652763,s309.290780590
113_3,s4.585955855,s-0.062942512,s353.367950034
113_4,s-5.880538784,s-2.023574053,s109.116470406
113_5,s1.283379904,s-4.449099293,s339.905727341
113_6,s-4.708634821,s-1.405951523,s10.137146820
113_7,s0.471422305,s-1.614410743,s25.756013220
113_8,s2.257353039,s-2.676187706,s336.917909902
113_9,s6.114506230,s-3.545349749,s47.829749767
113_10,s3.965469415,s-5.573852535,s9.693208495
113_11,s5.984867993,s-2.356345751,s336.234974634
113_12,s-2.064832501,s-0.670980408,s265.125836904
113_13,s-0.484731542,s-5.957593223,s148.469734068
113_14,s-5.885165462,s0.044013380,s237.462922081
113_15,s-5.633105106,s2.673891647,s284.223934903
113_16,s-3.785433204,s-5.456467832,s337.119350834
113_17,s-4.179943120,s-6.036728870,s324.086173960
113_18,s1.853198245,s1.486307179,s146.745813410
113_19,s1.695985703,s-6.096750506,s348.433388115
113_20,s4.714377648,s2.158333307,s124.680977291
113_21,s5.722225848,s-4.951412677,s327.771428498
113_22,s-3.164722136,s3.826736848,s331.314144078
113_23,s-0.028085684,s0.003562546,s257.920795984
113_24,s-6.136285388,s-3.484862326,s155.754209353
113_25,s-0.398096575,s1.837031258,s8.889857574
113_26,s-4.456631451,s2.774415064,s313.147720306
113_27,s-0.501108713,s-2.188593171,s154.030479886
113_28,s0.888584140,s-3.600004046,s307.313527613
113_29,s-0.043823821,s-1.894847501,s206.669643532
113_30,s5.183530049,s-3.199615286,s186.016528703
113_31,s2.183832105,s3.444988403,s53.116386826
113_32,s1.561558459,s-4.648877885,s324.416216206
113_33,s-5.193073049,s-3.643730967,s267.175561274
113_34,s5.254847511,s0.950855361,s295.886541068
113_35,s4.360166348,s-4.218000793,s261.984045142
113_36,s-3.779064436,s3.734786239,s294.852774700
113_37,s-5.156904984,s-0.524378690,s253.204226631
113_38,s-2.177876707,s-6.033160147,s78.334290492
113_39,s-0.279604680,s-3.759241610,s39.477928910
113_40,s-1.002064539,s0.928604322,s344.934275762
113_41,s-1.103660416,s-2.442530612,s216.686478880
113_42,s-2.741047604,s4.778673889,s350.459090662
113_43,s-2.864604611,s0.724843216,s333.693904366
113_44,s4.951958260,s-6.005846200,s156.186555696
113_45,s1.617320127,s-2.286037675,s39.468655864
113_46,s1.497407683,s-0.419028341,s63.688914233
113_47,s5.358496367,s1.269140602,s54.026029743
113_48,s-6.136285388,s4.930635735,s336.897950244
113_49,s3.141332285,s4.527318255,s186.976451427
113_50,s-2.044614665,s1.348159950,s67.305242712
113_51,s-4.449153335,s-0.069017490,s231.135864276
113_52,s-1.585919696,s0.472788241,s133.733135662
113_53,s1.641556538,s5.922658656,s81.875350659
113_54,s-2.606777287,s2.841564714,s146.229062546
113_55,s-0.382109007,s6.002647888,s170.646006877
113_56,s2.992428058,s-0.548480290,s294.680903612
113_57,s3.271485711,s-2.369157909,s323.074805729
113_58,s5.717922988,s-1.193815270,s81.683319270
113_59,s4.574541787,s6.033338312,s134.031150623
113_60,s-5.625832688,s6.045022458,s329.985017689
113_61,s-3.658073072,s1.032632944,s31.681455470
113_62,s-5.920028491,s5.413053700,s207.684512389
113_63,s-3.348695521,s-2.688677378,s98.552007238
113_64,s-5.706522354,s3.149725223,s104.826178265
113_65,s-0.764519738,s3.937290259,s62.882355976
113_66,s-3.310336810,s4.132338808,s336.224082752
113_67,s1.009773903,s5.478104973,s173.073305326
113_68,s1.785542738,s4.457957572,s286.110702900
113_69,s2.542742016,s6.001719694,s234.741623751
113_70,s1.169437879,s2.857151889,s309.619107474
113_71,s5.207502808,s3.247302979,s200.875197457
113_72,s-1.022097957,s3.229423640,s120.292313846
113_73,s4.211022952,s0.901065901,s291.337379123
113_74,s-4.086825928,s-3.325833913,s123.109370278
113_75,s5.891138646,s2.682735921,s214.654787192
113_76,s6.149558568,s4.000520518,s95.373226936
113_77,s-2.946422696,s5.941658352,s80.464782366
113_78,s0.771310124,s3.848160632,s113.837118573
113_79,s4.459447416,s-3.387798380,s199.389935047
113_80,s3.153190549,s4.428403389,s306.738898797
113_81,s4.072276469,s6.015153434,s284.907487310
113_82,s3.523281399,s0.134181581,s152.774232025
113_83,s1.028639224,s4.847103813,s350.174640581
113_84,s-2.343548753,s1.793466570,s123.168893786
113_85,s2.178773266,s-0.975902084,s46.764542212
113_86,s-4.985909643,s4.755784780,s156.216910585
113_87,s0.824825243,s-0.331542143,s106.656588887
113_88,s4.409098483,s5.240225865,s114.922823016
113_89,s0.805530755,s-5.499587631,s272.747482820
113_90,s-5.163174469,s1.388936842,s316.150424745
113_91,s2.885401232,s5.750316098,s315.998056412
113_92,s5.390047873,s5.159349467,s281.566050171
113_93,s3.330908896,s-3.176309169,s139.557166762
113_94,s5.845853766,s5.697331203,s278.806476056
113_95,s5.979594682,s5.985831107,s92.083171754
113_96,s0.455450802,s4.662005317,s305.287356195
113_97,s-0.203208897,s1.223587102,s172.842819246
113_98,s-5.385106486,s4.644117134,s3.377282530
113_99,s-1.676662486,s3.194833398,s198.567356747
113_100,s-4.225995172,s4.990470827,s107.825543740
113_101,s-5.716165970,s-1.859215453,s224.292508532
113_102,s5.271449826,s1.281365819,s341.045186246
113_103,s-0.717370324,s4.549602576,s200.200788322
113_104,s-1.962475939,s2.939701302,s38.229504522
113_105,s-1.288860968,s5.991304978,s229.418681770
113_106,s1.664752271,s5.187838513,s25.616666310
113_107,s3.264873734,s5.412004999,s65.882487519
113_108,s1.820844545,s3.072768915,s260.419620606
113_109,s-3.392645071,s4.453863519,s173.268411979
113_110,s-3.575866076,s4.335286425,s316.739388295
113_111,s-1.922562658,s5.626589836,s221.451474709
113_112,s-4.743731437,s6.042577175,s90.243171782
114_0,s-6.466993860,s-0.418373511,s151.318731808
114_1,s-2.031056748,s-6.252961413,s118.249977534
114_2,s-6.303888229,s-6.582741799,s52.670227191
114_3,s-2.458273643,s-1.021602070,s171.958053058
114_4,s-0.727737114,s0.704130988,s272.867514225
114_5,s4.716131130,s-2.337157389,s234.680625627
114_6,s-0.332308532,s-6.228816543,s326.763201557
114_7,s2.234468689,s-5.590047446,s28.023454778
114_8,s4.837153626,s-4.694778654,s10.373187311
114_9,s0.935120533,s-1.130954715,s220.302416777
114_10,s2.390294636,s1.598604388,s255.942484608
114_11,s5.468730274,s-6.360831270,s313.471700613
114_12,s-5.269656930,s-4.364857097,s240.788726090
114_13,s-6.056153467,s-3.340779326,s236.129489437
114_14,s-5.879130329,s0.625725434,s218.406722650
114_15,s-3.670169162,s-0.989232957,s179.606836462
114_16,s-4.981553558,s0.989715068,s228.464196413
114_17,s3.121470239,s-0.189102372,s237.438902484
114_18,s0.999570249,s-4.788178067,s20.489855057
114_19,s-0.892064110,s3.734428569,s282.360331420
114_20,s-3.683966065,s-4.414964794,s115.897789187
114_21,s0.541122487,s1.144507336,s301.357776368
114_22,s5.646771384,s0.934851560,s154.895968505
114_23,s4.627104052,s-1.850147576,s187.586789052
114_24,s-2.632393379,s2.127230690,s199.390885686
114_25,s-4.641376781,s-1.559102480,s112.314274230
114_26,s-0.757344471,s-1.715318971,s251.100212562
114_27,s-5.510313636,s-2.783384444,s265.667261318
114_28,s-4.973506109,s4.923908484,s316.252535827
114_29,s-1.121629734,s-4.663495732,s229.028430700
114_30,s6.228357402,s3.833380103,s54.069682637
114_31,s2.088042073,s-6.457095208,s225.711626299
114_32,s0.747119500,s3.396242086,s222.205432803
114_33,s3.233954842,s-2.420593415,s124.793362841
114_34,s3.823853562,s3.172163084,s35.959549710
114_35,s1.402839811,s-5.598900763,s14.358193521
114_36,s-2.431938223,s1.334055796,s61.498361488
114_37,s0.631413404,s3.880285307,s69.464225403
114_38,s-1.450699055,s-0.050435574,s39.528379017
114_39,s1.593232924,s3.050828478,s242.214361302
114_40,s-6.454225579,s-5.144826879,s134.469523559
114_41,s0.407309258,s3.101591290,s355.044735755
114_42,s-1.133625343,s-1.041310755,s102.121798143
114_43,s5.398232297,s3.776600206,s179.903066617
114_44,s4.912549182,s0.927653993,s100.848213903
114_45,s6.243320641,s-4.554053902,s5.796772600
114_46,s6.030884225,s5.074005723,s197.347514631
114_47,s6.273771559,s-3.123374949,s53.454704249
114_48,s-5.471449137,s-1.864716395,s91.182238630
114_49,s1.562323659,s3.823271834,s197.973759349
114_50,s-1.320184822,s-1.941050333,s210.395841364
114_51,s-2.467900487,s-0.099172982,s238.247832804
114_52,s1.649551300,s5.153653990,s23.972727098
114_53,s-4.530047234,s1.272069162,s196.525383423
114_54,s4.583935072,s6.178235408,s23.335890964
114_55,s-0.505494483,s-4.015756104,s153.259654987
114_56,s4.788433536,s4.114332250,s271.324186238
114_57,s6.300246768,s1.162259925,s148.839106135
114_58,s3.962642705,s-3.366109209,s185.684996852
114_59,s5.808811592,s-2.132054254,s319.521479848
114_60,s-6.430361901,s3.786328733,s57.691953703
114_61,s0.993022571,s1.848929287,s4.763774455
114_62,s2.633645233,s4.445789822,s22.743560363
114_63,s-1.666872190,s2.513058411,s284.387679816
114_64,s2.650429449,s-2.363535411,s40.143142479
114_65,s-0.359526001,s5.222459881,s209.317803290
114_66,s1.107644771,s-0.488227930,s135.884672662
114_67,s0.622562540,s6.007627097,s143.469932636
114_68,s4.213672261,s1.772781125,s280.373194986
114_69,s2.787698914,s2.583770237,s50.290387766
114_70,s4.036348209,s-0.273580151,s127.990601944
114_71,s6.030921185,s4.592382408,s62.956775621
114_72,s-0.803875404,s2.277732483,s291.618306982
114_73,s-4.461182732,s-2.295913430,s146.429564238
114_74,s0.808873558,s5.639573108,s320.814375921
114_75,s-0.618357407,s6.227025461,s166.740682078
114_76,s0.435501663,s-1.466766487,s335.957933859
114_77,s-5.754614708,s2.228038215,s1.726787928
114_78,s4.214000966,s5.514196501,s279.105145387
114_79,s-6.298211224,s1.161753886,s17.364738829
114_80,s-0.938632983,s3.400630004,s229.403088202
114_81,s6.334434314,s2.561579978,s254.817442380
114_82,s5.934039917,s6.127630412,s336.654422197
114_83,s3.640905617,s-4.017793881,s317.088998660
114_84,s-2.549644628,s6.236265838,s292.844273143
114_85,s-0.712086325,s2.899783304,s133.217137906
114_86,s-4.404159046,s3.521041189,s239.029571903
114_87,s-0.383316003,s-2.454584486,s297.477681074
114_88,s1.303023066,s5.076633265,s281.117981156
114_89,s-6.398989369,s6.236265838,s33.233698228
114_90,s6.215082431,s-0.150756445,s86.374694574
114_91,s3.622191958,s-1.255702737,s253.908403769
114_92,s5.819040023,s-1.201974321,s143.125089845
114_93,s3.556192810,s2.076139628,s154.767627151
114_94,s2.491086574,s5.957140674,s256.716167461
114_95,s5.023569286,s-0.027325384,s172.984565951
114_96,s-4.381272882,s3.816553702,s97.127045857
114_97,s-3.026090136,s4.857461635,s246.439616530
114_98,s3.102827723,s5.559311658,s315.081257280
114_99,s-1.672582768,s3.646277283,s338.524861821
114_100,s-2.692651661,s2.708717022,s249.964929140
114_101,s-1.456084837,s4.811445218,s70.160764969
114_102,s5.907442744,s3.861108561,s43.295512918
114_103,s-0.215030752,s6.236265838,s346.983885410
114_104,s3.817920485,s6.236265838,s178.856134326
114_105,s2.935348747,s3.475840306,s108.360494607
114_106,s-3.941409393,s0.719509144,s59.904473867
114_107,s5.013002341,s4.886490256,s124.857188483
114_108,s-3.034116493,s3.403684833,s10.131962365
114_109,s-4.224614489,s4.536187607,s125.233990775
114_110,s-2.160639745,s5.537159900,s152.079096207
114_111,s-3.565395557,s5.930929524,s120.929703501
114_112,s1.912151269,s6.195976787,s294.261503293
114_113,s-3.389759602,s5.300167058,s336.672516524
115_0,s-5.985521397,s-0.898243148,s28.248072805
115_1,s-5.936813381,s-6.509631221,s160.048296124
115_2,s-2.283724070,s-2.697155097,s245.090308276
115_3,s-3.412373349,s-4.322743059,s81.031044419
115_4,s-5.518892641,s-4.847163759,s40.199204432
115_5,s5.255875762,s3.950945887,s319.384532939
115_6,s2.662374935,s-2.048569332,s328.947002256
115_7,s-2.573692389,s-0.421860749,s0.290648220
115_8,s-0.297536775,s-2.472289213,s171.517632002
115_9,s4.335693597,s-5.192134537,s146.756790641
115_10,s5.394864742,s-2.601601397,s153.664714482
115_11,s4.885799831,s-0.792789141,s298.217692238
115_12,s-2.994815808,s-6.518842023,s231.170069356
115_13,s-3.388965573,s-2.922223120,s30.537012608
115_14,s-3.641365944,s1.964204013,s292.437526564
115_15,s-5.226501563,s-2.592957470,s329.724488669
115_16,s3.608624686,s-0.401915456,s8.488309122
115_17,s-2.031808394,s-6.798092550,s186.967563073
115_18,s-0.051158275,s-0.519983371,s200.376870963
115_19,s0.730871437,s-4.874635011,s72.794893373
115_20,s5.823183149,s0.963740774,s249.772867703
115_21,s6.023312417,s-1.816116576,s174.484203858
115_22,s0.870832424,s2.180501624,s311.144439025
115_23,s6.845010374,s-4.044799943,s232.306425992
115_24,s-6.548416758,s6.536159497,s40.930098769
115_25,s-5.932813993,s-3.595666585,s163.840689142
115_26,s-0.998325938,s-6.564574872,s202.857546661
115_27,s-6.819794821,s-0.798769999,s123.166194136
115_28,s-1.876355663,s-1.154821662,s141.139916224
115_29,s2.315057189,s-0.919162693,s178.186664900
115_30,s6.820614671,s2.560178613,s50.096621950
115_31,s4.982380820,s-1.793456672,s183.641908012
115_32,s5.005537958,s1.710649317,s127.112885638
115_33,s6.206309308,s-5.547460041,s89.218323229
115_34,s2.444459592,s-6.672206768,s204.823849625
115_35,s6.875608367,s-1.936783094,s339.437260767
115_36,s-4.906065951,s-0.421616037,s46.081631856
115_37,s-4.253369345,s-2.317457500,s61.975147890
115_38,s1.136890281,s1.596239210,s197.188985497
115_39,s0.752847302,s-1.225274155,s207.796660110
115_40,s-0.557361798,s1.069410451,s157.846291352
115_41,s5.215140635,s4.987558579,s157.267276948
115_42,s6.733035966,s5.633410817,s170.527213350
115_43,s3.932407960,s5.580963839,s140.549884158
115_44,s4.121719087,s0.499415349,s261.983781918
115_45,s-6.416114073,s2.749371163,s308.899467689
115_46,s-0.914755701,s2.430299653,s12.133300845
115_47,s6.518934878,s1.944013668,s112.897536313
115_48,s-4.872463487,s3.154685682,s358.840078093
115_49,s-3.281377815,s4.892385222,s186.000372815
115_50,s-3.849070140,s0.026214150,s54.049839361
115_51,s-4.245704272,s-0.186883278,s173.185243695
115_52,s-6.453695240,s0.303258654,s163.308252750
115_53,s-3.144020389,s2.352869013,s180.073961451
115_54,s3.515551202,s-4.960415566,s85.474996100
115_55,s2.567546450,s-0.155180387,s234.274305573
115_56,s5.462863412,s-0.170285237,s61.372501053
115_57,s4.874257540,s3.165792898,s280.896827173
115_58,s3.529817158,s4.516229877,s112.259357386
115_59,s6.712153888,s-1.118892902,s72.948327812
115_60,s-4.135316030,s6.826573034,s156.031521855
115_61,s1.962043830,s1.210355657,s346.828652132
115_62,s-3.277856568,s5.630898836,s118.789446259
115_63,s-1.983259888,s1.626571615,s186.581122400
115_64,s-4.410575040,s2.739438837,s256.142482190
115_65,s-1.584264150,s-0.561455102,s107.457037362
115_66,s2.945058228,s0.385265686,s0.259288197
115_67,s6.746880148,s3.947075592,s248.160654212
115_68,s4.541466180,s5.158287053,s177.150637853
115_69,s5.655811436,s4.313586776,s34.490316457
115_70,s6.966155545,s0.347364991,s359.233133324
115_71,s0.835385792,s0.159008712,s71.574200021
115_72,s-6.608776618,s5.306961295,s33.820002644
115_73,s-1.547930613,s6.687747144,s291.539494493
115_74,s-6.462851231,s-5.391937686,s198.933265016
115_75,s-2.608899614,s-0.422611772,s358.331028235
115_76,s-5.705978767,s6.229311850,s82.504898524
115_77,s-1.987741761,s4.248154356,s106.442259189
115_78,s-1.891908326,s1.326363865,s187.021311697
115_79,s-6.743807566,s0.887922243,s139.917216587
115_80,s-2.305626551,s3.296524813,s203.773992306
115_81,s2.003621000,s-4.796931862,s154.540232757
115_82,s6.508245808,s6.631080122,s161.423083802
115_83,s5.921278414,s3.072714715,s262.387234401
115_84,s-1.815926576,s5.134108878,s81.025843224
115_85,s-6.054168508,s3.468557375,s292.035073561
115_86,s-6.016444093,s4.586199447,s222.363365617
115_87,s1.010870812,s6.702292630,s321.479288206
115_88,s-3.661408482,s3.247776607,s273.928064127
115_89,s-0.957211255,s0.057684397,s194.176241689
115_90,s-0.399610182,s3.564855454,s106.104268567
115_91,s4.433566743,s6.228925324,s140.478559130
115_92,s-2.254848795,s6.264670443,s36.693283047
115_93,s-4.163905300,s5.734955404,s21.551747744
115_94,s0.002109676,s4.850076262,s176.845117280
115_95,s-0.161952437,s6.836694962,s80.777954198
115_96,s-4.304384453,s6.848876014,s261.690748451
115_97,s-3.947210098,s0.637053695,s347.268640877
115_98,s0.421859082,s1.648984926,s123.324135810
115_99,s0.116666145,s3.057437077,s135.540691180
115_100,s2.101162551,s3.467015541,s285.286508310
115_101,s0.339836024,s6.425967264,s195.985997965
115_102,s-1.285434374,s6.699081199,s348.249841829
115_103,s2.471177796,s6.346065176,s44.333489501
115_104,s2.876269776,s6.735342294,s3.638993640
115_105,s1.741413654,s5.619456641,s295.830347854
115_106,s5.456479290,s6.804964863,s10.255183294
115_107,s5.577527715,s2.289561855,s265.445341893
115_108,s-5.851029102,s6.462169986,s291.709427061
115_109,s-5.441889444,s6.829992877,s107.314810739
115_110,s1.450048789,s4.915878244,s290.039741731
115_111,s-0.768524582,s6.406731614,s65.104978077
115_112,s-1.044156306,s5.864894828,s7.105847703
115_113,s2.776212402,s1.847474893,s72.224075421
115_114,s-2.634848377,s2.755858308,s351.129779667
116_0,s-6.850845306,s-4.762094649,s285.925026168
116_1,s-6.815835894,s0.627558900,s234.023756731
116_2,s-1.575298477,s-1.840837934,s263.521644701
116_3,s-3.997843664,s-6.287832296,s148.825429769
116_4,s-1.115526842,s-4.022112512,s74.738323690
116_5,s-2.052334261,s-5.382026449,s38.167703787
116_6,s-0.643633737,s-2.653956792,s333.988381327
116_7,s2.902366780,s-4.338034034,s170.851123133
116_8,s4.792102577,s-2.052882692,s46.827480460
116_9,s6.376765782,s-5.419707731,s296.600255313
116_10,s6.644118084,s-1.989648142,s263.014970352
116_11,s3.806125186,s3.634791415,s140.541946504
116_12,s-2.514671196,s6.721442999,s311.696671100
116_13,s-3.190296922,s-2.757741999,s44.415034136
116_14,s-6.540996518,s-5.284111937,s96.053353269
116_15,s-0.227829228,s-6.814207670,s142.741252780
116_16,s2.963851094,s1.110183793,s357.384143239
116_17,s3.082803375,s-0.497460868,s73.168628223
116_18,s-0.969178431,s-5.538391882,s181.093553453
116_19,s3.136808216,s-2.226180851,s206.664270159
116_20,s6.709994031,s-1.021188524,s275.671119491
116_21,s4.575248523,s-3.915026647,s172.693911825
116_22,s6.584517498,s-4.611386147,s189.899091432
116_23,s5.138279907,s3.401539695,s7.945580867
116_24,s-4.981053515,s-4.112308588,s3.835359320
116_25,s-2.818144169,s-0.580081463,s104.454418886
116_26,s-1.069277041,s0.910266993,s53.983581036
116_27,s-6.035587042,s-1.226924360,s154.266631190
116_28,s-5.878255292,s-3.900252339,s239.160877191
116_29,s4.235622880,s2.323703224,s290.699651868
116_30,s1.199883127,s0.805291670,s106.011961440
116_31,s4.526799296,s-1.106934890,s323.989453837
116_32,s4.474727768,s0.870638286,s141.111821256
116_33,s0.152590649,s-4.983462347,s329.427144981
116_34,s-1.967865514,s-6.063703371,s40.697419423
116_35,s-3.440818851,s1.317965441,s245.002347741
116_36,s-4.230206517,s-2.889604840,s10.955637152
116_37,s-4.355784515,s-5.382347396,s108.605674452
116_38,s-3.959499548,s6.625471601,s248.694034997
116_39,s-4.154056978,s-4.226828041,s344.026887126
116_40,s-2.624065129,s-1.820357028,s27.861649728
116_41,s-1.103890147,s-2.952425981,s75.001168607
116_42,s0.168433929,s-0.770105249,s6.176573512
116_43,s-1.377854185,s0.307759395,s331.785420335
116_44,s4.477340279,s5.087580971,s338.779131351
116_45,s6.032537321,s1.171113177,s227.739745455
116_46,s5.830186063,s1.328857341,s89.556717862
116_47,s-0.272458390,s-3.446482861,s252.685504431
116_48,s-4.114343617,s5.966373978,s92.512378319
116_49,s-6.149780079,s1.186072830,s352.097546976
116_50,s-1.784477576,s-1.386620053,s65.221507163
116_51,s5.047445446,s-1.320349345,s268.331210472
116_52,s-6.879879707,s4.996785992,s337.995717468
116_53,s-5.825483545,s4.546425487,s168.767727632
116_54,s3.142621449,s6.195726990,s26.523951966
116_55,s5.828067458,s5.800802075,s230.969061603
116_56,s2.759322931,s0.262523606,s207.956097497
116_57,s-5.384840515,s5.464882789,s81.989335560
116_58,s0.585433644,s-3.785454405,s83.685567854
116_59,s6.208135709,s6.633922254,s220.798595516
116_60,s-2.634600579,s-2.022138025,s200.096371804
116_61,s-6.793557309,s-0.860785649,s1.412860276
116_62,s-1.949138246,s-0.286423334,s113.325606780
116_63,s4.000841337,s6.659702000,s217.068901486
116_64,s-2.582101725,s4.089073854,s162.938517133
116_65,s0.057572075,s-2.933102077,s63.897556665
116_66,s0.354283658,s1.590674688,s31.164574181
116_67,s1.383876088,s5.836092219,s57.868197940
116_68,s0.706441923,s4.616760550,s321.735607378
116_69,s6.428761997,s4.566335482,s105.934848012
116_70,s6.669179912,s5.433724036,s213.666825536
116_71,s6.811260543,s1.879658958,s69.357517687
116_72,s-5.597598826,s6.117986623,s88.925347450
116_73,s-4.585124169,s3.294913730,s18.486067845
116_74,s-4.598524282,s1.225730304,s267.806892702
116_75,s3.972505855,s4.677481787,s285.514990141
116_76,s-2.425616888,s0.347860324,s196.799468425
116_77,s0.111736316,s2.356022033,s175.797032360
116_78,s0.623325885,s6.155814454,s11.889858808
116_79,s1.932729231,s4.008847012,s126.411670758
116_80,s6.764830402,s3.424068592,s164.178149051
116_81,s2.444156791,s2.275854614,s323.782724900
116_82,s6.159359447,s-0.637141507,s59.568873958
116_83,s1.243619494,s-2.969945200,s273.781656209
116_84,s-3.872815485,s4.379507164,s193.337539132
116_85,s-6.292916433,s5.274460659,s148.850307333
116_86,s-1.538039507,s4.565516903,s2.424957678
116_87,s-1.193971129,s1.377028038,s10.871824763
116_88,s0.119570585,s6.608417632,s81.126788614
116_89,s-3.383150036,s2.110416886,s77.783725574
116_90,s0.254588822,s0.053420757,s135.730948964
116_91,s-2.010043429,s3.962525507,s58.762494415
116_92,s2.710492899,s5.609238664,s156.887996279
116_93,s0.297144682,s6.270246529,s116.491671713
116_94,s4.580060180,s5.887860210,s88.386906651
116_95,s6.523780607,s1.357514252,s137.279220604
116_96,s-6.799561548,s5.973238839,s117.975762651
116_97,s-3.975566047,s1.624897090,s124.394941955
116_98,s-2.041464338,s2.527163307,s320.688697882
116_99,s-3.638349844,s2.559452678,s303.803088502
116_100,s-0.824385847,s6.539131766,s186.094284868
116_101,s2.130275692,s4.458738789,s263.334602812
116_102,s4.745453710,s5.992008499,s125.103731822
116_103,s0.576992563,s3.291477310,s347.647882708
116_104,s3.076728575,s2.688919284,s42.970974646
116_105,s-1.960113533,s4.889646943,s13.470490040
116_106,s6.484216316,s6.613037632,s319.543016447
116_107,s3.724854084,s6.651014219,s359.195391965
116_108,s-1.048441302,s5.583663897,s244.848344615
116_109,s-5.885795528,s6.693804498,s232.747685008
116_110,s-3.745800935,s5.292331764,s233.135107890
116_111,s-5.820436092,s2.163879344,s31.984897335
116_112,s1.684516812,s5.005088765,s205.482836805
116_113,s1.055604962,s6.461980630,s111.255067217
116_114,s0.966084193,s0.151271235,s240.442753992
116_115,s4.511626075,s4.370214078,s184.574186546
117_0,s-6.480701038,s-1.181316469,s155.734954600
117_1,s-2.619409555,s2.041102700,s326.843460441
117_2,s-6.521767151,s-2.973129641,s310.778457091
117_3,s-2.050527242,s-4.464127408,s322.349542456
117_4,s-1.482314085,s-5.103673688,s305.818903858
117_5,s-1.541931984,s-3.563263544,s175.041867661
117_6,s5.863035795,s-0.029870259,s287.706582315
117_7,s-4.797848466,s-6.168278863,s178.557146124
117_8,s6.083300748,s-2.533589771,s33.975536172
117_9,s6.115472312,s-4.493731946,s9.977089542
117_10,s3.339198163,s-4.741825838,s15.915832716
117_11,s6.233385395,s-5.148759516,s125.262836843
117_12,s0.501251487,s1.084659142,s289.826110547
117_13,s-4.871291068,s-1.580798661,s191.509310502
117_14,s-6.494792256,s-3.740297244,s335.474596890
117_15,s-3.141761502,s2.808637974,s73.762799309
117_16,s6.057567927,s-5.849950244,s46.125676782
117_17,s5.651990131,s-3.617369723,s90.611984456
117_18,s1.694740563,s-4.998272382,s270.053117989
117_19,s0.276698816,s-3.362512464,s125.244076747
117_20,s5.020947856,s-5.594112317,s42.196204531
117_21,s0.665646423,s-4.863464479,s294.027605573
117_22,s-2.358671799,s-5.421699795,s14.509484016
117_23,s5.039617264,s-0.535790393,s118.215032678
117_24,s-4.814418193,s-2.342245965,s131.072127535
117_25,s-5.645481560,s-3.793111808,s89.341055798
117_26,s-0.482500046,s1.273310210,s82.298756559
117_27,s-6.334684896,s0.402112350,s275.242665256
117_28,s-2.944359168,s-5.030313821,s214.965260985
117_29,s-5.137579861,s-4.299838604,s290.641614875
117_30,s3.464026156,s5.065129383,s118.941843652
117_31,s2.657637189,s-1.133754209,s64.350743196
117_32,s4.044426075,s6.166822122,s90.048637142
117_33,s4.179674462,s1.522988660,s312.221134819
117_34,s3.711235056,s-3.218546289,s34.126209989
117_35,s0.872400686,s5.988660614,s177.219599793
117_36,s-2.439698859,s1.082689216,s309.797057462
117_37,s-5.152797496,s0.885099615,s176.344915493
117_38,s-3.594657348,s-1.378671974,s291.885128380
117_39,s1.517317676,s-0.006474221,s194.726069286
117_40,s1.193092535,s-2.379308860,s84.654141212
117_41,s-6.467779445,s6.363559564,s171.517566377
117_42,s5.092808141,s-1.847898038,s306.358252086
117_43,s4.433983799,s-1.387788990,s306.880950634
117_44,s0.112585201,s-4.140138244,s295.508563495
117_45,s6.213387656,s-1.449183200,s304.875673512
117_46,s5.675012175,s-2.178252799,s214.655432791
117_47,s3.378348076,s0.319353955,s290.603450220
117_48,s-1.785269913,s-1.566297040,s71.026409629
117_49,s-5.886656818,s5.801056399,s75.392045904
117_50,s-0.363246831,s-0.912863559,s298.394457686
117_51,s-1.280172093,s-2.310779397,s262.758974141
117_52,s-6.332565109,s3.526778308,s23.304214504
117_53,s0.781920913,s5.162608000,s235.282761450
117_54,s-3.796267329,s1.166537080,s91.668822970
117_55,s5.542090734,s6.004474832,s331.332283351
117_56,s3.278386955,s2.296808386,s83.866647494
117_57,s1.994873819,s-1.602461778,s36.745540296
117_58,s-2.064653267,s2.253091739,s253.271183030
117_59,s6.061132412,s1.644518689,s1.026734988
117_60,s-4.504089152,s0.039120005,s323.879261052
117_61,s-3.106099309,s-6.344328625,s57.910124849
117_62,s-5.326155605,s-0.162486710,s254.177091496
117_63,s2.546968076,s5.552673895,s313.260043717
117_64,s0.871421555,s-0.656750833,s105.055097690
117_65,s-0.960856259,s5.173918062,s293.913231234
117_66,s-3.601581769,s4.236439561,s188.235664731
117_67,s1.569078319,s-3.189915995,s204.589770949
117_68,s0.487029844,s5.475384353,s265.797465303
117_69,s5.773618793,s0.882326412,s279.736144553
117_70,s3.938463974,s2.875190924,s48.833826215
117_71,s6.100949511,s-0.626180097,s279.030893553
117_72,s3.365686199,s-5.724390113,s122.220263435
117_73,s-5.619721445,s5.207600056,s41.795141637
117_74,s-6.433914209,s1.560088978,s145.152231485
117_75,s3.092931851,s3.948358025,s11.303665296
117_76,s1.443253700,s3.428743747,s215.995355264
117_77,s5.265000598,s2.393447797,s270.569337342
117_78,s-1.558102980,s1.998089339,s65.709388584
117_79,s-4.059329857,s-0.380066098,s194.230635733
117_80,s-4.157124867,s2.701750794,s252.908250767
117_81,s5.130487431,s3.316660302,s234.346827295
117_82,s5.977955184,s5.128733093,s119.192342777
117_83,s2.123103696,s0.999587383,s294.954290395
117_84,s-6.177300959,s-2.215427714,s164.118872577
117_85,s-5.164385946,s6.412528141,s246.263443392
117_86,s2.260987468,s6.325313986,s297.247890760
117_87,s-3.980555760,s3.739019110,s213.220452748
117_88,s-3.142328360,s1.469315601,s355.619725132
117_89,s0.332947841,s3.083211689,s354.326619782
117_90,s-3.682731192,s6.276341449,s121.873671035
117_91,s6.169940707,s3.849105771,s134.701493680
117_92,s3.683287251,s1.042947993,s111.197445298
117_93,s6.186165346,s2.027498347,s108.028297349
117_94,s-2.081071249,s6.027163184,s29.153726780
117_95,s5.759111764,s3.493144309,s81.113043989
117_96,s-6.462983703,s5.594606719,s355.081515175
117_97,s0.243992444,s6.201021007,s343.486997443
117_98,s0.721730696,s-0.995294290,s285.497968579
117_99,s-2.164554468,s5.078997881,s11.894927934
117_100,s-3.322285163,s5.217164080,s177.262667332
117_101,s2.343983941,s3.117577187,s260.016272527
117_102,s2.649493268,s2.308148945,s99.677713542
117_103,s-5.178217248,s5.178041354,s134.443978389
117_104,s-0.947028998,s-0.124681973,s47.636692024
117_105,s-1.515159508,s6.406993916,s54.350813551
117_106,s5.117674124,s1.488927838,s187.613053884
117_107,s4.720120338,s5.395799995,s300.985443864
117_108,s-5.404091729,s2.519193697,s143.767041699
117_109,s1.240632886,s1.369060009,s174.836317303
117_110,s-0.907098241,s-2.884248236,s87.426616439
117_111,s-5.642302042,s3.959000231,s2.932422379
117_112,s-5.589379048,s6.230891724,s111.761060977
117_113,s-3.505597682,s4.303352268,s36.543765179
117_114,s1.551034804,s4.416275860,s118.023860375
117_115,s1.194699676,s5.016103568,s84.540038998
117_116,s1.344577622,s2.766633484,s204.218716800
118_0,s-2.339183071,s6.146964418,s262.613518190
118_1,s-6.820200490,s-4.608579864,s24.368221411
118_2,s-5.703764141,s0.242466356,s185.316548579
118_3,s1.221142523,s-5.883081966,s2.488627367
118_4,s-3.072757003,s-3.890121737,s101.335396510
118_5,s0.999056934,s-4.558031917,s90.330226065
118_6,s2.326166538,s-1.541412988,s247.663482701
118_7,s0.242995769,s-6.628222988,s332.328213408
118_8,s5.493535950,s-3.685999782,s217.444426649
118_9,s2.442630334,s0.018246578,s204.574939028
118_10,s4.960863315,s-6.432222715,s3.442305582
118_11,s6.238468347,s-1.288385455,s114.021811463
118_12,s-4.973370320,s-6.766216549,s295.626021116
118_13,s-1.830506202,s-3.949982487,s148.857707330
118_14,s-5.312246938,s-3.025557567,s307.312393645
118_15,s-2.226782265,s-0.252157589,s211.226891401
118_16,s-0.992217317,s-6.892730859,s122.641971309
118_17,s-5.411929165,s-4.632828826,s278.400446638
118_18,s-0.858392602,s-4.188888516,s100.157994337
118_19,s1.337836561,s-4.709751558,s188.270608911
118_20,s1.619308819,s0.920417720,s137.416137058
118_21,s6.206760871,s3.282326751,s278.551215337
118_22,s4.947867174,s-2.121432216,s39.982421718
118_23,s3.788254595,s-2.601633514,s325.998519984
118_24,s-6.586829395,s5.139886159,s325.328123292
118_25,s4.391680498,s-0.168959431,s136.690698726
118_26,s-6.918217452,s-3.096347661,s62.924722430
118_27,s-2.851111090,s-6.532616702,s188.244434264
118_28,s-4.086236737,s3.996283852,s205.066195937
118_29,s0.197180437,s-3.577005230,s79.162254768
118_30,s-3.727214896,s0.711318003,s265.306860887
118_31,s-3.652011127,s4.434245423,s183.696711840
118_32,s-0.397489926,s-1.475261957,s283.816489891
118_33,s-3.163718148,s5.148916422,s164.566980819
118_34,s-0.584321858,s0.688865369,s203.679070191
118_35,s1.258410607,s1.571472704,s198.402205097
118_36,s-1.307337245,s-1.127515895,s145.662452966
118_37,s-4.635831637,s4.097985184,s209.905465011
118_38,s0.876854999,s-0.726381993,s57.805616651
118_39,s-4.843012262,s6.459600355,s301.113744165
118_40,s2.091763137,s1.351352078,s223.970145897
118_41,s-2.030114028,s1.124020195,s65.900479241
118_42,s-2.678094024,s2.464100865,s2.321963934
118_43,s3.809548722,s-6.464087027,s295.259079237
118_44,s1.124239480,s5.135787440,s183.594312883
118_45,s6.690612817,s-2.140567394,s147.392816258
118_46,s6.575726264,s-0.348437611,s217.495199963
118_47,s4.031131500,s4.783349212,s157.212732412
118_48,s-4.307047210,s5.477273942,s4.087316706
118_49,s-1.632197400,s2.774951733,s8.105252584
118_50,s-3.670061593,s1.602675274,s61.208392858
118_51,s-6.915183364,s-2.138659427,s338.961743992
118_52,s-0.890850236,s5.878560354,s153.238071028
118_53,s3.153921684,s5.115411624,s112.276876466
118_54,s-5.723668105,s2.023315624,s154.185691399
118_55,s-0.216046829,s2.010896081,s43.682297693
118_56,s-0.855556220,s6.597225167,s335.354430744
118_57,s6.559894938,s-5.198882842,s162.983002956
118_58,s-3.340770815,s-2.249071853,s220.976771350
118_59,s6.840671913,s4.823289734,s279.126263048
118_60,s-6.753785428,s-1.172733726,s262.758632770
118_61,s-1.542868552,s4.170699114,s271.902412532
118_62,s-2.344292051,s4.592866546,s200.957761818
118_63,s-4.288054579,s0.094594019,s231.134691424
118_64,s1.531885430,s-0.323719536,s130.004056835
118_65,s6.747059488,s0.469858687,s117.558096056
118_66,s1.860761902,s4.549617716,s59.801965057
118_67,s0.142762569,s-0.507234049,s108.698703895
118_68,s6.023544441,s5.285463411,s184.754311478
118_69,s3.326217773,s2.214596129,s221.328541634
118_70,s6.754950995,s6.597225167,s117.344729395
118_71,s2.064892042,s-1.770417038,s256.983851656
118_72,s2.014827197,s6.597225167,s117.387709295
118_73,s-2.793985229,s-0.883108669,s56.569907422
118_74,s-3.786257108,s5.867653461,s305.944694056
118_75,s-6.500355104,s1.125116855,s143.684524311
118_76,s-3.604728352,s-1.344256389,s330.710096674
118_77,s0.012929186,s4.381372346,s290.976759373
118_78,s4.541829016,s-1.552579278,s336.693625499
118_79,s2.617249239,s3.517947977,s308.671866953
118_80,s4.641640695,s3.548980783,s8.714686736
118_81,s3.234717465,s-2.401322839,s175.460640151
118_82,s3.936183407,s6.593564753,s161.964726066
118_83,s4.846322115,s1.351400706,s251.970196260
118_84,s-6.878315721,s5.496209809,s188.970980351
118_85,s-5.699365277,s1.415540900,s182.880366445
118_86,s-6.890387622,s0.279035593,s241.964009806
118_87,s-2.600749287,s4.929233297,s245.602325217
118_88,s-1.974044131,s1.912998048,s355.961480218
118_89,s1.087635496,s4.288724368,s130.619909715
118_90,s-0.128575356,s6.585207723,s334.759956042
118_91,s3.664746084,s6.369307359,s144.827564753
118_92,s-1.531147845,s5.335082016,s190.002901039
118_93,s5.731600176,s0.557270592,s75.895921277
118_94,s4.567953791,s4.663309269,s137.326354794
118_95,s6.806866810,s1.932615141,s75.305044135
118_96,s-5.150867952,s5.803039020,s316.010494434
118_97,s-5.036466942,s2.746171428,s320.586760079
118_98,s0.094126776,s3.250956760,s297.766774655
118_99,s0.652636534,s2.344979476,s87.201155002
118_100,s0.285492683,s-0.025015892,s96.924671311
118_101,s-2.103690055,s3.326512766,s355.988313827
118_102,s-5.216914954,s-0.011323557,s230.444627456
118_103,s2.084161477,s5.741292411,s245.442246904
118_104,s2.576361821,s4.141421246,s146.805107224
118_105,s5.425972836,s4.290392430,s48.366625301
118_106,s5.962222631,s2.013271513,s333.357063821
118_107,s4.632813585,s6.367000298,s41.597469297
118_108,s1.947947745,s5.230170110,s100.496712670
118_109,s-3.159877039,s0.785747588,s140.376124585
118_110,s-3.076229169,s6.394842084,s56.158202128
118_111,s-0.825819369,s4.749411789,s192.415146284
118_112,s4.329242397,s1.746374613,s117.837894589
118_113,s-0.035124119,s5.101309874,s355.141815595
118_114,s-5.895009074,s6.570029116,s206.355902779
118_115,s0.808327712,s2.945913115,s194.044153258
118_116,s5.215580575,s5.513326089,s153.751404527
118_117,s6.461121543,s2.876989667,s176.622522235
119_0,s-1.210487285,s0.275601001,s340.521293074
119_1,s-6.486846391,s-4.853387865,s308.809209514
119_2,s-6.872878154,s-0.710536553,s237.220543441
119_3,s-6.139973744,s-6.780987382,s188.843503858
119_4,s1.088546340,s-6.619727620,s35.950329271
119_5,s-2.270737965,s-5.663203673,s196.372843503
119_6,s-4.748440552,s-5.261192095,s323.044453230
119_7,s7.003624588,s-2.756635940,s216.344955472
119_8,s5.372386213,s-5.777338598,s109.513850666
119_9,s6.924450326,s-6.885577278,s106.510072423
119_10,s3.584974398,s-0.585419712,s356.389363461
119_11,s3.413671389,s-3.412310893,s285.105021988
119_12,s-4.681547659,s-3.863035335,s148.565501424
119_13,s-3.748552818,s0.192527261,s145.238820192
119_14,s-6.288571134,s0.454770658,s10.746382731
119_15,s-1.855360832,s-4.300712547,s44.001760751
119_16,s-5.265472460,s-0.879735432,s306.652946295
119_17,s0.859614694,s0.449432023,s307.144020588
119_18,s-0.026732922,s-1.824042014,s136.150607632
119_19,s-4.879255076,s-1.925657770,s20.389399211
119_20,s4.154003454,s-4.983629000,s91.217464363
119_21,s4.514501991,s-1.154332078,s293.371572733
119_22,s6.014231134,s-5.448180294,s206.527863684
119_23,s6.673769923,s3.105064464,s346.151603977
119_24,s-3.096270079,s0.979598841,s108.712749602
119_25,s-6.466530767,s2.623890347,s337.959874933
119_26,s-1.322338137,s-3.685266443,s289.409932240
119_27,s0.340426548,s3.165201003,s7.661046811
119_28,s-3.287279179,s-2.808740199,s73.871804832
119_29,s-4.896111439,s0.044503329,s314.424673134
119_30,s-1.018767906,s1.212853816,s341.074859835
119_31,s-6.261406131,s-2.676133516,s203.457116171
119_32,s-0.258540803,s-3.303809344,s184.386044669
119_33,s2.042307276,s0.084635037,s24.389178832
119_34,s2.854129225,s-2.481442536,s329.507141776
119_35,s4.777728514,s-0.230907039,s46.548519320
119_36,s2.760254120,s1.939552404,s76.572288550
119_37,s-3.794627916,s3.415446847,s197.550078041
119_38,s-6.872878154,s4.099898102,s88.179166427
119_39,s-1.068749465,s6.981637028,s114.392966144
119_40,s-4.402495279,s4.875905790,s251.477803322
119_41,s-2.956850511,s-1.823108915,s259.954537128
119_42,s-1.493983657,s-5.518526705,s51.584006820
119_43,s-0.555380326,s-0.615668307,s318.467280627
119_44,s3.317421011,s2.651808173,s9.052031557
119_45,s5.160922360,s0.745939535,s29.063017928
119_46,s3.907556006,s-2.075044624,s170.856942920
119_47,s3.678891465,s1.631945167,s162.934401005
119_48,s-5.186894666,s2.699670990,s266.731783801
119_49,s-6.429171934,s1.788333011,s285.563423420
119_50,s-2.539767262,s5.244413854,s237.876977533
119_51,s-4.643200749,s3.477309857,s349.604792586
119_52,s-3.201404169,s3.993209594,s149.767083083
119_53,s1.271660683,s3.391612664,s69.338437185
119_54,s2.363258323,s0.682386091,s130.546759394
119_55,s-5.101239614,s5.128772566,s183.342358438
119_56,s1.869082697,s3.569977811,s234.928183716
119_57,s3.781410997,s0.710510372,s135.921999388
119_58,s4.570707428,s6.206528848,s238.385290204
119_59,s1.299458934,s1.127398907,s39.816198056
119_60,s-4.967733685,s6.952362705,s266.900777524
119_61,s-2.694413317,s-0.683888883,s95.782983386
119_62,s-2.199296623,s0.395763181,s76.888286992
119_63,s-1.720682368,s6.130656599,s111.556332944
119_64,s2.205553396,s-0.821851202,s287.235931626
119_65,s2.709539460,s-4.145102663,s71.634683915
119_66,s3.761614655,s-0.368754413,s347.053278423
119_67,s5.078221400,s6.628205094,s203.794985788
119_68,s2.686327729,s0.571975605,s316.810758881
119_69,s-5.239342123,s6.594176122,s83.072089412
119_70,s6.627020859,s0.041741183,s344.029541955
119_71,s3.982177242,s5.734294460,s167.763926419
119_72,s-2.410937475,s6.484721169,s53.219382071
119_73,s-6.798512257,s3.077189864,s57.347749592
119_74,s0.848506878,s5.477294280,s250.641157853
119_75,s-3.714856301,s0.988488450,s269.764119418
119_76,s-0.126584504,s5.371227991,s52.116422432
119_77,s5.739842953,s4.994071589,s150.118764694
119_78,s-3.917190751,s5.280940608,s132.960093691
119_79,s3.782502701,s6.888053408,s193.467354956
119_80,s2.772490799,s5.417030002,s187.778890501
119_81,s2.294783458,s-1.966500554,s286.578975402
119_82,s7.046415400,s2.707342595,s44.198160984
119_83,s6.072863938,s3.727058831,s63.089991103
119_84,s-5.580485137,s2.149040885,s118.204678537
119_85,s-4.038752895,s6.939187414,s170.159287124
119_86,s-1.474908483,s4.313988321,s34.531410949
119_87,s6.729770937,s-0.732044100,s59.848168539
119_88,s-0.671819506,s2.642973905,s15.330770123
119_89,s2.631145091,s4.358734281,s46.152011545
119_90,s0.186059851,s6.917338013,s268.921642973
119_91,s-4.111859001,s-0.994114549,s345.694912827
119_92,s2.626124307,s6.784403653,s292.699004267
119_93,s0.672389434,s4.854700185,s287.990900815
119_94,s-1.678859933,s2.919286495,s16.860120059
119_95,s6.791846660,s6.911407603,s325.597278351
119_96,s-5.664991548,s5.658816972,s220.655047572
119_97,s-6.053425148,s6.427859991,s149.213431625
119_98,s-6.172115682,s4.982414644,s12.289052514
119_99,s-0.672609122,s6.269950985,s198.290136131
119_100,s-0.500720283,s6.984321988,s257.057944799
119_101,s-1.509618584,s2.437070506,s121.183087200
119_102,s3.465819605,s4.957884033,s85.103949424
119_103,s-0.487742849,s0.326694599,s343.646378682
119_104,s-2.199155921,s-1.539102987,s17.801973898
119_105,s4.582380836,s1.309384855,s113.566742733
119_106,s5.142458988,s1.720537206,s45.770005304
119_107,s6.800792570,s4.151257995,s54.162097625
119_108,s-5.141296156,s4.212081789,s157.291954324
119_109,s-3.806765835,s6.493238648,s271.877421777
119_110,s-0.046145624,s1.942279116,s124.527270095
119_111,s-6.037705291,s3.307481936,s296.804851768
119_112,s-1.200591983,s5.143393179,s178.804681968
119_113,s-2.367765751,s3.637337809,s139.586762933
119_114,s5.140237169,s2.609212675,s208.090973277
119_115,s2.456149920,s6.583104729,s45.226973343
119_116,s2.855170853,s3.661534424,s117.695308216
119_117,s6.724368336,s6.176909749,s71.850298105
119_118,s7.047863482,s5.374094031,s231.330525994
120_0,s-6.604644272,s-6.578427689,s317.644570592
120_1,s-4.015240142,s-6.665308302,s293.327956606
120_2,s-5.230215401,s-6.768853640,s46.130662550
120_3,s2.094922849,s-2.648410892,s48.335918669
120_4,s-5.316490909,s-1.480017272,s156.481113430
120_5,s2.872846566,s0.494561474,s19.739147371
120_6,s-3.525716132,s-2.843411845,s352.308418952
120_7,s2.432103015,s-5.206086872,s336.489122243
120_8,s3.123095905,s-3.276105949,s208.007212592
120_9,s5.168054141,s-6.111097555,s186.699371886
120_10,s6.219854385,s-6.046669263,s291.462827594
120_11,s5.586289048,s-2.327641207,s102.490627346
120_12,s0.460863167,s-4.126260791,s324.963655292
120_13,s-1.325249552,s5.943169376,s358.268640368
120_14,s-4.293804574,s-3.832676559,s210.784586463
120_15,s1.974486451,s2.329418725,s332.287909403
120_16,s-6.227907823,s-3.749150443,s43.911557878
120_17,s-1.593929251,s5.497616346,s319.666569631
120_18,s-3.373917848,s0.684822317,s256.549219698
120_19,s2.509503628,s-1.764657331,s78.697403831
120_20,s6.555324884,s-2.332202428,s210.721310388
120_21,s0.617209918,s-5.617367875,s296.665338409
120_22,s4.359537543,s4.203979583,s150.111151982
120_23,s4.696460945,s-4.734491735,s232.885881476
120_24,s-6.517118685,s-2.691473376,s59.445617589
120_25,s-2.992206947,s0.429296077,s355.108944965
120_26,s-3.449792846,s4.993628931,s173.662987442
120_27,s-6.455754944,s-1.382175886,s98.101681210
120_28,s0.300335330,s-2.989114366,s271.417280491
120_29,s2.254771466,s0.651692988,s38.397739607
120_30,s3.160140979,s1.231884104,s111.996457357
120_31,s6.540875794,s-2.625432600,s281.902334250
120_32,s1.046892242,s-2.300877852,s325.998975731
120_33,s5.185177248,s6.348554038,s213.891123027
120_34,s-0.294438896,s-5.394592542,s322.822198357
120_35,s5.428074976,s4.794590159,s116.666431791
120_36,s-1.426272361,s-3.290095575,s287.683712304
120_37,s-5.277369854,s-4.376218188,s256.707466823
120_38,s-3.120802505,s6.299100708,s282.174987144
120_39,s-6.562005906,s5.524336197,s72.192232922
120_40,s-1.626991784,s-2.270689291,s43.612302542
120_41,s-0.599128851,s-6.409987001,s41.281741403
120_42,s6.044727859,s0.122411119,s103.348972160
120_43,s6.075693233,s-1.683522207,s29.593939315
120_44,s3.573334519,s-1.632986485,s205.233773186
120_45,s1.871976139,s3.107851193,s113.771746697
120_46,s5.540824452,s2.203019653,s249.915177219
120_47,s6.518844726,s-3.996902243,s190.841948346
120_48,s-2.747570063,s-2.451899583,s83.358864590
120_49,s-2.516631469,s-3.065927476,s348.269558530
120_50,s-5.234367023,s6.039625612,s249.685346158
120_51,s-2.471416573,s-4.414905683,s47.217216113
120_52,s-6.087555700,s4.943964470,s143.480729413
120_53,s-1.727203459,s-5.833053792,s251.512583252
120_54,s3.744857392,s3.128372376,s19.332647942
120_55,s-4.555122519,s0.230837049,s198.821913597
120_56,s-2.480318630,s4.638190664,s155.601375103
120_57,s-0.968744797,s-1.311030390,s348.830544155
120_58,s4.377361632,s-4.448456308,s271.273549563
120_59,s3.142874223,s-2.101465349,s215.315681419
120_60,s-3.775829252,s2.540460302,s191.217067441
120_61,s-1.137747846,s1.821106914,s200.593130317
120_62,s-4.743438066,s2.223655861,s346.452942015
120_63,s-2.228994791,s-0.602073810,s313.308569214
120_64,s-2.385152118,s3.582433831,s72.444937045
120_65,s2.128515085,s5.256823261,s17.556761031
120_66,s3.448718094,s-0.576904567,s322.351954757
120_67,s-1.332931333,s-0.705513303,s254.150413780
120_68,s4.582047125,s5.063828082,s229.460560952
120_69,s-0.478109777,s2.835537076,s275.921633765
120_70,s0.989476054,s3.801442188,s111.664443353
120_71,s1.815658041,s6.226355793,s78.672798968
120_72,s-5.477478974,s-3.279557618,s229.131140466
120_73,s-6.600930987,s2.912222183,s53.187086599
120_74,s0.165621529,s5.744704285,s96.763148747
120_75,s-2.053396539,s-1.313467405,s199.794499210
120_76,s-2.438391254,s0.173363568,s125.420455932
120_77,s4.123049684,s1.102336082,s291.151160827
120_78,s-1.478696359,s3.337696014,s192.485615587
120_79,s-6.647644102,s3.150108739,s221.103221032
120_80,s5.684723234,s6.231801780,s111.636289189
120_81,s3.179737096,s6.003202290,s53.452448495
120_82,s6.573577022,s3.965638850,s197.412941126
120_83,s1.893776454,s0.413941763,s90.798207752
120_84,s-3.899849699,s-0.786072775,s132.223966807
120_85,s-6.644773027,s1.499512639,s38.476108487
120_86,s-6.636585851,s6.398392526,s245.880175386
120_87,s1.276707883,s6.163252318,s5.619221704
120_88,s-3.703227241,s-5.911642785,s294.503172099
120_89,s-3.675346541,s3.630494046,s211.888261155
120_90,s0.339445536,s2.534674720,s73.401745669
120_91,s0.120055434,s-0.208057176,s1.962226683
120_92,s2.814342814,s4.928443478,s154.620538355
120_93,s6.463923240,s1.852642933,s17.197674216
120_94,s4.024515508,s-2.484539410,s148.998674917
120_95,s5.146934445,s4.582999797,s310.556221350
120_96,s-6.307335549,s2.221801649,s192.655952659
120_97,s-5.344383278,s2.607429721,s341.628619511
120_98,s-5.306481007,s1.319359015,s138.819637597
120_99,s-2.342690372,s6.311089954,s63.717253213
120_100,s-1.436028199,s-1.817190387,s356.994210027
120_101,s2.736854583,s5.615406895,s21.440135758
120_102,s0.935257083,s4.312474088,s172.354038471
120_103,s-4.130570417,s1.447958664,s231.730683860
120_104,s1.504543527,s5.339897580,s353.365859085
120_105,s-0.328926657,s4.782548828,s63.178803771
120_106,s2.129868845,s-1.228992060,s46.642516319
120_107,s-1.044165198,s1.188739860,s307.581816923
120_108,s-6.540254725,s4.175504461,s227.874518820
120_109,s-2.126016373,s6.485279929,s151.807906424
120_110,s1.101325654,s5.339097404,s143.462820039
120_111,s-4.566849583,s6.284428038,s22.936781068
120_112,s-4.497352059,s4.263006411,s1.668779859
120_113,s0.490203202,s-1.230978826,s280.255489721
120_114,s5.433890101,s2.728111938,s291.481006462
120_115,s4.231223733,s5.505546299,s127.410456501
120_116,s1.315961480,s1.060867053,s19.245832386
120_117,s4.673241820,s5.853422204,s139.419108967
120_118,s5.293557336,s4.802662894,s111.738208635
120_119,s6.631426775,s4.756324461,s10.248829118
121_0,s-6.278677474,s-3.265712351,s222.063323284
121_1,s-6.338736847,s-5.983960886,s149.775417822
121_2,s0.684453913,s-3.477586151,s32.414477632
121_3,s-5.094559208,s0.095404058,s340.820680415
121_4,s-5.868543806,s-1.941103894,s222.141420092
121_5,s3.424451262,s-2.365623007,s0.557620240
121_6,s3.913209970,s-5.169280732,s257.773640882
121_7,s-0.065380599,s-3.622965068,s125.732444679
121_8,s0.233860002,s-5.111811215,s193.616921025
121_9,s5.637831224,s-6.109457357,s301.403907426
121_10,s3.664937404,s-3.616687223,s12.819577728
121_11,s5.376355903,s-3.865743345,s24.914628582
121_12,s-2.860791372,s-3.080855131,s328.036219314
121_13,s-4.255585562,s-5.399214199,s258.518041587
121_14,s-5.462528374,s-1.215030711,s246.131552055
121_15,s3.184837980,s1.381325949,s163.798109927
121_16,s0.206135523,s3.067242313,s310.139876379
121_17,s2.076344154,s-1.920109937,s128.397198947
121_18,s-4.507184135,s2.429063670,s281.542194576
121_19,s-4.120504815,s2.730265649,s148.018098526
121_20,s1.718532441,s-2.727515508,s23.083362064
121_21,s-5.011685832,s-1.995318808,s205.883479068
121_22,s2.217808925,s1.733932521,s171.374583559
121_23,s-4.213396473,s-3.358343354,s223.289507060
121_24,s-0.746638710,s-5.623135978,s53.361085291
121_25,s-3.416806492,s0.833354896,s334.347159409
121_26,s-5.867935596,s-4.768273731,s53.558633341
121_27,s-1.641502453,s-6.209716422,s60.503571490
121_28,s-5.939382234,s4.155546120,s76.325226427
121_29,s-2.996277736,s-5.591878711,s318.911211585
121_30,s4.255724098,s4.315405249,s279.976932193
121_31,s4.175707270,s-3.609216238,s194.538313301
121_32,s-5.096994058,s-3.583935283,s133.447004248
121_33,s2.538698282,s4.004414439,s327.735044012
121_34,s-5.290646230,s5.351560081,s137.380037369
121_35,s4.468442363,s-1.872551811,s298.810546376
121_36,s-5.026931770,s-3.003449915,s14.569652725
121_37,s-2.899965715,s1.670137813,s26.419854111
121_38,s-6.260927949,s2.291830073,s318.896992312
121_39,s2.979526484,s0.184446698,s6.037853468
121_40,s-2.897122756,s1.709109143,s102.699054767
121_41,s3.430119806,s-3.248226931,s99.994548324
121_42,s6.100663184,s-2.832540334,s278.013431513
121_43,s1.150403486,s-6.239326956,s332.828491605
121_44,s5.436372850,s0.299986715,s157.134230440
121_45,s4.963596396,s-1.010395092,s349.489077353
121_46,s4.340029876,s2.665718838,s31.748153258
121_47,s-0.605675117,s2.559589510,s100.203517806
121_48,s-3.661695574,s1.618598272,s226.730303162
121_49,s-5.340105905,s3.367911946,s106.141915424
121_50,s5.813960885,s2.145658770,s295.319532910
121_51,s-6.265843808,s4.742322919,s191.091001251
121_52,s-0.908790490,s1.470879068,s24.661149040
121_53,s0.876697867,s-0.628921644,s47.587455670
121_54,s-0.474788641,s-2.568359782,s236.448371840
121_55,s0.715720447,s5.869952348,s12.198671924
121_56,s2.403534090,s3.327815705,s0.383687178
121_57,s0.147212246,s2.042225251,s171.065361729
121_58,s-5.577100750,s5.965660904,s121.990624684
121_59,s5.455331759,s-2.471249224,s150.225146652
121_60,s-2.912700925,s5.648110685,s190.314128021
121_61,s0.748193073,s5.171939184,s236.455441136
121_62,s-1.287463725,s-1.754238929,s75.970180270
121_63,s-5.707385752,s0.265978012,s228.729148291
121_64,s-3.360184132,s2.603408122,s343.379085000
121_65,s-3.607641162,s0.159624627,s180.127319604
121_66,s3.055353254,s-3.393986580,s72.603969751
121_67,s1.247399711,s6.072837091,s143.309469811
121_68,s6.024987559,s1.348823919,s315.140996842
121_69,s5.949027614,s3.590880502,s329.766848093
121_70,s6.092365314,s6.106703063,s315.286293612
121_71,s-1.721017147,s5.591228785,s328.772120006
121_72,s-6.338736847,s5.342905357,s199.780820132
121_73,s-4.903898594,s6.015636731,s215.656367102
121_74,s1.783957616,s6.043271864,s137.559292926
121_75,s1.492870582,s4.481925049,s312.795791922
121_76,s1.640386287,s-4.443629176,s231.668441222
121_77,s-3.583925883,s3.705204579,s187.976443814
121_78,s2.099657630,s0.024167475,s81.877838875
121_79,s-3.708561806,s-4.800210339,s230.127640735
121_80,s5.383467175,s-1.355796485,s221.101367081
121_81,s3.175048107,s2.718318811,s21.501426854
121_82,s3.447683350,s5.058449302,s182.438819918
121_83,s2.567052285,s5.442013620,s307.489964629
121_84,s-6.338736847,s6.049509118,s260.430499779
121_85,s-1.882055619,s6.085510253,s232.714226886
121_86,s-0.277258726,s1.343241522,s47.710513649
121_87,s4.565065993,s1.339171367,s261.316306066
121_88,s1.507950420,s0.795647566,s331.808037049
121_89,s-6.012808700,s-0.344145892,s344.633926607
121_90,s1.083493483,s1.769141140,s183.671949476
121_91,s-5.030408012,s4.085703084,s229.070958744
121_92,s-4.383689267,s5.894537405,s270.531984368
121_93,s3.799016056,s2.950594759,s325.911980947
121_94,s3.523076902,s3.675724550,s37.446058503
121_95,s1.518330542,s2.825434767,s156.675643725
121_96,s-3.140374428,s6.101798713,s266.692523285
121_97,s-2.948456467,s-4.498155616,s69.901943860
121_98,s-2.870269229,s0.305223316,s80.986415952
121_99,s1.943153931,s5.167321899,s315.705001520
121_100,s-4.587813789,s-3.016940781,s240.313862022
121_101,s-4.264585120,s4.419700421,s315.933587086
121_102,s1.862140122,s3.994052586,s82.784805343
121_103,s-2.557307036,s-1.592022113,s174.659091305
121_104,s6.096660059,s-0.593786295,s144.988065895
121_105,s-2.574976053,s0.737562499,s104.595044661
121_106,s4.086608929,s0.469090651,s343.064417060
121_107,s5.930753606,s2.391616186,s178.962480973
121_108,s-0.852642037,s5.410702317,s154.193658589
121_109,s0.594870011,s3.513069318,s350.063839116
121_110,s-5.121594586,s1.667483369,s273.465336367
121_111,s-2.106218575,s3.435856150,s207.483251442
121_112,s5.657701658,s4.157648475,s55.771012359
121_113,s4.711373245,s5.387907396,s217.851606693
121_114,s-0.301684757,s5.436912410,s39.703706459
121_115,s-6.191584472,s1.154083563,s118.767023730
121_116,s4.281033336,s5.029627619,s163.765540418
121_117,s5.063931775,s2.987706314,s202.829524688
121_118,s6.098375663,s5.663463502,s104.657370100
121_119,s4.871033810,s5.721438309,s243.785447836
121_120,s-0.293118891,s-4.552622874,s199.135959071
122_0,s-4.311163015,s1.919343127,s176.346608440
122_1,s0.355376824,s-1.799536628,s225.263057985
122_2,s-2.238122846,s-1.616469505,s147.853047797
122_3,s-6.432956687,s-6.020021364,s113.727837715
122_4,s0.577607499,s-6.317487489,s205.526226134
122_5,s2.123891513,s-5.773271298,s159.335182021
122_6,s2.007681103,s-1.859662866,s230.621609191
122_7,s-0.755456377,s-3.611524947,s9.299353487
122_8,s2.823696636,s-6.661188116,s191.402972445
122_9,s2.482817443,s-1.622837561,s196.508912414
122_10,s6.315202966,s-4.436610439,s311.384000812
122_11,s3.730177567,s-5.997544816,s238.431783800
122_12,s-1.304812578,s-0.668733472,s303.648833954
122_13,s-6.635169784,s-1.953520206,s336.634880892
122_14,s-2.490949071,s-1.556746204,s349.498792694
122_15,s-4.226038904,s4.398117216,s165.313272887
122_16,s-1.579646056,s-6.473138330,s272.596322598
122_17,s2.632343955,s0.502150467,s245.472371660
122_18,s-2.869245221,s-3.401646064,s152.515291874
122_19,s6.528385055,s-0.523509831,s121.774311795
122_20,s1.027502561,s-2.169582441,s213.570561733
122_21,s0.835992730,s-5.156291043,s52.979003759
122_22,s6.384956465,s-2.792269193,s283.411219228
122_23,s5.584152585,s-3.432689718,s53.792645647
122_24,s-5.676312599,s2.524429610,s172.270009873
122_25,s-5.447583956,s-1.205462174,s122.197051111
122_26,s-0.702152487,s0.767146164,s302.947192516
122_27,s-3.876925436,s-1.973380179,s225.368147547
122_28,s-3.093618252,s4.273070391,s88.659372017
122_29,s2.333508124,s-2.826509337,s50.761965063
122_30,s-6.645988995,s-4.352749648,s210.028469919
122_31,s-0.540058403,s-1.122633498,s133.808056161
122_32,s3.130489687,s-2.369577169,s98.995378238
122_33,s4.172423540,s1.820665565,s269.711985514
122_34,s3.322759042,s-4.913028413,s69.538567399
122_35,s6.123037093,s-1.698890266,s62.043892059
122_36,s-5.310257582,s-0.242741708,s76.422068426
122_37,s-2.067451375,s-4.812207005,s171.685580817
122_38,s-5.571529128,s6.645670227,s358.502092844
122_39,s-6.565861213,s-2.854051712,s356.895486871
122_40,s2.021616982,s3.001404969,s10.191335068
122_41,s3.586429874,s5.945564506,s19.456322061
122_42,s1.172236859,s-0.101508617,s76.771100209
122_43,s5.011134442,s2.789718942,s99.082986934
122_44,s-3.391676821,s3.069864241,s227.081694010
122_45,s2.664422237,s-3.365264805,s271.555250782
122_46,s-0.542759872,s0.466496157,s336.890533043
122_47,s6.236073163,s1.373879776,s88.875039892
122_48,s-6.651055923,s0.769073440,s179.222167051
122_49,s-2.835272812,s-0.601996813,s71.642622849
122_50,s-0.856741839,s3.020915283,s206.338716064
122_51,s-2.890663558,s-1.969517168,s306.598879814
122_52,s-0.412048925,s-5.302315911,s186.482016683
122_53,s0.566767482,s2.425582081,s15.459730153
122_54,s-3.464297955,s2.221360915,s149.648483382
122_55,s6.542187450,s4.236098411,s212.405781026
122_56,s5.010268307,s-0.211027506,s121.898870019
122_57,s2.927675540,s1.818641115,s20.480087757
122_58,s4.452654317,s3.036031849,s330.570295588
122_59,s4.805629494,s2.595658412,s201.201965572
122_60,s-3.804111566,s2.489618770,s43.428542594
122_61,s0.411803730,s-0.167890030,s342.633217613
122_62,s-6.647339732,s1.945138241,s156.368324558
122_63,s0.173030492,s5.421083388,s47.043079182
122_64,s0.271612175,s-2.897862350,s95.013633977
122_65,s1.992062928,s6.642420011,s292.891050403
122_66,s1.443861631,s-4.037329822,s151.782400786
122_67,s1.152506464,s6.316153210,s61.083132734
122_68,s-5.375831418,s-1.700970070,s163.999164250
122_69,s0.775083713,s4.587693598,s188.817357477
122_70,s4.121489914,s-0.926576515,s196.170439355
122_71,s0.109217602,s1.220855969,s70.095785742
122_72,s-6.462153833,s1.915040526,s87.935978230
122_73,s-0.987570893,s0.228995748,s50.462222049
122_74,s-3.786785850,s3.792236242,s306.675514249
122_75,s-2.068399091,s2.364583898,s269.858984355
122_76,s0.747968666,s-1.359986018,s78.046904463
122_77,s-3.043324012,s1.056744614,s195.189727501
122_78,s4.750378516,s5.322783680,s336.174045033
122_79,s-2.991677809,s6.683896551,s334.703152944
122_80,s4.342499487,s0.597018582,s299.149324151
122_81,s4.720016743,s-2.608040094,s112.866677892
122_82,s3.720142184,s0.416877691,s71.485861831
122_83,s2.804538186,s6.535440797,s329.734773933
122_84,s-4.495971592,s6.609014810,s279.293275835
122_85,s-6.586134872,s2.826769476,s173.808044044
122_86,s1.061956400,s1.481736780,s265.502371474
122_87,s-2.552871639,s4.986031720,s111.968923832
122_88,s-5.067631042,s6.161129413,s147.341958252
122_89,s-0.571421839,s1.404443596,s1.980635741
122_90,s-1.105210555,s5.242400188,s40.843209691
122_91,s5.226878849,s6.541054338,s263.623772186
122_92,s6.335817868,s2.434752055,s255.709747148
122_93,s0.069086662,s4.346525435,s48.336932702
122_94,s1.181779260,s4.036251251,s134.961152192
122_95,s2.994802056,s6.359046251,s191.178411139
122_96,s-5.209201733,s5.338422438,s251.941310829
122_97,s-3.357674386,s6.148395333,s24.611071973
122_98,s-6.451760932,s-0.917255772,s134.531869779
122_99,s-1.605039442,s6.390975248,s166.371764816
122_100,s1.340878030,s0.952230181,s313.075303989
122_101,s-3.774633792,s-0.271419010,s156.909548479
122_102,s2.135775755,s5.449964692,s122.586578729
122_103,s1.507464098,s4.618335286,s6.840527239
122_104,s-1.954492604,s2.977086243,s327.275597321
122_105,s5.985472382,s-0.804764047,s265.740513950
122_106,s6.302077890,s5.156241048,s88.998000270
122_107,s4.492737454,s6.205057293,s119.714603887
122_108,s-4.427326764,s5.528376374,s279.226072020
122_109,s-6.449949413,s6.674826619,s178.332707908
122_110,s0.227193475,s6.319455141,s122.059704977
122_111,s-4.767657376,s3.199326694,s348.000775062
122_112,s0.454934474,s5.423637030,s49.268598340
122_113,s6.044251866,s6.499304254,s81.631303289
122_114,s-2.026742360,s1.176720174,s212.153124448
122_115,s5.407207104,s5.723642917,s73.189612871
122_116,s-2.996631794,s3.678019126,s307.641583420
122_117,s6.578572574,s3.585422785,s238.630473327
122_118,s4.906560235,s3.581192256,s193.763226713
122_119,s-6.002332560,s4.290213834,s203.830523306
122_120,s-4.668607965,s2.448581080,s206.182323231
122_121,s-0.703199250,s4.191818758,s114.764022198
123_0,s-5.654062230,s-0.820475809,s181.329836588
123_1,s-0.256820015,s-3.807139839,s327.218816721
123_2,s-2.488828716,s-5.697377329,s23.756880310
123_3,s0.151320986,s-4.616192268,s331.061534543
123_4,s-0.613568649,s-5.082206617,s59.351496525
123_5,s1.235834491,s-0.633003387,s16.474057199
123_6,s1.296712412,s-4.939984424,s105.663091655
123_7,s-5.645084331,s-2.191829299,s85.437626414
123_8,s3.467695056,s-0.972073323,s189.177422913
123_9,s3.408338319,s1.862267407,s316.277218475
123_10,s5.076574694,s-6.263060830,s310.460087246
123_11,s6.117490673,s-2.191444398,s293.126459810
123_12,s-2.299610615,s-3.159933965,s176.179560813
123_13,s-5.809008451,s-3.950400735,s213.420779996
123_14,s0.430033806,s-2.588826099,s59.869586742
123_15,s-6.054682719,s-3.022978146,s254.263894033
123_16,s-1.304603947,s2.745477483,s56.720765520
123_17,s1.858138426,s-6.246588628,s183.362101988
123_18,s4.603609084,s-5.271697963,s159.040724951
123_19,s2.498532904,s-2.271921006,s13.640687291
123_20,s-1.973110657,s-1.806947337,s185.889269207
123_21,s2.894450584,s0.031330353,s90.766279353
123_22,s2.344372370,s-0.852217949,s93.408284368
123_23,s5.994506487,s-3.209786345,s67.630889450
123_24,s-4.680108950,s-5.903909178,s146.272707680
123_25,s-3.716784695,s0.274572049,s128.902509877
123_26,s-6.068297809,s-0.193540758,s236.701540064
123_27,s1.039667345,s-3.984619120,s219.477075191
123_28,s-2.962605245,s-4.889780452,s243.133364652
123_29,s-4.197181149,s0.309473345,s26.234645973
123_30,s1.010417922,s-1.532552951,s355.887800781
123_31,s2.190203595,s-4.401237454,s313.751437817
123_32,s5.080136579,s-3.295691699,s83.687988810
123_33,s0.524715610,s1.974336660,s61.503544067
123_34,s5.602162971,s-5.066272651,s167.835965376
123_35,s6.218980106,s-0.042978422,s255.656888706
123_36,s-4.850769511,s1.117079483,s268.093038045
123_37,s-5.647128634,s4.932505786,s119.774668549
123_38,s-1.196071870,s-1.747486135,s116.592130224
123_39,s0.658841993,s3.504366761,s4.323959255
123_40,s5.925874995,s-1.648444395,s178.149246861
123_41,s3.595986509,s4.914144849,s323.127055153
123_42,s-4.494831600,s-3.652473796,s240.970153360
123_43,s0.777851049,s4.783073387,s61.571185131
123_44,s-1.780841834,s-4.091489854,s156.680868186
123_45,s0.076659032,s1.131271831,s180.857623914
123_46,s3.233867459,s3.250918277,s108.058507663
123_47,s5.982644939,s-0.759675588,s55.297178221
123_48,s-1.733510684,s-4.576608406,s172.452211105
123_49,s-2.555890749,s3.584914457,s267.952379052
123_50,s-1.343227199,s2.365738497,s185.091729875
123_51,s-4.237407736,s-4.692833631,s220.634682999
123_52,s0.559353245,s0.023553859,s318.926640581
123_53,s-2.627731051,s-0.126253235,s156.195734651
123_54,s3.592106021,s-4.209739254,s335.370950366
123_55,s-6.214655624,s4.288418258,s160.375730491
123_56,s4.337069539,s-1.912256835,s147.987949130
123_57,s3.747232116,s-2.431308630,s356.959006380
123_58,s4.321245282,s3.610758787,s109.051185081
123_59,s-2.503303044,s2.777940530,s324.963685911
123_60,s-2.650097506,s1.315112286,s207.756208356
123_61,s0.591538834,s2.917304593,s150.291850530
123_62,s-5.870964431,s0.270681734,s277.423650335
123_63,s-3.335744411,s6.011341420,s101.668148258
123_64,s2.087651221,s0.516346158,s240.782082072
123_65,s4.101028548,s4.525607929,s17.810876723
123_66,s0.139856163,s-1.030620350,s270.471979394
123_67,s-0.799590241,s3.334781547,s261.423739654
123_68,s4.697728101,s0.359638218,s31.270766739
123_69,s6.036106772,s2.368109148,s263.105072680
123_70,s-5.097738833,s-1.776651011,s13.376226709
123_71,s5.221873902,s4.524079529,s234.950009208
123_72,s1.566419954,s5.924461953,s149.799026840
123_73,s0.004278648,s5.410429926,s295.432688985
123_74,s-4.212010159,s1.289255393,s161.616235658
123_75,s-5.765638164,s6.060951386,s129.208969113
123_76,s1.022291707,s5.261692945,s92.960165581
123_77,s-1.484041747,s4.573874396,s151.558797596
123_78,s2.528185643,s1.673660951,s190.263330994
123_79,s5.826309548,s5.209993198,s135.070490339
123_80,s-5.452063389,s4.463342348,s314.067497908
123_81,s-2.186892391,s6.039270037,s47.829995213
123_82,s6.083907147,s3.352478063,s310.829584074
123_83,s5.344533695,s-2.547485828,s225.894205320
123_84,s2.601848242,s5.188467384,s118.474303071
123_85,s-2.369759625,s6.294214228,s292.635075268
123_86,s-6.270320439,s0.676943177,s115.223251476
123_87,s-6.012185889,s4.978204893,s352.809068540
123_88,s-3.397616626,s4.700886089,s103.719256621
123_89,s-0.445157366,s6.226989407,s239.803934469
123_90,s-4.902398803,s6.138300119,s270.557559834
123_91,s5.812643287,s0.239124678,s263.863815204
123_92,s5.372324109,s5.812608917,s68.311279146
123_93,s2.348959559,s6.266998880,s13.402436481
123_94,s4.377592034,s4.379165260,s267.256610377
123_95,s5.077135882,s6.234796951,s345.131891007
123_96,s-5.145006447,s3.864920508,s351.698481204
123_97,s-5.755586039,s1.862895546,s307.011835005
123_98,s-3.931573401,s3.057271281,s330.517456518
123_99,s-5.712645594,s5.399278020,s292.629685747
123_100,s5.392830366,s2.027626536,s250.773729147
123_101,s-2.769397637,s2.821489438,s12.029310646
123_102,s5.195974879,s5.438614942,s88.940740513
123_103,s4.926990272,s2.995142370,s331.737572314
123_104,s1.626332071,s3.773388800,s201.034237335
123_105,s4.073958082,s6.256300422,s33.629455107
123_106,s4.704176533,s1.595806845,s123.313250410
123_107,s2.959128280,s0.392331503,s259.651554354
123_108,s-4.990162603,s2.596090013,s184.776911135
123_109,s-6.202294829,s6.155276984,s316.717517314
123_110,s-2.609755878,s-1.440927713,s279.343029978
123_111,s-2.594358025,s4.913358961,s9.690697949
123_112,s2.331432302,s2.838071046,s327.390661902
123_113,s-0.975515528,s6.254764783,s199.975214814
123_114,s6.239779673,s6.284684950,s33.402572309
123_115,s3.017611610,s6.174197720,s223.702814451
123_116,s1.848567701,s1.790676071,s100.416190730
123_117,s-1.891529401,s4.599035665,s251.848661872
123_118,s-1.860671322,s1.778155156,s220.691007861
123_119,s5.575390818,s1.660695907,s325.496432439
123_120,s0.261162633,s-3.188232518,s161.902298926
123_121,s-3.944071778,s2.346011088,s222.404491802
123_122,s1.750961631,s3.192470956,s322.706160251
124_0,s-6.657793636,s1.010753432,s91.844983559
124_1,s-6.143815955,s-3.523207668,s249.603818024
124_2,s-3.502290902,s-2.994592477,s280.903611692
124_3,s-4.359902086,s-4.265780306,s63.032753228
124_4,s-5.923368779,s-6.537120804,s85.583263763
124_5,s-4.051660618,s-6.130768866,s137.675627638
124_6,s3.817493637,s-0.356959883,s349.290717820
124_7,s-3.393810616,s-6.949796927,s19.846193426
124_8,s3.157707133,s0.488160202,s130.182267337
124_9,s6.741614916,s-6.110650551,s134.225321984
124_10,s6.772855437,s-5.187313046,s310.437662930
124_11,s2.261582345,s-3.597921215,s142.140676866
124_12,s0.283004636,s1.818106561,s293.585817690
124_13,s-6.480665114,s-4.307800839,s330.235079013
124_14,s-2.105149321,s-3.135841878,s245.109568647
124_15,s3.479963432,s-2.113159542,s148.147812502
124_16,s-0.616034991,s-4.036157968,s197.155702590
124_17,s0.847707420,s-6.999911837,s11.789195752
124_18,s-3.597851402,s4.127173121,s141.284800346
124_19,s4.634155870,s-6.554611312,s32.924186996
124_20,s4.082925215,s1.027170510,s268.929653446
124_21,s4.677039446,s-2.642325675,s205.715623050
124_22,s6.682046065,s-3.865687018,s303.283042171
124_23,s7.083526893,s-0.923499304,s218.805850175
124_24,s-6.148307383,s-2.689121712,s102.644462557
124_25,s-3.315146330,s-1.939358170,s127.168195316
124_26,s-2.399733494,s0.320477351,s210.080825860
124_27,s-1.226243304,s-3.752174508,s140.560197719
124_28,s-0.993129585,s-2.957848328,s292.995571170
124_29,s-2.363910920,s-6.246814995,s54.143220241
124_30,s2.469614195,s0.513571971,s247.217863728
124_31,s6.101323519,s-0.406052937,s262.208707617
124_32,s4.234762769,s0.424681799,s315.384561909
124_33,s0.571865993,s-6.178371118,s271.799821540
124_34,s5.928724495,s-7.097989896,s78.968188827
124_35,s5.447264457,s0.624704882,s100.996595934
124_36,s-6.266347470,s2.060689260,s223.338017779
124_37,s-3.721765307,s3.919959672,s346.357787452
124_38,s-2.486162221,s-2.420194855,s165.981555414
124_39,s-4.736963713,s2.091614959,s163.174854977
124_40,s-4.863283693,s-4.942073333,s119.544610750
124_41,s-6.474931640,s3.545437836,s50.892459528
124_42,s0.456012660,s-3.405253889,s149.882154053
124_43,s0.917617312,s-1.209893186,s143.598136775
124_44,s3.433963596,s-0.652178287,s329.564946917
124_45,s5.762971743,s4.213603579,s25.845976436
124_46,s-0.624714818,s0.108081429,s158.361241412
124_47,s5.618377009,s-2.226819060,s174.110865404
124_48,s-3.198571145,s-1.455824497,s0.813620855
124_49,s-1.805521140,s6.544900403,s230.686304608
124_50,s-6.796639699,s-5.254926020,s99.838811411
124_51,s-1.437867067,s-0.784154899,s290.968459032
124_52,s4.650279259,s3.339612724,s268.012234387
124_53,s-1.697069902,s-4.525626820,s303.025644387
124_54,s-6.772850163,s0.277772789,s301.969033020
124_55,s4.297632307,s0.904707673,s301.208528662
124_56,s6.251410665,s5.459852898,s290.325202668
124_57,s5.506315865,s-5.388732802,s261.855802437
124_58,s7.165701688,s4.231619104,s154.063627149
124_59,s7.205284530,s3.501353363,s42.626083195
124_60,s-3.512638277,s-1.040463159,s30.583913273
124_61,s-4.523935197,s1.913090163,s39.076366018
124_62,s-1.059339702,s1.065633586,s352.560352594
124_63,s-6.841686908,s-0.325553035,s159.590875454
124_64,s-0.774640860,s-1.303138575,s348.818292647
124_65,s-5.591908436,s6.501583253,s59.585755287
124_66,s3.292765566,s-1.211156262,s297.782907214
124_67,s1.026656207,s3.952287908,s244.888852588
124_68,s4.026944799,s-1.434349734,s226.149949421
124_69,s3.103150123,s4.736125925,s65.681922104
124_70,s5.738984438,s3.506741925,s200.139894408
124_71,s-0.581448937,s3.538031023,s336.178274579
124_72,s-0.033751706,s4.640669008,s354.009132833
124_73,s-1.428765282,s4.169785830,s327.681146576
124_74,s-3.817914038,s4.205758670,s10.606965582
124_75,s-1.945943012,s3.005308943,s264.932983367
124_76,s-5.947380608,s0.606554010,s143.491896593
124_77,s-2.664453678,s6.668780655,s14.999733599
124_78,s-1.610369957,s3.413059058,s321.462261334
124_79,s2.245951182,s5.192595839,s297.156959948
124_80,s5.485087472,s4.031892189,s207.572544859
124_81,s4.998694346,s1.776798745,s146.547001269
124_82,s6.960334730,s-2.538045529,s18.309380131
124_83,s1.783338210,s5.028813274,s154.409778854
124_84,s-1.387307633,s2.233362187,s301.151197082
124_85,s1.724517718,s6.120527496,s153.145001206
124_86,s2.416622717,s-0.157627649,s14.772565420
124_87,s-3.560281429,s1.808416623,s212.976155537
124_88,s6.338688220,s6.161990831,s143.527936644
124_89,s5.211766497,s6.148750930,s295.305025364
124_90,s3.537222094,s5.824644686,s150.448408479
124_91,s5.317010783,s5.053118823,s264.453470386
124_92,s-1.034272513,s6.548053896,s156.227550034
124_93,s7.199614954,s6.569992156,s46.344792703
124_94,s-2.417066263,s4.479043116,s240.925145213
124_95,s3.324142368,s6.661320216,s96.872426044
124_96,s-6.092307743,s5.318538971,s355.004854651
124_97,s-3.957334675,s5.626199252,s224.350095455
124_98,s-6.640753672,s6.274944046,s309.066734629
124_99,s0.626887898,s-2.027703293,s329.760420617
124_100,s-3.119411983,s1.050487624,s314.694607609
124_101,s6.796576543,s5.287730922,s134.188958671
124_102,s1.886127428,s5.359313599,s181.162108583
124_103,s2.381665637,s1.042741509,s141.514368579
124_104,s3.289261444,s1.591988755,s219.772674970
124_105,s0.088592344,s2.785064857,s62.277786556
124_106,s5.726704941,s2.574215641,s357.768498673
124_107,s7.030751402,s0.402159680,s210.872491369
124_108,s-4.631306387,s6.608297325,s291.023937870
124_109,s-0.070785695,s-6.908902809,s89.323348914
124_110,s3.441151022,s0.909543564,s158.584378709
124_111,s2.949086228,s4.561036789,s276.641684006
124_112,s-0.761018196,s5.861761335,s289.955963871
124_113,s2.808829198,s6.726801563,s73.331378349
124_114,s0.462688162,s6.526090255,s18.804168844
124_115,s5.968088901,s6.601711909,s148.644766496
124_116,s0.287821978,s5.954266088,s144.017126490
124_117,s2.096146099,s6.676830859,s253.047676553
124_118,s4.126120529,s6.162345143,s35.324990346
124_119,s4.392443702,s3.609662367,s27.067939789
124_120,s-3.220706682,s5.811029053,s27.629461778
124_121,s-6.049297639,s-1.703130006,s220.444054402
124_122,s3.349838836,s5.785897869,s279.205589550
124_123,s0.840439382,s4.705485954,s240.355335901
125_0,s-5.935937572,s-0.537510917,s38.765349149
125_1,s-6.635747845,s-6.035140293,s66.765004965
125_2,s-6.257058424,s-7.112735246,s40.629698505
125_3,s-5.835427828,s0.753463271,s11.344758417
125_4,s-2.767280139,s-5.266086905,s31.216265144
125_5,s0.453142428,s-0.875274128,s130.613855561
125_6,s-4.919766342,s0.923504853,s263.171738348
125_7,s5.889195695,s-6.841364714,s30.849519730
125_8,s-3.192910368,s-2.698040352,s183.584036229
125_9,s-6.018117555,s2.130266404,s191.246181266
125_10,s6.983293385,s-3.050674085,s294.335096838
125_11,s1.881109768,s-0.786644886,s247.819596325
125_12,s-5.185577959,s-4.090775710,s319.076732888
125_13,s-3.405036094,s-0.729655285,s286.315345532
125_14,s-7.068309528,s-2.161610130,s126.401249996
125_15,s1.364351291,s-5.099029644,s190.656723414
125_16,s5.211920938,s-0.255471433,s337.201203306
125_17,s-2.086770680,s-1.088555260,s264.723848742
125_18,s5.670077825,s0.208483569,s255.428917126
125_19,s0.326832044,s0.747814853,s154.377232356
125_20,s4.634847292,s-5.799858530,s158.457037639
125_21,s5.310765466,s1.671411518,s300.191354773
125_22,s1.791097654,s-0.182424872,s312.552355439
125_23,s-2.950145490,s1.289058685,s58.177945202
125_24,s-6.733512432,s-0.748297462,s15.682289618
125_25,s-4.276810735,s-6.484324896,s251.991154386
125_26,s-5.218305519,s6.246723283,s301.320514267
125_27,s-6.020163385,s-4.359598619,s99.710399466
125_28,s-0.897722739,s-3.715105432,s222.874084622
125_29,s-0.469244439,s-6.995631195,s202.239051235
125_30,s3.632628614,s-2.064703801,s183.483587889
125_31,s3.926073161,s-2.775161256,s203.696762102
125_32,s6.071066105,s2.501688014,s193.239234550
125_33,s3.062721609,s-2.472574066,s38.545709463
125_34,s5.847956081,s4.743359377,s331.194798001
125_35,s6.960322170,s-1.633033079,s66.570652457
125_36,s-6.344814274,s1.997825287,s300.552560404
125_37,s-3.717005328,s-2.224467172,s137.136563387
125_38,s-3.346895145,s3.348528293,s273.542145295
125_39,s-0.727957816,s-6.233616969,s226.572572223
125_40,s-6.175107935,s1.164414641,s68.357919778
125_41,s5.156248664,s-4.065175414,s289.734171288
125_42,s4.057104292,s-6.780028365,s261.243095083
125_43,s4.228165481,s3.521968857,s73.059805883
125_44,s6.696827405,s-4.195437621,s291.256528261
125_45,s0.178397339,s-1.312818911,s163.538333380
125_46,s2.064901861,s-2.928822173,s267.842184371
125_47,s4.974126137,s-2.852838957,s34.266191044
125_48,s-1.748111064,s4.171748431,s77.007646647
125_49,s-5.662165781,s5.155294373,s151.235055575
125_50,s-3.739514133,s1.038064368,s53.439135864
125_51,s-1.330853146,s-2.733818296,s93.270143545
125_52,s2.816252921,s4.041721462,s44.915591629
125_53,s-6.929071991,s5.667529019,s20.016823779
125_54,s2.623370221,s-4.192345305,s164.785470706
125_55,s-4.381440303,s3.892310615,s261.037672435
125_56,s2.187462036,s2.000131714,s181.873145964
125_57,s3.467263274,s3.651261192,s252.949753994
125_58,s6.816119405,s-0.534897249,s24.279476679
125_59,s4.910631124,s6.024486675,s346.382117248
125_60,s-2.978640208,s4.151582490,s295.077356853
125_61,s-2.386162038,s-0.292455963,s90.851586443
125_62,s-6.908550327,s4.193183063,s281.239171874
125_63,s-5.161619863,s2.247961354,s29.459644747
125_64,s-1.149493162,s2.666771050,s80.618197885
125_65,s-1.545914777,s0.248449723,s304.413494023
125_66,s4.688224836,s4.174427556,s182.832658087
125_67,s3.108932264,s3.999994962,s297.366827436
125_68,s6.101483166,s5.799316829,s183.628758463
125_69,s4.816984366,s1.993624270,s29.218750747
125_70,s0.122354402,s2.283237718,s205.157160146
125_71,s4.638316228,s-1.799921499,s173.602393718
125_72,s-7.020072655,s4.183104340,s335.219195130
125_73,s-2.122010597,s1.281294559,s8.772597451
125_74,s-4.149897646,s6.951517160,s103.494532424
125_75,s-6.896008621,s0.942753213,s293.873224931
125_76,s-1.016320677,s1.083723568,s300.931437460
125_77,s6.717566508,s4.887087456,s105.282245257
125_78,s-4.973531003,s3.909730462,s101.432852695
125_79,s0.858162981,s5.163373818,s93.899448295
125_80,s-0.646232129,s-5.801053685,s105.207304236
125_81,s-4.065486792,s6.544180676,s354.300342999
125_82,s5.406946437,s2.983117536,s247.556357869
125_83,s6.925923657,s6.927464770,s331.651101923
125_84,s-5.119130469,s6.280353292,s244.028711539
125_85,s5.239616436,s4.704708804,s325.079425308
125_86,s-3.255047787,s1.519400561,s138.372251811
125_87,s-3.443288043,s4.923518062,s194.454248820
125_88,s0.684762127,s0.171354624,s126.981038955
125_89,s3.958748707,s5.743459058,s310.035445742
125_90,s-3.047540141,s5.764029879,s45.278465527
125_91,s6.886356585,s3.315037634,s195.975447244
125_92,s1.815072566,s5.816653681,s87.417168380
125_93,s3.407923480,s4.801968088,s156.102604352
125_94,s3.629307683,s1.846604688,s254.587234854
125_95,s3.307353940,s6.939256013,s354.926336336
125_96,s-1.423454788,s5.542357622,s249.459262325
125_97,s-5.245151806,s4.514678618,s5.280511371
125_98,s-4.093178754,s1.890170929,s324.577928597
125_99,s-1.660054179,s3.332384491,s102.150411207
125_100,s1.289062237,s0.845746470,s91.752726854
125_101,s-4.073948322,s3.123113820,s206.871263123
125_102,s-2.409546640,s3.281379754,s258.361072262
125_103,s2.032226267,s3.367425688,s230.599366793
125_104,s2.835429988,s-0.084331084,s142.852656519
125_105,s5.436517082,s6.575559391,s215.548629923
125_106,s0.414086708,s4.944651311,s281.155690862
125_107,s-2.234789408,s4.101911986,s149.702342854
125_108,s-4.865620980,s6.951517160,s38.741599086
125_109,s0.871495412,s1.455178890,s182.165331611
125_110,s-2.645615990,s6.597739544,s82.953016403
125_111,s5.923593774,s4.409041652,s324.401146322
125_112,s1.933565907,s2.861366178,s28.711109859
125_113,s2.742886903,s6.189760254,s49.294953881
125_114,s4.306465991,s6.605979374,s178.470303625
125_115,s3.822749662,s-0.275628397,s16.804553338
125_116,s1.169595200,s6.788958724,s301.819362843
125_117,s-5.037794745,s5.598420567,s44.503001499
125_118,s5.623222253,s5.420396888,s153.940089853
125_119,s6.970143059,s1.494062427,s164.490907729
125_120,s-7.028196948,s6.849073911,s202.056767798
125_121,s1.003284426,s3.354199734,s278.062667255
125_122,s-6.727172652,s6.017069364,s117.213227989
125_123,s-1.346764652,s6.951517160,s151.263351876
125_124,s4.200476987,s5.659233292,s73.570397176
126_0,s-6.570537652,s-4.590891512,s94.362421250
126_1,s-4.925791454,s5.538925761,s166.108136678
126_2,s-0.629934474,s-4.200389534,s250.463317147
126_3,s-6.462082738,s-5.941172620,s162.531303072
126_4,s-5.271165394,s-4.075294306,s329.639030199
126_5,s-5.258937255,s-4.651057629,s326.343779556
126_6,s-0.922011774,s-3.531873800,s126.275556813
126_7,s-1.934287991,s-3.949425732,s102.443267858
126_8,s2.729780626,s-2.135951662,s284.989509549
126_9,s2.293232056,s-0.490935473,s70.574462505
126_10,s-0.653827833,s0.513175305,s126.421443298
126_11,s4.882037808,s-0.511547623,s153.848787812
126_12,s-3.029477922,s-3.247306556,s267.380876610
126_13,s-2.877316810,s-4.384269103,s69.044112219
126_14,s-3.006805637,s-6.672917012,s223.712059108
126_15,s1.373098241,s3.435137775,s50.832621386
126_16,s2.709651524,s-6.491704981,s72.429812653
126_17,s-2.470233359,s-3.180924076,s164.922854652
126_18,s1.436459317,s-4.587075201,s126.222925757
126_19,s1.642975675,s-2.865735933,s75.066561427
126_20,s5.254612264,s-3.362205743,s102.534586074
126_21,s4.172380814,s-0.436190088,s29.063436418
126_22,s0.460769783,s0.477913696,s52.548026604
126_23,s6.602511594,s-5.309703812,s286.836450189
126_24,s-6.553131624,s1.320624182,s226.531162390
126_25,s-3.335793242,s-0.936400040,s255.315351392
126_26,s-4.757752921,s-3.253614958,s7.316561034
126_27,s-6.588719735,s1.836505143,s359.922486931
126_28,s-0.623372389,s-1.668595418,s225.506851011
126_29,s-4.489064896,s-2.584798640,s200.233707803
126_30,s5.921248569,s0.709672995,s101.367984064
126_31,s0.026377143,s-2.912369460,s168.049286296
126_32,s1.775841608,s-1.162676332,s236.029505852
126_33,s1.429880970,s-3.742563573,s89.643755528
126_34,s5.653135925,s2.352728118,s193.751738469
126_35,s3.347004362,s-2.522958305,s344.250753745
126_36,s-1.667783748,s1.666184824,s196.087015147
126_37,s-0.079006734,s4.109610247,s172.972751908
126_38,s-4.100489336,s-4.102062580,s315.008213863
126_39,s-2.070248254,s-0.752825627,s100.171823124
126_40,s3.568341065,s0.456433002,s25.050469126
126_41,s-1.433937882,s4.955138947,s194.221569066
126_42,s-1.046366522,s-6.208091622,s20.170128789
126_43,s-0.383465540,s-0.688900675,s209.726066078
126_44,s3.334150602,s-0.700589077,s62.383581810
126_45,s3.989137713,s5.079806415,s18.163529941
126_46,s-0.919399393,s0.126239813,s267.329871965
126_47,s0.115454011,s-5.851447867,s85.708483296
126_48,s-5.805554717,s4.555525681,s140.085322285
126_49,s-4.988954713,s1.391285065,s250.127314544
126_50,s-1.140157030,s1.926928782,s139.234440867
126_51,s-0.319748821,s5.979782186,s50.091877583
126_52,s-4.545824406,s-0.056134518,s94.781582148
126_53,s3.678036109,s0.771012901,s24.431652828
126_54,s0.808786509,s4.446980149,s341.644648083
126_55,s3.220475929,s-0.162643627,s295.740639127
126_56,s-4.480394166,s2.586520503,s169.715420390
126_57,s4.607444655,s6.456356938,s94.922039311
126_58,s6.239263892,s0.400623022,s172.946194665
126_59,s4.696456700,s-1.650288224,s145.546027141
126_60,s-6.428700252,s-1.644360614,s185.407522123
126_61,s0.780889045,s1.424281500,s311.233487362
126_62,s-2.455009799,s-0.670893479,s309.947836207
126_63,s-6.028086957,s6.290499712,s234.512130213
126_64,s3.484188355,s2.373267330,s350.533863244
126_65,s3.357658100,s-2.148682319,s140.095107903
126_66,s0.260151687,s-4.124302252,s226.466646060
126_67,s-3.068447403,s2.468008955,s118.879973707
126_68,s2.636485829,s3.111601876,s285.137023005
126_69,s2.957434542,s6.162103082,s69.882394984
126_70,s3.281039725,s3.417837658,s0.938019884
126_71,s6.505259522,s-2.561997136,s241.370309621
126_72,s-1.499278692,s3.999412631,s38.899066415
126_73,s-2.325992722,s0.217758569,s155.969938824
126_74,s-3.625843797,s4.136075488,s35.031956047
126_75,s-6.318507598,s0.514871368,s142.149242563
126_76,s-0.794443253,s1.309994183,s300.462167467
126_77,s-4.741513569,s4.500058681,s144.798623918
126_78,s0.739464509,s2.907420907,s127.843614007
126_79,s6.680718686,s4.913199006,s305.423591520
126_80,s2.396135500,s0.345831552,s135.226696575
126_81,s6.635336823,s-0.963030306,s53.554996202
126_82,s5.779188420,s-6.578441233,s76.370398226
126_83,s6.553136887,s0.975044047,s356.786876401
126_84,s-5.419053836,s-1.204980888,s127.597260707
126_85,s-6.343069457,s4.112330354,s233.088492458
126_86,s-5.045777664,s6.458541961,s352.218043961
126_87,s-6.432834802,s5.091494246,s152.731469282
126_88,s1.459549398,s6.035176309,s313.987096878
126_89,s-1.010753922,s4.019391171,s187.462702128
126_90,s1.441037073,s2.467883272,s239.098728132
126_91,s0.903135172,s-1.205459364,s173.638541076
126_92,s3.421255027,s5.452401185,s192.505442205
126_93,s1.666956032,s4.801987816,s314.599112305
126_94,s6.074674533,s6.003300640,s69.655169801
126_95,s5.419702164,s3.588486447,s225.309756296
126_96,s-5.320599195,s5.941454748,s356.389148776
126_97,s0.443921428,s-2.637562950,s189.262737841
126_98,s-2.047850377,s5.514576695,s287.847406503
126_99,s6.580212215,s3.621831995,s293.771915031
126_100,s-2.627113816,s5.985537255,s169.494384437
126_101,s-6.465621162,s6.071027863,s79.212087853
126_102,s0.755004097,s3.959807215,s342.317664314
126_103,s5.453536325,s6.231853631,s120.787633027
126_104,s-6.476232855,s-3.301945523,s68.021808414
126_105,s6.715043387,s2.116581803,s154.118255650
126_106,s5.111477369,s2.337790539,s225.815699703
126_107,s5.135301025,s0.600546384,s305.627773918
126_108,s-2.733482813,s1.138957374,s100.654985822
126_109,s-4.273426825,s4.688017750,s31.436608929
126_110,s-3.168062829,s5.153142236,s256.731578276
126_111,s-5.871273698,s1.640779203,s28.220758916
126_112,s-0.206916502,s4.989767692,s316.407569104
126_113,s3.077448833,s4.320475320,s162.154333525
126_114,s2.489009188,s5.728443473,s271.025603900
126_115,s0.492773700,s6.226911323,s105.448749837
126_116,s-0.018818975,s5.742708735,s164.159438746
126_117,s2.713078325,s2.161206956,s241.962327941
126_118,s6.460378212,s2.563834057,s80.525037761
126_119,s6.152568448,s-1.643513831,s219.005662494
126_120,s-2.002320891,s4.831872473,s204.282540526
126_121,s-2.960225252,s6.481837301,s161.210940406
126_122,s-3.592108815,s0.331681105,s203.162736314
126_123,s6.614812889,s6.218632642,s82.530809147
126_124,s-5.465718376,s3.463044854,s121.511110795
126_125,s-1.914903034,s6.357976215,s297.366272784
127_0,s-6.227628335,s-3.347409004,s319.576739132
127_1,s-3.853263574,s-3.460365375,s178.778979082
127_2,s-4.640258245,s-2.681840690,s151.155571118
127_3,s-2.817514401,s-6.013025501,s170.056958880
127_4,s-6.186912913,s-2.411444636,s138.358140488
127_5,s2.329141739,s-4.881464103,s274.477860080
127_6,s-0.123150971,s-4.541585434,s70.852910982
127_7,s-1.851996883,s-1.107459912,s13.095707763
127_8,s-1.625664157,s-4.432299391,s304.036444934
127_9,s5.417272570,s-6.137428724,s78.971157222
127_10,s6.081409777,s-4.849933993,s15.589438660
127_11,s2.822590796,s-2.609356124,s149.045199795
127_12,s-4.038659682,s1.290006721,s264.649985019
127_13,s-2.015690668,s1.976008406,s263.323932020
127_14,s-5.408050325,s-5.359702846,s354.061644251
127_15,s-2.673034157,s-3.165868403,s210.550256805
127_16,s-5.489669038,s0.380481599,s199.983403838
127_17,s5.986203505,s-3.273329481,s234.253289250
127_18,s-2.072141370,s-6.249900404,s297.908061403
127_19,s1.895210257,s-5.989320017,s322.091509722
127_20,s4.081294661,s-3.230500928,s190.341364465
127_21,s6.059140950,s5.035251911,s225.950837006
127_22,s4.053263184,s-4.499447338,s51.856830902
127_23,s3.467594584,s-3.128712857,s13.489444699
127_24,s-3.917684122,s-2.355161782,s348.284125808
127_25,s-5.925978914,s-5.906680855,s91.351161833
127_26,s4.530674456,s-1.854619089,s246.828966419
127_27,s-5.376223275,s4.452550827,s57.975871742
127_28,s-0.891195916,s4.916406137,s10.342119805
127_29,s3.548375130,s5.582814686,s248.617744650
127_30,s1.530907052,s3.412414037,s219.768546753
127_31,s-3.868663406,s1.907659468,s92.156585663
127_32,s-0.189909463,s-2.975362545,s104.498419427
127_33,s5.088918538,s1.391916997,s103.791438202
127_34,s1.475223741,s2.308535243,s150.133110275
127_35,s3.489049309,s-2.100205289,s316.902201443
127_36,s4.136484770,s-1.160305318,s234.238668820
127_37,s1.772629958,s-0.849531567,s240.561828134
127_38,s-0.183785487,s2.438008893,s334.507510211
127_39,s0.137432032,s1.279041917,s346.544144448
127_40,s1.982205542,s-3.383140559,s288.126818369
127_41,s0.768031212,s-4.630701668,s215.728403104
127_42,s4.334690264,s0.012095478,s259.264333824
127_43,s3.558715194,s-5.009217868,s103.869466575
127_44,s-4.445314212,s-4.875387755,s317.888658829
127_45,s4.635973123,s2.338323189,s271.373655485
127_46,s0.799681023,s1.885141469,s312.790775585
127_47,s5.624356809,s-4.414154824,s346.122250395
127_48,s-5.023555406,s4.064954954,s163.576808138
127_49,s-4.524823723,s-4.215330946,s173.747395180
127_50,s0.410985400,s-0.534052998,s48.829787561
127_51,s-5.411417071,s3.171953471,s109.842850761
127_52,s-0.467562157,s0.332911751,s238.666361543
127_53,s-2.576835216,s-3.866580660,s272.535168722
127_54,s-0.707382541,s-0.567732359,s343.034636564
127_55,s0.136151738,s-6.106842134,s132.886152584
127_56,s4.413409724,s-2.519764307,s183.694647785
127_57,s6.044198040,s-1.334386283,s238.424185964
127_58,s1.917203534,s2.774464906,s99.648649326
127_59,s5.329536611,s-1.062563397,s150.999723351
127_60,s-6.239379778,s4.894486660,s234.222466289
127_61,s-6.131819580,s0.838101889,s195.776456838
127_62,s2.602550658,s4.681629249,s228.746640047
127_63,s-4.605907048,s1.657341097,s284.046183470
127_64,s-5.834773104,s1.999336159,s158.627019948
127_65,s-2.834603253,s5.190529265,s314.173362777
127_66,s3.967320868,s1.786340404,s318.205735685
127_67,s-0.514691079,s4.438890267,s253.995864674
127_68,s0.443116068,s-0.666240974,s125.001947274
127_69,s3.529721808,s0.939478406,s31.430007005
127_70,s1.698865124,s-0.482688324,s294.369084865
127_71,s4.535474008,s-0.209266266,s55.907679395
127_72,s-0.134935477,s-3.671367610,s144.250999949
127_73,s-4.452085549,s2.856348623,s204.352945117
127_74,s0.978289806,s4.767188554,s344.892691586
127_75,s1.660948663,s5.053870896,s37.201425538
127_76,s6.004665411,s3.327613591,s300.467060732
127_77,s-3.307444560,s0.575211197,s323.384512889
127_78,s1.624440325,s-2.025585035,s196.828203755
127_79,s2.364462543,s4.311137911,s254.403626044
127_80,s-5.006110117,s2.967817839,s185.034722117
127_81,s4.506390839,s5.342577131,s321.721008566
127_82,s5.758485934,s4.094376737,s249.887335927
127_83,s5.586047702,s1.150841725,s127.157513628
127_84,s-0.003940358,s1.274255778,s27.991019865
127_85,s-3.801619431,s5.768239838,s181.389798820
127_86,s-5.509486075,s-4.086973233,s325.227496243
127_87,s-2.935881286,s-2.111381946,s337.009430586
127_88,s5.337743226,s-2.233771162,s84.742078070
127_89,s-2.092101951,s5.436550534,s137.571008527
127_90,s-0.381506914,s6.084214517,s26.363655833
127_91,s-5.513437766,s-0.769190738,s316.521952977
127_92,s-2.277539350,s-0.175542260,s206.255158862
127_93,s1.641838731,s1.728936326,s261.651534397
127_94,s2.634352078,s5.645496411,s95.088623381
127_95,s0.222543080,s0.465135362,s186.746540520
127_96,s-5.321324863,s4.038193633,s46.651649762
127_97,s-1.554420434,s4.706538989,s182.267826175
127_98,s-1.584626273,s3.655531978,s109.843539659
127_99,s6.051452790,s5.812766495,s224.334118458
127_100,s1.192418239,s5.932435765,s342.963109154
127_101,s-6.010662251,s3.356790266,s329.754697394
127_102,s3.758985453,s4.981479584,s252.202416398
127_103,s2.328782933,s4.076499378,s346.340665931
127_104,s-1.057916534,s4.568000343,s214.678701003
127_105,s4.082698334,s5.162800848,s29.059694587
127_106,s0.275187626,s-2.435813687,s195.822434776
127_107,s4.364556193,s3.062942253,s301.485214084
127_108,s-5.116636940,s5.670473599,s128.298964536
127_109,s-0.621378045,s3.392243888,s291.990708228
127_110,s-5.798421235,s6.098162567,s254.897556095
127_111,s-1.046937119,s1.440230680,s57.853520770
127_112,s-1.422740596,s5.590994595,s66.559162471
127_113,s-4.169901492,s3.199300365,s25.203249739
127_114,s5.724409541,s2.159409580,s85.802601481
127_115,s2.865893860,s-4.070789650,s329.807464441
127_116,s5.004092335,s6.107644467,s71.448530686
127_117,s0.522810906,s5.988376937,s134.057865145
127_118,s0.206209640,s3.069665224,s287.508972998
127_119,s4.232294417,s3.760911058,s328.878163295
127_120,s2.027899776,s3.632126622,s232.859953634
127_121,s-3.039008980,s6.003371448,s46.100086630
127_122,s-3.940983191,s4.161911362,s262.922308384
127_123,s-1.778130827,s6.083300891,s251.254671169
127_124,s-2.697736075,s4.345950524,s112.054057312
127_125,s-0.629410769,s2.784077779,s39.727426005
127_126,s5.535417144,s0.340396803,s25.887143780
128_0,s-5.479246479,s-3.774646174,s97.369405440
128_1,s3.239469016,s-6.685962719,s318.066045008
128_2,s-1.794556255,s-5.738239201,s132.386386564
128_3,s-5.091349833,s-5.762312419,s214.864231913
128_4,s-4.450223326,s-6.840323123,s233.327111374
128_5,s-1.790024874,s1.892859179,s39.039155120
128_6,s-5.777597233,s-1.829137142,s20.422575267
128_7,s-1.795499872,s2.368318365,s163.183524935
128_8,s1.548352829,s-2.425202209,s119.229881964
128_9,s6.641182151,s-7.136686400,s321.459765900
128_10,s6.746594923,s-5.502450240,s266.317005826
128_11,s3.561254944,s-4.180144805,s54.633367011
128_12,s-4.682367101,s-2.617817688,s97.326575464
128_13,s-3.915152558,s-1.737785092,s324.144971413
128_14,s2.662690759,s-3.139567014,s64.589953178
128_15,s0.777933583,s-5.493741920,s345.726318247
128_16,s1.497617631,s-6.576796728,s228.904437973
128_17,s-3.767612312,s-0.866843225,s244.271573967
128_18,s-0.980309381,s0.956997807,s171.681295832
128_19,s4.243889487,s0.288841640,s44.619081615
128_20,s-1.503508796,s-3.402741162,s178.473488011
128_21,s3.764369288,s-4.517204273,s85.082489913
128_22,s4.877236386,s-3.907364938,s254.480992725
128_23,s5.256325426,s-6.339441619,s209.783812135
128_24,s-5.016144611,s-2.139350349,s29.838029610
128_25,s-3.908933991,s2.584591402,s218.476171766
128_26,s0.246864876,s-1.356241727,s258.657771910
128_27,s-1.889120618,s0.178301909,s306.017512154
128_28,s-3.156711698,s-2.502915899,s190.034871925
128_29,s0.420361928,s5.260305810,s212.702868561
128_30,s-0.336946285,s-4.825392617,s258.560603312
128_31,s2.269935271,s-1.348383425,s19.985579802
128_32,s-3.982306909,s-4.034007162,s93.870960461
128_33,s1.768546522,s-5.004167758,s137.102723093
128_34,s3.237739420,s6.080650459,s349.398358842
128_35,s4.978799583,s-0.273327410,s326.347437717
128_36,s-6.412032713,s0.667619825,s50.949393359
128_37,s-6.896131299,s-6.473445291,s190.381578554
128_38,s-3.855607228,s0.574472082,s233.792737122
128_39,s-2.829671951,s-0.129567739,s332.246881589
128_40,s-2.802517892,s-1.713463675,s209.535433880
128_41,s-6.186564537,s4.964053208,s159.506291110
128_42,s-4.813773847,s-0.109856767,s119.659970270
128_43,s0.944497683,s-4.188997913,s177.203821524
128_44,s1.740645653,s0.562276382,s203.785047721
128_45,s5.167906748,s0.629271208,s7.306378386
128_46,s5.011313110,s-5.466913313,s191.826541888
128_47,s6.408812045,s-1.724752714,s89.395323164
128_48,s-6.566395703,s-2.018137337,s9.687337014
128_49,s-3.923776889,s4.288719806,s82.439554812
128_50,s-3.318774585,s4.878823849,s244.112329208
128_51,s1.255314376,s5.592506644,s52.383266004
128_52,s-0.012515777,s-6.300935829,s100.325692256
128_53,s1.073863549,s4.383722011,s47.104692882
128_54,s1.296274810,s-2.984969918,s141.766148128
128_55,s6.596519307,s1.006680993,s346.718305748
128_56,s-1.275080460,s3.091746664,s23.382259750
128_57,s6.965778809,s2.238379337,s296.968773730
128_58,s5.485039154,s4.911693867,s301.424893789
128_59,s6.936096148,s-0.794740993,s347.037889025
128_60,s-6.439761765,s-0.322067355,s294.979729853
128_61,s-4.762926424,s4.460618773,s279.967099479
128_62,s-6.737546789,s3.334179227,s213.116020947
128_63,s-0.282542635,s6.293131113,s123.768665467
128_64,s-6.879631644,s6.417845904,s49.476936832
128_65,s4.886109480,s-2.572330496,s170.409511479
128_66,s6.934556883,s-2.677296009,s58.004390677
128_67,s3.486123593,s0.898135170,s123.342350616
128_68,s4.365795628,s6.396803904,s201.655114238
128_69,s7.040433770,s-0.000007649,s338.157017666
128_70,s6.579258511,s4.692422652,s344.368634546
128_71,s0.975780815,s2.420682370,s78.213065333
128_72,s-6.884741602,s3.500403010,s83.001962909
128_73,s-2.662538504,s3.521523048,s221.512148247
128_74,s-0.719104648,s3.933372239,s348.829330158
128_75,s-2.390893562,s6.493033636,s198.610966617
128_76,s-5.578169929,s3.109612416,s53.398353544
128_77,s-0.242214642,s-2.433822269,s258.965642109
128_78,s1.521341717,s6.536157962,s122.606795062
128_79,s1.682522149,s5.165041534,s327.022994454
128_80,s1.376233453,s-1.589102835,s226.038420695
128_81,s3.459603211,s-0.274287551,s187.493096189
128_82,s4.990152155,s1.760026230,s89.257721243
128_83,s6.992274570,s1.642513187,s139.751689104
128_84,s-1.357404149,s6.558689126,s332.367314136
128_85,s-6.874613710,s-4.984537950,s105.833917871
128_86,s1.727972694,s-0.298827057,s114.557278331
128_87,s-4.381883863,s-0.429999998,s343.865054272
128_88,s-2.473835962,s-2.922735945,s207.586261271
128_89,s4.670617391,s2.476750691,s5.652177127
128_90,s3.098892976,s1.019696898,s58.164671283
128_91,s3.411902463,s-1.315708642,s21.924542513
128_92,s-0.056519639,s3.240344683,s109.633772363
128_93,s4.613084472,s5.600304274,s138.282321223
128_94,s3.666842272,s3.157901193,s37.480571667
128_95,s4.600770485,s-0.958080829,s303.007582306
128_96,s-6.837275239,s4.783206717,s262.430966133
128_97,s0.142591634,s2.338118322,s156.905105381
128_98,s-6.155107469,s5.941985422,s37.068444156
128_99,s2.565211840,s6.511829917,s266.852957203
128_100,s2.785138715,s5.309718151,s202.383708508
128_101,s1.471377859,s0.061354654,s248.267233292
128_102,s-5.044640811,s3.650022917,s146.746879889
128_103,s-2.206658740,s3.914795254,s141.860678731
128_104,s3.584759714,s4.128736811,s41.248340166
128_105,s5.265894656,s5.382457826,s19.191651169
128_106,s4.972874723,s1.318931993,s221.882151593
128_107,s5.666769286,s6.123145187,s22.646969030
128_108,s-3.212758694,s5.462485026,s197.326531337
128_109,s2.422208582,s5.050215772,s200.161730277
128_110,s-3.518552027,s0.979846242,s161.725513518
128_111,s2.561977910,s2.250458588,s230.243468501
128_112,s-4.161871633,s6.435449817,s211.313877017
128_113,s-1.735097597,s4.866889444,s232.306180722
128_114,s4.370814935,s5.065293193,s39.566892870
128_115,s2.673353279,s3.909142655,s329.896787597
128_116,s0.244172330,s6.488900911,s106.331722182
128_117,s6.495184184,s6.563485307,s8.470480307
128_118,s7.004690139,s5.908005070,s17.051643610
128_119,s5.994454712,s3.417255159,s65.819599458
128_120,s-3.992593265,s5.487081296,s22.706022264
128_121,s-6.178092683,s2.928452281,s304.477548872
128_122,s0.517551466,s4.264043648,s36.281533370
128_123,s-5.816887068,s5.848486875,s42.556659190
128_124,s-2.756407225,s4.780990897,s180.756197572
128_125,s-2.097734171,s5.984927135,s273.366061745
128_126,s4.581997607,s4.703377156,s143.318985013
128_127,s6.228047329,s-0.344109082,s90.555635234
129_0,s-6.556892019,s-3.545232668,s357.815379824
129_1,s-6.791391582,s-2.503494081,s221.190196958
129_2,s-4.090924323,s-5.804865232,s191.440791547
129_3,s-6.139841276,s-6.347449986,s21.246769545
129_4,s-4.182111218,s-5.234298914,s218.564835440
129_5,s-3.080420610,s-4.417482806,s141.474647071
129_6,s-0.549818913,s-5.235214557,s246.179584125
129_7,s-0.044487592,s-6.635542271,s328.806661786
129_8,s3.533930117,s-5.554727348,s273.651264052
129_9,s-1.039118626,s-2.591524454,s142.552401820
129_10,s4.201985096,s-4.696724038,s56.636230098
129_11,s4.795911721,s-6.444554569,s170.312026562
129_12,s-1.911462673,s-2.560155990,s99.663793220
129_13,s1.994979239,s-4.380268733,s273.083759632
129_14,s1.064514991,s6.570130659,s200.658692593
129_15,s-3.049487685,s-3.808300024,s60.702991358
129_16,s3.141783639,s-0.126498240,s337.421288879
129_17,s1.288347378,s-6.616138097,s245.906389191
129_18,s-2.273608266,s-6.484587144,s145.567383318
129_19,s4.243431002,s3.518583663,s308.138187904
129_20,s4.061627220,s-2.602994832,s240.543251206
129_21,s6.010771313,s-2.027365988,s263.767482314
129_22,s6.435826078,s6.660973702,s218.168230262
129_23,s6.500595722,s-3.420480398,s358.133132287
129_24,s-4.316118757,s-2.815785089,s82.280612914
129_25,s-2.583377396,s1.060962125,s159.326395650
129_26,s-2.611906395,s1.586984082,s103.708314730
129_27,s-4.696277093,s0.988963042,s193.456387433
129_28,s-6.513228494,s1.138428649,s156.580595879
129_29,s1.602497659,s-1.628466104,s344.547570104
129_30,s2.873020267,s-1.285406393,s215.949390398
129_31,s-3.064312439,s1.074409246,s47.027073977
129_32,s4.357586127,s-1.261888566,s81.261653445
129_33,s-0.643658122,s-5.578266143,s71.924325603
129_34,s5.573598305,s-4.538753251,s209.824352635
129_35,s2.648680243,s4.499783348,s107.589759196
129_36,s-6.351697123,s0.071114387,s194.621821537
129_37,s-5.161239339,s-1.814141752,s79.461164520
129_38,s-4.042900873,s4.504062723,s12.395285543
129_39,s-6.122224713,s-3.188142594,s188.974661464
129_40,s-2.689813944,s2.239862028,s46.642175013
129_41,s-1.997869833,s6.660973702,s206.133736818
129_42,s2.277122588,s-6.209438191,s155.052598134
129_43,s5.370217186,s-3.388040220,s56.031509577
129_44,s-1.853295259,s0.037511584,s91.386770067
129_45,s2.932283199,s-3.934405491,s161.390827219
129_46,s6.083476263,s2.822050866,s269.374729829
129_47,s5.136521124,s-3.819045521,s316.523932378
129_48,s-3.278128053,s-2.028003654,s28.626516471
129_49,s0.340753467,s6.415455146,s298.426096408
129_50,s-5.494290587,s0.672374516,s77.592031408
129_51,s1.123850051,s-0.836559816,s314.233454679
129_52,s-3.679612397,s-0.869794736,s194.005273095
129_53,s0.948685402,s0.068316775,s336.055505379
129_54,s0.493261196,s-0.449494747,s60.949144134
129_55,s-4.145228178,s0.365467286,s33.503423928
129_56,s0.437132495,s6.087546161,s201.667702083
129_57,s-1.949586788,s-4.925865991,s145.551582142
129_58,s-6.640809290,s-1.559767947,s22.952470878
129_59,s6.328172928,s-0.226629247,s290.015078790
129_60,s-5.063753780,s3.054795351,s97.380836295
129_61,s2.516263445,s2.060645418,s251.741034466
129_62,s1.959919132,s2.616849469,s357.435726070
129_63,s-4.496012174,s-4.192192193,s181.285371620
129_64,s0.070016864,s0.840077727,s147.336613195
129_65,s-0.946785131,s4.905262870,s177.715210533
129_66,s-1.837919873,s3.877164479,s171.768504905
129_67,s6.423173218,s3.925597557,s146.863970322
129_68,s-1.076893664,s1.275470788,s10.126941002
129_69,s3.681218155,s3.589017523,s185.843906310
129_70,s4.931200955,s-1.069741829,s202.385371656
129_71,s1.349020897,s-2.754278217,s221.509761482
129_72,s4.252258230,s5.637616360,s330.417825284
129_73,s-4.913916901,s2.125533613,s234.474956608
129_74,s-5.680668647,s2.345803681,s317.524382168
129_75,s-1.232167391,s2.447324199,s115.222403694
129_76,s-5.566148328,s-0.467487402,s55.237619362
129_77,s0.492628814,s4.339815701,s143.882767236
129_78,s1.294778648,s0.090601988,s221.137050809
129_79,s4.252933258,s4.350746979,s349.248018337
129_80,s5.246254796,s1.284425213,s223.928902869
129_81,s4.937125783,s6.359144880,s167.445374456
129_82,s-2.102055875,s3.758752513,s127.401518727
129_83,s1.643039758,s3.679284088,s84.663276005
129_84,s-5.950340987,s6.001499204,s167.550676343
129_85,s-3.891311309,s5.412752144,s82.534356820
129_86,s-4.066871070,s1.641848506,s88.098055576
129_87,s-1.062650625,s-3.505788007,s342.460564353
129_88,s0.408953903,s0.287480678,s136.833314247
129_89,s3.344200000,s1.595162295,s59.578012638
129_90,s-3.824204973,s0.973755941,s128.588741853
129_91,s3.433776832,s3.443360966,s312.813286677
129_92,s4.609632859,s5.953801406,s115.809872211
129_93,s5.157384689,s-0.633708163,s104.585610300
129_94,s-0.447707929,s-3.991484821,s121.501954596
129_95,s1.092724887,s0.835687213,s34.949247748
129_96,s-2.527101476,s2.651074827,s353.350825471
129_97,s5.347903313,s2.017412020,s6.570509222
129_98,s-2.356917519,s5.285268997,s294.351157838
129_99,s1.975792332,s5.679894765,s335.687165397
129_100,s6.099678505,s0.685637441,s170.629931807
129_101,s-0.752933758,s4.884160654,s110.110836854
129_102,s0.015789807,s3.021585129,s1.293326733
129_103,s-2.474779162,s-5.723043300,s61.863679312
129_104,s-6.323422779,s4.969466383,s237.985092342
129_105,s6.215938748,s5.236425020,s129.735221908
129_106,s-3.492322290,s4.834686742,s280.942715899
129_107,s5.346685007,s2.478073211,s172.876191574
129_108,s-5.391303946,s5.873882669,s124.868498311
129_109,s-6.742524781,s4.019463681,s195.463479036
129_110,s-3.120605912,s6.537016061,s102.379863370
129_111,s2.377745191,s1.607099275,s164.974432222
129_112,s-4.506326908,s6.238926041,s45.953093326
129_113,s-5.774104194,s3.496038120,s151.336147334
129_114,s-0.682434274,s1.990940698,s310.874560162
129_115,s5.413221041,s1.875068496,s239.229974337
129_116,s3.855680002,s4.984470291,s325.430371049
129_117,s6.298243334,s6.333447388,s308.375396974
129_118,s6.314448997,s3.298883393,s338.896189685
129_119,s5.251527401,s5.154527187,s336.305539397
129_120,s-4.822293885,s5.316755545,s252.479205947
129_121,s-0.388775076,s5.972605221,s177.877561350
129_122,s-6.739445134,s6.160187188,s213.104499229
129_123,s0.970027725,s-1.751025816,s342.299528034
129_124,s-5.647820742,s4.635660733,s102.937867531
129_125,s5.163771553,s4.510408299,s174.479225972
129_126,s5.974746940,s6.463892545,s15.936551487
129_127,s-6.622830794,s6.583822496,s225.989785601
129_128,s-1.671062730,s3.238490762,s268.998216812
130_0,s-6.857355026,s-5.277970650,s357.451998572
130_1,s1.449679754,s-5.149848878,s14.229471235
130_2,s-1.594869810,s-4.432483865,s137.579005965
130_3,s-4.784520006,s-0.398073109,s294.463513254
130_4,s2.805086312,s-4.238197545,s118.508682209
130_5,s-0.282978156,s-5.821875904,s282.945651618
130_6,s-1.287512235,s-2.029040253,s152.374075212
130_7,s-2.184953529,s-4.408575594,s333.574627767
130_8,s5.103263685,s-4.613054847,s328.180469798
130_9,s1.608253836,s-1.327587859,s349.495869633
130_10,s3.454449917,s-1.159161954,s263.773362183
130_11,s5.529828275,s-6.415738221,s285.599251735
130_12,s-5.334978627,s-4.009868463,s300.796614431
130_13,s-5.293623055,s-4.631488741,s87.378060081
130_14,s-3.111501589,s-6.370896076,s36.115414328
130_15,s-4.374790259,s1.020743120,s136.006954833
130_16,s3.519532600,s-5.219707203,s148.749496133
130_17,s-3.922466240,s3.457153179,s264.800350675
130_18,s0.334093062,s1.264947236,s59.230208831
130_19,s4.700500051,s-6.672442814,s226.750192958
130_20,s-1.826490698,s-2.031498286,s44.520611282
130_21,s1.828099046,s5.847514326,s198.395624354
130_22,s6.517381509,s-1.966212383,s139.959933229
130_23,s6.588070890,s-5.580487716,s230.684842710
130_24,s-3.410028779,s-4.499790695,s290.712004748
130_25,s-6.763713023,s2.888854065,s7.976623304
130_26,s-4.196650888,s-6.708241460,s198.091336201
130_27,s-6.502051122,s-2.036441375,s218.275879813
130_28,s-0.956405253,s1.386886800,s326.737930084
130_29,s-2.989034564,s-2.091073518,s291.663343186
130_30,s3.536434590,s-3.195996432,s347.474358933
130_31,s-0.622208933,s-2.406665460,s134.823829440
130_32,s1.715433202,s-3.310528842,s268.272213409
130_33,s4.059036861,s-3.327963074,s177.662240083
130_34,s2.563742745,s-2.759111262,s273.913078188
130_35,s5.669569842,s-3.658139617,s320.374488850
130_36,s-4.003763205,s0.656746762,s220.020470159
130_37,s-2.582117033,s3.872369551,s251.031825886
130_38,s-0.146883221,s4.540260618,s243.230313272
130_39,s-1.388787725,s-5.274982497,s128.792238104
130_40,s-1.000485687,s-0.562596664,s289.394806770
130_41,s-6.746809575,s3.926894746,s295.089286878
130_42,s3.134215051,s0.861348391,s158.813315597
130_43,s-3.328653467,s-2.995990243,s148.338973902
130_44,s0.750880681,s-2.023641643,s40.472791555
130_45,s5.213820355,s1.221380093,s332.964771161
130_46,s0.220719830,s-4.055831597,s236.839515117
130_47,s6.335357354,s-0.106171401,s89.062538232
130_48,s-2.268641884,s0.469229387,s14.429171104
130_49,s-5.331174413,s0.080688941,s81.883082043
130_50,s-3.863784675,s-5.716957517,s126.608161100
130_51,s3.662620012,s0.205939106,s298.691839225
130_52,s3.020510174,s0.917161269,s12.897341818
130_53,s4.221222566,s3.308098061,s276.942642496
130_54,s1.854895327,s0.359120047,s94.273106785
130_55,s3.269182059,s2.937468491,s8.378328732
130_56,s6.511662218,s-4.516557398,s201.173527680
130_57,s5.672828905,s4.543776685,s119.705635942
130_58,s5.806481568,s0.910682050,s36.025922799
130_59,s3.682820561,s2.066385543,s336.870895014
130_60,s-5.507312600,s-2.192043688,s131.098128959
130_61,s0.824442283,s5.717093034,s351.982828412
130_62,s-4.533428029,s3.988626292,s238.603014415
130_63,s-0.162691031,s-1.255937122,s6.393579464
130_64,s0.262408140,s3.819853412,s198.712415422
130_65,s-1.719151066,s-0.859546612,s32.377039992
130_66,s-0.258010465,s-0.082696557,s167.410971028
130_67,s-3.289957322,s-0.133855911,s49.374280072
130_68,s2.667545349,s3.921175041,s243.815987293
130_69,s6.608061929,s6.423287495,s133.977302457
130_70,s2.503593321,s5.210664315,s247.679497174
130_71,s5.229083491,s2.147641297,s68.013513695
130_72,s-6.827974587,s5.798670248,s173.719788607
130_73,s-6.599115016,s0.158915691,s305.946947699
130_74,s-0.631560678,s0.429264682,s51.566267034
130_75,s-2.597951363,s2.815373562,s54.565959244
130_76,s-1.740042269,s6.313983235,s21.123132561
130_77,s-4.802916408,s5.681362391,s108.814641510
130_78,s4.849286188,s6.629923641,s309.790815629
130_79,s4.339511628,s3.196653057,s85.875603472
130_80,s0.344331371,s0.464768832,s342.409794034
130_81,s2.765293411,s5.685748937,s233.611330527
130_82,s1.285151954,s4.797504170,s298.578353407
130_83,s2.625395485,s3.223703496,s82.913157259
130_84,s-3.612937393,s6.284839277,s358.237581523
130_85,s0.930765084,s6.184977405,s137.529488627
130_86,s-4.136023780,s4.881492764,s122.191770147
130_87,s1.725070319,s3.325487724,s174.151190145
130_88,s-0.919553855,s-3.370684336,s273.743187185
130_89,s4.782851279,s5.994502485,s232.634157924
130_90,s-6.619731497,s1.338962847,s216.407273051
130_91,s6.386503136,s2.257584071,s142.841955454
130_92,s2.980648086,s6.614207395,s31.988844906
130_93,s5.375424253,s4.127412698,s41.095783282
130_94,s4.973927283,s-2.321359140,s211.446335154
130_95,s1.634862110,s2.716677973,s236.562938355
130_96,s-1.488396274,s6.711617889,s341.145477117
130_97,s-2.916858701,s1.974111285,s145.301525894
130_98,s-2.364944011,s0.364775472,s137.871384512
130_99,s-0.689500480,s3.353909004,s142.750899099
130_100,s-4.401765027,s6.660156423,s187.125568452
130_101,s-5.289014731,s2.790804341,s269.338570475
130_102,s1.440339261,s6.725802643,s197.358686140
130_103,s-4.042411916,s2.527969290,s311.035649777
130_104,s-3.112938604,s6.725802643,s186.414470447
130_105,s4.573571719,s4.404411281,s30.752749072
130_106,s5.047033839,s2.331207449,s259.174178291
130_107,s1.687494582,s2.077933049,s296.477175607
130_108,s5.118073813,s1.692468447,s46.033493785
130_109,s-6.857510712,s5.633871680,s268.174133899
130_110,s-6.477286633,s2.351988469,s221.735012887
130_111,s0.709199070,s1.585192391,s179.575478768
130_112,s5.198699326,s-0.007752480,s328.234417339
130_113,s-0.883453079,s3.400854330,s216.252519887
130_114,s-5.478016026,s1.078453868,s149.851314313
130_115,s-0.485845654,s6.071756442,s178.317370109
130_116,s1.140098622,s5.185023217,s60.740146899
130_117,s4.057742046,s3.256391753,s308.473609242
130_118,s5.757580610,s6.711125660,s32.601414127
130_119,s4.964567392,s6.725802643,s226.499316458
130_120,s-6.119483491,s4.653785204,s356.358237369
130_121,s-6.233913826,s6.128969398,s291.583222536
130_122,s-5.453596806,s5.830729789,s252.266955905
130_123,s-5.991367636,s6.632642134,s292.904488036
130_124,s-2.683196865,s6.183127945,s217.184070382
130_125,s1.491973992,s4.213819345,s330.283914039
130_126,s-0.650189381,s1.579875606,s75.041976753
130_127,s-0.325911263,s6.675607736,s36.429891982
130_128,s3.421162996,s4.386295557,s197.361618288
130_129,s6.528112515,s3.982268109,s27.571517714
131_0,s-6.337842837,s-4.210574126,s75.270064799
131_1,s-4.864582953,s-6.668811733,s346.850323400
131_2,s-1.876931761,s-4.732368869,s175.290353110
131_3,s-3.504421247,s-5.343620977,s80.209932081
131_4,s-4.164212659,s-5.338567517,s172.491071002
131_5,s0.961972431,s-5.765591923,s239.630876608
131_6,s-6.434111153,s-1.714636030,s107.945905436
131_7,s5.526030003,s-5.628367237,s43.223922447
131_8,s0.036179427,s-5.942218034,s244.583612884
131_9,s0.556881029,s-4.187074963,s195.442655895
131_10,s6.198703612,s-6.645879592,s298.510736234
131_11,s2.998617884,s-1.542949219,s139.770037057
131_12,s-4.197373847,s1.743648982,s47.698300359
131_13,s-6.424442148,s0.062979531,s222.808969520
131_14,s-0.973002445,s-1.598415991,s159.024143001
131_15,s-0.253859562,s-3.118447448,s89.245369509
131_16,s-3.619519981,s4.049279045,s131.905813568
131_17,s-3.089663362,s-3.915170438,s4.544994756
131_18,s-2.207185243,s4.024450252,s99.096749296
131_19,s0.283358907,s-2.307113480,s128.330094216
131_20,s1.961496239,s5.304860365,s223.657703322
131_21,s5.945585102,s-6.198972465,s4.088589435
131_22,s3.410462795,s-2.553031151,s260.705509671
131_23,s-3.698169531,s-0.924836524,s236.871969810
131_24,s-6.310974385,s-0.830388134,s344.871002725
131_25,s-5.746355647,s-5.843071785,s161.335309899
131_26,s-4.384163320,s-4.907001099,s169.976472753
131_27,s-6.069844006,s0.953965932,s356.852043668
131_28,s-2.594086056,s-4.290297320,s15.608451341
131_29,s-2.495455443,s-6.259098531,s58.734058368
131_30,s2.143159654,s2.175300045,s265.215911862
131_31,s1.731127542,s-4.736491272,s319.859394740
131_32,s-2.773965917,s3.335580703,s204.392685323
131_33,s4.857114353,s3.851324276,s164.893286200
131_34,s5.160576447,s2.038029229,s287.503243210
131_35,s4.699417957,s0.985426722,s93.267253938
131_36,s-4.490674990,s3.375966596,s156.229500729
131_37,s3.177046387,s-0.424922041,s120.690143369
131_38,s2.443849643,s-6.266474423,s48.711221415
131_39,s-3.520128850,s4.657741439,s101.005476185
131_40,s-2.575640460,s-2.505906795,s96.324583223
131_41,s4.473294413,s4.259572354,s192.122150835
131_42,s0.800994900,s5.477591836,s101.583713694
131_43,s4.571004399,s-4.654847840,s10.497727711
131_44,s5.801213112,s0.369301264,s14.777760880
131_45,s4.344171536,s-4.226776279,s133.219330139
131_46,s3.292671373,s-6.474050292,s258.978814291
131_47,s6.108979376,s1.897593221,s8.026025554
131_48,s-5.758126273,s2.004816191,s189.137340158
131_49,s-4.873536414,s-1.007069419,s71.319101588
131_50,s1.422845126,s-1.952278230,s172.825916747
131_51,s-5.501170744,s-1.931542104,s33.169401630
131_52,s1.528103310,s-1.608899200,s80.473153297
131_53,s-3.400051477,s-0.403116383,s49.839105339
131_54,s4.561775008,s4.697122635,s82.799323467
131_55,s4.215451652,s2.469866619,s237.458897244
131_56,s2.425449110,s-3.267940680,s33.027404913
131_57,s5.612869158,s-3.527375684,s295.207595664
131_58,s-2.213522699,s-3.879335505,s72.167947173
131_59,s0.387698068,s5.233973751,s64.711929850
131_60,s-0.770936537,s5.183846140,s245.199827580
131_61,s-6.384465942,s2.722789247,s200.191628151
131_62,s-3.792398772,s-1.478713413,s311.227198836
131_63,s2.847518361,s3.225030674,s93.964361804
131_64,s-3.998105877,s1.242297739,s320.085861569
131_65,s0.417882859,s2.106318575,s177.801616084
131_66,s-4.564293660,s6.151259259,s184.533804378
131_67,s0.710022340,s2.827936423,s0.599648512
131_68,s-5.911291240,s1.783608257,s331.754526434
131_69,s3.061176395,s0.762123193,s60.703045503
131_70,s3.742864410,s5.418189943,s117.543570240
131_71,s5.616105225,s4.424900591,s251.667245542
131_72,s-6.322472963,s1.710542116,s41.910546959
131_73,s-1.144513551,s1.303759811,s227.639557291
131_74,s-6.111579663,s4.916306577,s326.562672346
131_75,s-6.038405688,s5.330953879,s333.303189036
131_76,s-0.565066898,s3.433878034,s348.335004012
131_77,s-6.434111153,s5.322243046,s69.468863741
131_78,s-5.644988834,s3.814483562,s186.131375726
131_79,s4.812694573,s5.821639354,s293.248604764
131_80,s0.592893623,s4.640420175,s215.763525549
131_81,s5.327596368,s-0.177252270,s166.285458780
131_82,s1.069571183,s-0.995483695,s319.996919585
131_83,s6.400790250,s3.486300335,s276.783787150
131_84,s-0.542735424,s2.081794699,s32.462538357
131_85,s-5.217374037,s4.424435086,s172.587627902
131_86,s-1.589293539,s5.757475043,s133.172868886
131_87,s-2.764264065,s0.930932624,s195.011808166
131_88,s-2.514758994,s5.531893939,s238.277792015
131_89,s0.679353942,s2.110298283,s151.797032504
131_90,s0.042850321,s4.739460241,s146.109972953
131_91,s1.717647284,s1.265365652,s311.944439775
131_92,s-0.525138478,s2.805586910,s108.038144602
131_93,s-3.180293317,s5.118385698,s345.623259915
131_94,s3.289515604,s2.706811937,s181.170765323
131_95,s2.822303769,s6.054927731,s20.838576780
131_96,s-4.938288243,s1.327205066,s205.830842842
131_97,s-2.128035391,s4.668025471,s321.954696238
131_98,s-3.035445158,s4.020778293,s211.725669260
131_99,s1.006304798,s-0.290352452,s19.066448250
131_100,s-6.080493423,s3.191075619,s72.185070594
131_101,s-3.988197504,s-2.568783025,s327.633403905
131_102,s2.636585772,s-1.028738606,s234.272789152
131_103,s3.238746245,s-5.189805954,s14.649234677
131_104,s5.044825830,s1.051789484,s129.143056731
131_105,s4.135700668,s-5.891001863,s87.506967455
131_106,s2.946032943,s4.270296379,s167.530847246
131_107,s1.843800442,s3.041427011,s135.935171858
131_108,s-6.365925361,s5.961146153,s22.573822302
131_109,s1.419815050,s3.552365587,s236.534635391
131_110,s0.045405650,s-0.163512087,s353.947998935
131_111,s0.887499535,s0.585270135,s52.557100262
131_112,s-1.318079188,s2.470511333,s267.545075657
131_113,s0.169811775,s-0.627062933,s43.529741778
131_114,s-1.850990423,s6.193409802,s341.810743343
131_115,s-0.617195458,s6.199254283,s248.775159590
131_116,s4.680346486,s3.410462061,s238.668024329
131_117,s6.190183023,s5.565611833,s114.851600405
131_118,s-3.501587687,s1.764724173,s153.496262324
131_119,s3.479844126,s6.167791306,s246.433737238
131_120,s-6.251191555,s3.657174162,s315.606682001
131_121,s-6.109675016,s4.238999825,s2.655317209
131_122,s-2.150125149,s-0.629008142,s134.192838938
131_123,s-3.838826775,s6.219829244,s249.269279959
131_124,s-2.405855038,s4.430417599,s276.096675126
131_125,s-1.331279954,s-0.785586299,s73.393672341
131_126,s6.376590791,s5.229307634,s265.926363651
131_127,s5.973668968,s6.126261847,s232.952503507
131_128,s5.394602553,s3.139438322,s151.601622208
131_129,s4.845471573,s-1.874445507,s8.255673277
131_130,s5.404509881,s5.760280774,s279.273466746
132_0,s-4.343194855,s-3.237598224,s178.992524215
132_1,s-6.858916293,s-7.142130013,s99.993529458
132_2,s-3.239801085,s-4.278471079,s64.067226608
132_3,s2.865091985,s0.380327217,s133.574625205
132_4,s-3.347944523,s-1.754817061,s170.188045286
132_5,s-0.324690107,s-1.462211135,s179.681713233
132_6,s1.905969036,s-6.803474537,s143.603422406
132_7,s2.035214673,s-1.007015400,s263.089922428
132_8,s2.039056615,s-4.022134965,s260.924432231
132_9,s-5.412279828,s-4.206231058,s118.761339990
132_10,s4.920871342,s-4.411959083,s263.831583150
132_11,s-2.278785350,s-0.760950931,s306.980407984
132_12,s1.159606085,s-6.211481135,s9.213674607
132_13,s-1.568450982,s-1.369952694,s215.613243396
132_14,s-2.307610957,s-3.092578745,s275.339081207
132_15,s-6.500038286,s-4.476503356,s115.962492775
132_16,s-1.763155606,s-0.127354483,s280.794753142
132_17,s-0.875549282,s-5.458233843,s169.684554419
132_18,s-6.376892182,s-5.567978824,s227.463605517
132_19,s-4.348043168,s2.293098130,s24.631375126
132_20,s4.483241102,s-0.056426124,s219.493729788
132_21,s4.401351577,s-2.207169461,s325.490344674
132_22,s5.866835160,s0.481840081,s342.608179249
132_23,s6.408472781,s-3.554095434,s226.646032230
132_24,s3.682854512,s-1.271522495,s50.571074849
132_25,s0.169380230,s2.608806273,s125.956219658
132_26,s-1.111231911,s-0.287152918,s304.095245293
132_27,s-1.414012504,s-3.444415594,s115.516257172
132_28,s-4.966653189,s-2.132805688,s304.573167175
132_29,s1.297786598,s-2.963901478,s234.499790298
132_30,s0.164860562,s1.269982949,s45.980218265
132_31,s-3.916619461,s-2.366261914,s302.725398270
132_32,s0.709508046,s-0.610474309,s353.047928945
132_33,s4.753017459,s1.351039717,s87.634436743
132_34,s0.795026694,s-2.608265891,s95.674666507
132_35,s6.775881041,s-1.815861068,s147.093322502
132_36,s4.685415734,s-1.733666041,s153.932333028
132_37,s5.857922465,s-6.632389604,s49.434114745
132_38,s4.023929590,s2.976487818,s59.311270482
132_39,s-2.468547504,s4.821684645,s354.143472459
132_40,s-6.167142182,s-3.749328157,s245.611395003
132_41,s1.812691016,s-0.414436280,s46.134540418
132_42,s-3.215495770,s-6.319447414,s99.181219496
132_43,s-4.882472747,s6.621893683,s213.328866058
132_44,s3.423742266,s-6.700783926,s29.439079384
132_45,s-0.835318945,s3.595880584,s230.908843310
132_46,s-3.802246319,s2.671917348,s79.385178833
132_47,s-0.950900788,s4.822890934,s121.022710758
132_48,s6.895461006,s-5.458617582,s321.684182740
132_49,s1.591033083,s5.250245855,s32.612934340
132_50,s-0.181891066,s-4.670993011,s261.560556184
132_51,s6.897214025,s5.685070239,s41.801405141
132_52,s-6.445758215,s-1.537467177,s190.369259903
132_53,s-4.075490606,s6.101875023,s223.576485732
132_54,s-2.527033731,s1.442828873,s121.139438531
132_55,s-4.953757727,s3.285338375,s155.039292812
132_56,s-1.027558363,s1.122747575,s278.820376701
132_57,s-0.065612068,s3.804656130,s56.945961520
132_58,s-1.264147687,s3.709589125,s63.720427710
132_59,s-1.125579397,s2.568596782,s238.753906408
132_60,s6.419619945,s4.448563507,s27.212854941
132_61,s5.866645628,s2.391941892,s359.086321774
132_62,s3.320786001,s-3.972510657,s341.478048240
132_63,s4.638376225,s-4.025788847,s80.062248609
132_64,s2.557894703,s-2.705866806,s260.990910698
132_65,s-6.490155655,s0.438347394,s166.298873859
132_66,s-3.651958107,s-0.128555704,s299.363939965
132_67,s-5.283307346,s0.154893460,s288.334341884
132_68,s2.669317373,s-1.339115256,s220.714111164
132_69,s-6.163042320,s-0.588149199,s65.380320220
132_70,s-1.884708097,s2.702083853,s183.056349365
132_71,s-0.006092479,s0.592486660,s229.643950780
132_72,s-1.947517153,s5.371457244,s303.641679470
132_73,s6.444079257,s-0.434505719,s78.928315932
132_74,s3.316206791,s2.191829218,s263.705546007
132_75,s6.222150328,s3.869517306,s303.513690114
132_76,s3.948855531,s2.306843886,s270.932838129
132_77,s2.524601442,s3.952409048,s236.080599949
132_78,s-4.741726177,s3.882821676,s64.264876423
132_79,s-2.130441666,s2.317077669,s266.967039327
132_80,s-5.455340348,s4.144580453,s49.562083007
132_81,s-3.363664780,s3.337271701,s201.298204256
132_82,s-1.665574809,s5.118984930,s147.319664305
132_83,s0.989484579,s5.617071368,s229.563157630
132_84,s-5.941631640,s5.456159778,s236.720344901
132_85,s4.694678966,s3.010789503,s29.534809127
132_86,s2.521205261,s-2.598279495,s218.863565725
132_87,s1.226544995,s1.762507705,s88.240720353
132_88,s4.955538423,s4.745523008,s331.095129899
132_89,s6.531513247,s5.108835256,s105.827587144
132_90,s4.844684470,s4.132231464,s208.261657780
132_91,s-5.255600680,s2.493402092,s227.138660989
132_92,s2.658835281,s5.395973389,s73.457017600
132_93,s-7.020542568,s1.868576530,s158.215473626
132_94,s-6.842223268,s-1.833522433,s1.798455582
132_95,s1.608577878,s3.733723009,s315.279768482
132_96,s0.230125303,s5.461399842,s31.363292533
132_97,s4.355693287,s1.731255941,s252.696932638
132_98,s3.687501786,s3.878529304,s150.055499233
132_99,s0.215408961,s4.476235843,s131.925890528
132_100,s0.921563415,s6.615371651,s44.378023124
132_101,s1.786732115,s6.352908831,s163.138429346
132_102,s4.602637734,s4.597533648,s301.189893495
132_103,s6.756132175,s2.005255953,s223.337199416
132_104,s-6.844677295,s6.709859414,s242.760605955
132_105,s-6.488414363,s3.165699456,s55.768012326
132_106,s-4.618933052,s6.633497577,s1.400679534
132_107,s-3.337401715,s0.441294317,s132.237582654
132_108,s-1.381438365,s6.735420248,s20.074155013
132_109,s-4.604155601,s6.624059494,s251.142142698
132_110,s7.006684188,s0.263304287,s233.141323086
132_111,s-0.022724094,s6.662492144,s347.679663077
132_112,s2.145360207,s1.607058382,s221.757672567
132_113,s-2.528869981,s0.050572292,s299.030658477
132_114,s-0.170366875,s1.992119743,s357.523367143
132_115,s-0.564274355,s2.576530213,s32.439846338
132_116,s6.130190134,s6.629951745,s119.294291448
132_117,s-1.608309538,s4.435777913,s204.947073923
132_118,s-7.018372847,s5.363831960,s179.740114999
132_119,s-3.088322968,s6.022613093,s163.947461848
132_120,s-7.013008580,s4.403181774,s133.533763448
132_121,s-3.918301144,s5.359338192,s265.466447244
132_122,s-6.289054901,s1.424549331,s309.592526901
132_123,s4.703809438,s0.043046013,s122.279109029
132_124,s-2.377898288,s6.598549963,s351.161389947
132_125,s3.966644207,s5.269665739,s339.850638910
132_126,s-0.000181935,s6.058723779,s111.582528301
132_127,s0.626378876,s4.627423323,s39.003446313
132_128,s2.592912846,s6.598320169,s275.298467305
132_129,s5.991140558,s5.517344451,s203.717520134
132_130,s-7.023705093,s3.680668433,s246.532490929
132_131,s-2.772256333,s-1.554964474,s293.356633944
133_0,s-2.317501385,s-5.649481000,s37.848273974
133_1,s-6.879549327,s-5.857520630,s97.416749915
133_2,s-5.910214387,s-3.511214983,s158.640106190
133_3,s0.777499691,s-6.414571780,s205.167772375
133_4,s-1.733060293,s-3.841846599,s219.279674976
133_5,s1.760692028,s-4.434611420,s255.928484667
133_6,s-2.927340255,s-6.202489291,s104.717349450
133_7,s0.799999608,s-4.690938488,s285.171089370
133_8,s-3.110031317,s-5.028652374,s143.664119761
133_9,s-1.589391537,s-2.331712018,s252.500935554
133_10,s3.936719631,s-4.149636069,s349.553764731
133_11,s6.755293242,s-6.811919710,s274.042068750
133_12,s6.993049010,s-0.811785181,s190.756426484
133_13,s-5.157312412,s0.726173361,s298.135076892
133_14,s-1.685342984,s-1.180019194,s18.405947739
133_15,s1.897254317,s-1.227732095,s21.813889649
133_16,s-6.984001434,s3.489480314,s203.846901633
133_17,s-2.353950408,s-2.272904275,s329.501002459
133_18,s-4.040057038,s4.657794164,s14.391925889
133_19,s-3.955874091,s1.146837295,s277.827449752
133_20,s3.112142557,s2.570048441,s75.363832307
133_21,s3.909943711,s4.560092984,s6.995528933
133_22,s0.537212498,s4.270204581,s3.945038934
133_23,s2.336564084,s-5.218967712,s238.237392790
133_24,s7.003737446,s-4.374574782,s259.462505886
133_25,s5.319166405,s-0.003396180,s170.510400583
133_26,s-6.490993921,s-4.494179189,s252.158874362
133_27,s2.398714900,s-1.738948972,s197.319995530
133_28,s-7.015845684,s4.706753279,s83.202085593
133_29,s-1.418868103,s-4.287487654,s101.845968805
133_30,s-3.215117390,s4.408513643,s116.257231127
133_31,s-1.154431270,s-6.680446863,s284.755537061
133_32,s-5.658013935,s6.842487901,s242.687370881
133_33,s5.174751320,s-6.757467498,s358.326175521
133_34,s6.798802968,s1.214548020,s188.603612022
133_35,s5.042189970,s-5.908566993,s306.859413685
133_36,s2.960508962,s-3.751039496,s148.494708476
133_37,s6.764588633,s3.445401000,s55.525403567
133_38,s6.615379505,s-3.978638828,s208.056004816
133_39,s-5.100762184,s-6.738061321,s95.142589629
133_40,s-0.076738259,s-3.463210622,s114.224509559
133_41,s-0.680572473,s1.665546152,s297.618430623
133_42,s-0.130500241,s-2.254580048,s186.346873549
133_43,s0.030739172,s6.349137937,s28.277102136
133_44,s-6.489054635,s-0.003183108,s62.218416738
133_45,s1.393676820,s1.882323763,s245.431780006
133_46,s-1.116708316,s3.561778701,s282.054400101
133_47,s1.771686570,s-5.206911046,s40.522680116
133_48,s6.751644504,s-5.937681655,s296.826908023
133_49,s2.110036019,s2.028963621,s120.385883457
133_50,s7.106839133,s2.236238687,s241.549378110
133_51,s4.128468593,s6.468366010,s65.862997738
133_52,s-5.244065664,s-3.444355665,s186.219430958
133_53,s-0.326500752,s-0.070683034,s176.365433979
133_54,s-5.439241844,s3.563141429,s326.424586462
133_55,s-3.801007371,s-3.224726297,s109.322220634
133_56,s-2.643976243,s5.987503851,s183.309448261
133_57,s3.646479152,s1.018631110,s91.910331804
133_58,s-1.187789411,s-3.349365154,s22.200484285
133_59,s1.496815501,s6.784783369,s130.475572014
133_60,s5.530997412,s-2.382276249,s205.577547251
133_61,s3.981750459,s2.078317409,s146.357466978
133_62,s4.145969986,s-7.136538332,s262.949768472
133_63,s4.559904801,s3.355209412,s352.667905283
133_64,s1.043427841,s-4.111629356,s346.754279890
133_65,s-6.766445081,s-1.572158944,s328.330795854
133_66,s-6.854634045,s0.349948822,s40.964247110
133_67,s4.204676523,s-0.497332568,s158.009188380
133_68,s4.576135884,s-3.238486457,s171.969468652
133_69,s-2.616379446,s2.609701177,s305.981764869
133_70,s-2.897280438,s5.498887992,s68.055247988
133_71,s2.412841884,s6.593914533,s235.657624503
133_72,s4.459090515,s-2.258378142,s87.192753691
133_73,s0.967462706,s-0.941205941,s315.977921649
133_74,s6.638785771,s0.526171229,s39.173530426
133_75,s5.232185255,s2.992601526,s63.072780468
133_76,s2.581955808,s5.026884237,s141.393197443
133_77,s-0.146931158,s3.026008430,s63.493208183
133_78,s-1.219380959,s3.857597988,s105.078665990
133_79,s-5.684642131,s2.843477683,s291.793301202
133_80,s-4.990931135,s2.281933981,s150.485237693
133_81,s-1.166465647,s3.027265777,s280.101965286
133_82,s-3.752286461,s2.888768896,s259.082906405
133_83,s5.740147913,s5.034472662,s113.405047706
133_84,s0.529934870,s-1.028189706,s179.781854454
133_85,s0.565980790,s6.405639802,s144.957470643
133_86,s5.782323089,s-4.157405490,s340.224867845
133_87,s4.850673447,s4.792948759,s295.773818830
133_88,s5.165096464,s3.944820782,s260.911756480
133_89,s-5.500455078,s-2.135492112,s0.915312700
133_90,s4.427765693,s6.842487901,s237.942772709
133_91,s-6.882455846,s2.470530183,s305.562112782
133_92,s1.312396502,s-3.155255939,s291.931973827
133_93,s-4.811084013,s6.748824663,s102.935709289
133_94,s-0.711296527,s6.805107340,s46.458142221
133_95,s-5.325740060,s6.583175235,s121.548944021
133_96,s-2.697275571,s1.340498056,s186.554910488
133_97,s5.406218589,s5.774180670,s41.611069285
133_98,s3.967401577,s2.099778813,s128.427356462
133_99,s6.443433293,s6.120879912,s195.142113210
133_100,s1.845530727,s4.782737273,s180.078718459
133_101,s-0.677219832,s-1.310229326,s11.865217207
133_102,s3.218725817,s-0.346074774,s23.376213313
133_103,s6.023274831,s6.759820995,s157.256985412
133_104,s-6.130570936,s5.745762942,s125.751809797
133_105,s-6.959145117,s6.171544062,s26.529801586
133_106,s-3.914122788,s-1.636403048,s268.278974657
133_107,s1.267254517,s6.423856765,s304.219836171
133_108,s3.314212234,s6.427888053,s246.483715368
133_109,s-3.976521932,s5.561875462,s147.285580721
133_110,s-4.537358095,s6.696349731,s133.055935543
133_111,s-4.577140855,s0.441912483,s124.204245794
133_112,s-2.191598697,s2.850168486,s141.821015550
133_113,s-0.090491084,s-0.585147250,s354.191278099
133_114,s4.681091230,s5.078552965,s215.007503786
133_115,s6.381366577,s4.377073469,s116.155740779
133_116,s6.362594706,s3.627733744,s58.844398350
133_117,s-6.331716798,s6.811334342,s138.990063982
133_118,s-1.737430672,s1.474168777,s220.027452188
133_119,s-3.554313110,s1.994577916,s330.233084781
133_120,s-0.327981855,s5.823587565,s138.888102051
133_121,s-1.468113734,s5.921861016,s217.500097433
133_122,s1.681538932,s4.130133072,s238.212217423
133_123,s0.903658365,s4.128415945,s136.947666143
133_124,s7.008355847,s6.829259712,s287.704541128
133_125,s1.323844679,s0.555678024,s203.433933739
133_126,s6.996613822,s0.738658430,s1.083206182
133_127,s5.539172942,s1.908055415,s29.742100960
133_128,s3.858608327,s3.393374475,s272.745323295
133_129,s6.922882756,s5.081710958,s194.439589051
133_130,s-2.504822678,s6.833337811,s35.590951658
133_131,s2.293751636,s3.408574250,s18.990943031
133_132,s5.007010631,s0.132692645,s170.579740446
134_0,s-6.035470121,s-4.022030722,s153.436342256
134_1,s-4.003378625,s-3.413604634,s94.320024080
134_2,s-2.691140299,s-4.412452661,s256.056368997
134_3,s-6.256226964,s-7.048132418,s77.380699300
134_4,s2.543926640,s-1.161804508,s68.884315429
134_5,s-4.553260646,s-5.358772964,s330.868944669
134_6,s4.013670106,s1.622725019,s173.523721881
134_7,s6.724514177,s-2.125773511,s203.006029422
134_8,s4.441691198,s1.154460147,s18.753504459
134_9,s-0.366870727,s-4.142636810,s341.805900864
134_10,s0.605419042,s-5.021303956,s225.032413329
134_11,s5.658939613,s-2.983975096,s85.608800511
134_12,s-2.049409257,s-6.190385355,s287.233111485
134_13,s-4.149933699,s5.605512369,s75.961245222
134_14,s-5.493580794,s4.391422788,s108.552843874
134_15,s-0.741563596,s-2.450085561,s255.277613947
134_16,s-2.038462225,s0.432339357,s220.284424118
134_17,s-0.024497819,s-5.147751945,s300.523945341
134_18,s-6.936124307,s2.874075966,s155.050874765
134_19,s2.858713246,s-0.196985057,s348.470144979
134_20,s1.899205408,s-1.318327799,s220.718241791
134_21,s3.829067408,s3.503410677,s349.713655141
134_22,s3.426986583,s2.953758970,s126.293177901
134_23,s2.102581789,s-6.904908347,s65.536612753
134_24,s1.363734076,s-1.689557789,s186.049507801
134_25,s2.951684258,s-6.797965465,s95.430390641
134_26,s-2.628298858,s-0.055516560,s174.375806844
134_27,s-4.120958419,s-7.253265961,s34.567801977
134_28,s-6.020951112,s1.836375175,s313.572650188
134_29,s-3.479793482,s-6.856182368,s84.232866357
134_30,s-3.386783245,s-2.401964296,s311.952838735
134_31,s-1.572188161,s-4.234027865,s70.764813339
134_32,s4.810176019,s-0.941846305,s247.558748747
134_33,s2.854117573,s0.971972799,s311.311095354
134_34,s4.688227067,s-1.429216782,s237.113265893
134_35,s6.796953643,s-4.869365423,s284.757370411
134_36,s6.659373377,s-6.190080767,s14.161579475
134_37,s5.895384034,s-2.238425372,s206.829180429
134_38,s4.524991142,s-6.297021477,s139.238242338
134_39,s-4.859475260,s-2.310591582,s317.694905391
134_40,s-6.879155223,s-1.904163521,s246.081841073
134_41,s-0.918034807,s1.223962816,s65.891882273
134_42,s-2.030863676,s-2.372531582,s264.970069321
134_43,s-6.458756425,s-5.066649971,s54.990132155
134_44,s-3.560999247,s-2.857002156,s217.212830323
134_45,s-3.360671819,s-5.347208557,s226.830687693
134_46,s1.232784909,s2.248083647,s178.357663056
134_47,s3.431180914,s-3.630739797,s102.912684745
134_48,s-0.369665220,s-3.136398343,s302.071574298
134_49,s3.526367695,s-5.574121418,s55.253491346
134_50,s6.828694612,s-0.810814833,s326.271760411
134_51,s6.862425320,s0.876140054,s59.417311264
134_52,s-3.355589951,s0.775776534,s260.010362453
134_53,s-5.820842854,s-3.196245880,s139.482246888
134_54,s-0.373183277,s1.887246710,s256.802177648
134_55,s-5.503890452,s-0.285038881,s172.202160939
134_56,s-7.015637421,s-4.230085118,s237.584847049
134_57,s-5.524454267,s-6.193706583,s142.976834091
134_58,s-1.918748702,s0.738148410,s159.194567961
134_59,s-2.770434777,s4.296769362,s87.354944750
134_60,s-5.486058621,s-3.648001423,s6.602169098
134_61,s4.983798560,s2.365499583,s85.416645425
134_62,s1.595198438,s0.404728107,s186.246346267
134_63,s-1.280039095,s-0.909377582,s170.944484289
134_64,s6.136351709,s2.406226711,s8.083851777
134_65,s-3.277189017,s-0.033750693,s283.283339150
134_66,s-0.902731716,s3.444725224,s224.144283832
134_67,s-3.164191712,s1.616788869,s279.697058549
134_68,s-4.183295545,s2.892931488,s346.903316383
134_69,s-6.661189844,s5.283320216,s155.325837724
134_70,s-0.710287026,s1.829059126,s0.566942739
134_71,s2.155558879,s4.002185517,s164.015239813
134_72,s-2.927427892,s-1.632250435,s56.707001131
134_73,s1.417615014,s4.158615100,s10.116559205
134_74,s0.826928593,s3.983295899,s57.859018470
134_75,s5.992323612,s1.255514938,s276.890563072
134_76,s4.689878096,s6.438784736,s333.821169742
134_77,s4.660677542,s3.859060821,s72.262126971
134_78,s-3.659343744,s2.451162111,s56.409744233
134_79,s-6.924070752,s3.000316207,s316.043065439
134_80,s-4.888169360,s4.992783068,s33.891257712
134_81,s1.873694720,s5.546836570,s70.405323265
134_82,s0.960144147,s6.112532004,s319.409791125
134_83,s-0.692310922,s5.143631886,s348.551962195
134_84,s1.248088744,s3.483975401,s65.467628553
134_85,s0.565713786,s0.462389437,s77.410263753
134_86,s5.018045960,s3.140327665,s240.542465674
134_87,s4.038340639,s5.012715383,s44.467443024
134_88,s0.825191371,s1.806089480,s47.074072213
134_89,s0.088247822,s2.765610919,s217.722367442
134_90,s6.856141928,s2.667841902,s112.715021624
134_91,s-1.849668539,s6.218392488,s243.822772401
134_92,s-5.712610627,s2.857275434,s126.702648328
134_93,s-6.602552513,s-1.029124585,s272.954744953
134_94,s3.222884776,s6.696872178,s187.766044090
134_95,s-4.820868548,s6.653905960,s128.595456013
134_96,s2.833906947,s-0.764100410,s206.497169981
134_97,s1.130438730,s6.451314041,s151.752990542
134_98,s-3.688186718,s6.377386388,s358.548657050
134_99,s5.067314067,s4.193903802,s298.276867161
134_100,s-0.379700921,s6.754336820,s331.971899952
134_101,s1.778523560,s4.970166823,s158.634445779
134_102,s4.861351376,s0.279271498,s194.677873952
134_103,s0.740950833,s-4.512539169,s355.560074554
134_104,s-1.383868256,s2.988927910,s349.550207541
134_105,s-2.509357433,s4.320503257,s52.155041900
134_106,s-3.486570524,s4.003551244,s228.576829782
134_107,s-3.170744109,s5.795446177,s231.002820772
134_108,s-1.516708612,s6.731511082,s162.657699309
134_109,s-0.167472943,s1.065911414,s108.161705786
134_110,s-5.178430341,s6.503645293,s356.511966574
134_111,s5.473792385,s5.078578761,s247.222185473
134_112,s1.425635049,s-5.855935205,s197.311019455
134_113,s3.000712930,s4.676014223,s234.905540068
134_114,s3.858162133,s3.951917983,s21.967795570
134_115,s6.842325949,s6.299821982,s227.241742821
134_116,s6.639172500,s4.171858938,s190.979000993
134_117,s-6.770655206,s6.722574937,s89.135702498
134_118,s-2.258905015,s6.520137392,s356.937207885
134_119,s-1.189801558,s6.746691075,s139.578397228
134_120,s3.006570299,s4.322564396,s319.168777571
134_121,s-4.423222390,s-1.214419923,s299.782377467
134_122,s0.055552523,s6.695005839,s235.755991580
134_123,s-1.078388829,s5.943311153,s342.083821118
134_124,s5.464217201,s5.690490039,s75.075807517
134_125,s6.558021231,s5.695332574,s41.710875999
134_126,s6.219900994,s-1.374745619,s337.319407135
134_127,s7.032501745,s5.178514599,s10.476929307
134_128,s3.816080095,s6.037362003,s257.782563623
134_129,s5.777862751,s6.737908838,s134.743801025
134_130,s-6.174661252,s3.432466965,s358.996715227
134_131,s-6.810373031,s0.474839758,s16.021248355
134_132,s-0.400659182,s4.276036696,s228.417314234
134_133,s0.683368506,s6.581608949,s98.476582820
135_0,s-6.932220277,s-2.114425578,s337.377696018
135_1,s-6.965236894,s-6.533205528,s260.382090088
135_2,s-5.565911684,s-5.289851617,s113.068265729
135_3,s-4.395855593,s-6.319571305,s347.110974825
135_4,s-1.157284023,s0.838967596,s120.784952374
135_5,s-2.255227249,s-6.448437371,s101.498425051
135_6,s-4.470224333,s-5.151340461,s332.515169940
135_7,s-2.487699173,s-3.437581357,s280.378958475
135_8,s6.249793194,s-0.271921126,s162.194299250
135_9,s4.801858640,s-6.305937083,s252.503135993
135_10,s0.646989123,s-4.908565998,s128.904260201
135_11,s6.209113125,s-6.175842338,s254.830546510
135_12,s6.931546564,s-4.711585406,s305.517583749
135_13,s-7.081502667,s-3.261953450,s323.731897057
135_14,s-5.700917604,s-6.909686130,s48.752284890
135_15,s-4.806823741,s6.318507539,s184.536879627
135_16,s-0.495889970,s-0.502132999,s55.118621524
135_17,s-6.734406544,s-1.535887573,s39.000818974
135_18,s-5.278894723,s-1.092847978,s89.396553675
135_19,s2.419071119,s-5.439316916,s110.677619559
135_20,s2.925423325,s-6.037470213,s137.021517167
135_21,s-0.331449495,s-2.155433377,s127.586242637
135_22,s-4.054713457,s-2.857963074,s213.362548923
135_23,s-0.075935164,s-5.821258619,s153.648000654
135_24,s4.680865180,s-4.201383551,s169.039912903
135_25,s6.020102866,s-3.942581084,s328.700300381
135_26,s-7.023450184,s-0.532838738,s216.393103597
135_27,s-1.148333928,s-1.009523020,s162.641560537
135_28,s-7.355223588,s-5.390586816,s25.752261362
135_29,s-2.415486913,s-4.373943693,s167.910851561
135_30,s-4.595140291,s-2.314168696,s279.493636601
135_31,s1.574554982,s3.760011047,s232.061546259
135_32,s1.301422887,s-6.284653530,s206.454766358
135_33,s0.399925495,s3.961530839,s75.744843944
135_34,s-3.359236445,s-6.836866616,s166.104335795
135_35,s7.035685406,s0.030528125,s48.952452613
135_36,s0.528335986,s-3.614287532,s201.965680253
135_37,s7.115106229,s-7.188929727,s129.259124349
135_38,s6.979773124,s1.571053196,s61.905583197
135_39,s-2.432903894,s2.569566555,s189.316212246
135_40,s-4.403142360,s2.459376939,s277.022674840
135_41,s-7.316737688,s-0.880188317,s41.422745955
135_42,s-5.218907369,s-1.964978104,s191.818682507
135_43,s-5.974883913,s-2.998984780,s223.227584686
135_44,s2.457859332,s7.020283327,s58.139622546
135_45,s-1.726353323,s-2.724901293,s0.926033616
135_46,s5.669099675,s-1.449885427,s284.174284462
135_47,s0.775430969,s-1.661764002,s148.104367642
135_48,s6.697148587,s2.630939079,s197.531037760
135_49,s1.501874002,s2.587943517,s154.719729086
135_50,s3.884558745,s-5.386473090,s66.921540861
135_51,s4.594973062,s1.499176486,s68.141208781
135_52,s-1.667566690,s2.480233616,s146.716612259
135_53,s-5.775963729,s-4.348712672,s175.248487386
135_54,s-0.406101294,s-3.906326195,s190.030460689
135_55,s-6.677502960,s3.522471956,s39.879385186
135_56,s0.415904840,s5.606079756,s357.652052494
135_57,s2.757795464,s-0.138631257,s100.011042163
135_58,s0.669679458,s1.248936911,s236.790723459
135_59,s2.044868909,s0.330876829,s74.224088765
135_60,s0.883566220,s6.476672403,s69.271174106
135_61,s6.817189950,s-1.845132850,s177.577909044
135_62,s5.104814872,s4.392464111,s88.106919642
135_63,s5.168119749,s1.761407399,s107.459991240
135_64,s2.565130961,s1.877993212,s279.294909211
135_65,s-5.739946533,s3.882734746,s77.898926923
135_66,s-0.427252886,s2.593466763,s266.834445397
135_67,s0.853572021,s-0.905566076,s133.841256215
135_68,s-3.686082208,s3.815156834,s252.855087728
135_69,s2.840396993,s-3.649851603,s75.261263998
135_70,s-0.167021373,s5.598654494,s38.143302382
135_71,s-1.842265195,s4.091327881,s295.303972002
135_72,s3.700170167,s5.462925382,s313.081567949
135_73,s1.541133002,s-1.667313135,s7.849671752
135_74,s3.986029826,s-1.637791732,s289.806117515
135_75,s1.765751091,s-0.049384274,s271.362963901
135_76,s6.781572266,s4.347851712,s321.536708705
135_77,s6.866899016,s3.403938228,s343.001485749
135_78,s-1.039646292,s5.728854848,s150.053541728
135_79,s-2.864627431,s-0.259752486,s212.721035081
135_80,s-6.492419099,s2.481763167,s206.995452158
135_81,s-1.314728956,s6.300515270,s190.073009624
135_82,s-2.497216093,s4.321745733,s169.030984886
135_83,s-1.877632908,s2.078718369,s4.173506936
135_84,s5.436205443,s3.406223568,s31.090157957
135_85,s5.276232263,s-1.126913295,s313.567617109
135_86,s-3.285804256,s4.850769748,s54.804513887
135_87,s1.458222655,s6.809241914,s323.060418729
135_88,s6.297134970,s0.749254743,s56.788105834
135_89,s0.093493538,s6.839805751,s59.952642941
135_90,s4.576723296,s4.275992366,s37.477975034
135_91,s-6.400712315,s1.011947844,s240.858953349
135_92,s-5.279175690,s1.135937929,s155.160669354
135_93,s-7.358697282,s5.455619523,s229.737504116
135_94,s2.805157624,s-0.870659340,s218.472848310
135_95,s-4.462175051,s6.662974624,s143.647320274
135_96,s-3.223135252,s6.932582600,s213.086804475
135_97,s-2.624071973,s6.851965849,s135.358075299
135_98,s2.492770175,s6.096450068,s193.068982659
135_99,s5.496259323,s6.161983705,s150.892768027
135_100,s3.804899097,s2.630454518,s39.121731586
135_101,s4.280062377,s4.027848857,s44.453728435
135_102,s7.160342309,s6.502225341,s238.992939187
135_103,s1.382597361,s5.031982650,s36.336022041
135_104,s-2.618893104,s0.164834764,s258.686596477
135_105,s-0.928206072,s2.698289963,s302.218564221
135_106,s-7.144977524,s1.480930768,s306.983053583
135_107,s-1.796888870,s1.367933574,s73.041356362
135_108,s-5.693688606,s7.008624166,s174.403757351
135_109,s-0.580509749,s1.338347218,s208.418679933
135_110,s4.437197694,s5.871550840,s55.409950439
135_111,s-0.037688786,s2.223717082,s257.693660530
135_112,s3.069769778,s3.186083508,s250.091887469
135_113,s6.467821648,s6.788856634,s329.019808144
135_114,s4.363811567,s6.989606523,s172.259445033
135_115,s6.759840844,s4.861929926,s295.316760247
135_116,s1.740444670,s-1.212256882,s12.761425451
135_117,s-6.200227263,s6.561149463,s313.861845644
135_118,s-7.274457218,s6.296592642,s182.983869392
135_119,s-2.394611860,s5.756489233,s221.650395735
135_120,s0.351177638,s6.135774899,s157.211110397
135_121,s-3.206037124,s1.897752406,s310.084375074
135_122,s-1.389153273,s6.927847743,s343.573061649
135_123,s-0.439791788,s6.722008320,s21.210911352
135_124,s2.990407343,s0.368502875,s348.359657880
135_125,s-4.241319480,s4.683612669,s52.509044030
135_126,s1.729157691,s4.207320293,s320.373031939
135_127,s7.058144187,s4.003082747,s123.721438085
135_128,s4.503792254,s4.981043780,s197.253637791
135_129,s5.578760323,s6.985231661,s87.702587922
135_130,s-2.875999504,s6.439587060,s106.207646941
135_131,s-4.201676349,s-0.647292905,s119.992954050
135_132,s-5.999664560,s4.894671786,s270.329821274
135_133,s1.881878291,s1.249213018,s287.715704245
135_134,s5.654425217,s6.726141144,s322.879609633
136_0,s-4.371552658,s-5.215449825,s95.324690001
136_1,s-5.417456953,s-0.731222353,s298.804950564
136_2,s-6.106293462,s-0.144160009,s249.167168397
136_3,s-2.898334840,s-6.460452873,s169.832636449
136_4,s-1.653433020,s-4.492449718,s180.362584991
136_5,s1.871126357,s-4.761473139,s38.839339804
136_6,s5.087656463,s-1.950408605,s301.884951159
136_7,s2.961769572,s-6.072824512,s44.721084620
136_8,s-4.599024130,s-4.257374145,s72.405851628
136_9,s-0.111349038,s2.101643640,s5.223518749
136_10,s2.550418889,s-0.508774273,s168.773303828
136_11,s6.930091240,s-6.581878726,s237.811342760
136_12,s4.613955046,s-6.144065850,s236.554345050
136_13,s-5.640651952,s4.403588568,s312.448583477
136_14,s-0.351784899,s-3.748109336,s308.143265433
136_15,s0.783136424,s-4.708427238,s146.568205386
136_16,s-6.496924767,s-2.074596313,s76.790974211
136_17,s-0.986352969,s-5.384043418,s294.473671359
136_18,s2.271129410,s-3.461751719,s284.293145989
136_19,s4.047960567,s4.819026676,s169.468016416
136_20,s2.814521279,s0.876358374,s291.865228178
136_21,s7.307925595,s0.200948007,s185.492302564
136_22,s2.136120227,s-2.232142508,s311.013075332
136_23,s4.597450011,s1.526239891,s300.634617994
136_24,s6.640102026,s6.864422360,s243.504271338
136_25,s7.387841727,s-5.249771861,s168.195179338
136_26,s-1.255336094,s0.618100894,s43.602509330
136_27,s2.138027716,s-1.678995709,s52.408880320
136_28,s-6.226658633,s4.398895823,s3.152891864
136_29,s0.969208772,s-7.051581467,s211.848457216
136_30,s0.427647602,s-5.950076752,s62.519660160
136_31,s-5.266894228,s-6.955513940,s197.627781546
136_32,s-3.886057420,s-0.960345234,s16.950505740
136_33,s-0.912358445,s-1.449149616,s323.883670992
136_34,s7.254258084,s-3.156430042,s140.629203773
136_35,s3.226815185,s-1.216564091,s138.198640813
136_36,s4.860007682,s-7.247931537,s219.523748841
136_37,s3.800785928,s-4.316060897,s111.099842320
136_38,s7.405369279,s4.704196410,s206.643272359
136_39,s-3.377936113,s5.863916318,s292.562148664
136_40,s-2.414723502,s-4.102378957,s171.535165147
136_41,s1.872111613,s-0.274444363,s244.216074447
136_42,s5.430802926,s0.846122514,s240.453902159
136_43,s2.749015201,s7.017486008,s131.070312667
136_44,s2.625790677,s-4.432809265,s40.314880595
136_45,s-1.979643439,s5.318827608,s70.742070518
136_46,s1.419052791,s-3.820802701,s199.651444113
136_47,s3.657498602,s4.234443401,s352.314438380
136_48,s-1.319109378,s1.637132040,s145.626363676
136_49,s5.434001026,s-4.176169910,s295.887297837
136_50,s6.664587607,s5.286483583,s309.934204790
136_51,s7.504160976,s-4.063444196,s32.416470951
136_52,s-6.934779710,s3.623501861,s316.629214566
136_53,s-4.729888580,s0.694926222,s356.675062200
136_54,s-2.497972480,s-0.157898291,s220.892566333
136_55,s-0.421434106,s-2.403059039,s196.991923968
136_56,s-5.389880517,s-3.024986902,s0.768903497
136_57,s-4.410483419,s6.130294776,s215.664649549
136_58,s-7.003512553,s2.673237621,s84.346931956
136_59,s1.769233518,s-2.460291081,s250.031768166
136_60,s-1.063633041,s4.704399600,s224.722703245
136_61,s5.983571315,s4.530131833,s69.651605222
136_62,s-2.982045703,s4.469208492,s21.346914746
136_63,s6.522693192,s3.995496078,s208.875227258
136_64,s2.561445097,s1.482039697,s128.054459435
136_65,s0.341538451,s5.911370488,s143.324253746
136_66,s-3.773571555,s3.194382624,s144.287009860
136_67,s-4.253661301,s0.412932143,s341.088450663
136_68,s0.703872788,s-1.258804720,s260.999045288
136_69,s-2.797397399,s1.518904187,s173.445955719
136_70,s7.442280231,s-1.048520268,s39.040457244
136_71,s-3.882588135,s2.426953410,s256.252577045
136_72,s0.671754832,s0.069660527,s69.080960793
136_73,s6.455921790,s-1.995190365,s97.725575189
136_74,s-0.125737208,s7.060986649,s245.805890072
136_75,s1.554420763,s1.207155401,s339.364267518
136_76,s6.353020622,s-1.500066749,s226.115031384
136_77,s7.455437010,s1.321122702,s19.591675459
136_78,s-6.616779128,s3.443965287,s113.819037851
136_79,s-5.081312304,s6.359265128,s344.692437896
136_80,s-0.614190345,s5.334080001,s186.185812172
136_81,s-4.600238310,s4.133121825,s106.714620689
136_82,s-3.429462747,s-4.221010062,s350.257200157
136_83,s-3.680320562,s4.332489785,s284.895073580
136_84,s6.457176657,s5.928166900,s109.566339851
136_85,s5.309272477,s6.824391910,s198.211312692
136_86,s2.068170438,s2.005493426,s227.788001504
136_87,s5.679522116,s1.527930048,s269.695650783
136_88,s-1.244978516,s5.443193252,s169.148745977
136_89,s3.804010732,s1.463561892,s184.545022051
136_90,s1.098837280,s3.276489271,s238.207623526
136_91,s-6.808123760,s6.860917287,s11.752066755
136_92,s-1.214509124,s-2.462396241,s186.455874586
136_93,s-4.186885481,s5.950949954,s251.717961012
136_94,s-5.645368632,s3.888744967,s178.511160514
136_95,s-6.779671869,s-3.260062603,s267.135851413
136_96,s-6.480384144,s-6.456284951,s339.822850146
136_97,s-2.088488634,s2.268080414,s48.967263306
136_98,s-0.738325340,s4.090465542,s343.287990587
136_99,s-2.130276524,s3.429658413,s280.078921971
136_100,s2.591655640,s3.403983730,s308.717935623
136_101,s0.015919599,s5.517350781,s224.163040885
136_102,s5.604568939,s1.226749074,s213.684586391
136_103,s4.413859234,s5.601708570,s188.350162281
136_104,s-6.938324466,s7.166093712,s185.778127485
136_105,s-4.412901111,s5.543738146,s285.827359315
136_106,s-5.218207112,s0.332892506,s53.727872429
136_107,s-3.188062091,s2.894405870,s314.490196731
136_108,s-3.762373833,s1.810716402,s4.032091405
136_109,s-1.756295597,s6.656061670,s359.903738338
136_110,s-4.807405497,s2.729049705,s46.855146752
136_111,s7.560027836,s7.175250458,s61.787332376
136_112,s-4.381281249,s7.207132075,s138.921204296
136_113,s6.827705717,s3.550204005,s161.419416097
136_114,s2.275739265,s4.486046512,s131.767352380
136_115,s3.136033770,s3.165228209,s293.567577526
136_116,s5.859363444,s7.145928246,s35.827824114
136_117,s-6.986076025,s-1.744199102,s224.854274837
136_118,s7.355561332,s1.399387060,s162.410509583
136_119,s-6.618082610,s5.564548741,s322.287271013
136_120,s4.455343416,s6.278039155,s232.083645568
136_121,s-3.395558751,s3.831437669,s315.591825907
136_122,s5.526252709,s7.116387495,s111.137649186
136_123,s-0.280342500,s0.107440747,s146.825573652
136_124,s1.216578650,s7.083388227,s347.698501717
136_125,s5.616889059,s3.449808964,s290.218454762
136_126,s7.488274407,s5.689963419,s105.967477476
136_127,s5.172326383,s5.687442152,s111.593026344
136_128,s5.285457873,s5.790361476,s210.858856026
136_129,s6.062353257,s2.374378034,s102.966383334
136_130,s-3.886581980,s4.901137392,s309.058950723
136_131,s-2.361245379,s2.964023546,s133.477018249
136_132,s-2.079740345,s7.177857072,s88.678022007
136_133,s3.156062671,s5.951134008,s189.988256465
136_134,s1.557351032,s6.228649634,s164.498542543
136_135,s1.537966083,s5.641689762,s29.859212075
137_0,s-6.705665969,s-5.766384549,s228.221811492
137_1,s-5.881337751,s-4.996498521,s133.998896358
137_2,s-3.181990986,s-4.724817113,s314.477771463
137_3,s-2.078509646,s-6.660306674,s237.744723765
137_4,s-3.938511506,s-5.888739758,s274.745038136
137_5,s5.108311108,s-5.930818134,s277.270572566
137_6,s-1.222329962,s-1.872709293,s124.467107371
137_7,s-0.415289390,s-4.722357704,s287.228725499
137_8,s-1.444242686,s-3.777266379,s294.436692827
137_9,s4.455114371,s-1.469816229,s231.794869166
137_10,s5.234229203,s-1.782250582,s133.535189726
137_11,s5.860764190,s-1.651867488,s184.073438808
137_12,s2.538145810,s-3.520334217,s217.187557730
137_13,s-3.278255325,s-0.550811207,s330.822029332
137_14,s-1.558081515,s-1.445546963,s241.458904776
137_15,s-3.404937623,s1.669553293,s265.654787060
137_16,s-4.713032581,s0.590095364,s350.949925300
137_17,s-2.613486272,s-2.539313058,s113.967857649
137_18,s-3.135169285,s-1.657232977,s220.646231569
137_19,s0.033719672,s3.339019007,s79.906419834
137_20,s5.213771486,s-0.304229171,s295.676622562
137_21,s3.175917109,s-4.568126500,s222.712383662
137_22,s1.779527285,s-2.616543122,s159.754305968
137_23,s3.847007176,s-6.348855283,s144.330644489
137_24,s2.034748858,s-1.303050973,s333.029392177
137_25,s6.446446207,s-6.349461749,s152.778973830
137_26,s-5.107491847,s-3.341512053,s29.621832015
137_27,s-6.757987175,s-3.987902298,s326.198030329
137_28,s-2.216678533,s4.078865161,s213.841208901
137_29,s-2.148465026,s-5.130563520,s288.755614546
137_30,s-3.642774232,s0.862213681,s262.441330782
137_31,s-4.270808555,s1.941614230,s9.455535928
137_32,s-0.144027145,s-6.012551744,s302.717949064
137_33,s1.942006622,s0.772561032,s60.990449600
137_34,s3.402102359,s-3.919695660,s308.939410874
137_35,s-0.625327874,s-6.621403569,s29.716039212
137_36,s5.976547088,s-4.945415026,s64.232138710
137_37,s1.500499577,s-3.045080729,s292.282812288
137_38,s4.172784074,s-2.195208700,s162.188825126
137_39,s-6.685695918,s-2.532175389,s279.616633990
137_40,s-2.088413821,s2.204155395,s196.657558278
137_41,s-3.887955404,s-1.843387253,s183.943764540
137_42,s-4.937241232,s-3.946134634,s257.469089644
137_43,s-1.129716045,s-3.016566952,s207.267845997
137_44,s-0.239290514,s2.248480755,s153.697468046
137_45,s-0.944828482,s-5.222198322,s50.847231641
137_46,s0.537712204,s0.665459744,s121.448277254
137_47,s0.773831745,s-6.583135112,s190.555020560
137_48,s5.943360832,s2.493737248,s305.711286969
137_49,s5.428638062,s-4.064705599,s267.371926277
137_50,s4.882676008,s1.113190801,s28.898244678
137_51,s6.418446828,s0.270071811,s286.511973244
137_52,s-6.666782487,s-0.389226527,s180.267056706
137_53,s-1.867961295,s6.519707545,s294.720525394
137_54,s-0.421617758,s-2.556124780,s229.785250934
137_55,s-6.625010910,s3.315096013,s224.765450982
137_56,s-4.629440824,s2.957508929,s152.754837094
137_57,s0.344429979,s-4.053216097,s43.008544904
137_58,s2.331973031,s-0.150720677,s266.438709420
137_59,s-4.100424871,s-3.092995274,s332.915610237
137_60,s-0.985366667,s1.754822554,s250.687023156
137_61,s4.490583589,s5.139176987,s32.584695356
137_62,s6.544588281,s5.571242355,s68.601678382
137_63,s4.396447003,s6.484452675,s204.929573914
137_64,s3.253589811,s-1.543150902,s154.307754517
137_65,s-6.500937731,s4.289514793,s132.751679644
137_66,s-5.337248622,s0.336459919,s279.506643839
137_67,s1.827788641,s5.774630013,s325.671218967
137_68,s-4.389564745,s0.287739556,s105.775265505
137_69,s-3.505145983,s6.531742086,s220.672888705
137_70,s-5.032241730,s-0.603311849,s227.906841333
137_71,s-2.912255256,s-2.058137001,s273.703370106
137_72,s6.529423507,s6.570044003,s349.007494884
137_73,s3.355029473,s2.245285555,s190.184289741
137_74,s2.312806536,s4.275646954,s8.861676553
137_75,s-2.333482310,s2.673802839,s120.007692610
137_76,s6.004641165,s6.220344552,s336.984748812
137_77,s6.437539691,s1.502146530,s343.789819033
137_78,s-3.311107637,s-3.360199987,s333.080934586
137_79,s-6.382042817,s6.399751584,s245.559074227
137_80,s-6.253369656,s2.287820735,s56.560695891
137_81,s-6.101223106,s4.085886329,s340.380156575
137_82,s-5.436806204,s6.471060396,s106.989137695
137_83,s2.907187887,s5.596197348,s298.162816327
137_84,s-5.160343108,s1.979022647,s152.196308501
137_85,s-1.309431935,s3.283592468,s244.047011610
137_86,s3.304735239,s5.726363514,s42.437047483
137_87,s3.479001181,s-5.789459959,s80.988091966
137_88,s-0.626699368,s6.580635567,s9.528325240
137_89,s6.499729070,s2.219830184,s108.549576673
137_90,s2.926583077,s6.454208269,s237.202656796
137_91,s-2.669087478,s6.353261373,s314.453378302
137_92,s-1.527594631,s4.282053829,s1.646415914
137_93,s-2.775055365,s5.803572339,s303.202373520
137_94,s-6.546300529,s5.534394766,s53.029307021
137_95,s-1.231905705,s5.327599537,s245.173113999
137_96,s4.682261432,s-4.118400567,s183.192975005
137_97,s0.843662077,s1.705201034,s260.838771321
137_98,s-5.456541516,s3.539177381,s173.276620545
137_99,s4.086938345,s6.538343777,s235.703849175
137_100,s4.604974224,s5.106750563,s68.204733821
137_101,s4.146253095,s2.058476446,s132.456908993
137_102,s3.977736783,s-0.027659808,s114.760610867
137_103,s-0.608008814,s4.345387605,s30.717423470
137_104,s-6.678928822,s5.140766891,s212.586848816
137_105,s-2.490769172,s3.789030486,s310.359967955
137_106,s4.357881463,s3.134008624,s144.090990145
137_107,s-5.651646833,s1.113389530,s14.808473814
137_108,s1.316670480,s-2.441249755,s318.402123467
137_109,s6.076557397,s5.611735093,s315.454501012
137_110,s-5.535829129,s2.750245383,s181.290317044
137_111,s-5.057377715,s5.370816729,s108.461320246
137_112,s6.348032881,s3.726196028,s278.308786088
137_113,s-1.082659441,s0.601513104,s289.140299444
137_114,s0.631358074,s4.368635361,s229.751383544
137_115,s6.428478595,s4.410350754,s70.103547028
137_116,s5.240382353,s-0.803736122,s133.692278660
137_117,s-4.552502515,s3.823269074,s309.546782409
137_118,s-3.589857079,s5.190318690,s16.703947877
137_119,s0.676227589,s6.174499055,s209.189197702
137_120,s-3.094528397,s3.185821531,s39.174386578
137_121,s-6.025249366,s-2.666035009,s319.792493374
137_122,s2.652724828,s6.417457251,s251.264602638
137_123,s0.345143928,s6.540621692,s272.803610542
137_124,s4.572419694,s-0.461176830,s347.688918221
137_125,s5.341664798,s6.441816293,s200.118920882
137_126,s2.672571350,s3.473990551,s194.647037692
137_127,s-1.945122644,s1.100787566,s287.144839800
137_128,s4.283021756,s3.673262980,s300.912939329
137_129,s6.110330420,s3.908931790,s51.015428790
137_130,s-3.347907232,s4.480794795,s282.404036817
137_131,s-5.529992311,s5.875345111,s349.568503575
137_132,s0.877873064,s5.554057558,s202.967826635
137_133,s-0.570690657,s-0.789995545,s33.310158792
137_134,s-6.754067565,s3.735031191,s234.546407388
137_135,s4.958475937,s3.774597371,s217.607610555
137_136,s-2.843448810,s5.110518082,s131.554358548
138_0,s-3.936629067,s2.842495571,s155.863283008
138_1,s-3.673063580,s-6.365013452,s232.216277761
138_2,s-4.760133710,s1.989291943,s343.251647131
138_3,s-1.523860814,s-2.646829067,s172.973156624
138_4,s-1.389154312,s5.354460754,s284.681804501
138_5,s2.002803561,s1.349840723,s137.340782660
138_6,s-4.770352401,s-4.220746199,s68.290867953
138_7,s1.327933445,s-5.197009202,s170.077439270
138_8,s-1.429554835,s-4.393203200,s321.651347911
138_9,s4.889534816,s-6.477287764,s129.207724481
138_10,s2.977573232,s-5.922146879,s352.090257441
138_11,s3.115644043,s-4.270649743,s153.248541462
138_12,s5.625081623,s-6.755720252,s123.162008929
138_13,s-0.057228497,s-3.918583584,s62.584716122
138_14,s-4.633321031,s-2.286850909,s7.627009556
138_15,s0.635906796,s-3.494105592,s170.586569527
138_16,s-4.668807088,s-3.095202762,s319.600593247
138_17,s0.004523325,s-2.573081280,s180.719077219
138_18,s-2.057895482,s-6.667623731,s146.507356335
138_19,s-1.106803865,s1.536632731,s200.928848567
138_20,s-2.324353493,s-0.298066402,s305.484951802
138_21,s5.045995361,s-4.409604444,s158.032254548
138_22,s4.669667203,s-2.224468140,s328.326148892
138_23,s4.995895378,s1.790295774,s96.778993388
138_24,s6.132577621,s1.320800050,s66.604421227
138_25,s4.891574503,s-3.623778400,s40.365229282
138_26,s-2.482172862,s-1.747057504,s232.777551296
138_27,s-6.654151410,s0.141023418,s41.285967668
138_28,s-6.493445338,s3.284519755,s49.751845871
138_29,s0.228267704,s-1.029997506,s45.838985696
138_30,s-0.882351497,s-0.998763029,s0.539427188
138_31,s4.371840433,s2.444428328,s66.664087051
138_32,s5.049571496,s-1.057268589,s352.620590217
138_33,s5.589678353,s0.026642985,s177.893527551
138_34,s-0.595408904,s-4.019580393,s314.266223509
138_35,s1.444387612,s-3.617261154,s181.669113767
138_36,s0.944854728,s4.056104197,s256.531552803
138_37,s3.856305832,s-1.769289582,s223.920733835
138_38,s4.341592174,s-0.583576182,s83.056107260
138_39,s-0.233619225,s0.432140230,s320.901950918
138_40,s-5.875051961,s-4.839698782,s318.060749292
138_41,s1.719511474,s-4.261409451,s17.609390228
138_42,s-2.613118589,s-2.499389558,s356.561909508
138_43,s-0.181250808,s-4.717771443,s82.440968771
138_44,s3.509960763,s0.410826185,s314.701285063
138_45,s3.542538681,s-1.172476954,s243.135512160
138_46,s-6.563039825,s-3.067733615,s282.900574897
138_47,s4.312155044,s3.994495999,s75.831528389
138_48,s6.188447362,s-0.715229379,s335.066854707
138_49,s2.526770878,s1.965361397,s42.785207260
138_50,s4.870726972,s1.312142480,s211.473429220
138_51,s2.027764128,s-6.840611246,s235.173927807
138_52,s-5.850795165,s-5.762109171,s219.330040807
138_53,s-2.564215828,s4.418764472,s268.229137345
138_54,s-6.076510920,s1.517782778,s123.452778141
138_55,s-2.312201317,s0.821445848,s201.421204672
138_56,s-4.901874600,s-6.494117412,s49.429713343
138_57,s1.102980519,s-1.286100236,s248.516804079
138_58,s-5.514744379,s5.069743859,s221.486392417
138_59,s4.768884018,s1.926339059,s227.432558689
138_60,s-3.681832192,s2.892720650,s262.733951727
138_61,s4.336133371,s-0.931136119,s224.820934159
138_62,s0.817634030,s1.531267592,s335.803611260
138_63,s5.446675063,s3.844923223,s198.782150889
138_64,s-1.688369913,s3.657156413,s310.799539229
138_65,s-6.479265161,s-2.228610818,s279.620264152
138_66,s-6.153230871,s2.403849142,s356.901888566
138_67,s-5.303943846,s2.019476216,s26.897101692
138_68,s0.331649884,s0.360169091,s214.633730527
138_69,s-4.098030779,s-0.583216642,s277.886813590
138_70,s-5.516164913,s2.609154116,s311.690524780
138_71,s-3.062166849,s-0.700674050,s282.904006759
138_72,s-3.969356386,s-3.270998544,s98.008326908
138_73,s-6.187883252,s-1.242015355,s258.895685681
138_74,s6.739019240,s-2.055457255,s332.766648379
138_75,s6.123404514,s-1.859124544,s239.249532116
138_76,s6.717779238,s0.351165020,s305.791883258
138_77,s6.815248727,s2.421800303,s212.896792552
138_78,s2.796575626,s3.760239896,s8.177884846
138_79,s-6.643161670,s6.164251274,s40.729982175
138_80,s-0.694370343,s-6.530268168,s219.003196394
138_81,s2.688901633,s5.104037976,s155.102035613
138_82,s-1.000673381,s6.442975577,s255.020685812
138_83,s-5.023696887,s4.988850020,s332.307724856
138_84,s3.349355756,s4.911855834,s103.546494636
138_85,s4.470142925,s4.681510915,s86.410480712
138_86,s-4.187892047,s4.459490976,s140.602841860
138_87,s1.062829716,s2.909222267,s114.380775160
138_88,s-2.675428172,s1.896720969,s21.989678278
138_89,s6.280358779,s6.011551915,s107.587825196
138_90,s5.707675381,s5.317490741,s121.663738920
138_91,s-1.948562201,s5.261407897,s167.595235360
138_92,s3.166190807,s2.930479253,s241.705344534
138_93,s-3.417064958,s5.085422680,s100.264348391
138_94,s2.920685534,s4.093628436,s162.371682875
138_95,s6.662152716,s-3.557904686,s62.990624208
138_96,s-6.569457899,s1.952521410,s85.238148353
138_97,s0.710486936,s4.224988901,s159.882407013
138_98,s1.731004619,s4.272711129,s74.140433912
138_99,s-0.917206874,s-1.516012291,s98.882870605
138_100,s5.586654889,s6.550261544,s316.793330195
138_101,s2.933181154,s5.967908279,s73.817976121
138_102,s6.671360597,s3.214139587,s198.072920963
138_103,s1.154268661,s-2.261177324,s125.184167933
138_104,s-6.653673477,s4.208695896,s36.641865787
138_105,s-3.887733963,s-4.306290126,s76.301803212
138_106,s-2.292959972,s3.535788264,s147.022270870
138_107,s3.901557589,s1.751110334,s70.493813958
138_108,s-5.283668453,s6.511090903,s295.114238643
138_109,s5.914809151,s3.747262539,s72.713341563
138_110,s-2.283324882,s5.047428725,s326.910394616
138_111,s0.725129668,s-1.094648580,s258.721737587
138_112,s-2.588832106,s2.122390220,s201.531542057
138_113,s5.593697809,s4.192192493,s29.939995935
138_114,s6.653136833,s6.538332255,s238.428223143
138_115,s1.672857930,s3.553882708,s224.615886145
138_116,s4.134653907,s6.479207324,s283.027582287
138_117,s-4.879025959,s3.946277284,s91.869304040
138_118,s-0.159942596,s-0.909243641,s12.301615529
138_119,s-5.026617925,s6.132632706,s276.498335601
138_120,s-3.521986691,s1.465249789,s262.417847454
138_121,s-0.506438897,s4.345970749,s257.072874378
138_122,s1.114352668,s5.452593149,s122.757285880
138_123,s4.873637808,s6.208816955,s322.832675174
138_124,s-0.223105643,s3.233271565,s298.248600366
138_125,s3.157784504,s6.560248759,s212.127982473
138_126,s0.117723534,s3.125966327,s181.321629643
138_127,s1.298136149,s6.371248493,s82.803604936
138_128,s6.809530751,s4.818535664,s137.839882524
138_129,s-5.680222140,s-1.500328204,s332.199108154
138_130,s-5.910475045,s4.187489914,s347.055020398
138_131,s2.484815379,s5.924974098,s229.811468168
138_132,s-2.936971568,s6.562695172,s15.177938284
138_133,s-2.957259230,s6.090627552,s172.241173659
138_134,s-1.762109370,s5.804996981,s335.279916846
138_135,s-1.423779636,s0.763004640,s285.694796157
138_136,s5.712754987,s2.361624973,s256.198956435
138_137,s6.611967937,s6.601855858,s307.733562298
139_0,s-5.866969769,s-5.534457644,s132.332259272
139_1,s-3.837682299,s-0.863087876,s53.874047619
139_2,s-5.352256250,s-3.724389894,s15.627304185
139_3,s0.855690925,s5.559822629,s282.329158963
139_4,s-6.399808124,s-6.688980225,s306.384141557
139_5,s-3.707549721,s-6.731064978,s29.890531806
139_6,s-0.703208794,s0.964493136,s228.951531932
139_7,s-2.673520748,s-4.295140204,s0.037810215
139_8,s1.798706587,s-6.574106521,s30.463661382
139_9,s-1.381623053,s-6.713272899,s82.549611694
139_10,s6.451242698,s-6.298857547,s160.767645588
139_11,s4.707741055,s-1.124900571,s173.080503781
139_12,s0.793609322,s-3.939374733,s161.848866430
139_13,s-2.435478864,s0.418278886,s337.431125502
139_14,s-1.314202075,s4.531683450,s336.152879300
139_15,s4.045940115,s-4.256850526,s76.086723931
139_16,s-3.201926765,s4.070806029,s31.393908810
139_17,s-3.466041613,s-2.522559780,s340.741575407
139_18,s-3.880280107,s-5.974685017,s104.868548133
139_19,s-2.348000191,s0.343003196,s188.884815708
139_20,s-1.170012731,s-4.798359648,s304.907084705
139_21,s-0.502813872,s-2.247211381,s193.626629531
139_22,s4.555416924,s-3.737950123,s285.324790334
139_23,s5.394590813,s-1.934499116,s338.303916872
139_24,s2.606936219,s-5.107432892,s25.256499634
139_25,s2.345186036,s6.084185963,s68.649086994
139_26,s-5.164329641,s-2.132325256,s176.326195911
139_27,s-2.034805406,s-3.322933858,s152.628934038
139_28,s-6.414674309,s3.159273448,s247.035005806
139_29,s-3.166526289,s0.818112160,s234.063018754
139_30,s-6.404137447,s-2.282131092,s240.919264263
139_31,s2.390930340,s2.546750030,s288.118625340
139_32,s-2.954073951,s0.018027990,s317.518267366
139_33,s3.381915976,s-6.050256549,s178.531227596
139_34,s5.825421723,s0.540657506,s21.794100486
139_35,s6.619056201,s-1.453318866,s62.500142997
139_36,s4.721710682,s-1.844281893,s277.153593684
139_37,s6.582054565,s-5.895987338,s55.829872509
139_38,s0.815609046,s3.047828239,s157.086745797
139_39,s-5.234152656,s-5.239715752,s335.547034274
139_40,s-5.324520004,s-6.694132910,s14.064647591
139_41,s-5.728090574,s-3.213329630,s118.298213769
139_42,s-1.199276582,s0.630715371,s225.922270481
139_43,s-6.485282890,s-3.430668592,s127.223367980
139_44,s-1.259449588,s-2.923734405,s26.510540248
139_45,s1.178186362,s-3.516076497,s332.128526987
139_46,s0.382945297,s6.434732666,s170.938764822
139_47,s0.695243120,s0.725135614,s221.777221137
139_48,s2.993429475,s0.232420972,s313.057947418
139_49,s0.494948279,s0.331500521,s173.476954216
139_50,s4.260746523,s-5.562299942,s243.019573123
139_51,s-2.632818024,s2.742518195,s44.973308227
139_52,s0.052384615,s-3.477078305,s306.936877617
139_53,s-4.895885637,s-2.483732940,s293.784716493
139_54,s-4.824377872,s-0.072556634,s94.001340167
139_55,s-5.223544400,s3.767584528,s147.039991221
139_56,s0.171360079,s-0.900243141,s90.389624677
139_57,s4.205549329,s-0.462921919,s147.172424344
139_58,s1.565881753,s-4.928343862,s0.399184892
139_59,s-3.155597569,s-6.573280768,s325.853280051
139_60,s-0.260353930,s-6.428034006,s327.684133622
139_61,s2.214072196,s-1.421765477,s353.881950774
139_62,s6.576904094,s-2.765468024,s195.036028984
139_63,s6.201880780,s3.630252277,s124.722359445
139_64,s2.574553523,s-0.289309023,s75.492725174
139_65,s-3.810224884,s1.343775984,s339.489063644
139_66,s-4.644636301,s-0.008307131,s18.779780821
139_67,s-5.692675825,s0.724968903,s40.577483147
139_68,s3.869598202,s5.341316230,s61.928097900
139_69,s4.854605439,s3.669440080,s48.087796768
139_70,s0.926862312,s-1.712113234,s227.493285834
139_71,s2.302288055,s3.636757229,s83.630662411
139_72,s-0.488732844,s1.389346370,s215.683753056
139_73,s2.241405558,s4.371704213,s115.173839464
139_74,s6.569024681,s2.142614708,s99.873537177
139_75,s-0.491171416,s-4.716247705,s274.164440821
139_76,s5.201768658,s1.916935381,s301.892168910
139_77,s3.963211831,s6.361704239,s36.370311833
139_78,s-5.244848919,s5.726430490,s18.652951180
139_79,s3.151236528,s6.460388893,s50.599873825
139_80,s-2.994271091,s1.609279609,s356.392815889
139_81,s-6.380845675,s-1.655771459,s122.288530715
139_82,s-1.666062774,s-6.133472781,s290.367095573
139_83,s0.242324255,s-2.307836041,s294.481783059
139_84,s-1.240891284,s3.475208888,s173.805601397
139_85,s0.993577074,s0.124842963,s205.493028560
139_86,s6.675706390,s3.417427349,s120.259566605
139_87,s6.471911998,s6.370059660,s44.413359344
139_88,s5.669092060,s4.357407709,s71.418532819
139_89,s3.401579572,s1.361114022,s344.042300497
139_90,s1.995591179,s0.097916963,s227.983074886
139_91,s-1.083927512,s-0.980401828,s121.950531874
139_92,s-5.760389361,s6.241936036,s235.275541139
139_93,s-5.766550472,s3.357227389,s307.322948708
139_94,s1.928503409,s4.277332788,s1.346009741
139_95,s1.614073309,s2.726539476,s72.331498345
139_96,s3.553965511,s3.142751647,s279.795951630
139_97,s-2.175554201,s-2.458188492,s135.493430502
139_98,s-4.067800448,s0.202894951,s246.315549582
139_99,s1.359125101,s5.490861778,s79.921336978
139_100,s-6.075553619,s2.577053191,s207.560342583
139_101,s3.124853705,s-2.581728728,s81.083456597
139_102,s-3.403789381,s5.697738862,s82.841802220
139_103,s6.454818869,s6.378458222,s303.450401851
139_104,s-5.555227163,s2.192514475,s101.575600376
139_105,s-5.834455297,s6.282678421,s125.278746564
139_106,s-5.846368389,s0.484147899,s215.401664099
139_107,s-0.077676377,s5.630180873,s294.229154619
139_108,s-2.296286569,s3.925903890,s50.724814155
139_109,s4.630729714,s4.710846149,s246.287508664
139_110,s-5.166465270,s5.004631701,s352.153826229
139_111,s5.326292604,s1.257949530,s39.331932808
139_112,s6.018507475,s1.356150765,s181.818294525
139_113,s3.845809840,s4.848079682,s31.117552058
139_114,s-0.333593564,s2.706441107,s197.733743955
139_115,s5.145682140,s0.450102454,s107.005176607
139_116,s2.543017009,s3.256667979,s293.385916123
139_117,s-4.619068257,s2.813588391,s197.441060154
139_118,s-6.431868275,s5.682450388,s27.385819390
139_119,s-0.847286354,s3.023152672,s351.974169738
139_120,s-2.721009155,s4.363976946,s73.734112499
139_121,s-3.603063270,s-1.658422120,s253.026587520
139_122,s5.503402020,s1.927142022,s268.749720281
139_123,s-6.236294783,s4.656026905,s287.116643334
139_124,s-1.127490221,s5.879083483,s266.341096020
139_125,s6.216320716,s-1.953195088,s237.498361498
139_126,s4.363497135,s6.329150765,s180.888433447
139_127,s5.447462588,s6.268829332,s8.365203219
139_128,s1.251241162,s-1.043906413,s223.562547502
139_129,s2.703144922,s4.571336410,s110.673797799
139_130,s-1.892191841,s6.163769712,s0.180184900
139_131,s-3.546137703,s4.438762889,s160.546339542
139_132,s4.400292951,s2.709333616,s153.051920361
139_133,s-5.033485565,s3.764363203,s299.877135877
139_134,s5.669622166,s5.552480126,s173.600859391
139_135,s-4.249893540,s1.280091173,s306.088294164
139_136,s0.184810527,s6.182852409,s58.000559927
139_137,s-3.307539022,s4.738403019,s301.597321385
139_138,s0.528106278,s3.147148667,s48.869626794
140_0,s-6.470760432,s-3.095026613,s110.165671499
140_1,s-6.648650162,s-6.449209859,s135.607101716
140_2,s-2.449421271,s4.210871857,s254.677795093
140_3,s-6.203906341,s-6.996160457,s212.790729516
140_4,s-1.136914550,s-6.193260751,s359.497427538
140_5,s-2.296522321,s-7.359499525,s334.344551530
140_6,s1.105510091,s-6.754698922,s167.659064884
140_7,s-2.147679828,s-4.976098404,s241.476953306
140_8,s7.231648329,s-3.215353577,s85.480198383
140_9,s-1.024954738,s1.525624420,s183.562339678
140_10,s6.406319255,s-6.715850505,s214.414260442
140_11,s7.002217438,s-4.834318364,s328.533430933
140_12,s6.299720321,s-2.996346101,s117.692825394
140_13,s-4.507982851,s-2.394314165,s220.140688490
140_14,s-7.199099051,s-1.392614887,s141.683480819
140_15,s-5.453673077,s-3.917147926,s120.397234704
140_16,s-4.169941335,s-3.366363883,s159.961660536
140_17,s-1.882310355,s0.955748939,s153.990920724
140_18,s3.380338756,s0.262368928,s296.590579130
140_19,s6.627265329,s-3.173771966,s298.717554018
140_20,s1.649227310,s-2.960710566,s257.745906941
140_21,s1.845748461,s0.936441732,s258.198176896
140_22,s-2.656796574,s-2.900083935,s250.936654907
140_23,s4.922151934,s-2.600500711,s320.364451908
140_24,s4.304728936,s-3.466581126,s217.141230341
140_25,s5.513667329,s-6.532741877,s283.011309113
140_26,s-5.707183123,s-1.520086055,s38.234234692
140_27,s-1.877791604,s2.626833825,s58.704386988
140_28,s-5.394211648,s1.639166162,s11.611193542
140_29,s-1.797311179,s-0.031905817,s221.076564745
140_30,s0.819770662,s-2.451106435,s55.574847655
140_31,s-4.061564916,s-7.370384838,s197.442365174
140_32,s-0.335353953,s-0.313212891,s246.837051627
140_33,s-2.358341668,s-2.215000470,s273.543269929
140_34,s4.372420800,s-4.981903572,s276.054740785
140_35,s6.287858779,s7.041916148,s346.439389782
140_36,s3.059188179,s-6.248123800,s154.569208233
140_37,s5.531811013,s1.202971573,s111.561658790
140_38,s5.062071388,s5.264973249,s221.634727387
140_39,s-2.062378702,s-0.566304101,s57.184096717
140_40,s-5.914037852,s-0.400658323,s176.730138255
140_41,s-6.927001950,s7.319094467,s217.086156291
140_42,s-5.014781371,s5.083467302,s100.165444692
140_43,s-4.863051428,s2.908961847,s222.120505850
140_44,s-5.295609500,s-6.998326039,s63.198886971
140_45,s5.878680602,s3.324542277,s66.198399640
140_46,s-1.244316410,s2.772369757,s356.252917665
140_47,s-3.402010867,s1.020620993,s131.380868756
140_48,s0.968168084,s-5.615073229,s344.554357896
140_49,s4.934775955,s1.595513768,s293.146749514
140_50,s6.973502473,s-1.803792093,s110.281353468
140_51,s6.433955656,s2.405118329,s228.988724877
140_52,s-7.132834080,s-4.632302469,s131.110077892
140_53,s-4.395624592,s-1.171223214,s144.420671875
140_54,s-6.202210341,s-5.165937034,s51.880223744
140_55,s-0.898472448,s-0.135499015,s289.792445321
140_56,s-3.572106489,s2.957275983,s86.100119453
140_57,s3.740802115,s2.280893617,s187.254710284
140_58,s-0.357421930,s4.079968943,s263.526785965
140_59,s0.052645284,s-7.199049350,s228.073197025
140_60,s0.512168470,s-4.572805449,s162.911174617
140_61,s-6.736986028,s-1.637984564,s49.290650086
140_62,s2.212135533,s7.244742706,s85.456538752
140_63,s6.986184195,s0.816984265,s307.029718965
140_64,s6.729566132,s2.993987060,s292.425692825
140_65,s1.738844406,s6.265854102,s46.001543581
140_66,s2.915286799,s1.905974172,s247.409416857
140_67,s-7.136249789,s4.206753844,s127.608853260
140_68,s-7.141202858,s0.635724296,s234.690155526
140_69,s-4.096600493,s4.476044162,s292.321278721
140_70,s7.254449368,s5.955152551,s247.289892758
140_71,s5.793810865,s5.796501060,s187.576928053
140_72,s2.997182186,s3.677497261,s30.652429260
140_73,s2.941252660,s5.441967859,s268.733062795
140_74,s2.022182605,s-0.152664920,s65.455114606
140_75,s6.336101884,s4.573214793,s272.797830314
140_76,s4.961504118,s6.147865797,s67.171405397
140_77,s4.700660168,s-1.856707212,s239.594388052
140_78,s-7.564338555,s4.668061383,s222.819024696
140_79,s-2.218032364,s5.811804216,s249.511185985
140_80,s-3.500447894,s0.579590770,s82.642022391
140_81,s-3.248801869,s-1.047002102,s218.942582220
140_82,s-5.296081350,s3.404682145,s24.936763323
140_83,s-2.366657993,s0.818645677,s183.779603154
140_84,s6.015740868,s7.090421018,s342.755194144
140_85,s-0.191857731,s5.699511547,s120.788070977
140_86,s-2.491482214,s4.997543856,s106.592601467
140_87,s-0.663832540,s2.646641034,s264.328191327
140_88,s2.468199263,s-2.709369928,s25.889113132
140_89,s5.521274315,s2.407985170,s122.317987148
140_90,s1.867002520,s5.439341462,s306.727597428
140_91,s-7.457860576,s5.564020960,s222.884536191
140_92,s-4.392222766,s5.657313565,s271.103627972
140_93,s-1.071644085,s5.729331567,s20.613812649
140_94,s-6.345511109,s1.259609204,s280.040003882
140_95,s-5.038437635,s-1.579207741,s6.390397258
140_96,s0.049171840,s6.205614328,s237.351394936
140_97,s-7.156018078,s6.151161819,s230.200402634
140_98,s-7.109486081,s6.838903166,s65.875092191
140_99,s4.171834682,s1.855245974,s13.746477408
140_100,s4.040735763,s4.855159666,s307.828658767
140_101,s2.982184186,s4.332020544,s177.117200734
140_102,s5.348716697,s3.999329096,s248.705648714
140_103,s6.048510684,s-1.026135704,s214.757136003
140_104,s-7.564338555,s2.215666567,s300.784296145
140_105,s-6.754285516,s2.160595713,s204.753830942
140_106,s-7.380236254,s2.666490772,s4.608013051
140_107,s-1.243297974,s1.128528314,s263.310004871
140_108,s-5.869812953,s3.972913380,s52.773114297
140_109,s4.164210385,s5.843026783,s0.009896234
140_110,s5.205033889,s5.488338144,s107.931780248
140_111,s5.970077679,s-1.794291733,s5.043897015
140_112,s3.865842950,s3.749756323,s343.988897726
140_113,s3.177864349,s-1.141956511,s28.221191097
140_114,s2.648210956,s6.367796297,s15.365564863
140_115,s3.167432923,s0.755586933,s76.592908455
140_116,s7.291228347,s7.313716541,s236.706620047
140_117,s-5.813426788,s6.382093423,s347.152331804
140_118,s-5.084907569,s7.342684782,s192.160406051
140_119,s-2.590308571,s4.572064820,s16.154508919
140_120,s-3.404574952,s5.909556712,s54.566033761
140_121,s0.854814451,s5.425768318,s142.911444634
140_122,s-7.371298881,s7.340092018,s50.932871532
140_123,s-2.093586542,s7.417083035,s136.821231253
140_124,s-1.488257917,s6.229856626,s334.246362406
140_125,s0.410360511,s-0.236613069,s14.701610995
140_126,s4.815256198,s3.430043261,s328.352833094
140_127,s1.118684055,s7.348905999,s11.225826613
140_128,s7.194057958,s3.554727166,s158.900618097
140_129,s2.539661004,s4.209090972,s201.442799190
140_130,s-0.379238621,s4.167190566,s355.458157239
140_131,s-2.683730380,s6.543793585,s205.350903863
140_132,s-3.450686272,s7.062192984,s196.455897036
140_133,s-1.717828363,s4.701376841,s347.375813131
140_134,s-6.809865291,s3.668295260,s2.700551086
140_135,s-2.158452907,s7.052212456,s99.307525827
140_136,s6.833821855,s6.920788768,s334.787510728
140_137,s0.489178321,s6.894433993,s19.753231128
140_138,s0.571931960,s3.601722783,s352.600629312
140_139,s3.518934413,s7.234763419,s289.198692424
141_0,s-7.016105146,s-5.365869067,s248.789319376
141_1,s-7.070628882,s-1.588600034,s6.095291710
141_2,s-3.513984702,s-3.739026140,s208.408669201
141_3,s-6.858659130,s-2.232005054,s73.543581723
141_4,s-7.043184629,s-5.769245597,s125.153323926
141_5,s-1.646184670,s-5.107414291,s324.262511622
141_6,s1.957620388,s-2.689111620,s194.816629228
141_7,s6.991041989,s-0.435895053,s187.850981655
141_8,s1.063358363,s-7.165207980,s342.193901127
141_9,s-2.524817367,s-2.468416516,s298.830140460
141_10,s4.257969950,s-6.561932751,s17.281438496
141_11,s-0.759845917,s-2.706478008,s189.064117545
141_12,s6.695790262,s-6.420372100,s86.719778562
141_13,s-6.325526776,s3.020028682,s122.907354575
141_14,s-6.660152341,s1.114501353,s67.451170902
141_15,s-1.769583746,s-3.172372037,s25.906605901
141_16,s-3.474275594,s-5.412743092,s198.324257406
141_17,s-4.460686031,s-1.739105635,s348.198647726
141_18,s1.644157567,s-6.391240046,s327.077489718
141_19,s-0.817165912,s-6.991944933,s211.950298729
141_20,s-1.333765101,s-3.691383788,s299.746066545
141_21,s-5.804676057,s-5.679658221,s313.098737951
141_22,s2.779426937,s-4.744491620,s358.164350869
141_23,s3.114607925,s-3.496464772,s172.169861513
141_24,s5.101211328,s-5.450854750,s181.647073433
141_25,s6.527507184,s-2.492172603,s134.057837085
141_26,s-5.245645204,s-6.306973464,s268.836048026
141_27,s-4.937278551,s-2.958331574,s127.190844809
141_28,s-0.425286512,s-2.288948429,s256.219119782
141_29,s5.433285876,s-2.688366365,s164.260642585
141_30,s6.803746397,s-4.410477847,s54.002759702
141_31,s2.938362195,s-2.657782508,s96.619879336
141_32,s-4.999057152,s2.834091450,s130.710479098
141_33,s4.900582204,s1.609204758,s74.501974063
141_34,s6.937263596,s6.714738755,s165.874547566
141_35,s-1.136598575,s0.902703250,s186.456056505
141_36,s7.024435667,s-3.676432467,s132.365526677
141_37,s4.002313062,s-1.211769836,s22.240861651
141_38,s6.987873866,s-1.348954261,s297.532016577
141_39,s-5.665235219,s5.846919524,s310.359843588
141_40,s-1.273747065,s-0.788828094,s30.698391408
141_41,s-5.121208906,s1.130441348,s77.704245133
141_42,s-4.101735270,s4.281800956,s140.411052184
141_43,s-1.620502476,s1.293283669,s102.232148141
141_44,s3.320228706,s1.506686308,s314.220954458
141_45,s0.547286134,s-0.384373249,s45.633333432
141_46,s4.759424296,s6.695667710,s247.525961130
141_47,s3.822038947,s-0.365981065,s68.107296629
141_48,s4.530839650,s2.470257151,s75.064599100
141_49,s3.479757314,s-5.177028837,s323.649265444
141_50,s-0.689905341,s1.111289456,s266.045166639
141_51,s7.071232764,s-2.468670517,s68.049119522
141_52,s-5.294950807,s-4.492124095,s6.726023959
141_53,s-3.584318071,s0.978917403,s332.623599145
141_54,s-3.287267355,s1.762604486,s37.168531889
141_55,s-3.144013678,s-0.982108341,s181.534795957
141_56,s-0.567267086,s-4.069149525,s228.276896130
141_57,s2.923618149,s-0.075445346,s89.769510874
141_58,s3.038580229,s-1.599759089,s175.340375210
141_59,s-1.477341464,s-1.712405738,s203.505798383
141_60,s2.385578731,s5.006469538,s203.256357141
141_61,s-2.937472115,s-5.908130429,s2.452981715
141_62,s0.915872235,s5.068627783,s323.768533255
141_63,s2.515640978,s1.026616424,s92.235146075
141_64,s5.351604365,s2.722446755,s222.582005044
141_65,s-5.444642948,s-1.931979921,s145.024967294
141_66,s-6.739082214,s-3.629910061,s24.875532584
141_67,s1.551071585,s-1.516986838,s315.638563481
141_68,s-1.445466200,s2.101581070,s294.406450291
141_69,s1.129228411,s6.128945641,s32.314042160
141_70,s-1.494682785,s6.523252982,s25.375450308
141_71,s-3.956197457,s-3.066415604,s35.793869050
141_72,s-4.594570161,s3.606110245,s340.951954432
141_73,s5.126259595,s0.357850141,s124.144127258
141_74,s6.995755648,s1.683465878,s152.210830059
141_75,s1.598892010,s4.775139740,s150.165393279
141_76,s3.251559052,s4.294315761,s196.904727679
141_77,s5.638992055,s2.937961638,s351.485390233
141_78,s2.370688815,s1.271988050,s185.764363889
141_79,s-6.416122811,s0.439734577,s187.933818394
141_80,s-5.864812072,s3.851626639,s48.271644499
141_81,s-4.621607142,s6.263551188,s64.694302742
141_82,s-0.105486781,s3.245474302,s132.803427395
141_83,s1.247371341,s3.046945999,s142.668206547
141_84,s2.139931122,s6.202717339,s78.263122483
141_85,s0.689928626,s2.149528187,s30.814295579
141_86,s-4.600167235,s0.767649300,s189.956141413
141_87,s4.645950913,s0.101122859,s130.558374315
141_88,s7.009478290,s6.333257654,s306.032817727
141_89,s7.037426803,s3.570025582,s180.482438682
141_90,s7.056468917,s3.171335146,s98.588551016
141_91,s-6.961745722,s6.547985974,s308.286535899
141_92,s0.659330619,s5.357844014,s111.235417505
141_93,s5.589953970,s-1.783774998,s186.304110376
141_94,s-1.695862373,s3.865990024,s39.426692720
141_95,s-6.609059930,s4.330512196,s321.051728772
141_96,s2.525047001,s5.566319802,s128.947804945
141_97,s-2.448591694,s5.668290584,s156.540840888
141_98,s0.091306988,s-1.123409154,s310.164400184
141_99,s6.133492717,s2.228900218,s149.903000297
141_100,s-4.790336559,s-0.404526098,s171.340409181
141_101,s5.970233804,s6.854634066,s207.008538949
141_102,s4.320540205,s3.238471215,s172.831470883
141_103,s3.505940968,s5.067296054,s50.014295263
141_104,s-7.087549172,s3.802049952,s33.833788759
141_105,s-6.075821656,s4.546425217,s211.982405911
141_106,s-4.623065317,s4.776704583,s293.966025834
141_107,s-5.507049473,s-0.858712246,s350.744833880
141_108,s-1.612010790,s4.117157859,s65.294874592
141_109,s-1.438417485,s5.105991088,s200.254200041
141_110,s4.773142924,s4.903828629,s48.608192066
141_111,s1.077489640,s-3.268367627,s335.890812545
141_112,s-2.037552424,s0.598807969,s143.767769936
141_113,s4.352312640,s5.310905660,s312.212832016
141_114,s-4.335677006,s6.222287847,s268.886302860
141_115,s4.697494032,s5.839288914,s293.566775848
141_116,s6.176036505,s-0.843948945,s49.308296458
141_117,s-4.274863794,s0.600520483,s151.150528329
141_118,s-3.721016537,s6.887955472,s25.813673622
141_119,s-0.380856160,s6.327722324,s19.728209704
141_120,s-0.402300686,s6.949813596,s144.198790135
141_121,s-2.942663529,s4.150691136,s296.885110665
141_122,s2.407433760,s6.653094065,s335.155902190
141_123,s-2.183094079,s2.784993878,s1.851419573
141_124,s-1.693419942,s3.246905149,s181.752833548
141_125,s5.285980901,s5.936289095,s105.974102179
141_126,s6.250730160,s6.648002118,s300.239844417
141_127,s3.681818608,s6.453343550,s46.761665677
141_128,s-2.015292228,s0.358615358,s35.151487652
141_129,s4.350652837,s1.149414151,s256.669979027
141_130,s-0.347438517,s6.241292901,s116.381681212
141_131,s-2.847139781,s6.866392176,s335.843649571
141_132,s-6.095735781,s-0.299127499,s357.696619073
141_133,s2.532169923,s2.091756802,s77.847692953
141_134,s-1.591843862,s6.896412755,s345.448610121
141_135,s-6.688228834,s2.697827656,s171.422770502
141_136,s-1.135646475,s4.827613339,s94.110479428
141_137,s-3.837218670,s-0.790553078,s342.945981171
141_138,s2.833638522,s2.097445912,s194.532413759
141_139,s4.859699021,s6.836904410,s16.243676037
141_140,s0.948958129,s6.838343488,s47.880917205
142_0,s-5.164574444,s-3.398086153,s350.770136541
142_1,s-3.212710192,s-6.617636195,s189.669464289
142_2,s-6.565053897,s-5.750314700,s214.180437183
142_3,s4.107091582,s-6.802691525,s337.485034219
142_4,s-2.269696685,s-5.215862976,s11.203193085
142_5,s-5.483024913,s-0.277646471,s209.225445021
142_6,s-2.002326862,s-2.096044015,s334.583960761
142_7,s4.019308198,s-5.010961527,s159.975921267
142_8,s-1.194804304,s-4.890686263,s225.818130180
142_9,s2.613865799,s-4.046228456,s348.767633737
142_10,s1.383145255,s-4.047034689,s166.554930808
142_11,s6.322853400,s-1.603742743,s328.475613281
142_12,s5.084452543,s-1.656441661,s186.193049038
142_13,s-6.950874992,s-5.194610910,s259.228168348
142_14,s-1.676851241,s-1.114357207,s94.390602497
142_15,s-1.846485721,s-7.361993378,s131.539925251
142_16,s-2.837024299,s0.215540812,s336.708152423
142_17,s3.171232824,s1.636652483,s144.026502487
142_18,s-0.831803847,s0.510442485,s85.096132005
142_19,s0.279048744,s-3.140974548,s258.507524441
142_20,s-0.577110132,s-5.872365764,s34.730429732
142_21,s2.807190296,s-5.864724574,s251.532176972
142_22,s1.773004636,s-7.057809003,s186.861553399
142_23,s6.855089747,s-4.195876041,s70.187356194
142_24,s3.622820263,s-4.342629582,s306.113747958
142_25,s6.516525507,s-5.489409570,s108.825311985
142_26,s-7.227704972,s4.700157924,s226.936185041
142_27,s-5.619370095,s-6.487765141,s238.204285665
142_28,s-5.465620443,s2.784368687,s137.534513405
142_29,s-2.503046524,s-3.307421401,s307.263261579
142_30,s-1.085324580,s1.615861298,s352.244260083
142_31,s-6.602529652,s1.283663181,s53.728539576
142_32,s0.726687200,s3.062268673,s48.253264259
142_33,s0.473869315,s-2.270356800,s273.808682967
142_34,s1.928617394,s-1.152866769,s34.944032889
142_35,s6.067032039,s-3.117907453,s255.027708258
142_36,s4.455791918,s-4.938418221,s296.111105632
142_37,s7.071263951,s3.618878506,s163.590628768
142_38,s4.190398651,s2.461832059,s167.127334761
142_39,s-7.178995607,s-0.745498828,s95.018885213
142_40,s-7.183511318,s-1.576324748,s353.592077994
142_41,s-1.056716304,s-0.370605854,s168.445786976
142_42,s0.673867295,s-1.192457258,s334.702247633
142_43,s-6.377600447,s5.945526805,s234.966572720
142_44,s-1.020567557,s-3.874301712,s268.857072259
142_45,s0.743065544,s-7.340177551,s353.452517337
142_46,s1.729519772,s-2.450811440,s288.881755977
142_47,s3.156363301,s-6.897105056,s243.888384322
142_48,s1.024063065,s0.369582851,s253.429032957
142_49,s2.912553544,s1.634078134,s133.573724156
142_50,s6.135453873,s4.701630848,s343.007580673
142_51,s1.631916771,s-0.321281943,s139.836948629
142_52,s-3.416798512,s3.236031013,s129.479606978
142_53,s-6.891322072,s1.858967813,s56.074199153
142_54,s0.408595152,s3.879176208,s65.883655703
142_55,s-3.644800889,s6.286917306,s187.044797551
142_56,s4.308902354,s6.644531395,s185.884053767
142_57,s0.488111082,s0.655732678,s219.386313954
142_58,s2.996759800,s5.155181708,s278.150879529
142_59,s6.378642171,s0.435156904,s169.620072931
142_60,s3.467015554,s-1.904808699,s251.028558319
142_61,s1.784404130,s3.433528917,s60.490462674
142_62,s1.186187849,s3.857792383,s65.581027113
142_63,s7.245582027,s-1.367897328,s186.905105628
142_64,s3.401109008,s0.028973804,s143.724559764
142_65,s-3.918912158,s-3.109301728,s281.328032097
142_66,s-3.551786411,s-1.166989890,s189.756353374
142_67,s0.037662545,s0.184025588,s137.536492930
142_68,s-0.513061510,s-1.059983279,s177.643014375
142_69,s-5.620393824,s-2.272970541,s64.154418963
142_70,s1.116319238,s-6.276793053,s243.731682544
142_71,s-1.428317176,s7.134289895,s238.701716426
142_72,s-2.703007005,s4.451904458,s147.938999004
142_73,s6.473038221,s2.762639141,s278.292343791
142_74,s5.525937197,s0.341366921,s306.435980421
142_75,s4.270306692,s0.312010753,s349.745115714
142_76,s4.762612695,s3.212099714,s1.222527845
142_77,s5.455702340,s-5.685719091,s240.508053965
142_78,s1.263810808,s4.916995302,s304.385418927
142_79,s-3.527128364,s1.289150256,s78.525231623
142_80,s-1.662824239,s3.406716784,s264.284654944
142_81,s-5.042039081,s5.915211847,s352.148489784
142_82,s-4.533430267,s1.047508444,s174.269140074
142_83,s-1.862068745,s-0.105788734,s333.756544162
142_84,s-5.759044083,s1.269575586,s320.800115600
142_85,s-6.145720624,s6.244453745,s124.225245613
142_86,s2.803960123,s6.521542695,s183.253263961
142_87,s4.167104512,s3.871803544,s35.687540663
142_88,s4.644331895,s5.244409881,s167.785606045
142_89,s1.314486642,s2.314872123,s259.858578018
142_90,s7.291651499,s-0.071321762,s197.430395547
142_91,s-1.506983791,s2.509728616,s346.106276893
142_92,s-2.691415849,s5.504736429,s5.616996710
142_93,s-7.020003789,s6.672028555,s42.754709542
142_94,s4.141472438,s1.483888026,s281.275843995
142_95,s-0.586651127,s4.627217198,s158.540902501
142_96,s1.736343994,s1.194138155,s179.573736141
142_97,s0.675512623,s5.825580253,s206.714936942
142_98,s5.198165842,s3.173471354,s273.299584927
142_99,s5.551572419,s3.305554386,s29.281320621
142_100,s2.283323107,s7.058539479,s124.888354748
142_101,s6.942472042,s0.823305696,s49.928104655
142_102,s1.777882074,s7.042873952,s150.233218993
142_103,s3.871147471,s5.565822637,s64.527920981
142_104,s-4.295138173,s7.080664880,s339.144139460
142_105,s-0.496280351,s7.107581171,s89.381665856
142_106,s-4.107938174,s7.115631587,s346.190332548
142_107,s-4.048226364,s6.423196418,s248.678412684
142_108,s-4.459772058,s5.345506177,s343.638962574
142_109,s-6.580684497,s3.787453184,s326.213673213
142_110,s0.807657668,s5.145910128,s72.589334598
142_111,s-0.346753198,s1.179835816,s308.847399406
142_112,s-1.853336318,s4.664832197,s230.810137979
142_113,s1.001574457,s1.368718561,s159.431681279
142_114,s3.609770963,s1.096570972,s49.858454849
142_115,s7.310723525,s2.327111751,s306.186445394
142_116,s5.350649981,s6.325420357,s325.002163245
142_117,s-1.909840064,s3.655380531,s246.670402062
142_118,s2.749387693,s5.939639257,s234.509758419
142_119,s-1.615571559,s6.803973228,s127.418185972
142_120,s-3.774197748,s4.011446282,s190.383974424
142_121,s-3.473371003,s0.188439801,s312.732672135
142_122,s-5.249274411,s4.527238634,s92.785104232
142_123,s-5.745303926,s1.558284908,s98.321304061
142_124,s-2.628409662,s7.092407634,s233.891947630
142_125,s-0.791338924,s3.098280364,s117.898427788
142_126,s3.510581095,s2.519057098,s233.427698227
142_127,s7.305476592,s7.173460621,s236.936315916
142_128,s4.173426528,s4.369312134,s40.118826917
142_129,s5.707870932,s6.868994577,s149.648819610
142_130,s-5.728361584,s7.071658158,s56.189346332
142_131,s-6.896218282,s5.755686861,s100.770179673
142_132,s-5.680015275,s3.048336842,s174.118130079
142_133,s-0.997276985,s5.602156151,s218.752253483
142_134,s-4.586412083,s3.783234164,s281.393059290
142_135,s2.799731219,s6.995969686,s303.690652781
142_136,s3.881323504,s-3.655175575,s213.090201531
142_137,s2.527225813,s-2.659479288,s57.377277408
142_138,s3.332306002,s5.578312710,s167.411858548
142_139,s3.093236552,s0.883915327,s121.379464053
142_140,s4.906183582,s7.051306366,s46.195468670
142_141,s6.036756207,s5.491234275,s165.225826391
143_0,s-5.305038095,s-4.232224052,s308.128036397
143_1,s-7.223858575,s-7.348964635,s57.442319060
143_2,s-0.132381799,s-1.395084846,s119.588374694
143_3,s-1.824291956,s-4.514435074,s339.889172839
143_4,s-7.402379230,s-5.767199840,s85.466356737
143_5,s-3.227621912,s-7.501691501,s319.907156024
143_6,s1.043848614,s-4.845097869,s311.958370818
143_7,s0.584031417,s-0.344736994,s32.050955783
143_8,s5.027654308,s-4.151843919,s104.682519106
143_9,s7.506153259,s-5.952969843,s238.666951457
143_10,s1.944383583,s-5.550282921,s295.485412425
143_11,s3.285378671,s-5.987191568,s106.928560533
143_12,s6.027961266,s-1.032699745,s144.907294676
143_13,s-3.208245592,s-3.025744756,s229.388695669
143_14,s-7.537057888,s-3.478504562,s337.357982045
143_15,s-6.464996048,s6.689880442,s226.234206306
143_16,s-6.913772518,s-4.261540248,s80.019929370
143_17,s5.381486572,s1.524442418,s254.965103019
143_18,s6.097003131,s-7.205860253,s278.061086020
143_19,s1.483872626,s-0.792083892,s115.435146375
143_20,s1.070599206,s-7.504366153,s48.658371719
143_21,s3.406855386,s-4.887218596,s208.382207785
143_22,s-0.268793067,s-5.743149578,s81.483048261
143_23,s7.177468868,s-5.573524468,s127.527654368
143_24,s7.490315889,s-3.787091131,s275.366515193
143_25,s7.371790820,s-7.519071575,s257.352640679
143_26,s0.620246293,s-2.361130488,s261.438041215
143_27,s-3.858535512,s-4.028802192,s337.653278504
143_28,s-3.155553147,s-4.484761267,s40.270811893
143_29,s-4.755473609,s-6.013334706,s92.534287055
143_30,s-1.565205410,s-1.484327221,s63.608316785
143_31,s0.503627498,s4.560346589,s29.077567611
143_32,s-5.842438778,s-0.609306641,s259.854043447
143_33,s-1.455006613,s0.318877806,s196.256849205
143_34,s4.616875944,s-7.416857696,s87.870029416
143_35,s6.541394728,s-0.793321264,s213.687791681
143_36,s4.265079562,s5.808344975,s101.224155614
143_37,s6.429973086,s-3.503651755,s271.861457393
143_38,s5.243035866,s0.530809735,s20.075004600
143_39,s-3.714612455,s2.532243130,s240.472237958
143_40,s-6.587762044,s-2.213759624,s340.041625535
143_41,s-2.193226872,s-2.412265437,s342.820603040
143_42,s-5.222461644,s1.570595374,s62.490656036
143_43,s-2.885908316,s0.308785422,s324.734127721
143_44,s-2.258329229,s-3.490239248,s97.518971796
143_45,s-0.981309781,s4.130609369,s342.677814850
143_46,s2.195836307,s1.924002054,s18.588800582
143_47,s6.040572678,s1.087622360,s63.968686942
143_48,s3.799925018,s2.762406673,s14.597062605
143_49,s6.727723139,s-0.334047207,s131.191845374
143_50,s5.425841319,s-0.280267909,s265.691790761
143_51,s1.223205388,s0.378405909,s10.003952698
143_52,s-2.669951683,s-0.640459128,s246.991322699
143_53,s-4.512421939,s-4.903938430,s83.562270074
143_54,s-7.542093851,s3.347452861,s68.574658210
143_55,s-6.444629197,s0.516097574,s195.706568968
143_56,s1.810970284,s3.318442040,s180.632977863
143_57,s-5.197435376,s1.770140698,s102.719540421
143_58,s-7.200872524,s5.454755980,s269.524147604
143_59,s1.179669405,s2.220324882,s219.757197043
143_60,s6.574341426,s1.417129820,s198.831466831
143_61,s4.926540402,s2.635893549,s11.953407900
143_62,s7.473567180,s6.090306324,s335.357160578
143_63,s-1.144201593,s6.717547466,s51.426584215
143_64,s7.341856505,s0.205620974,s127.212858150
143_65,s-7.571119329,s-1.697685178,s185.662576608
143_66,s-7.417606282,s3.813033557,s56.658813379
143_67,s-0.860714686,s3.351607889,s125.409214783
143_68,s-4.684399298,s0.549216782,s204.480131976
143_69,s-2.275974936,s0.982717183,s47.286684993
143_70,s-0.010878646,s-1.475375446,s117.367038600
143_71,s-6.408054943,s5.101363029,s96.988776772
143_72,s3.380569874,s-1.712013595,s102.603507037
143_73,s-3.665097085,s4.176719965,s6.759795734
143_74,s1.327173624,s1.532399766,s39.974134668
143_75,s3.203597849,s-0.408417963,s147.153900210
143_76,s7.049328537,s2.867762552,s308.998594623
143_77,s6.811462382,s3.661299610,s211.013254552
143_78,s-3.816611186,s2.010558624,s262.334591851
143_79,s-6.437041832,s-1.110865166,s178.050101525
143_80,s-7.041894210,s-0.566258588,s142.319770491
143_81,s-6.337020875,s3.917654304,s5.804623912
143_82,s0.288319823,s-3.935146198,s15.176663330
143_83,s-6.077506998,s6.732845397,s232.294204474
143_84,s3.178472269,s0.225305361,s269.457635668
143_85,s6.966463495,s6.263124536,s130.588876326
143_86,s-0.661886977,s4.517800001,s159.304822804
143_87,s5.110811252,s4.038124149,s282.318916462
143_88,s2.922097119,s1.061439560,s33.055630249
143_89,s-0.942373384,s1.945077816,s191.894479667
143_90,s0.031186627,s5.652000197,s334.497578933
143_91,s-4.663368568,s-2.818011054,s225.187265773
143_92,s-3.319347991,s3.098314433,s259.519848393
143_93,s-6.692587358,s2.211529795,s255.075566787
143_94,s-2.009751734,s6.579734134,s258.197527085
143_95,s-7.243091704,s0.808465326,s100.066419411
143_96,s2.331040047,s6.707000818,s118.134383735
143_97,s-2.378990383,s4.090172364,s256.324332912
143_98,s2.829644183,s5.712480723,s107.572412468
143_99,s1.329995611,s6.895015663,s218.327896131
143_100,s2.473825463,s5.013898672,s285.367159471
143_101,s2.563388927,s1.796192224,s209.632050797
143_102,s6.518543223,s4.142976451,s206.600552853
143_103,s3.506507603,s0.163824776,s159.289409210
143_104,s-6.177334687,s7.162258116,s308.535918610
143_105,s1.060821878,s6.050003289,s116.361462258
143_106,s-0.026693309,s1.689252321,s46.887874566
143_107,s-1.234411276,s1.202249956,s55.404398635
143_108,s-5.417945061,s6.600342291,s73.943767231
143_109,s-0.387613914,s5.922774932,s107.240675037
143_110,s-2.152313826,s5.346536229,s58.113096745
143_111,s2.385494440,s3.029269239,s198.184191889
143_112,s3.545340665,s7.326042363,s244.731318106
143_113,s7.509478444,s2.289231833,s148.026323144
143_114,s4.284910105,s4.297505169,s229.238709495
143_115,s5.272763274,s7.326042363,s117.970903520
143_116,s2.090935936,s7.005019216,s61.122273488
143_117,s-7.077462868,s7.090131281,s130.338278074
143_118,s-7.471270675,s5.312464739,s127.522995733
143_119,s-5.053274824,s4.457511422,s17.667108770
143_120,s-5.207040757,s3.314672795,s210.245638815
143_121,s-4.690987774,s4.575426805,s66.364196730
143_122,s-4.564634957,s7.326042363,s55.837171139
143_123,s-4.291631566,s0.068006360,s132.588862284
143_124,s5.526187185,s5.715634421,s75.095397255
143_125,s2.840172033,s4.089549558,s219.430733673
143_126,s-1.118136070,s2.478359568,s302.614092990
143_127,s2.582582636,s7.242557667,s295.233014692
143_128,s7.410499972,s7.217932330,s36.552777148
143_129,s4.507757476,s6.372772339,s123.531097380
143_130,s-5.261487851,s7.169899360,s183.833330884
143_131,s-1.273875278,s-0.617454845,s162.575938859
143_132,s-6.887123691,s4.725133953,s20.353461402
143_133,s-3.829655560,s4.711683012,s332.493036089
143_134,s-4.637601191,s2.016970340,s220.636640333
143_135,s0.043513057,s0.910022918,s167.436903809
143_136,s-1.836410710,s6.045074788,s159.896135808
143_137,s5.229360632,s6.460051094,s280.851802904
143_138,s-3.982502155,s5.874450649,s89.494224408
143_139,s0.262013415,s7.083582006,s139.695336707
143_140,s5.240903381,s7.275735228,s78.446924195
143_141,s5.877279311,s2.223361258,s99.475203521
143_142,s6.194057997,s7.162519924,s34.435363761
144_0,s-6.562981477,s-3.548931874,s9.996490627
144_1,s-5.882557625,s-6.753556845,s189.310154559
144_2,s-3.507481635,s-6.226287916,s212.393803415
144_3,s-4.179683377,s-2.779596683,s118.618223123
144_4,s-1.564273401,s-4.713460900,s27.562160864
144_5,s-4.250375618,s-1.429501574,s112.089911468
144_6,s2.606396246,s-5.853322157,s18.874644608
144_7,s0.265306586,s-2.888879309,s18.839823304
144_8,s0.437648230,s-6.586576810,s287.456716554
144_9,s-0.478182496,s-2.513035424,s341.441595908
144_10,s6.026183310,s0.640328589,s175.642433693
144_11,s2.961857090,s-3.501191686,s127.745838357
144_12,s6.086115272,s-6.476504948,s89.794737244
144_13,s-4.508737739,s-3.901453186,s142.046572793
144_14,s-6.911122795,s-4.134431697,s68.516931696
144_15,s-4.330484666,s6.216624319,s287.051816678
144_16,s-2.439718754,s4.200836017,s312.677232525
144_17,s-3.822252850,s0.085081403,s235.895580078
144_18,s4.995718109,s-1.996173691,s248.957580432
144_19,s1.150338496,s0.280192343,s220.535492909
144_20,s0.907819139,s4.602814391,s27.663120598
144_21,s1.913217082,s-6.920602601,s108.221533011
144_22,s4.257465356,s1.684081134,s328.016856522
144_23,s3.474215149,s-6.120674719,s66.041364299
144_24,s5.187515395,s5.350292455,s42.984041372
144_25,s7.149883282,s-3.088599665,s313.160044771
144_26,s-6.984192875,s-6.959747965,s69.481461634
144_27,s-3.976515055,s0.610185564,s40.937690096
144_28,s-2.053941501,s-1.128644398,s111.087163963
144_29,s0.827471668,s-5.084081201,s88.599808692
144_30,s-1.066186296,s-1.976808231,s307.276394862
144_31,s3.080038271,s-1.261573722,s203.196881610
144_32,s-2.896359809,s-4.795914776,s177.312582911
144_33,s4.834308639,s-3.360393878,s51.964367732
144_34,s5.177409013,s1.048039922,s162.508910629
144_35,s-6.743930848,s-0.224915683,s118.308687320
144_36,s-1.182174172,s-4.237118434,s161.082490228
144_37,s2.426755074,s3.613652630,s144.994141456
144_38,s3.810310432,s5.643615693,s256.226068049
144_39,s-6.025557366,s6.176611295,s334.479452771
144_40,s-5.399045846,s-5.024855528,s157.135707350
144_41,s-5.025493996,s1.003528961,s179.483491670
144_42,s0.862398406,s0.803284782,s221.924234249
144_43,s1.111357868,s5.598852059,s212.421633996
144_44,s2.711354115,s-5.156245588,s266.041440263
144_45,s1.525961075,s1.267757636,s57.290975295
144_46,s-3.163181367,s-1.280028445,s171.020953877
144_47,s3.578296217,s-2.639612045,s271.661760333
144_48,s6.768591291,s-6.446011368,s246.573285841
144_49,s3.476605534,s0.766126051,s177.261672362
144_50,s-3.197834257,s0.769026053,s4.845991395
144_51,s7.170924717,s0.747393443,s173.347031945
144_52,s-2.214209624,s-3.620249407,s231.671431116
144_53,s2.094845067,s-1.809667484,s266.423886275
144_54,s-3.872312747,s6.805833816,s305.889856799
144_55,s-2.554650957,s-0.670617546,s317.771332959
144_56,s-6.956348547,s1.732293176,s152.741227900
144_57,s-4.223579534,s3.629097910,s80.435890677
144_58,s2.245693960,s0.404823007,s175.239537781
144_59,s-1.408549870,s-6.343977729,s121.683009395
144_60,s1.759236640,s5.425811897,s300.959714466
144_61,s-4.755544613,s-5.394311024,s64.495758962
144_62,s2.895075898,s5.961276700,s248.885333040
144_63,s7.000297724,s6.426768760,s91.703386853
144_64,s6.347311893,s-3.131147359,s238.584887302
144_65,s-4.789308725,s-2.714476745,s243.216100806
144_66,s-5.175215099,s2.856300085,s332.519003735
144_67,s0.140042854,s3.400307512,s89.050751590
144_68,s-0.184361597,s-1.300104212,s264.612573477
144_69,s2.037674164,s-4.657795003,s300.466282332
144_70,s-1.568092327,s-0.728861359,s80.728127969
144_71,s4.793281814,s3.090875032,s208.078241050
144_72,s-0.163195022,s4.823367778,s38.952000342
144_73,s6.801623419,s-1.155166847,s129.833509754
144_74,s3.851198112,s6.666725023,s226.526274701
144_75,s-4.053002568,s5.084970779,s241.621246396
144_76,s5.032113282,s6.534543672,s88.228380936
144_77,s6.471717800,s0.773661208,s67.768310671
144_78,s-6.527459459,s3.938284468,s5.918783473
144_79,s-3.530043292,s1.286780303,s199.127283400
144_80,s4.657680560,s-5.074758712,s66.741916047
144_81,s-6.903496047,s4.772691303,s320.310332041
144_82,s-6.326912727,s2.680386450,s267.193332754
144_83,s0.301438029,s-4.569264278,s73.848387855
144_84,s-3.462750937,s5.766100667,s275.505990230
144_85,s-0.147723944,s2.598318422,s335.445314132
144_86,s0.065008782,s6.214542755,s246.253499121
144_87,s6.816491508,s4.939616277,s286.752352064
144_88,s7.080471879,s-1.218086197,s335.860725497
144_89,s2.197307435,s4.703777319,s26.737942674
144_90,s6.090509271,s2.569094998,s153.243578893
144_91,s-5.131594475,s6.741626790,s320.812127630
144_92,s-4.300683633,s4.485692146,s320.160448764
144_93,s-2.652572798,s6.867114029,s44.549445747
144_94,s-1.594396505,s1.831327883,s217.857609615
144_95,s-6.916487217,s-2.339564756,s40.351353995
144_96,s-0.245069164,s1.066002175,s338.432769293
144_97,s2.280091262,s5.711111119,s189.152958269
144_98,s-2.283552715,s4.137442104,s24.048211445
144_99,s6.148667467,s6.224619887,s104.531189882
144_100,s3.222724712,s4.289948294,s164.236684777
144_101,s3.903808750,s2.534854123,s114.133109690
144_102,s3.413679308,s4.517231596,s8.417344991
144_103,s3.504968196,s3.588019180,s90.580871254
144_104,s-5.973721382,s-1.921109733,s296.994536518
144_105,s-0.452548199,s2.876724927,s10.005767954
144_106,s-1.605310237,s2.978039180,s105.307428115
144_107,s-6.790001106,s6.941752925,s138.230530290
144_108,s-3.029025808,s5.829331244,s230.742280033
144_109,s-4.892668489,s-0.451338716,s199.402330972
144_110,s-6.912038290,s4.376592399,s131.823731629
144_111,s0.083261665,s2.072136685,s113.345306350
144_112,s3.205394716,s6.833737032,s194.199953072
144_113,s3.325853608,s-0.666109809,s279.894595319
144_114,s1.886845001,s-2.666667971,s133.523061978
144_115,s4.651305967,s0.619606456,s134.839007591
144_116,s6.943697534,s1.739561895,s195.881051210
144_117,s0.733467558,s6.495763588,s337.913624504
144_118,s-5.969240269,s-4.015282265,s24.036668870
144_119,s-5.294398788,s5.627844422,s92.340653445
144_120,s0.084781846,s-1.990513218,s315.661087178
144_121,s1.543718218,s5.849683387,s240.541387092
144_122,s-5.001036752,s1.989502985,s15.065105863
144_123,s1.358639998,s6.947806368,s146.084582170
144_124,s0.894619304,s1.175935683,s148.336394986
144_125,s5.006648817,s2.841872555,s276.290604756
144_126,s-2.923510171,s1.507471463,s56.038930245
144_127,s6.804868287,s5.682580503,s328.501149391
144_128,s6.671822707,s3.804247887,s344.905856344
144_129,s5.628231363,s4.311965334,s85.279979347
144_130,s-2.758013919,s5.336182235,s44.065477489
144_131,s-0.444655346,s2.666582807,s223.769662409
144_132,s0.672218927,s6.947806368,s81.036550012
144_133,s-0.911657340,s0.285818794,s89.136558618
144_134,s-2.018088500,s6.675504720,s90.341657420
144_135,s-3.831880016,s2.487148664,s52.387517570
144_136,s6.885878667,s3.106480540,s159.755994471
144_137,s-0.166214267,s3.053010924,s82.067037533
144_138,s4.986037330,s3.856612053,s54.111840482
144_139,s-6.358644153,s2.442901379,s192.080788397
144_140,s7.170924717,s3.596427763,s56.699581400
144_141,s4.276337839,s5.423244840,s141.249441502
144_142,s5.163650114,s6.924434332,s39.355149105
144_143,s-1.544713570,s6.784932197,s39.417930252
145_0,s-5.784045831,s-0.698889741,s245.554145198
145_1,s-6.253887421,s-7.557461169,s123.625836702
145_2,s-6.274378944,s-1.467317000,s260.248487386
145_3,s-4.247211195,s-4.214586713,s319.349530928
145_4,s-6.825425887,s-4.233615500,s254.123633562
145_5,s4.901953200,s-6.485454417,s336.591957374
145_6,s4.311819828,s-4.623487751,s148.906463314
145_7,s2.149077633,s-5.719375797,s352.309874519
145_8,s-2.543322844,s-5.074522493,s65.218318499
145_9,s7.620056768,s-0.916518664,s131.797428322
145_10,s5.355015837,s0.542572160,s88.857414836
145_11,s5.414703848,s-4.984509596,s29.326097305
145_12,s6.295347469,s-7.572630760,s303.724548791
145_13,s-3.901746844,s-1.490154552,s8.826665910
145_14,s-7.298977248,s-1.078677166,s24.230758498
145_15,s-3.378086788,s-0.306569990,s295.671064312
145_16,s-3.231942609,s-7.611161734,s19.009176004
145_17,s1.514068135,s-0.320249989,s191.169694083
145_18,s-2.358013292,s0.163176322,s248.635549669
145_19,s0.592232704,s-6.241546253,s246.217916362
145_20,s1.565157731,s-3.235730977,s214.241563417
145_21,s-3.936748444,s6.806416759,s170.820339307
145_22,s5.994866959,s-3.818238175,s180.310083937
145_23,s3.018363733,s-3.439735668,s0.763997850
145_24,s2.511621569,s-2.615454280,s196.283444452
145_25,s6.708559794,s-4.864887533,s32.253862120
145_26,s-7.114902323,s-2.882926393,s244.709826532
145_27,s-7.257056446,s-1.884923154,s122.385247877
145_28,s-0.035530195,s-0.179194973,s235.588781517
145_29,s-7.266722588,s-6.922084108,s129.067858985
145_30,s1.643447948,s-2.044687933,s323.478311924
145_31,s-2.868002028,s-3.444578079,s243.533161068
145_32,s2.542035955,s0.932124210,s323.883911270
145_33,s3.028944958,s-4.362516650,s339.485332599
145_34,s-3.574453054,s3.480345953,s47.944421089
145_35,s2.851682577,s4.484192833,s283.012048426
145_36,s4.808798278,s-1.991503445,s140.611989316
145_37,s5.010953358,s-0.497822763,s262.661120604
145_38,s7.299181899,s-2.258533003,s226.051988033
145_39,s-5.078612846,s3.282012813,s86.367837722
145_40,s-4.811592706,s-5.574396896,s108.954378770
145_41,s-4.376746342,s0.194272812,s162.836244407
145_42,s-6.853509389,s2.324929425,s232.296762687
145_43,s4.428520982,s6.740974759,s4.930667728
145_44,s0.590839736,s-3.983977161,s300.713216411
145_45,s5.599573514,s1.049228672,s160.463727832
145_46,s1.593079746,s-1.125671030,s288.774296650
145_47,s3.980951485,s-1.267784241,s324.689037865
145_48,s7.566584849,s-6.309862978,s13.478221149
145_49,s4.979485741,s4.888365143,s12.466226491
145_50,s0.609495810,s6.063000978,s174.790296720
145_51,s7.648868075,s-1.398221950,s107.965991913
145_52,s-7.281989080,s0.754224578,s222.858288080
145_53,s-6.307938509,s4.214058805,s269.042264172
145_54,s-6.185058681,s3.507768532,s339.034286414
145_55,s-3.614805148,s-5.030398504,s244.150643631
145_56,s-6.456349123,s0.778347015,s174.574531145
145_57,s3.371006509,s-7.581591101,s254.851381469
145_58,s1.354768117,s-4.181525472,s199.278358481
145_59,s-1.217594047,s0.148911456,s162.909202386
145_60,s3.252836545,s-6.323897323,s282.509324960
145_61,s-0.226065518,s5.016575592,s30.592238832
145_62,s-1.814248103,s-5.716771760,s236.921361780
145_63,s1.826184944,s5.963927773,s16.165142355
145_64,s2.762610424,s0.380977017,s54.795377655
145_65,s-6.899308053,s6.384895761,s310.285560464
145_66,s-5.568911208,s5.215674461,s314.473625013
145_67,s-2.515924289,s3.826603821,s225.992527900
145_68,s3.594523704,s5.022670201,s75.290060911
145_69,s1.653945990,s0.670263027,s330.482376611
145_70,s1.485710295,s7.135916375,s160.753641298
145_71,s-2.055461834,s1.408312824,s126.400190153
145_72,s-4.655599518,s2.889828290,s213.732388946
145_73,s-0.368511466,s7.173825575,s166.669100586
145_74,s2.760525913,s-1.232126532,s211.233091877
145_75,s6.666350190,s4.883594978,s89.514064188
145_76,s5.922092794,s7.199967858,s104.165291040
145_77,s6.339843617,s-0.023627740,s185.052228554
145_78,s-7.244236773,s1.084517029,s240.660861733
145_79,s-7.105985095,s6.836083532,s261.498890374
145_80,s-0.480698426,s-0.535324327,s83.151823813
145_81,s-3.703355719,s-2.911463607,s51.414447261
145_82,s2.248881257,s2.704502606,s312.435244948
145_83,s-2.355982944,s-2.311161309,s92.137761277
145_84,s5.604116105,s2.265292717,s103.555777983
145_85,s4.678802231,s0.831663843,s83.449444674
145_86,s-0.097329727,s0.823562969,s179.133421217
145_87,s-7.049784220,s-5.640810814,s8.477583987
145_88,s6.346485766,s6.840088345,s190.663057833
145_89,s3.124289900,s-0.206035991,s347.395427685
145_90,s7.322926345,s1.362234331,s172.514253737
145_91,s-3.428114558,s0.742306101,s124.210306318
145_92,s-2.566726307,s5.567982378,s0.464005276
145_93,s-3.518614336,s1.678815892,s69.204168354
145_94,s-4.401514043,s6.095703841,s95.388592900
145_95,s-1.970871205,s7.075868173,s249.449668459
145_96,s3.674828602,s6.549144849,s310.835235751
145_97,s-4.557884551,s-0.143934447,s298.721393207
145_98,s6.022848208,s1.979740726,s120.487482877
145_99,s7.455464737,s-0.140417035,s149.266157369
145_100,s4.307622341,s3.369820495,s186.839449486
145_101,s4.720571771,s5.747422936,s59.139956283
145_102,s0.887079419,s-0.113244579,s91.205204523
145_103,s7.586983197,s4.995611552,s170.953048863
145_104,s-3.994234498,s4.739474599,s196.944434145
145_105,s-6.469273084,s5.428708259,s79.813771063
145_106,s-2.678178348,s4.395464670,s0.664945083
145_107,s2.768357042,s7.095922465,s175.607331589
145_108,s0.504337188,s4.263643353,s83.609526273
145_109,s-5.668458708,s2.241160420,s322.684791143
145_110,s5.616006512,s3.586468352,s330.971063125
145_111,s-0.588279354,s-1.167250951,s61.862805010
145_112,s-1.995648904,s1.342863468,s352.233273664
145_113,s-4.475518270,s1.212362502,s206.404247941
145_114,s-3.726838734,s5.510506067,s265.811286705
145_115,s-5.934951424,s4.714595695,s1.643907371
145_116,s7.016557192,s5.574396155,s203.126175509
145_117,s-4.166879125,s2.334081109,s280.251379572
145_118,s-6.388789825,s0.293789000,s90.614939911
145_119,s-0.949586903,s5.166429697,s88.107035986
145_120,s-1.705306553,s4.988575238,s168.196375497
145_121,s-1.340037007,s3.980429698,s294.958085569
145_122,s-3.363123816,s6.911689220,s146.886767248
145_123,s2.995666152,s5.421170832,s177.989233508
145_124,s6.205535295,s-4.532183090,s323.208770834
145_125,s3.560047186,s5.215340630,s195.744683678
145_126,s1.671771431,s1.478526408,s281.142398788
145_127,s4.736834492,s6.522319491,s284.505766247
145_128,s5.822518669,s3.958831595,s262.811989682
145_129,s3.734813820,s3.765799498,s290.045474093
145_130,s-6.004752756,s6.427264620,s104.317967348
145_131,s-4.810339767,s7.188460126,s191.802396821
145_132,s-7.020165421,s4.717782017,s225.317021986
145_133,s-0.973572645,s7.106926905,s64.058366227
145_134,s-7.120277282,s3.660867230,s284.058067222
145_135,s-5.029892256,s5.170287234,s343.717387244
145_136,s0.601909263,s1.187729926,s97.842048603
145_137,s-2.051066959,s6.075770961,s291.674507190
145_138,s0.413173440,s7.204886345,s6.019852807
145_139,s6.835451434,s7.206750845,s313.714577647
145_140,s1.106520642,s2.806220715,s125.363467803
145_141,s2.095583367,s4.678934676,s186.628064419
145_142,s7.511646873,s5.890019362,s143.302834574
145_143,s0.966527773,s5.221399558,s75.124419141
145_144,s-1.276256550,s3.309654957,s168.923458806
146_0,s-2.064272378,s0.929756804,s64.151988470
146_1,s-1.893590795,s-4.997639911,s5.448600781
146_2,s-5.750217552,s-6.113141324,s241.811376011
146_3,s-0.305617091,s-4.033863576,s126.604290783
146_4,s-2.756697158,s-4.199619076,s234.033920033
146_5,s-1.076703533,s-6.626122229,s180.617994150
146_6,s2.906875236,s-2.554092837,s39.770479589
146_7,s5.478126815,s1.712508955,s45.093783433
146_8,s3.376138546,s-6.403931488,s195.637798541
146_9,s6.697099184,s-2.573012996,s213.234486997
146_10,s2.971830597,s-5.337208700,s356.650601194
146_11,s6.389936967,s-5.474373317,s277.701718414
146_12,s0.077139214,s1.780779541,s259.312298048
146_13,s-1.989286443,s-4.043477693,s249.712634481
146_14,s-5.972172023,s6.506498161,s357.101051059
146_15,s0.330070929,s-1.324512955,s158.580582515
146_16,s-2.748056284,s-5.175581248,s94.863988126
146_17,s0.742789537,s-4.278115142,s28.175792470
146_18,s2.434578069,s1.345245766,s104.792387609
146_19,s2.919111375,s-4.161009403,s334.989085332
146_20,s0.131494535,s-5.910842605,s236.420114828
146_21,s1.996580968,s0.532069607,s233.879654911
146_22,s3.464295222,s-1.037277900,s8.065327162
146_23,s5.528091291,s-4.943597841,s193.409320767
146_24,s6.376729493,s-1.190741004,s169.452358361
146_25,s5.728872372,s3.387922702,s213.028523949
146_26,s-3.693810395,s-2.662305779,s202.785305745
146_27,s-5.703232431,s-1.085977129,s123.369036379
146_28,s-4.988824630,s1.842486821,s195.107487081
146_29,s-4.178185708,s-6.165739973,s260.206367849
146_30,s1.076109148,s1.321102613,s285.806021371
146_31,s-0.735261439,s-5.522619299,s197.015586900
146_32,s-2.472481403,s-2.682848784,s176.035692771
146_33,s2.055052732,s2.951882761,s66.456369558
146_34,s-6.604059615,s-2.849390547,s213.277163662
146_35,s1.278293036,s-0.386243245,s283.652352674
146_36,s0.165026915,s2.137412032,s75.157633118
146_37,s3.975264948,s-5.989142912,s68.637675734
146_38,s6.921842291,s-4.954340153,s57.771162864
146_39,s-5.467920133,s-5.585127490,s183.735368462
146_40,s-3.534653756,s-4.397910062,s133.216932657
146_41,s-4.869718990,s-0.883838353,s120.823025217
146_42,s-4.206806487,s1.792893320,s89.531336999
146_43,s0.593874708,s6.654329059,s344.727355620
146_44,s-1.169536744,s-4.877546473,s195.235134016
146_45,s-5.697513150,s0.683156277,s199.478402033
146_46,s1.612133304,s5.349410037,s283.961983293
146_47,s-3.352982458,s0.304988378,s92.446283694
146_48,s-2.456202431,s6.204709981,s299.259264949
146_49,s3.441369094,s5.141502273,s224.539950662
146_50,s6.741248861,s-0.184634424,s165.102039012
146_51,s6.517984580,s2.070655856,s118.748601462
146_52,s-5.375493554,s-1.417883009,s291.712041920
146_53,s-3.809417357,s2.197371983,s312.126195657
146_54,s-5.463798943,s6.163529781,s346.568458483
146_55,s-0.255041341,s-6.403545839,s223.346584619
146_56,s-2.683119143,s5.678320379,s190.416427311
146_57,s-4.569031772,s5.057496740,s281.943072050
146_58,s0.990663169,s2.775197495,s296.142053359
146_59,s4.802286418,s3.264107861,s160.710815784
146_60,s-0.411101312,s1.216235175,s347.487524696
146_61,s1.157403461,s-1.977068176,s13.974853195
146_62,s-0.749129942,s6.620772246,s311.188605074
146_63,s5.716952255,s-1.315006786,s302.824465101
146_64,s6.149750793,s-4.764473241,s97.563967165
146_65,s3.497106339,s2.820179823,s328.310944822
146_66,s-0.709346879,s2.114672410,s176.835434920
146_67,s-6.262974734,s3.479774350,s145.500513734
146_68,s-3.861543244,s-0.950169527,s171.951828031
146_69,s-2.594148644,s1.946490631,s41.702309289
146_70,s-3.768279896,s1.508458980,s204.935837395
146_71,s2.203791411,s4.048256298,s92.886799587
146_72,s-1.884459638,s5.962672001,s32.805184107
146_73,s4.290504088,s-0.816035754,s176.175433921
146_74,s6.164638366,s2.625569008,s200.558042386
146_75,s-2.619635914,s-0.567022375,s309.909692135
146_76,s5.743577761,s-2.135673423,s44.914240374
146_77,s6.054851862,s6.661550360,s177.401791000
146_78,s-6.356332246,s4.749248307,s69.075802248
146_79,s-4.056863458,s0.070619429,s160.303123669
146_80,s-0.985927230,s-2.996654183,s157.046440422
146_81,s-6.112032762,s0.116664104,s218.885609435
146_82,s-2.725990922,s-1.583194349,s105.139694430
146_83,s3.158558649,s3.922766876,s184.754279335
146_84,s2.152357904,s0.703868396,s15.806510672
146_85,s1.241413071,s-3.892665383,s78.666097025
146_86,s3.313533426,s5.787895117,s193.910626659
146_87,s3.302518597,s0.859371826,s78.271546079
146_88,s5.662452313,s0.391105828,s38.596688455
146_89,s5.334881535,s-0.836929598,s136.238258241
146_90,s6.277552241,s5.746659414,s228.435920521
146_91,s-6.385818256,s4.583359556,s178.509271769
146_92,s-2.970324902,s1.450797481,s91.089100863
146_93,s-0.521086610,s3.163875613,s223.670036697
146_94,s-0.147006242,s-2.032122251,s152.987881274
146_95,s-2.944572265,s5.991356299,s127.719374522
146_96,s-1.054632088,s1.362823130,s119.391210715
146_97,s2.301681088,s2.723898934,s321.613154389
146_98,s5.570168807,s-3.339177408,s346.512576836
146_99,s-0.899365565,s0.537807578,s351.769917297
146_100,s-1.384948915,s5.403212282,s193.554278679
146_101,s6.899326993,s2.747829518,s138.442070135
146_102,s6.780981014,s3.859694025,s98.729052573
146_103,s3.230027138,s3.106254306,s140.607330637
146_104,s-6.555880917,s2.265341591,s45.567048292
146_105,s-5.724862565,s2.107126111,s4.503149643
146_106,s2.421391699,s3.675574389,s130.571890930
146_107,s-5.337768154,s2.927386063,s311.401975605
146_108,s5.562666543,s5.069089895,s33.843359808
146_109,s4.295949397,s4.573061289,s311.149639770
146_110,s6.272403937,s-6.543117200,s39.882767837
146_111,s6.921842291,s6.318651851,s20.244190140
146_112,s4.310111812,s-2.428364887,s12.787257535
146_113,s-4.800178948,s4.744169959,s114.853632380
146_114,s3.633149259,s6.774787297,s238.191253029
146_115,s0.879129605,s-4.857063180,s15.312811676
146_116,s0.208223305,s2.602795440,s187.082254047
146_117,s-6.481624605,s5.695163412,s206.097063330
146_118,s-1.997937545,s1.371131627,s41.542695096
146_119,s-2.141565547,s6.664195425,s265.297762336
146_120,s0.699119681,s-3.069400887,s158.306765384
146_121,s2.506803659,s6.451937725,s67.793168164
146_122,s-1.339115252,s6.774940413,s153.758135460
146_123,s5.006270689,s4.244763645,s260.988660644
146_124,s-1.284058370,s4.500563109,s50.445321725
146_125,s4.295323217,s6.431996106,s116.445721624
146_126,s-0.250087941,s6.001658981,s169.476740842
146_127,s4.734611173,s-1.728171373,s28.220754765
146_128,s2.122067290,s6.486673144,s209.836954526
146_129,s2.535814164,s6.774940413,s252.278255347
146_130,s-6.496599055,s-1.606966926,s77.843803397
146_131,s-6.339815978,s6.670367204,s58.492141411
146_132,s1.029662132,s3.846996320,s272.077242856
146_133,s-2.987509801,s2.955255375,s251.410953179
146_134,s-4.902150480,s-2.825177410,s238.767405871
146_135,s-3.920347011,s5.892027897,s174.019969534
146_136,s-5.567579000,s4.731058468,s222.627735173
146_137,s6.483454300,s6.697739823,s263.724670313
146_138,s6.334294112,s4.553280775,s41.920538001
146_139,s2.488400254,s-1.361265980,s76.364912019
146_140,s5.468155001,s6.764905696,s199.897811174
146_141,s5.481006124,s3.697226304,s346.460556891
146_142,s4.421138462,s0.957985447,s326.348490034
146_143,s-3.787592199,s4.359599677,s182.379481984
146_144,s-4.177778393,s3.072774029,s231.732389357
146_145,s-4.697007996,s6.712679520,s202.671783916
147_0,s-5.569681385,s-6.275685675,s170.800765222
147_1,s-6.705636183,s0.807451939,s231.716180004
147_2,s-7.021068794,s-7.075001079,s68.505217557
147_3,s-5.338650947,s-4.493664788,s334.176668936
147_4,s-2.939805093,s-4.469508797,s297.513783685
147_5,s-2.475229416,s-5.952618701,s156.959189145
147_6,s3.745311004,s-2.916765192,s94.713039696
147_7,s2.825485288,s0.117173610,s18.249261051
147_8,s0.868334362,s-4.190059274,s259.314341668
147_9,s0.674048523,s-6.792668162,s193.506607567
147_10,s3.178304608,s-5.140035087,s324.612134817
147_11,s6.402301572,s-1.637494291,s264.899955499
147_12,s4.612647768,s-6.717248824,s103.156057226
147_13,s-6.405970188,s2.275935525,s152.003453767
147_14,s-7.094893896,s-0.002696175,s61.740535393
147_15,s-7.091538210,s-2.240908938,s350.694050495
147_16,s-1.965988304,s-6.946331607,s109.654153120
147_17,s-2.259792398,s-1.174196811,s13.550926070
147_18,s-6.041408126,s-5.420467320,s174.877758164
147_19,s-1.448768160,s0.915319444,s138.478294722
147_20,s-0.179602507,s-4.399979721,s219.147910931
147_21,s-6.539245213,s-3.783108888,s170.226696657
147_22,s1.891415954,s1.618164241,s190.869354516
147_23,s6.361660274,s-3.233813259,s45.613945152
147_24,s2.998563948,s-0.958935799,s337.323078555
147_25,s3.678383480,s5.095528714,s146.758635007
147_26,s-5.441326404,s1.330312488,s238.294711540
147_27,s-0.472457571,s0.892056878,s283.048070366
147_28,s-6.696755832,s-4.588700826,s159.592589777
147_29,s-2.718302700,s2.714924170,s63.873759860
147_30,s-6.035021939,s0.095121262,s341.611887774
147_31,s-2.940178568,s1.329128184,s302.189042513
147_32,s-0.138252042,s-0.661239954,s339.457302436
147_33,s3.696779067,s-1.291187891,s116.811680599
147_34,s6.398125204,s4.246391118,s174.552073033
147_35,s1.117437610,s2.313976557,s69.910357728
147_36,s4.027583397,s-5.824241609,s170.054256633
147_37,s1.039242034,s2.522451524,s157.553277738
147_38,s5.360482678,s-0.428812664,s103.815806641
147_39,s-4.567845496,s-1.413879843,s336.259855810
147_40,s-4.626728809,s0.620176729,s158.130195793
147_41,s1.752522097,s-2.767884636,s226.376504024
147_42,s-4.716275484,s-2.683174636,s203.229540276
147_43,s-2.041889923,s0.863091138,s225.709254835
147_44,s-0.325223713,s-1.537044323,s290.910067766
147_45,s-0.960679763,s-3.837450120,s341.295922787
147_46,s-0.999160830,s5.703929112,s203.656837298
147_47,s-1.980387599,s-6.302025810,s105.149293066
147_48,s-0.710534601,s2.391157839,s335.207934094
147_49,s2.485211601,s-7.404482013,s236.779252287
147_50,s6.884078263,s-4.588829995,s264.640419070
147_51,s6.283296842,s-6.021989660,s347.098780550
147_52,s-5.512326964,s2.219731447,s251.512870688
147_53,s-3.396226867,s0.015781694,s8.942093252
147_54,s-6.305653819,s1.547901544,s50.403018181
147_55,s0.663423750,s0.837655003,s282.272053966
147_56,s4.381241020,s-1.930852670,s209.184870202
147_57,s-4.575476716,s2.243307151,s317.276751897
147_58,s2.309809683,s0.928249477,s126.863175340
147_59,s-0.028184484,s0.162338744,s295.372230026
147_60,s3.111220230,s0.755631402,s95.420989941
147_61,s4.943095744,s1.632201398,s52.783496407
147_62,s0.675741552,s1.158563292,s96.621777668
147_63,s2.089866625,s6.314812325,s173.597243093
147_64,s6.091831673,s-2.601077997,s111.806892276
147_65,s-5.677629016,s6.021298123,s173.509366255
147_66,s-2.981037338,s7.068076568,s86.597735085
147_67,s-5.913713539,s3.945767346,s126.347837749
147_68,s-6.685785048,s1.984554723,s130.375255820
147_69,s-0.027694195,s5.365282912,s98.893816808
147_70,s-2.881341140,s3.487497678,s73.005798535
147_71,s-0.227373979,s4.570916868,s116.662863780
147_72,s4.438105804,s1.196542988,s139.526704942
147_73,s6.922819756,s2.303131016,s340.689943984
147_74,s3.827373609,s4.587922630,s1.862568922
147_75,s3.302421510,s1.098349463,s201.210973819
147_76,s5.196012206,s-5.642072401,s163.365290840
147_77,s7.213094622,s1.159133381,s309.659293748
147_78,s-6.459233356,s-1.220226889,s36.458294567
147_79,s-3.834958497,s-6.558036887,s180.585359223
147_80,s-6.471041690,s5.849616247,s42.670171627
147_81,s-0.558670149,s3.699743886,s121.703903638
147_82,s-3.740432521,s5.451395698,s69.731246263
147_83,s3.031264255,s6.223187363,s191.362000674
147_84,s-2.826270631,s-3.478072772,s76.565586283
147_85,s4.197929173,s2.061701526,s332.042444535
147_86,s3.794913216,s2.988019662,s105.615834084
147_87,s-1.710987375,s-1.962417442,s266.556470409
147_88,s7.100224795,s5.174171105,s80.924405848
147_89,s5.625837524,s6.285620339,s264.346717621
147_90,s2.715015007,s7.039337596,s169.571703453
147_91,s-1.353906829,s6.381847286,s211.432076086
147_92,s-3.338427457,s4.038297521,s324.512526339
147_93,s-1.101024596,s4.824546675,s239.873405793
147_94,s-2.438221245,s7.039791275,s80.147750266
147_95,s-4.599501811,s6.900378496,s193.055263633
147_96,s5.318325062,s0.042969350,s178.328720865
147_97,s4.044863426,s5.686515170,s293.002533431
147_98,s6.404734055,s4.911277342,s346.132292109
147_99,s6.645998419,s-1.003795089,s241.672290237
147_100,s-0.658367981,s1.997797400,s344.349836556
147_101,s1.376490872,s4.137877592,s12.093515847
147_102,s4.849702941,s-1.971913462,s338.149952387
147_103,s-3.026307850,s3.785527360,s346.070874432
147_104,s-7.040011461,s5.850013944,s80.472797792
147_105,s0.628395750,s1.892005380,s239.062507463
147_106,s-6.033824161,s6.944617326,s51.257974184
147_107,s-4.290886957,s3.927018322,s244.509745894
147_108,s0.399048970,s5.055377391,s94.415608803
147_109,s-0.818094540,s6.788470686,s279.060975905
147_110,s6.977262236,s6.441701183,s218.012461602
147_111,s0.194288344,s6.241624185,s333.185020386
147_112,s2.488359113,s-5.807799218,s108.559937064
147_113,s1.078840028,s2.973493566,s90.556334336
147_114,s4.141823756,s-0.777635597,s224.713314634
147_115,s7.209764526,s2.922703305,s31.391821171
147_116,s6.142275937,s1.123547496,s146.348480003
147_117,s-5.477751101,s3.847308203,s238.647157272
147_118,s-3.186222293,s2.898553436,s144.079341437
147_119,s4.928664006,s2.282598435,s176.556075362
147_120,s-1.642733149,s5.970900961,s138.003642550
147_121,s-6.945793150,s2.609382126,s323.059558946
147_122,s-5.234047177,s6.381991654,s332.970020522
147_123,s2.547554596,s5.377534843,s318.440358690
147_124,s6.946951219,s3.901534629,s341.196975703
147_125,s-0.100937637,s7.024074945,s113.235763985
147_126,s-1.072711860,s3.061702028,s28.194771223
147_127,s0.940308893,s7.053191722,s350.743832074
147_128,s6.076672999,s6.859842249,s48.556301197
147_129,s6.124007653,s5.482685482,s145.784722170
147_130,s-7.001552809,s6.919178962,s177.316689969
147_131,s-4.239212803,s6.988312777,s112.296647920
147_132,s-6.976496795,s4.608828001,s138.989475483
147_133,s-2.334946968,s6.044160741,s153.143593211
147_134,s-3.086748675,s6.653377508,s70.394083087
147_135,s1.396766184,s-1.943447022,s147.482968587
147_136,s-2.767245660,s4.569358061,s353.144238361
147_137,s3.166616149,s6.363171261,s338.903563671
147_138,s1.515521920,s3.789636003,s239.484710674
147_139,s4.669989744,s2.866379295,s133.399640348
147_140,s2.313113679,s4.488590798,s288.318772685
147_141,s3.934836055,s7.003309058,s264.687517384
147_142,s4.693309880,s7.015221590,s294.518806892
147_143,s-5.595123699,s5.333942070,s315.624916693
147_144,s-6.587878350,s4.341348630,s314.998224550
147_145,s-0.349817778,s5.210533432,s81.946174690
147_146,s2.838563385,s4.333249185,s32.421596576
148_0,s-6.392062860,s-4.649003065,s252.465713304
148_1,s-2.579377846,s-6.923039999,s18.210044941
148_2,s-1.358132677,s-2.544059253,s342.519202639
148_3,s-7.163392304,s0.659495068,s33.914184344
148_4,s-4.949912603,s-6.690535263,s243.749543701
148_5,s-0.788818716,s2.393640934,s162.874697101
148_6,s-2.275166749,s-4.075384843,s156.620038549
148_7,s-4.384136444,s-5.217493908,s301.057522264
148_8,s2.663676003,s-3.594138769,s298.227762179
148_9,s-1.608147812,s-7.262784561,s286.755323127
148_10,s6.892364997,s-1.300695338,s318.691502235
148_11,s0.536544693,s-6.313077130,s143.445586917
148_12,s4.251897168,s-6.374771381,s244.405352647
148_13,s-5.047394987,s4.652710279,s83.858661240
148_14,s5.200270709,s3.590228104,s262.030131369
148_15,s1.635119550,s-5.998812031,s199.817769431
148_16,s-5.711316504,s-2.433844021,s324.702050780
148_17,s5.091140355,s-3.738021730,s319.999499703
148_18,s-5.572733915,s-5.014036240,s49.318083204
148_19,s-3.115855387,s-5.064662973,s3.336704053
148_20,s0.414556816,s-4.332405652,s265.108674713
148_21,s6.724550075,s2.000272711,s14.844854090
148_22,s-0.428728862,s-0.015434704,s159.507382769
148_23,s4.390357770,s-4.866828791,s166.505712895
148_24,s2.398263285,s-5.464350566,s70.243947670
148_25,s4.909991695,s-0.119488892,s291.446610555
148_26,s-6.862540899,s-1.372700283,s41.207923639
148_27,s-7.106106056,s-4.588843430,s14.423500006
148_28,s-3.585614999,s-6.476710735,s277.900446200
148_29,s-3.901679467,s-3.327441470,s65.393105029
148_30,s-0.130977288,s-6.621564317,s161.160729665
148_31,s6.886990751,s-4.448555159,s98.554111333
148_32,s-1.392312523,s4.574054043,s174.300197515
148_33,s2.608388108,s-1.930914489,s62.431234722
148_34,s-0.846970317,s-4.871296570,s244.209685443
148_35,s4.753961787,s2.244960923,s40.228728182
148_36,s5.923391042,s-0.578736329,s218.209705883
148_37,s4.666073593,s-2.128193011,s163.050422658
148_38,s6.708761907,s-0.624580735,s314.785695413
148_39,s-1.575765311,s2.602728856,s163.483645895
148_40,s-7.017383376,s-3.775249757,s218.431397303
148_41,s2.402757351,s0.530315539,s69.691555889
148_42,s-6.052857437,s-1.085755917,s344.824353879
148_43,s1.435656803,s-3.274717020,s286.318413086
148_44,s-1.321446384,s0.308502554,s3.749248481
148_45,s1.701178943,s2.694021687,s129.998060578
148_46,s2.451800157,s-1.356652921,s356.109391904
148_47,s2.814379359,s1.600154242,s236.421497679
148_48,s2.157781250,s2.642858518,s37.748903745
148_49,s4.852148140,s-4.300520740,s216.690300476
148_50,s1.262880353,s4.292935122,s77.998946936
148_51,s4.346163452,s-1.562330125,s29.537525286
148_52,s-4.595339606,s1.772116303,s79.222676797
148_53,s1.161351680,s1.442957817,s273.550531952
148_54,s-3.923569275,s3.170407188,s252.239606077
148_55,s-4.365310701,s-1.180314240,s242.006845379
148_56,s-1.854734511,s5.831557241,s353.914365241
148_57,s1.630603934,s6.285844473,s106.214329815
148_58,s-5.172586167,s3.281535901,s94.466022510
148_59,s5.343970661,s-1.150736616,s327.380317316
148_60,s0.373639850,s-1.255011023,s32.233499839
148_61,s6.950121153,s-5.058315119,s191.628660984
148_62,s6.873788570,s0.328473672,s118.165887983
148_63,s1.834981911,s-0.874528179,s20.327593797
148_64,s6.893318358,s4.102565610,s263.433205842
148_65,s-7.192753215,s1.169141387,s27.618607588
148_66,s-6.869078805,s5.699123080,s240.696513458
148_67,s-5.734465944,s3.025326807,s258.280573024
148_68,s-0.989192182,s-4.148459570,s73.518226503
148_69,s-1.666153233,s2.952612150,s212.375379749
148_70,s3.962762001,s0.696789824,s40.247648187
148_71,s5.933940025,s-6.910497849,s359.241621773
148_72,s4.695990851,s2.660487464,s55.315604139
148_73,s3.652474978,s-4.270318091,s355.975539794
148_74,s0.703531034,s3.038831681,s172.157474912
148_75,s5.905321179,s-2.147473841,s107.698036373
148_76,s4.890556674,s6.186516084,s249.943645046
148_77,s2.804938326,s-0.771167323,s81.935883548
148_78,s1.355076800,s4.787241980,s29.120826463
148_79,s-2.999945354,s4.413885430,s295.935624904
148_80,s-1.122366442,s1.083836442,s8.080845056
148_81,s-7.021705744,s-0.172315734,s241.526339594
148_82,s-2.136350347,s-1.548390078,s64.143300909
148_83,s4.078214374,s-2.998904814,s292.007746313
148_84,s-2.043702324,s3.354765008,s109.391531484
148_85,s-2.399891025,s6.455388338,s74.247783044
148_86,s6.675735669,s6.416034954,s344.549480051
148_87,s0.637778968,s3.888964979,s121.182801951
148_88,s-0.047659522,s5.498467955,s56.228814669
148_89,s1.928788091,s-0.016676075,s319.432595587
148_90,s2.245537747,s1.522241889,s163.865342085
148_91,s-2.902918833,s6.037618055,s178.222124441
148_92,s-4.195816245,s5.628582382,s156.720012744
148_93,s-4.358548920,s0.242860639,s34.921245703
148_94,s0.023656801,s0.679006917,s23.228323702
148_95,s-1.741582810,s5.816781816,s303.987659435
148_96,s1.643014509,s6.941194341,s82.877299447
148_97,s3.730877006,s1.731287744,s47.709588125
148_98,s-2.683755501,s1.964972300,s87.867716537
148_99,s-4.180541208,s-1.073257534,s26.409949320
148_100,s4.375790010,s5.251595993,s60.930933135
148_101,s0.157270618,s2.279362213,s215.234341494
148_102,s1.261753681,s2.390795632,s194.675048993
148_103,s4.197750093,s2.636861095,s195.500482807
148_104,s-3.347690753,s2.099207388,s303.780887195
148_105,s-7.015771944,s2.689740767,s57.179446939
148_106,s0.603292036,s6.062110890,s155.042302023
148_107,s-7.102201336,s4.543059881,s14.832319401
148_108,s0.937231390,s6.817827930,s347.192809697
148_109,s3.402221176,s3.193657312,s64.213491636
148_110,s-3.861954494,s6.341358598,s157.667281532
148_111,s-2.715200778,s-2.586898709,s63.224096987
148_112,s2.547298240,s6.850380093,s255.554180163
148_113,s2.111985471,s5.465646979,s253.424872837
148_114,s3.148290796,s5.879898475,s54.526257707
148_115,s6.563146993,s6.907949497,s81.080401552
148_116,s6.269726833,s4.410832838,s176.917549522
148_117,s-6.207615013,s3.830855677,s136.861589538
148_118,s-5.352275650,s2.146736443,s9.044198850
148_119,s-1.560129941,s-1.010680145,s254.498862163
148_120,s-3.313247877,s3.499077138,s11.995917614
148_121,s-0.886032051,s-1.695004632,s117.186271083
148_122,s-5.614948440,s5.672333552,s249.138098939
148_123,s1.115089530,s5.890169812,s56.489016306
148_124,s3.574923207,s5.092325429,s196.591607378
148_125,s5.443535210,s5.502352219,s333.852623045
148_126,s4.348790885,s6.921549235,s166.680497024
148_127,s5.076001642,s6.883562416,s40.600720710
148_128,s2.878470068,s4.654370207,s67.279456337
148_129,s-3.005642293,s4.055696637,s75.067985410
148_130,s-5.056076999,s6.921604293,s306.903862734
148_131,s-4.336068242,s-2.467308243,s82.188235008
148_132,s-6.934506351,s6.787007773,s36.836059522
148_133,s-5.560386991,s6.115899253,s185.594962665
148_134,s-6.640919284,s-0.161973256,s215.865747634
148_135,s6.971925195,s1.591317452,s344.544863249
148_136,s3.157907310,s6.499950437,s1.960132168
148_137,s6.960462920,s6.148278147,s45.193976004
148_138,s-1.834985374,s4.581558954,s75.779393855
148_139,s5.003570630,s4.084793556,s19.457873262
148_140,s6.386854231,s5.374581085,s46.675461383
148_141,s5.768878952,s1.626350139,s171.227435208
148_142,s4.638072104,s4.848894401,s107.163703550
148_143,s-0.020067306,s3.428202698,s279.714751316
148_144,s-0.917193963,s6.941194341,s160.049299396
148_145,s-6.389920825,s6.644670838,s240.679183932
148_146,s-1.276463245,s3.510702179,s9.528668866
148_147,s-5.476397796,s6.669421385,s318.398500930
149_0,s-6.732637301,s-4.407506688,s217.772032840
149_1,s-4.290827955,s5.505651648,s334.964970088
149_2,s-2.106184781,s-3.292478570,s197.216605234
149_3,s2.231634553,s-2.275789432,s169.849182011
149_4,s-4.338974898,s-6.242000639,s120.329772183
149_5,s0.436638276,s1.475992526,s0.209612203
149_6,s1.112552787,s-6.477266064,s86.922772842
149_7,s0.518514917,s-2.958953793,s241.554907609
149_8,s1.711182966,s-3.381656130,s251.966318670
149_9,s5.372550687,s-0.922894777,s207.346355112
149_10,s3.514784578,s-5.109968937,s27.262736028
149_11,s4.953342130,s-4.618958537,s88.938639408
149_12,s3.161248514,s-7.154881153,s12.418620996
149_13,s-5.211238836,s-6.431218330,s325.214528342
149_14,s-1.441053512,s-1.694143282,s75.885304268
149_15,s-6.382289574,s-5.767359745,s36.470802345
149_16,s-3.345727964,s-2.382927630,s153.897944894
149_17,s-1.453979997,s-2.159741749,s72.385124383
149_18,s-2.803715570,s-3.126985580,s228.300240481
149_19,s2.688540242,s-4.607325225,s15.529102195
149_20,s3.493432004,s-1.611134724,s295.777188024
149_21,s-1.164485179,s1.653265063,s10.311676929
149_22,s-3.308534308,s-6.817027959,s130.804933606
149_23,s6.278875399,s-3.857443044,s105.481134708
149_24,s5.302030797,s-3.025560409,s28.684337916
149_25,s6.625397891,s-6.889641189,s118.240563319
149_26,s-0.584005065,s0.451925520,s184.490253240
149_27,s-3.976342642,s-3.874189182,s228.274163699
149_28,s-4.659756178,s-1.398302195,s9.195950566
149_29,s-4.739408359,s4.316309363,s122.736000696
149_30,s-4.100283797,s-0.697110175,s343.070158479
149_31,s-6.826861969,s5.697234958,s200.175861086
149_32,s-1.896167937,s-5.872265438,s232.071706608
149_33,s0.233251268,s-5.806477776,s112.012221683
149_34,s4.589265399,s5.674791568,s283.703866861
149_35,s-4.539946043,s-0.882725824,s354.419871382
149_36,s4.916444482,s3.141689731,s282.150915891
149_37,s6.781517087,s-4.739648288,s263.335245704
149_38,s4.837038635,s1.155641246,s327.415409320
149_39,s-1.573507993,s-3.817420600,s175.512216819
149_40,s-6.719090543,s4.629356472,s358.869313734
149_41,s1.669763034,s-5.488480112,s224.383397767
149_42,s-0.327147912,s5.357012790,s130.535365553
149_43,s1.915761599,s-6.288496649,s175.270243552
149_44,s-6.057373037,s-0.415873889,s81.498330636
149_45,s-0.204894965,s1.972644749,s60.656331569
149_46,s1.329116326,s1.015855706,s157.861523766
149_47,s-1.115354283,s1.086535045,s87.938330887
149_48,s6.039371294,s1.194275798,s53.764587075
149_49,s3.613250755,s-5.839086221,s164.290441331
149_50,s3.535608395,s4.711674523,s38.779570813
149_51,s4.683505526,s-1.479076259,s197.952919145
149_52,s-4.196120615,s2.575765869,s44.131542514
149_53,s-6.061186901,s3.492947737,s114.029075921
149_54,s-5.968348231,s-5.076091914,s320.709740804
149_55,s2.887211810,s2.872621306,s173.991689778
149_56,s-4.863162577,s3.947184135,s305.515485240
149_57,s2.842632752,s2.219781547,s102.810269496
149_58,s-4.705578304,s-3.752917974,s198.003125316
149_59,s0.329339766,s-6.770305666,s318.363221178
149_60,s-3.757012281,s2.245875359,s336.193646869
149_61,s6.807645131,s-3.773665828,s63.609365475
149_62,s1.628950410,s-1.707051309,s89.576726470
149_63,s4.949665158,s5.150374623,s266.509353162
149_64,s6.731588976,s4.744583160,s193.789887656
149_65,s-5.732819634,s-3.217474199,s324.890325226
149_66,s-5.660838801,s6.429647722,s222.924945477
149_67,s-1.987956019,s3.938150884,s239.556851752
149_68,s2.351775680,s-0.157300453,s64.907808640
149_69,s-6.167124625,s-1.345661533,s284.988304795
149_70,s-4.886404769,s6.561436161,s105.151589096
149_71,s-2.563422596,s2.075929094,s102.688968248
149_72,s2.814122201,s0.296764077,s45.875180722
149_73,s3.133351946,s-2.300083481,s284.535992977
149_74,s5.291151516,s3.989848242,s61.162437585
149_75,s0.123827792,s-0.547869963,s262.676776347
149_76,s-0.701224700,s4.695424743,s232.264935007
149_77,s4.367063079,s2.114865678,s137.520276215
149_78,s-4.549506934,s2.051846214,s195.831025857
149_79,s-2.382456360,s-1.156910670,s145.568507662
149_80,s-5.119063947,s1.129470810,s103.682740228
149_81,s-6.449090882,s2.103001257,s359.416730401
149_82,s-4.193919533,s5.089066639,s300.081736421
149_83,s3.089850921,s6.325971019,s259.539730354
149_84,s1.817690032,s2.501287144,s113.343027669
149_85,s4.363700949,s4.930764660,s133.834287548
149_86,s-1.200093618,s-0.855052137,s64.264689869
149_87,s-0.577740094,s-1.885030119,s310.614119499
149_88,s2.182796006,s4.811140581,s301.676478498
149_89,s4.934739347,s6.566351214,s359.588638305
149_90,s5.994496302,s-5.639824353,s249.657072389
149_91,s-3.807371035,s0.194767395,s269.819253863
149_92,s-6.188186269,s6.309176461,s111.968488079
149_93,s-4.286607027,s3.207792739,s304.402442704
149_94,s-2.238951323,s-0.478507214,s277.015198275
149_95,s0.856764824,s4.127179849,s156.774918191
149_96,s-6.917270400,s-0.273615510,s272.050428289
149_97,s6.769280892,s5.274721878,s41.599037902
149_98,s1.872838292,s5.978145685,s287.990955460
149_99,s1.793663868,s3.512280357,s242.347966974
149_100,s6.844301621,s1.791216184,s317.239481704
149_101,s-3.166952190,s6.125255242,s80.159295427
149_102,s2.311338628,s3.725121885,s75.462675059
149_103,s6.493667108,s1.992458038,s315.976786777
149_104,s-2.972572176,s6.529601894,s330.416440540
149_105,s-0.756437415,s3.917309666,s76.285263500
149_106,s-3.204864605,s5.849347848,s2.417999890
149_107,s-0.271203773,s6.500479952,s19.222032131
149_108,s-2.438074064,s1.274990809,s298.983437379
149_109,s1.398671486,s1.521406295,s227.991132295
149_110,s-0.227115165,s2.756098153,s99.842041512
149_111,s-2.741796716,s4.624121362,s348.869124621
149_112,s-4.025327506,s6.414739975,s256.320779473
149_113,s3.447803639,s1.342138649,s79.219717374
149_114,s5.722397448,s6.449363129,s298.916473927
149_115,s6.747051606,s-1.713745567,s43.962623287
149_116,s6.584854599,s5.842249438,s207.940565750
149_117,s-1.049442276,s2.406885343,s230.649680933
149_118,s-3.014914366,s1.732696734,s265.099107148
149_119,s-6.777721233,s-1.782309864,s93.636027143
149_120,s-3.469072701,s0.218715665,s353.465489890
149_121,s3.434578136,s6.002036177,s141.242181860
149_122,s0.270478196,s3.169245906,s307.814734212
149_123,s0.788037880,s6.093066978,s110.141782966
149_124,s1.261585462,s6.562652227,s328.321217042
149_125,s6.566372226,s-1.339582161,s9.300492991
149_126,s0.688959048,s4.527858924,s128.657293228
149_127,s5.740943460,s2.495508641,s304.838384006
149_128,s2.672253995,s4.126666462,s337.967198872
149_129,s0.378172582,s-6.910988897,s359.112108020
149_130,s-1.960240083,s1.957000492,s167.259538265
149_131,s-1.552536078,s-0.624211856,s35.797902380
149_132,s0.946009146,s-3.836017818,s16.580405304
149_133,s3.781955250,s6.522243810,s80.838275314
149_134,s4.975204420,s4.203209273,s70.697945477
149_135,s-6.237204460,s-0.161786896,s23.073590104
149_136,s0.304186954,s5.300671832,s226.232157634
149_137,s-2.802732925,s3.342731640,s105.914269870
149_138,s3.389044410,s4.502356097,s259.501715642
149_139,s-0.415553438,s-2.865852601,s5.736193989
149_140,s-1.561966990,s5.275203295,s208.511671127
149_141,s6.555761174,s1.035030128,s337.059688878
149_142,s5.878655795,s6.154152235,s335.060365074
149_143,s-1.210236382,s5.846522660,s145.500628821
149_144,s-2.096907810,s6.274432565,s167.119928373
149_145,s-5.217715473,s5.407782861,s102.908282700
149_146,s-5.793394698,s5.440203026,s51.301325071
149_147,s-2.767845148,s5.030584496,s276.995784540
149_148,s3.963888249,s-0.696169522,s145.958210630
150_0,s-7.355819572,s-6.334154909,s154.134920914
150_1,s-3.190320936,s-4.572128290,s340.096723967
150_2,s-4.592620268,s-3.140177736,s131.364169713
150_3,s-7.077954929,s-5.457829636,s11.235198078
150_4,s-0.277320256,s-5.778707199,s281.178118358
150_5,s-0.537712769,s-2.211873406,s106.389808719
150_6,s2.331422241,s-1.387914755,s192.548012157
150_7,s-1.212420136,s-7.653169681,s321.412408978
150_8,s-1.601839652,s-6.533819310,s125.499073635
150_9,s1.705219239,s-3.882955098,s61.058701306
150_10,s4.595869229,s-2.719584592,s262.487982548
150_11,s4.316022501,s-4.771402112,s220.676118610
150_12,s7.172343531,s-6.715640003,s60.478730479
150_13,s-1.138578147,s-3.308934837,s36.954159725
150_14,s-2.037166321,s2.367556455,s101.725467961
150_15,s-7.497930118,s-4.056992215,s14.175324682
150_16,s-6.054639067,s-7.306275753,s238.090707130
150_17,s-5.108471172,s-1.164938526,s178.102165745
150_18,s-3.228196910,s-2.022423680,s112.621608907
150_19,s-4.805318487,s0.332786613,s335.694811470
150_20,s6.010043879,s6.997619064,s2.843345009
150_21,s1.219155768,s-3.897595585,s223.665982039
150_22,s5.301249431,s-6.445461839,s66.228222931
150_23,s5.750601457,s-6.906868844,s203.298698793
150_24,s2.685580395,s-4.438995332,s335.855763913
150_25,s3.718019760,s-6.181007450,s217.892026882
150_26,s-5.228485487,s2.596428230,s223.054973644
150_27,s0.331152425,s-3.228735213,s144.311226646
150_28,s-6.546602984,s-1.175348222,s57.001943088
150_29,s-5.892959353,s0.235177197,s288.785855227
150_30,s-5.029756228,s-2.639562098,s283.001263639
150_31,s-3.703689688,s-7.273566883,s308.399304652
150_32,s2.597199677,s-3.546467442,s215.031164438
150_33,s-0.849973865,s0.546944106,s172.534887126
150_34,s1.630939923,s-7.736403600,s356.176270037
150_35,s1.538845626,s-2.422784933,s43.985558798
150_36,s0.376657830,s-4.847587095,s166.221220714
150_37,s1.317746830,s-1.986259777,s145.133805971
150_38,s3.811613057,s-0.429315125,s281.405630087
150_39,s-7.396613572,s1.531539280,s264.399198731
150_40,s-7.385683980,s0.032224548,s87.163381529
150_41,s2.630601130,s4.108783581,s4.891968612
150_42,s2.619392437,s-7.109094695,s9.911888510
150_43,s-1.326003469,s-2.502694889,s103.557538971
150_44,s4.170665013,s3.317612701,s347.750024443
150_45,s3.869368182,s5.904455424,s309.448044492
150_46,s-5.254980991,s-5.456823189,s187.743852950
150_47,s0.641456624,s-0.969573242,s114.502579106
150_48,s4.026506223,s-2.083767188,s179.440517616
150_49,s-2.383078727,s-2.324820214,s222.171074231
150_50,s3.476456103,s-1.204038539,s68.104493360
150_51,s5.729321933,s-4.704454874,s269.838187432
150_52,s-5.971820202,s3.158818040,s65.949773081
150_53,s-6.352255625,s1.220028578,s327.122511098
150_54,s-2.605376553,s-1.219248716,s39.254163988
150_55,s-5.593010158,s-2.214891361,s341.648293512
150_56,s0.064832206,s-4.069419043,s144.086456302
150_57,s-0.959152941,s1.404357819,s202.528274027
150_58,s-2.442589329,s0.000872206,s324.500493525
150_59,s7.281820215,s1.163708434,s236.881595006
150_60,s3.172081378,s1.408105946,s67.426406677
150_61,s6.486819178,s-3.518011708,s135.729011379
150_62,s0.294379045,s-0.024270563,s339.920743469
150_63,s7.419137736,s2.102815680,s286.871608303
150_64,s3.588288496,s0.202873607,s38.000243931
150_65,s-6.416359999,s6.481202582,s264.080481167
150_66,s-7.543078422,s4.469769116,s340.119906626
150_67,s4.302369265,s4.065885425,s164.139886485
150_68,s-7.015760903,s2.847940252,s91.090207683
150_69,s-2.831836079,s-4.913601655,s138.551232819
150_70,s-2.348570338,s-7.268912205,s337.641021229
150_71,s-5.765161011,s3.777768635,s160.007876386
150_72,s0.706559585,s3.493286245,s139.265915498
150_73,s4.809145185,s-3.565392727,s36.202360112
150_74,s5.713910181,s3.746079595,s1.250736052
150_75,s3.526230394,s-4.847342974,s48.194760773
150_76,s5.947680361,s3.391674049,s8.981335904
150_77,s5.827311149,s1.775291296,s270.221298884
150_78,s-6.315949008,s4.300590735,s38.604666408
150_79,s-0.562043876,s2.805781439,s17.272150509
150_80,s-0.798476753,s4.755264921,s219.851697562
150_81,s2.816353240,s5.904457518,s101.746708089
150_82,s-1.967527713,s0.463133012,s291.901041536
150_83,s3.182496608,s6.621354895,s265.302080140
150_84,s-7.003248487,s3.859498609,s304.202834250
150_85,s4.411862386,s4.580284470,s145.664481531
150_86,s7.187967719,s3.851019720,s272.722971471
150_87,s-6.154402554,s4.789837346,s226.795268188
150_88,s6.438944187,s-0.940708179,s230.805839985
150_89,s6.610892659,s5.902712389,s47.048574997
150_90,s7.294755389,s-2.946574550,s281.709497929
150_91,s0.065978718,s7.037745631,s192.860255015
150_92,s-0.048748339,s-0.476434124,s114.937207638
150_93,s-5.499930471,s0.978276163,s54.614013069
150_94,s0.299464857,s1.864816860,s25.255267225
150_95,s4.270356329,s1.826161938,s66.691644054
150_96,s4.063573250,s2.168614865,s181.887206856
150_97,s-2.983098104,s2.022007913,s85.004661494
150_98,s4.133222191,s1.492551420,s267.777053668
150_99,s7.134163355,s-0.188216565,s226.149649165
150_100,s-0.590838390,s2.208183853,s67.605318667
150_101,s-3.774887558,s7.187224361,s107.972455610
150_102,s6.562475966,s1.717952553,s146.199842727
150_103,s5.373988521,s6.934988610,s48.848929527
150_104,s-3.412471076,s1.235564086,s297.768311833
150_105,s-7.568460035,s3.691872121,s14.124230853
150_106,s-1.315054302,s5.225915668,s51.333697021
150_107,s-1.087178212,s2.939246681,s262.145977834
150_108,s-0.608921982,s6.654946577,s126.272499758
150_109,s-3.626979462,s5.333081799,s157.595131896
150_110,s-0.910675158,s6.498339942,s339.987722303
150_111,s2.182257790,s7.053595615,s141.359454528
150_112,s3.626098147,s3.326742416,s285.395549460
150_113,s-5.462762733,s5.984997424,s147.849064568
150_114,s3.458271099,s5.302561159,s324.058231465
150_115,s7.116482130,s3.537323931,s204.153529881
150_116,s2.035573922,s-0.226127411,s50.339648467
150_117,s-5.725836594,s-0.750539420,s43.883440781
150_118,s-5.435814078,s6.286596069,s176.810981232
150_119,s-7.240686786,s5.751171826,s352.060768385
150_120,s-1.583633219,s4.181437347,s25.715762027
150_121,s-2.367860189,s3.780664956,s321.101469294
150_122,s-4.519839305,s4.800232626,s38.053060882
150_123,s4.512846151,s6.734446895,s150.127756692
150_124,s5.588537767,s-2.246805799,s34.013375779
150_125,s-4.243228474,s6.557262205,s72.002133666
150_126,s-0.894656981,s7.143016657,s355.890633778
150_127,s6.570444440,s5.202071531,s321.982127018
150_128,s7.232433712,s7.209736946,s75.126726382
150_129,s5.404743931,s0.314377682,s210.793672051
150_130,s-5.116226644,s4.351740887,s229.471016870
150_131,s-5.394607877,s7.164313821,s120.140695883
150_132,s-6.947659752,s2.511651660,s152.222603229
150_133,s-7.500845090,s-1.661918753,s48.391145312
150_134,s-4.401526679,s2.733346051,s147.597564379
150_135,s7.179985360,s4.688327924,s301.090815970
150_136,s5.559014801,s6.478119034,s142.509657106
150_137,s2.881540854,s4.640358450,s206.319337431
150_138,s1.107656472,s6.893028574,s113.185829372
150_139,s4.293965171,s-0.008380082,s168.720603582
150_140,s2.661078966,s3.576214121,s153.871826109
150_141,s5.489979390,s-1.779076678,s263.012102756
150_142,s6.015992636,s5.942753181,s280.319719007
150_143,s-4.896387903,s3.905428479,s304.485593077
150_144,s-7.465223155,s7.164966499,s120.843839460
150_145,s0.385380339,s5.439118020,s265.341489220
150_146,s-1.706554967,s-1.262819777,s281.438585306
150_147,s1.223820092,s1.868673858,s31.586327897
150_148,s2.406826278,s6.703045850,s127.759210488
150_149,s-2.047045146,s6.927954377,s175.196199701
151_0,s-6.325129413,s-4.575348187,s324.714034227
151_1,s-4.566515655,s-5.031896285,s56.375086546
151_2,s-4.592421532,s5.917428215,s222.073601587
151_3,s-5.455014070,s-4.155728720,s36.691057773
151_4,s-4.433646624,s-3.894387800,s133.097575216
151_5,s0.197493789,s-2.641028438,s97.209116316
151_6,s4.637867363,s-7.265212332,s121.937560869
151_7,s0.243153803,s-7.061918607,s74.871803613
151_8,s0.133103298,s-4.804890115,s238.345806536
151_9,s2.612317483,s-2.611124927,s15.745433755
151_10,s-1.485007014,s-1.986371628,s57.186483391
151_11,s5.746233790,s-6.816980043,s97.667259534
151_12,s2.220444898,s-6.307865568,s109.363368494
151_13,s-6.107595168,s-1.047795963,s223.919394332
151_14,s-5.316962418,s-1.011434226,s61.233583501
151_15,s-2.688513983,s-1.917143699,s242.442971893
151_16,s-5.837667553,s1.436836533,s222.285913147
151_17,s-1.948140598,s-7.234610376,s211.956808283
151_18,s-2.981369134,s-2.698135903,s112.280746949
151_19,s-1.414675398,s-5.283057077,s268.321295934
151_20,s2.688554351,s4.074927116,s262.442815463
151_21,s-0.805437900,s1.306768500,s204.418287157
151_22,s5.473448599,s7.308096641,s155.378347949
151_23,s1.529448587,s-6.807117741,s123.761984070
151_24,s6.633369334,s-7.213701501,s104.518863133
151_25,s5.188402280,s-0.461513422,s42.284458088
151_26,s-3.525002018,s-4.182427840,s147.464983691
151_27,s-7.163165163,s-4.297128229,s265.330450736
151_28,s-6.958044600,s-5.961183024,s43.673139880
151_29,s-1.210482937,s-6.167933515,s308.363901605
151_30,s-2.493937181,s1.274872175,s17.744067511
151_31,s-2.074664587,s4.138526389,s358.629590853
151_32,s-1.452645535,s-0.807067993,s33.806154150
151_33,s0.044110389,s2.938032875,s157.294026023
151_34,s5.649332163,s-4.760087498,s288.400266912
151_35,s1.867524843,s-3.304449758,s246.914479312
151_36,s3.297256479,s-4.146440859,s349.415286875
151_37,s5.088524022,s-2.658610503,s242.866282052
151_38,s5.914195367,s0.852483089,s153.263463797
151_39,s-3.596522443,s-2.694332644,s276.278612999
151_40,s-1.369043741,s1.104221835,s48.803185506
151_41,s-5.960637018,s-3.286159998,s176.536146704
151_42,s-7.158877459,s-1.665309886,s76.215220974
151_43,s0.263907577,s1.414355213,s188.962548031
151_44,s7.172919454,s2.724668779,s205.980492198
151_45,s4.315096738,s-0.548736845,s218.593629668
151_46,s3.993220292,s1.396656499,s182.763919972
151_47,s4.323940283,s3.128149701,s169.845891507
151_48,s1.551140759,s5.065648521,s320.951281412
151_49,s1.672994664,s5.028701510,s241.850692281
151_50,s3.969300255,s-3.231926633,s25.224586752
151_51,s5.386396205,s-1.434510676,s151.704209420
151_52,s-4.299155536,s5.038980679,s349.971091659
151_53,s-5.541663657,s4.978840370,s128.136102715
151_54,s-5.321109945,s7.289451315,s233.974113782
151_55,s-1.156697177,s-3.944300588,s19.659257457
151_56,s-5.575328248,s2.931480835,s203.008537463
151_57,s-4.725121869,s1.028314937,s274.695366540
151_58,s-7.213146253,s-2.647692144,s312.592206879
151_59,s0.078476405,s-0.121210457,s335.720212006
151_60,s-0.736854860,s4.723171303,s226.168897479
151_61,s4.382760809,s-0.304785496,s277.989110454
151_62,s6.494500046,s-2.359036562,s192.760365750
151_63,s3.383548208,s6.362397098,s261.610286205
151_64,s1.076560820,s3.519798669,s156.465544196
151_65,s-6.447206184,s1.730560404,s309.983091959
151_66,s-5.926084295,s-1.762509736,s58.731214520
151_67,s-7.167981326,s6.412152855,s320.602235494
151_68,s3.780762727,s5.056518304,s223.004755621
151_69,s2.491866432,s3.767403893,s162.529422195
151_70,s-0.657767478,s2.468592697,s290.862530602
151_71,s-2.920289718,s3.223615342,s146.860208657
151_72,s0.976167182,s4.710055834,s236.846413333
151_73,s5.735078600,s1.395049748,s275.169506880
151_74,s-4.920231251,s2.181821386,s103.181381140
151_75,s5.928795070,s6.201691125,s135.047188846
151_76,s2.566482793,s4.759062592,s4.730035212
151_77,s7.211367780,s1.312494348,s244.902149464
151_78,s-2.634933108,s-0.289585201,s106.276525635
151_79,s-6.546377911,s5.697671690,s160.659485172
151_80,s-6.710386838,s-2.783350260,s64.885736916
151_81,s-4.545143160,s-0.349940171,s46.859706484
151_82,s3.531024114,s2.195276043,s199.514195953
151_83,s-1.066041290,s1.877459115,s172.793470448
151_84,s-2.571142090,s-1.454600414,s181.582651102
151_85,s-3.574226587,s3.142791159,s243.718769041
151_86,s2.735932913,s-1.395057276,s219.122707588
151_87,s3.911907484,s2.493744184,s318.250974193
151_88,s5.200919855,s-6.968773907,s353.482387118
151_89,s6.688612219,s-3.346286525,s308.668483843
151_90,s2.819455711,s-0.534532292,s46.758901105
151_91,s-7.032483222,s2.798876421,s49.266890000
151_92,s-6.346996540,s7.203994107,s305.559174259
151_93,s-3.778178587,s6.621778847,s307.677006272
151_94,s-2.159991422,s2.621018345,s7.977617973
151_95,s1.893914060,s0.529523533,s316.366305630
151_96,s-4.340116834,s-2.015672342,s12.978821640
151_97,s7.182367936,s-1.419225890,s110.489366183
151_98,s4.888639822,s3.502051676,s90.198883375
151_99,s7.065087268,s1.957529702,s225.360302670
151_100,s7.236044354,s7.145526469,s17.009664933
151_101,s7.329241916,s4.671871904,s333.658688338
151_102,s5.798456328,s6.531876008,s169.550372704
151_103,s6.229827580,s2.061233734,s195.914211736
151_104,s-4.905474344,s6.451102933,s267.741756522
151_105,s1.966148197,s-1.880646874,s110.679371505
151_106,s-3.129640577,s4.288330960,s338.323863749
151_107,s-5.822077418,s0.596018072,s112.679718147
151_108,s-7.109548326,s4.529415380,s84.066451140
151_109,s6.659442441,s0.088047636,s44.045112293
151_110,s-7.093447571,s4.101717938,s41.016502950
151_111,s0.013423495,s4.361984338,s114.934216732
151_112,s2.831815177,s3.339883509,s179.992962903
151_113,s-2.349558810,s3.526833236,s307.269598332
151_114,s5.061942558,s6.633734868,s350.958262146
151_115,s6.511693458,s2.961079705,s73.604819170
151_116,s5.721879759,s3.524983659,s71.357987307
151_117,s0.107123044,s6.843889394,s34.890838633
151_118,s1.335378034,s-1.460802309,s178.660622549
151_119,s1.540099522,s2.892491347,s184.351082529
151_120,s0.191999656,s6.367189929,s86.363156184
151_121,s3.513617102,s4.561100346,s320.116108490
151_122,s2.441628115,s6.909660335,s76.511175829
151_123,s-3.690304243,s1.055511643,s235.545506512
151_124,s-3.801018343,s5.181959712,s43.829317514
151_125,s1.541530135,s7.211694036,s198.097419066
151_126,s1.302371572,s0.992782041,s128.266905608
151_127,s4.600931296,s7.241197319,s98.472320704
151_128,s6.204526998,s7.232233303,s275.696597212
151_129,s7.055292166,s4.026917032,s182.118758583
151_130,s-7.136324675,s0.302596303,s283.241676020
151_131,s-7.193600751,s6.884929671,s14.324326089
151_132,s-6.420641551,s5.449891342,s251.097599270
151_133,s-0.923058867,s6.646210689,s127.651162350
151_134,s-4.239952854,s6.501744812,s205.937768497
151_135,s-3.848362247,s7.290841709,s56.505385594
151_136,s-1.806530373,s5.215024396,s56.827593308
151_137,s1.215573686,s7.266541794,s36.047146323
151_138,s7.302346606,s6.164688229,s143.824130112
151_139,s3.748107392,s5.404794989,s329.881631415
151_140,s4.182839388,s6.333592179,s247.408841640
151_141,s2.155852099,s6.537164645,s176.136661256
151_142,s7.041965213,s6.941068013,s148.380795642
151_143,s2.518131407,s-0.268023200,s345.061265806
151_144,s-2.515355181,s5.967102480,s47.565426510
151_145,s-5.337153051,s4.189574786,s330.885661396
151_146,s-3.188641969,s6.944614741,s179.611820221
151_147,s-2.096458573,s7.124327469,s130.200246396
151_148,s1.849590951,s6.815327511,s338.776806109
151_149,s1.162479898,s6.507083105,s240.017288849
151_150,s-1.546299671,s5.509916713,s261.262153227
152_0,s-7.325656051,s-7.712293944,s61.223157161
152_1,s-7.341916042,s-4.724280302,s197.582691776
152_2,s-5.135533831,s-5.095509871,s19.542568795
152_3,s-6.008171269,s-4.892916714,s37.031031518
152_4,s6.475945418,s-6.050399131,s87.306376512
152_5,s2.951989984,s-7.431454449,s150.682754387
152_6,s0.105267092,s-0.231715151,s287.755607721
152_7,s-6.900947388,s-5.615908452,s113.552911617
152_8,s2.693535754,s-3.357277368,s254.351086875
152_9,s4.880258783,s-6.775535892,s201.089230062
152_10,s5.445157050,s-3.222490504,s120.280169804
152_11,s1.064749368,s1.050726883,s166.234034670
152_12,s6.062135584,s-7.467168734,s134.129166686
152_13,s-5.759262198,s4.638405965,s297.170619913
152_14,s-4.476314269,s-6.380096061,s295.940596261
152_15,s-5.284235135,s0.491677573,s16.214473060
152_16,s1.196590247,s-0.795041979,s71.750431616
152_17,s0.451907255,s-4.868692563,s201.114865993
152_18,s-4.031664678,s-2.600950180,s357.115740498
152_19,s3.772793963,s-5.275484723,s128.559716083
152_20,s0.984808430,s-6.073497190,s76.101977296
152_21,s7.479780469,s1.754342147,s136.510789030
152_22,s2.350676982,s-1.827255806,s28.337285412
152_23,s3.862975901,s0.778144942,s102.294825239
152_24,s4.594915381,s-1.046130644,s201.754344168
152_25,s7.753851919,s-3.763642909,s86.973959141
152_26,s-5.439968941,s3.077552866,s297.996304150
152_27,s-4.747438705,s-3.295102728,s139.615396574
152_28,s6.262134715,s-1.393443311,s121.340200376
152_29,s-6.986793426,s-2.928264854,s40.806350403
152_30,s-4.030615803,s-0.563241768,s354.177679456
152_31,s-4.617640288,s2.170069302,s76.709947953
152_32,s-6.617928860,s-3.516279185,s220.317383674
152_33,s-1.219475360,s-0.245690656,s258.739470303
152_34,s7.453367590,s0.375478610,s123.508435242
152_35,s7.017989243,s-7.425741483,s144.416791401
152_36,s6.866876136,s-1.534720250,s180.889455879
152_37,s-1.640856607,s-4.523212462,s319.809243226
152_38,s4.285507704,s-3.409146650,s202.073579833
152_39,s2.234128378,s1.452942504,s301.289406331
152_40,s-7.270584768,s-2.424313720,s346.948565257
152_41,s-4.955663905,s-7.061785560,s284.903095933
152_42,s0.925338302,s-1.492174035,s155.322829634
152_43,s-1.488544770,s0.572973697,s57.770024509
152_44,s-2.438281845,s1.157521885,s342.949149381
152_45,s5.546221928,s-0.759833910,s176.324545564
152_46,s-0.455739448,s-7.658895802,s125.830427485
152_47,s6.556748075,s3.645655667,s352.349159969
152_48,s5.678841494,s-2.455193013,s139.826748080
152_49,s1.246532168,s-1.896674493,s322.413797033
152_50,s4.424070400,s4.331473596,s278.498394849
152_51,s4.617602340,s-1.831958572,s352.936995543
152_52,s-5.291634207,s7.334851764,s328.637203534
152_53,s-1.249936005,s-2.576688582,s165.369651071
152_54,s-0.451320110,s-5.279221243,s305.734184550
152_55,s-3.252854239,s2.047943198,s196.829657550
152_56,s-6.911840283,s-1.253017622,s142.978613469
152_57,s-0.685439628,s-3.881167332,s264.602390584
152_58,s-2.516410354,s-6.360281100,s116.443782173
152_59,s3.232187235,s-1.780540794,s266.924277611
152_60,s-5.127184427,s-1.700906455,s63.315250196
152_61,s5.158536738,s1.701187578,s258.218473408
152_62,s7.496768699,s-1.593358873,s64.502310522
152_63,s5.581011239,s0.190749331,s70.845204701
152_64,s3.310782805,s0.920625616,s155.257125023
152_65,s-5.925179766,s-2.903868270,s242.933402138
152_66,s-7.291820254,s0.650706155,s293.666431043
152_67,s-4.542939822,s0.863440118,s79.166682256
152_68,s-2.582560206,s5.516403304,s97.035513961
152_69,s-2.957509873,s3.140887018,s189.294271314
152_70,s1.610915215,s-2.052078180,s249.653286436
152_71,s2.137064835,s-7.653062242,s302.373646372
152_72,s-0.608463935,s2.647260942,s279.622202514
152_73,s2.074859962,s-4.159977356,s293.485789725
152_74,s5.927243632,s3.857293491,s135.390815460
152_75,s7.459918999,s5.591191454,s29.849677757
152_76,s4.107813081,s1.990891638,s261.031726431
152_77,s6.549681134,s1.416400691,s62.053409178
152_78,s-7.156410456,s7.179261662,s276.095947128
152_79,s3.242040994,s1.942144628,s207.045068389
152_80,s2.723143387,s4.677899831,s312.529952512
152_81,s-6.902905039,s5.646238690,s58.916610982
152_82,s6.764017862,s5.962050846,s150.461954681
152_83,s-4.327913885,s1.593120147,s171.139548287
152_84,s-2.503277149,s-1.146032443,s181.141238684
152_85,s2.052742338,s0.432712755,s351.566113915
152_86,s3.337818241,s-0.476949069,s52.672687629
152_87,s4.309584653,s-0.016022181,s5.007087806
152_88,s2.447736791,s2.846345378,s153.527231400
152_89,s5.034231061,s5.278105850,s173.370334019
152_90,s7.015138076,s2.801568597,s271.424546563
152_91,s2.711744164,s5.911022914,s320.154911792
152_92,s-7.307988221,s3.772316783,s121.019440221
152_93,s-5.137655518,s-0.355738659,s2.581341253
152_94,s-6.776890580,s6.812024469,s42.123220807
152_95,s7.241854544,s4.465813463,s335.166143460
152_96,s-3.792348969,s1.585522080,s24.004932226
152_97,s-5.376487304,s-1.131882358,s87.557299584
152_98,s-0.778287165,s3.218970992,s90.486993422
152_99,s0.511145656,s5.547913217,s274.956990170
152_100,s2.279686720,s1.456009233,s275.589837559
152_101,s6.401292278,s7.303724458,s179.759023171
152_102,s4.121612016,s3.437920798,s264.580354900
152_103,s3.606550305,s6.143395026,s125.248785386
152_104,s-7.134509570,s2.111862098,s111.204602293
152_105,s-4.358401578,s5.476598078,s289.858133149
152_106,s-0.856717813,s4.630007487,s119.499524677
152_107,s-3.047246383,s-4.660776041,s304.946136924
152_108,s-0.949624806,s1.393439586,s57.073112326
152_109,s0.316386271,s3.267363887,s62.805949846
152_110,s-1.654767976,s6.974874728,s50.676258148
152_111,s0.806940595,s3.122368893,s175.524616758
152_112,s2.630760598,s4.927986987,s311.799645376
152_113,s4.523954889,s6.884235367,s157.842371703
152_114,s2.264822322,s6.274233046,s281.631267555
152_115,s5.717219929,s4.800806895,s211.409654941
152_116,s7.820139014,s3.325304993,s84.027640498
152_117,s-2.412176715,s5.046022279,s30.681046438
152_118,s0.309394071,s6.104714481,s90.112276782
152_119,s-5.660233990,s6.173461547,s93.391145595
152_120,s-6.270907100,s3.121152762,s70.689686123
152_121,s6.968312806,s6.647383996,s269.329792630
152_122,s5.256106731,s1.337799423,s41.344420357
152_123,s3.753461456,s3.841433125,s141.573579631
152_124,s3.262646181,s5.798434340,s18.519075625
152_125,s1.977097986,s-1.117217948,s145.157031581
152_126,s6.664158768,s3.716311149,s29.664153088
152_127,s4.449275173,s5.596153216,s206.126951384
152_128,s4.794068397,s4.534626350,s23.616358199
152_129,s3.161336036,s4.345919215,s136.627311689
152_130,s-2.744885070,s7.328822892,s194.668655185
152_131,s-4.507442858,s7.334851764,s353.060977137
152_132,s-1.280570691,s0.534482028,s196.450568280
152_133,s-6.433114207,s0.524086980,s355.432609639
152_134,s0.252808829,s4.571000102,s273.603571236
152_135,s1.493877530,s4.281005852,s16.762209896
152_136,s-4.966611957,s3.827478365,s318.527711740
152_137,s2.689943195,s7.102840614,s89.571818347
152_138,s1.097789174,s5.061269411,s78.658096739
152_139,s-3.604196183,s5.104360185,s65.072451642
152_140,s7.590542728,s7.168443178,s65.694316176
152_141,s5.310347382,s7.194194444,s33.036460785
152_142,s7.735063516,s5.801921558,s142.108468329
152_143,s-7.247446512,s5.151370816,s157.767691074
152_144,s-7.346132284,s6.136773337,s199.147923916
152_145,s-3.045767499,s6.900164757,s188.489322741
152_146,s-5.013447239,s6.138123987,s162.564005780
152_147,s1.849010859,s2.443287306,s183.859772786
152_148,s3.330743900,s3.321524688,s256.180363232
152_149,s0.015213572,s3.942884656,s95.798669509
152_150,s-0.100143627,s7.251837714,s199.560787990
152_151,s-2.720551811,s3.431390373,s275.327366102
153_0,s-6.730862856,s-2.599763668,s209.644006520
153_1,s-7.349298253,s-7.480602865,s306.818118300
153_2,s-4.040940607,s1.547530179,s64.320041799
153_3,s-0.355355367,s-2.332824290,s289.452788421
153_4,s-7.237962476,s-4.244608575,s220.255236099
153_5,s-1.222767320,s-7.387343252,s348.642938351
153_6,s-3.454831936,s-7.550058886,s199.785850161
153_7,s1.584113988,s0.961849750,s176.407543498
153_8,s3.794151756,s-7.173362715,s117.737454479
153_9,s-0.116025295,s-6.076391730,s38.258262560
153_10,s4.701604930,s-3.421178838,s89.275071368
153_11,s6.010545951,s-3.226940202,s59.561639606
153_12,s7.061440728,s-6.221369622,s292.133965872
153_13,s-4.478504215,s-3.881681976,s255.776101997
153_14,s-5.519174243,s4.849822078,s352.452193785
153_15,s5.810906639,s0.492073922,s260.675781925
153_16,s-5.998637571,s2.720895917,s348.949598709
153_17,s-6.953361904,s-5.276029070,s110.897977313
153_18,s5.158164876,s-5.734501517,s35.306589964
153_19,s-2.210469230,s-4.202693962,s181.777299549
153_20,s3.946860571,s-6.059614465,s226.753017415
153_21,s4.083140249,s1.059800521,s324.572758985
153_22,s4.547136614,s-1.410995524,s289.601898860
153_23,s7.194898242,s3.462374295,s356.249932897
153_24,s5.067723305,s-4.204965802,s302.747026735
153_25,s6.739092497,s-3.459814362,s196.396645747
153_26,s-5.013110604,s0.183044640,s288.264877628
153_27,s0.184754282,s2.802058517,s29.975491233
153_28,s-6.251115628,s-7.432975186,s42.547627683
153_29,s-5.749864165,s-1.856514897,s114.639018688
153_30,s0.063984850,s-1.231938339,s65.719956324
153_31,s-3.667398556,s-5.112710320,s205.009694522
153_32,s-4.799848882,s4.171500547,s220.009303279
153_33,s1.686336366,s-2.299069159,s357.338662107
153_34,s1.598907469,s-7.552183712,s10.011933350
153_35,s-0.945181950,s-1.517731546,s288.976463228
153_36,s7.642979031,s-3.413160572,s341.928787040
153_37,s0.408816654,s-2.527651475,s194.796807788
153_38,s6.492861470,s-3.067713453,s217.901715837
153_39,s-3.219925877,s-0.373897841,s39.753504970
153_40,s-2.375373630,s-1.814167060,s237.641461373
153_41,s-5.875631969,s-3.258534681,s32.462035960
153_42,s-1.741962803,s-2.224748628,s145.792706384
153_43,s-4.427208015,s-4.700012787,s215.019494491
153_44,s-0.924519866,s-0.170983466,s245.658649818
153_45,s6.905263955,s5.699929841,s230.190885158
153_46,s-5.023775013,s-1.601886767,s65.839431405
153_47,s0.497832839,s-5.520464037,s267.003893471
153_48,s-5.552925579,s-3.246359863,s156.413501721
153_49,s6.095335554,s5.653420836,s134.678184111
153_50,s2.353295412,s-0.157863906,s246.962813997
153_51,s6.465990984,s-1.741423122,s358.786590688
153_52,s-6.229618402,s-4.046892267,s339.615294483
153_53,s-5.269425309,s-2.667408712,s193.337475203
153_54,s-4.593936031,s6.329752084,s56.685968377
153_55,s-6.710110797,s1.306244823,s227.706986086
153_56,s2.639385252,s-0.731996103,s159.846978665
153_57,s3.099259004,s-4.077571805,s58.017042000
153_58,s2.927341404,s-2.944746105,s144.254000416
153_59,s-4.259546457,s-6.616580079,s11.402211074
153_60,s-5.245805833,s1.092465494,s206.843637770
153_61,s-2.203801639,s-0.442092857,s305.360273307
153_62,s4.426431430,s-0.941820072,s14.647682454
153_63,s2.886173808,s6.994807585,s323.805004448
153_64,s5.563050076,s7.320078424,s344.861536683
153_65,s-2.301130084,s6.902345086,s42.928969262
153_66,s-7.523975055,s2.290690080,s306.994716599
153_67,s-1.365027046,s6.778117402,s100.609983542
153_68,s-1.050293228,s2.756715743,s138.418344705
153_69,s-2.644960446,s0.553392988,s344.036576924
153_70,s-3.684937332,s2.811188604,s317.535433779
153_71,s-1.207466481,s-3.894153086,s345.006956717
153_72,s4.486655551,s5.896963703,s89.727128020
153_73,s0.937565270,s3.309252332,s48.214723176
153_74,s2.487807190,s-5.313630200,s283.317517843
153_75,s7.586710542,s2.936395430,s311.266475037
153_76,s2.549679380,s3.490582788,s8.626866248
153_77,s7.576764963,s4.886793305,s68.095145506
153_78,s-7.531017175,s-1.398664275,s190.835649359
153_79,s-2.857422046,s3.665721729,s160.079891707
153_80,s-4.375334849,s7.358705386,s321.684323035
153_81,s-7.134121563,s4.301175263,s11.269875829
153_82,s-7.390986818,s6.247640578,s21.589493967
153_83,s3.591806044,s2.231213481,s75.399520795
153_84,s0.519341430,s1.710343546,s145.334794262
153_85,s4.348013273,s5.000764883,s311.041720037
153_86,s1.333506828,s-0.435291501,s76.612951414
153_87,s-3.134090183,s-7.597704314,s285.849263900
153_88,s7.480682133,s-0.565786483,s264.327015937
153_89,s4.423682190,s6.474246331,s190.229099008
153_90,s6.330917205,s2.328158843,s78.864063481
153_91,s7.432912370,s-0.987533004,s187.661153447
153_92,s-0.470375917,s0.416824889,s255.925827694
153_93,s2.296762817,s7.526309750,s13.915652961
153_94,s-2.822969107,s-3.276685373,s96.980046411
153_95,s-4.969965662,s2.013015789,s89.652125821
153_96,s6.119292166,s-6.950682512,s95.415111900
153_97,s0.077029251,s7.115568337,s337.862676439
153_98,s3.561399164,s1.621146002,s234.276750304
153_99,s6.901438847,s0.857042871,s179.583549757
153_100,s5.663997247,s-0.911740529,s298.234814203
153_101,s4.488567560,s-0.860651285,s88.713034517
153_102,s3.179245274,s6.390744015,s56.940954561
153_103,s-0.069690338,s5.158914500,s291.504226291
153_104,s-7.402373989,s4.677766531,s56.966346682
153_105,s-5.900231344,s6.823004513,s294.178223402
153_106,s2.451200359,s0.993200059,s51.357720201
153_107,s-1.711935784,s1.513233480,s131.379013122
153_108,s-5.468387213,s4.918231142,s199.904179627
153_109,s3.096677997,s3.976212265,s260.341341956
153_110,s1.984355636,s5.458794503,s162.708817684
153_111,s4.838879182,s1.454639161,s69.808152960
153_112,s1.703382780,s7.448910283,s197.140111855
153_113,s-1.221422374,s3.923048395,s301.188977779
153_114,s-1.789856450,s5.357720355,s37.424311615
153_115,s4.164445776,s6.982825032,s331.257359676
153_116,s5.746367791,s4.871240713,s216.690644145
153_117,s7.597242314,s1.287285089,s32.107721178
153_118,s0.112812549,s3.286063134,s319.530274531
153_119,s-0.194149116,s4.151181835,s356.952725007
153_120,s-3.042600929,s4.479764766,s197.538996093
153_121,s2.159660197,s3.324393256,s128.628655148
153_122,s-6.612290022,s6.917878304,s197.892697483
153_123,s2.498587206,s6.688783283,s280.487726485
153_124,s-1.712035162,s4.592528634,s116.142891796
153_125,s3.495164373,s2.922584859,s233.029948837
153_126,s7.532586061,s2.247951198,s135.486368869
153_127,s7.567955104,s7.449201912,s210.771043263
153_128,s2.658094795,s-1.049526853,s249.311835166
153_129,s6.738280204,s7.071917826,s7.745439821
153_130,s-6.104819383,s-0.117587433,s153.885062109
153_131,s-7.480460545,s3.377459884,s84.489892217
153_132,s-7.549519659,s-0.515758436,s212.854012971
153_133,s-2.232726570,s3.365243102,s79.207572897
153_134,s1.423185440,s0.453751984,s347.775600774
153_135,s-2.190034330,s6.332373425,s352.110793614
153_136,s0.574784996,s7.355832674,s232.586319760
153_137,s4.951773529,s3.544408132,s74.621763214
153_138,s-7.378016145,s5.625878966,s138.416647225
153_139,s-0.767463295,s7.472462434,s214.831414254
153_140,s5.914503725,s2.304437392,s84.529961452
153_141,s3.892061535,s2.933461782,s305.371251246
153_142,s0.878850414,s2.544751005,s211.088486315
153_143,s-7.130358852,s2.779224868,s315.389449444
153_144,s-6.388562891,s2.693468755,s188.988633189
153_145,s-7.423608454,s7.385341261,s168.221694815
153_146,s-3.672142325,s5.240214876,s299.156443257
153_147,s-6.321707077,s7.251201164,s282.739450438
153_148,s-3.702261010,s7.127284135,s294.589430574
153_149,s-0.666247763,s4.861859224,s262.208068115
153_150,s-7.576637182,s6.920179440,s152.700259494
153_151,s1.806050132,s5.262089885,s310.694448209
153_152,s5.196943073,s6.774810404,s144.842076068
154_0,s-5.733137438,s2.079623562,s304.677244007
154_1,s-4.325526194,s-6.472793428,s105.034652471
154_2,s0.931112367,s0.672458655,s127.653942613
154_3,s-6.363709606,s-2.870701721,s45.341093551
154_4,s-6.675427791,s3.156954308,s320.417835031
154_5,s6.328434455,s-5.267878340,s148.210615341
154_6,s0.717863133,s-6.767131280,s197.033039991
154_7,s-0.515795927,s3.626747863,s141.180603617
154_8,s4.967028246,s1.079013290,s301.332350839
154_9,s4.392588951,s-2.390668969,s27.142276593
154_10,s-1.821498517,s1.877731519,s312.321645301
154_11,s2.870504735,s-6.695847534,s33.015544599
154_12,s6.820401430,s-6.446705742,s101.836864068
154_13,s-4.767595538,s-4.613813275,s99.525841207
154_14,s-4.100662891,s-3.549381280,s164.121407790
154_15,s-6.201422896,s-2.628896349,s258.687243564
154_16,s-6.535427765,s-6.478668263,s42.964063809
154_17,s-7.046798209,s-3.183690048,s147.774337188
154_18,s-0.036134743,s-3.800526272,s50.980436095
154_19,s-0.207795366,s-5.330835289,s77.020479356
154_20,s6.609602450,s-6.073264625,s227.655787521
154_21,s-1.167066062,s1.085555821,s218.516446297
154_22,s6.919312497,s-1.275228539,s139.519231522
154_23,s5.942951031,s-1.628295643,s212.071171417
154_24,s3.010342945,s-1.049261695,s15.910216087
154_25,s5.761481866,s-2.466997970,s51.402827653
154_26,s-6.830030906,s-1.235915419,s69.102584210
154_27,s-6.163968988,s-5.779584827,s22.255377754
154_28,s0.967978794,s-2.054775695,s199.435646752
154_29,s-4.391103782,s-1.651771192,s114.022047286
154_30,s2.561119816,s-2.108649782,s202.298570447
154_31,s-2.132403452,s3.831539094,s240.701707458
154_32,s1.196925635,s-4.279922775,s97.646048869
154_33,s4.700726405,s-0.690329156,s44.206030137
154_34,s-4.062376758,s-2.324539647,s90.956508077
154_35,s1.088248166,s6.776524476,s321.653286451
154_36,s6.149716764,s-4.135771471,s53.746733144
154_37,s6.092464563,s-2.644734639,s240.413535337
154_38,s4.190417760,s-0.564291684,s279.417379611
154_39,s-5.733627772,s2.893270332,s232.191637400
154_40,s-1.639190007,s-2.990020941,s242.252619706
154_41,s0.733544398,s2.122943604,s281.205084030
154_42,s0.135816880,s5.816104731,s330.123352991
154_43,s-2.184516361,s-0.942467002,s355.761258042
154_44,s-6.964324210,s0.181389165,s223.719805456
154_45,s2.164270159,s-6.746792189,s110.762017154
154_46,s-0.765244779,s4.796474924,s87.114905039
154_47,s0.874644146,s3.634735719,s313.063631008
154_48,s-0.443764132,s3.312527838,s59.541871945
154_49,s6.879232212,s-4.732627996,s248.207480828
154_50,s4.678393544,s-6.849967900,s198.248947670
154_51,s4.439289877,s4.328266266,s147.970481336
154_52,s-7.029003943,s-2.236383229,s169.681330769
154_53,s-2.967502829,s1.971982473,s29.719094366
154_54,s-2.405849775,s-6.345944096,s168.921861591
154_55,s-1.457821177,s-3.190174028,s277.285703839
154_56,s-7.034115796,s-2.593026225,s42.344448021
154_57,s-0.927349918,s-3.158267947,s341.523724502
154_58,s2.627099535,s0.647542427,s353.468718215
154_59,s2.079324828,s3.882977343,s315.946598281
154_60,s-6.775769626,s1.960115385,s51.279043474
154_61,s-4.542096895,s0.486391360,s198.854177353
154_62,s4.834690279,s-4.351947661,s36.946347442
154_63,s3.030644289,s6.834542235,s209.480350567
154_64,s6.758972425,s0.995790780,s189.254112988
154_65,s-6.826717586,s4.700184103,s96.185858509
154_66,s-4.812231295,s2.701321498,s53.967330557
154_67,s-2.332061555,s4.209290610,s154.584951652
154_68,s1.182312618,s6.305278061,s209.149259474
154_69,s-2.743416006,s-2.860541191,s328.171546081
154_70,s-1.227422487,s-1.173352379,s138.314097091
154_71,s-4.005923798,s4.355769650,s253.634785072
154_72,s3.633171315,s-0.927104502,s146.642380204
154_73,s4.601695406,s-0.947709719,s355.583575434
154_74,s4.885087303,s-3.248524576,s118.762660700
154_75,s4.042365698,s2.619124007,s20.210825197
154_76,s2.469222387,s3.468407619,s147.678126724
154_77,s5.081788099,s2.066600222,s88.982433179
154_78,s-5.004055371,s-3.066025106,s83.140371744
154_79,s-7.097066325,s3.785064861,s232.607563572
154_80,s-1.852327608,s-2.219691625,s306.331430805
154_81,s3.757929282,s1.577155932,s206.781338973
154_82,s-5.081381876,s6.967673400,s55.396866104
154_83,s6.739742476,s0.179403978,s303.995768340
154_84,s-2.723557858,s0.547333715,s159.599753591
154_85,s4.839794820,s6.876467399,s214.767026299
154_86,s0.386611531,s1.599388102,s315.560866751
154_87,s6.686235562,s1.861965053,s298.452902492
154_88,s2.682403533,s-3.706370442,s303.893696922
154_89,s4.153991199,s4.771008339,s23.040808146
154_90,s0.375910341,s4.891370264,s270.093649997
154_91,s-1.183424347,s4.210710667,s219.794746216
154_92,s-3.948057852,s3.000638862,s51.720419873
154_93,s-1.490702421,s-4.261625535,s311.058071885
154_94,s6.667977691,s5.792622768,s19.525733119
154_95,s-6.277944479,s-6.840735671,s72.650490593
154_96,s6.668942041,s3.943263977,s289.306901753
154_97,s-1.771832313,s-0.484833123,s145.861038188
154_98,s-7.127942995,s4.908800235,s300.228866308
154_99,s-1.514539977,s6.599683484,s61.643272125
154_100,s5.887517654,s-0.645480965,s225.634794705
154_101,s3.812398249,s4.641192857,s274.440165048
154_102,s6.142657721,s4.155454513,s246.017828040
154_103,s5.447350800,s0.734354168,s353.786605692
154_104,s0.958157103,s-2.837468862,s134.257315290
154_105,s-4.609374235,s0.208647049,s49.013278472
154_106,s-3.963518598,s1.824111818,s53.829201955
154_107,s1.460585031,s5.644388348,s172.274930563
154_108,s-2.475236625,s6.961537625,s198.658989769
154_109,s-4.937393252,s3.753483280,s259.427551982
154_110,s-3.282460132,s3.268713776,s291.811043977
154_111,s-2.025805694,s5.956291677,s76.446915152
154_112,s-1.815067732,s3.656924734,s78.966882161
154_113,s0.526953496,s3.943458206,s127.577493162
154_114,s4.520485241,s6.231795735,s48.845836922
154_115,s4.151336197,s3.008554089,s320.001432519
154_116,s5.405748417,s2.376558929,s24.585370985
154_117,s-3.892685694,s6.269874093,s175.900574380
154_118,s-4.411492266,s5.585151710,s188.216864352
154_119,s-5.921359915,s5.730166164,s296.912510373
154_120,s-3.818432325,s4.960939844,s49.228217354
154_121,s-2.891250342,s3.152766469,s317.891005030
154_122,s3.445031874,s0.012325167,s12.858634989
154_123,s6.566191303,s6.925347877,s76.100612652
154_124,s-3.198210044,s-0.915823023,s315.234402732
154_125,s-3.701020904,s0.914071190,s299.376420412
154_126,s5.337698655,s6.002020502,s167.526398530
154_127,s6.203224237,s5.233436407,s250.902933376
154_128,s5.096858056,s3.110545894,s95.225699997
154_129,s2.540967125,s5.015342490,s186.747586208
154_130,s-6.006763302,s6.967673400,s36.623486763
154_131,s-2.676947702,s-2.557577989,s145.955533433
154_132,s-5.461375590,s5.619701108,s150.437535261
154_133,s-2.317608529,s1.543355944,s104.731018342
154_134,s6.861003440,s2.514067786,s240.173792302
154_135,s-5.186710293,s4.437545109,s345.636221498
154_136,s2.212340164,s6.885495197,s95.197031266
154_137,s2.166781410,s0.960109221,s229.918160295
154_138,s2.490980913,s1.065040979,s54.986423532
154_139,s1.785668497,s3.160038418,s100.120917905
154_140,s-2.174103591,s-5.851265682,s180.940823155
154_141,s5.979807808,s6.791123702,s134.421356158
154_142,s-2.414250948,s2.778409911,s271.016111707
154_143,s-6.806567852,s0.918476521,s124.177278465
154_144,s-5.075039488,s6.039460134,s317.625265755
154_145,s-5.539905295,s6.403961725,s154.969300242
154_146,s2.265765178,s6.156406797,s205.219968262
154_147,s-1.513571873,s4.955395308,s319.424103635
154_148,s-5.541442315,s-1.890854731,s120.822184136
154_149,s-0.818280109,s5.996006930,s174.932673175
154_150,s-3.873740799,s6.794102945,s104.148929075
154_151,s1.582397245,s2.469490700,s111.062245310
154_152,s2.192397347,s6.301231523,s278.127478340
154_153,s5.016002495,s4.353308550,s92.426784282
155_0,s-4.858560868,s-2.152473759,s135.299637725
155_1,s-4.964495740,s-5.308640841,s250.521100651
155_2,s-0.401279837,s-7.506255454,s86.002846293
155_3,s-3.124733477,s2.976795751,s154.737342679
155_4,s-4.918725296,s-7.025349653,s189.181552023
155_5,s-3.844197424,s-7.282912149,s187.046958092
155_6,s-2.097173293,s-2.186801908,s219.094537090
155_7,s6.253467826,s-7.565540685,s170.492405778
155_8,s7.296888514,s-7.669779045,s63.340656238
155_9,s3.379361187,s-7.292573816,s140.576522396
155_10,s2.378890366,s-5.085312749,s117.447155427
155_11,s2.055489055,s-0.188699437,s252.716247692
155_12,s5.132570549,s-0.514737384,s2.792971879
155_13,s7.490243484,s-5.078978276,s9.422912577
155_14,s-6.102114297,s-0.541283187,s197.111104006
155_15,s-4.412285781,s1.960615221,s161.441994684
155_16,s-6.956945296,s-4.531392784,s225.042310202
155_17,s-7.047044497,s-2.452917032,s320.522863342
155_18,s-3.231270591,s2.143776678,s168.394887576
155_19,s-0.966730568,s-5.383598040,s330.007598944
155_20,s-0.067666756,s-2.680958730,s161.620029497
155_21,s2.258807264,s-2.712028783,s114.035852464
155_22,s0.053246648,s3.800782689,s213.383417042
155_23,s4.858413074,s-7.034764804,s343.619840388
155_24,s2.301336396,s-5.885413100,s348.599463759
155_25,s4.759031542,s-2.794999773,s128.585148532
155_26,s7.334920992,s-6.862375362,s128.699488619
155_27,s5.864256693,s-0.210026382,s89.178704489
155_28,s-6.664991923,s-2.124794796,s247.299091491
155_29,s-7.550808257,s1.082338967,s221.866207111
155_30,s-5.710696607,s-4.126774180,s255.044733760
155_31,s-7.512856264,s7.554737256,s87.734069269
155_32,s-7.201072601,s-7.267930456,s193.347130886
155_33,s-2.081177401,s-3.782987860,s331.252694272
155_34,s7.390009303,s3.809243197,s250.434780129
155_35,s-2.761083510,s4.250143727,s287.416631288
155_36,s7.756299676,s-3.291381844,s220.156533264
155_37,s0.137024250,s0.369079093,s75.485865381
155_38,s2.221841794,s-1.395557434,s286.144908407
155_39,s1.205155564,s3.521917148,s347.573416370
155_40,s5.530907579,s-2.676351355,s254.106321825
155_41,s7.586383890,s-1.386634286,s298.786781285
155_42,s-7.347559911,s-6.110231937,s227.901181039
155_43,s-7.300179996,s-1.218588442,s81.472840292
155_44,s0.833707698,s-3.641571088,s143.306696462
155_45,s-4.280147010,s0.570430667,s290.847182488
155_46,s-5.500772619,s-7.630724421,s78.090021122
155_47,s-4.403929763,s-3.519201632,s179.238807840
155_48,s1.346990906,s4.507366107,s174.229553069
155_49,s-6.226358208,s5.865382605,s173.550131478
155_50,s2.236828845,s-1.519095540,s135.181493546
155_51,s1.142322634,s-2.479223656,s213.803037826
155_52,s3.591737345,s-6.167120708,s4.022777346
155_53,s7.595662038,s1.856421933,s243.599884479
155_54,s5.846231627,s6.748144348,s19.780894489
155_55,s3.808153435,s7.521023325,s218.668794267
155_56,s-1.316064352,s-0.381739061,s291.893459582
155_57,s-5.030469361,s7.538817547,s1.030139181
155_58,s-2.127319595,s6.879815848,s101.416309153
155_59,s0.697090821,s-2.337365369,s216.039601212
155_60,s-7.169387593,s2.209521938,s261.730945515
155_61,s-1.851574563,s-4.752108988,s200.696910659
155_62,s2.654875380,s7.530088162,s257.501054888
155_63,s-2.739802053,s-5.076613004,s118.917903941
155_64,s2.558841104,s-3.892508207,s210.869344831
155_65,s0.164098658,s-1.456881532,s11.085109464
155_66,s-1.398630998,s1.667353125,s213.466475867
155_67,s6.588060743,s2.495838743,s4.140476653
155_68,s-0.275190788,s3.762510444,s280.585438360
155_69,s-2.220536424,s0.622959754,s342.570321898
155_70,s-6.386661376,s4.432155490,s239.888974414
155_71,s-5.589353746,s-1.542548869,s330.590877080
155_72,s-4.369777190,s4.663811534,s68.176867549
155_73,s2.809616802,s1.513877400,s317.222519645
155_74,s-7.022866691,s1.710198447,s20.260666278
155_75,s-7.468873856,s3.689667518,s57.595937027
155_76,s0.020255873,s7.370468337,s63.561830452
155_77,s3.909951448,s0.649362826,s156.585321748
155_78,s6.851284802,s1.946558359,s243.494663648
155_79,s6.391139521,s0.504707562,s351.816427190
155_80,s-2.122415164,s-6.686733792,s169.099667796
155_81,s7.048062663,s2.720656919,s12.519986386
155_82,s7.039062418,s1.020476634,s89.557885615
155_83,s5.505962820,s3.219687155,s113.558179693
155_84,s-5.317210509,s3.926566778,s5.372680749
155_85,s-7.544012351,s5.880762186,s157.470473475
155_86,s0.830722382,s7.251387177,s253.040306767
155_87,s-4.378376905,s5.402322798,s240.426037010
155_88,s0.513476817,s-0.403474443,s230.302787068
155_89,s-6.736244507,s7.536635885,s64.173844325
155_90,s-4.619012393,s-4.216251852,s124.384633819
155_91,s4.450833264,s2.121996684,s176.011044787
155_92,s4.176897548,s-0.587170367,s276.974659082
155_93,s2.777728485,s3.798698204,s176.662008474
155_94,s3.415402070,s1.793516585,s280.918746256
155_95,s6.594143500,s4.375369960,s212.769837537
155_96,s5.626872345,s7.554737256,s1.234207473
155_97,s5.246495821,s5.640757669,s242.876573734
155_98,s-4.403976344,s7.536334709,s276.726087474
155_99,s-1.365423199,s4.501233635,s132.043694843
155_100,s-0.370257065,s0.414613872,s111.914495544
155_101,s-2.887526846,s-0.184686419,s87.739294957
155_102,s-6.233342755,s-3.615175679,s16.400798459
155_103,s0.226338047,s6.213347124,s66.371878138
155_104,s4.635613862,s7.540172575,s279.556565591
155_105,s-3.722394451,s5.709172670,s315.943909551
155_106,s6.804004552,s-0.241236062,s222.803671446
155_107,s3.965041867,s3.315733860,s26.882940257
155_108,s2.063975636,s-1.987114101,s336.303808305
155_109,s7.302379398,s5.625435173,s159.007204472
155_110,s1.551309075,s1.908437310,s221.074584744
155_111,s4.987100490,s3.998847593,s216.864746475
155_112,s-7.580190124,s6.266377881,s211.111479848
155_113,s-4.702864642,s-0.946445713,s21.794284595
155_114,s-1.827823680,s0.805224401,s122.033099329
155_115,s-5.247159562,s1.474905029,s278.205194126
155_116,s-1.772828456,s-2.946415522,s144.473973180
155_117,s0.090406592,s0.536795571,s337.552943875
155_118,s-2.927011337,s-0.906981673,s192.219720366
155_119,s2.843463563,s6.522419761,s290.176545039
155_120,s3.563838931,s2.464791162,s35.900665714
155_121,s-1.554236355,s5.807429302,s208.074497524
155_122,s-1.475236164,s6.763407728,s146.636418848
155_123,s6.258845707,s7.078821829,s262.718730156
155_124,s3.688268193,s7.132905902,s223.728064475
155_125,s7.754358469,s4.657091700,s54.192352797
155_126,s-3.998274798,s2.538665560,s218.310430784
155_127,s-3.200202546,s4.736892519,s335.594507447
155_128,s-1.976557775,s6.280634574,s121.057909190
155_129,s-6.133481232,s6.901945864,s251.961866644
155_130,s-4.318700270,s7.554737256,s191.037459332
155_131,s-3.401162806,s7.471156489,s109.282201719
155_132,s-3.963945217,s6.095394313,s5.543587143
155_133,s4.746134150,s5.361649573,s309.177423833
155_134,s7.551400164,s6.263647867,s322.636755212
155_135,s4.065400820,s5.836243311,s83.758217334
155_136,s2.266802752,s1.033883812,s56.801207530
155_137,s2.423374589,s2.643943277,s141.788369059
155_138,s5.391407299,s7.554737256,s143.007936815
155_139,s4.999281626,s3.008935625,s1.347318732
155_140,s-3.023663836,s6.589959418,s292.168879290
155_141,s-5.881215059,s5.480902916,s331.241001963
155_142,s-3.818569468,s-1.776018851,s128.863197269
155_143,s-5.925044663,s6.411088778,s61.066487386
155_144,s-0.034848218,s4.423678493,s177.903192489
155_145,s-1.149885800,s7.322954114,s70.088836525
155_146,s-2.683629560,s4.728834392,s164.592000505
155_147,s-7.141838977,s2.559275714,s75.469540909
155_148,s7.131396897,s4.298951948,s359.534410633
155_149,s1.337457225,s7.229548578,s243.849568221
155_150,s7.674344851,s7.553325050,s16.341364357
155_151,s-3.702311881,s7.020286245,s141.933035606
155_152,s6.377494567,s5.708283313,s150.763670022
155_153,s0.008828731,s5.891777160,s261.753268645
155_154,s-7.310822036,s7.221736506,s230.305788049
156_0,s-4.998154914,s-5.525217883,s193.074057445
156_1,s-7.550333703,s-6.199626480,s120.620622099
156_2,s-6.403980785,s-5.988185399,s71.534824484
156_3,s-3.827967458,s-6.477258067,s68.981443424
156_4,s2.750257108,s-3.544240369,s194.986675974
156_5,s-2.176696595,s-3.772187342,s228.929769760
156_6,s-2.025598303,s-4.808329477,s297.219022369
156_7,s5.318104675,s-7.503205939,s132.656401854
156_8,s-3.571659939,s-3.283197559,s268.926909308
156_9,s5.592487692,s-2.278942036,s154.397986523
156_10,s6.258326833,s0.241830524,s244.562744115
156_11,s5.371989188,s1.034677052,s27.147555516
156_12,s0.066733368,s-1.985570705,s274.774934091
156_13,s6.949252238,s-6.415543240,s333.175217425
156_14,s-6.098433081,s-0.324323098,s52.035260868
156_15,s-3.305660806,s-4.242536102,s226.465492230
156_16,s-7.219557304,s-4.279002621,s180.225388655
156_17,s-2.342889774,s-4.297238675,s129.947673394
156_18,s-2.388872903,s-1.850624988,s102.339791302
156_19,s-0.458215049,s-5.694713589,s232.961306699
156_20,s-2.285614819,s-0.157835324,s43.166624136
156_21,s2.748284393,s-5.464914208,s137.945664161
156_22,s-0.390885156,s0.706691472,s212.726700642
156_23,s0.924095592,s-6.212413808,s196.699096204
156_24,s4.475505900,s-5.596366220,s99.600087828
156_25,s6.361029738,s-5.473589737,s25.121356249
156_26,s7.473483293,s-3.864182457,s346.220755302
156_27,s7.473441919,s-7.243027672,s146.705403794
156_28,s-4.938515343,s-7.309322647,s115.122947341
156_29,s-7.386668666,s0.048411327,s319.745440206
156_30,s-4.415417946,s-4.808887904,s32.015315130
156_31,s-2.881722002,s-2.261516857,s151.934759401
156_32,s-0.830634387,s5.274149040,s137.818459477
156_33,s-0.323451572,s0.910814824,s265.488940679
156_34,s-3.856109180,s-5.393760192,s156.274026962
156_35,s-2.838486469,s5.967900628,s151.978845583
156_36,s4.592136585,s-3.064065590,s324.175775902
156_37,s-1.413131530,s-3.997126552,s357.983860247
156_38,s-4.411231261,s1.202319174,s258.851481581
156_39,s-1.109195783,s6.262581537,s195.608772128
156_40,s1.949868452,s-4.618891106,s201.278190519
156_41,s6.455666479,s0.797128539,s282.468013380
156_42,s-3.780709478,s0.196667730,s20.319520639
156_43,s-4.477959159,s-1.727423616,s29.901989227
156_44,s-6.777152659,s0.190837218,s191.250826920
156_45,s2.787711785,s-1.057372473,s173.729599795
156_46,s-1.327545347,s-3.403075119,s210.381246554
156_47,s2.842173806,s4.255058108,s302.182593959
156_48,s-3.218398130,s0.793178386,s219.907189636
156_49,s2.563723083,s-2.085890260,s92.440704907
156_50,s-1.851125338,s-7.764697703,s271.728416953
156_51,s7.020849077,s-2.012303880,s21.390231169
156_52,s1.495959705,s0.184439684,s196.856485941
156_53,s6.809415975,s-0.907203898,s62.199835537
156_54,s2.810010015,s7.307366638,s345.137854709
156_55,s7.453177789,s2.640004784,s227.558387249
156_56,s-7.399054918,s1.095763867,s251.073965057
156_57,s-5.277537759,s-3.462969229,s177.014682834
156_58,s-5.955468454,s3.363860169,s145.352302729
156_59,s0.059171386,s-1.395087772,s77.582111306
156_60,s-5.918620208,s0.444867123,s164.711434112
156_61,s4.212035801,s1.368232211,s292.387906997
156_62,s-6.446646957,s0.806482176,s230.983630367
156_63,s-0.994308872,s-7.184117281,s316.776174532
156_64,s1.303963964,s-0.189536664,s275.014829226
156_65,s0.259662724,s2.192633221,s112.505012879
156_66,s7.135071816,s-4.929474465,s54.181266335
156_67,s0.732375920,s-4.665710012,s32.437351355
156_68,s7.424100451,s7.361409241,s340.289971131
156_69,s1.730673463,s1.000923483,s59.766230801
156_70,s-3.084527506,s2.435059076,s88.560103758
156_71,s-2.113249812,s1.106757086,s126.671830382
156_72,s-2.503239593,s2.097392967,s263.486115405
156_73,s-0.030124977,s5.137765491,s15.815206904
156_74,s1.742151814,s-1.985781976,s300.594247079
156_75,s-6.313289171,s-4.663467278,s51.241494636
156_76,s-0.353494391,s2.813074846,s14.412273832
156_77,s-2.386741417,s7.201180833,s85.078482122
156_78,s4.514430711,s-1.294634566,s73.527548430
156_79,s3.702067670,s6.993969143,s231.116393035
156_80,s0.740231416,s6.362094202,s207.635122475
156_81,s7.391143966,s1.193605000,s337.590581947
156_82,s-2.315634838,s1.805373116,s144.351256906
156_83,s3.346554280,s0.957198997,s105.381122970
156_84,s-7.537772283,s-0.746994432,s136.930061854
156_85,s-0.862194618,s-1.156967230,s229.969325876
156_86,s-5.783465033,s-0.939935495,s148.226155254
156_87,s-7.554913362,s-1.194826986,s322.619930800
156_88,s6.823143757,s5.027289252,s73.173113317
156_89,s-4.447246279,s3.676815655,s139.056440969
156_90,s-4.746943850,s6.389793465,s162.103871482
156_91,s-0.352702752,s6.654115429,s203.448028150
156_92,s0.197157342,s5.508617991,s22.812058258
156_93,s-3.659307100,s6.235371590,s9.519598778
156_94,s7.181584959,s6.249030979,s332.124471540
156_95,s5.253389655,s3.239605610,s216.474697631
156_96,s5.457179148,s-0.777809670,s287.198632628
156_97,s7.437172424,s4.914872328,s315.428412831
156_98,s-1.694125811,s-0.511502483,s0.748808892
156_99,s-4.464481689,s3.567512944,s218.918512910
156_100,s-3.997970905,s1.872407057,s153.248852034
156_101,s-4.249075119,s-0.024424821,s314.157895161
156_102,s-2.773589005,s4.015428283,s169.890437433
156_103,s-5.340851477,s6.006800157,s95.374097454
156_104,s1.534677610,s2.475320600,s359.764488382
156_105,s3.331861548,s-3.738518973,s345.209712562
156_106,s4.797019800,s-4.251495039,s108.661785361
156_107,s6.262170804,s7.337844038,s207.306760569
156_108,s-4.461143430,s4.669013713,s93.375830738
156_109,s4.384026890,s4.225675779,s136.951691484
156_110,s5.580420435,s1.527581358,s39.082679633
156_111,s4.347700622,s-0.336728468,s288.320253341
156_112,s-7.016697471,s7.169181603,s359.491322817
156_113,s-5.228001906,s5.102138322,s100.902800309
156_114,s-6.539060396,s2.677286562,s144.067709612
156_115,s0.322917306,s7.189290509,s98.660944895
156_116,s-7.148876609,s6.814225784,s151.052745160
156_117,s-5.416680412,s6.910321243,s190.975724692
156_118,s-7.563145365,s4.618763068,s308.929183959
156_119,s-5.730246868,s1.547808255,s82.626802091
156_120,s0.615653812,s7.172925791,s116.309427527
156_121,s-1.262672250,s6.273461866,s90.152948384
156_122,s1.513705175,s4.732526482,s339.841385325
156_123,s6.310146639,s1.353793970,s58.260247511
156_124,s6.351490912,s3.343603653,s343.222197253
156_125,s6.705440456,s5.783204529,s127.678832597
156_126,s-2.362149639,s5.209904786,s104.307557330
156_127,s-3.382144178,s6.022247545,s222.684728721
156_128,s-0.108963867,s4.170839112,s277.103433665
156_129,s5.580760146,s6.299533979,s4.914176984
156_130,s-0.295661363,s7.276646354,s308.971842840
156_131,s-4.307940609,s3.051494067,s106.038676203
156_132,s2.980098904,s6.016585625,s308.156356244
156_133,s-0.420528429,s-0.367965465,s153.472696686
156_134,s3.154509481,s1.757748587,s48.745597557
156_135,s3.021056992,s7.087062032,s197.836706226
156_136,s7.476675474,s3.112971426,s329.763027416
156_137,s1.489212137,s7.381916234,s121.168446385
156_138,s6.249869549,s4.237492060,s341.444251165
156_139,s7.510852320,s-1.375624019,s294.507015980
156_140,s-4.589042252,s7.374262898,s57.698892581
156_141,s-0.620171090,s3.443059853,s219.549852696
156_142,s5.499800858,s5.121694087,s240.292325934
156_143,s-6.581382354,s6.523387509,s342.829593268
156_144,s-3.192822136,s-0.072352588,s20.095886078
156_145,s-4.051662462,s4.356574345,s184.244799144
156_146,s4.687199757,s-0.716122115,s38.214900765
156_147,s5.254988693,s4.949700226,s253.962990365
156_148,s6.410358338,s6.342617844,s64.510781738
156_149,s-2.536532670,s5.959376446,s64.027399134
156_150,s6.457326712,s-4.805360820,s255.169061589
156_151,s1.462380323,s3.925315777,s240.232658941
156_152,s5.314150374,s6.795259303,s178.717781262
156_153,s4.588978447,s5.911933020,s10.717496067
156_154,s-1.492661521,s6.712627524,s77.307900875
156_155,s-6.966320017,s5.934008742,s297.585600617
157_0,s-7.756247448,s-5.930859617,s176.605978339
157_1,s-0.995712060,s-1.329314884,s262.466000243
157_2,s-7.021208611,s-6.598749117,s356.750811235
157_3,s-2.174249774,s-4.732472158,s243.335426119
157_4,s-2.360877298,s-3.904399858,s270.153699926
157_5,s-4.873191850,s-7.695524726,s199.177058153
157_6,s-4.917465256,s-5.887786078,s355.654088082
157_7,s-6.383662014,s-2.228913039,s112.157153147
157_8,s-0.807820893,s-7.853566389,s292.486450229
157_9,s0.083103140,s-1.883959859,s83.703446452
157_10,s1.154698580,s-3.117668364,s209.642773107
157_11,s6.964044749,s-5.852841917,s315.743138714
157_12,s2.277246910,s-0.307047197,s289.301263470
157_13,s2.518323866,s0.488698081,s313.084076704
157_14,s-6.764923112,s-2.472732338,s314.553846592
157_15,s-7.586312721,s-3.068407772,s121.181678228
157_16,s-6.908618204,s-7.561078064,s97.267710791
157_17,s-1.824577574,s-2.161917856,s150.690736559
157_18,s-7.828951908,s-1.296418868,s156.991352025
157_19,s-0.078125774,s-3.612783109,s101.149514428
157_20,s4.546641096,s4.696700912,s350.816554360
157_21,s6.897463976,s7.371456708,s152.200120038
157_22,s1.249003860,s3.772130122,s145.928456515
157_23,s1.086285148,s-4.718329747,s301.496434893
157_24,s5.656247926,s-7.215440571,s261.670650543
157_25,s6.573633556,s-4.856405323,s124.136263934
157_26,s7.620670011,s-3.809480966,s198.670034401
157_27,s6.697540405,s-6.713067972,s129.538412819
157_28,s-4.394763052,s3.484334777,s289.317040122
157_29,s-7.378395327,s-0.856536135,s248.986480477
157_30,s-3.087442968,s5.365721231,s115.615172524
157_31,s-4.645125203,s1.098830608,s116.824656083
157_32,s-5.782191294,s-7.239841458,s213.475246748
157_33,s1.093040359,s-5.684477482,s49.278134928
157_34,s-0.323283210,s-2.649237569,s79.780959891
157_35,s0.752066369,s-1.381744197,s212.581879041
157_36,s4.858772051,s-3.357344414,s270.749850341
157_37,s-1.286827993,s-6.340576923,s351.722887365
157_38,s2.004118731,s-2.955870032,s275.491500233
157_39,s0.627117455,s5.125029605,s182.646322043
157_40,s4.390827444,s-5.081873009,s11.979226943
157_41,s4.584333083,s0.063114890,s156.143315463
157_42,s-7.115680409,s0.840435563,s341.722167085
157_43,s-2.606193484,s-1.146278288,s232.757823255
157_44,s3.165391479,s-6.643548754,s35.850121429
157_45,s-0.940794312,s1.484370848,s151.037633150
157_46,s0.326887677,s3.295688633,s263.799797873
157_47,s-7.520125336,s-4.263081210,s310.941186239
157_48,s-5.215996304,s-5.021735142,s340.155466925
157_49,s2.686172590,s2.875875920,s139.939087002
157_50,s1.845577696,s-0.331197956,s284.604050861
157_51,s0.587613983,s5.696568569,s240.548152127
157_52,s3.301091364,s-4.330060091,s158.156608998
157_53,s7.559895982,s-1.186399656,s271.904907768
157_54,s4.978914353,s-5.882762416,s51.469437937
157_55,s4.177260545,s-1.881275329,s312.428355559
157_56,s-6.872631247,s5.830994134,s203.940987825
157_57,s-7.900407427,s4.352829788,s341.877150991
157_58,s-7.771796337,s1.492974884,s179.555434853
157_59,s-3.830155385,s3.546432461,s166.826341659
157_60,s-3.583904006,s0.525131594,s256.601556237
157_61,s1.425488617,s1.628250264,s286.359999350
157_62,s0.735414813,s7.723474351,s318.817413849
157_63,s0.416430466,s-1.309176308,s300.844367720
157_64,s-2.803870653,s4.081328699,s181.468453077
157_65,s0.920440550,s6.841950349,s264.287683323
157_66,s5.831060028,s-2.476933039,s99.223936304
157_67,s3.900270834,s2.894783819,s4.991188342
157_68,s4.596656806,s1.339766633,s149.095129003
157_69,s3.664751686,s-1.872125757,s355.046146852
157_70,s-7.382262476,s2.511483911,s342.054499248
157_71,s-8.009510955,s2.955089693,s290.703387065
157_72,s-0.128312091,s-0.409999964,s151.592363954
157_73,s-4.634019167,s-1.212942155,s339.069329268
157_74,s-2.689749797,s0.145358004,s39.363912891
157_75,s-5.567406581,s-0.172939214,s105.777648863
157_76,s1.655375366,s7.089419697,s33.255768407
157_77,s-4.979011423,s1.036036199,s231.152418921
157_78,s-2.863293873,s-7.429027233,s29.984032096
157_79,s2.411278304,s7.273251208,s304.428828361
157_80,s4.666326364,s-7.562774800,s115.349538711
157_81,s-1.355090489,s-4.911454164,s262.383008707
157_82,s5.067372413,s3.011539708,s56.670258213
157_83,s7.540774235,s4.260697408,s77.753745038
157_84,s-0.201027377,s1.561822782,s328.199239693
157_85,s0.097938005,s4.396442594,s176.627365230
157_86,s-3.811725783,s1.783916384,s274.866351609
157_87,s-6.648403098,s3.608702663,s289.164740053
157_88,s-8.009510955,s7.016660243,s1.034744243
157_89,s1.923794299,s5.356572351,s305.706228416
157_90,s-6.737995034,s4.484770636,s148.617455389
157_91,s7.026747735,s4.011030620,s220.651677005
157_92,s3.640471455,s7.112167295,s135.287406887
157_93,s-2.960068133,s7.025129823,s140.986413682
157_94,s1.555555699,s3.031694643,s235.875501796
157_95,s6.992843637,s0.792667055,s357.308896914
157_96,s4.333799609,s2.867647757,s312.685729711
157_97,s7.227543611,s7.478323970,s245.954641370
157_98,s-6.166949864,s0.620697900,s239.283797740
157_99,s-6.044704243,s6.561529789,s14.656541234
157_100,s-2.577844847,s-0.689492067,s262.695012388
157_101,s-3.705124100,s4.745207483,s353.703913494
157_102,s2.572440259,s4.185522833,s346.245243395
157_103,s-1.589162359,s-1.291156285,s43.175830542
157_104,s0.059026861,s6.218148965,s322.837055981
157_105,s2.533065898,s6.501059856,s37.426182116
157_106,s-4.145194918,s7.015644849,s266.897029219
157_107,s-0.882318058,s-0.715582026,s211.194863553
157_108,s7.278237736,s6.301105146,s219.279134473
157_109,s2.104459118,s1.507897380,s303.485584408
157_110,s-1.034579334,s7.516920787,s251.477066131
157_111,s7.582518385,s0.715711324,s357.066331766
157_112,s-2.600881155,s1.691790293,s4.533491692
157_113,s-5.720408625,s4.923976583,s122.505278459
157_114,s-4.355994764,s5.197352650,s132.152254336
157_115,s1.039937646,s0.224975007,s60.151525157
157_116,s3.470989881,s0.333428425,s223.534898422
157_117,s2.334148343,s4.430873198,s135.114129416
157_118,s-3.807868134,s2.987318636,s192.324219413
157_119,s0.898325084,s6.236199751,s351.632911709
157_120,s5.094019370,s1.860927158,s74.671680314
157_121,s5.666575738,s7.727593948,s187.147750228
157_122,s7.099472531,s-0.584692033,s43.379155169
157_123,s-5.887822808,s3.691326832,s31.555586673
157_124,s4.127589528,s7.748666536,s188.394008935
157_125,s-2.071852095,s5.764823100,s204.141095571
157_126,s-5.947454569,s3.873946530,s64.476567803
157_127,s-6.971041178,s5.156184199,s145.290973492
157_128,s-1.754603455,s6.578654681,s160.342216807
157_129,s4.038683736,s6.387434375,s16.954170797
157_130,s-3.258751071,s5.936045914,s94.780928194
157_131,s3.011316824,s7.578179164,s44.747258635
157_132,s1.717496835,s2.478871382,s149.993334163
157_133,s-0.652158085,s7.415735511,s301.531445275
157_134,s6.114182289,s6.207572454,s327.299592167
157_135,s-7.209129359,s7.098105835,s317.360882448
157_136,s6.608454610,s2.826510093,s101.670897667
157_137,s5.375820743,s7.022750674,s255.878184740
157_138,s6.701264646,s5.324150141,s335.861221901
157_139,s6.221095236,s7.762372221,s329.423259993
157_140,s-7.808994781,s5.066859536,s235.314326946
157_141,s-1.020033557,s4.907256301,s136.960384465
157_142,s-4.275067297,s-3.631468505,s261.103061083
157_143,s-3.197362219,s7.704689238,s79.730735625
157_144,s-5.937128256,s6.053928959,s77.814228544
157_145,s-4.849107503,s7.732155212,s37.623196950
157_146,s-2.041569985,s4.052781088,s280.663506078
157_147,s-3.892654188,s5.748636269,s77.757250973
157_148,s4.875681913,s5.124319986,s283.255164829
157_149,s-2.088417486,s7.621982596,s315.668098956
157_150,s-3.577736124,s4.204904269,s275.256478518
157_151,s7.555036686,s5.348666023,s177.871319541
157_152,s4.004755059,s3.900714544,s18.707683042
157_153,s6.767458223,s3.886396644,s139.970811383
157_154,s-4.908357730,s7.500409049,s224.101209869
157_155,s-7.605615432,s7.317094379,s144.979353290
157_156,s-7.579208734,s7.723405709,s60.667745312
158_0,s-6.199577415,s-7.133388242,s251.357440880
158_1,s-5.703522955,s-4.979351519,s150.995944152
158_2,s-6.168666885,s-7.898953518,s260.823054500
158_3,s-6.200528698,s-6.212901982,s261.935072150
158_4,s-1.909092871,s-6.118270278,s221.735709547
158_5,s1.942358118,s-0.470035330,s110.642498680
158_6,s1.403571775,s-5.392952726,s60.578059653
158_7,s-5.084794765,s-1.540377337,s108.091699127
158_8,s3.266356005,s-4.049360362,s74.753527934
158_9,s0.836938072,s4.579618225,s284.405323664
158_10,s2.473471015,s-3.319236214,s96.856761180
158_11,s6.721283223,s-7.614400742,s200.671681396
158_12,s4.199641935,s0.584413563,s154.901609314
158_13,s7.557242691,s-4.635505757,s243.263562652
158_14,s-7.484266642,s-1.438051416,s167.628064010
158_15,s-7.473622479,s-5.975610749,s273.517570237
158_16,s-7.507537841,s-3.430447017,s349.235930645
158_17,s-7.572952782,s3.242729061,s271.140489037
158_18,s-1.199421662,s-6.347302040,s264.631751259
158_19,s-0.382857506,s-7.885952247,s317.777210490
158_20,s-3.193074123,s-3.988077717,s41.691848643
158_21,s-0.087221589,s-4.763363571,s292.233411067
158_22,s1.456046903,s-7.844358676,s281.059900748
158_23,s3.267179508,s-7.299854512,s300.619040973
158_24,s-3.425002392,s-3.263310967,s342.804775678
158_25,s4.944351791,s-1.906680939,s102.932668362
158_26,s4.491788825,s-0.906892982,s332.474018682
158_27,s3.179482663,s2.134250054,s192.826557961
158_28,s-5.424249322,s-0.586289389,s345.028809607
158_29,s-4.383634041,s-2.773063945,s26.899334839
158_30,s-0.183157824,s-1.163302166,s196.708279774
158_31,s-6.187579695,s-1.534603024,s118.543593087
158_32,s1.608472736,s-2.512601135,s17.332898581
158_33,s-1.800018738,s-1.661830865,s166.873412981
158_34,s-1.962938017,s-4.680502134,s16.651136777
158_35,s4.103808513,s-0.103912027,s18.032050824
158_36,s5.643787482,s-5.860294370,s5.059830926
158_37,s3.245050259,s-0.809959838,s18.919444390
158_38,s7.496611532,s-6.108290790,s323.882135616
158_39,s-1.962640864,s-0.400635602,s136.493414724
158_40,s6.372816832,s5.046798930,s261.152679863
158_41,s6.264199255,s-0.522803166,s127.258421350
158_42,s-4.254254476,s-7.262364329,s179.816794287
158_43,s2.302141572,s1.799555360,s116.553820027
158_44,s2.014038161,s-2.046761470,s206.745566245
158_45,s-2.475929369,s-0.509007128,s26.249874100
158_46,s-6.404632596,s3.996826390,s24.794686753
158_47,s-7.049190657,s1.605483274,s28.066861193
158_48,s-2.216869853,s-7.614174851,s278.910091722
158_49,s-5.217195324,s0.600199554,s59.286009165
158_50,s5.971973159,s0.363606698,s29.395376794
158_51,s5.406930494,s-5.050551564,s163.785083751
158_52,s4.060871619,s-2.491937664,s21.960557840
158_53,s5.025707023,s1.211069897,s347.057453357
158_54,s6.508638313,s1.092956494,s345.720229659
158_55,s7.739812257,s0.700614468,s332.131916312
158_56,s-4.691124768,s1.340960409,s122.463175667
158_57,s-0.795263464,s0.872914247,s339.050723687
158_58,s6.220995894,s1.566899600,s48.926332109
158_59,s-0.753300663,s-1.168921737,s29.931392389
158_60,s2.574968076,s-0.936501945,s306.999694663
158_61,s-3.501307708,s2.825924614,s227.367648983
158_62,s1.359800326,s2.277102755,s302.886246230
158_63,s3.588677656,s3.768769628,s178.687526477
158_64,s7.839160442,s-0.830911104,s94.741627714
158_65,s0.643394519,s6.988106119,s202.669500261
158_66,s7.711550132,s-7.700001751,s328.280708769
158_67,s5.174995030,s1.267600576,s75.397154764
158_68,s5.142058985,s5.821316792,s74.715768825
158_69,s7.405248720,s-2.891626088,s282.230932023
158_70,s-4.772138141,s6.779096871,s340.734117929
158_71,s-5.041248325,s2.351641267,s114.001463090
158_72,s-7.591373051,s5.433195567,s121.742346051
158_73,s3.556532110,s7.110638244,s87.505465085
158_74,s0.943301880,s0.047232850,s331.815372534
158_75,s2.515446153,s-0.240441912,s351.484174015
158_76,s3.958358286,s-4.387031752,s4.106297605
158_77,s5.521916134,s2.849306522,s15.291798473
158_78,s-6.096851726,s4.535561395,s83.633790108
158_79,s6.732718209,s3.409061581,s127.232178396
158_80,s-4.140937909,s0.030461921,s313.762533734
158_81,s4.136276942,s3.406516238,s272.811822112
158_82,s7.392078955,s2.564712181,s302.311994640
158_83,s7.811320327,s6.346911425,s53.567111873
158_84,s-2.535212564,s3.535776079,s256.967015314
158_85,s-6.779471272,s-0.827477706,s304.003657738
158_86,s-5.847429730,s-1.240326760,s341.120883700
158_87,s-6.440419570,s4.646513019,s48.382249125
158_88,s-3.529870617,s1.029874997,s329.314506362
158_89,s-6.079590273,s-2.265023762,s140.915178702
158_90,s-2.852716854,s5.987426826,s103.566142345
158_91,s2.655194484,s4.213000327,s82.373784553
158_92,s-0.003664495,s1.466782648,s53.419545636
158_93,s-0.488047607,s-0.004896340,s88.317977796
158_94,s-1.890237837,s1.919185001,s243.453175802
158_95,s-2.915499464,s7.349497494,s23.766229689
158_96,s3.090856309,s3.653355375,s297.915868639
158_97,s7.196941797,s7.205201503,s104.375167754
158_98,s-5.362869253,s-3.207298240,s186.662337326
158_99,s-3.659472162,s3.155953126,s216.618739659
158_100,s-6.988550372,s-4.424715003,s119.345292037
158_101,s-6.391978989,s0.003368922,s138.089381816
158_102,s-6.587719038,s3.503379606,s34.526288941
158_103,s7.330632412,s1.753440041,s281.524288910
158_104,s7.970493750,s6.999973164,s108.694342098
158_105,s6.159685511,s5.890537029,s172.431924356
158_106,s-7.661000383,s1.116940747,s294.196491897
158_107,s5.884950238,s4.969077747,s282.106967666
158_108,s4.361322771,s1.724803679,s65.297491474
158_109,s2.331113557,s2.216767747,s278.042405281
158_110,s1.367422352,s5.760776327,s194.682135034
158_111,s4.599950011,s6.586168888,s140.699118188
158_112,s-5.927922467,s1.950061812,s323.476357970
158_113,s-5.899534646,s6.890262549,s247.565046502
158_114,s-0.480553708,s2.629984546,s279.289939395
158_115,s-2.110950731,s7.689224337,s156.948373418
158_116,s-4.041068664,s0.854867988,s251.496464732
158_117,s0.839193532,s7.643883322,s86.538123415
158_118,s-0.964466328,s6.158291698,s155.124641889
158_119,s1.388451323,s3.237753999,s224.943037785
158_120,s-0.125734530,s3.423492213,s281.753337566
158_121,s-0.117100247,s6.226699753,s299.598520594
158_122,s1.551780221,s7.687354625,s32.389482770
158_123,s7.054015394,s5.096235859,s80.663159174
158_124,s3.433280959,s4.785211115,s329.610550558
158_125,s5.596227549,s7.574072684,s50.267076611
158_126,s-5.565721011,s6.363560557,s305.154403130
158_127,s-4.446637167,s5.365245086,s239.535309156
158_128,s-0.358476726,s6.823251167,s79.679507446
158_129,s-6.492793561,s6.519821764,s56.967226864
158_130,s5.400465298,s2.248062985,s168.283739483
158_131,s-6.917351574,s7.468905112,s108.007045019
158_132,s4.062575781,s6.112071737,s175.403188395
158_133,s-5.238012548,s4.547635782,s24.832893168
158_134,s-0.893804812,s7.072792430,s120.494118905
158_135,s-2.888686910,s5.258936087,s94.558740823
158_136,s7.865649529,s7.745597174,s62.511312523
158_137,s2.497784140,s6.820080417,s48.214910178
158_138,s5.602092785,s7.095589333,s325.490957241
158_139,s7.151465266,s5.622595925,s9.631968197
158_140,s-3.726590944,s6.881470264,s46.857208817
158_141,s-2.632314049,s1.706508834,s124.580063834
158_142,s2.593541656,s3.156900045,s241.043496615
158_143,s1.954506673,s5.003488932,s84.781646433
158_144,s-0.483166459,s4.660976932,s269.699066351
158_145,s-2.122908955,s7.579433090,s71.346895968
158_146,s-1.822433637,s6.958308676,s269.157448879
158_147,s0.008967602,s7.628756025,s212.735182952
158_148,s2.450136088,s2.784166408,s107.741014947
158_149,s6.781716261,s2.785899272,s290.703352012
158_150,s6.562011857,s5.978669442,s342.150813296
158_151,s7.864843661,s6.157909665,s43.481581969
158_152,s7.417237809,s3.619521047,s336.791484288
158_153,s7.545692751,s4.235727077,s341.590050127
158_154,s-2.006228374,s4.962800046,s16.716189915
158_155,s-4.099816285,s7.736126504,s207.920174387
158_156,s-6.419303019,s5.697419564,s110.588954762
158_157,s3.266886021,s7.710555075,s307.695515058
159_0,s-1.308713902,s-0.737150127,s71.701638735
159_1,s-7.475827731,s0.124308854,s20.276867079
159_2,s-6.831129431,s-5.133751315,s300.855373025
159_3,s-5.852883391,s-3.179549380,s199.688282361
159_4,s-5.176858061,s3.141695342,s50.079623455
159_5,s1.682529580,s-2.493474045,s322.575551843
159_6,s3.050287509,s-6.086977275,s312.579378264
159_7,s-3.073423643,s-4.676438258,s213.762376668
159_8,s-2.846898651,s-7.216156826,s41.923477654
159_9,s1.414068743,s-7.159742749,s77.197189455
159_10,s2.760883692,s-1.755140639,s21.220936859
159_11,s-1.103585311,s-1.241037163,s187.382186200
159_12,s4.259411002,s-4.193574484,s111.400375007
159_13,s5.949883688,s0.287984660,s131.498770653
159_14,s-5.539757535,s-5.802766953,s342.911568784
159_15,s-7.029959391,s-7.448720084,s49.126922006
159_16,s-1.753121824,s-0.875675203,s262.258035617
159_17,s-3.007712595,s2.262169135,s163.684810605
159_18,s-3.334657808,s2.806510751,s354.468730534
159_19,s-1.666850608,s-2.130529167,s64.106438563
159_20,s-0.892920893,s5.608538874,s225.583780512
159_21,s-5.112050433,s0.584195158,s258.431078401
159_22,s-2.061579126,s-5.564550862,s196.442441466
159_23,s5.577470473,s-7.468321178,s220.971054210
159_24,s1.131830912,s-3.815445834,s131.690053832
159_25,s-2.776418681,s-2.453556470,s80.661158868
159_26,s0.476174445,s-6.618390317,s236.911483000
159_27,s7.118652818,s-2.308743535,s186.496680650
159_28,s-7.475827731,s2.264303968,s177.172264049
159_29,s-6.252147507,s1.986186997,s224.772276824
159_30,s-3.818125716,s-7.073306291,s29.247785981
159_31,s1.186892535,s-2.057778508,s32.365793044
159_32,s6.917710095,s6.572323428,s126.918819383
159_33,s4.570612192,s2.282781974,s102.101240012
159_34,s-0.300943101,s5.581895201,s169.237522748
159_35,s-7.439834975,s-2.832773223,s170.371251665
159_36,s5.768699898,s-5.147898124,s169.433930326
159_37,s4.750488389,s4.713420930,s307.438372305
159_38,s2.465661289,s-4.346232077,s264.227977277
159_39,s2.281692661,s2.990176201,s170.821288845
159_40,s4.810530080,s1.224135143,s130.672822867
159_41,s6.942119662,s0.642790090,s88.421696031
159_42,s-7.324493749,s-4.032466862,s303.842617928
159_43,s-2.144661622,s-3.145704836,s184.828236459
159_44,s-6.524151498,s4.414535600,s341.414813177
159_45,s-5.392878634,s-0.474314475,s313.511881653
159_46,s-6.678028503,s-6.564021463,s228.661171308
159_47,s-6.265191993,s-4.165710511,s256.428963733
159_48,s7.016641266,s-6.499860835,s308.071024602
159_49,s-7.272697922,s-2.070492735,s358.922680844
159_50,s-5.716701788,s-1.820241146,s308.701326141
159_51,s-0.473889964,s-0.652414014,s307.506642406
159_52,s7.201325958,s2.750908026,s80.714071812
159_53,s4.563871362,s-1.972476000,s89.334674024
159_54,s4.794792894,s-5.938082347,s9.598890083
159_55,s6.607923428,s0.161992568,s305.490961272
159_56,s-5.268349794,s5.562857535,s181.915640010
159_57,s-5.785460139,s3.371334652,s193.337330867
159_58,s-6.763940714,s3.365945047,s221.359332215
159_59,s-0.474358139,s-6.528201376,s85.196409857
159_60,s-7.274143616,s3.073597230,s166.281637780
159_61,s-3.872505121,s2.817176022,s4.940655862
159_62,s2.037292036,s3.879331653,s106.756208773
159_63,s-0.196468198,s2.273210682,s328.253851486
159_64,s1.339014467,s1.424011833,s281.442549940
159_65,s-1.345801820,s1.481279300,s122.652169112
159_66,s3.562649012,s1.857414259,s143.038823841
159_67,s3.220135918,s-5.604625529,s233.573298164
159_68,s2.697389359,s0.795934188,s103.911789592
159_69,s-1.875051497,s2.801379605,s350.352150640
159_70,s-6.260993347,s4.032473992,s227.015963815
159_71,s-1.142974117,s2.821219846,s181.442469635
159_72,s0.446613853,s0.214495046,s285.668296254
159_73,s-4.258902064,s2.698111343,s148.565232054
159_74,s-4.366935365,s-5.326796257,s17.496266577
159_75,s-2.627523945,s2.837025170,s270.319326354
159_76,s-0.697651625,s-4.465228323,s224.299617507
159_77,s0.561948989,s-1.235127034,s167.298866713
159_78,s7.376521017,s3.440655627,s53.916921913
159_79,s1.259904069,s6.911749061,s136.250068764
159_80,s2.740382675,s7.341973030,s335.919923202
159_81,s5.234866650,s-3.964844305,s201.418830658
159_82,s5.138938010,s7.341973030,s322.700413576
159_83,s5.763861909,s-0.489507194,s0.437991771
159_84,s1.729156118,s7.310402455,s111.137470327
159_85,s-4.405729178,s-2.723588443,s145.330219274
159_86,s-4.113410637,s-1.898396172,s89.250989838
159_87,s-3.289808702,s1.194543285,s253.877398873
159_88,s-4.943611167,s4.561909221,s112.548064134
159_89,s4.234718766,s1.332909643,s307.159534847
159_90,s-2.803413877,s-0.008810638,s332.413684506
159_91,s-3.330100324,s5.678498131,s57.401129835
159_92,s-0.055588303,s0.569492300,s114.176773456
159_93,s5.272096695,s4.852700992,s17.874068142
159_94,s0.902760071,s-4.600302722,s358.563829496
159_95,s-0.888900772,s-2.025267198,s320.818995111
159_96,s5.414271907,s5.589188574,s146.180693053
159_97,s7.369801470,s6.746114909,s214.715374574
159_98,s-3.706947764,s7.161934477,s50.792766111
159_99,s-7.453758370,s6.176159618,s211.423332032
159_100,s-4.340664245,s6.336341486,s260.713163646
159_101,s4.805597714,s0.071055033,s24.515705760
159_102,s-2.550845738,s3.513848504,s295.822900668
159_103,s-1.947879581,s5.559676428,s40.247028546
159_104,s6.953539725,s1.397021281,s336.107559951
159_105,s2.460882440,s1.887013447,s47.857925519
159_106,s2.982675739,s4.306234317,s231.788353597
159_107,s6.448249490,s6.173674553,s134.854197089
159_108,s-4.645810725,s6.620308763,s13.714783200
159_109,s5.074651676,s0.088168377,s240.096812531
159_110,s4.576295763,s7.258867341,s291.402481603
159_111,s7.449303677,s0.835171376,s3.128027186
159_112,s-6.376782952,s4.305800028,s59.204036547
159_113,s-1.380977025,s3.469614426,s324.797101512
159_114,s-7.063017725,s-3.902168264,s337.256675737
159_115,s-2.265107391,s4.612139531,s339.000155806
159_116,s-0.093314353,s4.093165609,s345.707099277
159_117,s-4.124372956,s0.699316106,s353.428450645
159_118,s3.691518979,s6.884434378,s207.137109024
159_119,s1.507471825,s-0.230120374,s69.549750906
159_120,s0.055768905,s6.627494123,s340.573280679
159_121,s-0.850783892,s0.352556305,s35.621632069
159_122,s0.982506241,s4.633744429,s356.442873495
159_123,s5.773907511,s3.281091092,s21.389439079
159_124,s6.267672894,s4.602911162,s284.140178879
159_125,s3.941916257,s6.031417270,s344.852401903
159_126,s-3.690805735,s3.906017072,s333.349448506
159_127,s-4.662788270,s7.120470893,s299.414071459
159_128,s-0.421480047,s3.042035931,s178.917793422
159_129,s0.513427845,s4.809597432,s355.749135883
159_130,s0.052058822,s3.159190172,s270.855773539
159_131,s-4.870221039,s2.028968652,s62.110950825
159_132,s-0.636876025,s5.271793566,s230.532432467
159_133,s6.625519188,s5.233891339,s104.044465779
159_134,s6.973399337,s5.184259321,s101.650846154
159_135,s-2.115684786,s7.234999108,s159.695441277
159_136,s4.803163014,s6.766087599,s114.021601570
159_137,s-6.210134852,s6.081909927,s125.545973956
159_138,s3.107959771,s6.600662035,s87.035883689
159_139,s7.340043448,s5.818728450,s332.147566090
159_140,s-6.820193466,s-0.126048429,s21.672825603
159_141,s-1.245875590,s4.523093909,s321.372817412
159_142,s-5.885109145,s6.770729525,s300.213193017
159_143,s-6.659750679,s7.214353019,s161.876922328
159_144,s4.272520294,s2.450756992,s94.184298129
159_145,s-2.304880506,s3.717262588,s60.342335857
159_146,s2.036303138,s5.953327851,s315.939285142
159_147,s-4.111404789,s4.974021402,s78.539276057
159_148,s2.178628132,s4.621399429,s241.653364584
159_149,s4.847207341,s2.819412669,s151.846835567
159_150,s1.446589149,s2.599960161,s254.416476377
159_151,s6.567545340,s4.668698731,s318.029404787
159_152,s3.308468670,s5.254565922,s234.984774623
159_153,s7.260893008,s7.341973030,s159.283226573
159_154,s-7.294483305,s7.079803748,s344.395403529
159_155,s-2.717934474,s6.066351420,s287.260070884
159_156,s-0.565788505,s1.107621370,s206.820930881
159_157,s-4.866007967,s5.169971065,s6.539613179
159_158,s-6.785377441,s-1.899785138,s54.356235542
160_0,s-4.520201019,s-4.950891378,s68.777068505
160_1,s-6.956519705,s-6.599008098,s266.249245639
160_2,s-4.701488002,s-0.670696663,s146.412870470
160_3,s-2.490470937,s-6.852738262,s22.119100116
160_4,s2.973250199,s-6.829783676,s171.962491904
160_5,s-0.597283052,s-2.745744892,s310.153257713
160_6,s3.422000418,s-4.386613032,s97.820737876
160_7,s-2.136353139,s-5.031752103,s99.342355214
160_8,s-1.048316682,s-4.341677902,s277.651550553
160_9,s5.612346561,s-3.662619167,s260.977380852
160_10,s5.984381452,s-5.814465829,s324.558147590
160_11,s1.717870047,s-4.539664768,s40.001510844
160_12,s0.973111678,s6.713144273,s294.199165644
160_13,s2.605061322,s-3.357630027,s90.132860463
160_14,s-7.181721968,s-2.032104578,s297.231872817
160_15,s-6.273361098,s-5.670419148,s186.388620167
160_16,s-0.989650239,s2.512705333,s96.059936558
160_17,s-0.671254526,s-6.398183750,s359.148153230
160_18,s-7.267132656,s-3.405975520,s17.017803020
160_19,s0.148148916,s-2.741179074,s105.547659373
160_20,s6.905712110,s-6.862792674,s250.118655584
160_21,s2.506201996,s5.014820079,s309.048851883
160_22,s-0.200610157,s-4.291907328,s26.211233796
160_23,s-0.731187248,s-3.349652727,s122.979816181
160_24,s5.145087962,s-7.357495548,s56.351461684
160_25,s7.202124920,s0.626719381,s161.464140827
160_26,s1.074448757,s-4.628785976,s27.357582564
160_27,s7.183039670,s-3.035452528,s65.170214688
160_28,s-7.156329927,s2.389630306,s266.939809368
160_29,s-4.604513716,s6.602665932,s108.102399757
160_30,s-5.326494883,s-7.113136105,s226.062876034
160_31,s-7.090787508,s-5.651502740,s97.672429867
160_32,s-2.104135863,s-0.428130020,s302.810533022
160_33,s4.043596076,s-3.245839737,s176.915146203
160_34,s0.646354788,s-6.496028167,s349.454849133
160_35,s-3.782851399,s-4.198557187,s188.081552773
160_36,s7.010889833,s-1.456484398,s50.721616932
160_37,s-1.768248255,s3.537561274,s351.370092011
160_38,s-3.310551864,s-2.139216390,s212.223905309
160_39,s-6.182926714,s-2.801945620,s19.736466995
160_40,s5.006954968,s-0.557977058,s225.216619876
160_41,s3.171657703,s-1.854159122,s54.050222787
160_42,s-6.035396842,s-1.202266478,s74.623276049
160_43,s-3.765234506,s-3.786324783,s331.175696737
160_44,s-1.254931427,s4.921379184,s285.686432271
160_45,s0.611074993,s3.276739436,s334.065247679
160_46,s-5.170474728,s1.404861495,s58.471302992
160_47,s0.596152355,s-2.008495569,s240.475456992
160_48,s3.921439926,s-2.610106570,s265.860165408
160_49,s5.035896908,s4.223273302,s147.050835555
160_50,s2.789993044,s-0.045786875,s72.062385703
160_51,s-2.283386137,s6.925686940,s121.001969973
160_52,s-4.428752891,s-3.009903642,s170.251867576
160_53,s6.125553837,s4.943457691,s120.533716674
160_54,s4.951421473,s-1.300676845,s88.197943973
160_55,s7.033185710,s-1.594363481,s143.154101946
160_56,s-5.339003332,s3.355201238,s342.622545791
160_57,s-3.607476795,s2.819914670,s289.776607253
160_58,s1.186451148,s-2.680529476,s278.084263109
160_59,s-0.435988487,s-0.562226187,s322.834797353
160_60,s-4.886753422,s4.436896875,s291.116638543
160_61,s-1.444603191,s5.244997100,s175.238224216
160_62,s-5.046221104,s-2.572633255,s68.160287892
160_63,s0.522962057,s5.072539893,s6.831376388
160_64,s1.526127075,s-2.465319785,s62.096107105
160_65,s1.852480233,s-5.106401624,s91.020749756
160_66,s-4.247491599,s-5.909969200,s139.582312728
160_67,s4.953982903,s5.202035309,s187.186189644
160_68,s5.843558106,s1.472922988,s265.475025223
160_69,s6.432792457,s1.072880939,s311.128034395
160_70,s-3.335579485,s-0.001279812,s153.231580698
160_71,s-2.372181340,s3.471183496,s176.861873415
160_72,s0.620218987,s7.041747241,s10.205012148
160_73,s-3.872532794,s-7.072213074,s161.102204765
160_74,s-2.875621165,s-0.140088358,s298.584796152
160_75,s2.874033153,s-0.682660960,s149.854300356
160_76,s-2.071905444,s-6.264699629,s257.752705041
160_77,s-6.538221970,s-4.348889043,s86.708096268
160_78,s-0.712027338,s2.451289738,s152.514909223
160_79,s0.153448961,s4.719781512,s24.323327130
160_80,s0.897777616,s0.070270286,s269.546755036
160_81,s1.865248245,s6.239290286,s22.631358533
160_82,s6.278149624,s-0.594842183,s11.809483647
160_83,s-2.103464229,s-3.605965216,s116.212374693
160_84,s-4.927928169,s1.106113521,s281.774360884
160_85,s-4.068778437,s1.439423831,s334.156422187
160_86,s-3.167132142,s2.572489707,s241.641261181
160_87,s-2.391645578,s-1.269501771,s129.826357610
160_88,s-3.149238481,s0.380246948,s264.768000914
160_89,s-4.401565065,s1.663977077,s78.776827420
160_90,s7.113777433,s3.876379785,s344.280667003
160_91,s-7.208443409,s3.160344280,s112.241294734
160_92,s2.025756703,s-2.340583832,s116.493114112
160_93,s-0.758929863,s6.828819361,s47.343546385
160_94,s2.169630565,s-1.216866690,s83.867794785
160_95,s6.216057098,s-4.464489146,s291.544649561
160_96,s7.094511074,s5.558226565,s204.693950375
160_97,s6.935477070,s6.943906174,s265.047215659
160_98,s-6.743391526,s1.448082522,s261.145427001
160_99,s-5.188810312,s6.232573383,s301.689776672
160_100,s-3.791436888,s7.079834541,s98.989136566
160_101,s-2.510216545,s5.291553918,s295.037294425
160_102,s-2.496841572,s7.121284248,s313.477884988
160_103,s-5.642410809,s5.615402110,s13.264775849
160_104,s1.578206739,s5.220282647,s9.924759349
160_105,s-1.918369609,s6.479876301,s100.296943527
160_106,s1.049183548,s2.950596205,s108.082343704
160_107,s7.176281003,s1.485993656,s254.972398124
160_108,s-6.964603306,s-0.494620419,s316.757085061
160_109,s3.768243809,s1.689481185,s21.927783164
160_110,s3.591215399,s7.142225266,s137.231491672
160_111,s5.436155681,s2.970508743,s126.579270133
160_112,s-3.123181029,s3.422590834,s79.275330951
160_113,s-5.146173938,s3.102523923,s138.097484634
160_114,s-7.036516647,s5.550636593,s89.489922332
160_115,s-6.248269168,s3.890713156,s97.172314249
160_116,s2.377221519,s0.750990776,s236.157011593
160_117,s-4.463430323,s4.667831095,s123.462988518
160_118,s6.570737250,s4.352735833,s29.873668142
160_119,s4.051930589,s-1.644253666,s87.354432078
160_120,s5.161004250,s1.282212314,s305.192476599
160_121,s0.344225491,s4.080805780,s49.382631348
160_122,s-1.446668407,s2.608580775,s253.714951093
160_123,s2.059418985,s4.250235821,s163.857040382
160_124,s3.752805665,s5.175024077,s256.692882611
160_125,s6.959255635,s4.640112512,s330.813254813
160_126,s-7.278848678,s7.058693625,s194.533488978
160_127,s-4.566665126,s3.685720349,s338.922749887
160_128,s-3.798180528,s6.352877581,s42.346399685
160_129,s-1.026974558,s5.798514771,s323.212921954
160_130,s5.247210581,s2.323576481,s248.788982241
160_131,s0.972183035,s2.224884026,s146.163030040
160_132,s-4.456472822,s-0.924666688,s38.473670768
160_133,s5.318317303,s4.781711879,s72.221174318
160_134,s2.664508605,s6.814623403,s252.610389601
160_135,s0.974528278,s-1.132874975,s341.710522507
160_136,s7.212164290,s-5.161971111,s234.752857289
160_137,s4.562956978,s7.142225266,s311.725533048
160_138,s5.298302203,s5.207475897,s27.424915677
160_139,s2.627764440,s6.935748816,s346.815938143
160_140,s-6.007978539,s7.142225266,s164.764904941
160_141,s-3.139894903,s6.788294901,s71.925621806
160_142,s-1.357644399,s6.907488365,s250.933396182
160_143,s-6.929103913,s6.509892641,s328.327961484
160_144,s-3.970511483,s2.649239355,s297.576089739
160_145,s-4.924391346,s5.996365558,s95.690548069
160_146,s-0.630649059,s5.058423349,s133.774422040
160_147,s-0.752957631,s5.377189582,s81.883160782
160_148,s-2.544156688,s5.714058525,s217.880737319
160_149,s4.699107233,s6.085302301,s116.581321237
160_150,s4.958069438,s6.457790499,s47.856371498
160_151,s2.503500293,s5.461750481,s26.433368752
160_152,s6.245263551,s6.503158013,s330.547044827
160_153,s7.242501565,s5.829439271,s77.812140140
160_154,s-6.477914585,s6.079918467,s284.356572298
160_155,s-7.169821601,s4.712885402,s162.278004375
160_156,s1.773835611,s7.021984438,s225.020892126
160_157,s-1.087372514,s3.043542979,s34.210836754
160_158,s4.287928282,s1.908932878,s99.935641476
160_159,s4.411473089,s-4.403907469,s346.002292777
161_0,s-6.035955433,s-5.967284917,s185.752284125
161_1,s-5.360825162,s-5.071599045,s83.737776600
161_2,s-7.330239914,s-3.514492675,s234.666393400
161_3,s-4.755898532,s-3.731485515,s298.504497833
161_4,s-0.169391139,s-7.370775195,s214.997322726
161_5,s1.158287736,s-1.629430194,s177.260168994
161_6,s2.239871639,s-5.590126800,s194.728163372
161_7,s3.504787482,s-1.423721593,s143.605872764
161_8,s-1.728153168,s-7.565347121,s148.800541959
161_9,s4.352722325,s-7.501429072,s92.255192859
161_10,s2.578241008,s-2.123997834,s191.310758162
161_11,s7.441522755,s-4.188811383,s239.844716576
161_12,s3.720122166,s-4.738829468,s149.263720840
161_13,s6.027745448,s-7.313311245,s31.758469861
161_14,s-7.038305938,s-3.952980973,s299.455693815
161_15,s3.195435235,s2.788602290,s144.253117576
161_16,s-4.219759817,s-4.273527733,s263.723178191
161_17,s-1.652338861,s-3.651118780,s294.468109015
161_18,s-1.905861089,s-5.512123374,s254.758916861
161_19,s-4.384409846,s-6.720014146,s358.677794168
161_20,s-1.401727070,s-1.566648305,s270.654184727
161_21,s5.116092173,s-0.580678994,s39.202824329
161_22,s5.385432464,s4.434852529,s301.103534915
161_23,s2.080163069,s-4.658490458,s63.014890742
161_24,s4.538739652,s-2.937880218,s214.611478312
161_25,s5.302344522,s-6.757605853,s178.358726067
161_26,s7.286256546,s-2.411545530,s255.070186387
161_27,s7.731653877,s-7.460982458,s127.723389673
161_28,s-6.874499704,s4.818846883,s110.528213005
161_29,s-6.141698876,s-7.555513937,s340.738640557
161_30,s-5.446234710,s3.099250780,s256.426491659
161_31,s-6.035747944,s-2.221882004,s245.945669367
161_32,s-1.283074085,s3.064703404,s111.664635914
161_33,s-0.859203466,s-5.029743057,s93.441952093
161_34,s0.297153249,s-2.055996179,s120.404296755
161_35,s-3.380405436,s3.274458748,s239.886694603
161_36,s2.748790115,s-0.944644759,s324.584769189
161_37,s2.471333899,s0.219056045,s86.730606529
161_38,s3.540732489,s-6.172813408,s238.370298620
161_39,s-0.518790873,s2.241028995,s358.227996386
161_40,s7.215525871,s1.809454332,s32.034754785
161_41,s3.007756995,s-2.375680001,s180.695336825
161_42,s-7.062513081,s-2.783652404,s184.334260229
161_43,s1.327976921,s-3.523180594,s115.421673005
161_44,s-4.733012971,s0.592870953,s171.233947746
161_45,s-6.520233918,s6.940147959,s226.348514080
161_46,s-5.031823454,s6.656597553,s75.976163242
161_47,s3.940651456,s0.978929021,s306.515863909
161_48,s4.637669466,s-4.901246682,s351.901647046
161_49,s-2.985004039,s-2.835625294,s188.250557524
161_50,s-1.114424567,s0.894718646,s212.348604886
161_51,s5.181854102,s-4.275207029,s149.546855559
161_52,s-7.436888707,s-0.652187606,s80.069034414
161_53,s5.839397967,s0.849283963,s148.709555104
161_54,s7.530418780,s4.423429823,s7.245660363
161_55,s4.915427676,s-3.672568151,s75.694776761
161_56,s-6.778811853,s0.729654639,s155.040382411
161_57,s-1.091064626,s3.903994716,s237.053310446
161_58,s-1.814940065,s-2.532559911,s54.176579418
161_59,s-3.981643872,s-2.145151906,s126.234591849
161_60,s-2.288786413,s3.091590712,s323.146607103
161_61,s2.093823679,s-3.568855143,s310.709241541
161_62,s-3.417673291,s-4.644983061,s190.350830763
161_63,s-1.784600826,s1.653418231,s235.582876088
161_64,s2.788381100,s1.183518448,s153.301445666
161_65,s-2.104172141,s-4.917122668,s268.929072708
161_66,s-0.854018966,s7.465264447,s134.741582681
161_67,s7.293512890,s3.826907452,s343.411577613
161_68,s6.382593571,s0.355536937,s284.563848154
161_69,s7.327465395,s0.074666968,s338.428530370
161_70,s-2.774175493,s2.322058739,s65.707340870
161_71,s-5.305050284,s-2.829885403,s282.394810314
161_72,s-2.003349551,s-0.962252739,s291.379324245
161_73,s-3.343511569,s-3.942029473,s26.897728202
161_74,s-5.597029386,s6.212877493,s67.298298288
161_75,s-2.199473524,s-0.384891017,s345.249657384
161_76,s5.927969691,s5.970215375,s232.829224245
161_77,s0.620167183,s1.294673298,s12.123156662
161_78,s-0.379607158,s-0.383950215,s73.095817847
161_79,s4.128850546,s-0.535273138,s101.173296845
161_80,s3.411937242,s3.348559972,s39.701438096
161_81,s6.159264022,s-2.686789197,s43.883040752
161_82,s6.956899855,s-1.537907893,s151.877391708
161_83,s7.514795376,s3.353394450,s87.119168494
161_84,s-3.947437148,s-3.802656745,s294.581699850
161_85,s-6.882613406,s-1.453702196,s355.168977413
161_86,s-4.927910069,s4.060618254,s50.095153481
161_87,s-2.585880532,s6.535546456,s193.356193484
161_88,s3.495692887,s-0.913099566,s190.593139944
161_89,s5.055988623,s0.665013399,s308.655761134
161_90,s-7.358549011,s4.130939769,s5.897120670
161_91,s-0.438145936,s2.786762979,s341.661573815
161_92,s-4.565310402,s2.228826074,s354.186930369
161_93,s0.472030145,s0.583550864,s189.493274144
161_94,s-2.671877039,s0.876973499,s56.805088449
161_95,s4.368231883,s4.291993691,s82.171878512
161_96,s7.681802643,s2.336043227,s222.755703657
161_97,s5.596867570,s6.450025050,s109.063748163
161_98,s-5.610219902,s1.405655846,s72.532153708
161_99,s-7.246175498,s3.247905143,s98.763815443
161_100,s-7.447782044,s2.389739510,s213.316952238
161_101,s-5.991174554,s1.753401454,s246.512519503
161_102,s-1.285468156,s5.088232960,s45.868360637
161_103,s-6.334565121,s2.775093194,s209.676883315
161_104,s-0.973425906,s5.992880694,s350.269723924
161_105,s-0.419565798,s6.207685661,s129.370051837
161_106,s5.035782644,s5.736904524,s163.119002566
161_107,s4.231733480,s2.216163074,s96.424754166
161_108,s1.896309354,s3.471671314,s76.299633162
161_109,s-2.416779992,s5.159483823,s155.494070739
161_110,s-0.251015702,s3.625660934,s357.238922615
161_111,s5.769930094,s3.881416687,s195.095265510
161_112,s-3.264952433,s5.676720084,s208.115646356
161_113,s-5.525821777,s7.466004806,s336.766767962
161_114,s1.570288124,s5.476554064,s175.708104831
161_115,s6.795534244,s5.744826731,s308.016673091
161_116,s0.668370388,s-0.559524096,s244.715799558
161_117,s-2.747192040,s4.312894070,s247.510841273
161_118,s5.545129791,s3.750982940,s87.854540832
161_119,s-0.791707305,s4.102608437,s233.364962512
161_120,s7.827628139,s0.239486438,s178.892009296
161_121,s2.605290960,s5.172798659,s51.019708591
161_122,s1.134033029,s0.755036809,s333.344125180
161_123,s6.847404639,s6.518214235,s133.559956355
161_124,s6.605995965,s4.318730807,s55.888340894
161_125,s5.373561119,s7.605323240,s286.418778225
161_126,s-1.602776431,s6.462972462,s311.282481810
161_127,s-3.044693672,s3.293298514,s322.121015882
161_128,s0.284139173,s3.356988967,s252.876185888
161_129,s-7.298946843,s-0.081440361,s124.868981659
161_130,s-0.638489025,s6.881430002,s169.971691081
161_131,s0.592436146,s7.582752931,s286.900788374
161_132,s0.569685997,s5.584886159,s255.668517054
161_133,s-4.530020890,s4.499583068,s161.445665013
161_134,s-0.808972508,s7.373261536,s305.037387845
161_135,s1.286991034,s7.438191149,s64.407868429
161_136,s5.808128040,s7.538066829,s136.925882687
161_137,s-3.093471436,s-0.019601071,s31.846466604
161_138,s-1.812888526,s2.193469044,s145.166122133
161_139,s7.730181433,s5.611045132,s7.141379597
161_140,s-6.868042190,s7.499370536,s52.467938519
161_141,s-3.596009680,s4.575254413,s293.480217043
161_142,s-3.743248876,s7.346818560,s89.189851455
161_143,s-3.111812460,s-3.678804462,s36.341082269
161_144,s1.351690988,s2.192875778,s225.651411538
161_145,s-4.775588626,s0.033560667,s199.709597434
161_146,s3.017673965,s3.061226687,s166.085415202
161_147,s4.763354346,s4.773252419,s326.440098157
161_148,s0.221681538,s7.546185312,s52.422415372
161_149,s3.165222666,s4.583433336,s231.973289776
161_150,s3.238074047,s7.508781921,s77.127720045
161_151,s7.833221357,s6.720629132,s104.477919859
161_152,s5.954245322,s5.157547844,s178.247527808
161_153,s6.415620804,s1.756928422,s277.537988610
161_154,s-6.273802623,s7.453795229,s354.159498321
161_155,s-7.386033712,s7.210206752,s190.864978906
161_156,s-3.687972612,s0.671925936,s30.415769013
161_157,s2.329272990,s4.213842230,s39.549510978
161_158,s-3.697715470,s5.877414634,s159.446138435
161_159,s-7.145784416,s6.348374450,s306.873055201
161_160,s-1.897710481,s5.719956218,s308.398006227
162_0,s-3.612334200,s-4.912616550,s180.821375809
162_1,s-5.258315212,s-4.064255007,s317.951286964
162_2,s-6.667453087,s-6.190419377,s14.017676735
162_3,s6.870145939,s-4.410687624,s245.409792396
162_4,s-4.114729865,s-3.756180499,s199.013155020
162_5,s-6.797600143,s-5.057098875,s90.262720456
162_6,s2.903366744,s-3.245345907,s71.407960664
162_7,s5.653786137,s0.900636812,s2.453189459
162_8,s3.922044469,s-7.115182381,s37.165129931
162_9,s0.772230337,s-4.353197640,s341.925446658
162_10,s6.844192666,s-7.085468114,s241.043404740
162_11,s6.024025105,s0.516738756,s353.113150682
162_12,s7.152941159,s-2.943701801,s327.667232741
162_13,s7.193523443,s-4.395984843,s193.035048690
162_14,s-7.142480094,s-1.180933997,s289.595154890
162_15,s-4.685430989,s-5.162729931,s285.743009936
162_16,s2.042291082,s-6.401313905,s181.122543363
162_17,s-4.119124192,s4.597999106,s220.594181764
162_18,s3.309896715,s-1.537915493,s6.018787116
162_19,s-3.681617391,s-3.198334540,s13.226196061
162_20,s2.719947517,s-5.317057450,s317.034111277
162_21,s-3.927656789,s5.083061463,s36.123165137
162_22,s3.883773138,s-2.422317018,s244.853408378
162_23,s-0.655237044,s0.797776684,s118.405414610
162_24,s6.262228740,s-2.807605048,s318.648408750
162_25,s-3.225755594,s-1.450201800,s26.193698366
162_26,s5.036562560,s-0.036000645,s310.329100003
162_27,s4.672789101,s-5.460836118,s349.707826662
162_28,s-6.856758650,s-2.938258008,s154.916090783
162_29,s-7.199125688,s3.355317905,s195.108450696
162_30,s-3.444415431,s-2.377451100,s236.662084069
162_31,s-1.701005847,s-4.638880887,s211.054285366
162_32,s-5.378314103,s-6.474528071,s337.577975599
162_33,s1.523429026,s3.595814325,s119.106160690
162_34,s-1.787380388,s-1.372599960,s115.775763177
162_35,s-2.068643118,s-3.162106212,s41.073944362
162_36,s1.612448000,s3.317279765,s108.666201523
162_37,s1.921323021,s-1.063537326,s209.737213716
162_38,s7.198090002,s6.115855521,s193.681229562
162_39,s3.820209433,s-6.135654657,s178.146085181
162_40,s2.757241585,s1.743344198,s84.621467593
162_41,s-0.248506101,s-0.084897669,s262.805441644
162_42,s-5.049525616,s-0.009522282,s19.558664908
162_43,s-6.556126444,s-7.242632806,s103.421332282
162_44,s-0.398286388,s-1.702845352,s201.682392864
162_45,s-1.899719589,s-6.717432468,s58.905792163
162_46,s2.600918414,s-6.278813210,s190.673503034
162_47,s2.723083732,s-2.004654932,s343.822509765
162_48,s-1.759401571,s0.621659772,s241.053065641
162_49,s5.919059488,s-6.361577532,s70.080547824
162_50,s-6.649719488,s0.565717391,s268.021899724
162_51,s5.673531526,s-0.302110786,s136.253371504
162_52,s4.539607756,s1.522014299,s355.848942776
162_53,s1.549862515,s-3.094566312,s254.551878411
162_54,s4.904003008,s-4.413574704,s340.711787304
162_55,s6.134448163,s-1.243571287,s130.124877506
162_56,s-3.437129807,s5.993905014,s144.735255723
162_57,s-6.793116982,s6.508069859,s94.624181907
162_58,s-1.913237010,s-0.843032157,s118.569004995
162_59,s-1.776991816,s6.938928227,s211.570478468
162_60,s-2.665419481,s2.775039341,s46.361658096
162_61,s-2.430952839,s5.968009731,s203.480509621
162_62,s-5.659280622,s2.251317580,s6.951422508
162_63,s-3.153163239,s2.785934976,s207.845769694
162_64,s-5.845393224,s6.127547445,s186.790782770
162_65,s6.318509014,s7.096414296,s294.869831030
162_66,s1.123132073,s-3.535774568,s69.240632373
162_67,s4.742767726,s2.096174417,s76.833794501
162_68,s5.597119780,s-2.239811433,s289.514619258
162_69,s2.017923039,s-0.476220945,s91.472952569
162_70,s-7.188832267,s4.598838165,s238.709391388
162_71,s-1.051890905,s-3.284195712,s211.460156636
162_72,s6.517254425,s6.921913870,s298.714401685
162_73,s-4.729077070,s-1.927533665,s50.211389520
162_74,s2.852019721,s3.938412110,s35.529340587
162_75,s-0.108123370,s1.639762713,s167.382143557
162_76,s3.980341543,s-1.858735881,s35.398623686
162_77,s-4.561278621,s-0.269232001,s31.220315816
162_78,s2.905656124,s5.977738378,s113.432618910
162_79,s0.724335550,s0.020486937,s149.733588320
162_80,s4.866990513,s5.682210697,s114.379843549
162_81,s7.068686038,s1.856229715,s355.194898981
162_82,s2.302310847,s0.050808792,s71.143877013
162_83,s6.765860914,s-0.870280905,s309.469705148
162_84,s-4.741413360,s1.100415538,s353.499518077
162_85,s-0.864884423,s6.367729894,s239.723043746
162_86,s-6.167617920,s5.078240086,s236.398896820
162_87,s0.034992391,s6.603105912,s298.683881131
162_88,s4.523825467,s2.652711287,s319.252498426
162_89,s-5.494073472,s3.683087316,s143.008365768
162_90,s6.608872415,s1.874223396,s54.342588180
162_91,s-5.216225882,s6.244820413,s299.054782294
162_92,s0.146848737,s-1.486679618,s29.998479116
162_93,s3.183408026,s3.229007446,s256.869028171
162_94,s3.917969659,s0.161029179,s10.235288582
162_95,s3.841018561,s-5.346713761,s200.799502315
162_96,s-6.727887183,s4.137397176,s72.536571748
162_97,s5.479189407,s3.122369813,s49.406238357
162_98,s-7.147638547,s2.726048518,s249.975188395
162_99,s-2.668664729,s1.458130784,s16.066482664
162_100,s-3.859359169,s-0.674688102,s202.674658416
162_101,s-0.767091340,s-6.061342439,s95.923701572
162_102,s-0.579651773,s0.941148205,s122.575959243
162_103,s-4.776956158,s3.721268707,s269.281684308
162_104,s-1.898784067,s5.814217943,s203.554269956
162_105,s3.472787765,s2.437312648,s280.685046977
162_106,s5.055335570,s-0.506784582,s146.773714266
162_107,s2.565290222,s1.381251635,s302.182735896
162_108,s0.797216848,s1.787676454,s308.210118405
162_109,s-2.429366923,s5.133127178,s137.511807358
162_110,s-6.324146981,s2.451142171,s233.838868696
162_111,s1.533816454,s5.841585324,s225.164124801
162_112,s-7.029204924,s-0.647364728,s339.415264403
162_113,s-3.243887799,s-4.311482535,s226.156061757
162_114,s-7.185048804,s1.141020958,s331.355032686
162_115,s-1.463644351,s-3.214837431,s240.958255088
162_116,s-4.079317801,s3.175798565,s144.081982423
162_117,s-1.279908053,s-1.118121585,s243.679196533
162_118,s0.961779132,s2.990186443,s22.128562302
162_119,s-7.062632775,s6.874246942,s332.379035254
162_120,s4.621749268,s3.817721837,s252.840605185
162_121,s0.297008689,s5.235475200,s223.483110491
162_122,s-3.912206081,s0.341280450,s271.513972783
162_123,s7.117721765,s7.096414296,s118.297560438
162_124,s4.428839938,s7.035107210,s172.744716760
162_125,s5.971103543,s2.065406220,s115.261505239
162_126,s-4.645226163,s-4.067261853,s113.993034393
162_127,s-5.938190148,s-1.820275655,s254.392932134
162_128,s1.522985553,s4.704866876,s100.545314257
162_129,s-4.557909797,s6.107881244,s282.827167822
162_130,s2.605631428,s6.813424978,s97.342950023
162_131,s-3.019235648,s4.075785536,s175.918332490
162_132,s-0.356391595,s4.079783698,s224.391630327
162_133,s7.009875121,s4.067714832,s67.113022239
162_134,s-4.040132084,s1.868448996,s213.850999532
162_135,s1.231234333,s0.785780289,s190.198882340
162_136,s0.975508755,s7.038492287,s128.314451519
162_137,s3.050515712,s4.941326687,s118.910295982
162_138,s4.162918497,s3.755495691,s84.199426167
162_139,s5.371687628,s3.957358536,s252.830339472
162_140,s-1.295282029,s4.442519838,s92.599463733
162_141,s-4.973233163,s7.096414296,s196.059358825
162_142,s-2.785698494,s6.867933909,s147.404830942
162_143,s-6.380901122,s1.005344590,s335.881006586
162_144,s-0.135652677,s2.950061294,s218.096706998
162_145,s4.664172530,s6.267574756,s155.695345766
162_146,s5.747473448,s6.247941067,s329.924463924
162_147,s5.845784043,s5.170428166,s314.650918094
162_148,s-3.970952194,s6.644974052,s46.897130256
162_149,s5.143004018,s5.077457603,s31.268185762
162_150,s-2.727989949,s6.909671553,s168.267255152
162_151,s-1.571830968,s6.083425293,s197.288956060
162_152,s0.982638097,s6.116500058,s205.257918400
162_153,s-1.123457545,s3.973507164,s346.265703720
162_154,s-4.464659569,s7.052331507,s113.025820240
162_155,s-6.452468810,s4.687276449,s192.948788078
162_156,s-0.931459477,s6.812817308,s167.175583352
162_157,s4.263931421,s5.127235914,s68.809385077
162_158,s0.683778633,s-2.900896385,s145.363063137
162_159,s6.784755980,s3.247664220,s119.322648054
162_160,s7.139647926,s4.831536687,s86.677484815
162_161,s-1.225139700,s2.886227456,s40.899538557
163_0,s-7.376629533,s-4.033757481,s179.947692638
163_1,s-7.619554591,s-6.407464326,s101.813034536
163_2,s-5.811493615,s-6.652989663,s256.576944800
163_3,s-6.029791258,s-4.868279399,s93.392269167
163_4,s-5.090438580,s-7.536971076,s58.054667180
163_5,s-1.385740407,s-4.973317093,s27.058124618
163_6,s1.475986041,s-4.061784543,s317.438593202
163_7,s0.317997002,s-3.168669835,s193.094270150
163_8,s6.474575703,s-4.840865843,s319.966422542
163_9,s3.958194106,s-5.513731858,s287.859631523
163_10,s4.965264924,s-7.715349956,s4.023395273
163_11,s7.641183254,s-7.428390047,s287.864433697
163_12,s6.095500970,s-2.586183164,s152.292061384
163_13,s7.558210489,s-0.146796050,s109.445614204
163_14,s-1.086180615,s2.941000467,s4.190638330
163_15,s-4.107621023,s-3.041857436,s354.770159660
163_16,s-2.997776290,s-1.018807534,s345.195276282
163_17,s-6.306315926,s-7.074905211,s234.311928798
163_18,s-7.657632714,s3.165014299,s341.353849560
163_19,s-5.600539073,s-1.509190109,s234.224624267
163_20,s4.207644891,s-6.808749402,s209.642899416
163_21,s-2.262418176,s0.609404001,s316.299111404
163_22,s1.034223371,s-3.136641369,s81.474619651
163_23,s7.526418065,s4.013196468,s1.079495262
163_24,s4.473021685,s1.925947829,s222.357742363
163_25,s7.547862051,s-3.785920325,s75.612616311
163_26,s7.138169759,s-3.009549555,s129.855323527
163_27,s7.626711600,s0.263840214,s198.835984088
163_28,s-7.077322723,s-2.449757240,s122.962773284
163_29,s-7.623242612,s-1.340836958,s305.932594698
163_30,s-7.433663579,s1.986014833,s172.389145989
163_31,s-1.256373605,s-0.439413377,s85.761983634
163_32,s-3.789241516,s-5.930498365,s30.943454407
163_33,s-2.844925526,s-4.755871613,s139.994778284
163_34,s4.815883987,s-0.885136529,s208.623281445
163_35,s-5.395283679,s0.222009071,s13.649461022
163_36,s4.871393828,s2.685111888,s42.768573485
163_37,s6.567477355,s-4.001828997,s111.173407772
163_38,s7.417681493,s0.900151304,s27.547367001
163_39,s4.330865592,s3.292359828,s225.258669837
163_40,s1.534618302,s-7.559352533,s335.344334039
163_41,s0.328853806,s-0.740263887,s285.582950894
163_42,s-6.650973063,s-5.101627496,s299.915635829
163_43,s-2.236316242,s1.812536271,s156.317037266
163_44,s4.306653463,s-0.730737879,s127.276005928
163_45,s-5.971171496,s6.591182479,s179.990326168
163_46,s-5.781353658,s-3.180016049,s117.171179018
163_47,s-2.209630526,s6.480917189,s48.031021224
163_48,s-4.276529680,s-4.055669143,s153.072854701
163_49,s-4.164457762,s-5.280255597,s303.187569477
163_50,s-2.389793622,s1.008686391,s99.160174587
163_51,s5.035526392,s2.486265777,s51.576967866
163_52,s5.901549833,s-6.121696561,s319.602019010
163_53,s1.077506590,s-1.572704638,s349.657883839
163_54,s7.410262095,s2.839750551,s286.650717233
163_55,s4.726756219,s5.189384675,s24.683501134
163_56,s-3.791621733,s1.889742797,s150.164592358
163_57,s-3.963734953,s2.854953866,s184.408924480
163_58,s-7.330428298,s0.038246914,s170.393367854
163_59,s-0.343265039,s7.066512663,s239.402211816
163_60,s0.066095984,s-4.418907392,s135.256659968
163_61,s-1.999347548,s-4.130016684,s77.746795574
163_62,s2.908670449,s1.686309376,s295.722297458
163_63,s-0.307910906,s-6.954588895,s203.644592435
163_64,s-3.041811617,s5.447954858,s1.881933635
163_65,s2.534665563,s3.252222507,s99.358867592
163_66,s3.134804812,s6.641080683,s137.516517102
163_67,s-0.351039325,s2.960307109,s271.199157799
163_68,s1.770834358,s-2.577793508,s237.425329232
163_69,s5.160630678,s-6.244360676,s35.618344967
163_70,s-5.576218202,s2.479459831,s101.623813800
163_71,s-5.521841576,s1.301091590,s48.295946720
163_72,s-3.367529027,s5.441719922,s188.145084923
163_73,s-4.126646068,s7.506578441,s335.627988822
163_74,s-0.502586021,s4.182167334,s174.811754985
163_75,s0.247732603,s6.593681446,s71.804832615
163_76,s-0.036833334,s-5.821372060,s11.801682771
163_77,s4.707010126,s-3.170107330,s86.653284407
163_78,s-2.336529499,s5.140513513,s8.416587714
163_79,s2.970746909,s4.051732834,s22.101492891
163_80,s0.745416829,s-0.006815861,s122.499680169
163_81,s6.827301052,s1.927089176,s70.344950228
163_82,s3.105302784,s-7.683116707,s222.905176803
163_83,s2.657715798,s-2.140989029,s175.997224231
163_84,s-5.376782230,s3.247646660,s329.813549116
163_85,s-5.956427922,s0.430309332,s186.830339925
163_86,s-7.251229599,s6.812572671,s354.724954499
163_87,s-2.814225394,s-4.286731867,s55.752881814
163_88,s7.348593303,s7.210416376,s281.023212027
163_89,s1.929315489,s-0.664126073,s150.464740331
163_90,s0.124926454,s5.504482276,s71.549238475
163_91,s4.301485380,s-4.721790210,s313.636201402
163_92,s0.831997852,s0.625595535,s302.207980916
163_93,s-2.440782301,s3.791585348,s280.225623178
163_94,s2.877174052,s5.662404630,s271.487634523
163_95,s4.991767199,s6.741151202,s249.105354099
163_96,s4.356289265,s-0.415095236,s323.859409180
163_97,s5.281275287,s4.247509170,s255.997322140
163_98,s-3.829464198,s-1.062654722,s332.170740526
163_99,s1.982111907,s4.820477340,s109.710794480
163_100,s-4.089973429,s1.340769947,s292.584208464
163_101,s-0.373671631,s-1.545171301,s204.835733586
163_102,s-5.576690793,s5.349391998,s248.366410080
163_103,s0.080553136,s7.433425063,s132.949178451
163_104,s-2.475874650,s-2.619063309,s286.606697121
163_105,s-4.594831170,s6.889871619,s335.967826090
163_106,s1.201005253,s6.967867035,s293.798634764
163_107,s3.655857841,s7.272319105,s276.131399622
163_108,s5.930767647,s2.705973358,s97.805375182
163_109,s3.808478006,s5.449562917,s359.688956826
163_110,s5.756272427,s0.975140997,s277.917740765
163_111,s1.712640816,s2.249504280,s37.245845870
163_112,s-5.214243597,s0.778540834,s95.295935866
163_113,s0.078343609,s0.860390347,s244.008608682
163_114,s-4.627742820,s1.745636087,s297.446998769
163_115,s-1.296442546,s7.466797064,s217.422301898
163_116,s-0.339300676,s4.604934392,s257.261671523
163_117,s-6.932739614,s3.653526527,s93.612395871
163_118,s-5.848896562,s4.413781518,s339.465379585
163_119,s-3.327149482,s2.685117977,s302.340467904
163_120,s6.076773144,s1.998950560,s236.319079115
163_121,s3.158225137,s-0.033996671,s278.974946750
163_122,s5.744418130,s7.321861052,s184.651711553
163_123,s3.791541187,s2.987625499,s286.934495713
163_124,s5.587035259,s2.914629801,s24.765388983
163_125,s2.063226442,s4.007826122,s110.051840647
163_126,s-7.098937375,s5.934142674,s304.378264830
163_127,s-7.563887345,s6.198318456,s85.925590269
163_128,s-4.955843848,s4.851638472,s218.317452082
163_129,s-4.049609927,s6.668549217,s10.203060282
163_130,s3.105364446,s2.302738857,s190.725732802
163_131,s-3.773903327,s7.500937473,s210.167001872
163_132,s2.234521174,s7.380567551,s91.281813432
163_133,s-4.013249117,s3.693121204,s254.588781529
163_134,s0.916760731,s4.892324943,s155.569390668
163_135,s2.083607489,s1.180486652,s259.561257173
163_136,s1.502815525,s5.686002471,s210.390253844
163_137,s6.596508450,s4.151909286,s242.172710514
163_138,s4.215416792,s1.916156069,s301.521082837
163_139,s5.662247908,s7.506578441,s31.428798472
163_140,s0.938909288,s3.660782581,s341.210985055
163_141,s-0.603489564,s2.116968639,s186.140757866
163_142,s-5.522659686,s6.994527870,s206.153996785
163_143,s-2.875596054,s6.762541174,s43.744397444
163_144,s-2.662845298,s5.276012243,s135.705304647
163_145,s-7.266590657,s7.469129680,s0.478173018
163_146,s1.219186583,s2.590212219,s79.329989059
163_147,s6.469193579,s7.506578441,s27.282805937
163_148,s5.482126813,s5.533262104,s347.694706188
163_149,s0.177017689,s4.485304261,s157.296243273
163_150,s-0.915691403,s0.503865216,s258.176844843
163_151,s7.150514710,s5.837007504,s301.139519958
163_152,s3.719001012,s6.074600111,s339.625247804
163_153,s0.442946997,s-6.262673001,s306.722367029
163_154,s-6.247167833,s7.308439916,s45.383184223
163_155,s-4.188008078,s5.786340554,s284.574312332
163_156,s-1.134269163,s6.442369652,s9.165449507
163_157,s-7.028259352,s4.280221425,s318.971615035
163_158,s-6.713777371,s2.286628698,s107.000655963
163_159,s2.813129792,s7.200266592,s339.228513073
163_160,s1.461089946,s5.201339600,s187.299548573
163_161,s6.066382501,s5.228300131,s142.461947570
163_162,s6.872631051,s6.001539444,s344.438626903
164_0,s-6.544408998,s0.675967138,s37.646660369
164_1,s-5.551573095,s-5.776307656,s207.292406713
164_2,s-4.627424621,s-5.189023258,s273.123373381
164_3,s-5.976720612,s-7.105273927,s45.146404447
164_4,s2.909489038,s-2.660782999,s239.307263188
164_5,s2.443868498,s-3.678747483,s173.967302346
164_6,s-6.692800559,s-5.436636915,s208.390038160
164_7,s0.113337877,s-5.715255718,s259.296763877
164_8,s-0.274638951,s4.138579980,s64.224249082
164_9,s7.203506057,s-0.729037582,s3.512818313
164_10,s1.339938937,s-1.268889191,s258.107176759
164_11,s6.944467668,s-6.640852147,s331.181556545
164_12,s6.922062368,s-2.666808074,s242.667955016
164_13,s4.013383163,s-7.050878097,s315.056568357
164_14,s-4.786497490,s-1.245267506,s79.363748558
164_15,s-7.026075170,s-2.406341264,s91.160302169
164_16,s2.753189368,s-5.868531582,s105.045645345
164_17,s-6.903677171,s-1.733927473,s248.747061112
164_18,s-1.759729306,s-6.141054989,s14.313095262
164_19,s-1.505738339,s-4.846491443,s141.042393144
164_20,s1.280875316,s-5.858152208,s185.756189617
164_21,s2.177764574,s-2.683398473,s217.680283001
164_22,s0.955571737,s2.564990096,s249.619227746
164_23,s5.027389888,s-5.676686835,s52.599385618
164_24,s6.398295694,s-2.143345049,s165.299932444
164_25,s6.704495178,s1.581753094,s167.348344192
164_26,s4.819014273,s1.316172683,s70.542395854
164_27,s5.124214497,s3.354060258,s29.958464825
164_28,s-5.572397997,s-1.146779594,s350.798210719
164_29,s0.881039100,s4.752200953,s138.884602871
164_30,s0.457743491,s-0.438585173,s77.949569594
164_31,s0.389723548,s-6.424189265,s319.912247177
164_32,s-3.507769167,s-3.944199285,s165.194413904
164_33,s-1.173967853,s-1.259968073,s242.927882807
164_34,s-5.568398668,s4.034234571,s238.618740063
164_35,s1.311660653,s-0.006455944,s311.777995616
164_36,s3.721066591,s-2.150701963,s159.464867925
164_37,s-2.903650585,s-7.048674950,s181.391326942
164_38,s2.139693174,s-7.086141071,s326.526492577
164_39,s-4.848034738,s2.010589288,s296.148865158
164_40,s5.618846809,s-3.021977470,s335.559053065
164_41,s-1.141354771,s2.261274063,s74.218192869
164_42,s-2.823630739,s0.400029259,s334.377286727
164_43,s-6.321356751,s-6.010903763,s19.934906169
164_44,s-2.758167475,s0.886775936,s42.622182842
164_45,s-3.054263724,s-0.094158056,s126.234613940
164_46,s-6.971566371,s-7.206340986,s31.217690303
164_47,s2.115283057,s4.387578546,s192.970358918
164_48,s-0.245339287,s4.670833787,s138.544103479
164_49,s4.148201893,s-3.304882186,s222.148537329
164_50,s2.333220990,s1.714123304,s29.161763513
164_51,s0.785120945,s1.314096773,s6.410081477
164_52,s1.505013313,s-1.971847652,s112.987775484
164_53,s3.430968761,s5.034861389,s235.705821147
164_54,s0.955350705,s3.740963834,s49.909285876
164_55,s6.981812653,s-3.511877839,s58.976705795
164_56,s-2.903409081,s4.576057943,s245.648626064
164_57,s0.840015308,s-4.733625867,s111.673368439
164_58,s-5.771835788,s-2.044608879,s260.087902334
164_59,s2.582411966,s0.949351664,s88.425965328
164_60,s1.452491487,s-7.166952271,s335.113790674
164_61,s-3.621391613,s5.533736038,s183.033667941
164_62,s-4.052775897,s1.114347723,s208.540401345
164_63,s5.577164058,s6.633457321,s300.464419301
164_64,s-6.462389377,s-2.522543601,s260.351474874
164_65,s3.520871419,s-0.742149446,s142.799852570
164_66,s6.167881670,s4.018130839,s140.147682496
164_67,s-2.030772949,s-1.244884868,s354.026218987
164_68,s7.097760782,s-2.235877733,s232.287323647
164_69,s7.060954715,s3.352528296,s139.541261239
164_70,s-5.677475281,s-4.754212803,s187.231704209
164_71,s-2.198023817,s6.079574801,s274.797353296
164_72,s-6.567242148,s-1.135358547,s224.959664934
164_73,s-2.246416488,s1.517313339,s276.745603152
164_74,s-0.469519506,s3.525496640,s43.432188407
164_75,s-7.054251731,s2.761901856,s288.640230936
164_76,s3.388188937,s0.258723920,s76.726958633
164_77,s-0.117320432,s-2.424498760,s44.060590339
164_78,s1.775211896,s2.033769231,s154.158985639
164_79,s6.440588981,s2.795868633,s71.699641346
164_80,s0.079780186,s-5.276218941,s168.486279094
164_81,s5.910773001,s6.264234710,s248.676261645
164_82,s1.677698252,s-0.917826813,s131.467031528
164_83,s7.025128863,s0.187751055,s28.512337224
164_84,s-6.732183885,s1.329320823,s213.915759215
164_85,s-4.330485792,s-2.334976531,s139.164894021
164_86,s-0.668724955,s-4.599489222,s121.594113277
164_87,s-2.731723247,s-3.493915594,s108.479167839
164_88,s2.255746100,s6.217783345,s99.992540365
164_89,s4.370642976,s6.357108045,s90.828446959
164_90,s-2.816850587,s6.851865890,s279.779536669
164_91,s-1.746920326,s-0.287718400,s286.595309113
164_92,s-4.231450265,s5.921404398,s221.731750182
164_93,s-0.881285852,s-2.743258909,s328.501699085
164_94,s-1.854397826,s0.785337899,s82.023691859
164_95,s5.068959976,s0.255232384,s174.633507032
164_96,s2.484050703,s4.061570476,s91.389855951
164_97,s4.180313293,s1.336868950,s338.025555380
164_98,s-5.969993000,s3.099890683,s320.465282479
164_99,s-1.605903226,s3.732521674,s327.092856691
164_100,s-6.418075550,s4.081670150,s167.238420309
164_101,s0.974797968,s1.708832349,s57.326131648
164_102,s3.156905981,s-6.673825928,s277.844896863
164_103,s1.166076102,s6.931150369,s245.852453989
164_104,s-4.657630478,s6.504062511,s72.689323751
164_105,s-5.398885249,s-6.498248054,s64.385482241
164_106,s1.984386592,s1.364610792,s176.043993371
164_107,s5.702105860,s-0.860275502,s75.326809611
164_108,s4.718186592,s7.042447928,s41.385998031
164_109,s0.494377369,s-3.366834328,s106.314989213
164_110,s4.832663932,s5.634303112,s76.252732518
164_111,s-0.250761116,s4.958712298,s212.608373286
164_112,s-3.279148318,s0.343022339,s201.206183195
164_113,s-5.737438165,s1.085884223,s232.966352318
164_114,s1.269669107,s6.417684317,s216.006973881
164_115,s-0.169359762,s5.422500046,s317.279129160
164_116,s-1.423841600,s7.049338194,s33.522937066
164_117,s3.945533765,s3.089436012,s105.298153171
164_118,s3.597476841,s7.048519562,s141.739036020
164_119,s3.625752873,s6.211434365,s12.879948962
164_120,s-4.299442625,s6.959253210,s319.943186200
164_121,s-3.043327812,s3.729180199,s27.118984630
164_122,s7.212501384,s5.487681339,s230.064019667
164_123,s6.852270715,s1.922720267,s7.127631915
164_124,s4.523577530,s0.482809138,s248.322984473
164_125,s5.603632610,s5.797992555,s301.804765568
164_126,s-6.002372653,s3.834322624,s100.614109246
164_127,s-7.009050763,s5.705978580,s220.990608878
164_128,s-4.692074706,s4.067534332,s232.066994710
164_129,s1.380507625,s5.003383091,s327.571559515
164_130,s-6.883155766,s2.251088550,s358.360439163
164_131,s-0.890622936,s6.128120405,s35.041351760
164_132,s4.213293732,s5.356088169,s295.472779847
164_133,s4.409543149,s3.789357048,s340.175317761
164_134,s1.545234056,s-5.304439793,s300.739092988
164_135,s7.232394871,s3.989951452,s156.901676202
164_136,s-3.210897978,s1.875482187,s36.214697731
164_137,s5.429160156,s0.695266909,s241.440113394
164_138,s6.897770189,s7.028560322,s36.202660818
164_139,s6.215674966,s5.112412868,s296.689178380
164_140,s-7.019585215,s6.984428911,s245.792097378
164_141,s-5.841423072,s5.377930356,s36.108328967
164_142,s-0.985165086,s5.031164909,s290.053966444
164_143,s4.295269506,s2.300644071,s238.270969939
164_144,s2.854182324,s2.374696516,s159.258704397
164_145,s-6.303814081,s6.037825192,s122.823309686
164_146,s3.528296978,s5.547512761,s172.046469837
164_147,s6.161778910,s7.049338194,s357.283322348
164_148,s-2.447610477,s-0.477720164,s73.445321676
164_149,s-0.826898644,s6.809085324,s279.745913565
164_150,s7.091980902,s6.392652345,s32.329390893
164_151,s4.355507130,s2.304755053,s111.517702971
164_152,s4.028911524,s-1.453210505,s117.699406516
164_153,s3.419432524,s6.584749613,s176.292387074
164_154,s-5.824495635,s5.657021553,s192.439347769
164_155,s-4.542586625,s6.361579160,s251.852953098
164_156,s-3.242646269,s-2.285637347,s99.081700588
164_157,s0.531278630,s0.531109777,s49.294861574
164_158,s-5.168146554,s5.203125209,s93.802500319
164_159,s-2.321448734,s2.606512426,s135.455520639
164_160,s-3.368261519,s7.008456047,s321.651562102
164_161,s5.559415183,s3.653380075,s39.302583197
164_162,s-0.757173660,s-0.355404994,s136.124962153
164_163,s3.840353039,s4.271213003,s121.549403180
165_0,s-1.597550999,s-6.555208531,s270.713345068
165_1,s-0.813057019,s-7.036028601,s283.945632444
165_2,s-4.764257706,s-3.673706301,s180.183272094
165_3,s4.486790084,s-6.141892342,s199.716964234
165_4,s-3.051468749,s-0.863297503,s138.815714948
165_5,s-1.580168075,s-2.702535363,s262.545407915
165_6,s-5.606580049,s-3.687930448,s105.775760390
165_7,s-4.057543420,s-4.898922635,s303.695551554
165_8,s1.822021415,s2.305955569,s154.619050037
165_9,s-1.614881464,s-4.756951948,s43.191196074
165_10,s5.965180753,s-4.879329500,s201.105251489
165_11,s-1.275074069,s-3.818727116,s253.937452358
165_12,s4.867486327,s-3.345928490,s252.185024998
165_13,s6.955387621,s-5.506502019,s161.897318775
165_14,s-5.223064565,s4.320925099,s114.867231829
165_15,s-4.263330843,s2.350789353,s112.954838625
165_16,s3.073348541,s-5.229209650,s145.674420497
165_17,s-6.990605240,s-6.246709369,s191.489872331
165_18,s-5.511486006,s3.206857944,s356.658454609
165_19,s-1.119138519,s-0.975466193,s91.095772765
165_20,s5.437915262,s0.393810959,s316.206210303
165_21,s6.588129492,s-6.478955740,s132.733727779
165_22,s2.614481336,s-6.894500801,s43.052910065
165_23,s-4.422777617,s-0.590613824,s305.743865420
165_24,s4.916264664,s-6.410117377,s12.987913211
165_25,s6.098891716,s-1.290070008,s30.705435513
165_26,s4.745095429,s-1.143224776,s4.707357607
165_27,s2.596259873,s-3.054321640,s239.833116508
165_28,s-5.845844547,s-3.023465910,s209.826944873
165_29,s-0.198612644,s1.362887048,s350.388408066
165_30,s-5.610371080,s-4.538509776,s96.697546878
165_31,s-5.953240101,s-1.730218120,s127.670172977
165_32,s-4.916718896,s-6.254633385,s126.323730497
165_33,s1.990645675,s-6.915721295,s354.431463414
165_34,s-4.781862596,s4.877571315,s29.115269478
165_35,s-3.492181785,s0.026141948,s356.133929011
165_36,s-6.257619051,s-0.026482071,s346.662653701
165_37,s7.077498858,s-2.301240607,s325.304529709
165_38,s5.897225525,s0.059243238,s80.568729275
165_39,s-5.889765904,s-0.368215069,s216.504090423
165_40,s4.473539310,s-5.218132004,s65.472795654
165_41,s3.279877901,s-2.559318322,s0.183329626
165_42,s2.785039835,s-5.834133450,s144.486523126
165_43,s0.269777974,s2.119886040,s287.072555291
165_44,s-5.981871766,s5.091062783,s240.733218113
165_45,s-4.292023618,s4.184885457,s295.468298894
165_46,s-0.796918724,s-3.558132310,s79.464048019
165_47,s0.326613987,s-4.381566623,s75.419886321
165_48,s-6.762026580,s-4.665106266,s230.356772485
165_49,s6.295598793,s3.304017832,s316.810395924
165_50,s0.378225163,s1.645888662,s338.075424540
165_51,s-5.325978898,s-2.112405747,s264.351609380
165_52,s-1.137898527,s-5.515816352,s276.413487619
165_53,s6.117509582,s-3.201713510,s122.800613260
165_54,s3.969932395,s-2.940831844,s358.660268495
165_55,s4.544145997,s3.395381498,s6.488666582
165_56,s-2.942242356,s5.268690787,s8.887649420
165_57,s-2.939014046,s0.646501603,s177.094943871
165_58,s-1.653412912,s1.281930253,s265.213480403
165_59,s0.629821716,s0.004957042,s338.031804011
165_60,s0.171934852,s5.722018305,s170.899567318
165_61,s5.791011751,s-3.125724124,s5.530211694
165_62,s3.757955712,s6.838012458,s101.905982692
165_63,s2.634435512,s3.932051760,s148.725689767
165_64,s-5.168840326,s-5.314409545,s213.824777310
165_65,s4.426086901,s-1.625790678,s358.987424686
165_66,s-0.773562326,s-2.854224768,s332.719690468
165_67,s1.037859882,s0.061751950,s15.971292951
165_68,s-4.410777615,s3.639988631,s138.646120860
165_69,s6.993656677,s0.086637091,s196.864594884
165_70,s-0.548154447,s6.940364230,s129.561250902
165_71,s-3.964240179,s2.328198138,s312.406511178
165_72,s-2.945252341,s-3.695329967,s189.810104339
165_73,s-6.967625558,s-1.643495116,s343.085591776
165_74,s4.437496916,s-0.330924111,s154.834819402
165_75,s-5.753451231,s5.849371857,s64.477287341
165_76,s-1.958941209,s-1.238610219,s249.013385195
165_77,s0.520110550,s2.718062912,s117.676924212
165_78,s3.587586683,s-2.934083188,s110.841053910
165_79,s-0.042111246,s2.716428459,s283.698262132
165_80,s-3.772320271,s6.073291596,s39.150304234
165_81,s3.959078826,s2.294378000,s305.383565134
165_82,s2.892220212,s2.447383768,s291.701128974
165_83,s1.903989218,s-1.280734286,s81.828818546
165_84,s-5.057742826,s0.358014947,s198.199965387
165_85,s-0.899820237,s0.209536471,s47.051809342
165_86,s3.605882430,s4.447990184,s84.953225342
165_87,s-3.166300728,s7.049891599,s260.539555701
165_88,s-6.122906437,s4.049127780,s6.459227556
165_89,s-5.520325185,s2.311023720,s31.556007465
165_90,s0.591057586,s-3.029294999,s265.432371314
165_91,s-6.900453489,s3.578888353,s137.601362830
165_92,s-3.964900374,s6.189102421,s12.810024822
165_93,s6.132542746,s3.986594742,s223.515105070
165_94,s0.640436697,s1.262071403,s178.017274260
165_95,s1.799440624,s5.736282564,s143.967596117
165_96,s-0.806815445,s-1.739821288,s352.599421899
165_97,s6.681911070,s0.892655519,s320.344788958
165_98,s-7.060302603,s0.411540375,s323.059273117
165_99,s-1.440913950,s0.652153799,s297.720102245
165_100,s-1.555278072,s4.598867024,s0.266038585
165_101,s-2.898301620,s1.748280454,s288.783387495
165_102,s-2.604870734,s5.753431341,s212.069932515
165_103,s2.222170751,s1.036832296,s238.999558213
165_104,s1.327326310,s4.312944379,s5.378026557
165_105,s3.231225091,s1.756711568,s164.882520869
165_106,s-2.154431436,s2.246888155,s47.211580548
165_107,s0.444503296,s-1.113882417,s168.263824315
165_108,s2.835991274,s0.141201065,s285.331289920
165_109,s-2.680274515,s6.950628626,s200.207528105
165_110,s7.126427575,s-1.068836273,s53.438499987
165_111,s4.853955666,s1.474777073,s79.889929598
165_112,s-0.857148167,s2.685287919,s93.971948340
165_113,s-6.868267235,s5.189279421,s76.339128289
165_114,s-3.620997029,s4.159411091,s125.918855012
165_115,s1.710088358,s5.391441963,s44.485290601
165_116,s0.578272756,s6.037638357,s137.412066131
165_117,s3.069893425,s6.953567061,s83.074741722
165_118,s-6.059284714,s5.710302002,s296.962575075
165_119,s-2.254918556,s-4.257942294,s117.801944740
165_120,s6.282088257,s1.632150971,s169.726707737
165_121,s4.260165772,s6.161039828,s92.462510937
165_122,s-6.593811200,s6.065893146,s355.771725047
165_123,s5.642908938,s6.061274249,s37.398895056
165_124,s6.961405376,s1.657774021,s48.890720780
165_125,s6.963388482,s3.576293634,s194.367913441
165_126,s-0.213430445,s3.212165258,s44.734672853
165_127,s-7.029447243,s4.626039954,s142.423029301
165_128,s5.212395422,s6.744611234,s150.310011454
165_129,s1.207282776,s6.414243116,s294.669106300
165_130,s-3.691655066,s1.995929928,s84.836071108
165_131,s2.471510562,s4.920758621,s282.493526113
165_132,s-1.844875024,s5.351092382,s301.628825704
165_133,s3.252974246,s-0.898718696,s303.192677355
165_134,s1.110477771,s3.676388449,s72.325267789
165_135,s0.739362554,s6.917233674,s352.538067834
165_136,s6.572639573,s4.357693539,s224.723758028
165_137,s6.928327609,s-1.377148827,s78.831468715
165_138,s5.246813556,s2.194019294,s185.150430425
165_139,s5.939449997,s6.836812302,s356.321580225
165_140,s-3.036187223,s4.533072232,s16.694537172
165_141,s0.027635252,s-1.080609138,s190.598794784
165_142,s-6.894735784,s2.114407893,s174.343930987
165_143,s-6.853038658,s7.150701577,s70.103058165
165_144,s-2.220528034,s-6.910906781,s181.917603838
165_145,s3.377810222,s2.806963624,s149.722071352
165_146,s0.336776210,s4.649915313,s113.741519948
165_147,s-0.743751176,s4.146174174,s194.723043518
165_148,s3.248472289,s6.879606004,s190.482972454
165_149,s-5.582965165,s6.924346434,s266.295380686
165_150,s1.745582382,s3.002271779,s224.728537017
165_151,s5.523424704,s3.442277523,s328.570635533
165_152,s6.705333257,s7.112536682,s92.847016518
165_153,s3.829263383,s1.630415679,s275.124870882
165_154,s-6.392449134,s6.738793901,s3.613713924
165_155,s-2.816992269,s3.932067975,s80.985030061
165_156,s-6.247198940,s4.143184184,s164.727162332
165_157,s-1.435622622,s7.138677012,s304.519255693
165_158,s5.283277028,s5.005908482,s37.038561378
165_159,s-4.586306979,s7.116003342,s176.895895999
165_160,s7.051186792,s6.540358914,s312.007161149
165_161,s3.288736005,s5.307874749,s199.520803230
165_162,s-0.223046924,s6.767649408,s251.286166159
165_163,s3.671546028,s3.455940856,s222.724352720
165_164,s7.051975019,s5.842799768,s55.283202500
166_0,s-6.181486828,s-2.044317155,s51.943325078
166_1,s-5.835604318,s-5.269064235,s36.124624882
166_2,s-5.057899943,s1.340044162,s355.248383973
166_3,s-0.984881547,s-3.639172341,s168.868755959
166_4,s-5.510335468,s-7.172912638,s126.557016166
166_5,s2.838178431,s2.148552101,s98.853848395
166_6,s3.358533352,s1.263830940,s264.247280839
166_7,s4.091885083,s-6.296084542,s202.511049824
166_8,s2.576816668,s-5.038056906,s199.832034766
166_9,s-4.405007789,s-1.645946920,s196.517736319
166_10,s6.771353315,s-4.662600943,s181.091093508
166_11,s5.195423841,s-2.993059839,s97.414960602
166_12,s4.816959839,s-5.125757531,s269.511870496
166_13,s5.956406601,s-1.237855980,s111.553114522
166_14,s-0.183160096,s-7.250856194,s143.023744275
166_15,s-6.371534608,s-0.960980722,s294.081947360
166_16,s1.863661696,s-2.931666113,s268.630074451
166_17,s-1.202271189,s-7.168266677,s188.009959481
166_18,s-3.937576264,s-2.322720012,s290.283905187
166_19,s-4.069651080,s-3.762762598,s327.381525224
166_20,s3.651704896,s1.914416005,s302.300955042
166_21,s5.994947396,s-2.215559759,s89.884673518
166_22,s0.811674157,s-4.528156904,s58.036077135
166_23,s-1.124342005,s-4.479713657,s132.245160961
166_24,s3.767989362,s-7.265072434,s111.528015363
166_25,s3.697935358,s2.257947403,s204.328572222
166_26,s3.288156752,s-5.132602581,s290.556345187
166_27,s0.516771287,s-6.337132422,s279.197759689
166_28,s-6.193517296,s1.162198696,s254.251990866
166_29,s-2.910921069,s-1.333901166,s239.617885084
166_30,s-7.019467866,s0.732259221,s216.187782421
166_31,s0.117957716,s-0.255467037,s264.218965296
166_32,s-6.244594463,s-0.259192881,s35.921076822
166_33,s-2.969883821,s-0.819917635,s10.759387441
166_34,s-4.523413576,s-6.344571874,s223.427790075
166_35,s-2.548019010,s-2.026694917,s148.069866366
166_36,s1.367640975,s-4.029117510,s314.252204696
166_37,s-0.501108434,s6.551112527,s226.675974180
166_38,s5.572306825,s-2.701016238,s21.681176746
166_39,s7.259968713,s0.694906431,s56.300078558
166_40,s6.305582460,s2.058562556,s224.294410147
166_41,s7.464664601,s-1.079568036,s5.992469094
166_42,s-2.434395505,s-5.423154480,s235.358610587
166_43,s-1.460087467,s2.432976762,s309.793245037
166_44,s-1.308442294,s-1.947273748,s6.405519128
166_45,s-2.311062669,s-6.530479997,s166.320640257
166_46,s-1.016727186,s6.916948331,s151.872313397
166_47,s-1.242862249,s0.398166654,s215.097070289
166_48,s3.757650248,s-0.868978934,s225.696031664
166_49,s-1.519120948,s2.680370369,s244.559796035
166_50,s-5.128444835,s0.326443993,s167.446822827
166_51,s3.112149309,s-2.350354413,s149.832580683
166_52,s0.877629994,s-0.026484759,s335.908048523
166_53,s7.299491063,s0.037403313,s342.597639763
166_54,s4.148382624,s-4.393709574,s53.151381599
166_55,s3.762755485,s-3.626185546,s208.336038008
166_56,s-6.612494327,s1.129998110,s230.386791641
166_57,s-4.821178089,s4.070851132,s226.464273677
166_58,s3.044478845,s-1.637466648,s205.986823154
166_59,s-3.352546218,s0.068957094,s126.183371420
166_60,s1.535158743,s1.908095147,s207.915801919
166_61,s-5.763283960,s5.414395258,s236.776954824
166_62,s0.057781838,s2.392518154,s242.967534302
166_63,s-0.823913246,s-3.189500231,s59.649515304
166_64,s-0.148796829,s6.436885307,s138.400236288
166_65,s3.305397191,s-3.522981950,s246.258820274
166_66,s5.906102114,s-5.932845489,s233.450950616
166_67,s-0.432505187,s-6.072807312,s81.123490526
166_68,s7.150210843,s6.026866130,s341.185016485
166_69,s7.337778569,s-1.415489490,s334.378279105
166_70,s-6.929616611,s-4.890243141,s116.256604532
166_71,s-3.677065541,s0.999741845,s289.966628305
166_72,s-1.481377239,s3.221472238,s201.333111025
166_73,s-4.364639862,s2.382161987,s129.864731618
166_74,s0.961067609,s-1.143075070,s70.152823828
166_75,s-5.019756834,s5.626819524,s4.509717372
166_76,s1.954635177,s-1.751220522,s241.344772397
166_77,s-6.820229792,s-0.252015421,s177.109630648
166_78,s5.188413094,s-0.668667769,s159.282278059
166_79,s-2.925176308,s-4.910837025,s334.448048155
166_80,s-1.912440066,s4.848333436,s57.515485442
166_81,s0.327537979,s-1.481062305,s102.038477935
166_82,s3.715081780,s5.268888315,s128.799392385
166_83,s1.279682415,s-4.807161363,s153.446955158
166_84,s-2.028536486,s-3.372438303,s281.513333240
166_85,s-6.073927676,s6.221351687,s279.767843539
166_86,s-4.922235617,s-1.033382454,s134.848589963
166_87,s-4.247578212,s1.765210150,s351.254241595
166_88,s-4.057681576,s5.897731390,s12.087335230
166_89,s-3.060085869,s-5.526622041,s107.197363982
166_90,s5.056285839,s4.497764310,s267.147147617
166_91,s-0.692286632,s3.042932780,s173.175519710
166_92,s-1.852348574,s5.906157990,s66.456282065
166_93,s2.199861502,s5.946590490,s17.943355451
166_94,s-1.178536418,s4.478381830,s155.385170365
166_95,s3.797468764,s3.242611496,s204.356038826
166_96,s7.352452864,s4.409016318,s122.723500058
166_97,s5.452012540,s4.459581636,s211.545893889
166_98,s-3.927718723,s3.012867731,s250.379246551
166_99,s-0.432868196,s3.903016762,s168.173535103
166_100,s1.419170321,s6.478320602,s217.177350751
166_101,s4.550047313,s6.955133618,s120.704835720
166_102,s-0.719965403,s0.310141779,s42.829637628
166_103,s-3.893388715,s-0.846658298,s289.839015726
166_104,s2.455574388,s3.895411499,s171.742822964
166_105,s6.473378288,s5.722924253,s129.144019533
166_106,s7.349985025,s2.234806549,s62.170431086
166_107,s-0.221726684,s4.816599485,s64.336093570
166_108,s3.214224221,s7.102049961,s297.319551144
166_109,s4.560791533,s-1.889034070,s1.547664870
166_110,s5.147755526,s2.067730835,s115.842929176
166_111,s5.765607787,s4.770982282,s154.594853768
166_112,s-3.019815148,s3.592997896,s242.719888844
166_113,s-1.521157610,s-0.281512025,s210.482481188
166_114,s-3.364598777,s4.685597683,s66.711238344
166_115,s4.821130396,s-4.167728796,s347.249813725
166_116,s-7.067390661,s2.091398017,s208.126211260
166_117,s-5.930435372,s4.381627218,s256.023537926
166_118,s-2.218967105,s5.756791651,s345.119685395
166_119,s-3.161244975,s1.574181670,s102.699481356
166_120,s2.768490321,s7.037743469,s197.072842099
166_121,s3.258390060,s5.643686447,s165.892235567
166_122,s4.568915906,s0.012297568,s129.932758732
166_123,s-0.119118649,s1.445628158,s63.817296823
166_124,s7.169839990,s4.229804219,s95.155512292
166_125,s6.748127032,s3.866496968,s220.332923478
166_126,s-7.063518756,s4.406198178,s110.521347562
166_127,s-3.110896157,s7.099881269,s339.755237886
166_128,s-6.881979740,s5.261670021,s204.756100287
166_129,s-0.760376349,s5.729027640,s99.949113204
166_130,s-0.340689949,s-0.618594597,s144.923412642
166_131,s-1.701577250,s-1.223746838,s11.959445130
166_132,s6.815900065,s2.724108207,s70.016609819
166_133,s0.421540265,s5.698015665,s283.390744504
166_134,s-2.996584724,s5.137450612,s354.747294848
166_135,s2.396522864,s3.436370762,s28.162957521
166_136,s-1.823533586,s1.136420875,s212.179102540
166_137,s0.197901379,s0.108694142,s116.546533162
166_138,s0.543202122,s6.344281520,s74.388551999
166_139,s6.476878337,s7.175507834,s343.695300373
166_140,s-5.227906105,s5.267228701,s212.183729177
166_141,s-4.289344074,s3.752796202,s275.876906424
166_142,s-2.663454099,s6.924341338,s14.814336151
166_143,s3.214388827,s3.713075763,s186.394297816
166_144,s-6.194676663,s7.167842891,s352.210880606
166_145,s-1.156353982,s-2.260255228,s75.276459854
166_146,s-3.190349965,s2.944239788,s4.238015246
166_147,s2.990587833,s4.788632906,s150.079364338
166_148,s5.393070198,s5.856230010,s329.160502612
166_149,s-6.573024055,s3.365820740,s310.424217566
166_150,s1.561768032,s6.992109715,s222.206962169
166_151,s6.752775370,s0.234484163,s185.012488132
166_152,s4.900632145,s7.091387443,s343.257689081
166_153,s6.732304591,s6.656745339,s88.159638177
166_154,s-6.856817427,s6.974655923,s306.917699271
166_155,s-5.377210584,s7.053462923,s42.623334957
166_156,s-5.900289417,s1.601943929,s119.092195752
166_157,s-4.000241081,s5.284201967,s211.072019200
166_158,s-4.532680457,s7.090187226,s104.865792722
166_159,s1.229753111,s2.475591743,s80.610137333
166_160,s0.025636022,s7.066712490,s87.904538718
166_161,s5.803541723,s2.845158208,s19.025124194
166_162,s-5.237846749,s6.853752784,s174.061326740
166_163,s5.270936282,s7.038284479,s154.956687408
166_164,s1.753493787,s5.100417324,s192.436908842
166_165,s1.464572847,s2.985530154,s313.824330429
167_0,s-7.008906058,s-1.260344812,s124.255394992
167_1,s-3.669757573,s-0.766054375,s230.412686853
167_2,s-4.440436290,s-7.253999365,s248.610245701
167_3,s-6.928271534,s-4.715759463,s151.055118649
167_4,s-0.520219346,s-5.323639484,s252.420361205
167_5,s-5.769775450,s-7.230027184,s343.510508824
167_6,s1.107609917,s-2.826074253,s65.405200435
167_7,s1.521645100,s4.018321831,s163.904943097
167_8,s2.320662145,s0.370495767,s277.317200555
167_9,s-2.459146582,s-6.257863277,s90.969390326
167_10,s-2.598505477,s-3.359787384,s85.000506589
167_11,s6.138166764,s-0.426049724,s277.099048634
167_12,s2.197512354,s2.400964659,s268.137938364
167_13,s7.084746373,s-6.256335192,s257.384149242
167_14,s-2.648195205,s0.413084967,s49.926038272
167_15,s-5.465396574,s-2.499422110,s220.754584167
167_16,s-0.604644364,s1.657173130,s348.788199049
167_17,s-0.785085368,s-2.578699553,s262.842698841
167_18,s0.185820204,s-3.571458272,s275.319802200
167_19,s-0.549496040,s-4.326589782,s244.874127325
167_20,s-5.690005485,s0.538955280,s138.862739585
167_21,s0.123031827,s-5.003842456,s54.111716924
167_22,s5.678859660,s-1.453779924,s151.204195101
167_23,s3.503744917,s-1.551125655,s115.101078196
167_24,s7.149064754,s-1.794712542,s338.892704810
167_25,s2.444159809,s-5.544009225,s233.737075714
167_26,s6.311258900,s-7.435021204,s344.927730116
167_27,s1.645899746,s1.559871386,s288.672235628
167_28,s-5.504017024,s-3.627156403,s340.589955946
167_29,s-6.795371365,s-0.227075125,s287.818470836
167_30,s-1.340865872,s-7.520173666,s40.093307421
167_31,s-5.117702836,s-4.337180109,s123.483516697
167_32,s1.719744522,s-0.487245194,s169.210854212
167_33,s-2.748912859,s-6.949092527,s188.398027191
167_34,s-5.610720999,s-4.382050699,s298.167205128
167_35,s-1.107655539,s4.938877280,s227.456511481
167_36,s5.279839763,s-6.833942717,s198.166251127
167_37,s-0.874089778,s-1.909891122,s308.991376588
167_38,s-3.134328203,s-2.769170239,s37.117996287
167_39,s4.118717538,s-5.757794164,s11.044377698
167_40,s4.628494791,s-0.855846418,s81.079792560
167_41,s3.995663274,s-2.302690502,s129.243323201
167_42,s0.961200512,s2.635499697,s263.301291123
167_43,s1.280104436,s4.871738090,s180.904210542
167_44,s-6.763006342,s3.398622633,s192.698291557
167_45,s2.470426315,s-3.407005916,s27.009146611
167_46,s-3.637674538,s-4.599611674,s23.952955897
167_47,s-0.942570097,s4.172802847,s309.790074186
167_48,s5.086188806,s1.423400651,s62.032824708
167_49,s-1.466926895,s6.005072354,s170.407618401
167_50,s-3.247627472,s-2.076529863,s234.266595469
167_51,s0.386365903,s0.543501169,s107.268392247
167_52,s2.814027973,s0.383406489,s20.262177774
167_53,s6.017859555,s2.763048453,s237.520876068
167_54,s1.388201328,s-2.290694395,s102.808544738
167_55,s4.631936085,s0.906346776,s162.898837112
167_56,s-7.258633913,s2.608614403,s227.853163743
167_57,s-4.106718925,s-1.632794656,s321.212713609
167_58,s5.201745101,s3.974678246,s28.620089665
167_59,s-0.290110807,s-6.295501995,s102.231668262
167_60,s-2.976402401,s0.978476823,s351.337493990
167_61,s-6.649435907,s2.064511392,s217.731308744
167_62,s-0.490515183,s6.743262800,s211.685406312
167_63,s0.657862022,s4.373383725,s59.046504376
167_64,s2.639356662,s-7.176256444,s216.002717104
167_65,s-7.328205506,s-3.709276232,s14.506292035
167_66,s1.580211913,s3.351986218,s56.115284390
167_67,s6.315911573,s-4.224654785,s316.861738979
167_68,s3.033569774,s-2.710131527,s81.708848363
167_69,s4.666046915,s-2.207594991,s146.163566711
167_70,s-0.676559391,s-0.837864068,s337.045735581
167_71,s-2.179696167,s0.234407511,s171.167024315
167_72,s-3.796744649,s0.982994851,s284.422055485
167_73,s-3.548084749,s4.866272756,s263.274330677
167_74,s-2.860177204,s4.576606606,s263.509990650
167_75,s0.349799826,s-1.762769864,s333.373886639
167_76,s2.116850855,s-0.591073868,s108.887130658
167_77,s-0.281961238,s0.642889177,s282.806016582
167_78,s3.581620725,s-4.784290416,s352.920989718
167_79,s1.912652218,s-2.679167329,s208.634959929
167_80,s3.923894875,s1.872203207,s228.913885872
167_81,s-1.990408676,s-5.310753321,s62.509533351
167_82,s7.204768182,s1.350130628,s202.741255559
167_83,s6.709455998,s5.449174707,s104.319703032
167_84,s-3.517431665,s1.648758749,s195.344923476
167_85,s-7.328205506,s0.703753313,s242.053559243
167_86,s-6.194631435,s1.373992895,s207.297756357
167_87,s-0.960330928,s-2.712272100,s93.503097667
167_88,s0.576796189,s1.400920258,s193.895278772
167_89,s-5.161387882,s0.728611212,s108.365528637
167_90,s-1.260509792,s3.505187059,s168.963010669
167_91,s-2.946598964,s2.117841766,s88.605748704
167_92,s-2.320270396,s1.161565328,s20.748731651
167_93,s2.676036887,s2.860003491,s147.497124581
167_94,s1.327949516,s7.027419147,s349.611250926
167_95,s7.169525166,s3.684491540,s186.591538994
167_96,s-2.900713685,s6.757207528,s320.879950396
167_97,s6.973457995,s2.353901323,s306.454695636
167_98,s-2.951354244,s3.445153904,s325.437231221
167_99,s-2.607075086,s2.867389540,s105.382340351
167_100,s0.319712802,s7.027419147,s5.711428353
167_101,s-1.864026240,s6.962790968,s276.502581277
167_102,s-5.210801909,s1.961937433,s96.634404425
167_103,s6.307637293,s5.519569009,s305.509533108
167_104,s-4.835973323,s3.188707441,s89.782434035
167_105,s2.004857988,s1.923566885,s107.599893012
167_106,s-6.048473184,s6.964081904,s70.484416752
167_107,s-2.933539947,s6.239072652,s8.099808163
167_108,s2.019050283,s0.967811219,s75.761762050
167_109,s6.980456504,s-3.498859263,s208.192038924
167_110,s6.492372318,s-5.373633016,s96.640257659
167_111,s5.816956638,s3.596658668,s133.070643847
167_112,s-3.769999077,s2.986949960,s70.732440913
167_113,s-3.714372986,s-0.423147674,s162.584543727
167_114,s-7.154621218,s4.132311130,s61.086629300
167_115,s5.173435225,s7.027419147,s48.214508821
167_116,s-6.561536209,s0.130623883,s298.821993038
167_117,s6.645216730,s0.874826329,s230.726249327
167_118,s4.815233835,s0.128569407,s216.303331226
167_119,s-4.159025166,s0.715191480,s147.844547667
167_120,s0.742026485,s-0.340475448,s226.984204059
167_121,s-2.984345026,s5.064815323,s40.978993531
167_122,s-2.302343263,s5.820752025,s152.635366608
167_123,s3.740800547,s6.245220928,s355.457627575
167_124,s7.200178188,s6.863848707,s271.058903285
167_125,s4.772891046,s4.576438501,s65.777024569
167_126,s-7.245306097,s4.391801833,s109.366045130
167_127,s-7.106248086,s-2.132348408,s290.825815015
167_128,s5.061659363,s2.055398021,s312.711454118
167_129,s-5.896880777,s6.880935499,s309.771961237
167_130,s-6.733252925,s6.893333182,s168.224471174
167_131,s4.170082926,s3.698017537,s162.211943089
167_132,s5.214639687,s5.827415167,s356.929240251
167_133,s-6.550801521,s5.572129302,s295.796406614
167_134,s5.275975252,s4.247044367,s91.405822605
167_135,s-0.424553557,s6.148431250,s67.802211057
167_136,s4.597244767,s5.945301519,s58.752479542
167_137,s0.425697270,s5.732268351,s30.719313689
167_138,s3.465092094,s6.969164569,s33.765904960
167_139,s2.595201321,s5.831240786,s354.017103868
167_140,s7.052499621,s0.979007819,s316.842761143
167_141,s-3.376505652,s5.664453530,s265.669558812
167_142,s-5.501258884,s3.431664194,s56.938072644
167_143,s-3.466055088,s0.468573904,s145.920946407
167_144,s-6.194950797,s5.280269739,s242.763239242
167_145,s-5.485299416,s5.540440396,s198.845712811
167_146,s-3.623601933,s4.440803825,s195.687291439
167_147,s5.684772544,s-5.134020758,s281.669474766
167_148,s4.088052724,s6.944317528,s77.393545418
167_149,s2.947709284,s-1.723997705,s352.542862665
167_150,s1.943116383,s3.659883600,s129.622191957
167_151,s1.160516925,s5.556181476,s125.920232323
167_152,s1.695606451,s6.700378416,s16.937074487
167_153,s6.218777352,s6.909746837,s62.353109688
167_154,s-7.317235649,s6.799284244,s56.213739236
167_155,s0.186360974,s5.698181826,s204.726733060
167_156,s3.214314437,s6.436195081,s81.190354676
167_157,s-4.500210725,s2.266256204,s156.087189366
167_158,s1.421146104,s2.284163358,s224.874164271
167_159,s0.459525885,s4.785724173,s56.240493608
167_160,s-5.477652471,s4.902301298,s265.386175067
167_161,s-1.677923526,s4.174812870,s228.188318241
167_162,s5.251622194,s3.521353158,s122.245159036
167_163,s1.025202251,s5.260011435,s289.308698452
167_164,s-4.030144463,s6.808218678,s101.276906762
167_165,s2.916368337,s5.199733883,s4.682192838
167_166,s6.894708792,s6.302302690,s275.477593873
168_0,s-6.972233122,s-4.341366569,s200.366598260
168_1,s-6.646748312,s-3.933336547,s224.388978380
168_2,s-8.063568251,s-2.680022452,s322.806004252
168_3,s-7.685804340,s-4.976975432,s46.432724864
168_4,s-7.771777903,s-7.512871220,s174.585440336
168_5,s5.373720124,s-6.341849631,s312.529246823
168_6,s-4.855353695,s-7.370508668,s48.399965473
168_7,s-1.192988732,s-1.122198781,s280.498173846
168_8,s1.738180449,s-7.156620239,s66.417575313
168_9,s1.214256180,s-2.894966875,s71.461880994
168_10,s5.040996537,s-3.116344035,s80.654350443
168_11,s7.470631656,s-7.865747041,s187.735153721
168_12,s6.852409910,s-6.299014781,s288.125548835
168_13,s-1.034154082,s0.373353271,s154.286448058
168_14,s-1.769539140,s-2.077655073,s78.137574424
168_15,s-6.326606395,s-1.588939511,s331.900602894
168_16,s-3.202597829,s1.288925580,s123.391018217
168_17,s-4.168414466,s-7.173704493,s156.923840186
168_18,s-6.925561366,s-7.760831258,s245.497563489
168_19,s2.213421110,s-2.660813546,s29.711854890
168_20,s-0.207056763,s-7.813612048,s38.156111669
168_21,s5.334703622,s-1.848195629,s301.754314810
168_22,s4.239944037,s-1.337301172,s141.248256281
168_23,s-0.899480373,s-2.147510017,s282.987519994
168_24,s-1.237195812,s-3.320624947,s227.920873161
168_25,s-2.407742057,s2.746988022,s234.176775093
168_26,s5.828707623,s0.926980498,s310.262028842
168_27,s5.937051730,s-7.902550001,s134.822051470
168_28,s-7.916219771,s-1.544274877,s276.460747918
168_29,s-5.536966063,s-0.235701524,s308.658380210
168_30,s-1.887587595,s-2.923784284,s276.610552008
168_31,s-2.921674602,s-3.200584585,s210.097324270
168_32,s6.066235737,s-2.377319299,s275.238488285
168_33,s-7.367897903,s-3.417611114,s221.619304392
168_34,s2.211419258,s0.588464335,s295.697568459
168_35,s0.283341491,s0.667019661,s135.539475014
168_36,s1.104534179,s-6.008883782,s12.151176404
168_37,s3.118630981,s1.827730040,s264.343464878
168_38,s2.953941511,s3.583465731,s197.485017709
168_39,s6.574769318,s-3.001848380,s194.693015646
168_40,s3.835754419,s-1.212940896,s253.525533564
168_41,s6.455262975,s3.580970140,s268.035511351
168_42,s-4.784247041,s-5.117812904,s196.484280670
168_43,s-4.123366344,s1.406121481,s190.512421585
168_44,s-0.273810587,s7.089055159,s317.486570177
168_45,s-4.921855734,s-2.956126539,s25.711705863
168_46,s-1.029390417,s2.591945243,s77.203136559
168_47,s-3.339757594,s2.378906182,s263.848574576
168_48,s-0.062742348,s-3.686067959,s210.108707779
168_49,s-1.470876484,s5.469407721,s151.528060815
168_50,s-3.921246839,s6.852131911,s109.480042293
168_51,s-1.801631088,s0.630608809,s166.680292000
168_52,s5.995412267,s-1.260205076,s39.384284023
168_53,s6.421245990,s-0.913155004,s31.351018857
168_54,s-2.005954711,s2.202764624,s353.628246409
168_55,s6.957161835,s-1.646119249,s59.731751642
168_56,s-6.736323559,s1.815905715,s224.373526201
168_57,s-4.813331314,s-1.553769387,s340.951225273
168_58,s1.665373131,s1.337855656,s167.484682661
168_59,s3.935660272,s-3.945397235,s62.335743394
168_60,s-6.801393455,s7.109515386,s1.004280947
168_61,s-3.634971580,s5.875517437,s2.045806486
168_62,s-3.991050700,s-2.050650598,s88.150007191
168_63,s2.953344003,s-1.187322666,s197.645019228
168_64,s4.522388616,s1.986623438,s91.255005379
168_65,s-5.535171776,s3.964851835,s295.956914893
168_66,s3.796059442,s-0.464930393,s170.015754039
168_67,s1.808252010,s-0.308679975,s0.929056366
168_68,s1.991033331,s5.616830182,s336.627167338
168_69,s3.630489493,s-1.763092300,s190.765688810
168_70,s-5.977260776,s-2.657503686,s25.839203342
168_71,s-7.327005287,s-0.660012108,s173.971749875
168_72,s-4.242724571,s0.970489054,s57.683228391
168_73,s-5.359686118,s3.267120630,s244.640378352
168_74,s2.041695495,s6.846405090,s138.021820764
168_75,s-2.901125678,s-1.555467232,s286.016329818
168_76,s3.435467470,s-0.139416672,s243.403200487
168_77,s4.695249938,s-7.195094100,s179.630860256
168_78,s5.958073025,s2.508662100,s125.136167105
168_79,s-0.142985900,s5.100041265,s179.084392376
168_80,s7.601809031,s0.249612346,s184.074205053
168_81,s5.039476118,s5.511079240,s235.684112151
168_82,s3.206918364,s5.017996836,s278.470052007
168_83,s4.006528429,s3.641870376,s51.076006005
168_84,s-7.649103906,s3.124864506,s339.071336544
168_85,s-4.739015355,s3.801215624,s216.686856002
168_86,s-1.094950332,s7.235799687,s223.025658413
168_87,s-7.896913393,s0.955712703,s189.647716193
168_88,s-2.198754934,s7.879366493,s346.874876629
168_89,s-4.492339719,s3.222357062,s20.918755275
168_90,s-4.343425236,s-0.246845462,s138.051952858
168_91,s-5.444401865,s0.266485899,s195.547883376
168_92,s3.349303481,s7.541387870,s8.858316008
168_93,s0.565240735,s6.642513637,s22.145297975
168_94,s4.512891924,s-2.541147769,s217.064891374
168_95,s6.048017510,s5.717357701,s8.674122038
168_96,s6.086045187,s4.616596264,s179.601330605
168_97,s7.403005117,s2.823825008,s255.756337484
168_98,s-7.002228457,s0.584329818,s32.245703864
168_99,s-2.648523215,s-0.755924308,s115.230034056
168_100,s-7.134596177,s5.669617905,s308.795305861
168_101,s3.102300369,s-6.638689831,s175.349566755
168_102,s-7.941283171,s-5.942937705,s188.226382221
168_103,s1.197548817,s7.894864729,s253.996265270
168_104,s-0.713934389,s3.727431269,s85.287400775
168_105,s-8.141904011,s-0.034374142,s212.229140752
168_106,s4.079531044,s5.799896918,s142.153813519
168_107,s6.619842069,s4.170533528,s227.278219749
168_108,s1.864551425,s3.353394448,s348.370898674
168_109,s7.496279638,s4.522141646,s324.613839780
168_110,s3.437420185,s7.098719069,s142.277048728
168_111,s4.698709550,s1.251361918,s86.082139896
168_112,s-7.812624472,s5.111711297,s357.689780957
168_113,s0.911235488,s1.851562972,s266.575399027
168_114,s1.868720134,s4.409278767,s229.851058745
168_115,s-7.675886701,s7.359757162,s219.650751416
168_116,s-7.363104392,s4.107698540,s189.897704538
168_117,s-1.490253941,s3.811155030,s354.167767968
168_118,s-5.737108779,s5.995490408,s232.352451013
168_119,s4.823297617,s-0.991417105,s121.955912430
168_120,s0.992989111,s4.982408271,s43.092325504
168_121,s5.704976980,s3.068528977,s138.753569360
168_122,s4.458359821,s3.120872821,s118.700963660
168_123,s3.817809148,s7.166735122,s200.250972130
168_124,s7.651951394,s-2.630036263,s288.909702842
168_125,s4.648730903,s4.330461033,s124.965918101
168_126,s-4.252688094,s7.571414661,s342.472102582
168_127,s-3.552462266,s4.553985044,s93.311674783
168_128,s-8.071422563,s6.182488852,s316.540480700
168_129,s-2.596699340,s6.531744398,s284.153003886
168_130,s1.858627248,s-5.461960128,s208.260923851
168_131,s6.255236701,s7.577040903,s344.455333405
168_132,s3.423586089,s2.170320136,s280.426261035
168_133,s2.372447575,s4.462452142,s221.995948061
168_134,s2.394553837,s1.437456192,s67.014472192
168_135,s-4.047821786,s-1.747419914,s336.047156767
168_136,s-0.710544657,s1.831779289,s297.631013111
168_137,s7.386824604,s7.893093674,s326.191292310
168_138,s6.943710795,s5.022452492,s303.432208294
168_139,s7.367633794,s1.086778392,s85.809996542
168_140,s-3.819539284,s7.607246012,s269.675101914
168_141,s-7.569431750,s6.358592673,s274.136659799
168_142,s-5.352916537,s6.690685449,s241.608163083
168_143,s-1.499739894,s4.370159566,s34.966163523
168_144,s-5.087921716,s7.685071513,s333.337890246
168_145,s0.558464432,s4.461632086,s242.751906771
168_146,s-1.159796612,s5.941833444,s219.332498349
168_147,s-0.293847284,s6.307101102,s336.205049475
168_148,s3.868189806,s6.677591857,s85.981989157
168_149,s1.227555197,s3.996761032,s310.196860698
168_150,s0.658968319,s7.481057314,s227.282031046
168_151,s1.299863389,s5.918251028,s358.599745870
168_152,s5.324349756,s3.848762337,s80.942009918
168_153,s6.854576247,s7.243402776,s207.416617520
168_154,s-7.059221498,s3.807263728,s45.088746454
168_155,s-8.033103615,s7.783446573,s5.648978587
168_156,s-1.178131377,s7.768266704,s315.907086561
168_157,s-6.025010640,s1.919663001,s149.855201960
168_158,s-7.142642297,s1.330287902,s277.271939164
168_159,s3.174856958,s4.096970988,s113.185498495
168_160,s-2.084795729,s6.604243208,s88.465295199
168_161,s7.645795817,s7.100699707,s14.284371955
168_162,s4.123407162,s4.441462669,s60.189060902
168_163,s7.638795386,s6.400030416,s272.592281982
168_164,s3.844871949,s7.894864729,s119.105873834
168_165,s7.458189977,s5.932827024,s269.459852532
168_166,s5.052742562,s5.136199672,s239.979512486
168_167,s1.173500076,s5.862816093,s256.393210626
169_0,s-6.490246526,s-5.351405594,s172.489086630
169_1,s-7.240449361,s-6.570590704,s109.833141880
169_2,s-2.945344309,s3.397007467,s257.018527794
169_3,s-7.135881492,s-1.520994726,s149.906215573
169_4,s-3.519671729,s-5.322240008,s273.255371604
169_5,s4.473738304,s-1.076340427,s45.448670914
169_6,s1.644499692,s-5.861846740,s132.878828704
169_7,s-1.382855972,s-5.054090184,s158.257862218
169_8,s2.683137565,s-1.695311148,s177.205027589
169_9,s7.099316135,s-5.509203044,s24.499421900
169_10,s1.825648808,s-1.321425913,s331.334719544
169_11,s6.756825432,s-5.075704259,s173.988083463
169_12,s5.649984861,s-7.355250177,s348.353589210
169_13,s1.355089969,s1.010517468,s58.756395808
169_14,s-2.011458717,s-3.370080374,s169.212310974
169_15,s-6.958438854,s2.247345817,s44.944449023
169_16,s2.846902752,s-6.888412924,s155.571942584
169_17,s-6.605074238,s1.259371203,s47.189726852
169_18,s1.773883940,s-3.584476590,s83.515564846
169_19,s-1.693269331,s2.396517171,s9.053542691
169_20,s-2.163622639,s-2.867284346,s318.551013889
169_21,s-5.845759939,s1.889906088,s104.388121085
169_22,s3.296586446,s-4.384275846,s332.210281971
169_23,s5.480099741,s2.898984582,s345.306146743
169_24,s-2.278228543,s-1.546967267,s352.523752417
169_25,s4.676239117,s-2.126062391,s127.688747893
169_26,s4.813957133,s-3.191523049,s330.033385979
169_27,s7.420008415,s-3.430810447,s169.931062706
169_28,s-4.924501261,s-4.238212169,s306.669476309
169_29,s-5.100635648,s-7.266228086,s56.605267582
169_30,s-7.170330978,s6.277583392,s333.054914800
169_31,s-5.898281735,s-1.649367671,s17.071097418
169_32,s-0.578181231,s-6.514079503,s51.492200708
169_33,s-7.242304717,s-2.955266659,s201.800936773
169_34,s1.176517952,s-2.070137944,s351.886470106
169_35,s1.567448042,s-7.414051370,s120.858713233
169_36,s-2.348684141,s2.611167553,s290.192357373
169_37,s0.918763770,s-7.372455599,s106.537707861
169_38,s5.368526665,s-4.499386288,s60.600360147
169_39,s5.938187718,s-2.684242387,s67.976056329
169_40,s3.951915695,s-2.447521760,s347.965717023
169_41,s-3.674853736,s1.458851444,s62.979228826
169_42,s1.186321027,s-1.226565439,s308.945507859
169_43,s-4.072854329,s3.357959008,s314.731018025
169_44,s-6.885752898,s1.398456413,s304.914146714
169_45,s3.510687958,s-7.257527097,s153.919183775
169_46,s-4.355094899,s-1.352127453,s167.557084613
169_47,s0.654395933,s-4.118222808,s208.739051934
169_48,s7.209277114,s0.243810944,s337.423642381
169_49,s-1.242091462,s0.576335073,s321.866912924
169_50,s0.936694692,s-3.108908522,s205.174485223
169_51,s-1.628438060,s6.097834657,s151.787822710
169_52,s0.238352355,s4.362828585,s310.790815238
169_53,s6.835627494,s-4.504726754,s147.451515144
169_54,s4.273526710,s-5.399564153,s313.092939888
169_55,s6.301324113,s-3.493620925,s146.826981515
169_56,s-3.169477293,s-2.578756130,s343.406429917
169_57,s-3.081999150,s-7.206316939,s48.254114350
169_58,s-6.309631513,s-4.788199615,s151.222364646
169_59,s-7.290408053,s4.277038625,s341.436421086
169_60,s-4.731305776,s1.579124705,s71.628931228
169_61,s-6.312159194,s-2.860642468,s252.233886886
169_62,s0.521998336,s-2.562382137,s259.516315243
169_63,s-1.820162787,s-0.487486176,s239.061638415
169_64,s3.108226302,s-1.180276512,s317.534301572
169_65,s0.226777786,s-1.458147189,s27.617640265
169_66,s2.834000573,s4.495053147,s31.260055746
169_67,s5.910334605,s-0.788632698,s180.549629054
169_68,s4.002135546,s-1.479351198,s346.535173790
169_69,s7.313948505,s-1.908600778,s238.082554017
169_70,s-4.307612774,s-2.810262696,s61.676590750
169_71,s-0.638833002,s-3.262600719,s294.771092580
169_72,s-6.956875813,s6.825438430,s342.482709587
169_73,s-1.785563516,s-4.115623741,s84.050312702
169_74,s-0.908733526,s5.781104259,s202.405433853
169_75,s0.984063713,s1.980954770,s125.257926819
169_76,s5.953958846,s0.858833087,s126.846159272
169_77,s-2.598907512,s6.095256083,s275.060839869
169_78,s-4.910909269,s-1.396837946,s150.097457573
169_79,s4.298477382,s4.503709012,s59.124989771
169_80,s5.455420191,s-5.480287256,s315.420011406
169_81,s3.669008231,s5.042796994,s250.856977973
169_82,s1.062309165,s5.781181614,s173.866005068
169_83,s4.440054184,s3.667739770,s77.137042892
169_84,s-6.035538631,s6.747777218,s125.398650633
169_85,s3.198025490,s3.033915788,s185.340836747
169_86,s-6.474464994,s-0.557773502,s5.584168104
169_87,s1.816913986,s4.861195242,s249.963284765
169_88,s0.424139982,s0.658397598,s356.461667250
169_89,s-5.348704348,s7.096006647,s103.254657982
169_90,s2.112244899,s2.722654109,s146.106406739
169_91,s6.258107931,s6.121858136,s111.964726118
169_92,s0.634493621,s-0.611352308,s58.780200747
169_93,s2.561800357,s3.443198514,s245.109792454
169_94,s3.295841083,s0.225337738,s276.009144682
169_95,s-1.104087616,s2.844671802,s9.416781526
169_96,s7.135860273,s-3.088556942,s189.969064890
169_97,s5.649829753,s1.753756726,s275.339193759
169_98,s0.171937763,s6.280790565,s196.913164967
169_99,s-4.442532618,s4.794294109,s278.143139202
169_100,s-1.029949707,s3.503931818,s52.965225768
169_101,s1.872253894,s6.543943719,s14.746960449
169_102,s-4.458829676,s0.168457133,s325.840696141
169_103,s-0.645428159,s-2.818769122,s323.405137681
169_104,s-5.230799257,s-1.770278325,s358.936051265
169_105,s5.906244017,s2.560291771,s353.489746224
169_106,s0.938972593,s-0.166579170,s45.167636752
169_107,s4.669655051,s5.625617234,s124.703775598
169_108,s4.965280234,s3.791861375,s57.544226920
169_109,s6.584514239,s1.992425379,s309.793826399
169_110,s3.473243723,s-1.768312447,s293.113425963
169_111,s7.270917740,s7.075900345,s32.358090365
169_112,s-2.176180449,s3.635506515,s340.110777249
169_113,s3.172373808,s2.390732778,s80.079055109
169_114,s1.396772862,s-0.637917093,s176.410332664
169_115,s0.551003290,s2.601296105,s357.481203311
169_116,s-1.824786927,s4.570949101,s141.981578432
169_117,s-0.883250707,s3.558746259,s126.474902906
169_118,s-4.950626864,s3.017438279,s303.268817667
169_119,s2.800224956,s1.445582391,s182.896039403
169_120,s5.688662439,s3.518178202,s234.183066306
169_121,s7.268760198,s5.648576902,s123.932468470
169_122,s2.413087295,s6.624205545,s337.740977366
169_123,s-1.945647563,s0.353191247,s194.161398137
169_124,s3.999001227,s7.063811107,s49.030919703
169_125,s7.291539482,s1.568311113,s307.475472938
169_126,s-3.477895143,s6.834327330,s232.390605339
169_127,s-1.690129690,s6.183379407,s23.630370992
169_128,s-3.256072860,s6.453541083,s250.124540592
169_129,s-0.385386655,s6.540768398,s284.196560256
169_130,s-3.569715604,s5.985992594,s223.605512704
169_131,s-7.157374324,s-1.125097167,s248.138141341
169_132,s-2.925341002,s-1.632652463,s203.503661076
169_133,s-6.167350980,s0.878735456,s308.237260667
169_134,s1.032019428,s0.751354929,s160.927500185
169_135,s3.659137827,s-0.039606983,s42.502508894
169_136,s6.956961353,s7.176698501,s357.723210882
169_137,s-0.315809245,s7.116585007,s118.011976311
169_138,s-1.761753574,s3.459556545,s146.779056293
169_139,s7.258056165,s2.419916666,s116.320794213
169_140,s-0.156368409,s1.987563605,s292.930803770
169_141,s-5.550585568,s4.262405984,s227.383381467
169_142,s-7.231379467,s4.989600996,s273.948837759
169_143,s-2.782629233,s5.543373901,s173.705251259
169_144,s6.601239968,s1.690309596,s44.980852519
169_145,s-0.825327471,s4.565903950,s44.387395080
169_146,s3.235898076,s7.087182475,s285.174001341
169_147,s7.308324596,s3.026303495,s69.710333109
169_148,s4.030969084,s4.389772062,s114.961216753
169_149,s2.099629950,s4.982824407,s66.037166481
169_150,s5.767733966,s6.573590977,s222.754596037
169_151,s3.588337786,s2.445750057,s104.661732028
169_152,s-1.256357278,s-0.236700862,s103.366636161
169_153,s6.600251761,s3.861230823,s12.855045456
169_154,s-4.534381454,s5.087224354,s201.987523700
169_155,s-0.871103364,s1.845171999,s250.221529994
169_156,s-1.453878493,s5.165374290,s174.288857782
169_157,s-4.055692051,s7.172600106,s121.643155654
169_158,s-7.138642872,s6.647270094,s239.606388231
169_159,s-5.878893629,s7.128896835,s174.142486574
169_160,s-2.340477705,s7.108673754,s327.556055389
169_161,s1.048868842,s6.759699482,s17.595507616
169_162,s-4.063558141,s5.786655404,s246.502166053
169_163,s6.301539487,s6.663508117,s229.331974429
169_164,s3.608648471,s5.895188924,s93.665265649
169_165,s5.087914892,s7.098037407,s239.074790089
169_166,s4.891086165,s-0.247063264,s156.117173170
169_167,s0.393035986,s6.523388256,s346.396899799
169_168,s-1.984628484,s3.458688305,s159.697231677
170_0,s-6.161442635,s-4.591458098,s279.091028073
170_1,s-4.056843293,s-5.628023077,s315.067535183
170_2,s-4.404887496,s-6.535045710,s62.274556211
170_3,s-6.992131758,s-5.688098960,s18.016526826
170_4,s-3.440236789,s-0.443293563,s1.427904873
170_5,s1.019373499,s2.151119022,s117.531776783
170_6,s-1.440215712,s-5.067169972,s286.148086134
170_7,s-2.109621239,s-1.551213100,s261.011330670
170_8,s0.620253729,s-5.398729181,s67.854728731
170_9,s3.996447628,s-7.816584774,s242.818438955
170_10,s5.895652314,s-0.101319140,s77.919335609
170_11,s7.915994011,s-8.008306483,s203.784845410
170_12,s7.758029339,s-7.272100649,s330.891658473
170_13,s7.896544664,s-5.421058775,s262.143536476
170_14,s-7.783004526,s-7.348837766,s130.093905954
170_15,s-1.302518446,s-7.394485978,s341.016183601
170_16,s-6.602320926,s-2.977674578,s227.322558101
170_17,s3.529328904,s-1.683241481,s221.887920438
170_18,s2.854853746,s0.083705967,s145.926803622
170_19,s-2.923368692,s-2.728632862,s52.607286784
170_20,s1.215909917,s-6.141995807,s96.461901204
170_21,s-3.714140620,s-7.401535327,s254.416113562
170_22,s1.632703395,s-1.998519478,s301.560515106
170_23,s-1.092924843,s-2.804490128,s216.742827288
170_24,s-1.210740583,s-1.156336549,s78.512385701
170_25,s0.221310902,s-0.199162127,s231.691218784
170_26,s1.961721217,s-4.063876738,s153.437129418
170_27,s3.560764100,s-2.847847718,s200.525520988
170_28,s-4.522354764,s2.512906423,s297.775284045
170_29,s-4.044174309,s0.543249757,s26.492421316
170_30,s-5.734802690,s-7.524343775,s143.062294659
170_31,s-4.231299873,s0.704337060,s91.369982661
170_32,s-2.604839302,s-4.217613269,s45.467737480
170_33,s-2.824116667,s-0.333814477,s41.158685711
170_34,s-3.492839514,s1.844382768,s123.932978420
170_35,s6.283361956,s-1.867263545,s273.487301477
170_36,s7.102211058,s-7.244879842,s331.152672632
170_37,s6.559390123,s1.116344468,s232.884573019
170_38,s7.763538210,s4.103414075,s120.081979370
170_39,s4.271444289,s-6.702906011,s73.696398861
170_40,s-0.041722782,s-1.770249061,s356.237162552
170_41,s2.448282526,s-5.528043982,s28.204822300
170_42,s-7.173010063,s-4.316408891,s101.123406682
170_43,s-5.702500796,s-1.065404987,s21.028634371
170_44,s-7.263994945,s0.750726565,s120.455499237
170_45,s-1.653552700,s-6.003208498,s28.695916401
170_46,s0.208859387,s1.036185588,s84.236656440
170_47,s-6.827008381,s0.721998610,s309.187401592
170_48,s2.657562527,s6.768003593,s147.648400567
170_49,s-2.181308454,s2.569785556,s106.722640597
170_50,s-2.545450887,s4.925627894,s237.442224000
170_51,s6.172837997,s-5.032661085,s237.077914773
170_52,s2.704144605,s-7.897672984,s247.170752763
170_53,s-1.938202668,s2.862592990,s6.545983056
170_54,s3.404086943,s0.443827563,s1.880456642
170_55,s7.903216634,s-4.425238506,s15.093036468
170_56,s-7.787830427,s-0.830722450,s124.598763744
170_57,s-7.912417685,s4.423697069,s54.760618341
170_58,s-6.006481727,s2.906338836,s265.173710055
170_59,s-6.314393824,s-5.641047248,s45.701938371
170_60,s0.009991804,s-3.705801535,s95.385435710
170_61,s-4.370678019,s-0.866311546,s50.882732009
170_62,s1.104498953,s-3.165983134,s119.361008115
170_63,s7.955389959,s-1.228374887,s210.722129527
170_64,s-5.086602984,s-4.171105129,s176.462609519
170_65,s5.469959273,s2.098464814,s121.713923307
170_66,s7.239242171,s-0.279274999,s306.792525146
170_67,s6.254769328,s3.917099660,s315.404308490
170_68,s-0.956047103,s-0.444706594,s252.638917750
170_69,s4.345661866,s-0.880833930,s276.290281253
170_70,s-3.848437339,s6.030304001,s19.970843350
170_71,s-6.376655679,s1.518947483,s88.092990195
170_72,s-0.176334296,s2.275811078,s25.410600805
170_73,s4.241204723,s7.590596251,s50.428902769
170_74,s1.987443798,s5.498487456,s0.887425102
170_75,s-5.673675077,s0.026506960,s79.415662267
170_76,s-3.603697302,s7.927127600,s250.385473888
170_77,s3.248477692,s0.852514686,s272.941169287
170_78,s-2.563320199,s2.414291855,s235.023124268
170_79,s3.737767218,s-4.092387779,s4.884028556
170_80,s6.938957000,s5.684138731,s304.173126473
170_81,s5.058597186,s1.256266455,s65.248494322
170_82,s1.198664043,s0.470340470,s179.592236210
170_83,s7.957065992,s0.274549390,s20.027027902
170_84,s-7.887060228,s0.428923848,s205.407702909
170_85,s3.299086523,s5.317646474,s42.941468809
170_86,s-7.434921536,s5.217789675,s319.810047290
170_87,s-2.843259926,s4.544749044,s45.879045536
170_88,s-6.771430146,s2.714747442,s277.044523939
170_89,s-6.831150479,s3.885487049,s137.072709545
170_90,s-1.218987247,s6.773939721,s358.366157447
170_91,s3.861834244,s3.625107193,s129.287274803
170_92,s0.591145587,s-1.915258565,s355.532096415
170_93,s6.354526110,s0.534842685,s91.842701332
170_94,s4.855302342,s4.216517821,s189.989293070
170_95,s-0.471977414,s7.049196917,s252.965357060
170_96,s4.923074566,s2.665897510,s340.027500098
170_97,s7.843094723,s-3.194684035,s156.503545754
170_98,s-7.600755692,s7.628253473,s224.336467376
170_99,s-7.792928076,s-1.263454137,s17.703056974
170_100,s0.906587880,s0.396620723,s106.880761520
170_101,s-0.175852326,s5.975134195,s155.354645932
170_102,s-6.099778093,s7.667542892,s259.013827832
170_103,s-6.881734759,s-0.504696246,s104.909102233
170_104,s-5.546898018,s-6.833142504,s48.850097918
170_105,s-0.413495594,s0.617963004,s70.267303556
170_106,s0.976086543,s5.536687580,s283.233673446
170_107,s2.564183357,s-2.888091793,s140.913344925
170_108,s7.617557153,s2.403100458,s218.723031072
170_109,s5.682548541,s7.806401430,s30.363707571
170_110,s8.056988208,s5.353805595,s139.243563506
170_111,s6.788098473,s6.365916178,s179.829004424
170_112,s-7.595800761,s-2.981945803,s172.908320345
170_113,s-4.345731819,s7.153156960,s328.476239412
170_114,s-5.568235615,s5.468601230,s181.645137440
170_115,s-2.224679700,s3.540725673,s343.251798361
170_116,s-3.847512282,s4.826743131,s124.104005238
170_117,s3.454043651,s3.117443304,s33.070699701
170_118,s0.163128581,s5.364206185,s138.952442578
170_119,s1.427563817,s7.732945386,s216.332869315
170_120,s-3.757295831,s4.104926036,s260.984983071
170_121,s-3.370351661,s1.539467679,s297.137791036
170_122,s-1.900771313,s6.859034594,s38.064211377
170_123,s4.164990816,s7.752300682,s7.029538001
170_124,s4.201381579,s2.125331625,s3.524764457
170_125,s0.829195588,s3.205507629,s44.501730141
170_126,s-7.553205873,s4.833910889,s359.988710064
170_127,s-2.520841612,s0.910731613,s228.046157037
170_128,s-6.962244258,s7.952175655,s350.140264858
170_129,s-4.336454631,s7.990968535,s337.450771273
170_130,s-1.991545826,s2.122887656,s128.141725816
170_131,s-2.605071437,s6.345175164,s25.163785885
170_132,s5.340449963,s7.993091349,s108.371137025
170_133,s7.150596686,s-4.795332701,s44.993421754
170_134,s4.625662234,s0.671158129,s255.439828409
170_135,s5.470027244,s2.833272340,s114.791307639
170_136,s7.940400288,s-2.504753461,s357.084499437
170_137,s8.063671354,s6.920624656,s199.528916225
170_138,s7.326112508,s3.271896731,s76.819259339
170_139,s6.381734357,s7.974169072,s113.056115399
170_140,s-1.604502112,s7.908445825,s8.262936075
170_141,s-2.768592824,s7.931545966,s252.434459523
170_142,s-0.053819432,s7.967902138,s112.896308860
170_143,s-3.002708539,s3.677959508,s155.538196015
170_144,s-3.248676188,s2.699358967,s65.703904757
170_145,s-7.585847589,s3.556247264,s141.091659166
170_146,s-2.418309731,s4.504262344,s244.533031869
170_147,s-0.337349419,s3.449273021,s110.483979806
170_148,s-1.075640617,s4.088234665,s180.402744572
170_149,s2.958618860,s7.626792018,s269.699997752
170_150,s0.822136904,s6.505350340,s257.383341877
170_151,s6.556613645,s5.452934137,s302.289606015
170_152,s7.814102556,s6.354634098,s328.639314286
170_153,s4.929798862,s4.960615909,s285.095106130
170_154,s-7.918067558,s6.140051285,s105.482936492
170_155,s2.832140114,s2.486337680,s349.804102960
170_156,s-4.362402773,s4.495148707,s188.052641200
170_157,s-5.111939074,s5.574577983,s264.045204842
170_158,s3.475181924,s7.855436035,s285.384345351
170_159,s-4.748183121,s6.240132006,s212.156103731
170_160,s-5.978190259,s7.941196984,s41.142710568
170_161,s2.501620841,s-1.672507251,s36.763198935
170_162,s5.790412032,s3.674317230,s199.284847562
170_163,s2.442330925,s3.651317848,s348.346669559
170_164,s5.987569371,s6.779636813,s113.867395621
170_165,s2.539963433,s4.589233607,s166.613911188
170_166,s6.481278887,s4.555648327,s354.148160792
170_167,s3.712878700,s4.816121495,s29.329013252
170_168,s-7.634301985,s6.621644285,s314.001009829
170_169,s-4.792532001,s3.469127448,s192.196984521
171_0,s-7.572006765,s-1.596868930,s67.958857828
171_1,s-5.076106078,s-1.984176976,s150.118510977
171_2,s-2.330265478,s-3.039185560,s140.151518185
171_3,s-7.695857209,s-5.487990995,s180.253937982
171_4,s-1.718440530,s-0.515618648,s314.825255085
171_5,s-1.105376513,s-0.871400806,s129.430064792
171_6,s2.330566232,s-6.450777464,s104.791116736
171_7,s0.283391002,s-2.301561295,s128.547109388
171_8,s5.066824600,s-6.750869625,s141.222184348
171_9,s0.770601212,s-2.222869064,s141.155685964
171_10,s4.385001570,s-3.013797041,s89.306301668
171_11,s1.339923098,s-4.484304572,s115.963481608
171_12,s8.010018894,s-6.120684819,s205.109218100
171_13,s7.115964836,s-5.671876380,s295.621805685
171_14,s-4.890395477,s-3.182644490,s233.380230758
171_15,s-4.204713527,s-5.139034374,s267.400358062
171_16,s-6.329209243,s-5.304198491,s273.355686192
171_17,s0.274804797,s-6.935579521,s303.768657696
171_18,s-4.196246004,s1.527858012,s311.238126809
171_19,s-0.899746685,s-3.561092328,s216.012713338
171_20,s0.454221069,s-5.683770022,s235.134639794
171_21,s0.080052312,s-2.911080429,s211.804948613
171_22,s7.076193453,s-7.791165170,s164.327141532
171_23,s2.521010998,s-3.707814973,s328.793193742
171_24,s3.552148683,s-2.490881402,s121.881923322
171_25,s5.289853021,s-7.844924676,s326.075569618
171_26,s5.465389991,s1.562749978,s58.848928221
171_27,s5.907293367,s-0.762111793,s323.354460904
171_28,s-7.743168249,s-3.545592045,s127.201012178
171_29,s-4.804928627,s-2.178338019,s270.040741292
171_30,s-7.427249974,s-2.306670066,s244.729127607
171_31,s-7.743168249,s7.832177647,s126.920634951
171_32,s-1.824428669,s-3.836857655,s23.594747954
171_33,s-4.756274929,s-6.787050213,s104.520565041
171_34,s-3.071102596,s1.277196888,s184.872102893
171_35,s5.026531114,s-6.044352112,s124.412790577
171_36,s3.756875488,s0.007483570,s83.137640050
171_37,s3.240325368,s-3.081651027,s330.083507402
171_38,s4.976339685,s-4.371961839,s196.883258856
171_39,s2.747032422,s-1.939980112,s269.121612813
171_40,s8.048484534,s-2.613170264,s5.994835785
171_41,s7.451119837,s-3.420119139,s295.954452133
171_42,s-4.703632740,s-0.900876331,s66.059846649
171_43,s-1.663282908,s-7.057878794,s225.777530811
171_44,s-1.540376906,s-5.473425699,s123.702232528
171_45,s-5.058927185,s-7.685695748,s296.902540254
171_46,s-3.877948171,s-0.954667524,s42.600189908
171_47,s-4.446333992,s1.471248737,s42.969062867
171_48,s4.210287506,s6.605691169,s5.846699421
171_49,s5.125530861,s-0.281117628,s297.413797526
171_50,s0.311194840,s1.698007538,s304.399593263
171_51,s8.150247427,s2.945281614,s64.139109260
171_52,s4.403731700,s-0.691890840,s264.364425638
171_53,s3.402926098,s0.998828493,s289.159826956
171_54,s4.857899814,s0.623755363,s138.761943375
171_55,s5.202605036,s-2.600854366,s219.464326634
171_56,s-2.857931946,s-5.652222865,s36.471956400
171_57,s0.252527953,s7.454555295,s274.532843963
171_58,s-3.858081344,s-1.800590125,s28.488894319
171_59,s2.099397904,s0.399016095,s171.673231138
171_60,s-1.036287332,s6.214988226,s35.867903385
171_61,s1.982586767,s-5.692270999,s300.598058367
171_62,s4.125478150,s1.223463752,s222.799398845
171_63,s-7.188666790,s-3.644779672,s346.616124280
171_64,s7.931047532,s0.811921361,s315.006570275
171_65,s7.173895867,s-1.885535061,s132.961461847
171_66,s1.916836462,s5.677019433,s202.676277080
171_67,s1.080191917,s-0.334390528,s4.720607771
171_68,s4.518009938,s4.752983678,s164.693328195
171_69,s7.281826949,s2.305936053,s263.250958094
171_70,s-7.166887977,s-1.660700646,s187.168736195
171_71,s-7.069492891,s-0.010126827,s98.645954352
171_72,s3.317914388,s-0.852224838,s333.043297554
171_73,s-7.629778592,s4.510027017,s355.072715979
171_74,s-2.122700630,s-2.451973199,s24.137269674
171_75,s0.127123491,s2.814797677,s294.128910521
171_76,s-4.165227825,s1.609478898,s238.312671257
171_77,s2.289529552,s5.654269437,s153.610024493
171_78,s4.590272617,s2.685385450,s68.417637570
171_79,s4.543187235,s1.718694569,s59.824965777
171_80,s6.463523513,s2.078677739,s282.222530950
171_81,s0.981886630,s3.531867754,s249.896017520
171_82,s8.173789039,s-1.485607936,s146.310669786
171_83,s1.225699260,s1.867333904,s13.480514547
171_84,s-6.652136805,s4.000595908,s248.815764656
171_85,s-4.439521612,s2.727734444,s165.904384314
171_86,s-3.414264206,s5.774827911,s259.598381059
171_87,s-7.092681556,s1.556839148,s203.011710166
171_88,s-7.354630897,s2.304133756,s256.644160752
171_89,s-2.099971815,s7.557581932,s153.304350522
171_90,s-1.620474281,s0.682142493,s120.342544047
171_91,s-7.743168249,s6.160223313,s10.334716296
171_92,s1.905088313,s1.136122683,s35.330186524
171_93,s1.561093304,s6.260008313,s173.462699110
171_94,s3.832874350,s2.607119050,s325.614124306
171_95,s1.814470336,s2.135099399,s171.927895481
171_96,s6.798035740,s2.257772612,s31.574807480
171_97,s3.085742066,s4.190595811,s272.999035529
171_98,s-6.670078814,s-0.777400330,s244.873035173
171_99,s-4.570827036,s7.726972394,s316.014154474
171_100,s-5.674147768,s3.774727462,s150.581798023
171_101,s-3.090060600,s4.169699840,s136.666464987
171_102,s1.048004421,s7.765744958,s292.196326398
171_103,s3.759575564,s4.180879985,s115.534823202
171_104,s-6.425687270,s3.449454542,s153.212626612
171_105,s6.165962599,s-0.414284573,s343.361146493
171_106,s-7.327520561,s-6.513925983,s241.429624898
171_107,s3.586844066,s7.641570874,s43.548574437
171_108,s6.990778873,s3.976364644,s150.890256624
171_109,s7.975260300,s-5.339441572,s102.003068807
171_110,s7.459030017,s4.744923505,s237.698887745
171_111,s6.448225406,s7.172404746,s267.150506204
171_112,s-5.893739107,s7.761455848,s0.534565980
171_113,s-4.420417419,s6.392940104,s126.437735547
171_114,s-6.635069896,s6.011889001,s359.887416085
171_115,s-5.585335443,s-1.330220129,s160.301619712
171_116,s2.249816420,s4.108304523,s76.221165986
171_117,s0.584557039,s-4.309447452,s352.914391467
171_118,s2.860089465,s0.884886770,s289.277359294
171_119,s-0.271408411,s3.498508457,s1.559101435
171_120,s-1.195781682,s0.993035669,s150.842192985
171_121,s5.869732791,s2.457089626,s212.292455417
171_122,s6.899413898,s6.765573686,s219.096242175
171_123,s5.238359460,s7.684530488,s158.942306134
171_124,s6.059026511,s4.284139918,s356.296762984
171_125,s7.218193847,s7.229828322,s316.831285352
171_126,s-4.845490049,s3.265998897,s208.999699213
171_127,s-6.123083198,s7.039230986,s205.473580400
171_128,s-1.370409450,s5.085088466,s67.066980980
171_129,s1.155173604,s4.287836256,s266.291106237
171_130,s-1.295570121,s3.375525073,s241.464472209
171_131,s-7.553846328,s5.112911547,s173.725271605
171_132,s-0.296126037,s2.308252979,s16.204949625
171_133,s-3.403241749,s7.832177647,s151.471388789
171_134,s-0.470641979,s7.692786762,s335.450076100
171_135,s3.737502556,s4.986731165,s214.198891640
171_136,s0.895674446,s2.724175524,s16.053546036
171_137,s8.055731120,s4.723781233,s327.742459534
171_138,s-6.112066712,s0.308861353,s58.351491343
171_139,s3.328355511,s-6.279625617,s299.586224874
171_140,s-1.730068953,s1.798722942,s339.189246493
171_141,s-5.820785903,s5.792362965,s90.052437800
171_142,s-4.657981637,s5.922358569,s101.017496159
171_143,s-0.904250053,s6.113370030,s280.088746336
171_144,s3.684984536,s2.314942035,s224.269217917
171_145,s-4.909944737,s4.231503218,s78.287643228
171_146,s-1.769397710,s1.262556561,s295.807872294
171_147,s2.494775081,s7.648495576,s150.316621109
171_148,s0.033941554,s5.876580026,s95.841043183
171_149,s1.372711428,s7.723022258,s214.760830039
171_150,s6.084669605,s7.800420043,s129.627747839
171_151,s2.834429895,s5.017975745,s71.864039495
171_152,s8.173789039,s6.254667962,s50.979761295
171_153,s6.197290312,s7.763783517,s214.977665793
171_154,s-3.422878854,s2.487803210,s358.033373208
171_155,s-6.778298914,s4.252468151,s290.326143236
171_156,s-1.665405200,s4.229563953,s230.970871780
171_157,s-6.806734566,s7.619628501,s242.146925947
171_158,s-1.964583832,s5.138652617,s23.586355185
171_159,s4.652173671,s7.102890310,s80.963339709
171_160,s-2.775179001,s6.719466922,s329.901512177
171_161,s-1.241468637,s7.590696964,s315.226592148
171_162,s6.771252907,s4.496002740,s350.851929168
171_163,s7.832829012,s5.825255260,s73.613359826
171_164,s5.390221245,s6.869279764,s49.442068327
171_165,s3.318223455,s5.220210105,s287.047635646
171_166,s7.727140381,s7.832177647,s329.284874560
171_167,s8.173789039,s7.250733105,s92.114617128
171_168,s-7.715237233,s1.748162459,s102.368934361
171_169,s-3.411261510,s4.912145707,s317.258909360
171_170,s-5.036974069,s7.290494017,s358.288384030
172_0,s-5.458346255,s-5.784915003,s14.521459935
172_1,s-4.247352400,s-1.167640193,s303.948276032
172_2,s0.129026130,s-5.283397514,s49.497630148
172_3,s-5.508698281,s-3.831377070,s57.881812835
172_4,s-4.512078043,s-6.894608978,s48.258707205
172_5,s0.281840463,s-7.394825961,s238.554888014
172_6,s-2.256162618,s-3.272911891,s228.185557362
172_7,s1.498930427,s-7.417310788,s277.130662828
172_8,s0.466895137,s-3.463775671,s115.987317240
172_9,s-1.845103476,s-6.455511457,s43.820210812
172_10,s-0.623471374,s-3.010295676,s110.742337097
172_11,s6.330823710,s-3.265609680,s340.902509066
172_12,s2.981098127,s-3.022279784,s260.381071474
172_13,s7.230942905,s-2.438708251,s264.337127427
172_14,s-4.582135248,s-0.883999559,s183.342942843
172_15,s-6.352656051,s-3.611280722,s346.859901072
172_16,s-6.160214961,s1.229489787,s302.953050388
172_17,s-2.194815697,s-5.551916315,s128.118638767
172_18,s3.022216857,s-1.557304297,s52.127573028
172_19,s-3.063713752,s-2.879429455,s121.483487581
172_20,s0.816557267,s1.450401213,s164.374044522
172_21,s2.373884940,s-5.511587300,s324.373550925
172_22,s2.191539154,s-2.603098004,s338.799851045
172_23,s-1.061610898,s0.290589746,s225.750121335
172_24,s2.972477324,s1.568583613,s229.680650556
172_25,s6.748436713,s-1.464047604,s296.936588986
172_26,s7.260616572,s-1.053883276,s14.772785498
172_27,s7.553949000,s-3.837896275,s69.704198835
172_28,s-7.292158487,s-2.620158641,s217.172750819
172_29,s-3.500350579,s-6.650083715,s170.016496581
172_30,s-3.273358698,s-2.137923169,s274.604744709
172_31,s-5.332167056,s-2.347704069,s351.399552256
172_32,s1.988018491,s5.027303415,s98.115509399
172_33,s-1.523438444,s-3.869557792,s149.636906120
172_34,s-2.649615594,s-4.016049912,s342.586016633
172_35,s2.980756531,s-4.689977317,s343.292631641
172_36,s-6.654356027,s5.731742121,s254.229453273
172_37,s6.726717938,s-4.757295191,s357.203324100
172_38,s5.207851974,s-2.492006715,s293.734718326
172_39,s3.793574105,s-5.705152917,s294.401802584
172_40,s6.093164764,s-7.523827559,s120.256900322
172_41,s7.090265452,s-3.540397492,s357.789957685
172_42,s-7.164013629,s0.495466057,s174.434973868
172_43,s-6.998940541,s-6.898416257,s289.102434765
172_44,s-3.268313429,s0.841309104,s135.768490062
172_45,s-3.341535257,s-0.063592234,s177.108628625
172_46,s-5.508577465,s5.758050916,s218.661707691
172_47,s3.075057861,s6.060562580,s256.032403037
172_48,s-3.331216056,s-0.931472011,s242.048203908
172_49,s1.143411110,s-2.556345009,s240.442634010
172_50,s4.035093219,s-7.356329069,s31.149425479
172_51,s-6.665219388,s3.896083684,s318.008673382
172_52,s2.751597778,s0.479354815,s217.417364361
172_53,s6.097700326,s1.894977963,s71.321903275
172_54,s7.155718750,s-7.119461631,s83.624384430
172_55,s7.085634746,s6.359591584,s167.481312186
172_56,s-1.178551211,s6.578734661,s291.459676622
172_57,s-7.230101857,s-1.558780374,s95.015535354
172_58,s-7.066009004,s4.862362231,s345.162256952
172_59,s-3.030791211,s1.947209560,s246.214376388
172_60,s-0.191291360,s1.090583306,s94.053721495
172_61,s-7.290516732,s-1.228188145,s12.075807441
172_62,s3.901655307,s-1.742367666,s172.235518516
172_63,s-4.362988346,s3.000357923,s145.635406705
172_64,s-5.695370116,s3.766558396,s60.177701144
172_65,s2.177204100,s-0.343678358,s206.300149863
172_66,s3.776803637,s-4.037431800,s287.513885837
172_67,s6.327839925,s6.518167535,s86.746129085
172_68,s5.880603646,s-3.690085679,s11.806721156
172_69,s6.543693070,s1.536765731,s188.148654312
172_70,s-1.491685022,s3.877095955,s270.726491376
172_71,s-5.287268268,s1.735366246,s21.683775021
172_72,s-5.985990884,s-2.680127224,s227.056343946
172_73,s2.859954896,s2.365070363,s8.866583544
172_74,s-0.163269856,s-2.763600303,s255.759374154
172_75,s-6.690639056,s2.177066573,s53.068797789
172_76,s6.165472382,s-0.575201606,s131.068004200
172_77,s0.048661508,s-2.261374348,s224.609939431
172_78,s-3.113969792,s3.927146417,s336.711571084
172_79,s-1.607320729,s-0.770833105,s133.230751028
172_80,s5.516402938,s-0.102140184,s20.199768294
172_81,s6.342139848,s4.071218827,s123.128762177
172_82,s7.198288674,s3.594817455,s312.613547801
172_83,s6.160994807,s0.302390897,s250.220884280
172_84,s-1.331066284,s6.211089149,s80.890119152
172_85,s-7.223453199,s3.896079220,s59.331256130
172_86,s-6.744745155,s1.379935220,s310.512751565
172_87,s-6.620864344,s4.470498024,s119.201766658
172_88,s-5.742391423,s-0.806854788,s17.621557501
172_89,s3.828250874,s-0.366025303,s79.722214380
172_90,s-1.072432262,s7.275121532,s129.693484697
172_91,s1.674980966,s-0.640541000,s286.145703054
172_92,s0.764118351,s3.255176375,s194.107688231
172_93,s-2.611070325,s-2.537151357,s196.093546978
172_94,s-4.187838204,s5.293947925,s277.705753795
172_95,s4.320719191,s-0.669744353,s200.314396052
172_96,s6.303390138,s4.834369156,s230.618303991
172_97,s5.040604149,s0.425876095,s141.121125495
172_98,s-0.820263355,s3.229314563,s106.504801463
172_99,s-7.145744623,s1.886459549,s306.320810704
172_100,s1.403070471,s2.115081383,s191.885653665
172_101,s-4.750164327,s0.966661684,s79.747853228
172_102,s6.015714841,s5.355034334,s247.149886897
172_103,s2.399631776,s2.284912708,s47.675890472
172_104,s4.547410713,s2.283144227,s284.205233185
172_105,s1.724477173,s0.438517793,s125.688708896
172_106,s-0.804174828,s1.327232263,s314.783685867
172_107,s-4.728887413,s-0.949300953,s110.489946117
172_108,s1.111186261,s5.211242471,s112.928765170
172_109,s1.366374352,s-3.782728393,s161.663745941
172_110,s5.598335386,s6.836884780,s180.569791064
172_111,s3.870060075,s7.154069377,s159.152319696
172_112,s-4.650172937,s6.949429259,s98.991298114
172_113,s-7.205125715,s5.142167669,s5.780076431
172_114,s-2.695375796,s-0.231436443,s111.872945376
172_115,s-3.865836211,s6.526849754,s290.342350348
172_116,s-5.471178461,s3.314893670,s143.698178441
172_117,s-1.892202577,s7.180321775,s306.455651615
172_118,s4.359683462,s3.752857802,s19.378987196
172_119,s4.196640422,s0.906036750,s177.943229451
172_120,s7.333266407,s1.545635010,s57.568163878
172_121,s0.495302413,s5.205693451,s327.913157626
172_122,s4.625246739,s6.552606992,s14.601373268
172_123,s7.469393661,s6.255266439,s134.081215928
172_124,s4.768237278,s-0.968206297,s46.342201443
172_125,s7.537179547,s4.769542351,s213.030636966
172_126,s-5.155020756,s6.456271266,s287.912167235
172_127,s-5.640364473,s-5.239247633,s187.165106165
172_128,s-7.125519430,s3.451321618,s49.885263351
172_129,s-3.651038739,s-1.284276063,s90.417179173
172_130,s-7.154357516,s3.215333892,s164.948778600
172_131,s-3.133969827,s7.275121532,s296.814875711
172_132,s-3.920650165,s3.476912203,s242.607260950
172_133,s-1.013409470,s2.258303257,s80.902800610
172_134,s7.119144302,s6.702739421,s92.087565497
172_135,s0.956372197,s6.435999367,s352.683697097
172_136,s2.694951246,s5.081114191,s257.786708356
172_137,s1.720497548,s5.749868012,s180.038388607
172_138,s3.761378251,s0.704756407,s85.929738784
172_139,s3.376861022,s5.645629979,s162.669176901
172_140,s-4.497799113,s4.905190470,s33.432188478
172_141,s-2.825310821,s0.956923313,s346.654089962
172_142,s2.913132119,s5.319073831,s107.419091952
172_143,s0.609942233,s4.071715294,s234.191194521
172_144,s3.735755649,s6.659809028,s341.338272733
172_145,s1.043142937,s7.275121532,s259.576196082
172_146,s-6.062975206,s7.275121532,s237.463557297
172_147,s0.052892625,s6.562299949,s190.543567656
172_148,s-2.292452422,s5.870407252,s125.032794953
172_149,s-2.020412837,s7.019048714,s13.419302266
172_150,s5.457589990,s2.859698178,s230.025507118
172_151,s7.165518574,s4.973852257,s303.677948122
172_152,s2.924832646,s4.113080604,s209.686318817
172_153,s5.539204529,s-2.089696802,s174.621432647
172_154,s3.568246203,s4.495060521,s131.612417079
172_155,s-6.218244560,s5.741657399,s81.082120294
172_156,s-3.231221056,s3.233631792,s42.223924346
172_157,s-4.946117783,s-0.287163546,s214.759750106
172_158,s0.202522717,s6.925474268,s197.497920880
172_159,s-5.679869959,s4.672878267,s49.059043401
172_160,s3.433730284,s6.964144359,s183.323791835
172_161,s1.506886913,s7.143223612,s348.416450275
172_162,s3.936006036,s2.218266390,s100.816177874
172_163,s-0.423526374,s5.613508939,s107.247379948
172_164,s2.485265813,s7.154071600,s91.424837968
172_165,s0.267649033,s4.648533620,s333.065399599
172_166,s7.414330664,s7.266840086,s147.169087914
172_167,s4.468661254,s6.062372431,s118.128663418
172_168,s-7.205839445,s7.197639528,s175.971086119
172_169,s-5.030808441,s3.916178471,s216.486770035
172_170,s2.763224569,s1.041001880,s92.376419593
172_171,s-7.099331356,s6.116753830,s0.733833367
173_0,s-6.944159972,s-4.909976083,s51.355323644
173_1,s-6.401247388,s-1.608788143,s201.344972709
173_2,s-4.356400000,s-2.951484877,s276.948020163
173_3,s-6.739270954,s-5.562267627,s240.712050757
173_4,s-2.852710859,s-6.966512244,s105.017551630
173_5,s0.567723748,s-6.701951833,s186.468242244
173_6,s1.947797174,s-7.145269666,s179.298794994
173_7,s-3.410732642,s-1.941726736,s231.395033456
173_8,s-0.078766873,s-3.016118048,s47.388007209
173_9,s6.283167330,s-7.321544782,s271.527245950
173_10,s5.905203807,s-6.083415474,s258.841680478
173_11,s6.743780166,s0.778595361,s33.190432033
173_12,s6.561303782,s-4.182716237,s0.401498801
173_13,s5.326191602,s-3.932956081,s152.880296488
173_14,s-3.937862528,s-1.173187952,s317.103714734
173_15,s-0.824910335,s-4.479478747,s235.924589759
173_16,s-1.006380540,s-7.490627551,s344.781232449
173_17,s-2.695955791,s-3.273383079,s123.195695479
173_18,s-0.392711116,s2.036521083,s90.378081858
173_19,s-0.141251470,s-4.826139298,s84.688755522
173_20,s-4.671622422,s-7.372263828,s0.550479368
173_21,s-2.202381607,s0.983596947,s5.059818744
173_22,s-0.555299960,s-1.866576690,s50.094964778
173_23,s4.750870091,s-3.691576438,s109.587835984
173_24,s5.756649912,s-5.105070495,s16.397740327
173_25,s2.232503250,s-4.952492887,s293.371416369
173_26,s4.601063715,s-6.254755942,s90.094669378
173_27,s6.499688884,s-2.046052125,s98.026535505
173_28,s-6.047155190,s-3.261413258,s281.721653934
173_29,s0.837063546,s4.751935632,s139.452496841
173_30,s-0.106725585,s1.924443098,s341.679160746
173_31,s-4.431161570,s6.241248238,s118.432490880
173_32,s0.005739053,s0.357177232,s279.009976606
173_33,s4.848691497,s-0.624395608,s77.926674032
173_34,s-2.452867433,s-6.066334249,s330.871506159
173_35,s1.222139329,s-6.360012208,s255.143345924
173_36,s2.858230642,s-1.524235118,s219.295583184
173_37,s-5.877516303,s6.368874644,s332.059488303
173_38,s7.380125988,s-5.874610212,s276.508497725
173_39,s4.840378734,s5.398428784,s64.064814464
173_40,s6.283289387,s-3.155562470,s168.798434278
173_41,s1.988646380,s5.745560876,s208.073165055
173_42,s-7.291672020,s6.448610512,s154.926647070
173_43,s-3.875520559,s-2.166928325,s113.719108061
173_44,s-7.360011739,s-2.770231930,s5.696784823
173_45,s0.657784334,s-2.094347928,s27.079633529
173_46,s-4.123661755,s-5.406705724,s115.782259821
173_47,s-0.780606893,s-3.396630640,s189.134552144
173_48,s7.052445876,s-1.216342157,s53.060372043
173_49,s7.371017014,s-7.422120406,s351.792054949
173_50,s0.502453361,s-4.718982489,s163.731027919
173_51,s6.446718320,s4.896144872,s283.519478838
173_52,s5.665111699,s-0.453324990,s74.945576203
173_53,s7.444368195,s-3.549042573,s246.428479196
173_54,s3.832958070,s-1.135863972,s188.751201473
173_55,s3.241736648,s0.182789049,s97.611043480
173_56,s-7.042096041,s1.362656160,s149.248293681
173_57,s-2.068151932,s-1.375208839,s204.224003843
173_58,s-5.253459542,s2.968237316,s235.497020137
173_59,s-7.306866837,s-1.848229827,s226.778667399
173_60,s-0.690417501,s1.064798991,s24.727130432
173_61,s-6.178487115,s4.002748198,s284.268943796
173_62,s-3.630194167,s4.054288795,s119.706577772
173_63,s-2.401800519,s5.645844833,s337.334367799
173_64,s-3.966573501,s-0.003508782,s304.738123036
173_65,s0.825538861,s2.594827919,s46.182823943
173_66,s7.154341039,s-2.402939810,s60.912580888
173_67,s1.063273526,s6.838425719,s132.943528219
173_68,s3.318261349,s3.927637224,s128.330235374
173_69,s5.609391465,s-0.324573555,s190.868035645
173_70,s-5.468238974,s-5.509160372,s318.180872076
173_71,s-5.562675195,s-0.584784872,s136.326453284
173_72,s0.387635638,s6.193854664,s271.460568371
173_73,s1.015053788,s-0.150601324,s205.027574014
173_74,s1.575869540,s-1.056230619,s286.302332845
173_75,s2.557359433,s3.709901110,s321.902083420
173_76,s5.542879773,s-2.993280045,s137.471242781
173_77,s5.100830960,s-2.098597024,s182.387082613
173_78,s2.011335607,s2.055487338,s325.988546515
173_79,s7.491248978,s1.944290405,s329.216395651
173_80,s2.862022401,s1.594780008,s241.863210820
173_81,s2.873867622,s1.144904049,s15.358975457
173_82,s2.107411077,s-1.811082250,s282.564562353
173_83,s7.161683594,s3.534779536,s314.348496883
173_84,s-4.721774584,s-4.283705729,s29.927806126
173_85,s-3.988837185,s7.040306219,s119.356273877
173_86,s-3.986149531,s-0.674249993,s162.226874519
173_87,s4.674998106,s6.590323235,s152.642556175
173_88,s-0.825043153,s-3.375739051,s292.272139911
173_89,s0.221072337,s-1.208439132,s318.559153456
173_90,s0.191117689,s2.646355399,s90.207460883
173_91,s3.820704403,s-0.714336478,s237.068716220
173_92,s2.430661831,s3.011822336,s25.666610465
173_93,s6.222143086,s2.223836078,s119.434027272
173_94,s1.270615278,s7.088223213,s58.364753743
173_95,s6.739970886,s6.833047880,s252.045954052
173_96,s5.260568639,s4.308474957,s309.818541518
173_97,s6.167809689,s-0.525035585,s204.867594092
173_98,s-3.493207129,s2.005335874,s316.810528128
173_99,s-5.626793594,s-1.211078876,s23.195651970
173_100,s-6.993858158,s-1.103208385,s141.786490851
173_101,s-7.360537995,s-3.507558694,s213.167653891
173_102,s-6.090855645,s1.404341514,s162.710225461
173_103,s-7.300473208,s1.307262380,s272.461980462
173_104,s3.044772779,s-0.079125435,s243.190845943
173_105,s-6.044500663,s-0.213392944,s199.708925789
173_106,s-2.675377450,s1.869319815,s224.531468722
173_107,s-7.327789242,s3.221781476,s55.167192186
173_108,s6.990892835,s2.176085516,s134.722865234
173_109,s4.688944271,s-1.365141693,s237.021358238
173_110,s4.663496445,s5.595111633,s296.271320852
173_111,s6.697217438,s5.652079514,s222.258139581
173_112,s-2.497855060,s7.145234512,s359.549249898
173_113,s-3.744308008,s5.710589861,s294.169315343
173_114,s-2.281597483,s2.389454002,s345.094420516
173_115,s-0.027072090,s5.043983438,s353.677423770
173_116,s-7.093526525,s4.129903802,s182.785845577
173_117,s-4.263448107,s3.038072032,s218.132624450
173_118,s-1.283025060,s5.673918804,s278.964556295
173_119,s4.724497365,s0.298227754,s112.782959459
173_120,s-2.630607807,s3.150685106,s264.830644266
173_121,s-2.966987474,s0.155135795,s256.440097656
173_122,s-2.208317219,s7.001012391,s353.451251009
173_123,s2.758748094,s6.507885861,s103.281304225
173_124,s5.729686161,s7.078530022,s65.165586588
173_125,s3.120927707,s2.148902734,s292.615293931
173_126,s-0.729333618,s7.101890747,s239.820209147
173_127,s0.640547459,s-1.660515816,s123.964661276
173_128,s-5.313266955,s0.955929791,s61.168923763
173_129,s-4.938168022,s1.949273737,s115.953344176
173_130,s4.926386954,s7.145234512,s118.657218794
173_131,s-1.634296281,s3.966303809,s60.474922832
173_132,s-3.491485593,s2.279871891,s266.440053393
173_133,s6.866369123,s7.145234512,s171.699672659
173_134,s7.102984960,s4.145587609,s249.190504233
173_135,s5.668670164,s1.044161907,s160.410427539
173_136,s4.976967202,s3.060284594,s91.600177590
173_137,s1.767387951,s3.425381843,s327.587887743
173_138,s5.799089126,s3.886396758,s269.270729625
173_139,s0.913751012,s-3.134287232,s67.126786932
173_140,s-5.383755515,s4.585750424,s44.830162135
173_141,s-1.940068662,s5.810970625,s77.457203297
173_142,s-0.711638247,s4.957144611,s246.147501701
173_143,s-2.779080650,s6.159274343,s94.842489995
173_144,s6.946144439,s5.426437426,s61.335589847
173_145,s-3.988453691,s0.541839100,s75.609917728
173_146,s-2.512462488,s4.432037543,s28.659407440
173_147,s-1.990040095,s5.445425562,s284.685023296
173_148,s-0.650683173,s3.462285494,s122.705621425
173_149,s0.786001504,s5.367092803,s28.824981062
173_150,s7.231484364,s6.258060393,s132.384012805
173_151,s3.739402971,s3.247328785,s350.975102340
173_152,s6.109308467,s6.629216022,s180.351001441
173_153,s1.316137044,s5.656298914,s24.869550752
173_154,s-7.378730283,s5.248879613,s93.022395517
173_155,s0.339013594,s4.292215183,s286.646477266
173_156,s-6.047712421,s2.527540919,s8.240562041
173_157,s1.259957486,s2.710771453,s133.726512715
173_158,s3.124769353,s6.902510974,s97.494243198
173_159,s-4.066720237,s4.611562240,s46.951182447
173_160,s7.034304588,s4.876792733,s125.656199092
173_161,s-0.821086675,s4.003902887,s247.271266540
173_162,s2.110061741,s6.552377595,s211.021307032
173_163,s-1.895593262,s6.886061758,s189.722155157
173_164,s3.469420510,s1.953664602,s45.728005342
173_165,s7.267269634,s-1.055146535,s153.799003031
173_166,s4.255979543,s1.833702164,s123.304771482
173_167,s5.246511159,s6.497134727,s161.366999154
173_168,s-5.357165276,s6.277246800,s322.384038550
173_169,s-3.411783443,s7.145234512,s300.962369814
173_170,s-4.769646009,s6.977559139,s268.663441641
173_171,s-6.932901111,s6.734411974,s255.281401083
173_172,s0.323494151,s5.447031868,s218.244226066
174_0,s-5.889936779,s0.047727414,s172.661062578
174_1,s-7.743413050,s-0.062423603,s192.379293816
174_2,s0.294950846,s-5.593435724,s277.402285407
174_3,s-5.770967865,s-5.432552491,s217.660684082
174_4,s2.063394892,s-7.904525879,s309.672808854
174_5,s-6.831639152,s2.148558498,s359.307073438
174_6,s-0.743768511,s-3.996489023,s324.901727642
174_7,s-0.139375886,s2.690959358,s241.125604184
174_8,s5.472400957,s-1.195182164,s45.173502926
174_9,s5.048045518,s-5.755401666,s259.498836398
174_10,s3.018844821,s-1.846031311,s298.501112079
174_11,s7.174015851,s-7.814563688,s206.431687151
174_12,s1.906699404,s1.421510958,s297.986914329
174_13,s7.305983000,s-3.849673695,s281.104027602
174_14,s-7.033876562,s-4.907355775,s157.877161386
174_15,s-1.084944441,s-0.459616758,s26.812661230
174_16,s-6.310264364,s3.283884264,s179.571317227
174_17,s-3.076339932,s-0.966995912,s73.196010022
174_18,s2.000918704,s-3.974884346,s85.256682078
174_19,s-5.556586363,s-6.489705164,s217.514085412
174_20,s4.565143950,s-3.494564877,s74.653571251
174_21,s0.354381835,s-4.019275350,s60.893300936
174_22,s-0.227237592,s-0.660956872,s42.200760928
174_23,s6.056859951,s-7.053400700,s271.789793027
174_24,s7.803036808,s-2.522899846,s291.693763203
174_25,s3.876785637,s1.721921045,s74.616002532
174_26,s6.575388218,s-2.690106904,s225.238379928
174_27,s3.663237227,s-4.954524661,s101.516609100
174_28,s-7.927264426,s-1.866839734,s146.338487352
174_29,s0.620847786,s-2.130674880,s48.465533212
174_30,s-6.938388275,s-1.733364585,s274.372639901
174_31,s-4.455063021,s-1.632169290,s242.120439003
174_32,s-2.037599697,s-4.309762207,s141.878005592
174_33,s-3.684851192,s-6.759231005,s332.928102553
174_34,s3.216740127,s1.558776733,s334.165670542
174_35,s0.805176475,s-7.979341138,s24.682402879
174_36,s-2.969934613,s-6.291398680,s20.531972477
174_37,s3.252603207,s0.048682960,s179.766157159
174_38,s7.340375958,s-1.178630824,s245.050264725
174_39,s-4.489232454,s-2.363865771,s288.520493183
174_40,s6.193859373,s-1.397741352,s239.884099421
174_41,s5.493361775,s0.913225425,s129.888779410
174_42,s-7.866897458,s-1.257735181,s328.042294788
174_43,s-7.585636180,s2.517675583,s138.744706408
174_44,s-4.887504588,s-7.465952344,s117.284844245
174_45,s-0.274593802,s-3.093002150,s102.238323679
174_46,s-6.904021777,s-5.756446793,s285.004356331
174_47,s-2.286960740,s2.067965377,s17.601026300
174_48,s-0.583495039,s6.958886152,s161.550353674
174_49,s4.497887010,s1.907618089,s40.633292363
174_50,s-5.530844069,s0.593014714,s38.144663200
174_51,s7.285164474,s-6.382400557,s132.554256236
174_52,s6.992826410,s1.208204811,s172.990549868
174_53,s-2.548351618,s-5.794836101,s101.235465549
174_54,s5.358430925,s-6.551382616,s258.550637892
174_55,s3.270228940,s2.495425666,s324.851983022
174_56,s-4.811048204,s7.710562695,s43.201285703
174_57,s-7.739994274,s1.909124215,s225.135185645
174_58,s-4.931773839,s4.041093730,s199.647221622
174_59,s-4.372318123,s-5.464795253,s165.866200889
174_60,s-3.062206559,s4.546555728,s66.403322314
174_61,s-5.744125400,s-2.341969817,s277.162554288
174_62,s-3.588657340,s-0.708506402,s115.525557548
174_63,s-6.380360259,s0.336433606,s79.572161669
174_64,s7.607114249,s1.325508451,s91.940892273
174_65,s7.004039461,s0.154596837,s179.850058625
174_66,s1.117367413,s0.395285717,s13.171255639
174_67,s5.847674394,s-3.614696875,s168.275555683
174_68,s7.803036808,s2.735911058,s346.398841827
174_69,s1.505591214,s-2.248392461,s324.851388502
174_70,s-1.911376729,s0.659097280,s302.850541457
174_71,s-7.940745130,s1.756053057,s33.568013150
174_72,s-7.860184303,s2.760064351,s20.765159123
174_73,s-0.293732521,s-6.516402550,s94.938875336
174_74,s-3.847084779,s3.738395513,s299.850680708
174_75,s1.549127093,s3.824800405,s297.284017197
174_76,s6.793445352,s4.441487615,s1.744034862
174_77,s1.044375282,s2.262620030,s162.447361088
174_78,s0.132599419,s-0.031754244,s229.715173732
174_79,s6.548319716,s7.386359162,s58.621696404
174_80,s-2.028554744,s4.561624006,s7.334200511
174_81,s2.376388056,s0.568057861,s194.777574004
174_82,s1.310829966,s-6.048661062,s346.038011626
174_83,s-1.083398151,s1.756628097,s352.755428423
174_84,s-5.375980708,s4.984808108,s0.626568022
174_85,s-3.908113211,s0.059780318,s204.810268384
174_86,s-2.132200431,s-2.988412336,s253.052136508
174_87,s-1.336997525,s-0.402973980,s209.292505268
174_88,s-4.277700843,s4.739446065,s312.158590238
174_89,s-7.286435303,s1.030979432,s90.786166616
174_90,s1.861170014,s2.542466383,s324.010387735
174_91,s-6.236151219,s5.233410381,s93.521129378
174_92,s7.601492216,s3.658606270,s118.519744916
174_93,s-4.443452789,s7.347608858,s212.939709517
174_94,s4.320130052,s-0.580935831,s130.318095785
174_95,s6.509922731,s7.724946250,s188.584329131
174_96,s3.765388469,s7.311960430,s317.434710093
174_97,s2.923400724,s6.517370491,s270.721170158
174_98,s-6.037604880,s-3.721040641,s251.310271542
174_99,s-1.103033444,s3.569447400,s304.945718897
174_100,s-1.980623871,s-0.512851646,s181.477794959
174_101,s-6.842358849,s7.486713198,s235.045402334
174_102,s-0.587179733,s7.790816030,s333.369425664
174_103,s-3.169584908,s-4.517596078,s24.406591547
174_104,s4.417235942,s3.278722863,s268.315725585
174_105,s-1.791738395,s2.859612550,s144.294268814
174_106,s1.364046381,s0.928065062,s7.829798950
174_107,s-1.139092219,s0.215881074,s281.551132545
174_108,s-3.498529130,s2.034769184,s202.371601830
174_109,s7.367788444,s2.439258764,s30.896748236
174_110,s5.489267267,s5.867222606,s312.637330571
174_111,s4.090073630,s-1.190933280,s161.076260575
174_112,s-7.381537096,s6.534779334,s176.316475462
174_113,s-7.662807480,s5.450406752,s20.905022701
174_114,s-0.335343328,s-1.054390628,s57.460349051
174_115,s-2.176602944,s4.665123060,s150.546079276
174_116,s0.641365778,s5.816529266,s113.036533032
174_117,s2.634068920,s3.562249236,s315.062784908
174_118,s0.713056260,s4.176668374,s237.660962562
174_119,s4.535442124,s1.306136908,s1.730551889
174_120,s-3.317079422,s5.548854150,s281.791376492
174_121,s2.781683108,s3.076220222,s50.289705231
174_122,s5.125809042,s6.620148367,s226.165113375
174_123,s-6.300411485,s6.115831889,s196.426784775
174_124,s7.380431145,s2.814960498,s265.043557011
174_125,s1.320851349,s4.960940610,s151.766953516
174_126,s-5.710069561,s4.338952388,s330.617711705
174_127,s-7.532315455,s4.222243639,s348.238412605
174_128,s4.471997641,s5.819316672,s111.996005594
174_129,s-5.510089164,s1.919571078,s300.630098262
174_130,s3.285377213,s6.593386549,s226.273807043
174_131,s2.926488258,s5.585698919,s163.903983585
174_132,s-4.022249335,s7.132946308,s167.859717468
174_133,s2.448355271,s4.904988695,s282.453672830
174_134,s-0.352434883,s5.850237647,s184.919852566
174_135,s3.734379601,s5.922695708,s193.472569860
174_136,s6.895184305,s5.124309435,s343.040475710
174_137,s3.942391298,s4.872340011,s161.405158980
174_138,s5.882641489,s2.644719785,s313.582372840
174_139,s7.332877243,s3.777755610,s198.159212139
174_140,s-7.822152818,s7.755982908,s115.139275600
174_141,s-4.317484810,s2.455393651,s44.609194940
174_142,s-4.939874316,s6.838227105,s0.780193192
174_143,s-1.152025718,s5.173330637,s201.409851534
174_144,s-3.814144016,s5.860554494,s20.709084359
174_145,s-5.373515577,s5.984749671,s283.346976414
174_146,s1.776548040,s7.167560705,s80.406519520
174_147,s0.061660475,s7.295658746,s40.791466128
174_148,s0.947141403,s7.790816030,s177.161095977
174_149,s5.794467640,s7.764389138,s343.372212336
174_150,s6.093019660,s2.353115125,s54.682205983
174_151,s1.268279069,s7.029810586,s270.047923270
174_152,s6.072397168,s3.956683484,s208.296886713
174_153,s6.330076873,s6.283751068,s196.809574369
174_154,s0.903890758,s1.366211448,s298.217225721
174_155,s-4.396251004,s3.521022464,s340.991384263
174_156,s1.636134547,s1.699786108,s331.347892171
174_157,s-2.035712578,s5.284636077,s329.888619536
174_158,s2.591408685,s7.565707211,s348.845519632
174_159,s1.118613692,s-1.233789639,s146.526237307
174_160,s7.019531404,s5.815945693,s157.974090821
174_161,s2.213483603,s3.209854460,s7.042470107
174_162,s-1.832786465,s7.777480970,s91.203040044
174_163,s-3.285125990,s6.344188099,s179.164164766
174_164,s7.722086630,s7.609710473,s227.977902611
174_165,s4.974158603,s5.375120400,s202.672652560
174_166,s7.508390168,s6.683495378,s248.550005305
174_167,s7.439043873,s4.588430366,s352.509453771
174_168,s-2.414381538,s7.557769368,s275.602656112
174_169,s-7.178877451,s7.781934405,s79.840604031
174_170,s-0.337517852,s4.744516980,s240.818740531
174_171,s-4.660771447,s7.183787583,s319.375864327
174_172,s-5.418144438,s1.040674103,s196.819485142
174_173,s-3.243973202,s4.083802018,s58.711682777
175_0,s-7.075597739,s-6.184693666,s120.060966494
175_1,s-7.094251939,s-1.455887286,s313.449874439
175_2,s-2.489644846,s6.236941643,s95.560210169
175_3,s-6.887486191,s-7.424860039,s291.586847622
175_4,s-6.212941234,s-4.800813302,s228.700880162
175_5,s2.670389524,s-7.572318431,s22.620096046
175_6,s-3.061819115,s-6.153477953,s359.978127460
175_7,s0.702656996,s-5.954423211,s51.907407023
175_8,s3.771229961,s-5.779589749,s256.500920151
175_9,s2.706664363,s6.282911945,s283.806518988
175_10,s-5.134227924,s-5.871490293,s296.981813011
175_11,s4.274747807,s-2.781176808,s99.290340955
175_12,s5.107084040,s1.640010301,s116.445976988
175_13,s5.360473279,s1.157321988,s100.085072970
175_14,s-3.890581184,s1.335565150,s90.321917149
175_15,s-2.933017275,s0.518813206,s307.661145126
175_16,s-2.649071520,s-3.771137332,s56.190400906
175_17,s-1.028765154,s-4.565895443,s104.566244090
175_18,s6.046129546,s-6.588419782,s119.844654065
175_19,s2.311935250,s-6.860641357,s173.690113365
175_20,s1.497397300,s-1.734115250,s89.391162208
175_21,s1.942985863,s-3.118824392,s91.564765775
175_22,s7.666836864,s-7.528860885,s138.918780844
175_23,s-1.508949463,s-6.965717143,s92.690432623
175_24,s6.253819249,s-3.156153504,s324.279932045
175_25,s6.405117292,s-0.573915293,s202.029654015
175_26,s6.774531054,s-6.868547198,s152.342110788
175_27,s6.180014419,s-7.449792175,s184.115322340
175_28,s-7.412775356,s2.167439674,s186.640911433
175_29,s-6.571068260,s0.386151785,s244.078149837
175_30,s-5.718809271,s1.727808235,s182.728575735
175_31,s-5.921368874,s-3.744400286,s280.353750116
175_32,s-4.478679906,s-1.879102346,s61.952484192
175_33,s-4.458473229,s-3.799728033,s198.568905652
175_34,s-2.768658583,s-1.470020846,s313.700747301
175_35,s1.973205625,s-2.731926620,s126.395350561
175_36,s0.128514602,s0.934740858,s198.151182172
175_37,s-3.414678054,s-5.487237417,s206.229552946
175_38,s-4.563842397,s0.277085443,s273.496158820
175_39,s1.108035699,s-4.589587526,s234.379097791
175_40,s7.472960235,s1.418974815,s91.290641528
175_41,s6.842335060,s3.557220515,s26.843994970
175_42,s-7.416722639,s-4.588715004,s19.573433092
175_43,s-7.236928764,s-3.683574802,s223.409831301
175_44,s0.233482882,s2.343655512,s33.773435472
175_45,s5.406350133,s-5.276553132,s276.498817461
175_46,s-1.573852179,s-1.191519569,s241.505791479
175_47,s-1.893757271,s3.338072750,s10.939457333
175_48,s0.255680413,s-1.291051991,s233.816715737
175_49,s7.684257282,s1.058920128,s162.232376518
175_50,s-2.194674181,s4.754411541,s109.336172364
175_51,s7.623590529,s0.423081553,s209.242679076
175_52,s5.254396800,s-2.846181126,s290.565637560
175_53,s-1.063182504,s-5.472627604,s204.413093217
175_54,s7.384570761,s-5.106737716,s343.383468980
175_55,s3.861588988,s2.427370602,s289.574992630
175_56,s-1.020319336,s2.906808957,s217.635136553
175_57,s-5.393876633,s-0.985853138,s246.928686639
175_58,s-0.441630941,s-3.698070318,s182.613892825
175_59,s-1.501596514,s-1.370769241,s151.438354989
175_60,s7.614587440,s-2.182258965,s220.246544956
175_61,s-0.728399685,s-0.757291277,s93.721552851
175_62,s-1.361125583,s-0.176442441,s266.502858140
175_63,s-0.141035457,s-2.071142495,s282.686119874
175_64,s6.696304577,s2.494351890,s340.113578773
175_65,s3.758081592,s3.618157550,s200.821847869
175_66,s1.481584829,s-6.830858631,s235.197265634
175_67,s3.116145571,s7.124804359,s66.059956821
175_68,s3.613631821,s1.440551972,s205.578430650
175_69,s5.892385866,s0.340675615,s14.797733091
175_70,s-6.814420959,s3.633766260,s97.597407001
175_71,s-2.950634081,s2.466806088,s161.259514186
175_72,s-6.275471203,s-3.100605750,s60.224968152
175_73,s-7.506017965,s-0.267074416,s143.300180073
175_74,s-1.001623697,s-2.681483729,s63.895860589
175_75,s-1.644568072,s7.549277045,s135.947138897
175_76,s-3.531439383,s-7.457987758,s259.006657725
175_77,s0.390574186,s0.494533972,s335.376208835
175_78,s4.594883099,s4.697511360,s69.692880019
175_79,s7.188312463,s0.053051544,s39.501123351
175_80,s0.052279452,s7.015147834,s82.024371069
175_81,s5.074356346,s7.423193528,s77.157724558
175_82,s-0.172642547,s-4.217482098,s318.246081971
175_83,s2.106545427,s-0.752276342,s358.126228899
175_84,s-2.467551972,s-7.144016694,s69.200213000
175_85,s-7.425129741,s2.612670688,s103.602160726
175_86,s-5.264168691,s4.011818673,s25.858836662
175_87,s5.778783524,s3.153710159,s339.824133901
175_88,s-6.638878533,s3.669481093,s137.270382117
175_89,s-4.605798617,s7.479794031,s129.253748779
175_90,s-3.462358471,s5.584885954,s234.752178039
175_91,s3.145637497,s6.684014243,s173.196365314
175_92,s-5.779518088,s-2.315164985,s139.697151287
175_93,s2.055427957,s-4.925967108,s29.056620541
175_94,s5.891699078,s7.474122230,s282.349296145
175_95,s-0.261601204,s-3.074642323,s92.521122660
175_96,s7.674481663,s5.596839891,s318.680125001
175_97,s6.876429675,s7.064892172,s191.274073340
175_98,s-5.571671911,s5.034419526,s27.429259463
175_99,s-7.384690569,s7.513699109,s23.431238228
175_100,s-7.056071342,s1.396557596,s296.069596177
175_101,s-0.279370824,s-0.126059797,s146.990139617
175_102,s-7.211696215,s4.546909923,s23.475035938
175_103,s-5.434520425,s6.890833719,s346.080722590
175_104,s-2.360975245,s0.927132050,s200.977590740
175_105,s6.972604499,s1.577860563,s108.575822625
175_106,s7.650451651,s6.438047088,s323.851479831
175_107,s2.718286600,s3.574160268,s100.187164321
175_108,s6.854303263,s6.427535663,s341.725813126
175_109,s3.955188533,s-0.245913348,s185.947206336
175_110,s5.855730679,s5.924100030,s124.001173598
175_111,s-2.571120545,s6.636224236,s229.617337503
175_112,s-5.919431440,s0.070692883,s33.611086973
175_113,s-7.388892296,s4.975853800,s234.437419573
175_114,s-6.348008427,s-3.054071737,s191.679533546
175_115,s0.074729523,s2.026542820,s17.924956556
175_116,s-7.291459730,s6.629699246,s129.316652835
175_117,s-3.422059940,s3.536884953,s350.037597131
175_118,s1.343924147,s6.343145469,s220.164568135
175_119,s4.840293670,s-1.825833719,s59.881540860
175_120,s-0.038725063,s3.265062847,s73.656202762
175_121,s4.940009485,s2.241783421,s266.924669925
175_122,s-2.422151183,s7.133622110,s52.580199958
175_123,s5.816570233,s-4.138496942,s173.573193041
175_124,s7.684257282,s7.434416733,s36.349068640
175_125,s2.040921857,s7.563757805,s282.840462900
175_126,s-5.082765180,s0.854339084,s313.321575600
175_127,s-6.956620500,s1.964355785,s354.914221722
175_128,s-7.506017965,s5.684815937,s323.882371559
175_129,s-5.113762270,s4.648845184,s89.913811120
175_130,s0.489541316,s6.866228956,s211.721716468
175_131,s-2.682451649,s-0.540046185,s232.342590611
175_132,s-0.332728474,s6.418837000,s18.259394473
175_133,s2.149560394,s4.273753519,s270.491328323
175_134,s-6.042576123,s1.904047461,s287.612505982
175_135,s5.010426128,s3.485016473,s103.283095327
175_136,s-2.476841267,s4.442133181,s157.919487715
175_137,s6.019431351,s5.392862541,s53.645926108
175_138,s1.951817358,s-0.501821317,s158.353874581
175_139,s3.809855751,s6.343476298,s235.266402310
175_140,s-4.608541949,s5.776719274,s260.815586943
175_141,s1.459158165,s2.110983158,s44.755918998
175_142,s-0.646844202,s1.150837960,s198.931113064
175_143,s-5.867559766,s4.098222991,s89.395995988
175_144,s-3.073560209,s6.779907633,s334.744796657
175_145,s-3.565706130,s0.458422537,s167.859417445
175_146,s2.509484248,s2.847605470,s256.783658851
175_147,s6.664084158,s4.032275265,s109.355538438
175_148,s4.944184790,s-0.229955798,s257.634943513
175_149,s2.704087384,s4.690281187,s46.067606131
175_150,s1.228456713,s7.563757805,s76.048626769
175_151,s2.507510058,s5.342299091,s223.835127475
175_152,s2.202154032,s6.513685071,s229.252591688
175_153,s4.617641464,s4.438458208,s45.889724411
175_154,s-1.803764280,s2.592928262,s141.098480196
175_155,s-1.161748816,s2.058298460,s190.703647680
175_156,s1.778620051,s2.221723328,s263.698754938
175_157,s-5.993005897,s5.829069161,s291.528661897
175_158,s-1.122109156,s7.343158692,s351.368393232
175_159,s-1.391460333,s5.778396871,s334.072190845
175_160,s0.053132076,s4.976408261,s253.430419151
175_161,s0.854473963,s3.937641227,s153.470774703
175_162,s6.840581497,s4.795426879,s309.368357998
175_163,s2.504726353,s7.138083555,s217.019679345
175_164,s0.448534227,s2.816468452,s71.705592053
175_165,s7.453435997,s4.555209949,s20.085258060
175_166,s6.056179929,s2.071097024,s169.863744596
175_167,s4.315289274,s6.962327334,s315.084496264
175_168,s-4.094743174,s1.781236699,s24.875986702
175_169,s-5.267437171,s7.526587634,s274.089632748
175_170,s-7.301032160,s6.955220218,s66.809327405
175_171,s-1.638324431,s5.827062762,s50.713936345
175_172,s-5.988377147,s7.274177418,s261.258107071
175_173,s-4.388847401,s7.080400239,s260.616636779
175_174,s-2.145028696,s6.663782480,s139.510119790
176_0,s-3.234806212,s-1.421654861,s29.123393658
176_1,s-5.220611374,s-4.212083658,s89.512466770
176_2,s-7.221924032,s-6.338535542,s36.319972265
176_3,s-3.339513799,s-5.215480244,s163.814211661
176_4,s1.602004378,s-5.262894772,s285.975072477
176_5,s4.495324392,s-5.121946352,s265.541084950
176_6,s-4.068331436,s-3.526675822,s117.891165934
176_7,s1.647405372,s-6.259895769,s79.598161499
176_8,s1.265070504,s-3.329794569,s296.308678683
176_9,s-0.372662606,s-0.912264042,s297.100246261
176_10,s4.312323984,s3.277253778,s262.486714851
176_11,s2.704877256,s0.015016268,s249.659835297
176_12,s-0.459205569,s-7.100974044,s196.364280449
176_13,s-0.178633433,s-3.227319182,s156.095332783
176_14,s-6.238022408,s-3.520951319,s160.956455551
176_15,s-7.147273477,s-3.767599085,s17.017911559
176_16,s-7.045962811,s-2.085305122,s279.744676883
176_17,s-5.931187825,s-1.685010453,s159.482041233
176_18,s-3.777236876,s0.527741911,s40.306901704
176_19,s-4.663082990,s-6.564703238,s224.542926183
176_20,s-0.114367489,s0.766759011,s91.194920749
176_21,s-4.248422662,s-6.545954273,s139.541503922
176_22,s-1.686096226,s-0.010296018,s206.906034823
176_23,s-2.774414340,s-5.221767404,s60.806942884
176_24,s6.523483095,s2.315916688,s333.515545983
176_25,s7.041682695,s-4.616902762,s237.873174906
176_26,s6.203848711,s-4.932821829,s30.051035468
176_27,s6.734764822,s-0.059932761,s168.171121433
176_28,s-1.604609277,s2.001283707,s269.644661496
176_29,s-4.608596134,s-5.675736844,s127.684625657
176_30,s-2.501815615,s2.795358892,s104.140379578
176_31,s6.664379911,s-3.065900331,s141.219955742
176_32,s-1.826723384,s-0.783701094,s39.525181317
176_33,s6.386683036,s-7.163007679,s13.583146034
176_34,s-3.105494849,s7.105687679,s175.281605734
176_35,s-2.661462673,s1.144383454,s123.797919905
176_36,s-3.667095787,s-2.232408122,s266.884332732
176_37,s0.255521214,s-0.444777443,s333.445935842
176_38,s5.309184412,s4.500850113,s203.784362965
176_39,s2.718562771,s-2.889366474,s114.068933907
176_40,s3.778690116,s-3.289795902,s46.044926218
176_41,s3.621948521,s0.853039948,s276.560295434
176_42,s-1.581735645,s0.721025146,s54.066660679
176_43,s-1.258805883,s-4.134356768,s310.950951709
176_44,s-1.511830574,s2.469843678,s198.904535374
176_45,s-7.148089061,s1.673250051,s27.645486524
176_46,s-4.242752880,s1.752294575,s1.446960290
176_47,s-3.335458728,s2.294950459,s168.936809226
176_48,s-3.054237537,s-3.744149885,s331.779462384
176_49,s0.891563536,s-6.138059364,s344.852042831
176_50,s1.919332031,s2.467803530,s114.370841963
176_51,s-4.473273061,s-1.511367398,s201.613991716
176_52,s1.985744576,s-3.769629855,s223.177442564
176_53,s-3.212850311,s4.773881632,s130.611933005
176_54,s1.034569579,s-0.890673937,s169.726175871
176_55,s3.318216809,s-2.010635048,s44.801178939
176_56,s-6.965017084,s5.107532197,s156.201379505
176_57,s-3.039806329,s-4.292042533,s37.582510721
176_58,s7.088762793,s-2.045065893,s281.854610944
176_59,s-5.336771017,s-0.130598276,s179.567569840
176_60,s-6.795385922,s4.282999939,s355.712279891
176_61,s-5.692274843,s2.758379602,s119.441346915
176_62,s1.567739097,s-3.254100538,s46.355778863
176_63,s-4.550647127,s2.996717491,s300.804123214
176_64,s2.266862164,s-0.487820647,s332.719163216
176_65,s6.028564476,s4.694828816,s88.442174262
176_66,s3.384500306,s-1.868299512,s154.773758865
176_67,s0.580440024,s2.892480404,s172.646279486
176_68,s4.492766913,s2.128169584,s241.158765000
176_69,s3.816361260,s3.586093696,s242.905586212
176_70,s-5.965016895,s1.073268041,s103.868276974
176_71,s-5.297006112,s-2.255505496,s122.087244453
176_72,s-4.612472780,s2.661538721,s211.944248339
176_73,s0.286169731,s3.752906770,s107.125587842
176_74,s-2.339958204,s-0.662195898,s244.820853953
176_75,s-5.468825693,s5.784805277,s215.075590540
176_76,s-3.212043542,s3.721136187,s263.972074370
176_77,s5.915741574,s2.681511874,s158.415357026
176_78,s-2.519175759,s-2.568471773,s8.222584233
176_79,s4.641281098,s4.267378286,s49.158281865
176_80,s-1.035385481,s5.552843814,s304.064337146
176_81,s4.932535839,s-1.288550418,s279.812080246
176_82,s5.056769984,s-4.481955000,s68.486016139
176_83,s6.850100661,s-3.984809193,s81.555092859
176_84,s-7.212685783,s-4.755060991,s282.952051222
176_85,s-1.564721260,s-3.857235922,s163.870302042
176_86,s5.689074459,s3.536411628,s20.881644891
176_87,s-5.430416986,s-3.226842663,s14.154962585
176_88,s-1.147146124,s-2.941534455,s0.773388500
176_89,s4.962815864,s3.373273390,s281.415310131
176_90,s-4.383193085,s4.277223991,s228.983128891
176_91,s3.931888035,s-2.456787086,s101.306322400
176_92,s5.711167315,s0.558315021,s6.026956851
176_93,s-0.972274444,s1.798511904,s73.029506939
176_94,s5.829703196,s4.025873325,s345.368387258
176_95,s5.428000079,s6.663620187,s319.194543009
176_96,s0.778948556,s7.105687679,s137.818507177
176_97,s6.790767715,s5.346831860,s50.054520540
176_98,s-7.043310566,s6.999412598,s39.321349532
176_99,s-6.754653063,s5.934441451,s162.138490838
176_100,s-6.111007727,s2.579483251,s168.749829420
176_101,s-5.166604049,s1.654072361,s359.875999160
176_102,s-1.722753944,s4.565357699,s331.357037227
176_103,s2.236623813,s6.920605475,s192.915198763
176_104,s7.036868244,s-0.315706353,s38.126597552
176_105,s4.894192258,s-0.345585434,s190.217690135
176_106,s0.257486963,s1.540684273,s20.660083751
176_107,s4.288060217,s-1.641308385,s73.959479435
176_108,s-2.456436262,s7.091950327,s346.112639588
176_109,s7.032155584,s7.051668322,s248.060820531
176_110,s-1.500808455,s5.994036995,s110.709230712
176_111,s5.020940472,s7.025169967,s82.205736428
176_112,s-4.877106270,s-2.228687103,s208.871081878
176_113,s-1.183887176,s-0.510959089,s103.185907784
176_114,s1.655273993,s6.810483777,s200.109247662
176_115,s-3.501237149,s-0.911291707,s49.067710869
176_116,s4.429719411,s4.678726474,s159.164634774
176_117,s0.535876768,s2.216396341,s254.359877975
176_118,s4.222025847,s0.652110309,s187.672451327
176_119,s4.737592361,s5.749037576,s326.007329415
176_120,s7.023374322,s-2.389466113,s168.763048540
176_121,s-7.046672259,s-0.763974995,s233.862577695
176_122,s1.877792517,s4.493216409,s115.804093540
176_123,s3.184935261,s1.207942420,s320.737470219
176_124,s5.354848616,s-3.896818385,s49.976198018
176_125,s-0.480448293,s2.897264993,s69.768348390
176_126,s-5.447832491,s5.000700529,s137.670033209
176_127,s-5.847318802,s6.374722732,s353.910359738
176_128,s-4.550901390,s6.231064482,s292.032217096
176_129,s-4.981293849,s6.521706776,s85.824378124
176_130,s-4.812633114,s0.832373010,s90.872543181
176_131,s-6.828903398,s3.620464768,s266.006699145
176_132,s-5.188848453,s6.871760157,s319.586456969
176_133,s-1.811843865,s2.934132580,s85.014732090
176_134,s0.326601624,s6.878314997,s101.742135468
176_135,s1.046651660,s3.095593884,s231.819494620
176_136,s6.825445059,s-1.732159211,s134.781031366
176_137,s2.636849993,s4.148605624,s9.425533855
176_138,s2.668713710,s1.860221942,s57.939785517
176_139,s2.813245165,s0.571842214,s222.047940857
176_140,s-2.120992484,s5.206640098,s53.189180918
176_141,s-3.161526254,s0.198998804,s183.655319068
176_142,s-0.757628110,s5.184979073,s200.469361397
176_143,s5.251321974,s-0.921480852,s322.659701582
176_144,s-3.727344074,s6.925285099,s286.551101133
176_145,s1.266331373,s4.579126408,s302.747930248
176_146,s2.955320904,s3.665273275,s339.228464631
176_147,s0.368674611,s5.285645592,s52.564009599
176_148,s3.740274322,s2.037309899,s111.307557820
176_149,s-1.876545912,s6.991899054,s246.238797900
176_150,s7.032599912,s4.072218151,s150.682569324
176_151,s6.343059207,s5.612040468,s282.471014893
176_152,s3.716443437,s-0.194771918,s14.959550028
176_153,s6.838943675,s3.975498468,s343.868606230
176_154,s-4.986547848,s-1.368760742,s149.810568572
176_155,s-7.157034536,s6.999530465,s268.721459334
176_156,s-2.619386622,s3.619592216,s255.275117538
176_157,s-0.527963113,s5.489150993,s211.808982301
176_158,s-2.294007994,s5.661045046,s150.231425407
176_159,s-4.727334963,s4.645460190,s255.161250906
176_160,s-7.198696502,s3.301578149,s57.272871592
176_161,s3.855406862,s3.581740054,s253.225405818
176_162,s3.802491328,s6.487933249,s84.033244269
176_163,s3.404731246,s5.323658417,s266.493612080
176_164,s-0.285913739,s1.955915029,s125.309952431
176_165,s7.088762793,s0.301697224,s244.745975917
176_166,s2.034133849,s3.602872780,s78.340864775
176_167,s6.874673593,s6.468136311,s1.159963940
176_168,s-5.822490215,s6.923439380,s185.754688946
176_169,s3.993092660,s6.344217995,s26.347213813
176_170,s-5.411048139,s3.505907635,s174.021646185
176_171,s-4.892989847,s6.069727204,s259.486749143
176_172,s-0.550283354,s6.978619716,s108.118416386
176_173,s2.407146615,s5.638677315,s297.204837262
176_174,s4.919908290,s6.494408237,s218.453418810
176_175,s-3.982263086,s5.492672295,s58.150805621
177_0,s-5.487543979,s-5.997893903,s186.850728750
177_1,s-6.241002493,s-6.749302580,s154.312150387
177_2,s-3.708354001,s-5.662471606,s245.467797234
177_3,s-0.766193674,s-5.535732594,s25.712871080
177_4,s1.676708971,s-1.849332999,s19.329600371
177_5,s-4.052979109,s-7.894810218,s339.051440854
177_6,s5.279747941,s-6.485594474,s331.778358118
177_7,s-3.469937934,s-3.402897687,s10.781658913
177_8,s4.871672516,s4.281822597,s60.350399696
177_9,s7.660724257,s-3.960046068,s202.843558692
177_10,s5.875455988,s-2.532660093,s52.981873614
177_11,s2.550900817,s-0.898090111,s251.569516265
177_12,s7.062170555,s-6.559268399,s170.522316836
177_13,s3.619340952,s-2.364021212,s249.857251278
177_14,s-4.283164040,s-7.103717358,s171.448869952
177_15,s-7.296964693,s-1.501749804,s317.112857134
177_16,s-7.239176017,s-4.379890867,s139.656223840
177_17,s-3.608357663,s-0.286042478,s354.725472714
177_18,s-2.519290623,s-5.327271099,s31.700135807
177_19,s-1.675364852,s0.007996285,s230.478608292
177_20,s-6.766085999,s5.382369006,s259.932575774
177_21,s-1.129479745,s-5.377032560,s31.488872827
177_22,s1.106105013,s-4.660210641,s289.346776293
177_23,s4.085512826,s-5.739847375,s71.211075144
177_24,s8.009529595,s-2.858527620,s70.730476351
177_25,s7.631360915,s-0.040970183,s226.191029536
177_26,s0.184775212,s-0.982034525,s339.906006737
177_27,s5.104337059,s-3.912712981,s277.078107844
177_28,s-5.618797670,s-2.885677583,s174.828530727
177_29,s-4.729738511,s-4.202772031,s350.404256054
177_30,s3.393869354,s-8.285995421,s103.851817686
177_31,s-8.206996323,s-8.146668678,s219.373219293
177_32,s-3.810026464,s4.689051289,s35.231043438
177_33,s-0.309551059,s-7.778279858,s278.612572273
177_34,s0.546257559,s-6.822375496,s200.459945763
177_35,s3.632332004,s-1.078170907,s245.428784125
177_36,s-0.140986682,s-0.030835628,s56.938418661
177_37,s2.408626646,s-5.723820641,s317.387488658
177_38,s3.663890329,s3.869270542,s98.729230601
177_39,s4.585340315,s-7.826780889,s165.722709237
177_40,s5.263298206,s-1.806856131,s116.205904936
177_41,s7.459389917,s0.755549751,s3.806947099
177_42,s-8.185399227,s-1.356512138,s4.585121257
177_43,s-1.787180379,s1.520916568,s189.999956155
177_44,s-7.545779729,s-3.144823116,s266.958014782
177_45,s-2.859498454,s-4.727999125,s264.130357614
177_46,s-5.823129222,s3.613684120,s45.816750115
177_47,s0.569269733,s0.443081230,s5.478911594
177_48,s-6.835069586,s-8.180348097,s81.393185935
177_49,s5.129667010,s0.550490201,s246.227502337
177_50,s-1.744989385,s-0.707477253,s238.550290494
177_51,s8.081725283,s-6.699919811,s83.725037553
177_52,s6.764136810,s3.172971572,s149.665828563
177_53,s4.387573609,s-0.313731380,s338.656739493
177_54,s8.113107513,s-1.730687291,s98.299279075
177_55,s7.165412538,s-2.865317377,s56.656081879
177_56,s-3.458322731,s1.381342760,s44.776552664
177_57,s-1.190138454,s3.489309587,s242.637880385
177_58,s-3.112411448,s-6.189392486,s207.368821778
177_59,s1.500542735,s3.019301524,s99.953313005
177_60,s-5.450675353,s6.791232822,s358.106253446
177_61,s-7.818522479,s0.319953272,s136.305395532
177_62,s-0.125104266,s4.197413414,s136.090755644
177_63,s3.129069598,s2.169003466,s127.454230295
177_64,s-2.420242616,s7.907627668,s59.795475781
177_65,s-1.604849998,s-4.053217107,s114.918026901
177_66,s-2.066117029,s-3.033768004,s247.391658295
177_67,s2.279704310,s-0.131885914,s245.965377683
177_68,s7.953881740,s-1.014408430,s320.137377359
177_69,s5.567046351,s-5.109231205,s68.610014981
177_70,s-6.332254690,s-5.538493842,s312.810304770
177_71,s-5.489404766,s1.218922146,s282.165919933
177_72,s-6.518145158,s-2.496495248,s67.619996059
177_73,s1.071487331,s0.123031463,s340.583927949
177_74,s-2.553912072,s0.628962709,s295.958844792
177_75,s6.598125729,s4.137319061,s229.600309227
177_76,s1.726274447,s1.581262449,s317.004764907
177_77,s2.703401408,s7.954443148,s155.564540653
177_78,s-2.573194423,s-0.427247556,s322.179346827
177_79,s-7.224134896,s5.113903161,s47.658768584
177_80,s4.848174900,s2.595373940,s253.510202383
177_81,s0.815151826,s4.052188337,s130.970619848
177_82,s2.520948965,s4.787218426,s84.774572217
177_83,s1.164870136,s-3.444901697,s54.182881490
177_84,s-6.276508596,s-0.056209162,s312.195840651
177_85,s-0.575411382,s3.914781502,s213.039399238
177_86,s-7.011327660,s2.825069357,s178.884348179
177_87,s-5.781317447,s3.198438771,s224.842680680
177_88,s-6.604830150,s3.442760186,s78.140346082
177_89,s7.911569502,s6.988995114,s283.753474864
177_90,s-6.852750897,s7.889655079,s167.818768271
177_91,s5.632457492,s6.152532988,s163.517374772
177_92,s2.690072574,s-4.696520867,s155.577184148
177_93,s4.042476960,s4.206467978,s97.205115044
177_94,s-0.965489287,s-7.787124808,s174.972770594
177_95,s-0.523690446,s-4.193685907,s354.916757864
177_96,s3.341093009,s0.342060115,s108.284343560
177_97,s5.622204670,s1.539197683,s324.112629454
177_98,s-1.385845735,s-3.394812206,s203.539497971
177_99,s-5.049127644,s1.513691098,s135.130390628
177_100,s-2.970157937,s6.375308188,s293.736759745
177_101,s-3.407338136,s7.886903705,s156.239197889
177_102,s-1.548771699,s5.855168855,s267.549270088
177_103,s-5.589472446,s0.121214177,s13.800774444
177_104,s-1.941456898,s6.032226693,s354.733455379
177_105,s1.025601100,s3.411397122,s89.408238674
177_106,s-1.995485805,s2.889198174,s203.223762061
177_107,s3.210537934,s5.703788297,s100.804858087
177_108,s-4.935926247,s3.114589161,s132.368632426
177_109,s4.827965800,s2.800898597,s251.782474121
177_110,s8.056842144,s2.796077073,s47.153796441
177_111,s7.262392490,s3.996443799,s162.737309180
177_112,s-7.785478678,s0.331443442,s4.875745655
177_113,s-8.190736450,s7.064775771,s287.798371110
177_114,s-7.900424620,s1.971822933,s80.149921899
177_115,s1.387722386,s-1.162192277,s62.878674535
177_116,s1.371057599,s8.003019233,s30.378662957
177_117,s-0.418583133,s4.825426230,s248.429879762
177_118,s-7.435441904,s1.753111586,s358.340871011
177_119,s1.942737447,s5.342971804,s105.903847904
177_120,s2.524593937,s6.103129503,s30.551446633
177_121,s4.375825142,s7.128317077,s8.834880558
177_122,s2.046202438,s6.855238939,s326.628311226
177_123,s0.596211272,s4.008203006,s100.388290627
177_124,s5.720561372,s2.854992401,s261.254805854
177_125,s4.743109865,s7.925216680,s56.729815001
177_126,s-2.883859084,s1.523108108,s309.824446069
177_127,s-5.701413532,s5.162242923,s60.773657411
177_128,s-5.978456112,s6.997019906,s230.972587428
177_129,s0.078479368,s6.256881959,s237.247294183
177_130,s0.197846518,s2.458477184,s329.081369688
177_131,s6.197152330,s0.199669713,s25.391354160
177_132,s0.182295498,s6.606007951,s117.339971861
177_133,s0.677710037,s4.781805657,s272.035154377
177_134,s2.244814815,s2.672432876,s146.115047826
177_135,s6.936806452,s6.465434086,s250.853715548
177_136,s2.869243563,s3.519181156,s160.096999243
177_137,s8.016800064,s7.908240072,s88.401348589
177_138,s7.986226274,s6.924443210,s128.946078397
177_139,s3.972101810,s4.695158416,s109.160148067
177_140,s-0.461766469,s7.379813658,s72.104768388
177_141,s-3.717251442,s2.512890868,s276.152173251
177_142,s-8.067075492,s2.822807845,s13.492776887
177_143,s0.170639610,s1.320168782,s232.371146305
177_144,s-7.747712315,s6.106120509,s178.323254742
177_145,s-0.616046618,s7.896377098,s214.233088313
177_146,s2.903578673,s1.215746690,s25.049759265
177_147,s3.475466683,s2.826719278,s28.472128293
177_148,s3.572701401,s7.966474928,s3.368426547
177_149,s6.923113150,s4.328299191,s18.014650123
177_150,s-1.891447281,s5.234066211,s49.643622386
177_151,s6.030547218,s5.182097897,s289.663551231
177_152,s8.098651156,s3.451774782,s222.243740247
177_153,s7.344897082,s5.804412984,s111.801934124
177_154,s-1.417545193,s7.475334426,s45.216910367
177_155,s-5.834257324,s5.819792617,s144.829960633
177_156,s-6.228348756,s7.622142128,s333.027312533
177_157,s3.490560448,s6.140402676,s78.855466108
177_158,s-4.321644922,s4.580556006,s299.358389758
177_159,s-8.178165199,s7.719006829,s17.448749105
177_160,s4.629953461,s5.519567356,s291.561926262
177_161,s-2.324386518,s4.166431731,s78.321025373
177_162,s1.092216387,s7.175091688,s204.142649903
177_163,s6.221971496,s7.944483493,s335.479690124
177_164,s-0.978312987,s6.644777711,s3.598364167
177_165,s6.966775348,s4.415005910,s100.128308308
177_166,s7.382800545,s7.581323908,s319.292067174
177_167,s5.359915191,s7.770042395,s323.395963132
177_168,s-3.671028870,s4.456139730,s304.698844919
177_169,s-3.722598856,s5.952536952,s10.395152984
177_170,s-6.076943040,s6.318847426,s195.320598076
177_171,s-4.648868349,s6.795942543,s347.378360111
177_172,s-6.653726953,s7.317280999,s327.267493457
177_173,s1.220087844,s6.355430877,s66.777268629
177_174,s-2.424866574,s7.640682982,s306.581933729
177_175,s-4.801869485,s2.082563691,s54.673407617
177_176,s7.010739603,s6.801681098,s206.674901793
178_0,s-3.728265329,s-6.423981349,s197.864199907
178_1,s-7.562806999,s-4.535576953,s134.513534792
178_2,s-5.412559863,s-8.152496117,s221.647233250
178_3,s-7.819930591,s-8.118815614,s63.797619442
178_4,s-1.541073629,s-6.501391464,s157.434775491
178_5,s-7.137018801,s-6.524748866,s60.855003742
178_6,s-1.338028588,s-5.167367992,s267.680091251
178_7,s-4.923675231,s-8.005877982,s202.093920293
178_8,s3.077668317,s-4.167312597,s345.102792237
178_9,s4.498645067,s-4.345312950,s171.672340827
178_10,s7.741616413,s-2.524312850,s155.205897801
178_11,s2.524747748,s-5.221280383,s227.270045633
178_12,s4.678547716,s-7.430068666,s247.609008006
178_13,s6.809133448,s-7.163587499,s89.305518530
178_14,s-7.063343644,s-2.556954025,s182.430103565
178_15,s-3.512034768,s2.248388610,s235.300501826
178_16,s-8.094900670,s-4.067028652,s285.311954401
178_17,s-1.631862886,s0.462796542,s159.607920317
178_18,s-6.502314842,s-5.584753900,s13.817869129
178_19,s-3.813132178,s-7.991223307,s300.348986111
178_20,s3.117062496,s-7.689764678,s33.279560588
178_21,s-0.124229960,s3.555883704,s121.749929860
178_22,s0.669392567,s-3.824125932,s314.888718415
178_23,s4.285353011,s-6.265895352,s288.558706271
178_24,s5.809377480,s-3.398634820,s161.065003285
178_25,s5.539998808,s-5.226026651,s99.649098799
178_26,s8.045531074,s2.298880005,s209.424668570
178_27,s3.326468723,s-3.088301904,s238.444425687
178_28,s-6.610327397,s-8.198446688,s247.953629536
178_29,s-3.069109730,s4.071093413,s350.661814763
178_30,s-2.738900303,s-2.637615930,s286.558153354
178_31,s-6.628260528,s-3.229872516,s328.899303783
178_32,s-4.740500224,s-0.287620208,s355.528888213
178_33,s0.013481653,s-5.365544411,s218.612133471
178_34,s-3.773113054,s-5.314282453,s27.044691831
178_35,s6.766050550,s-0.928577526,s118.023803480
178_36,s-5.548352256,s-5.609860465,s203.671482423
178_37,s6.554402611,s-6.077709432,s128.111429019
178_38,s1.086288250,s-1.568333970,s238.202534681
178_39,s7.623343896,s-5.425398297,s13.623368242
178_40,s-6.168760870,s3.535550431,s108.719139510
178_41,s4.947585638,s-3.946822127,s319.754249894
178_42,s-4.068861745,s-3.986680613,s139.857811395
178_43,s-5.719662233,s-1.550404559,s58.646480422
178_44,s-2.246403790,s0.695201055,s60.960820246
178_45,s-5.055643595,s-1.789981103,s247.685682710
178_46,s-7.663477595,s4.349478531,s323.127821309
178_47,s-2.536219917,s-2.849832966,s102.431207551
178_48,s-3.336189995,s-3.225491736,s86.753012806
178_49,s0.396550530,s-6.502739197,s203.401165363
178_50,s-0.355667284,s-6.732954490,s10.979890105
178_51,s-1.503430682,s-1.539421264,s193.069317620
178_52,s1.727104885,s-5.094166340,s153.131011583
178_53,s4.426213393,s-2.847317305,s322.484772633
178_54,s8.099544520,s3.417746306,s173.865885023
178_55,s8.201166707,s-0.222992934,s225.952727243
178_56,s-7.968185017,s-7.129872377,s101.125538704
178_57,s-3.632204171,s5.161951040,s70.742447789
178_58,s-8.169149905,s1.029563734,s99.107146381
178_59,s-7.121025742,s0.393913334,s189.819168462
178_60,s-2.372131907,s6.194426187,s356.760019507
178_61,s-7.439361224,s-1.138717883,s178.999367451
178_62,s-7.883150167,s2.830732710,s137.288711530
178_63,s0.800559621,s0.658975532,s172.828522534
178_64,s1.336104824,s-0.435945772,s240.239313400
178_65,s-0.794204073,s-2.314740841,s296.479579772
178_66,s5.846013488,s0.886761257,s131.642245922
178_67,s4.369499893,s0.604611882,s67.284282759
178_68,s7.987331480,s0.474292283,s94.388995786
178_69,s7.420760648,s-3.090311393,s160.588326080
178_70,s-4.506812500,s-1.374764653,s241.540175347
178_71,s-3.188296678,s3.114644064,s38.201800460
178_72,s1.010834374,s-0.872698110,s288.776915465
178_73,s-6.270109282,s-0.711105188,s134.318943291
178_74,s1.450156964,s4.457961843,s235.714608823
178_75,s0.147099810,s-1.768685429,s309.962620969
178_76,s-0.531846900,s0.617737005,s329.383555307
178_77,s1.399183837,s-3.855490522,s110.855054943
178_78,s2.646360717,s6.006533034,s152.369642155
178_79,s2.785260871,s5.385175099,s146.012201537
178_80,s6.643304811,s0.463582885,s178.538434165
178_81,s1.989152193,s5.303079744,s66.757868829
178_82,s8.201166707,s5.190975105,s251.329113895
178_83,s7.096650230,s1.961191382,s23.849498671
178_84,s2.899809203,s0.638220749,s36.974626440
178_85,s-7.679044387,s5.492905302,s173.086989565
178_86,s-0.447677180,s8.110943505,s125.586771356
178_87,s-5.650721188,s5.213056302,s310.527635702
178_88,s-2.211426934,s-3.354498810,s183.506650321
178_89,s0.483061922,s4.225732022,s230.483766556
178_90,s7.841655630,s1.242104823,s63.829187305
178_91,s2.494148655,s-3.929266946,s120.305031404
178_92,s4.293380121,s2.805206512,s13.872521759
178_93,s2.031706753,s6.603480741,s313.406769160
178_94,s0.949247964,s3.388057211,s263.486191729
178_95,s6.663892295,s6.203975915,s337.127197145
178_96,s4.844681887,s1.344391392,s268.698049721
178_97,s7.958132453,s6.688076864,s321.315272007
178_98,s-4.637692320,s0.433181626,s283.266943737
178_99,s0.347378418,s6.983184230,s178.884522872
178_100,s-1.393398368,s2.497617498,s340.796347116
178_101,s7.496579042,s2.943160286,s3.358291499
178_102,s-5.177227137,s7.644816882,s28.578364936
178_103,s1.651852456,s1.801040275,s305.887336497
178_104,s5.839121614,s4.750575750,s296.343262891
178_105,s3.119634521,s4.489742989,s321.304882124
178_106,s5.592365326,s8.122376895,s135.123982471
178_107,s4.010221889,s3.044883619,s76.724890959
178_108,s-3.424922274,s5.378844315,s121.049546338
178_109,s1.805469438,s3.122899636,s219.542230568
178_110,s8.106520775,s3.733453140,s175.195922604
178_111,s3.487061590,s2.394707337,s51.363436637
178_112,s-2.526445652,s3.443984508,s102.189742432
178_113,s-0.196186172,s7.051691227,s8.246783490
178_114,s-2.489163968,s2.638851148,s216.287581002
178_115,s-6.929793938,s1.360518060,s121.386587899
178_116,s-8.065691272,s-0.119015635,s125.088236365
178_117,s4.060035781,s3.670575736,s297.849962219
178_118,s-1.934873701,s7.879613677,s43.742432576
178_119,s6.620407442,s4.859430464,s337.785747733
178_120,s7.112623014,s5.573258929,s287.933330883
178_121,s2.537110500,s0.130082490,s265.019224520
178_122,s4.603508026,s5.429510699,s244.537667742
178_123,s5.102482095,s-0.835778611,s257.076755022
178_124,s0.494114813,s1.510269006,s267.859482004
178_125,s6.739810294,s5.655403547,s230.617165475
178_126,s-4.277018839,s5.906675426,s314.814182325
178_127,s-8.204455907,s5.391160935,s165.282963839
178_128,s-5.736681435,s7.731325100,s236.076583981
178_129,s-1.480064391,s1.988636668,s332.060516434
178_130,s-5.065778970,s3.911636424,s65.246736999
178_131,s2.083583428,s6.980735762,s62.942726991
178_132,s-1.149523720,s8.041747755,s74.759998531
178_133,s-7.978158062,s7.536598028,s118.117827481
178_134,s6.329319248,s3.087190364,s358.738793457
178_135,s4.798026339,s7.421805347,s187.287796385
178_136,s7.892047503,s4.235609212,s338.857219636
178_137,s7.800859697,s8.041154542,s146.627819198
178_138,s2.512371243,s8.105785171,s218.960919355
178_139,s4.670199549,s2.032052537,s50.057192906
178_140,s-4.037341923,s7.240760787,s326.515172308
178_141,s-4.584907590,s1.085457683,s290.152358659
178_142,s-2.950335513,s7.010164622,s342.962153422
178_143,s-6.664648929,s3.280455750,s303.215704531
178_144,s-5.969609885,s5.671428188,s218.692268214
178_145,s-8.058094223,s6.549962682,s64.739661019
178_146,s4.611444520,s8.094846718,s251.978351736
178_147,s2.760522634,s7.137271318,s131.271711554
178_148,s3.530549651,s8.028378776,s315.400895792
178_149,s-1.936651312,s3.832921289,s99.048096517
178_150,s5.895608496,s-2.439156542,s337.472294708
178_151,s-3.040382112,s7.727946703,s182.659277095
178_152,s6.700961304,s8.103753842,s141.478962469
178_153,s2.747023547,s4.942945918,s184.479221266
178_154,s-8.016908114,s6.802969735,s282.815282105
178_155,s-6.180265371,s8.109521496,s210.417111193
178_156,s-8.037602714,s8.122376895,s296.740598226
178_157,s-0.963246198,s5.406247857,s105.472347558
178_158,s-2.335692576,s4.599377878,s345.071932247
178_159,s-0.571248909,s3.801506336,s307.194119955
178_160,s1.311280319,s7.072534108,s107.504222923
178_161,s0.394867865,s7.963811598,s10.546664190
178_162,s-2.031492361,s5.169480262,s13.095735804
178_163,s-2.693573859,s5.864919709,s335.581721750
178_164,s1.314636934,s8.081388847,s263.562606065
178_165,s3.681677150,s6.390756390,s340.606915762
178_166,s5.836367823,s6.440406098,s274.670259550
178_167,s7.780376061,s7.566124800,s321.613154908
178_168,s-6.245913982,s4.375252303,s153.020407174
178_169,s-7.174504668,s7.179144554,s147.629722405
178_170,s-2.322289187,s7.328739502,s230.563246988
178_171,s-3.100942078,s8.122376895,s52.465461566
178_172,s-6.933888378,s-0.939013152,s327.201155289
178_173,s-2.904260643,s5.851671662,s265.625893228
178_174,s-5.293356259,s4.336598066,s35.330763924
178_175,s4.731805445,s3.953157255,s300.066340457
178_176,s0.795431671,s5.990255770,s72.219539142
178_177,s6.939081494,s4.311744691,s127.953585698
179_0,s-1.966554917,s1.284801628,s72.310939447
179_1,s-1.748486425,s1.600478487,s66.092153092
179_2,s0.012540249,s-3.922619297,s88.960080972
179_3,s-3.363519363,s-7.515464470,s40.559198214
179_4,s-4.976398541,s-6.187773353,s104.028611333
179_5,s5.192052670,s0.020926373,s58.406911559
179_6,s-1.889715934,s-6.710092595,s238.467912016
179_7,s-2.852531361,s-5.550401848,s183.907626287
179_8,s-2.267413402,s-1.825330127,s78.906484820
179_9,s-0.312875778,s-7.633344566,s0.977901573
179_10,s2.389547436,s-7.058492711,s262.484133717
179_11,s5.427126325,s-3.987895933,s263.742746548
179_12,s3.565466274,s-7.831255888,s251.734959443
179_13,s7.137188193,s-8.134625621,s303.060777785
179_14,s-4.569564403,s-4.717781244,s355.371612627
179_15,s-5.057073804,s-3.347776908,s153.739742499
179_16,s-3.614928956,s-5.949402039,s357.925209734
179_17,s0.665821023,s3.862456423,s127.372415738
179_18,s-3.967240931,s-0.752518902,s43.049454731
179_19,s-2.469608535,s-4.440903334,s77.873012495
179_20,s2.595124837,s-0.675350004,s345.227820424
179_21,s-3.707389677,s7.217389496,s98.467056666
179_22,s1.569213262,s0.610760052,s56.950173358
179_23,s4.408016419,s-4.414919384,s175.134793187
179_24,s5.561438362,s-2.787521097,s2.634753624
179_25,s3.506838733,s-2.102533659,s229.171871666
179_26,s6.004353492,s-6.564675113,s39.940485905
179_27,s5.312796925,s-8.114331445,s326.938992536
179_28,s-6.408460182,s-7.777929146,s61.600681573
179_29,s-7.827802694,s-8.131777781,s312.880201435
179_30,s-4.608803365,s-7.669715078,s69.664076151
179_31,s-4.278195326,s-2.175686051,s273.949687961
179_32,s0.185176380,s-3.584424484,s154.532325456
179_33,s0.601288849,s-5.810088306,s96.313889094
179_34,s-2.323863218,s4.249534786,s86.556793498
179_35,s-0.625814766,s-5.995628744,s47.141246797
179_36,s2.658582432,s-3.312429904,s354.383324389
179_37,s0.290662054,s6.039391072,s106.897026723
179_38,s0.463611163,s1.413486938,s64.233747213
179_39,s6.084418098,s-0.183460371,s72.637065621
179_40,s6.953098705,s-4.674689664,s202.545407721
179_41,s5.294549991,s2.280984717,s194.878907943
179_42,s-7.725213220,s5.917158808,s222.366292237
179_43,s-1.107652975,s3.359986022,s76.773094411
179_44,s-7.838062022,s-2.087963446,s55.948412248
179_45,s-0.232000028,s3.659541196,s340.212717566
179_46,s-4.663589967,s-0.532352102,s144.825865025
179_47,s1.965921292,s-3.630412903,s112.855040392
179_48,s7.261373247,s-5.920549054,s259.514071423
179_49,s1.665712317,s2.115187236,s17.003595522
179_50,s7.259396668,s3.357115076,s271.955219784
179_51,s-6.049206487,s-3.964285447,s287.222407800
179_52,s3.625908997,s4.154911438,s14.308746138
179_53,s8.062768018,s-5.120625164,s354.920749469
179_54,s4.502666092,s-2.954426074,s232.671602855
179_55,s1.708021057,s-4.667430481,s353.826922798
179_56,s-4.392034202,s-1.452800982,s202.108598408
179_57,s-5.979008148,s-1.558757343,s231.529502797
179_58,s-6.552018107,s0.519952497,s140.500056200
179_59,s-6.510647550,s5.243495341,s5.355148837
179_60,s-3.904047598,s1.980416114,s25.573600215
179_61,s-3.237465683,s0.495819529,s212.860316133
179_62,s7.617130512,s1.893619059,s71.447352986
179_63,s-5.534516380,s-2.006517681,s114.879809242
179_64,s-5.767949345,s3.546069218,s107.312863146
179_65,s6.038464752,s-2.431040848,s50.562560741
179_66,s2.842670912,s1.714546623,s101.009020962
179_67,s7.511313326,s-3.490074348,s121.862790080
179_68,s-2.121220678,s2.584373833,s288.037219659
179_69,s3.324706659,s7.764220526,s133.036983180
179_70,s-7.793939587,s0.950454547,s36.813392466
179_71,s-3.129768534,s3.729527005,s223.036390595
179_72,s-5.914026088,s1.171423312,s41.530971503
179_73,s-1.816104933,s-2.648702049,s202.440080802
179_74,s-3.466626237,s3.272565962,s99.022550474
179_75,s0.543389485,s5.045774412,s20.495769776
179_76,s0.829188331,s2.215500825,s306.056104241
179_77,s1.346244327,s7.566091558,s7.136760135
179_78,s3.239318660,s-1.796710161,s158.092884227
179_79,s2.954625686,s2.134611358,s135.189655618
179_80,s-3.319673943,s-2.691323284,s227.283303554
179_81,s4.028150136,s-3.355542029,s137.406753369
179_82,s-1.117834852,s6.236000701,s34.718756343
179_83,s8.090565111,s0.342383546,s156.287924932
179_84,s-7.803737528,s-0.320279363,s248.653004285
179_85,s-4.495809620,s2.208500996,s4.626090940
179_86,s-7.355746228,s-1.989051720,s356.704631535
179_87,s-6.445194266,s-2.146503251,s213.465784790
179_88,s-4.353171682,s-3.847881490,s102.324622450
179_89,s1.541232599,s4.412738946,s349.330844760
179_90,s-3.355699702,s6.546338581,s317.149299714
179_91,s4.606052599,s5.187447459,s122.069224227
179_92,s-5.725535086,s7.355950671,s268.753637569
179_93,s5.443780719,s5.013607251,s74.833827886
179_94,s5.849949297,s4.792391551,s167.246574347
179_95,s-1.978211149,s6.209122453,s294.055073288
179_96,s1.909112272,s2.988025649,s120.151371300
179_97,s7.880268498,s4.353760525,s352.979963821
179_98,s-7.785301766,s-1.348203346,s121.453428980
179_99,s-7.506033724,s7.402063562,s60.995913850
179_100,s-6.052822097,s2.320698150,s153.425206045
179_101,s-4.349031154,s4.898160027,s198.706144332
179_102,s1.044997592,s6.843264104,s351.024000469
179_103,s-4.167786000,s5.152784819,s18.756236848
179_104,s2.977729524,s2.906031077,s35.845926367
179_105,s-0.817431035,s-3.380577414,s267.554917553
179_106,s7.117055238,s4.408289345,s235.229014165
179_107,s6.684380355,s6.499632029,s201.406039207
179_108,s6.044412248,s2.056030907,s190.940701413
179_109,s7.745204190,s-2.774202877,s169.081550114
179_110,s3.838720922,s7.432989920,s174.058210765
179_111,s7.982106946,s3.537700415,s347.789534683
179_112,s-7.960132856,s2.835936287,s349.816707224
179_113,s-5.945379271,s0.141484889,s33.502210898
179_114,s-0.648701931,s-0.127570179,s8.417489241
179_115,s2.913599150,s5.395389533,s4.034997836
179_116,s1.940473345,s6.306160315,s66.187893526
179_117,s-0.384463211,s4.684516241,s34.810836442
179_118,s-7.692855454,s2.136493493,s329.293049437
179_119,s3.155264415,s1.015195107,s92.231078591
179_120,s-0.813929226,s2.743124147,s85.593008516
179_121,s2.505153331,s-3.827501612,s309.689690840
179_122,s3.535591800,s-3.764367254,s191.606408974
179_123,s7.971949451,s7.677678056,s182.827804554
179_124,s8.008716291,s7.252627578,s138.781848139
179_125,s4.797462375,s0.801826493,s250.238765969
179_126,s-4.436851236,s6.014894853,s199.770466319
179_127,s-4.808021938,s3.566339168,s340.436906042
179_128,s-1.264211389,s7.602480223,s182.922945649
179_129,s5.422835404,s-1.064402818,s14.714192244
179_130,s-1.988608812,s6.423420766,s299.746167723
179_131,s-0.693308354,s7.602554791,s3.523974728
179_132,s1.830924196,s7.543534335,s316.589390414
179_133,s3.547707788,s4.671873343,s113.565016895
179_134,s1.493987704,s-2.490647195,s238.224449822
179_135,s2.442704143,s0.110266684,s133.538523540
179_136,s1.020340375,s2.935542203,s280.737177915
179_137,s1.936094255,s4.355737023,s7.873380081
179_138,s3.156353545,s2.381643433,s210.836002775
179_139,s7.342201788,s3.074550448,s80.379372752
179_140,s-2.913834682,s3.048894265,s280.215205169
179_141,s-6.414941784,s6.827603263,s265.010736141
179_142,s-6.893611118,s3.807388526,s69.093599265
179_143,s-5.245411764,s4.472370047,s347.723720941
179_144,s-5.053524039,s6.495506912,s188.322831122
179_145,s-5.707507593,s6.014456197,s199.866029116
179_146,s-3.403078006,s5.031113501,s134.224015301
179_147,s-1.528831133,s2.211987426,s130.467179551
179_148,s-0.620598290,s5.543878583,s120.372317852
179_149,s6.520684497,s4.863226682,s346.425862265
179_150,s8.071588671,s5.523578946,s235.709412883
179_151,s5.899370297,s6.621917717,s96.779619706
179_152,s5.410831027,s2.790519238,s351.761102166
179_153,s6.599583789,s1.059459840,s184.305873344
179_154,s-7.467295048,s5.157663815,s346.383145452
179_155,s-7.010404697,s3.279284544,s145.935973285
179_156,s-0.324391235,s6.934050526,s266.326403825
179_157,s-4.866543887,s4.798833043,s25.734094175
179_158,s-4.595801154,s7.598372436,s255.543003772
179_159,s-0.694911804,s1.285611119,s300.144177147
179_160,s7.394814570,s6.071809358,s282.094251167
179_161,s-1.195694935,s4.326804844,s19.979375834
179_162,s1.971019043,s5.301037980,s282.523764584
179_163,s3.543110746,s5.849678106,s171.831335088
179_164,s2.581152101,s7.593918489,s265.556881128
179_165,s6.718327666,s-0.924101769,s328.719563371
179_166,s7.129376942,s7.188189860,s351.491884364
179_167,s7.743521125,s6.562643101,s332.763129839
179_168,s-1.287062369,s-1.231132171,s174.752864696
179_169,s-7.953725552,s7.664549896,s123.666187157
179_170,s-7.984715756,s1.309797996,s69.192955112
179_171,s-7.508031893,s7.792734156,s235.475526144
179_172,s2.530667664,s5.118734176,s322.519310368
179_173,s0.018003903,s7.628259866,s1.574169551
179_174,s5.329400448,s6.463065267,s128.138417367
179_175,s1.011920138,s5.223691965,s355.580421375
179_176,s7.843867382,s0.654322936,s321.670745708
179_177,s-7.260059487,s0.815581262,s159.211410800
179_178,s5.052210646,s7.430825203,s160.774278811
180_0,s-3.407013896,s-6.152477482,s298.009874520
180_1,s-6.500573356,s-2.663639868,s344.290453137
180_2,s-2.911653513,s3.285297933,s3.747226613
180_3,s0.025650250,s-0.643737800,s205.139248079
180_4,s-4.962460892,s-4.975078392,s293.117502130
180_5,s-7.450783976,s-4.429020502,s164.022821023
180_6,s-4.867484011,s-0.767104792,s280.102703240
180_7,s3.666056145,s-7.551040821,s113.049047488
180_8,s2.608330829,s-4.795718512,s173.710978921
180_9,s1.293926241,s-4.917527857,s218.856069673
180_10,s2.462181894,s-7.145001240,s266.247533569
180_11,s5.297460480,s-7.456005868,s72.748689542
180_12,s7.536718805,s-3.774452547,s350.909726185
180_13,s0.729190753,s-2.212088132,s219.389601001
180_14,s7.591488395,s-7.580147742,s108.981227376
180_15,s-4.387806459,s0.911276612,s345.992473898
180_16,s-7.261890379,s-6.676434410,s252.620275948
180_17,s-7.386499813,s-5.676632262,s151.856436817
180_18,s-3.545064594,s3.196596371,s291.376772425
180_19,s-3.268936427,s-7.466319143,s136.406234112
180_20,s-3.771177329,s0.446527712,s348.019915455
180_21,s1.425224874,s-1.364505201,s140.380496868
180_22,s6.653544589,s-0.160477535,s87.432237819
180_23,s-7.708873847,s-7.885117728,s63.288873826
180_24,s0.867357472,s-0.680055078,s276.411953102
180_25,s-3.314637646,s-6.536655420,s41.550124414
180_26,s1.115619989,s-2.965934444,s69.790393804
180_27,s6.706235728,s0.601924980,s281.650618688
180_28,s6.206637010,s-4.236794980,s248.171149201
180_29,s3.115132045,s-5.129448715,s288.094716782
180_30,s-1.017806230,s-4.315237854,s301.276344422
180_31,s-7.556458001,s0.009093420,s44.359026116
180_32,s-3.104057182,s5.124311822,s326.784177537
180_33,s-4.502581963,s-6.690646521,s308.462013773
180_34,s-6.976116661,s-1.364036967,s61.012235659
180_35,s-0.970252893,s-7.081304749,s8.200293690
180_36,s5.528193873,s-3.402711960,s267.756842841
180_37,s5.420870835,s-4.996360344,s36.249836047
180_38,s-3.535455739,s-5.766015392,s281.303453019
180_39,s5.265690066,s-3.317733690,s32.334814167
180_40,s-0.954221892,s-6.238610080,s231.236035371
180_41,s2.337342611,s-6.072028250,s91.150497171
180_42,s3.001466443,s-2.811305542,s138.455059034
180_43,s7.714319924,s2.526376709,s210.305674494
180_44,s4.597195500,s-0.915575065,s113.398908906
180_45,s-2.214996626,s-5.173980076,s248.889345123
180_46,s-6.711149727,s7.274085189,s141.397727986
180_47,s-4.512757275,s4.582266630,s233.919953233
180_48,s-5.145116025,s-2.395347353,s184.127346769
180_49,s0.031396394,s-4.684820537,s211.802905621
180_50,s-6.182414074,s-7.122013388,s254.930058786
180_51,s-3.854276105,s-3.494520353,s133.720071713
180_52,s1.987889005,s2.903295161,s31.864667364
180_53,s7.750940713,s-5.495541079,s302.785831295
180_54,s7.602606633,s-6.532576542,s282.999348464
180_55,s7.599109506,s1.719117394,s7.592183524
180_56,s6.837548896,s-1.639116344,s348.912105377
180_57,s5.542061094,s1.354459069,s284.811896107
180_58,s6.482561156,s0.328228213,s112.241044307
180_59,s0.266355829,s-5.407127990,s140.557370412
180_60,s0.311879046,s0.398189192,s48.141936929
180_61,s-5.405481585,s1.523944737,s279.654458331
180_62,s-5.237313343,s5.187254307,s249.077271190
180_63,s-7.649170478,s-1.949371500,s359.394763628
180_64,s6.552019234,s2.376275794,s310.999714018
180_65,s0.742353462,s4.493503702,s200.295260529
180_66,s6.550507435,s5.697532854,s204.461262201
180_67,s1.155707156,s-3.996969827,s357.141585120
180_68,s0.471976163,s-6.257814804,s4.306291951
180_69,s-2.378577706,s3.064040673,s195.869742643
180_70,s0.299306180,s2.052590431,s248.241972845
180_71,s7.583901093,s0.791016412,s285.326886920
180_72,s4.654678920,s2.041693916,s113.472686121
180_73,s7.729287866,s-1.427143762,s311.345189727
180_74,s6.171115111,s-2.596577053,s60.799693933
180_75,s-3.104726704,s4.121709671,s163.220995433
180_76,s-0.634091415,s-1.215781587,s144.782284387
180_77,s-4.783024522,s2.127170808,s310.203461389
180_78,s-0.779410982,s4.880996403,s191.668204736
180_79,s-6.519203681,s3.774403584,s332.071220797
180_80,s-1.047793286,s-0.035080009,s334.017618998
180_81,s3.615633717,s4.277467982,s302.181532935
180_82,s0.721784898,s1.383320089,s276.277481197
180_83,s-5.145541535,s-3.328824507,s267.923264180
180_84,s1.504156278,s4.172581720,s136.750465947
180_85,s4.181368985,s-1.291487271,s216.360185326
180_86,s7.546281670,s-5.651757092,s273.652130783
180_87,s7.055935636,s1.024181572,s101.068994123
180_88,s2.856168929,s-1.140868237,s162.335371996
180_89,s1.184197912,s6.054200974,s127.124541220
180_90,s-7.480779050,s2.383200384,s256.880939704
180_91,s3.609571151,s-0.306362396,s313.532218938
180_92,s-5.716937898,s6.933836478,s277.361389211
180_93,s0.167374244,s7.462973412,s29.080113161
180_94,s-6.401474779,s6.080234415,s219.425072731
180_95,s-4.288762129,s-4.563987292,s152.427553184
180_96,s-0.966593865,s3.724173629,s191.753821098
180_97,s1.212541871,s1.210462088,s218.998442203
180_98,s-1.510967203,s7.085587631,s316.124438288
180_99,s-0.346830476,s1.671995864,s210.423564825
180_100,s-3.342004463,s2.120840282,s333.821760834
180_101,s1.960398787,s0.864870881,s275.634269721
180_102,s2.548855757,s3.869926351,s254.209678455
180_103,s-6.107594744,s-2.273089256,s341.756846021
180_104,s0.342719010,s5.528478151,s340.950880181
180_105,s-1.055120388,s4.737039111,s234.409764282
180_106,s-4.079982397,s0.395702384,s144.093809361
180_107,s-6.381459840,s0.495147604,s29.974633714
180_108,s-3.915059596,s-2.115911080,s37.088775400
180_109,s4.122036064,s0.629689998,s110.441696731
180_110,s4.469522026,s3.469201893,s82.847220767
180_111,s-4.803524367,s5.824762113,s48.765287968
180_112,s0.227728227,s5.781828534,s29.193412746
180_113,s-7.326787923,s3.069646610,s42.628214046
180_114,s7.613174816,s4.954604129,s320.331498156
180_115,s5.451002086,s5.141986750,s342.971105317
180_116,s7.006487570,s4.605777931,s92.089814539
180_117,s2.692155036,s4.876918236,s64.882666049
180_118,s7.720408929,s-2.514946670,s148.176484480
180_119,s5.510619849,s4.005740703,s75.219184484
180_120,s-6.189073677,s4.734753754,s68.859453037
180_121,s-5.132162482,s-1.697573572,s325.340245330
180_122,s-4.859570938,s3.617289895,s15.336297250
180_123,s-0.536384010,s0.552163428,s56.687646255
180_124,s-1.261216044,s3.842626965,s136.715919153
180_125,s-7.592334385,s3.589526610,s172.744596858
180_126,s3.004842757,s0.990502194,s208.962026823
180_127,s3.867144074,s5.912182820,s221.963211814
180_128,s-4.487714643,s7.040266427,s105.399823165
180_129,s1.439437266,s1.833463397,s68.459698929
180_130,s5.880366195,s2.644507651,s250.323898888
180_131,s-3.567587191,s-4.433549488,s13.821991823
180_132,s5.084425427,s6.919513859,s259.135262506
180_133,s1.628427427,s-3.670998036,s284.746772364
180_134,s-2.056137229,s6.259436760,s8.257199668
180_135,s-7.087604550,s6.327411112,s264.424563345
180_136,s-1.635745268,s5.351006462,s153.343102668
180_137,s-2.184687940,s6.119697051,s41.106585505
180_138,s-3.173903091,s-2.528698671,s233.658115127
180_139,s-1.680905038,s1.162934802,s13.715238409
180_140,s-2.450259441,s4.762068206,s253.230873041
180_141,s-2.152814678,s7.447203890,s281.616004079
180_142,s-1.819144213,s2.724227648,s138.570447329
180_143,s-3.126841675,s0.140514843,s357.286855752
180_144,s0.119492228,s4.645477354,s165.684616066
180_145,s1.614985303,s7.252945362,s64.094279585
180_146,s3.301909559,s7.057685797,s187.329050218
180_147,s-0.535587684,s6.156901301,s228.627211991
180_148,s6.398875882,s5.797515612,s247.505987000
180_149,s3.992894678,s5.158348979,s335.042878606
180_150,s-6.159049991,s7.340122028,s211.167320064
180_151,s-6.993043181,s7.398398053,s357.724400607
180_152,s-6.030447967,s-0.775768273,s282.541225246
180_153,s3.626523481,s6.727722640,s289.757785138
180_154,s-5.951057629,s2.951653985,s244.815338592
180_155,s-3.889443771,s6.136264563,s226.924850809
180_156,s-2.770113527,s7.283029875,s72.508780526
180_157,s-3.131906203,s6.890083393,s53.823523101
180_158,s-3.642065336,s6.973494224,s358.194720746
180_159,s-0.144617145,s4.957990079,s221.085487428
180_160,s4.249156298,s6.909963343,s172.462887522
180_161,s4.848647776,s-4.128369966,s112.768988402
180_162,s3.684576875,s1.724540753,s288.510711679
180_163,s5.246441703,s7.417140823,s153.328499355
180_164,s5.676896023,s7.362092531,s57.575384311
180_165,s-5.319716262,s2.827273060,s50.387129609
180_166,s-7.587977814,s7.285277700,s58.695786654
180_167,s1.550991989,s-1.196328949,s71.119077418
180_168,s-2.085679450,s1.177754744,s272.835647648
180_169,s2.250279603,s6.334566224,s279.707595079
180_170,s-5.060768196,s5.983756654,s291.495384888
180_171,s-5.835981368,s5.916063033,s48.318947459
180_172,s4.666631470,s6.066557352,s292.125610681
180_173,s1.155379040,s7.477038067,s260.779497191
180_174,s6.364883153,s7.283396182,s75.899665544
180_175,s7.605188499,s3.694990219,s202.842418373
180_176,s5.365450424,s-0.338004829,s88.968486732
180_177,s1.646338504,s4.534802910,s283.403151626
180_178,s2.948885588,s7.381307823,s10.783258558
180_179,s7.407188604,s7.253989477,s357.863816783
181_0,s-7.643236610,s-7.892882250,s348.539075244
181_1,s-4.962846496,s-7.580433265,s173.493121070
181_2,s-7.156114016,s-6.181332082,s264.413166811
181_3,s-4.530442549,s-3.391849029,s223.682695197
181_4,s-4.043189216,s-2.254944519,s196.913672663
181_5,s-6.634149534,s-3.200638402,s31.923694609
181_6,s-0.907931083,s0.084839084,s114.132118373
181_7,s2.457421610,s-4.435462294,s29.133243902
181_8,s0.382557514,s0.215230578,s134.552326922
181_9,s-4.124343204,s-0.183660697,s197.443044894
181_10,s7.274500842,s-7.892524931,s250.289828460
181_11,s0.578789436,s-5.922199205,s80.116407670
181_12,s6.176919549,s-2.772502662,s358.752211026
181_13,s7.212268493,s-4.022993441,s324.973390221
181_14,s8.143993239,s-5.097535194,s138.169605388
181_15,s-8.084352920,s-4.443719553,s254.505606071
181_16,s2.234790796,s0.776962677,s6.940084580
181_17,s-7.860927087,s-5.280638543,s44.437240926
181_18,s-3.415398120,s-7.100180228,s344.274357221
181_19,s-1.724576676,s-1.988619433,s284.997087961
181_20,s-0.950942925,s-5.307109168,s13.239094541
181_21,s2.698819878,s-1.077195176,s238.548079165
181_22,s-6.895838752,s1.801111948,s299.025868380
181_23,s6.840253986,s-2.208523072,s312.806112087
181_24,s4.870892737,s-4.260303306,s281.473237519
181_25,s-1.800678728,s-6.296661240,s130.556250777
181_26,s3.821801447,s-6.100558367,s342.738375045
181_27,s5.410324259,s1.712367259,s198.352852557
181_28,s8.107218474,s5.915952706,s238.327090346
181_29,s5.470182771,s-1.016279677,s241.366360087
181_30,s-5.452445502,s-1.579278006,s344.181219795
181_31,s-3.459847652,s7.471060167,s5.454591311
181_32,s-4.398988967,s1.241062630,s257.733009677
181_33,s-3.422459423,s-3.093977984,s129.268123180
181_34,s-7.825620540,s0.312618590,s354.155699890
181_35,s7.328675172,s-6.706213293,s98.303119570
181_36,s-2.750283833,s-3.769847165,s6.926084434
181_37,s2.671653285,s2.309963802,s293.216092947
181_38,s-3.141865732,s-8.184132047,s293.866745663
181_39,s5.356989064,s-6.304416862,s317.598547770
181_40,s5.089250335,s-0.250346577,s140.894434301
181_41,s6.018137066,s-1.949716562,s231.025066378
181_42,s5.557034220,s0.129811305,s40.646018100
181_43,s4.321915136,s-2.034645192,s340.920664686
181_44,s7.541787566,s-0.709153903,s216.382548371
181_45,s-5.069329039,s1.610232254,s287.721364660
181_46,s-7.999733346,s-2.920554537,s278.971744710
181_47,s-6.952352851,s-1.456094208,s184.913822979
181_48,s-6.310244690,s3.595296238,s187.036160533
181_49,s-6.848365070,s0.332419929,s30.929437998
181_50,s-2.389038082,s-6.685656670,s241.294671132
181_51,s-8.043058143,s-1.335192136,s112.826553350
181_52,s4.912882704,s6.363393225,s80.130956563
181_53,s1.407925113,s0.181883623,s289.084957155
181_54,s0.647230127,s-3.941500819,s232.713994297
181_55,s3.687797285,s-4.020394035,s304.066767887
181_56,s3.443227756,s-2.812703345,s241.829516923
181_57,s3.428229289,s-5.250171433,s242.685971525
181_58,s6.491629177,s1.988788971,s135.061356587
181_59,s8.166428130,s-3.170785350,s165.361978395
181_60,s-8.055464921,s1.759827463,s66.312663169
181_61,s-8.076599272,s3.093271565,s0.539165482
181_62,s-1.896345239,s7.633662625,s17.888978918
181_63,s-1.037352013,s-2.897976320,s152.658319467
181_64,s-0.185116998,s0.739179082,s302.835907388
181_65,s-5.266214914,s-5.280761136,s60.528335419
181_66,s-3.189841309,s1.910007677,s98.001123240
181_67,s-3.157767307,s1.036449269,s329.695015968
181_68,s-0.874082986,s4.119915520,s235.815440754
181_69,s2.875743920,s-7.629218119,s294.978815207
181_70,s-1.229418070,s2.421901033,s164.300705405
181_71,s5.603979125,s-4.802827672,s138.662585503
181_72,s1.972834804,s2.262868874,s295.860322895
181_73,s-1.931232901,s2.975832213,s182.719694263
181_74,s5.178702601,s-8.169670207,s251.559378502
181_75,s-6.238969301,s0.473824489,s247.999935414
181_76,s-3.109520627,s-1.406076899,s257.615772208
181_77,s-5.558549696,s-3.946069152,s4.848086517
181_78,s-7.829809329,s-0.291530292,s196.443830884
181_79,s-4.280010312,s5.171633645,s244.353216811
181_80,s-7.737321830,s2.756137531,s155.659315204
181_81,s3.387454957,s-3.394055930,s120.581541625
181_82,s1.476629421,s-2.011973819,s136.492143959
181_83,s-1.709291147,s1.786880681,s244.807665574
181_84,s0.871761866,s2.597251234,s61.589390793
181_85,s7.244924377,s0.733475956,s140.581832109
181_86,s6.641864440,s6.047260173,s218.610922619
181_87,s3.013705243,s5.426998930,s211.725041130
181_88,s8.281514465,s6.211623098,s131.109607776
181_89,s3.420381377,s-0.745142466,s317.357844750
181_90,s-7.772943320,s3.522814504,s211.193115752
181_91,s-5.394888184,s-0.506142476,s234.651989624
181_92,s-1.413654959,s6.632648909,s278.413285985
181_93,s-4.974429230,s1.000134814,s59.740119397
181_94,s-2.817436530,s-5.726878873,s3.592337571
181_95,s-4.550234269,s5.916357543,s16.469852944
181_96,s-0.514684656,s3.558823598,s189.955723196
181_97,s-0.737933182,s-0.531417737,s359.286587157
181_98,s-4.062880624,s4.238222073,s49.962299040
181_99,s3.497568396,s-0.155318891,s99.096934637
181_100,s4.440253631,s1.779257597,s146.519907123
181_101,s-2.143515858,s0.512029409,s88.901221592
181_102,s7.894745883,s-2.048580697,s136.291498462
181_103,s7.482135113,s1.915463787,s223.793622613
181_104,s5.000008560,s3.192293402,s255.409390306
181_105,s-0.775099937,s1.087503670,s125.741869973
181_106,s-4.948896253,s4.051913410,s201.263740932
181_107,s-6.078605599,s2.239964241,s258.039661275
181_108,s-1.214911753,s6.592397175,s255.655151612
181_109,s5.687382543,s1.946160497,s22.134424635
181_110,s2.023887146,s7.696220635,s186.571120955
181_111,s0.423149142,s-1.108068815,s233.686495507
181_112,s-1.498413484,s7.869148559,s318.635854208
181_113,s1.549530462,s2.717278285,s271.369651256
181_114,s5.752591347,s2.781817365,s183.994647624
181_115,s5.648127158,s5.423500214,s47.804887546
181_116,s3.342018628,s6.013936093,s150.464319328
181_117,s7.851103537,s7.332323992,s193.174751592
181_118,s-0.302518215,s6.190597739,s233.297505244
181_119,s7.154755830,s3.789434482,s264.528723313
181_120,s-7.946524031,s7.634168064,s307.657806434
181_121,s-5.982207849,s-1.029766182,s322.962688230
181_122,s-5.381863058,s3.592548222,s186.426275841
181_123,s-5.373637232,s0.584794207,s60.226531844
181_124,s-2.530420978,s2.812954813,s333.712512596
181_125,s-2.856562686,s2.950386034,s345.020986152
181_126,s3.957972917,s5.450192121,s106.459616294
181_127,s0.409572359,s6.548309891,s106.185137888
181_128,s2.387714606,s7.433115709,s62.042571744
181_129,s1.899385540,s3.383759110,s278.622719128
181_130,s5.733336086,s5.711599494,s346.579486238
181_131,s4.299223073,s-3.223287105,s229.949177712
181_132,s7.973593143,s1.281660504,s127.140246038
181_133,s2.960261652,s7.777035637,s31.339518332
181_134,s5.799197258,s3.858674159,s138.589581271
181_135,s-6.785667043,s4.443541924,s56.312391935
181_136,s-8.033908846,s1.115973187,s47.525546494
181_137,s1.165351336,s3.801472542,s31.320960409
181_138,s-8.040692218,s4.590374169,s150.959374987
181_139,s-0.112941143,s5.539865645,s121.915429710
181_140,s-2.273908155,s4.372191760,s308.254176669
181_141,s-6.299981137,s5.036707922,s158.400449040
181_142,s-0.167929297,s4.300064427,s166.994351588
181_143,s3.876739254,s6.014174060,s50.030045859
181_144,s3.502228305,s3.877791938,s169.524299361
181_145,s4.484170236,s-0.014118240,s306.483345020
181_146,s4.116960745,s3.483338629,s357.842505014
181_147,s-5.959835081,s7.814906597,s68.582751973
181_148,s4.214229066,s3.903459979,s97.220614050
181_149,s1.409941147,s5.775027656,s77.543735378
181_150,s-5.565120261,s7.360404628,s135.297107539
181_151,s-6.130691412,s5.896865362,s32.023808625
181_152,s0.214890515,s7.978673310,s109.040870713
181_153,s-5.653527639,s6.453697435,s44.721236990
181_154,s-4.238910596,s3.180901706,s38.836911403
181_155,s7.382177795,s5.344609269,s62.684926017
181_156,s-2.320253256,s1.197270787,s170.802934345
181_157,s1.915306996,s6.387305146,s217.720326644
181_158,s-2.522118493,s7.857487810,s252.024965952
181_159,s1.257469244,s5.063661123,s120.910817972
181_160,s7.378823877,s7.737489079,s42.640746146
181_161,s1.338465986,s6.063483040,s55.315268612
181_162,s4.576660916,s7.836106215,s326.628460757
181_163,s0.422818680,s5.896823751,s29.257121692
181_164,s5.199749034,s5.851281037,s292.371931203
181_165,s-4.792814513,s7.919976303,s172.646199856
181_166,s-2.384994297,s6.649168685,s58.835825619
181_167,s-6.430645992,s2.992461342,s227.235480528
181_168,s-7.755937630,s5.363621617,s224.839305659
181_169,s-0.058930694,s7.570136904,s22.126989869
181_170,s-4.266878424,s7.710057815,s323.138467634
181_171,s-7.796149767,s6.021834057,s117.791284973
181_172,s-2.919996943,s5.606302472,s79.021630043
181_173,s2.582156332,s4.547549503,s123.486947787
181_174,s-0.987469057,s5.525713958,s218.619930927
181_175,s1.217683180,s4.365821142,s213.788263102
181_176,s6.341563628,s6.560187680,s299.071472724
181_177,s7.943844504,s-0.304204639,s11.689251932
181_178,s3.614092872,s7.697588524,s36.057118182
181_179,s3.288694579,s1.146774874,s159.688843844
181_180,s-4.415708576,s4.295879255,s118.001838648
182_0,s-6.488093930,s-7.466646265,s177.710005066
182_1,s-8.178705041,s-6.630108271,s17.868771016
182_2,s-7.872648617,s-3.621390069,s142.117043544
182_3,s-7.263423213,s-6.588564079,s193.110550931
182_4,s-5.662888423,s-4.885418010,s321.635950525
182_5,s-2.947978095,s-6.525014935,s141.639422481
182_6,s4.483505132,s-0.375039654,s279.678905276
182_7,s-0.240433463,s-1.548434726,s205.530121249
182_8,s-1.778740999,s-4.076287733,s227.900410535
182_9,s-2.152803043,s-5.519874986,s74.977127051
182_10,s1.539666640,s-6.484777902,s286.195700602
182_11,s4.986329017,s-3.507231305,s298.059338350
182_12,s2.206918028,s-3.068903285,s110.389519919
182_13,s7.313407209,s-7.944400995,s232.824847934
182_14,s7.794634713,s-4.458727449,s252.213844422
182_15,s-4.587696741,s-7.028952519,s52.861717208
182_16,s-3.015515149,s4.072422727,s38.558690394
182_17,s-4.551675185,s1.288092075,s134.195388270
182_18,s-7.657018121,s-2.373413736,s80.325002032
182_19,s-1.049242485,s-2.102003423,s142.520190321
182_20,s-7.095287602,s0.383293113,s333.444949277
182_21,s0.254456408,s-8.024851935,s82.940144823
182_22,s-0.320529876,s-0.013246887,s18.942256791
182_23,s3.719476750,s-6.617491909,s299.324217180
182_24,s5.526869117,s-2.385602147,s83.371887021
182_25,s4.977878477,s-5.860276659,s270.606849196
182_26,s7.021873980,s-2.662613219,s53.019280840
182_27,s3.662065322,s-3.704820863,s313.365777647
182_28,s3.370534570,s-7.666715242,s142.390925548
182_29,s7.324487009,s-5.238070863,s140.548650906
182_30,s-8.138471307,s-5.244592241,s201.313936952
182_31,s-7.131767507,s1.041698207,s98.409712515
182_32,s-0.911338150,s-8.097978667,s10.889668603
182_33,s-2.184085951,s-0.655946819,s217.722097053
182_34,s-2.831060448,s-3.987289395,s322.713846044
182_35,s0.300215137,s1.782822479,s168.441015565
182_36,s-1.595490146,s1.240362451,s305.041615099
182_37,s5.272306594,s-7.517273887,s237.355216230
182_38,s4.881452907,s2.419379844,s324.109752728
182_39,s0.959470431,s-0.495966193,s195.691162620
182_40,s6.570581851,s2.545833348,s267.033993253
182_41,s6.919598068,s-5.180700160,s180.056196803
182_42,s-4.293135428,s-8.053806569,s124.028945472
182_43,s3.364116073,s7.439815134,s1.631998777
182_44,s1.470301309,s0.449585843,s272.209165324
182_45,s-5.803471739,s0.842963852,s114.627626244
182_46,s-4.960347067,s-3.470159990,s139.685823106
182_47,s-1.392654562,s-2.500220571,s38.829020574
182_48,s-5.100380144,s5.948597120,s213.063259969
182_49,s-1.258479996,s-1.062618941,s300.345106199
182_50,s-8.153868608,s1.937460005,s357.251029767
182_51,s1.019167018,s-5.971405811,s37.415877866
182_52,s-1.716808599,s2.447752974,s40.505465829
182_53,s-6.055100345,s1.658694218,s297.961791971
182_54,s-0.912397874,s-5.196282142,s217.182214877
182_55,s1.888914055,s-4.487490939,s357.159460490
182_56,s-2.145583640,s-2.231672213,s354.780850464
182_57,s6.512669781,s-7.275508844,s72.446802743
182_58,s0.509306440,s5.590297419,s15.713846340
182_59,s4.704711595,s2.658279040,s24.114993714
182_60,s-1.993659645,s3.920535064,s286.887110648
182_61,s-6.172859955,s-0.813205980,s47.705493827
182_62,s-4.928261031,s4.874411765,s292.303743435
182_63,s-4.227219921,s-2.033303255,s49.372052649
182_64,s-2.983087858,s-1.212595818,s175.460146683
182_65,s-4.251594598,s-3.946130135,s75.331622883
182_66,s-2.013799350,s1.697517121,s162.431826652
182_67,s-7.277058321,s3.317023403,s303.361650369
182_68,s5.825153073,s3.537223125,s160.064856644
182_69,s-0.551705023,s-0.591912955,s132.580658581
182_70,s3.621662515,s0.456803457,s272.756371926
182_71,s1.591343668,s-3.968882893,s295.004781801
182_72,s0.235932514,s2.816510697,s209.448056502
182_73,s7.888996073,s0.859472860,s314.482663055
182_74,s2.035772176,s-1.592475343,s8.661154044
182_75,s-8.028673702,s-0.203363489,s143.684256298
182_76,s-2.961464116,s2.172121141,s305.842541718
182_77,s-6.757654759,s6.812204517,s143.161456648
182_78,s-6.311152027,s2.292559007,s347.745506305
182_79,s2.244037188,s0.739743425,s353.907599489
182_80,s1.444721680,s-0.668477871,s307.395952156
182_81,s1.732709154,s6.793488740,s38.076575180
182_82,s1.635558093,s3.634484203,s169.543644584
182_83,s-3.870178304,s0.312623904,s352.768574894
182_84,s5.696741552,s0.395331178,s220.042854425
182_85,s-6.969104356,s5.601088195,s327.848816923
182_86,s3.160983118,s-2.586469254,s41.075059981
182_87,s6.909137487,s0.200851325,s56.889495416
182_88,s0.278359748,s-3.037703724,s127.318226612
182_89,s7.640116569,s-1.822624576,s319.612325268
182_90,s-6.366746515,s0.567888409,s202.142061736
182_91,s-7.679840882,s-1.012127537,s119.263499422
182_92,s-2.484734616,s4.552445352,s210.251466713
182_93,s-5.992740554,s7.696868305,s252.520138056
182_94,s-5.139309977,s7.872969760,s133.813347191
182_95,s7.764812533,s-3.760793925,s29.036168399
182_96,s-3.984825574,s-0.704316100,s224.650540952
182_97,s7.580688275,s6.833744092,s82.472348196
182_98,s-7.626366427,s3.048255385,s104.527829598
182_99,s7.627939276,s1.553226712,s178.014672767
182_100,s4.588003350,s-2.199109835,s220.948762675
182_101,s2.840637913,s3.283023948,s191.604240537
182_102,s3.777959178,s3.036777198,s21.511203953
182_103,s2.087488461,s5.083057896,s257.819585345
182_104,s0.975952125,s6.161923631,s16.611086063
182_105,s-3.684535425,s-4.665558974,s158.233818730
182_106,s-1.505710690,s7.835658541,s147.289328217
182_107,s4.849556768,s-3.034959177,s329.965813399
182_108,s-1.363753778,s6.925328753,s86.938755367
182_109,s2.008027649,s7.159059841,s213.082699955
182_110,s-1.351314434,s4.915094246,s169.659081992
182_111,s-4.516583639,s6.540589916,s313.255051906
182_112,s5.805351499,s4.453444679,s163.858779567
182_113,s-0.559711219,s3.708058796,s340.150750007
182_114,s7.595772218,s6.384802341,s270.783894494
182_115,s-3.301986339,s7.586947598,s45.009089489
182_116,s7.883756077,s-6.641942294,s317.935087303
182_117,s-0.979374000,s6.401354199,s244.849840821
182_118,s7.283257209,s2.784092825,s183.802351897
182_119,s4.542104406,s0.361684960,s78.283036560
182_120,s-6.765691787,s2.342407530,s245.025323194
182_121,s-8.216121681,s2.908883316,s346.462285330
182_122,s-7.735776170,s0.352259622,s25.411531550
182_123,s-0.502380163,s0.859106977,s161.870412694
182_124,s4.556682971,s2.178878472,s215.098337307
182_125,s3.503319261,s7.967915542,s250.009286476
182_126,s-1.154876086,s7.786143361,s174.596378616
182_127,s4.564308753,s4.305775160,s150.749384505
182_128,s-4.807935600,s-1.377132010,s39.189311258
182_129,s3.784376231,s-0.193557950,s17.046013784
182_130,s-3.275043611,s6.522761527,s124.294191388
182_131,s7.850099119,s2.316830673,s55.514767259
182_132,s6.867148138,s5.543124186,s57.352002691
182_133,s-0.254407349,s-5.771513801,s101.933798087
182_134,s-5.608531710,s5.438238104,s35.102220322
182_135,s-0.549499440,s3.883770353,s65.326699755
182_136,s0.902472004,s0.737448283,s244.199079223
182_137,s-2.222641696,s0.163776613,s54.938520771
182_138,s-4.601829561,s0.343400440,s105.427897829
182_139,s-7.934698150,s3.815970866,s261.825279996
182_140,s-3.479283156,s3.095571368,s189.641289921
182_141,s5.703818999,s6.818347299,s61.436535407
182_142,s2.768793907,s5.690670178,s67.101388906
182_143,s3.271510878,s5.847259015,s98.995215236
182_144,s5.029717397,s5.263562832,s203.390377541
182_145,s0.125136424,s7.836078033,s33.718768359
182_146,s-6.245380531,s7.185712238,s330.166535093
182_147,s6.201500532,s0.988425814,s230.320491058
182_148,s7.910095351,s3.684229603,s124.944917500
182_149,s7.278782001,s3.875340028,s316.312801314
182_150,s-3.486238526,s5.866186860,s104.333596516
182_151,s-8.055837723,s6.696392606,s265.983507946
182_152,s-4.794158830,s3.365886238,s207.888449249
182_153,s-3.402334746,s5.182463015,s142.429730043
182_154,s3.297388747,s0.158929051,s271.405447567
182_155,s-2.363804581,s6.921377126,s198.778359336
182_156,s-2.000647184,s-6.362421493,s51.186013298
182_157,s7.118500421,s7.361584787,s326.809547671
182_158,s7.862527479,s4.981457121,s213.963033954
182_159,s-3.435267578,s-2.912087948,s133.627400349
182_160,s3.167221151,s2.113471224,s326.465590483
182_161,s7.898472410,s5.732983798,s36.510076068
182_162,s7.803276764,s7.993469671,s235.830609451
182_163,s6.063956584,s3.827381583,s165.208274529
182_164,s3.490804063,s6.608064339,s49.973208955
182_165,s-4.706039323,s6.929642527,s348.593674146
182_166,s1.138330373,s7.215369877,s219.111852241
182_167,s2.215192868,s4.560514218,s219.577872531
182_168,s-3.897050300,s2.720294555,s4.938185304
182_169,s-6.389685027,s3.358184833,s137.446029982
182_170,s5.793570282,s1.943122622,s189.696062325
182_171,s-0.481767913,s7.846704776,s281.165603571
182_172,s1.083798602,s7.993469671,s292.088587967
182_173,s0.557328212,s-0.000990775,s110.156375363
182_174,s-4.250735212,s5.351541188,s34.105434811
182_175,s1.432971258,s7.525737263,s140.761240605
182_176,s4.343540505,s5.506612902,s337.895191199
182_177,s4.877845740,s7.978765926,s62.640009684
182_178,s0.376811659,s3.927166543,s94.887453753
182_179,s7.032938677,s7.471392952,s294.312264442
182_180,s-8.172268201,s5.640572039,s161.377628044
182_181,s-6.025642471,s4.113692864,s153.340851504
183_0,s-2.058820895,s-2.809192043,s186.773016964
183_1,s-5.928268681,s-7.022547306,s351.166737894
183_2,s-6.680718732,s-0.026727273,s60.034357731
183_3,s-3.791745236,s-7.694449279,s128.126409911
183_4,s-4.915280687,s-2.184461712,s63.930312027
183_5,s-6.931989333,s-6.573843403,s354.220012343
183_6,s-3.404679627,s-7.529910284,s309.938189666
183_7,s-1.060451165,s-7.071858301,s119.120999824
183_8,s-1.929446252,s-0.206325515,s74.509385867
183_9,s5.394542918,s-5.130575291,s23.066561462
183_10,s5.812349990,s-4.208276399,s126.731663274
183_11,s4.226401221,s-6.911346802,s8.789289656
183_12,s6.309707724,s-5.034402487,s194.238104851
183_13,s5.075501741,s-1.459381884,s195.289739468
183_14,s7.644203386,s-2.212658481,s156.952455616
183_15,s-4.435326389,s-3.262691160,s138.071771677
183_16,s-0.488694023,s0.591388461,s124.337667824
183_17,s-2.268404507,s-5.458268340,s71.784349278
183_18,s2.733842176,s-4.272038082,s58.167893787
183_19,s-0.070512182,s-1.155074657,s332.647160502
183_20,s1.131215339,s1.721336057,s335.815380824
183_21,s-2.146904220,s2.249168800,s218.734300600
183_22,s1.175141654,s-5.133415094,s9.645531485
183_23,s-2.714677566,s-6.138592003,s166.182493458
183_24,s3.669678100,s-3.617354209,s224.501628059
183_25,s7.342485711,s-3.889557487,s320.128502972
183_26,s6.272940257,s-3.602469566,s331.363848048
183_27,s6.811812807,s-1.511421590,s217.098833658
183_28,s4.905707495,s-2.720851526,s256.800429800
183_29,s7.414914988,s0.194352148,s25.963054272
183_30,s-0.141918754,s-0.407877020,s109.641581660
183_31,s-0.372023043,s-4.508746949,s122.893282158
183_32,s-7.306943086,s2.533599910,s183.061966551
183_33,s-0.508711602,s-6.504800117,s32.314558033
183_34,s4.419536856,s-6.024771690,s329.882643355
183_35,s-1.834181750,s2.681227685,s8.343734825
183_36,s5.779544222,s-1.171775917,s215.228982892
183_37,s-2.758985696,s-0.778789684,s78.555290959
183_38,s-4.806693633,s1.735866089,s198.863913778
183_39,s-0.524630981,s-2.857729861,s217.259799410
183_40,s3.608194721,s-5.289710960,s44.040472556
183_41,s1.375884461,s-7.206518207,s14.259129868
183_42,s7.338876445,s-7.814617524,s292.636212062
183_43,s6.028920125,s-6.717895516,s35.585263559
183_44,s6.576703163,s-6.108263960,s46.031184118
183_45,s-6.372036437,s-4.228445367,s350.856914867
183_46,s-6.497696380,s-2.787764739,s200.235465686
183_47,s-5.632588560,s6.851824472,s359.196761903
183_48,s-6.481848275,s-5.068862564,s250.351104716
183_49,s-7.608854242,s1.161457071,s310.269185542
183_50,s1.625025547,s1.420487535,s35.024311711
183_51,s6.506826758,s5.670211657,s10.700576088
183_52,s0.689559033,s-6.561297824,s99.131539872
183_53,s-5.255257706,s0.203389225,s159.925892122
183_54,s6.806888025,s1.109910874,s154.093814636
183_55,s1.206658575,s-0.459079905,s348.165870039
183_56,s-1.770701297,s6.339718271,s173.309720303
183_57,s4.146701718,s-3.705767092,s285.190180066
183_58,s-1.179826894,s-3.916669453,s78.897623769
183_59,s7.099775980,s-4.458868270,s93.424984799
183_60,s-7.297383006,s-3.632434959,s180.945097179
183_61,s-7.695918056,s3.097823397,s274.050248954
183_62,s5.203679724,s-4.779392663,s335.250672977
183_63,s-5.518038877,s-4.003726441,s119.410071739
183_64,s-3.318510770,s-3.726373699,s148.011073048
183_65,s-7.387187727,s-0.327598305,s38.440967762
183_66,s0.986296959,s-0.757905415,s44.085586676
183_67,s2.226982790,s-2.928778609,s285.526499458
183_68,s0.363543375,s7.269818536,s129.016098885
183_69,s0.444801981,s-5.426380519,s294.504132956
183_70,s-0.194602413,s3.320250077,s121.432100644
183_71,s1.826711811,s5.350986257,s55.580161662
183_72,s7.598178608,s-3.219503355,s241.444695037
183_73,s7.540040602,s-0.285167882,s27.243197389
183_74,s2.808443837,s2.423566493,s273.170290859
183_75,s-3.629727085,s7.325181988,s197.751660607
183_76,s0.452131231,s3.603870372,s278.755363002
183_77,s-7.367509059,s4.011160274,s121.868397288
183_78,s-6.332106959,s0.640825572,s144.948579838
183_79,s-5.670444422,s3.334298144,s310.123921768
183_80,s-2.177630457,s4.621212436,s330.116092263
183_81,s-1.234899228,s5.574923305,s113.064496748
183_82,s1.910304970,s-2.035752274,s58.204270614
183_83,s2.982367075,s-0.245473507,s80.125067758
183_84,s4.202849347,s2.234892704,s183.666906967
183_85,s1.894537165,s5.469778748,s33.805871789
183_86,s-3.474282068,s1.948196355,s184.651596655
183_87,s-3.027231117,s0.462667780,s275.581984834
183_88,s4.255132039,s3.165574474,s238.455092034
183_89,s3.477722011,s0.970869808,s128.236299857
183_90,s-0.922724068,s3.723440974,s329.870002981
183_91,s-4.094392975,s-0.140904066,s291.297580675
183_92,s-6.973312726,s-1.153471971,s1.262161551
183_93,s-4.287617352,s7.376426316,s25.543047022
183_94,s1.171246378,s0.759956480,s203.021949728
183_95,s-1.334137354,s6.806314498,s200.655471504
183_96,s2.749946843,s3.355217707,s9.658056765
183_97,s-1.463063360,s3.298053323,s144.005190211
183_98,s1.931133567,s-1.326312995,s157.152721466
183_99,s3.752419378,s4.530355089,s180.514321683
183_100,s-0.882721370,s-0.467388243,s319.242892082
183_101,s-6.521367524,s7.002012615,s158.431747432
183_102,s6.950166636,s-0.882524468,s146.147554301
183_103,s4.019386062,s-0.827122258,s342.493662835
183_104,s3.704928585,s0.772831761,s31.611576034
183_105,s-4.730468300,s5.264851229,s259.533825486
183_106,s-1.590196241,s-1.103228130,s308.682181560
183_107,s-5.906653907,s7.405427272,s146.051897766
183_108,s-1.364285664,s5.901482679,s222.728804065
183_109,s-3.754358642,s6.590933524,s228.714347154
183_110,s-3.375398393,s-0.820088916,s121.054242925
183_111,s7.102164421,s0.186147841,s28.641681771
183_112,s-5.143827574,s3.493593604,s285.666277730
183_113,s5.135051304,s5.476159045,s216.369149731
183_114,s3.011697250,s5.886212568,s147.363691749
183_115,s-0.991976672,s4.517975345,s81.668179087
183_116,s-3.495671493,s7.068927471,s294.705360252
183_117,s6.075140181,s6.575166981,s281.555535342
183_118,s6.846712382,s2.795496467,s182.481726379
183_119,s5.725100948,s5.454847550,s54.331768985
183_120,s-6.034348712,s5.565518752,s339.763118203
183_121,s-5.168902778,s-0.780280548,s57.402854179
183_122,s-6.644195859,s4.957616380,s292.953835556
183_123,s-4.624600092,s2.792247709,s4.597072408
183_124,s-7.695918056,s7.362439480,s136.056097504
183_125,s-3.808360276,s7.369046939,s65.505831228
183_126,s5.074173752,s2.133721080,s108.598350647
183_127,s7.320710555,s6.273567942,s19.026452190
183_128,s3.369079447,s-1.204095280,s130.077571304
183_129,s7.615116092,s7.358853686,s331.429847025
183_130,s4.376087532,s3.849019025,s93.919541495
183_131,s3.437304844,s-2.089249643,s287.299156294
183_132,s5.609093575,s3.336400566,s125.168950786
183_133,s0.578938171,s-4.287299140,s315.183986930
183_134,s7.311715516,s5.029370885,s49.052833933
183_135,s-7.536430787,s-1.404990981,s357.703921609
183_136,s-5.274212639,s5.154835865,s205.883439268
183_137,s-7.347929484,s1.564700415,s126.166397609
183_138,s4.034240824,s7.076815252,s294.906767903
183_139,s-0.065922656,s0.741079070,s211.342990933
183_140,s-4.236537830,s1.858276141,s276.774190905
183_141,s6.488427359,s3.836371425,s210.641270865
183_142,s3.174471297,s0.093740660,s196.888853791
183_143,s-2.082893841,s5.718274772,s19.576497350
183_144,s2.774724109,s3.944828812,s6.263519742
183_145,s-3.710344090,s6.005944820,s47.388687694
183_146,s7.117759336,s4.429269140,s83.364753396
183_147,s4.510325948,s6.166663329,s134.458576420
183_148,s0.819665471,s6.731376716,s237.866332455
183_149,s6.432186811,s7.385178801,s141.171565732
183_150,s-6.897951013,s3.197744007,s234.246916771
183_151,s-2.785481699,s5.579584018,s6.647754380
183_152,s-3.301611441,s4.605780812,s324.760442063
183_153,s-2.741448652,s0.339682172,s254.880265010
183_154,s2.632063681,s3.192683328,s330.406721710
183_155,s-0.533608443,s7.299876599,s37.441649263
183_156,s0.526190594,s5.596115098,s22.741571624
183_157,s-6.014775741,s1.208833444,s171.595003040
183_158,s3.026481409,s5.916563983,s76.424719009
183_159,s5.830505869,s3.928894428,s224.283974627
183_160,s-0.424991533,s4.887600739,s112.496068467
183_161,s0.893098216,s2.671630008,s46.695912430
183_162,s7.383114404,s4.302040390,s133.548363647
183_163,s6.272883255,s2.549676381,s259.398316787
183_164,s4.689016687,s1.152767276,s339.971404959
183_165,s-6.671698080,s6.350310956,s108.736526439
183_166,s-4.650642357,s-0.596894205,s113.378434246
183_167,s-5.580344632,s3.998477116,s4.630092286
183_168,s-4.953603317,s6.756626297,s338.330830371
183_169,s-6.203978569,s2.132877243,s240.895201878
183_170,s-1.939562566,s6.866711701,s267.854991987
183_171,s-1.824247448,s3.157683634,s307.300659864
183_172,s0.170637858,s4.802263978,s117.029652337
183_173,s-3.800293071,s2.558154168,s107.138406011
183_174,s-2.533593074,s0.547954274,s80.342129325
183_175,s5.416757353,s1.078648358,s83.803865009
183_176,s2.785866168,s7.092287864,s292.988799615
183_177,s-3.163667870,s3.721480488,s23.072685478
183_178,s5.043011716,s7.392244741,s354.357190880
183_179,s7.365843170,s7.091472538,s204.077385446
183_180,s-7.508694878,s6.048628472,s98.023548328
183_181,s-2.443265019,s7.360693861,s97.311363855
183_182,s-5.086538131,s7.326665662,s335.292440131
184_0,s-6.535200267,s1.655513993,s167.166436775
184_1,s-6.231923286,s-4.940744832,s19.717217591
184_2,s-4.576551815,s-5.680603102,s212.233711168
184_3,s-2.867246049,s1.808806708,s42.567636805
184_4,s-5.142753401,s-5.986528417,s168.198532794
184_5,s-0.248284650,s-3.524516590,s175.829682068
184_6,s1.002961197,s-1.470956713,s243.935602072
184_7,s-1.574761659,s-3.821781685,s295.690505616
184_8,s4.032903066,s-4.017380911,s59.085816651
184_9,s3.003560028,s-6.880551949,s106.043270492
184_10,s4.213495197,s-2.502661980,s135.663714514
184_11,s2.763453037,s-5.449280104,s114.611306940
184_12,s4.687243204,s-7.210706679,s195.919297848
184_13,s0.827921571,s-2.002097558,s76.787165186
184_14,s6.334391637,s-6.921878085,s23.184407703
184_15,s-7.836313552,s-4.913392624,s281.194554209
184_16,s-4.922043635,s-7.351284928,s29.757303391
184_17,s-1.829990831,s-2.845485161,s169.492265255
184_18,s-2.309680805,s-5.457663308,s352.598776371
184_19,s-2.645217267,s-3.261009355,s248.981335386
184_20,s7.445485781,s-3.323511054,s332.096571345
184_21,s-6.384848239,s-6.882295555,s136.068748226
184_22,s1.257781640,s-3.604650578,s219.302381599
184_23,s-0.758711753,s-2.126366540,s139.363152936
184_24,s6.140101656,s-7.732030706,s129.205031132
184_25,s1.551973066,s5.983236724,s174.029572743
184_26,s-1.667376687,s1.718050217,s352.204749618
184_27,s4.385656800,s-3.476283316,s144.359545220
184_28,s5.941437038,s-0.434865470,s319.290615706
184_29,s2.642853778,s-2.839485669,s66.198386448
184_30,s-7.327863802,s-1.200015968,s20.259688144
184_31,s-3.471752878,s-3.816154560,s19.594251433
184_32,s0.200107013,s-6.880346241,s211.848759935
184_33,s-3.217864787,s-5.569462465,s56.602437961
184_34,s-6.158725943,s0.062990730,s88.772673273
184_35,s-7.112516993,s-5.658214851,s133.168181474
184_36,s-7.600280714,s-2.391766694,s127.176297349
184_37,s2.124876878,s-7.304414633,s92.075642955
184_38,s-5.671494960,s7.154443276,s229.520805900
184_39,s1.416916827,s-6.434124187,s2.826159761
184_40,s0.831331437,s-4.440722510,s205.501468631
184_41,s3.084912374,s3.229373083,s39.189777974
184_42,s1.606338869,s-5.783214803,s82.434197710
184_43,s4.673674167,s2.089086448,s75.701671002
184_44,s6.536033106,s-1.697150109,s176.410300281
184_45,s2.953913430,s1.141334348,s9.231933352
184_46,s-4.000333085,s-1.013478315,s29.876727105
184_47,s0.308401752,s-2.753658919,s91.088393686
184_48,s3.440135350,s-0.629386368,s7.396822977
184_49,s-5.935658769,s0.687828138,s247.455039141
184_50,s-4.616292869,s3.929570859,s193.913560057
184_51,s3.705162122,s-5.162457990,s101.184986364
184_52,s-5.660478101,s4.273650104,s58.550124706
184_53,s6.660920895,s7.256238974,s180.971324080
184_54,s-0.960502964,s-7.446304646,s18.690877460
184_55,s1.733929833,s2.426629249,s324.696189202
184_56,s1.187709992,s-5.333936067,s227.050697596
184_57,s2.336837488,s-1.567696582,s215.158839633
184_58,s7.490195225,s-6.413322574,s189.810727310
184_59,s6.213881130,s-4.534444653,s199.125344176
184_60,s-7.308130004,s3.733622840,s341.630845009
184_61,s-5.742281407,s-0.370974180,s330.111537178
184_62,s-4.896811315,s-3.131257893,s312.204713925
184_63,s-4.438989234,s0.673271367,s85.868713281
184_64,s-4.943905944,s-4.181227413,s144.963100109
184_65,s-2.792691845,s1.177444550,s131.057986912
184_66,s-1.506705452,s-2.283672236,s164.275724652
184_67,s-7.296206894,s5.767587842,s285.542932017
184_68,s3.241296327,s-1.234793957,s262.578943145
184_69,s-3.790435286,s-0.069014185,s286.873253696
184_70,s1.891885286,s4.018604748,s285.176098378
184_71,s-2.520038066,s1.737516359,s13.124403730
184_72,s-2.637605696,s-0.381017048,s340.583742488
184_73,s4.960623428,s0.834616943,s208.310164135
184_74,s7.490202105,s-5.998582548,s107.651689081
184_75,s-5.043838551,s2.963973117,s49.516179684
184_76,s-7.945875590,s-2.812580780,s129.771308328
184_77,s0.643780527,s6.818133153,s302.426382965
184_78,s-3.864427138,s3.405860721,s156.538432263
184_79,s7.681037162,s5.703369548,s24.576831387
184_80,s-4.535399085,s6.314005251,s36.470824547
184_81,s1.172548950,s1.070552167,s140.288413366
184_82,s4.772918979,s1.597343002,s18.339822451
184_83,s-5.395670871,s0.465137827,s134.835797526
184_84,s3.905077931,s4.984582440,s231.620565024
184_85,s5.874876158,s-0.106597013,s234.003087516
184_86,s7.741053638,s-1.534668820,s232.895671754
184_87,s4.174939643,s4.290463183,s35.934620014
184_88,s3.206799024,s-3.501037967,s296.420069036
184_89,s4.609131053,s5.373080646,s289.697146263
184_90,s-6.783053111,s-4.081176833,s36.998920443
184_91,s-3.667309028,s6.869836886,s351.670526681
184_92,s0.454746424,s1.430805604,s82.273117209
184_93,s0.063509577,s4.467707683,s346.230139052
184_94,s6.334818158,s0.203370800,s107.677378390
184_95,s-1.239688174,s-0.544996364,s244.061187005
184_96,s-2.818902641,s-1.665258729,s47.585318593
184_97,s2.763545065,s2.907393051,s317.573774491
184_98,s-3.704324493,s6.174219409,s206.038186571
184_99,s0.177777064,s5.936651067,s134.766701066
184_100,s6.236556881,s2.355878568,s72.264305549
184_101,s3.106485741,s7.580692670,s267.951466997
184_102,s6.811682357,s3.225163926,s250.085077737
184_103,s4.572922676,s-1.493120067,s64.236854541
184_104,s5.072214063,s2.584742414,s213.637707147
184_105,s-7.026123251,s-0.095209006,s352.854714155
184_106,s-1.231864611,s-1.375157380,s203.158636448
184_107,s1.173854166,s-1.067943840,s342.794206316
184_108,s-3.553537270,s7.445679504,s277.124410031
184_109,s-5.741211023,s2.856463214,s202.068358637
184_110,s-6.554284582,s5.346965326,s23.417569882
184_111,s7.058845631,s-2.961820979,s342.773330854
184_112,s0.459150404,s1.907586162,s20.415601956
184_113,s4.033635962,s5.567740972,s176.050469494
184_114,s7.763682111,s2.592135628,s274.899648713
184_115,s-2.983660952,s0.509407224,s250.785312429
184_116,s1.792937306,s7.076554903,s332.151336187
184_117,s3.460357762,s7.275934994,s62.217152784
184_118,s-0.838700348,s5.955515730,s230.352598989
184_119,s7.620308230,s7.142377734,s203.118621044
184_120,s-7.886406005,s3.261402329,s23.832465310
184_121,s-1.928166421,s0.267032203,s288.000758985
184_122,s-7.843173329,s-1.854746321,s349.233251438
184_123,s-0.789762587,s6.975206767,s249.045955240
184_124,s-5.070401798,s3.183566144,s35.455079551
184_125,s2.527228105,s1.504362351,s238.120483419
184_126,s-3.779378828,s0.669828368,s303.726431122
184_127,s-2.167297552,s3.752039531,s346.870925625
184_128,s4.222868578,s7.151673471,s309.747391858
184_129,s3.230920915,s4.154253023,s275.888907896
184_130,s7.695328453,s6.559230016,s222.919128329
184_131,s5.794547151,s5.726207340,s199.628386217
184_132,s5.805302551,s-0.462080821,s121.868064767
184_133,s2.074618438,s4.655365648,s297.839218422
184_134,s5.355789944,s-3.811412072,s133.937231491
184_135,s-7.303180857,s7.455032622,s314.056573133
184_136,s-7.306447646,s2.413532611,s326.869512958
184_137,s-6.171390557,s1.493526931,s339.352737622
184_138,s0.843288862,s0.006945808,s347.132690147
184_139,s3.020813579,s5.446579767,s0.965815551
184_140,s-7.390761506,s-0.510115325,s194.599534370
184_141,s-5.899168501,s5.948986249,s170.077629291
184_142,s5.923407146,s4.558554066,s80.499383563
184_143,s1.815494835,s-0.856077366,s95.010422642
184_144,s2.774663051,s7.542132674,s29.602904618
184_145,s-2.813425279,s2.479873054,s38.692327645
184_146,s3.741332616,s1.596866612,s143.517271018
184_147,s0.890227818,s4.773620358,s303.492058594
184_148,s7.771872313,s3.619151655,s150.507167135
184_149,s7.064714567,s4.134977044,s112.136237278
184_150,s-7.874467559,s7.112365869,s307.468420001
184_151,s-6.744020289,s6.597600165,s20.514775429
184_152,s-4.345529486,s4.229436256,s45.626537649
184_153,s-4.425764939,s1.680811578,s148.191217720
184_154,s1.497498518,s2.608973665,s71.360562646
184_155,s-4.708231488,s1.207230940,s223.922131842
184_156,s-0.236071386,s0.995713310,s39.852328213
184_157,s4.575833411,s6.048394042,s224.451010175
184_158,s3.222400719,s4.854419566,s173.266675267
184_159,s0.612181647,s3.799103562,s197.131253183
184_160,s-4.689581830,s5.507188972,s264.588709849
184_161,s2.181414513,s7.512850453,s249.345403500
184_162,s5.880207389,s3.307485736,s183.523127312
184_163,s-2.090955733,s6.816348563,s198.797380650
184_164,s7.374715390,s0.244235907,s293.292919613
184_165,s-3.286546723,s6.814783449,s160.168275714
184_166,s-3.173977943,s5.377309077,s297.656254924
184_167,s-4.911617652,s5.455431639,s280.531249325
184_168,s-4.757633636,s6.712830556,s323.332948162
184_169,s-6.487885976,s7.502539572,s158.092446676
184_170,s-3.612515198,s3.965940544,s274.221048677
184_171,s2.901635540,s5.972120943,s43.331743819
184_172,s5.428185601,s3.915870173,s256.229651619
184_173,s-4.333481106,s7.143241812,s298.716789000
184_174,s7.781055165,s4.609929656,s9.834365423
184_175,s-1.843497045,s-0.860267931,s104.485755821
184_176,s4.062181514,s6.511970247,s176.743333499
184_177,s4.712587932,s3.351132084,s281.411596007
184_178,s7.328032174,s5.297050830,s195.390650006
184_179,s-2.612835610,s7.367403275,s175.818022526
184_180,s-6.462157193,s3.117819491,s146.896948082
184_181,s-3.491093588,s1.525657010,s287.920860582
184_182,s0.953751413,s7.305054424,s177.346732171
184_183,s-1.393078647,s3.942884426,s56.844331785
185_0,s-8.325383378,s0.070079192,s111.650253121
185_1,s-3.221264115,s-4.085174618,s291.721382936
185_2,s-7.576693348,s-8.384426469,s323.178312745
185_3,s-7.158939013,s4.605977285,s85.054078494
185_4,s-3.921827290,s0.849523503,s32.362268655
185_5,s-8.572627439,s-4.896628404,s94.371002396
185_6,s1.125602747,s-7.839307348,s324.254028484
185_7,s-5.266848700,s-4.864330101,s305.351397140
185_8,s-1.683810359,s-7.621215737,s88.295652040
185_9,s2.797581581,s-7.705610954,s240.594057389
185_10,s5.361864904,s-4.333550906,s274.573802758
185_11,s6.153656874,s-4.383884774,s335.391171361
185_12,s3.731522482,s-3.913887578,s321.318453960
185_13,s8.616648430,s-6.676297207,s289.598674425
185_14,s8.578518373,s-2.210084695,s53.414266627
185_15,s-8.518803954,s-8.549124027,s282.065347924
185_16,s-5.993224794,s-7.760767029,s226.436887571
185_17,s-4.249040867,s-4.526955482,s135.122292834
185_18,s-4.095692234,s-3.090345103,s317.961270717
185_19,s-6.233480947,s-8.613531160,s144.868860512
185_20,s-7.196069988,s-0.575227838,s141.486396074
185_21,s-6.137169719,s-3.874931203,s293.610951833
185_22,s-0.780108032,s0.880126626,s198.541928661
185_23,s-4.438069865,s-0.158592368,s223.283638987
185_24,s6.584737103,s-2.964970281,s0.740436997
185_25,s3.008979744,s-2.523057815,s150.065968203
185_26,s8.315171474,s1.172135232,s133.728389441
185_27,s7.515941745,s-7.980089798,s92.812793375
185_28,s6.852930666,s-1.841585004,s119.125381726
185_29,s7.822452838,s-7.217690426,s281.841786852
185_30,s-7.710989334,s-7.858965392,s308.398904024
185_31,s-7.322725453,s-1.885664173,s338.398674336
185_32,s-2.485949590,s-1.254473187,s32.097567907
185_33,s-7.993805463,s-3.476714657,s287.334531737
185_34,s-5.359924473,s1.994106783,s334.557506802
185_35,s-3.530138746,s-0.334986173,s223.514353695
185_36,s-2.890234599,s1.847409748,s124.340628120
185_37,s2.409389042,s1.583040641,s340.912200481
185_38,s3.612587318,s-5.305481286,s307.968502123
185_39,s8.333473294,s-3.697309439,s293.280508843
185_40,s0.866206292,s-1.329485644,s303.780992613
185_41,s4.473002529,s0.824066500,s87.214126470
185_42,s-2.016786622,s0.180635712,s34.536376674
185_43,s0.721101188,s-2.695956733,s52.461270420
185_44,s6.307522906,s-6.834592829,s95.807490734
185_45,s-4.345260189,s1.626862288,s71.087575668
185_46,s-7.459531379,s8.248376955,s131.671565799
185_47,s-6.379830168,s-5.458630472,s22.795060124
185_48,s-6.842789064,s7.952285980,s144.004742664
185_49,s-4.760267863,s-6.311252021,s8.523267153
185_50,s6.250077638,s5.743607243,s321.524799876
185_51,s2.081700869,s0.869913792,s250.456103144
185_52,s4.780195010,s3.725834240,s161.897446993
185_53,s3.682788602,s-0.375900793,s285.367905164
185_54,s0.617510731,s-6.078607517,s142.203414759
185_55,s-1.458601027,s-4.079057408,s12.551272969
185_56,s0.219088103,s0.516130451,s252.077483169
185_57,s7.390819615,s-1.537472666,s187.784318181
185_58,s6.236490354,s-0.647685777,s199.938445418
185_59,s8.067656852,s0.140353012,s254.517786211
185_60,s-8.401336099,s7.245933033,s337.911734420
185_61,s-8.123748837,s1.531334364,s7.471800664
185_62,s-8.067648871,s4.966760292,s264.486181900
185_63,s-8.361612793,s-1.437900166,s121.443024135
185_64,s-0.993370841,s-6.438795006,s121.764143631
185_65,s-1.012146885,s7.168542762,s332.190296161
185_66,s-2.830467101,s4.460336919,s37.993035188
185_67,s1.738980826,s-3.324858878,s278.732328759
185_68,s0.000638458,s-0.176261173,s124.042244956
185_69,s4.146961937,s-0.795324854,s266.584424095
185_70,s1.968053627,s2.328373353,s157.625527222
185_71,s0.552493956,s4.381499349,s25.677412957
185_72,s5.818766453,s-1.578705034,s82.137816672
185_73,s2.341213072,s-3.264564001,s278.210898741
185_74,s2.298585451,s3.479462474,s324.986869051
185_75,s-6.722480771,s-4.865743457,s145.325761175
185_76,s-4.820193487,s-1.635616318,s235.810204666
185_77,s-3.369986152,s-2.083803111,s298.777123280
185_78,s-3.455954491,s2.323518350,s175.025375241
185_79,s5.318850041,s6.199876605,s328.914046109
185_80,s4.229946195,s3.685596864,s64.237657088
185_81,s-7.328240578,s0.783365359,s120.694700274
185_82,s-5.772928476,s5.107482541,s80.261802503
185_83,s6.568750348,s-0.363947124,s255.565456763
185_84,s-0.638461544,s-0.097471306,s246.008883725
185_85,s6.174392883,s0.682653170,s234.772814404
185_86,s0.697168048,s-1.217024546,s254.184718544
185_87,s4.673503377,s-6.619759538,s85.382357580
185_88,s5.151077920,s-2.171839911,s269.303369347
185_89,s4.002820014,s8.397075605,s90.082521340
185_90,s-7.524084284,s6.677012567,s312.940935161
185_91,s0.540012200,s2.614147477,s148.835176014
185_92,s-1.623540197,s-1.304674000,s297.900840693
185_93,s0.052017593,s-4.282987596,s179.619488684
185_94,s-0.721729172,s3.012653732,s82.837671065
185_95,s-6.046421941,s1.683652529,s254.963239767
185_96,s3.523930479,s7.451647796,s341.137700596
185_97,s6.465159724,s2.852388061,s4.500850865
185_98,s2.307867995,s5.348042490,s270.857104334
185_99,s7.008568519,s7.909007540,s221.499430077
185_100,s-1.386410871,s3.819626171,s84.036646412
185_101,s4.904419485,s3.066335000,s231.524904367
185_102,s6.314164600,s4.691354073,s183.202719061
185_103,s7.237655473,s4.816498035,s190.891940828
185_104,s7.483134843,s6.783787602,s150.093026671
185_105,s-8.578203671,s2.247911354,s117.925426858
185_106,s-5.029490557,s-3.779649776,s350.889192820
185_107,s-6.915417656,s2.731475104,s0.421260988
185_108,s2.367069404,s-6.331587683,s291.082845064
185_109,s-4.418757635,s3.084152974,s352.833215418
185_110,s-0.214825778,s-1.485444220,s12.237222054
185_111,s-1.470237153,s6.375836974,s357.423299172
185_112,s3.008217651,s1.161633919,s339.025462448
185_113,s-0.666653751,s8.105733984,s250.094539176
185_114,s1.648060660,s-1.354717381,s16.708649183
185_115,s1.248422367,s4.672857739,s129.948956757
185_116,s3.560507066,s1.197132161,s223.768688440
185_117,s3.272848326,s6.527731111,s38.747178271
185_118,s6.846645501,s-2.204063695,s300.617404527
185_119,s8.218754818,s8.021186563,s85.088197567
185_120,s-3.031608414,s4.974445242,s159.119573436
185_121,s-8.547342309,s0.672012405,s13.148009059
185_122,s-5.000787677,s1.138544907,s311.754604537
185_123,s-6.547950026,s8.480166133,s349.913140080
185_124,s-1.554879793,s7.990472299,s88.580895316
185_125,s-1.830617197,s5.071491746,s263.254952168
185_126,s2.878708474,s5.626020761,s292.359238586
185_127,s-5.839317545,s4.473667684,s53.486325058
185_128,s3.766033669,s7.052358055,s117.703389460
185_129,s1.666223928,s7.065491049,s149.523332389
185_130,s7.781336721,s3.042164821,s349.171784574
185_131,s3.976759031,s4.472488372,s139.191659237
185_132,s8.616648430,s8.410976527,s14.131639992
185_133,s8.013399327,s4.962655129,s40.848158363
185_134,s8.616648430,s6.133285969,s356.382105690
185_135,s-2.142555743,s2.158515461,s294.032305667
185_136,s-4.529821469,s5.377040944,s124.328617645
185_137,s-0.984823558,s3.418762253,s318.187196527
185_138,s5.051408972,s8.507582051,s210.952844236
185_139,s-3.812162929,s6.279173978,s297.798647672
185_140,s-8.382179228,s2.513728404,s267.573645941
185_141,s2.501550964,s8.194817530,s193.789236632
185_142,s-1.580574213,s6.978610891,s340.350476295
185_143,s2.624815396,s0.643935548,s323.382884043
185_144,s4.596999056,s5.141518010,s245.319322924
185_145,s-3.226361998,s8.507582051,s79.129501911
185_146,s8.482900165,s1.702880749,s253.003426806
185_147,s1.830481038,s3.034365391,s177.936961887
185_148,s1.080755223,s8.292957881,s283.970990410
185_149,s3.719170710,s5.550362960,s137.891637531
185_150,s-8.169371845,s5.871311605,s156.438299817
185_151,s-4.931212334,s6.368823454,s21.347616848
185_152,s-8.571773086,s1.472366363,s165.688318536
185_153,s-4.145531043,s8.474647520,s37.037988055
185_154,s-8.585754587,s4.938849177,s59.621381315
185_155,s-0.144169995,s3.756107276,s348.996002332
185_156,s-5.528200103,s2.722318146,s250.818031009
185_157,s1.063540769,s8.323685044,s121.861912842
185_158,s-1.543375394,s7.587682200,s144.935176836
185_159,s5.526764387,s6.886683923,s229.435221853
185_160,s7.574853814,s6.806600014,s158.719428868
185_161,s-2.987048819,s8.270967792,s317.162598312
185_162,s1.462089461,s5.872429515,s57.498347809
185_163,s-2.686201765,s8.507582051,s113.513667461
185_164,s4.703158527,s8.475399281,s294.760573802
185_165,s-1.692179772,s8.133267983,s129.978536804
185_166,s-0.574990574,s5.102586765,s99.729095108
185_167,s-7.398287665,s6.242708238,s174.532994365
185_168,s2.944771451,s7.218196178,s215.817584509
185_169,s-7.434044015,s5.545661958,s130.510893127
185_170,s-8.086011272,s-1.586138772,s326.657167034
185_171,s-0.661656520,s5.191487510,s120.770740601
185_172,s-7.746302718,s2.906211710,s21.154199446
185_173,s0.878980813,s2.928248449,s300.600857720
185_174,s7.551162160,s1.261768871,s66.539800909
185_175,s7.449532623,s3.565115674,s9.292612909
185_176,s5.619609488,s5.807281012,s339.622408595
185_177,s3.035742747,s7.583740133,s40.341130128
185_178,s5.585582970,s8.455528145,s69.355897355
185_179,s8.564404833,s7.270134620,s151.400086548
185_180,s2.538892577,s6.010919375,s305.235473020
185_181,s-8.035068890,s8.361055897,s327.226090367
185_182,s-5.910658533,s6.237934011,s5.409125566
185_183,s-0.230047919,s6.288501190,s43.470508886
185_184,s0.504822830,s5.126347691,s246.503625345
186_0,s-3.123678785,s-7.832932873,s19.971184724
186_1,s-2.885093815,s-6.781723734,s129.866034387
186_2,s-4.779372485,s-6.825699258,s68.095599196
186_3,s-0.845158983,s-2.624991049,s342.105398137
186_4,s-6.439655931,s-0.129159521,s30.894335047
186_5,s-2.594009623,s-6.383154764,s19.656042911
186_6,s3.162308645,s-2.922970619,s246.472188382
186_7,s-3.312386587,s-1.455168177,s351.945400725
186_8,s-1.857375386,s-4.598279275,s109.462824211
186_9,s0.536699173,s-6.234340570,s59.730055893
186_10,s-2.837398907,s-2.393770094,s305.843060935
186_11,s1.067946462,s-2.030470919,s259.463602212
186_12,s7.478252013,s-4.180151064,s220.509505784
186_13,s5.032977096,s-3.396801008,s49.834288368
186_14,s3.684067529,s-3.059402052,s140.708883677
186_15,s-7.822364208,s-2.089844523,s281.764646889
186_16,s2.597025053,s0.510584120,s309.034222363
186_17,s-4.402078257,s-2.791304264,s125.274715246
186_18,s-4.158696555,s0.249211585,s111.958351926
186_19,s-0.985751636,s1.998132446,s7.442202145
186_20,s-5.138409360,s-7.754630864,s270.468078855
186_21,s-7.129324855,s1.630446772,s306.853890617
186_22,s6.046086397,s-3.165120740,s341.417311062
186_23,s4.282254796,s-1.985467054,s240.413988177
186_24,s0.960797369,s-7.510671866,s260.795819079
186_25,s7.594541074,s0.556708284,s193.633996981
186_26,s2.767564776,s-7.322951208,s183.453295546
186_27,s4.852703554,s-8.046842272,s319.059461867
186_28,s4.676310794,s-2.130282001,s303.007520646
186_29,s5.261694971,s-6.604929517,s257.438447425
186_30,s-7.879306752,s0.541804303,s118.132775024
186_31,s-1.808102362,s3.838991824,s163.473818918
186_32,s4.570061960,s1.071565911,s23.049860407
186_33,s-7.382354945,s-7.479414265,s330.125542950
186_34,s-0.102805172,s2.984306235,s216.889595411
186_35,s-6.738758789,s-0.971926162,s234.096907716
186_36,s-4.951139793,s-0.792369564,s52.001330851
186_37,s-0.545765009,s-5.336782696,s331.437510512
186_38,s1.514227426,s-6.504680423,s184.674583338
186_39,s-0.611138104,s-7.747019966,s74.137044488
186_40,s-4.196635808,s7.575455913,s219.467782522
186_41,s4.942302281,s-7.051973079,s235.974120900
186_42,s5.691529055,s0.521897126,s308.251748837
186_43,s7.807696071,s1.195170028,s105.526320554
186_44,s5.777379081,s-4.405817002,s99.929066291
186_45,s-5.908315531,s-7.595041843,s334.451804113
186_46,s-1.258656129,s-0.630497714,s204.098085964
186_47,s-1.442268750,s-7.958837130,s99.520283119
186_48,s-0.348727842,s0.202812755,s339.166192991
186_49,s-3.977870809,s1.559812813,s100.368193017
186_50,s3.350813386,s1.512197362,s179.116537478
186_51,s7.762306348,s3.532522610,s330.743898177
186_52,s1.524163720,s-0.081855145,s47.915709772
186_53,s-0.328345658,s-0.544152200,s319.995187325
186_54,s2.457120439,s-5.623521499,s143.699830491
186_55,s6.010715496,s1.157276501,s198.722825746
186_56,s-4.132237723,s-1.276525890,s79.830896940
186_57,s6.549269553,s-7.765619992,s211.144725007
186_58,s7.832736491,s-1.860132987,s355.569190392
186_59,s7.893172832,s-6.954394306,s62.219913546
186_60,s-3.084258280,s4.400414902,s175.064815377
186_61,s-7.891360951,s2.875617161,s153.684643456
186_62,s-7.503708587,s-6.319918651,s176.554740973
186_63,s1.930104311,s6.429814778,s209.179123678
186_64,s-6.648954703,s7.207078363,s284.856431154
186_65,s1.994297382,s1.973043799,s185.358467433
186_66,s-0.142115101,s-4.553815290,s330.577445130
186_67,s6.154106734,s7.137651378,s95.709958915
186_68,s0.468362834,s4.530630265,s177.221911742
186_69,s1.661924554,s6.626342836,s40.865250910
186_70,s3.784016542,s-0.456343275,s318.998210945
186_71,s1.188237078,s3.254151113,s135.647005527
186_72,s6.716077313,s-3.680629354,s38.174667360
186_73,s6.504211130,s1.830311395,s74.624268495
186_74,s4.058341418,s4.342004745,s192.517655171
186_75,s-5.082218819,s2.996050570,s71.396625723
186_76,s-7.443827498,s-4.437844582,s165.680013325
186_77,s-4.162727783,s-6.163490526,s128.941897251
186_78,s-1.606828216,s5.211436027,s50.181417998
186_79,s-7.441335533,s-2.364828740,s135.926703349
186_80,s2.241378909,s3.187708980,s354.392365012
186_81,s2.465328763,s4.702368130,s162.133058429
186_82,s0.027869771,s5.892806192,s137.884686466
186_83,s4.756588018,s2.667656619,s22.063292240
186_84,s3.395280408,s4.857224623,s207.012043592
186_85,s6.028237141,s-2.036909752,s103.316740024
186_86,s1.118372533,s1.112821762,s358.194654781
186_87,s7.381362813,s-0.693001195,s146.605733145
186_88,s3.605549001,s5.864717659,s318.285582787
186_89,s6.073757841,s2.550428679,s179.451105436
186_90,s-2.223752410,s-5.148792275,s33.097619885
186_91,s-3.534043059,s5.573126936,s42.367948497
186_92,s-4.556487121,s4.932132606,s140.364392619
186_93,s-7.287572048,s5.346488959,s71.697643989
186_94,s-4.498354978,s3.678724551,s326.391723778
186_95,s0.528949088,s7.314239439,s128.197806568
186_96,s5.298300081,s7.683413078,s29.167424877
186_97,s1.465068270,s4.268350690,s296.795886133
186_98,s-0.745487253,s7.224840345,s216.474061218
186_99,s3.732255782,s1.238612326,s77.172667601
186_100,s1.768239792,s7.857615040,s245.773483815
186_101,s7.805289792,s4.727927236,s160.340623772
186_102,s1.391168509,s-4.939337332,s74.234904653
186_103,s3.535165054,s2.747524519,s91.884971644
186_104,s7.222023580,s4.030023568,s64.708660594
186_105,s-5.908664402,s0.485285289,s272.216184027
186_106,s-5.177770423,s-4.535935719,s303.674270598
186_107,s-6.033160014,s7.051164581,s88.894352239
186_108,s1.160302331,s2.956704564,s270.527197645
186_109,s-0.170557291,s1.310787347,s214.720538901
186_110,s-1.537962002,s7.798262315,s106.590378854
186_111,s-7.832651439,s1.392783095,s208.780862978
186_112,s1.233285599,s7.618431751,s290.602935006
186_113,s4.319332979,s6.354028514,s88.550352260
186_114,s6.818867042,s1.467144157,s133.704044414
186_115,s-7.864625254,s5.997620452,s237.139800035
186_116,s3.346084730,s-4.918847895,s118.822459807
186_117,s-2.073239289,s0.946559023,s122.597425598
186_118,s7.919710197,s-3.200236247,s218.298041621
186_119,s7.161319872,s7.351971503,s183.935712877
186_120,s-5.004217926,s0.626638032,s135.691470459
186_121,s-7.887359356,s3.973479519,s179.149750595
186_122,s-7.661413057,s2.355348831,s90.930018261
186_123,s-2.586442209,s7.780520923,s33.150458816
186_124,s-1.418021678,s5.217448376,s166.660161822
186_125,s-7.339786270,s4.554035111,s143.879317872
186_126,s-2.445592305,s2.010933945,s286.940371872
186_127,s5.314005156,s0.959883406,s52.862495555
186_128,s-1.433374715,s6.187852630,s10.460758606
186_129,s-4.162490828,s-1.069543862,s341.406055868
186_130,s1.862422062,s-3.037283560,s278.426602102
186_131,s6.312116437,s5.919826387,s207.820265686
186_132,s-1.408406585,s5.870926194,s19.043527709
186_133,s-0.705385339,s0.979589724,s307.680299073
186_134,s6.171600234,s7.044147770,s330.650865569
186_135,s-5.224605009,s1.347747881,s174.716942535
186_136,s-6.272229783,s4.585293249,s33.293199810
186_137,s-2.771384201,s5.562595109,s286.907409548
186_138,s-4.232864364,s6.719981771,s260.007651504
186_139,s-6.147010750,s7.857615040,s243.290792818
186_140,s-2.280224907,s6.138105930,s162.327565296
186_141,s-1.493787962,s-1.884683002,s274.740437810
186_142,s0.292449594,s-7.022631539,s218.728938280
186_143,s4.961013427,s7.222198280,s192.330433497
186_144,s-2.644457605,s0.690277715,s14.937596900
186_145,s-7.121565349,s0.335321093,s175.417353901
186_146,s7.732092263,s4.247823552,s14.422830409
186_147,s4.537214133,s1.834748188,s280.010605180
186_148,s2.533179107,s5.200423998,s132.476366124
186_149,s2.902185547,s2.951055338,s273.689278961
186_150,s-6.259745361,s5.700427560,s156.985439242
186_151,s-5.027536362,s2.647837259,s143.772965763
186_152,s-3.426619179,s2.673423103,s14.126419635
186_153,s-1.128434989,s2.861350318,s78.692140876
186_154,s-4.112982744,s2.140175815,s68.682427046
186_155,s0.667684179,s3.052650109,s317.472451628
186_156,s-1.908380756,s-1.196942382,s219.464657029
186_157,s-2.215017124,s3.378054339,s273.750083036
186_158,s-1.121724876,s4.141889513,s50.764797507
186_159,s2.588966628,s6.873275753,s4.322565996
186_160,s0.951868564,s4.320219139,s302.499858051
186_161,s5.553506979,s4.644855299,s142.362246560
186_162,s0.826015790,s7.857615040,s215.963436256
186_163,s7.197639831,s5.790768719,s262.241427825
186_164,s2.790757471,s-1.228703101,s220.344936202
186_165,s-7.556318656,s7.815159710,s272.572933050
186_166,s-6.367369241,s7.604439521,s175.495190307
186_167,s-3.503149819,s6.181765963,s50.492952568
186_168,s2.522382167,s6.161488303,s210.437187842
186_169,s3.007266782,s6.445038110,s138.480465601
186_170,s-6.368461306,s1.982533954,s187.897768116
186_171,s2.746388489,s7.587378941,s225.649558718
186_172,s-3.935135738,s7.744594705,s256.239448383
186_173,s1.918033114,s5.950532078,s288.724272157
186_174,s5.499338720,s7.192962304,s282.963464628
186_175,s4.143209671,s3.202769074,s350.721981270
186_176,s6.183005938,s3.227837561,s354.408670356
186_177,s4.637932364,s5.406384854,s16.820485421
186_178,s-2.323255432,s7.801351773,s38.768348556
186_179,s7.788905862,s7.718749878,s275.812634265
186_180,s-0.980041732,s0.383468660,s282.760356174
186_181,s-7.723560668,s6.859734248,s8.684857787
186_182,s-3.434519765,s0.014182121,s21.640008569
186_183,s-5.834381855,s7.784634670,s316.020370948
186_184,s-3.232030637,s6.314568700,s248.822997308
186_185,s2.868842285,s2.092404753,s168.667578581
187_0,s-6.301982798,s-4.915077289,s79.093443214
187_1,s-3.012110482,s-2.697257184,s227.618308689
187_2,s-7.275687988,s-3.748408387,s154.602239799
187_3,s-0.043881098,s-7.907850534,s154.917085393
187_4,s-0.586099220,s-4.590895244,s100.740798041
187_5,s-2.972689420,s-4.045855959,s12.368781775
187_6,s0.649361206,s-1.985237821,s176.082367101
187_7,s-5.598492193,s-7.244958566,s328.109964132
187_8,s1.119265825,s-6.972713145,s271.599453953
187_9,s0.051090223,s-5.512925263,s30.706651358
187_10,s4.465711119,s-7.485911996,s194.899141414
187_11,s-3.968495486,s-6.242794275,s10.106044600
187_12,s3.819283460,s-0.664218623,s17.451659417
187_13,s7.566078116,s-6.685398999,s50.897384367
187_14,s3.269772244,s-4.273676111,s114.514012945
187_15,s0.301228972,s1.451402257,s57.342249564
187_16,s-3.667762102,s-5.015198522,s337.241065753
187_17,s-0.909108006,s-7.840635109,s99.466545692
187_18,s3.143097332,s-0.311616918,s199.583312898
187_19,s-7.851903829,s-2.146785528,s197.527948202
187_20,s7.479228181,s-1.372955862,s50.707574328
187_21,s-5.678982567,s-5.634323660,s40.030402811
187_22,s-5.329743631,s-0.574796951,s237.332990252
187_23,s0.558330485,s4.845994221,s264.614818202
187_24,s5.320915068,s-7.353004265,s134.463782996
187_25,s-1.628529193,s6.439587960,s346.683333772
187_26,s6.842099271,s-5.869209820,s292.881047156
187_27,s7.394446777,s-4.607229486,s131.607289692
187_28,s2.501414911,s-1.729933372,s241.963714192
187_29,s7.620871738,s-3.507148862,s345.625106689
187_30,s-5.379066427,s-1.230254235,s275.343817275
187_31,s-2.562948244,s-5.066315885,s255.209516694
187_32,s-1.726328827,s0.431206430,s289.998250937
187_33,s-2.559819381,s1.607289164,s326.126870157
187_34,s6.417525782,s3.363378513,s136.043790473
187_35,s-4.000258616,s-1.101567520,s110.880360866
187_36,s-2.115114781,s-6.051819476,s16.434367003
187_37,s-0.834273304,s-7.273315833,s5.336427469
187_38,s1.998461689,s-3.952110047,s339.042725455
187_39,s2.274225685,s-3.037537363,s307.453113115
187_40,s2.760362813,s-7.076714871,s140.309765473
187_41,s5.029248948,s-1.586364097,s198.263196582
187_42,s4.887784769,s-5.564811238,s54.993400050
187_43,s-0.130785944,s-0.163959060,s187.939520872
187_44,s7.229357944,s1.325754517,s258.940652037
187_45,s-6.544683396,s-2.617821382,s184.432952699
187_46,s-7.953664282,s-4.800390395,s276.568028237
187_47,s-7.992718909,s0.261783715,s207.725115624
187_48,s-3.930556460,s2.290746055,s281.498896541
187_49,s-3.277066502,s-6.852516862,s3.680412319
187_50,s-5.685323196,s3.179310699,s179.569546103
187_51,s-0.287120777,s-1.371442320,s192.789693726
187_52,s4.872897634,s-0.711470356,s327.877795857
187_53,s3.278552251,s-5.821883519,s266.345731644
187_54,s-1.775993315,s-3.472417831,s198.908304106
187_55,s0.848083086,s6.495177899,s322.934164697
187_56,s1.501041270,s-4.979286202,s170.148008945
187_57,s2.275506419,s0.562801457,s86.731916657
187_58,s6.659404781,s0.508914229,s29.413901183
187_59,s-1.693359297,s3.260207432,s242.330297059
187_60,s-4.185481119,s4.979959286,s232.901228934
187_61,s-5.729763385,s-0.933955627,s49.618913132
187_62,s-3.795786156,s3.764165718,s134.481641316
187_63,s-2.768492380,s6.961850659,s134.677895389
187_64,s-4.796275643,s6.940868429,s97.816784029
187_65,s-5.487616415,s-4.248331963,s195.366729501
187_66,s-2.144661544,s-1.009973596,s251.645381867
187_67,s-3.409307271,s-0.251123146,s324.580688321
187_68,s5.696127802,s-2.558399706,s227.942444389
187_69,s2.525390880,s2.957084753,s174.681073070
187_70,s5.876468467,s4.126966511,s242.388832384
187_71,s6.212432666,s-3.342314147,s252.539816328
187_72,s-5.023100463,s0.442963868,s126.439447372
187_73,s2.514906173,s1.884918242,s190.979746116
187_74,s5.718460298,s-0.198156076,s156.407150321
187_75,s-7.528499322,s4.563623272,s263.147021496
187_76,s-5.424160206,s5.848214290,s310.510955561
187_77,s-0.862753114,s-2.120090154,s71.388128125
187_78,s-2.383216217,s-2.162287958,s174.326429521
187_79,s-2.300984424,s4.959688322,s310.209828638
187_80,s0.210238164,s6.082109855,s76.403824093
187_81,s4.421464091,s6.043104386,s224.947559033
187_82,s-0.934236826,s-2.905663634,s166.490430969
187_83,s-5.821347389,s-2.763745520,s208.822049926
187_84,s-1.000862471,s-5.474966782,s252.850302765
187_85,s-1.046500487,s5.574241008,s259.812953813
187_86,s6.372944841,s7.379169153,s268.036439999
187_87,s4.475805008,s4.393260106,s326.596287826
187_88,s3.132084646,s0.086213990,s37.670855252
187_89,s4.963989602,s1.437806054,s259.570262296
187_90,s-6.386346361,s-0.734788345,s218.167509565
187_91,s1.485451681,s4.689629676,s176.538415238
187_92,s-3.893514440,s-1.878351864,s206.354773008
187_93,s-8.029636584,s4.538083068,s289.653406215
187_94,s-8.054897950,s4.157504640,s331.989487859
187_95,s7.547229956,s-0.311625223,s135.785138154
187_96,s-6.428414948,s6.833324250,s48.405467257
187_97,s-5.023435163,s-0.797750257,s253.667226152
187_98,s2.641032294,s-0.404186547,s167.578352330
187_99,s0.518800413,s-0.627397232,s175.627257419
187_100,s5.698779197,s-1.673824292,s79.573209234
187_101,s7.682769350,s0.885352814,s201.579638146
187_102,s1.688037390,s-0.024986797,s68.620250697
187_103,s2.653810884,s5.682228519,s291.345529116
187_104,s5.109219179,s0.349940616,s248.054201511
187_105,s-7.537505675,s5.980166228,s129.245118563
187_106,s-6.853980471,s5.309328715,s278.854918978
187_107,s-4.561317885,s6.777149545,s27.490491493
187_108,s-3.862603955,s2.508676065,s169.237971712
187_109,s-6.031340224,s1.443205490,s26.147206825
187_110,s-5.666242728,s0.189234080,s245.692359038
187_111,s-3.602500570,s1.293786414,s204.485417006
187_112,s1.349341600,s5.356019729,s66.265852229
187_113,s5.249598408,s1.930962016,s104.036732531
187_114,s-4.999522304,s2.772134095,s344.168540872
187_115,s-2.719047695,s0.045591069,s229.388593748
187_116,s-1.668689567,s-0.012805728,s228.993017742
187_117,s5.214867420,s7.011978424,s56.000041215
187_118,s7.602931017,s4.375683445,s272.737197283
187_119,s7.365563108,s7.832470770,s0.724935110
187_120,s-6.323789436,s-1.740469544,s41.299171293
187_121,s0.497960480,s7.481697055,s61.214202585
187_122,s-3.707391069,s6.888710049,s336.138434759
187_123,s-1.137496010,s7.336627511,s94.202612798
187_124,s-5.145306111,s-3.251703169,s331.138602983
187_125,s-7.113486959,s4.824827597,s43.502663370
187_126,s2.687415928,s6.578783872,s81.073674052
187_127,s0.302866754,s1.870358758,s195.695795813
187_128,s-3.881946892,s4.474691999,s263.900870581
187_129,s2.194980750,s5.285769570,s47.139780346
187_130,s5.202992238,s3.469683706,s179.474376446
187_131,s-3.362558632,s-1.426251302,s116.315008675
187_132,s7.167173803,s2.286288848,s105.097488655
187_133,s6.397484050,s-0.092748689,s191.900371781
187_134,s7.639167845,s5.401548607,s74.459179644
187_135,s-6.873177853,s7.826043765,s41.843221739
187_136,s-2.882276600,s2.428939919,s270.362699072
187_137,s-4.665015433,s7.760511250,s193.405598001
187_138,s-0.647498173,s5.050852806,s11.420878439
187_139,s-3.016069072,s5.274731943,s79.253662762
187_140,s-1.653730295,s7.851258309,s296.704857959
187_141,s5.736360275,s2.446109828,s349.038161043
187_142,s0.425823653,s3.069634315,s341.586193041
187_143,s-6.033309093,s0.353002407,s261.863628407
187_144,s-0.537082350,s2.136361274,s328.078331302
187_145,s3.029331118,s4.907461404,s264.305374424
187_146,s-2.481576590,s7.373702546,s21.638398816
187_147,s1.984304417,s2.790741653,s186.586483342
187_148,s5.130264404,s4.810867508,s151.192944428
187_149,s3.147231459,s2.624732310,s293.257887444
187_150,s-6.966740512,s3.323627451,s197.868280938
187_151,s2.237440160,s4.060928352,s300.602207453
187_152,s-6.200827375,s5.325634812,s65.630342785
187_153,s-4.836328179,s6.126741850,s100.060857365
187_154,s-3.795441577,s2.889191741,s172.647610593
187_155,s-2.808798088,s6.329212665,s192.690585297
187_156,s-7.921228856,s0.932379499,s157.548483332
187_157,s0.793938153,s-4.638254623,s48.355535089
187_158,s6.270431467,s6.032854479,s314.638665532
187_159,s0.705519836,s1.269178871,s219.288371751
187_160,s1.823796204,s7.284950864,s173.640699564
187_161,s1.571887107,s1.244703383,s192.535908903
187_162,s6.109871071,s2.029535561,s33.436171636
187_163,s-1.631222194,s2.306567215,s300.026022599
187_164,s4.187626586,s7.373476655,s210.860559982
187_165,s-7.956746718,s7.729711181,s240.919501869
187_166,s-6.319866824,s3.431780817,s302.421951064
187_167,s1.036748433,s6.118869266,s8.502525703
187_168,s-3.367215707,s4.883273769,s211.865988489
187_169,s-7.679915230,s7.365612705,s115.494205873
187_170,s-0.127486378,s7.677389887,s70.361330495
187_171,s-2.037418121,s3.786913820,s118.963008433
187_172,s1.267551510,s7.699200474,s191.196648113
187_173,s3.543557907,s7.121149399,s214.123151110
187_174,s1.843744177,s6.880419798,s187.005744808
187_175,s1.119815090,s3.590828728,s222.445947930
187_176,s6.420094844,s7.756853217,s36.726774698
187_177,s4.856803178,s7.613375301,s263.016932808
187_178,s7.554913016,s6.648887346,s301.695936032
187_179,s-4.229016785,s1.284409258,s26.767143185
187_180,s-7.508843719,s-1.359598181,s229.249827642
187_181,s-5.748799648,s7.578418613,s338.632875768
187_182,s-0.725783720,s0.384593415,s185.816896736
187_183,s0.367345319,s7.464433854,s18.187471688
187_184,s6.732281659,s1.765306458,s108.893258047
187_185,s5.573920918,s6.422955205,s75.820521738
187_186,s6.673027295,s6.361075236,s103.170378878
188_0,s-8.407979379,s-6.255648845,s97.352558558
188_1,s-6.962598158,s-2.788679047,s88.772303871
188_2,s-6.593350449,s-5.110216305,s243.615463395
188_3,s-4.828678790,s1.745740506,s29.975096587
188_4,s1.761104149,s-2.069161523,s9.931350225
188_5,s3.095821592,s-2.427903182,s8.787391117
188_6,s3.865540216,s-1.352522032,s318.676078616
188_7,s-7.775827332,s-5.542898544,s296.612562375
188_8,s1.826298850,s-8.385951553,s204.034611222
188_9,s2.261574605,s-7.346030186,s24.877147822
188_10,s5.906972302,s-5.068276161,s142.039517497
188_11,s4.754156861,s-3.640726972,s142.613689284
188_12,s-5.286119969,s-7.973948226,s105.730342024
188_13,s8.214675357,s-5.505611641,s3.011232498
188_14,s4.466559029,s-6.503826510,s332.771010535
188_15,s-6.997392659,s-3.609698980,s174.596846999
188_16,s-7.014530011,s-5.891017206,s336.839125742
188_17,s-6.094972869,s-1.876814441,s209.915919228
188_18,s-0.749805947,s-4.486268947,s67.885544754
188_19,s-8.313020959,s-8.029204487,s266.885734736
188_20,s-0.947355239,s-0.533198121,s119.922635158
188_21,s3.697796636,s-6.543132441,s184.230005845
188_22,s-4.507875370,s-5.993421684,s131.985512212
188_23,s6.664964193,s-2.362568901,s5.897523691
188_24,s0.177175685,s0.238872476,s315.732882325
188_25,s2.368007781,s5.120139699,s248.208685137
188_26,s7.118486622,s-3.817057224,s325.271286383
188_27,s7.145607811,s-7.415750023,s201.417174504
188_28,s5.341274854,s-8.193937925,s20.168571524
188_29,s5.754974892,s0.658479643,s311.800412303
188_30,s-5.537959348,s-7.532453218,s15.082445394
188_31,s-8.288824270,s-2.729230448,s92.481741777
188_32,s-0.672186342,s-6.598082712,s47.040233651
188_33,s-8.035313980,s-0.525623895,s38.366113232
188_34,s-1.180935469,s0.377532334,s313.110681714
188_35,s-5.565266987,s-5.720321671,s295.553091862
188_36,s-0.256305746,s3.989106674,s80.057354012
188_37,s-5.076306885,s-4.547427452,s290.347979585
188_38,s0.451951807,s0.507231864,s155.053869414
188_39,s2.312546951,s-4.155687845,s50.322804353
188_40,s3.629208793,s0.473145453,s281.596148241
188_41,s2.461216178,s1.792855987,s32.461669325
188_42,s7.148855263,s-8.237205432,s167.885304533
188_43,s4.424729534,s-4.865405830,s325.459573924
188_44,s3.012860514,s2.818987869,s185.750561344
188_45,s-5.164022349,s0.818811340,s3.080925637
188_46,s-1.598355378,s-6.464588329,s286.676729706
188_47,s-6.584472210,s-0.527880162,s283.867735453
188_48,s-4.321985809,s0.554519040,s354.878212178
188_49,s-4.517449293,s-1.165832179,s322.509015483
188_50,s3.501566732,s-8.331788557,s121.357540465
188_51,s-7.181561132,s2.829588765,s296.087204423
188_52,s-2.417699834,s3.684323754,s45.921126007
188_53,s7.897222289,s0.888797066,s63.282760114
188_54,s1.050900792,s-4.777011611,s172.732559500
188_55,s6.608571032,s6.816857097,s352.470561672
188_56,s4.420017278,s-0.794286714,s160.364104314
188_57,s6.371865957,s-8.085650009,s70.037528323
188_58,s7.128604606,s-5.467005944,s315.538954912
188_59,s6.413541257,s-1.061974931,s218.645865283
188_60,s-8.354420033,s-0.495482047,s74.583986171
188_61,s-5.468788788,s2.138945256,s118.127965283
188_62,s-4.940692510,s7.149200128,s136.647634320
188_63,s-4.402662550,s4.582411356,s194.105696294
188_64,s-3.621258944,s-1.089228412,s80.054135038
188_65,s-6.548171532,s4.553442492,s349.537602994
188_66,s-2.863506020,s1.691376136,s46.665380951
188_67,s1.438922352,s-6.390281448,s122.608271111
188_68,s0.298968945,s1.447060855,s60.907217027
188_69,s1.714117226,s1.201091740,s194.060735956
188_70,s-2.814093419,s-3.556724904,s139.984300836
188_71,s4.718395434,s-2.748681471,s350.875675970
188_72,s3.472056250,s8.234728169,s91.613328672
188_73,s8.148497270,s-2.148991407,s256.180635983
188_74,s4.922154198,s-1.515180292,s239.562644851
188_75,s-8.361493269,s2.040222379,s357.012359424
188_76,s-1.321429887,s3.291803692,s151.864503615
188_77,s-4.200902696,s5.248157409,s123.081431311
188_78,s-8.187175019,s-3.813787324,s58.860624750
188_79,s-0.466387288,s3.132475846,s33.797227342
188_80,s-6.626025221,s3.713071160,s314.970567313
188_81,s-4.805660176,s-1.704997143,s24.950137862
188_82,s-6.249239724,s3.042011512,s285.656127511
188_83,s-0.226979965,s1.199839226,s106.535661740
188_84,s8.452009253,s4.539474378,s290.488882630
188_85,s6.494890357,s0.514373855,s51.988227091
188_86,s8.452009253,s2.971976709,s170.715848712
188_87,s0.153031041,s6.377054891,s257.880295542
188_88,s4.305283301,s6.375717536,s275.631226522
188_89,s8.371311790,s0.718334741,s332.900315352
188_90,s-2.647897347,s-7.351185052,s187.503001977
188_91,s-5.693200155,s1.949793675,s259.223236862
188_92,s-8.283135387,s0.375902448,s95.480548572
188_93,s4.168655675,s1.775348185,s127.857484630
188_94,s-7.594621390,s3.474514497,s335.684162316
188_95,s2.667541816,s5.313447354,s254.937560962
188_96,s5.021750081,s-0.299998136,s25.767732668
188_97,s-6.537186354,s4.544316180,s141.876535134
188_98,s6.447557819,s-7.260752574,s349.203516623
188_99,s1.428415679,s0.427066654,s40.258798577
188_100,s-0.226777156,s-1.970561497,s7.366266526
188_101,s7.557636326,s3.427058554,s246.348507516
188_102,s-4.400053137,s4.044629044,s2.552023278
188_103,s8.082068415,s4.758335807,s246.326006907
188_104,s8.225280348,s0.070002710,s343.212240637
188_105,s-3.198677130,s-2.588716514,s283.017546527
188_106,s-4.985137124,s0.074235011,s250.531378310
188_107,s-5.119295622,s2.787033959,s162.797252120
188_108,s-2.947436033,s2.574272189,s65.745793373
188_109,s4.045078601,s-0.159154188,s42.376514385
188_110,s-3.851291903,s7.124550345,s269.439048943
188_111,s-1.312238278,s4.098537732,s351.468427256
188_112,s-2.767623680,s2.917132134,s61.456476927
188_113,s4.076992161,s7.089830525,s245.826942758
188_114,s-0.786523090,s0.642752739,s271.905671990
188_115,s4.889054636,s4.855330185,s37.867254540
188_116,s3.559461939,s3.795097362,s338.268955337
188_117,s7.241789514,s2.661475899,s241.360525387
188_118,s6.684091917,s4.559621943,s171.094296727
188_119,s8.197222191,s7.134327723,s239.871662069
188_120,s-1.491859639,s1.112116563,s307.489329403
188_121,s-7.207698326,s1.373578894,s195.168452009
188_122,s2.816681291,s4.317255201,s112.319981750
188_123,s-2.031557312,s8.387031978,s24.223898047
188_124,s-2.708705007,s3.926206172,s198.992131876
188_125,s3.414865966,s5.493097818,s95.017839402
188_126,s0.588621154,s7.593503053,s35.610203427
188_127,s3.156880130,s6.206556605,s354.720205562
188_128,s-0.280382693,s7.217210716,s83.053686997
188_129,s-0.755000757,s5.737132457,s247.544060621
188_130,s-4.514922467,s4.202653840,s159.229171827
188_131,s1.576847294,s6.916345076,s235.507063819
188_132,s5.977268035,s6.048852001,s20.350859059
188_133,s6.175817057,s8.316909131,s7.871380935
188_134,s2.426073778,s3.554881906,s348.177203253
188_135,s-7.889575994,s5.352652212,s98.073677265
188_136,s-8.017294965,s5.576529301,s33.472475114
188_137,s-1.204312371,s5.167765614,s100.920735804
188_138,s-2.996571146,s5.424132788,s343.040094908
188_139,s-5.154608746,s8.342450108,s35.304979129
188_140,s2.054017737,s4.514196878,s302.352803114
188_141,s6.812689004,s1.172866603,s307.528393854
188_142,s-8.231972581,s7.945597661,s61.681846455
188_143,s-3.250681716,s8.172200985,s353.238132068
188_144,s-1.053379438,s8.362440498,s69.059884218
188_145,s2.296834713,s6.269686976,s226.501063635
188_146,s2.109771352,s7.462058100,s241.546376988
188_147,s5.659829920,s-1.426505080,s281.269909706
188_148,s2.378789013,s8.272081417,s231.580941358
188_149,s5.775182977,s3.900859592,s71.644459718
188_150,s-6.221668302,s6.224178460,s215.026810413
188_151,s-6.969234993,s8.274040199,s92.019732136
188_152,s-8.381708105,s3.280947742,s216.933827618
188_153,s-7.540884860,s-0.784186440,s96.401190420
188_154,s4.752711973,s7.194561240,s220.733228514
188_155,s-1.563671387,s1.779448870,s287.423589097
188_156,s5.181112005,s8.044204041,s250.313950491
188_157,s-1.191955561,s6.760564659,s6.025416359
188_158,s-7.897393208,s7.703638973,s329.567336772
188_159,s-3.408460401,s7.229680060,s235.121669315
188_160,s4.226602787,s0.948405002,s20.238002043
188_161,s8.174462933,s6.266355269,s136.331638448
188_162,s3.609552209,s7.564351588,s146.800096202
188_163,s6.293672709,s3.615463679,s342.988200430
188_164,s5.624535791,s7.610769891,s92.059208806
188_165,s-3.518489465,s5.423876586,s254.196121404
188_166,s-5.406065526,s7.551490303,s39.983017733
188_167,s-4.993436495,s5.987556985,s112.813675639
188_168,s-1.660457392,s7.456632792,s321.514420926
188_169,s-4.387382068,s6.836238530,s320.720188454
188_170,s0.549159047,s8.387031978,s59.226868676
188_171,s1.070375223,s3.538818764,s126.715297141
188_172,s5.117842892,s6.623206843,s285.527290462
188_173,s5.657213517,s6.749397076,s2.958324473
188_174,s7.163819433,s7.147782675,s204.622812307
188_175,s2.862896488,s8.217123605,s102.505021404
188_176,s6.662226491,s2.685910594,s66.157777743
188_177,s8.111135586,s8.387031978,s194.430786548
188_178,s7.373052623,s7.059438184,s359.287080703
188_179,s6.370851924,s7.827858627,s27.264028401
188_180,s-7.605959392,s2.204329433,s225.569003012
188_181,s-6.406772574,s8.365005432,s152.171637614
188_182,s-1.833429593,s4.643921036,s347.892836507
188_183,s-6.656700919,s5.091113164,s157.406261198
188_184,s-3.304820674,s5.620311970,s307.331667703
188_185,s1.013321312,s3.508185194,s358.080199409
188_186,s-2.193800321,s5.331805772,s348.952876450
188_187,s-0.722092436,s7.590620629,s311.283093481
189_0,s-0.640285694,s-3.548172502,s49.173829508
189_1,s-6.606008989,s-5.523030631,s115.163275528
189_2,s-5.688358414,s-6.494762305,s8.645477387
189_3,s-1.370053579,s-4.428776709,s343.171892928
189_4,s3.500720651,s1.702958653,s217.392016458
189_5,s0.231249635,s-6.413975100,s145.310518678
189_6,s1.960531714,s-6.492275870,s333.240647055
189_7,s0.624488652,s-3.022347992,s189.428049798
189_8,s-1.011888080,s-1.047812175,s177.529669630
189_9,s2.749201077,s-6.943092170,s333.732149095
189_10,s3.782869712,s-0.780515016,s139.079524093
189_11,s6.419338005,s-5.495824554,s106.831334656
189_12,s7.834679133,s-1.535345752,s232.692392861
189_13,s4.343934226,s-7.987882369,s237.731739239
189_14,s7.929593411,s-5.555554739,s196.053158341
189_15,s-7.986132834,s1.782980802,s121.378687233
189_16,s-2.879790839,s-3.785675695,s24.695521238
189_17,s-7.456905097,s2.780747310,s98.523335048
189_18,s-6.044539472,s-3.420933506,s83.789544780
189_19,s-7.490055112,s-7.488857995,s78.634437695
189_20,s-1.725206912,s-5.898303746,s258.681144439
189_21,s-1.847913129,s2.386732494,s258.846268666
189_22,s-2.643786995,s-6.767943223,s301.374352014
189_23,s4.345402643,s-1.242336363,s183.026136693
189_24,s6.668488819,s-2.308364374,s314.661028853
189_25,s2.412662630,s-3.726787137,s94.993822339
189_26,s-1.491899572,s4.692584731,s211.358166176
189_27,s6.107181758,s-5.800200276,s164.652542911
189_28,s1.954409034,s-5.724716496,s19.233335640
189_29,s6.337705072,s0.312577377,s216.605224900
189_30,s-3.949108420,s0.466691401,s60.952842300
189_31,s-4.776114462,s-5.631797491,s124.283290324
189_32,s-5.186404352,s-7.566291666,s106.272376476
189_33,s-7.565501221,s-0.830315544,s158.166620966
189_34,s-0.588938028,s-7.286174946,s173.460116057
189_35,s-3.201494210,s-6.136829904,s197.256750387
189_36,s0.123257855,s0.989991019,s118.016782695
189_37,s6.154744896,s-6.773327674,s1.322418820
189_38,s1.261466866,s-4.858924857,s37.257096824
189_39,s3.092458479,s2.695355726,s157.395830728
189_40,s-1.016346510,s-2.720418629,s94.579729525
189_41,s5.759777822,s-8.194560720,s124.926155232
189_42,s7.327344831,s-1.281488451,s76.515054555
189_43,s4.951584517,s-5.829812033,s255.875286490
189_44,s2.143446394,s-1.086155047,s65.925231950
189_45,s-7.906426537,s-0.305856573,s217.014129152
189_46,s-4.677481120,s0.834878331,s1.772096092
189_47,s-4.069424851,s-2.505341981,s78.250484928
189_48,s-3.570360328,s5.510534877,s314.386886226
189_49,s-6.718730807,s1.374589815,s0.432348288
189_50,s-3.307781704,s-3.943209712,s23.343682551
189_51,s-0.936724923,s5.493112601,s324.888373284
189_52,s-6.165871088,s1.643814624,s157.840667134
189_53,s1.445235488,s-0.997232882,s225.392578270
189_54,s5.492627878,s7.926998134,s53.757219042
189_55,s6.695528608,s-3.101542591,s207.612918535
189_56,s-1.227672537,s-7.348543175,s83.542676169
189_57,s6.371489045,s-3.872749917,s58.348582626
189_58,s5.067085165,s-2.295876602,s50.639376990
189_59,s7.843574819,s-0.976481994,s243.555535166
189_60,s-7.762624003,s-4.044311299,s35.358158961
189_61,s-5.019161177,s2.125087234,s270.657267620
189_62,s-6.519502286,s-1.030328378,s148.022859538
189_63,s-3.017503477,s-1.178192466,s42.158569969
189_64,s-3.038991570,s4.673399402,s240.508942430
189_65,s-0.021292479,s-0.774451782,s227.630294300
189_66,s-0.714509942,s-0.392351073,s160.123334107
189_67,s3.468582466,s0.877922047,s148.829795953
189_68,s3.991991591,s0.049175977,s257.291270681
189_69,s5.495125848,s-4.374382114,s52.498389737
189_70,s7.154266136,s3.095069800,s41.580528361
189_71,s0.426874807,s-2.286426936,s156.065159351
189_72,s0.082181883,s4.650673793,s166.075728218
189_73,s7.172737211,s0.550066984,s100.820023453
189_74,s5.726388511,s-1.164695122,s294.544472314
189_75,s-5.998298092,s6.665365557,s276.618037769
189_76,s-8.065526491,s6.004310305,s68.266317151
189_77,s-2.309393214,s7.926998134,s295.992542007
189_78,s-6.941671603,s0.046822479,s253.092534289
189_79,s-6.143853952,s2.469750319,s225.797713447
189_80,s6.817905205,s2.991694023,s25.943629048
189_81,s-3.037797145,s0.490399490,s121.904401413
189_82,s2.634989304,s0.828795627,s289.553816947
189_83,s-2.237781466,s5.047327796,s12.573490397
189_84,s2.503255516,s2.080272177,s64.252941839
189_85,s0.484961345,s-5.323045038,s130.226435551
189_86,s7.221116716,s0.038605823,s276.655995358
189_87,s7.588292813,s-2.444474352,s107.441808061
189_88,s0.980131189,s0.815820929,s190.397589530
189_89,s5.471372976,s0.522079850,s153.840176260
189_90,s-7.680149136,s-3.776293522,s10.177001834
189_91,s1.061307319,s5.998614572,s3.382067559
189_92,s-5.839833785,s4.844317276,s357.005809747
189_93,s-0.398957428,s5.312372247,s167.314732511
189_94,s2.414758073,s-1.805310280,s302.278172439
189_95,s-5.985865590,s1.876098297,s23.850212994
189_96,s-4.626178404,s-1.336148235,s116.630050378
189_97,s5.480008347,s3.163013912,s294.468003096
189_98,s3.692552878,s7.398947106,s195.112192866
189_99,s8.114628442,s-4.309396442,s324.911508691
189_100,s2.133216565,s7.452465541,s187.966219316
189_101,s2.671221567,s-0.567430811,s304.288504630
189_102,s2.857992954,s4.144958146,s176.667531347
189_103,s-0.057428399,s2.840274798,s68.800606936
189_104,s1.942529035,s6.034880846,s65.484962688
189_105,s1.152165759,s4.011129843,s205.619153964
189_106,s-6.326848930,s2.980309515,s149.763443717
189_107,s-0.448211385,s-2.361195130,s64.527555334
189_108,s3.189451279,s4.465452106,s198.746831545
189_109,s-5.609045206,s-1.877652611,s45.750993620
189_110,s-7.978756020,s2.188900782,s306.006312016
189_111,s-1.050109397,s3.054839200,s18.930129183
189_112,s6.162814879,s1.552730209,s165.121116357
189_113,s-7.175767288,s2.317917311,s126.060492889
189_114,s5.510982076,s7.407643888,s57.670875969
189_115,s5.849214620,s5.571682375,s97.229227740
189_116,s7.074482436,s7.607679861,s294.877962406
189_117,s3.450577217,s7.160186860,s45.468908374
189_118,s6.407040140,s4.522983092,s153.899748060
189_119,s7.935922038,s6.054021501,s141.377264077
189_120,s-8.029627361,s0.660315118,s236.799189347
189_121,s-3.236918627,s6.056150286,s136.969853055
189_122,s-5.445086042,s3.245138091,s177.307669131
189_123,s-3.763579934,s3.579100736,s125.877388974
189_124,s-4.518390253,s5.993778353,s49.568968698
189_125,s-5.773491519,s-0.338051858,s45.108358714
189_126,s-2.153889838,s4.205243017,s256.489910835
189_127,s7.669095876,s4.295198216,s228.853441454
189_128,s0.599828749,s7.249582580,s347.451656501
189_129,s6.872815370,s3.204921016,s229.319890871
189_130,s7.597116840,s5.381917870,s347.929881190
189_131,s5.824232665,s1.644252155,s86.192415282
189_132,s-1.967600072,s5.707763726,s33.685948684
189_133,s0.690341571,s-0.291461899,s278.212767156
189_134,s8.092243370,s1.864677218,s184.074828323
189_135,s-7.926710381,s6.858144187,s300.959844454
189_136,s-3.807513094,s7.438450398,s13.950598435
189_137,s-7.873758979,s3.357686974,s54.415505576
189_138,s-3.077571289,s3.093522304,s5.379554484
189_139,s7.838875654,s6.591560108,s291.333487294
189_140,s-7.350508324,s4.696097329,s132.355445405
189_141,s-5.823342822,s3.363805909,s5.777249705
189_142,s0.093569821,s5.039772474,s303.926884931
189_143,s0.953395264,s2.039770701,s275.760082641
189_144,s7.275834234,s3.342179931,s41.954468689
189_145,s7.945936302,s7.801575557,s224.056339027
189_146,s7.953026736,s3.273653333,s305.897827795
189_147,s8.109507144,s4.695845673,s240.919681321
189_148,s2.321000593,s3.206453255,s282.749270131
189_149,s4.704203289,s3.067219334,s70.163497473
189_150,s-0.871458005,s1.886345348,s281.567851605
189_151,s-3.014321066,s7.450810794,s198.543312212
189_152,s-4.460253868,s-3.928688074,s82.910207846
189_153,s-6.360588100,s6.759957918,s157.451298864
189_154,s-0.722471241,s7.871411423,s80.757019139
189_155,s-3.527854933,s4.966563537,s330.286601546
189_156,s-5.252923991,s-0.354320041,s69.613634829
189_157,s-2.003213476,s6.791347681,s258.501668800
189_158,s7.271953173,s5.101152257,s106.629348240
189_159,s4.090282617,s4.342567352,s32.006868485
189_160,s-0.930083842,s-0.070508703,s310.974960494
189_161,s0.164707564,s7.916325086,s336.972140011
189_162,s3.678978119,s-4.555021977,s246.776932640
189_163,s0.068395803,s6.511077855,s316.969155111
189_164,s1.481094580,s1.272093349,s208.345259054
189_165,s-4.318314120,s5.044429565,s118.603158557
189_166,s-6.629421947,s4.953667174,s186.758128260
189_167,s-5.148587116,s6.320945864,s123.196663431
189_168,s-3.716277204,s7.677807003,s226.694442202
189_169,s1.343349763,s5.494260922,s224.161939468
189_170,s0.140989335,s6.533318700,s165.705727355
189_171,s4.471674297,s7.887209928,s239.912112906
189_172,s-7.738412225,s7.624324575,s223.592788895
189_173,s5.327332464,s6.912203781,s39.306045595
189_174,s1.422405362,s7.629867932,s303.370184736
189_175,s-1.458178745,s6.929425648,s74.080586222
189_176,s4.233986413,s4.771353455,s327.559326020
189_177,s4.243663941,s0.736671927,s244.925621838
189_178,s6.088196362,s7.827649596,s178.498311169
189_179,s6.330918150,s7.358702040,s92.156195903
189_180,s-5.759452230,s7.427894474,s199.492760230
189_181,s-8.052267446,s7.909317320,s317.762075766
189_182,s1.903740989,s4.831858683,s24.824301829
189_183,s-7.167244924,s6.671515331,s220.044204541
189_184,s-7.027310074,s4.365371308,s49.364930071
189_185,s-4.328671403,s6.708203754,s125.074766429
189_186,s2.027845000,s6.820550570,s137.829504574
189_187,s-2.888076384,s1.729341417,s66.672427384
189_188,s4.448761234,s1.680617450,s332.528851928
190_0,s-7.727996969,s-3.984133837,s305.896327907
190_1,s-2.777149338,s-6.338070986,s97.816942263
190_2,s-4.049440071,s-6.231545888,s230.024057536
190_3,s-4.582406982,s3.344752780,s79.803729267
190_4,s-2.832350823,s-5.056400047,s7.786997334
190_5,s2.705624322,s-2.638614139,s113.537510507
190_6,s-2.219668002,s-7.158017798,s30.995287716
190_7,s2.920998634,s-4.005079834,s288.475133977
190_8,s-2.979066528,s-7.568987169,s195.819146984
190_9,s-0.735462232,s-5.394910802,s20.024761723
190_10,s5.864213155,s-7.656487025,s96.313402626
190_11,s4.906620481,s-0.972187201,s306.351048487
190_12,s0.650835083,s-4.901885526,s301.870006398
190_13,s2.039267231,s-4.564497071,s74.386482395
190_14,s4.411569227,s-5.295421518,s35.760945523
190_15,s-1.173324109,s-1.388595242,s94.319940056
190_16,s-2.440275720,s-4.314765955,s12.635434123
190_17,s-2.310868091,s1.429537965,s219.122362042
190_18,s-7.717953998,s-7.562110686,s348.319956122
190_19,s-4.686879763,s-2.921573615,s277.482121424
190_20,s-6.459434664,s-6.185830372,s232.387166646
190_21,s-1.752460790,s6.140029171,s64.292442282
190_22,s-0.080481338,s-4.159233014,s137.640663314
190_23,s0.315466870,s-7.449957304,s194.367375547
190_24,s6.588895091,s-4.280881992,s133.306990291
190_25,s1.949579092,s-0.312592350,s142.555934951
190_26,s0.269504432,s-2.823516876,s60.777569667
190_27,s7.318173820,s0.849940500,s206.028638489
190_28,s7.386261793,s-4.598965421,s59.615532480
190_29,s5.302855536,s-3.707399601,s290.205275932
190_30,s-7.550018623,s-6.269408974,s279.209534997
190_31,s-4.789649294,s-1.660327096,s282.921778816
190_32,s-5.763842863,s-0.369661436,s351.832760007
190_33,s-5.774053298,s-2.120984981,s29.624156457
190_34,s-5.606639082,s-0.518699607,s308.503990248
190_35,s-1.045415600,s-1.085300640,s184.595512652
190_36,s-4.052161210,s-6.592372436,s282.902873245
190_37,s2.179021194,s2.792261049,s43.739592666
190_38,s-2.091622232,s4.760445966,s237.892548031
190_39,s-1.662286848,s-4.017088758,s304.498106364
190_40,s-0.945041445,s-2.462246643,s347.725969422
190_41,s6.802214888,s-2.007863191,s228.872446900
190_42,s7.033842039,s3.451459250,s11.521245859
190_43,s6.309474595,s4.221402441,s168.115085684
190_44,s4.966180516,s-6.352576172,s349.175831944
190_45,s4.983498370,s2.933461011,s344.085275710
190_46,s-2.857176099,s-4.289987465,s180.756035844
190_47,s-1.735390539,s0.632534341,s173.610062426
190_48,s-6.764763831,s1.348179583,s70.254712210
190_49,s-6.555405878,s-5.642357501,s220.021333424
190_50,s-7.050188655,s-3.723521971,s142.181283719
190_51,s-3.347022607,s-2.110290373,s0.073608716
190_52,s2.793057905,s-6.600196667,s20.387952042
190_53,s1.464121470,s-7.304913984,s76.342782905
190_54,s5.014299796,s-2.136316195,s96.596398311
190_55,s6.686257017,s-0.837066185,s220.719168138
190_56,s6.936232019,s2.140237690,s114.826045005
190_57,s7.479211710,s-1.817757437,s93.539189355
190_58,s5.830782769,s-0.252601284,s14.084500214
190_59,s4.702018034,s-7.134858731,s167.664639631
190_60,s3.844297587,s-2.884137730,s96.274092888
190_61,s-5.961269533,s3.088602209,s146.125815864
190_62,s1.879338581,s5.374341683,s82.048419460
190_63,s-6.232314522,s-2.685628623,s239.721805526
190_64,s-0.848472345,s-1.825634154,s129.713010029
190_65,s-3.402298667,s-0.847951781,s347.130936483
190_66,s-3.779298613,s-2.288246452,s95.284568401
190_67,s2.422528194,s5.113069907,s56.228381264
190_68,s-1.188692064,s-6.489590694,s185.297240481
190_69,s-0.268713773,s-4.713135319,s3.914205424
190_70,s5.767545850,s-6.849689857,s111.645418771
190_71,s7.023983804,s-7.062971481,s322.479701326
190_72,s1.149106692,s-3.945970258,s30.949564520
190_73,s-3.233653086,s-1.066899180,s22.082308680
190_74,s5.292868147,s-1.601010288,s92.165748794
190_75,s-7.545992847,s-1.992983913,s121.147515777
190_76,s-5.361365844,s5.186172175,s263.671556451
190_77,s-7.659851058,s-0.387232348,s358.599588659
190_78,s-5.683162519,s7.020380022,s211.655854019
190_79,s5.817317755,s2.820536549,s5.307216282
190_80,s-3.716347780,s-0.572725376,s126.201507753
190_81,s0.333393992,s-0.576833285,s289.716452395
190_82,s-0.450584740,s-1.760186474,s349.021484927
190_83,s3.103439031,s0.409312485,s207.545769672
190_84,s-0.828069368,s0.192610530,s125.086521448
190_85,s1.512610910,s3.782397914,s138.145569160
190_86,s6.359336430,s1.587626549,s261.523493289
190_87,s7.425051331,s6.656153299,s77.644736956
190_88,s5.187007603,s2.200841225,s285.761333757
190_89,s-3.002599831,s0.419125362,s295.874145601
190_90,s-7.351369095,s-0.688595709,s49.473907457
190_91,s-3.972507617,s1.133380469,s150.006840374
190_92,s-2.893097011,s2.178376964,s171.523391011
190_93,s-6.241604132,s7.543314308,s129.569767498
190_94,s-5.847801625,s-4.745443762,s23.674772216
190_95,s-6.592006107,s-7.463277371,s130.520745599
190_96,s4.348617769,s7.401240650,s244.066539515
190_97,s2.981405766,s-3.080055706,s277.789933739
190_98,s-6.715073502,s7.323672880,s71.373428458
190_99,s2.436279439,s-5.448304600,s210.723381274
190_100,s-5.170329702,s1.879943548,s87.429909181
190_101,s2.415217873,s-0.872421281,s325.091402052
190_102,s1.507042894,s3.322631345,s275.805247938
190_103,s7.367190290,s-3.664507891,s343.850060602
190_104,s6.869899491,s6.028596821,s333.181129538
190_105,s-7.332578450,s1.026331887,s190.869522808
190_106,s-7.755697412,s-1.611872420,s307.774047228
190_107,s-0.507224835,s1.557694356,s116.445394897
190_108,s-4.409722981,s5.108940868,s299.330442372
190_109,s-7.422270961,s6.094890897,s342.152779021
190_110,s-2.663121493,s5.735543918,s34.890729340
190_111,s6.839629135,s4.693991763,s328.954403946
190_112,s-4.350153949,s5.945625371,s83.559822332
190_113,s-4.053083048,s-0.256491269,s133.815495989
190_114,s-5.970692742,s4.178616841,s144.772403464
190_115,s3.259058306,s5.065361201,s1.552134411
190_116,s-1.027961055,s7.361204520,s259.437133787
190_117,s3.792057934,s7.451617094,s130.020775721
190_118,s1.458011599,s0.366446017,s275.110256621
190_119,s6.164885605,s2.555953541,s37.517840391
190_120,s-1.076140455,s2.939936688,s41.215517615
190_121,s-4.241453548,s0.806570741,s137.894760835
190_122,s-7.188768622,s3.167681583,s194.215562487
190_123,s1.917845534,s7.245496973,s210.262935255
190_124,s-2.487621570,s3.519287818,s136.698892753
190_125,s-0.644125655,s2.281118483,s87.332740455
190_126,s-7.062790046,s7.552218589,s349.447550878
190_127,s3.103320597,s-1.947457278,s301.973196835
190_128,s-0.073144643,s6.188706660,s126.730568337
190_129,s0.892925662,s-1.306960253,s356.428474905
190_130,s1.115360836,s-0.899274750,s204.775888639
190_131,s4.929443675,s-0.162153097,s121.632707160
190_132,s1.051024321,s1.614260224,s73.524765657
190_133,s5.026223604,s3.777590969,s62.850262098
190_134,s4.273800594,s2.198711403,s299.138015725
190_135,s-4.407531763,s1.083297495,s137.735109803
190_136,s-1.266740365,s1.640104585,s203.883226129
190_137,s-1.543988224,s6.632368420,s290.676205146
190_138,s-4.862057146,s-1.169659599,s30.709350625
190_139,s-1.670798922,s-1.993390403,s66.102593857
190_140,s-7.495124033,s0.730665979,s167.216568418
190_141,s3.134080685,s1.317244160,s41.898700897
190_142,s5.129222781,s4.738159664,s330.341866015
190_143,s-7.608850491,s6.118494946,s3.428876127
190_144,s5.749818681,s5.492948667,s239.271452051
190_145,s7.488606221,s2.082516183,s291.940601768
190_146,s0.483587211,s2.339597650,s326.866662098
190_147,s6.337986593,s-3.109108132,s144.144122300
190_148,s5.223490873,s7.307341780,s105.788667691
190_149,s6.475083627,s0.891757613,s9.806650687
190_150,s-0.727100985,s5.015627755,s125.748044307
190_151,s-7.749595452,s7.377094094,s285.799085242
190_152,s-7.688869171,s2.239878860,s199.288989881
190_153,s-4.398669287,s4.348138151,s1.625933083
190_154,s-5.816009398,s2.140717853,s225.029449378
190_155,s0.192229635,s1.048783917,s307.610369328
190_156,s4.079088682,s0.327159832,s323.525871872
190_157,s-1.815127640,s4.262071290,s46.953606145
190_158,s-3.358045640,s6.392426585,s125.721865101
190_159,s-7.075161403,s2.421203507,s142.149938441
190_160,s-3.745923226,s4.228793696,s355.575139984
190_161,s1.603755566,s7.390688664,s183.402985061
190_162,s6.716567138,s7.029334705,s299.647794170
190_163,s-1.515361916,s7.004518763,s188.414210400
190_164,s4.901533229,s6.582232485,s198.750121598
190_165,s-0.257331411,s6.892244007,s326.205179929
190_166,s-7.755697412,s4.526171903,s176.119859404
190_167,s0.215637339,s3.933257278,s236.559050002
190_168,s-5.961829154,s1.803129514,s147.716043082
190_169,s-3.505582185,s1.636450288,s144.497185478
190_170,s-1.447265013,s5.645286486,s103.412744853
190_171,s-0.828624951,s6.848277693,s330.123279453
190_172,s1.085530105,s5.547614409,s129.248506516
190_173,s6.666932298,s5.948732780,s171.111939138
190_174,s4.100404942,s4.453656719,s236.539488748
190_175,s7.184974503,s7.539299476,s142.347406141
190_176,s3.346413907,s6.286590384,s257.365502058
190_177,s2.019411442,s6.078296554,s231.608106378
190_178,s0.085771662,s-0.795965679,s44.889942794
190_179,s5.826557952,s6.048017856,s32.708819535
190_180,s6.491182665,s3.277767692,s313.785507910
190_181,s2.090886162,s6.823247729,s355.261392490
190_182,s-0.549429504,s3.334657373,s351.676300354
190_183,s-3.195932747,s4.916333254,s209.860407170
190_184,s-6.162112059,s-0.840769796,s229.786738269
190_185,s-4.126278422,s7.476211594,s122.442894483
190_186,s3.549625507,s7.275317171,s314.632412093
190_187,s-1.050832720,s7.450219742,s122.351503956
190_188,s0.951946558,s6.569731777,s99.329557561
190_189,s4.227467066,s5.712928237,s30.838612354
191_0,s-8.068423552,s-3.537334011,s21.358201409
191_1,s-8.284793875,s-4.637236139,s103.311064744
191_2,s-7.124529014,s-7.236434317,s200.424330619
191_3,s-4.051215309,s-8.113006045,s239.670367202
191_4,s0.799409008,s-4.470422297,s153.426928797
191_5,s0.573865687,s-2.940808346,s351.802244376
191_6,s-7.056261107,s-4.542093684,s144.174604578
191_7,s2.717512131,s-6.036908411,s294.467652622
191_8,s2.746271559,s-6.828758736,s195.803696937
191_9,s-1.250465676,s-3.329298641,s348.425696493
191_10,s5.284410476,s-2.288901365,s167.143498695
191_11,s4.656604692,s-2.367515305,s177.721216767
191_12,s-0.285130916,s-7.432939328,s300.818200472
191_13,s5.521829327,s-7.318066402,s168.582220294
191_14,s6.734714784,s-0.267850446,s269.253727394
191_15,s-8.083105139,s-7.804020781,s328.147810191
191_16,s-3.948699683,s-0.812933961,s102.253767207
191_17,s-7.354154245,s0.440489750,s109.412861839
191_18,s-6.920783859,s-5.628998834,s58.153874349
191_19,s-2.853504532,s-7.997479129,s3.652602415
191_20,s-2.955731390,s-4.223648425,s346.408931482
191_21,s6.199465211,s6.164796669,s31.639630534
191_22,s-2.912283742,s-6.310467490,s152.939612262
191_23,s-2.054864490,s-0.590095767,s272.744767139
191_24,s2.761723089,s-4.489811417,s92.581610921
191_25,s-0.506682993,s-6.082921293,s297.709082360
191_26,s4.192012436,s-6.575995581,s152.096122390
191_27,s6.055121235,s-1.511555078,s209.678603643
191_28,s8.366973292,s-7.056281546,s202.862336710
191_29,s2.980524547,s-1.576838436,s323.932250379
191_30,s-6.508455390,s-0.936929434,s24.208190090
191_31,s-3.366889441,s-3.498103614,s62.941072554
191_32,s-6.657142830,s2.856159196,s174.879817965
191_33,s-5.571265465,s-5.682758548,s6.728359299
191_34,s-8.037017762,s0.576466601,s67.204802501
191_35,s3.284379614,s-7.628196075,s25.697279923
191_36,s4.945483310,s3.577249926,s279.951783112
191_37,s-6.497229915,s-7.212839663,s37.282961479
191_38,s4.611438509,s-5.392031464,s8.608649604
191_39,s2.485081083,s3.503303202,s197.840589154
191_40,s-0.083903557,s-0.456971045,s11.381846704
191_41,s4.915915547,s-0.648576746,s239.989928798
191_42,s2.452571765,s-1.136559761,s6.105633136
191_43,s5.652766988,s-5.006670712,s302.698311150
191_44,s8.337123114,s1.821042783,s274.979812715
191_45,s-7.445913089,s1.208375091,s253.449804414
191_46,s-2.319227045,s2.670627874,s180.351632957
191_47,s6.346465689,s-3.053378680,s214.528855883
191_48,s-0.962743600,s-2.046443668,s265.238770872
191_49,s-4.539810476,s2.767889643,s103.790660830
191_50,s-1.447776180,s0.940741752,s98.061321498
191_51,s-0.691379190,s-4.958376758,s92.852296353
191_52,s7.723366691,s-8.194246258,s105.807103188
191_53,s-1.601918190,s0.196148259,s35.992051399
191_54,s4.598079051,s-7.510686568,s285.123160501
191_55,s4.741207053,s-3.143675750,s101.440110761
191_56,s7.544900085,s3.533700860,s169.357078216
191_57,s3.708934921,s-3.465081897,s76.031867380
191_58,s8.401783508,s-0.821864107,s277.219022855
191_59,s7.839511769,s1.760946213,s281.099506882
191_60,s-8.558533302,s-2.127400782,s329.164023462
191_61,s-2.136236439,s-4.567357990,s9.338456784
191_62,s-3.252894001,s0.062940424,s120.921609159
191_63,s-3.272837923,s1.973991067,s172.570268475
191_64,s-3.999358373,s0.626245379,s1.920787355
191_65,s-5.705707761,s0.892106827,s5.930911249
191_66,s-7.354919729,s-2.682275237,s151.256202009
191_67,s-3.544684784,s-2.304017041,s354.189044487
191_68,s6.517920310,s-8.434367411,s161.200009932
191_69,s4.116762350,s3.900529218,s195.195505657
191_70,s-6.366265655,s-0.677701851,s66.451007825
191_71,s-5.217411225,s-6.762234215,s296.825492747
191_72,s8.156657967,s3.648629288,s13.555426141
191_73,s5.903239510,s3.411559736,s342.215070160
191_74,s7.006354614,s-6.113196640,s248.158138891
191_75,s-8.526997862,s3.414093672,s184.938356170
191_76,s-7.138234269,s5.868834606,s21.257715798
191_77,s-3.087869689,s8.004034233,s238.646507132
191_78,s-4.468711813,s-4.613950569,s358.542235393
191_79,s-5.739247746,s1.919951752,s116.437628075
191_80,s1.275478519,s3.455997933,s0.137486272
191_81,s-2.572807758,s-1.142695816,s151.825790182
191_82,s3.493235367,s6.626498866,s223.725935309
191_83,s-6.564670088,s0.634756912,s343.546292658
191_84,s-1.405564405,s6.033256106,s19.780536625
191_85,s0.893727473,s1.202315152,s108.344878683
191_86,s4.136689279,s6.842256719,s89.693994962
191_87,s2.758276880,s-0.473248770,s329.881954906
191_88,s2.507370881,s-2.161748886,s203.322723045
191_89,s2.330300102,s2.409253575,s162.121931158
191_90,s-8.315590589,s0.312839983,s101.470310213
191_91,s-8.025191535,s5.248218038,s33.235243962
191_92,s-7.839144799,s7.382424876,s117.318552766
191_93,s-0.478488996,s7.138842882,s120.766567703
191_94,s-7.625926813,s8.124695898,s45.861897078
191_95,s-6.465225573,s8.356172222,s322.221886971
191_96,s2.582266205,s8.527576282,s213.912368789
191_97,s-2.031582046,s7.817832560,s130.342854061
191_98,s2.613988549,s0.211092613,s87.771291479
191_99,s2.283630111,s0.736901148,s61.850837236
191_100,s0.687157851,s0.925056728,s289.747747342
191_101,s1.029848001,s7.072992014,s41.197047718
191_102,s5.149763995,s8.525747752,s260.390130715
191_103,s7.915897228,s-3.697691755,s147.048281178
191_104,s5.893409833,s8.531761246,s156.349821647
191_105,s-7.611935740,s3.933650026,s76.103451216
191_106,s-4.506004748,s3.537576986,s82.575142446
191_107,s-8.449861608,s6.856537242,s68.744869242
191_108,s2.537113368,s3.872243015,s143.985024420
191_109,s-0.127566604,s8.398183270,s349.916299528
191_110,s1.008153979,s4.964591072,s136.487029415
191_111,s-5.123814466,s0.120489286,s46.845798877
191_112,s-0.160559547,s-1.088875128,s88.808328309
191_113,s-3.079761947,s-2.772321538,s31.502916807
191_114,s-0.197987740,s0.674625999,s301.241044653
191_115,s0.328156620,s6.583564561,s306.428258574
191_116,s1.670578453,s1.533563915,s13.959225224
191_117,s7.655525051,s-0.093903360,s265.840023676
191_118,s7.875052164,s4.859614582,s200.596075911
191_119,s6.882032925,s7.142473479,s70.125963896
191_120,s-8.421858418,s3.853372690,s175.633992243
191_121,s-5.629875467,s4.217667760,s152.809525576
191_122,s-5.505569310,s3.786255291,s149.485268251
191_123,s-5.673097537,s-2.845355754,s262.330133008
191_124,s-6.220675363,s7.307210834,s10.924079617
191_125,s-7.424755023,s6.076990471,s32.677789632
191_126,s3.611336403,s8.211892792,s38.858804246
191_127,s8.081677452,s7.325750101,s357.684428120
191_128,s1.003573280,s4.619804246,s95.833217359
191_129,s6.600143130,s8.073482680,s21.905053473
191_130,s4.970523943,s-0.478028750,s22.735222313
191_131,s1.274868306,s8.078136206,s281.492968826
191_132,s4.572698386,s6.870075912,s27.157574238
191_133,s7.082194380,s4.320833602,s150.694425944
191_134,s5.130725548,s7.604739554,s40.301540241
191_135,s-1.368315891,s1.799447090,s326.675507227
191_136,s-4.567010632,s0.669907950,s29.697009040
191_137,s-6.316832852,s3.926954120,s222.681215235
191_138,s0.466923344,s4.680996442,s15.029344339
191_139,s-4.581946273,s5.424156992,s312.142301296
191_140,s-0.411091463,s5.139310834,s29.781069759
191_141,s-6.160911235,s4.698183313,s42.111112838
191_142,s-1.428977334,s8.375074901,s305.989367490
191_143,s7.485851766,s0.685917002,s195.987384231
191_144,s-3.224065180,s6.719455587,s41.640701328
191_145,s-0.343702560,s2.246556929,s273.557371022
191_146,s5.978122201,s2.135577647,s255.630724244
191_147,s3.865381449,s3.957500057,s199.591108935
191_148,s7.196841673,s1.842057699,s286.658957710
191_149,s-0.778759140,s7.780853613,s312.905340945
191_150,s3.251689927,s2.840100476,s177.809328449
191_151,s-7.299933023,s4.985565807,s72.211898035
191_152,s-1.923606344,s6.985820379,s231.534663053
191_153,s-5.662556276,s-1.983164297,s198.402749497
191_154,s-1.851122192,s3.136608615,s77.023566981
191_155,s0.250988855,s0.739094179,s108.627186290
191_156,s-0.301026203,s2.539625115,s149.295183450
191_157,s0.220934184,s5.998179487,s324.999653968
191_158,s6.946788849,s4.809988125,s339.225170662
191_159,s-4.509388143,s8.480538480,s225.913859021
191_160,s3.967972541,s5.122943215,s269.939382180
191_161,s4.004745173,s-0.418815148,s138.797115597
191_162,s5.348449738,s0.929152676,s218.426309222
191_163,s5.974323374,s6.190863865,s12.478203763
191_164,s2.385814830,s4.379331017,s155.767053349
191_165,s-8.547842118,s7.984657876,s50.912627741
191_166,s-8.585617043,s1.848489714,s11.821054166
191_167,s-5.890206709,s6.870389601,s73.130985869
191_168,s-3.564190981,s6.029376196,s305.608635150
191_169,s0.175436811,s3.398752800,s3.947641349
191_170,s-2.577061159,s5.002212886,s333.002122073
191_171,s-1.603559361,s3.311187127,s120.551801668
191_172,s4.705045329,s8.352570278,s241.006108260
191_173,s5.122119188,s4.186418623,s246.363560860
191_174,s3.414220155,s-0.842039139,s266.856218774
191_175,s7.120583662,s8.422287729,s15.898408506
191_176,s7.392563623,s7.920431594,s156.117728735
191_177,s4.214139856,s8.218582484,s16.226193422
191_178,s1.944346248,s6.211406422,s99.836681426
191_179,s8.357814930,s8.451302748,s280.271069657
191_180,s-8.538162418,s8.553033140,s40.912713996
191_181,s-2.919333020,s5.771093014,s351.132121841
191_182,s-4.338256237,s5.117896881,s91.980958797
191_183,s-5.226453658,s6.126959110,s328.500056140
191_184,s2.148168337,s5.133506162,s204.397909608
191_185,s-4.949482515,s8.462449131,s224.226732565
191_186,s7.712671659,s5.971648176,s26.459244176
191_187,s-8.166341287,s8.553033140,s171.886728918
191_188,s-6.453256270,s6.052276124,s200.099599744
191_189,s1.199564421,s5.844837450,s169.348314665
191_190,s1.124462807,s8.486210525,s229.188925323
192_0,s-5.027609827,s2.093423405,s237.322743787
192_1,s-6.361129905,s-2.491680640,s219.643857289
192_2,s-1.476791045,s-1.777662850,s345.661997741
192_3,s-6.156902337,s-7.664008348,s145.354477352
192_4,s-7.714355877,s-2.392769176,s149.118982091
192_5,s-1.672202895,s1.339070875,s10.401564581
192_6,s1.796913282,s-2.539572197,s61.244339556
192_7,s-7.154416394,s-3.358792305,s348.785754519
192_8,s-3.584846282,s-7.499031081,s41.915936669
192_9,s0.698289316,s-1.458545771,s241.946239817
192_10,s3.744996506,s-7.557207998,s287.298489299
192_11,s5.069855113,s-2.536634040,s230.480931698
192_12,s5.115538133,s-0.512440388,s183.487221415
192_13,s6.837414463,s-7.865574928,s240.888562228
192_14,s7.487339086,s-1.319526526,s5.734876797
192_15,s-7.604281888,s-7.938709059,s90.642006065
192_16,s-7.414866746,s-4.183162640,s165.600185667
192_17,s-6.290490098,s-3.745278468,s304.888790846
192_18,s-2.999892468,s-5.019155165,s98.203572341
192_19,s-0.853738171,s-4.121485723,s205.743848844
192_20,s2.181804887,s0.488048461,s316.475430496
192_21,s-0.597213309,s-0.367838486,s151.766834743
192_22,s-1.937164979,s-0.938358727,s129.776139259
192_23,s3.221927726,s-2.447962644,s149.252595294
192_24,s3.727177210,s0.005516049,s303.677308048
192_25,s-1.028157293,s-2.584011733,s306.036180386
192_26,s0.698282796,s-0.420919526,s80.566736170
192_27,s4.341094665,s-7.766823022,s183.187046585
192_28,s7.890677354,s-3.536950062,s8.810153682
192_29,s2.784135844,s4.197091538,s206.600433716
192_30,s-7.768053816,s6.682370429,s355.939371565
192_31,s-2.367007439,s-5.992672978,s257.131901430
192_32,s-4.969002121,s-1.550134541,s99.572548045
192_33,s3.250712827,s7.272122546,s283.442776099
192_34,s0.088715763,s4.163576757,s201.504982316
192_35,s5.980785664,s-2.828646979,s21.072917559
192_36,s3.223013768,s-7.027234342,s22.043130094
192_37,s-1.867605607,s-7.775403776,s299.774895586
192_38,s0.616370531,s0.481272738,s338.150165855
192_39,s0.725187150,s0.724808049,s53.686636868
192_40,s0.115186284,s3.441493697,s126.540502897
192_41,s2.198815938,s-5.241609700,s17.163517656
192_42,s7.731544872,s-4.667459544,s105.738841089
192_43,s1.263614653,s-1.990205046,s304.307639032
192_44,s3.004416391,s-6.289689441,s159.798527597
192_45,s-5.840770976,s-4.439833552,s231.904576872
192_46,s-3.276435887,s-1.197153545,s3.450609538
192_47,s-3.915129452,s-2.937142837,s203.242102570
192_48,s0.198391399,s-6.515884099,s275.299338376
192_49,s-2.598861996,s4.349095485,s26.335851816
192_50,s2.653397693,s-0.901753907,s174.474616949
192_51,s-5.184211064,s-4.926239364,s67.047378205
192_52,s3.154076975,s-3.418976667,s240.326774716
192_53,s-2.601237360,s3.467228858,s161.681758753
192_54,s1.873940892,s-7.642478242,s99.410853676
192_55,s4.807297858,s-4.853793033,s140.371564628
192_56,s4.310868591,s-1.133652401,s296.124735415
192_57,s6.266087313,s5.681319892,s60.817664122
192_58,s7.734627756,s-6.190962371,s22.641485024
192_59,s5.150808668,s7.172211390,s5.668686633
192_60,s-1.805167542,s-4.785449934,s260.467808445
192_61,s-1.037637123,s5.855466059,s282.481631870
192_62,s-4.690018671,s-4.237143154,s242.475515529
192_63,s-0.002574238,s6.902825495,s34.628630054
192_64,s0.115257036,s-5.377230447,s121.443765744
192_65,s-2.969566403,s4.948181774,s182.047147962
192_66,s-2.496723050,s-4.481554506,s95.268341612
192_67,s5.323716125,s-4.349304422,s335.611214506
192_68,s3.433950427,s2.844972007,s19.878795560
192_69,s2.839602675,s-7.227118015,s169.434895199
192_70,s6.569071777,s4.479151197,s329.090199255
192_71,s2.841894806,s-2.055347227,s325.172200426
192_72,s8.040407896,s2.224458887,s94.812684991
192_73,s5.726464822,s1.641120275,s145.159230908
192_74,s7.834833695,s1.278534045,s178.988628895
192_75,s-1.626454872,s6.437268240,s249.880841943
192_76,s-5.784366873,s0.902645105,s228.015198695
192_77,s-7.620816294,s-0.446967468,s67.884148651
192_78,s-2.997868504,s-1.811139371,s303.263072407
192_79,s-3.580210665,s4.003758077,s307.977266438
192_80,s5.358653346,s-1.690910805,s328.423278242
192_81,s-0.260157308,s1.446833960,s117.407841739
192_82,s-3.141419927,s2.333076145,s77.291700154
192_83,s4.879849837,s5.063444684,s149.052811380
192_84,s6.612902573,s7.118652599,s264.808403674
192_85,s1.570346732,s0.873868483,s204.072711921
192_86,s6.951294659,s6.421430342,s208.779120098
192_87,s7.754665396,s-3.052724865,s123.948570639
192_88,s4.212084367,s-2.374950204,s130.541817710
192_89,s7.794230147,s-2.225257018,s57.334756365
192_90,s-7.094951428,s-2.140591631,s251.660773466
192_91,s-7.164096067,s-4.962896475,s305.091345157
192_92,s-6.914665077,s2.415210527,s298.071058119
192_93,s-6.061306513,s4.330612194,s264.604476192
192_94,s-4.614661566,s-0.328520861,s3.509962835
192_95,s-1.519364130,s3.376364624,s218.264213372
192_96,s4.857491478,s5.600150608,s327.759266654
192_97,s0.903414684,s0.049594348,s142.633753862
192_98,s-2.042345380,s0.329628180,s276.975756621
192_99,s-2.266522984,s-1.547681492,s168.741270846
192_100,s3.143278599,s-1.741086748,s86.037670124
192_101,s7.895632398,s6.206157421,s21.874354292
192_102,s7.020138926,s-4.101117596,s140.344461641
192_103,s1.833570497,s4.953560942,s34.920868303
192_104,s6.658117235,s0.235087617,s150.517055280
192_105,s-3.371843700,s-2.354795623,s352.985228829
192_106,s-6.833152693,s-0.250596225,s180.018088624
192_107,s-5.299120218,s3.902592897,s191.299035551
192_108,s-6.809385657,s1.437240090,s247.458930713
192_109,s-1.148004879,s-2.987506324,s345.527005805
192_110,s-5.736772694,s-1.483783477,s71.315866179
192_111,s-2.335722440,s1.760319454,s81.064928527
192_112,s-6.007721548,s-5.454601053,s267.873611921
192_113,s-0.962424790,s5.987684734,s137.341219303
192_114,s3.401413371,s4.863585874,s87.275349265
192_115,s-4.172920234,s-1.330030315,s160.398448737
192_116,s0.217348781,s-1.524066374,s87.594505211
192_117,s7.488274288,s6.680275528,s46.821510399
192_118,s8.054292788,s2.541084381,s1.070795615
192_119,s7.427134016,s3.362895075,s143.028918732
192_120,s-7.266667935,s5.498554773,s195.491391105
192_121,s-4.382122586,s5.830098668,s181.299908717
192_122,s-1.664548951,s3.923511019,s311.459901117
192_123,s-4.014110187,s1.996872106,s211.920067242
192_124,s-0.886013090,s6.675157645,s89.749678784
192_125,s0.608396608,s3.368270325,s197.983364174
192_126,s2.210199827,s4.230605335,s182.006365092
192_127,s-3.220747835,s1.166949418,s111.960361783
192_128,s-1.258048296,s3.683340064,s254.876798050
192_129,s2.544014426,s3.936538486,s142.709561298
192_130,s0.565643703,s6.861145291,s150.326229024
192_131,s7.019506721,s1.456585132,s119.348290996
192_132,s7.191839630,s7.747734969,s258.402746932
192_133,s5.576799084,s7.790914375,s42.878933855
192_134,s6.070928610,s2.568784957,s182.882265254
192_135,s-7.634447957,s3.128948146,s50.518972604
192_136,s-4.684373759,s1.024659558,s201.798013304
192_137,s0.119796892,s7.855385492,s27.408105657
192_138,s-3.821669380,s7.848138314,s122.064565117
192_139,s-5.842678420,s4.859011954,s31.933567399
192_140,s-2.802714784,s0.016751205,s208.429769882
192_141,s3.484480747,s7.811447999,s85.247543207
192_142,s-5.830767085,s3.270031311,s306.501589785
192_143,s2.732490818,s1.377528943,s214.728868956
192_144,s0.779323503,s4.012823849,s350.483213227
192_145,s0.700102637,s2.602403634,s81.510813735
192_146,s1.381956353,s7.008846863,s168.288550268
192_147,s7.560914923,s5.174851127,s209.559474220
192_148,s4.478843997,s4.132109066,s314.570087824
192_149,s5.219737005,s7.224751375,s305.840811777
192_150,s-4.105880771,s7.078529048,s18.806699862
192_151,s-7.561902358,s2.123573297,s175.426511022
192_152,s-4.706008747,s3.657029878,s279.032766424
192_153,s-7.158802311,s6.008173841,s208.408123357
192_154,s-4.159240517,s5.186374845,s313.656762906
192_155,s-7.544146740,s7.737210391,s350.038446209
192_156,s4.734152816,s-0.058020297,s326.950878461
192_157,s8.010937830,s5.461244157,s355.726697987
192_158,s-7.508709826,s4.283032979,s287.120033349
192_159,s5.195813726,s1.902969339,s359.650834407
192_160,s5.313003247,s4.360542158,s276.707958207
192_161,s6.184484187,s4.608383743,s48.756242181
192_162,s4.613716205,s3.206968728,s96.438771268
192_163,s8.001773093,s7.408138613,s196.955025780
192_164,s-0.157577260,s2.577966475,s261.832573236
192_165,s-2.863472469,s7.659717374,s226.748953638
192_166,s-6.016043376,s7.636419131,s353.799543901
192_167,s-4.003319671,s1.343675372,s7.328483052
192_168,s-0.525146463,s4.894541213,s106.311430134
192_169,s2.570257430,s7.815967036,s121.885632666
192_170,s-6.385997190,s6.286563055,s36.087922206
192_171,s2.107909069,s6.259157200,s136.380072375
192_172,s3.769014289,s5.931527793,s119.570565425
192_173,s4.105092568,s7.711350276,s136.439182778
192_174,s3.490795525,s5.294595816,s139.922906641
192_175,s4.302964572,s1.043167484,s45.519292017
192_176,s1.842284651,s6.841221944,s187.981614605
192_177,s-0.029486361,s5.399844138,s61.053448049
192_178,s6.333777835,s7.827422896,s64.926034448
192_179,s5.621857300,s0.419191060,s39.036083139
192_180,s-7.375212894,s7.105881510,s309.349796583
192_181,s-7.185613308,s4.952607541,s54.012764967
192_182,s-5.851518024,s1.894386842,s227.670629300
192_183,s-7.013385360,s2.250644963,s183.960705281
192_184,s-1.098436925,s7.833375142,s213.132607282
192_185,s-3.079816899,s3.506314837,s236.962528675
192_186,s2.721456155,s3.021681914,s40.555889449
192_187,s2.659847540,s4.924206514,s43.720459626
192_188,s0.109620641,s7.125908079,s189.951216796
192_189,s5.820364490,s5.786701208,s334.963829266
192_190,s1.273006795,s1.534087950,s287.907387111
192_191,s6.872265378,s-2.406816503,s64.692193235
193_0,s-8.112660904,s-8.239312618,s31.364624945
193_1,s-5.292941529,s-7.313039008,s250.107497081
193_2,s-3.020361694,s-7.719938812,s301.315328580
193_3,s-3.495026152,s-2.152396786,s276.356315023
193_4,s-3.728410685,s0.790536480,s204.364280268
193_5,s-1.943904391,s-4.335308431,s8.196036052
193_6,s-5.920842044,s-3.144599831,s113.103246173
193_7,s-2.910341907,s-5.350772857,s297.402668274
193_8,s-1.598540069,s-5.397213018,s255.427364233
193_9,s7.255405075,s0.507098894,s111.120237599
193_10,s0.354032547,s-0.118046235,s115.535748289
193_11,s3.128466732,s-4.593803962,s317.341099417
193_12,s1.761717846,s-5.456639265,s120.204371105
193_13,s-0.117622841,s-7.930160731,s82.939274311
193_14,s5.753201620,s-7.262577243,s185.643942673
193_15,s-2.207288956,s5.141757853,s238.689346398
193_16,s-6.266371292,s-6.556100506,s6.637959438
193_17,s-2.501481160,s-8.266831953,s126.381199761
193_18,s2.274926439,s-1.982859010,s23.691096292
193_19,s-5.007921636,s-4.177238509,s217.882308178
193_20,s-1.410858806,s-1.978369814,s233.435854898
193_21,s-1.482289648,s-4.100140706,s100.073922336
193_22,s-4.459319620,s-0.533590861,s304.990170097
193_23,s2.190588340,s-7.960122072,s302.081071180
193_24,s5.573814600,s-0.559032543,s159.840394552
193_25,s7.074576873,s1.005243142,s66.566318512
193_26,s6.830860118,s3.728577685,s17.571031496
193_27,s4.667707396,s-0.448235367,s239.102719008
193_28,s7.953437981,s-1.143507488,s324.050194228
193_29,s4.531448065,s-7.693551877,s28.914377119
193_30,s-1.165049185,s-7.693966282,s59.880153779
193_31,s-7.763843319,s-5.529206021,s237.176470574
193_32,s-8.147096476,s5.924926529,s219.677832923
193_33,s-4.370525925,s-6.444798279,s103.273856675
193_34,s-6.833395714,s-2.279476280,s242.520413102
193_35,s0.215535071,s-2.704230398,s291.086255260
193_36,s-0.789129001,s-2.711560212,s231.624486815
193_37,s5.152367567,s-4.776366571,s165.412633845
193_38,s4.269656654,s-3.583411063,s332.361242721
193_39,s2.199716748,s-3.052033109,s189.941344293
193_40,s1.681753861,s-3.670861105,s329.689169317
193_41,s4.450815101,s-2.620052951,s308.504514769
193_42,s1.053355483,s-0.123714416,s179.512580081
193_43,s6.479584577,s-8.080155048,s358.582084349
193_44,s8.156365622,s-6.471149254,s272.585813642
193_45,s-8.066461197,s-4.039563649,s152.108201704
193_46,s-4.186299689,s-1.723146106,s214.819424465
193_47,s-3.171045834,s3.165378259,s269.390989084
193_48,s1.088181945,s-6.480369448,s208.919036560
193_49,s-1.351554634,s-0.501972220,s124.093638022
193_50,s1.176453256,s4.148876291,s2.076659906
193_51,s-2.030679783,s4.166602847,s340.673074495
193_52,s0.163240166,s1.053550317,s128.068110904
193_53,s-1.502076469,s1.514042553,s284.074596172
193_54,s0.574272687,s0.691847191,s268.661283650
193_55,s2.567922093,s1.597137029,s70.997461193
193_56,s0.852592413,s2.377266653,s240.284237898
193_57,s7.772291345,s-0.302522805,s185.217794362
193_58,s-6.604029910,s-1.401284568,s210.762144198
193_59,s3.629588047,s-7.945370744,s287.892194495
193_60,s-2.866667029,s3.881650342,s160.071842886
193_61,s-1.506636593,s2.255164374,s325.382558348
193_62,s-5.368108425,s-4.706270153,s182.400422378
193_63,s-6.281955584,s-4.003115224,s66.467208006
193_64,s-7.557174955,s-5.106994031,s162.578987261
193_65,s-7.993822549,s-0.277388661,s240.596029264
193_66,s-2.765745764,s6.836643495,s193.291000109
193_67,s8.120566983,s-1.987154863,s56.360094165
193_68,s-0.014674597,s4.064792537,s99.877289471
193_69,s0.609292764,s4.550117208,s173.604433492
193_70,s-3.014774541,s-3.853914043,s300.155016486
193_71,s3.595836592,s0.422003249,s74.250969762
193_72,s5.077966865,s0.277936729,s203.993611163
193_73,s2.137555504,s0.543448705,s166.762818991
193_74,s7.917655524,s-8.331189608,s68.743656390
193_75,s-6.578897196,s-0.714531021,s256.362968668
193_76,s-6.946769726,s7.412312250,s78.669712676
193_77,s-8.205191975,s-2.202214891,s237.349555141
193_78,s-8.043559489,s-1.301109992,s55.602414742
193_79,s-2.448760940,s-2.718643804,s50.596702080
193_80,s5.898510728,s1.849584826,s23.646226586
193_81,s3.701865718,s-1.985832069,s295.918485452
193_82,s-3.462347760,s0.115687090,s104.114870444
193_83,s-0.955435989,s2.356664031,s341.693333078
193_84,s6.428408029,s-1.835785259,s164.704681522
193_85,s8.039834365,s4.730559359,s2.090086475
193_86,s7.490989521,s5.778191731,s320.713260394
193_87,s5.970332211,s-3.323877833,s91.462368046
193_88,s2.414379855,s2.221398248,s55.279236561
193_89,s3.739014863,s-0.906367941,s212.326549423
193_90,s-8.002989810,s0.483309348,s344.569827467
193_91,s1.668389242,s2.212065486,s236.046801764
193_92,s-8.062474018,s-3.046407107,s194.123809965
193_93,s-7.764324693,s7.942426984,s320.776510247
193_94,s-4.312784629,s7.047899296,s266.612835650
193_95,s-4.171065273,s-2.889619677,s99.394512474
193_96,s-6.205100383,s3.929955740,s4.812504090
193_97,s-5.521714191,s6.842012976,s158.731620148
193_98,s-3.812483096,s5.665205067,s155.911137072
193_99,s-3.038034764,s1.970741277,s358.544732752
193_100,s2.751140226,s1.156563617,s227.112374974
193_101,s7.269307449,s3.412888101,s345.406304660
193_102,s-7.924401849,s2.011764431,s315.493493025
193_103,s2.570869028,s5.324617440,s131.537961981
193_104,s3.811591204,s3.596520214,s356.115114174
193_105,s-7.515005656,s-0.283859882,s99.593084690
193_106,s-3.893279924,s7.938398246,s226.136304504
193_107,s-8.205191975,s2.468108988,s343.332262744
193_108,s3.607892604,s3.495022695,s252.386710460
193_109,s-1.425859303,s6.454641559,s144.211869251
193_110,s1.273677083,s0.051708123,s133.627536194
193_111,s5.929515163,s3.890382131,s343.035776474
193_112,s4.034408480,s1.915330409,s335.124800759
193_113,s3.260511379,s6.282644004,s244.314002193
193_114,s-1.441491529,s-0.316703576,s339.011363318
193_115,s5.526227705,s1.075410351,s29.140844917
193_116,s7.016065472,s-2.378153146,s105.090270699
193_117,s4.445834214,s4.441303902,s276.427554706
193_118,s7.559413325,s1.649015382,s302.074503381
193_119,s0.745609555,s1.996873208,s73.592515270
193_120,s-6.507465163,s4.023807479,s74.390408745
193_121,s0.011536409,s0.448420838,s7.671167545
193_122,s-4.153212484,s1.976446655,s241.693249624
193_123,s-6.822323696,s1.185852590,s41.636201983
193_124,s-3.691813451,s4.361451576,s147.693418530
193_125,s2.075518471,s5.149751402,s326.785082684
193_126,s1.903035308,s-3.759223336,s251.300438683
193_127,s2.809448309,s7.690368254,s303.567095693
193_128,s2.161842528,s2.661617092,s310.085150436
193_129,s1.078770495,s3.570298650,s220.704746039
193_130,s6.245295594,s4.433565151,s154.175296648
193_131,s0.386447714,s7.970817267,s15.597754482
193_132,s1.478878515,s5.073481647,s156.312582963
193_133,s3.101597316,s2.397512954,s40.818587608
193_134,s7.765979185,s4.159725290,s26.589663510
193_135,s-6.079063593,s-0.029059753,s57.631891151
193_136,s1.095039749,s7.683664071,s100.562137721
193_137,s-6.135240839,s5.972648746,s22.517698971
193_138,s-6.959926570,s-3.558554358,s114.687845839
193_139,s-4.953270975,s0.555092447,s338.193826717
193_140,s-0.220957956,s2.925655394,s112.414253791
193_141,s-0.739406255,s3.068200609,s142.268274715
193_142,s1.026421085,s5.327420507,s282.978962358
193_143,s-0.677311230,s-0.646470629,s308.656909846
193_144,s7.239218048,s6.733860155,s106.316705923
193_145,s7.017631091,s3.309223100,s145.600173751
193_146,s7.698644038,s6.669207724,s18.982146964
193_147,s8.041781312,s6.168768930,s1.306622006
193_148,s5.884753729,s5.564561302,s199.246742886
193_149,s5.156957283,s4.526197820,s67.440802129
193_150,s-7.677968952,s3.634765872,s175.722616499
193_151,s-4.067313296,s5.958657502,s41.838092902
193_152,s-8.005591799,s5.220159743,s269.174889344
193_153,s-5.144351150,s7.277977852,s33.833586621
193_154,s-7.773385428,s6.167695419,s16.258599920
193_155,s-0.145230412,s5.914246615,s209.087214898
193_156,s-2.438332606,s4.288037043,s66.177078806
193_157,s4.813623293,s7.305853829,s352.692679125
193_158,s1.937829300,s6.272566913,s241.169164626
193_159,s4.599730372,s6.483048568,s333.285616324
193_160,s3.378702035,s2.558966681,s310.388435645
193_161,s6.724658766,s6.399745589,s190.382674637
193_162,s5.352174123,s7.188147531,s290.569461964
193_163,s2.167496083,s-0.435911082,s286.661706064
193_164,s5.312560637,s6.454208467,s181.099178311
193_165,s-5.664282265,s0.015657658,s343.668588022
193_166,s-4.684868615,s4.725005324,s140.953719890
193_167,s3.182287421,s6.299275912,s150.837248075
193_168,s-6.787139906,s6.564368801,s309.722667907
193_169,s-6.253314836,s0.710811055,s46.863213428
193_170,s-1.098205867,s5.576834181,s284.820426057
193_171,s-0.411392636,s4.863519818,s113.841224487
193_172,s1.721435855,s0.978916660,s209.612290482
193_173,s3.923642815,s7.878789102,s84.407967363
193_174,s-2.571584154,s7.943277868,s331.001471854
193_175,s4.558970589,s5.958974964,s87.254636832
193_176,s2.851567883,s4.160438494,s139.550400075
193_177,s4.921085797,s5.585873381,s15.626835544
193_178,s7.334650892,s8.019389367,s77.606794024
193_179,s4.326229685,s7.943373312,s242.265355295
193_180,s-6.159464489,s4.105133337,s50.888207342
193_181,s-6.608139458,s7.205746508,s305.263781458
193_182,s-8.157159162,s3.888707745,s86.366501743
193_183,s-7.888466736,s1.507941722,s297.724634572
193_184,s0.351893042,s6.486610115,s118.390308370
193_185,s-1.436284526,s7.597205472,s1.361176324
193_186,s-0.236720305,s7.441719318,s339.910832269
193_187,s-2.324023330,s6.863894412,s147.866863234
193_188,s-1.433624326,s7.977270803,s119.184697291
193_189,s7.852862231,s7.593313183,s35.024245964
193_190,s6.874156568,s1.481182388,s157.104648319
193_191,s6.021183593,s7.923906887,s244.806706553
193_192,s8.036798864,s1.798081448,s182.206455094
194_0,s-7.712947972,s-8.414553331,s221.244246744
194_1,s0.817312944,s1.244228063,s279.214643033
194_2,s-2.029808694,s-8.316227076,s293.431248883
194_3,s-3.865960848,s-2.994255155,s33.732893363
194_4,s-0.545063618,s-8.353607197,s202.051739226
194_5,s-6.857713398,s-7.830805402,s170.518092298
194_6,s-0.541601289,s-5.557448923,s164.514466116
194_7,s2.176966463,s-6.938896274,s262.661134139
194_8,s2.020952588,s-4.600950459,s26.092672380
194_9,s-3.253098515,s-7.676894483,s89.908442586
194_10,s2.959480436,s-3.954637203,s278.430055520
194_11,s3.117504129,s-6.311782942,s0.060176741
194_12,s7.230158929,s-1.301765913,s253.869613073
194_13,s6.286644246,s-7.293334067,s356.569793074
194_14,s8.504423311,s-7.037843829,s97.900335340
194_15,s-8.564685094,s-4.905670574,s152.848147980
194_16,s-5.862609955,s-1.908893366,s179.905516592
194_17,s-8.523911097,s-2.298978840,s253.343025071
194_18,s-0.704757997,s-7.270868361,s274.017531286
194_19,s-1.452076017,s-3.619195216,s301.422378953
194_20,s-4.603260763,s-1.990674442,s64.672518837
194_21,s-4.167053327,s-7.346442394,s50.263116993
194_22,s-1.552045633,s-2.417521418,s208.577462781
194_23,s7.803305257,s2.077914383,s157.529417873
194_24,s7.581969714,s-1.889230877,s58.738567765
194_25,s-2.893415241,s-6.238417313,s100.987225852
194_26,s4.132086066,s-5.945957129,s260.572705397
194_27,s5.044256917,s-4.563366767,s160.372177532
194_28,s4.837876237,s-7.722385386,s326.815187468
194_29,s8.408833956,s-0.152987862,s336.086520624
194_30,s-8.329886318,s-0.438733439,s225.620926384
194_31,s-6.609441024,s0.151088604,s308.924700245
194_32,s-6.342153486,s-5.962006291,s33.578726530
194_33,s-3.299321158,s0.495695217,s161.639528538
194_34,s-4.620492648,s-4.958694716,s294.178296996
194_35,s-0.365095243,s-5.402028457,s125.585221554
194_36,s2.372846483,s1.008725741,s300.526291004
194_37,s2.347323979,s3.907331191,s32.956061174
194_38,s3.650860097,s-0.097798789,s96.408292437
194_39,s-6.318701346,s-1.098153752,s228.085610567
194_40,s1.037251257,s-4.002371822,s273.550556074
194_41,s6.083945845,s-4.371752757,s205.872727819
194_42,s8.279211861,s-3.505562849,s40.708201524
194_43,s7.661331403,s-8.435570569,s349.659737802
194_44,s5.821241749,s-2.900507769,s2.376884278
194_45,s-7.648279851,s7.464033151,s7.983017078
194_46,s-7.725324035,s-3.448669830,s195.633515141
194_47,s-8.461528697,s-6.893360916,s142.620142071
194_48,s-4.562567109,s-3.422948502,s126.129090168
194_49,s-0.624885660,s4.666929007,s301.140892493
194_50,s-6.044846831,s-3.349227467,s187.125839730
194_51,s-3.572413603,s3.094863106,s75.929750864
194_52,s-2.437040749,s5.824576988,s155.993448951
194_53,s7.776150831,s3.222971145,s25.562446065
194_54,s2.504066652,s-2.521579423,s132.613842239
194_55,s4.451210076,s6.909890743,s275.726940177
194_56,s4.675310581,s-1.024991970,s102.078080256
194_57,s-3.316672911,s6.702974639,s206.568922013
194_58,s8.465016879,s-2.283203167,s112.188750422
194_59,s8.448404632,s-4.920886503,s294.765127433
194_60,s-8.607342349,s-3.445275379,s262.279006979
194_61,s-2.453239117,s-0.308479504,s183.205395205
194_62,s-4.327467754,s-1.014386119,s333.330774056
194_63,s-7.547570404,s-1.558196925,s199.089258862
194_64,s-5.807916030,s1.790063727,s105.074186637
194_65,s-5.780845825,s-4.014337241,s322.720218975
194_66,s-7.938115702,s3.293944417,s125.412386915
194_67,s-0.613088802,s8.125193217,s36.555251488
194_68,s6.954955543,s-0.913680933,s336.085805625
194_69,s1.324499497,s-1.402662900,s164.475324969
194_70,s3.209807041,s6.426906433,s140.904546977
194_71,s5.572327950,s-3.283536297,s69.833318869
194_72,s6.755575636,s-5.295727533,s356.218741841
194_73,s0.806939514,s2.375949195,s224.840467980
194_74,s2.417320175,s4.967271767,s24.619135046
194_75,s-8.637289081,s0.186703094,s137.784030115
194_76,s-6.791340548,s5.997763481,s278.779258602
194_77,s-6.561322666,s6.479513911,s133.793817493
194_78,s-0.559819689,s-3.069179470,s246.094558180
194_79,s-7.261640330,s5.974737080,s35.524346367
194_80,s-0.699587359,s0.915233193,s56.415976545
194_81,s-6.452968139,s-4.395452737,s154.382500852
194_82,s-2.273616445,s2.485499111,s113.211886176
194_83,s-0.368409284,s2.308780162,s63.311872879
194_84,s6.466665440,s-1.125276199,s260.307518582
194_85,s3.015545928,s-0.863798746,s343.766223223
194_86,s4.512619314,s-3.872956169,s32.774545001
194_87,s3.587892797,s3.843754555,s151.037444073
194_88,s2.432644082,s0.774957863,s320.172185556
194_89,s7.167462682,s1.346605768,s95.954731588
194_90,s-8.038752616,s0.066413332,s346.412450947
194_91,s-1.114727034,s8.329185714,s265.613971697
194_92,s-2.992586821,s-0.459188596,s155.725011459
194_93,s-3.151201460,s6.273346326,s278.334353271
194_94,s-4.072412436,s-0.680746962,s112.438887092
194_95,s-0.217484630,s1.505256331,s143.397370584
194_96,s2.277052086,s5.027313589,s262.369714362
194_97,s-1.238427273,s-0.681345279,s89.652803755
194_98,s3.380575583,s8.584117365,s110.049319617
194_99,s4.552906175,s3.404733087,s337.242038317
194_100,s7.336675612,s-3.631886820,s201.201160909
194_101,s8.518150347,s3.620968977,s71.642865228
194_102,s8.447609974,s-1.271075385,s305.793177024
194_103,s4.617068592,s2.041286652,s98.055018936
194_104,s8.274332738,s2.260420272,s89.587125633
194_105,s-6.511965194,s5.468345284,s109.994330965
194_106,s-8.573307456,s2.117941436,s342.155002830
194_107,s-6.616827798,s7.670692976,s93.352210788
194_108,s-4.586887084,s5.769180250,s16.372376490
194_109,s1.707567383,s0.456354339,s130.791969915
194_110,s-3.337298431,s8.584117365,s78.045306918
194_111,s0.438015675,s6.949047909,s248.219438729
194_112,s-3.784784345,s5.135832781,s329.829027272
194_113,s-4.502412009,s6.260178600,s259.299365326
194_114,s7.979244400,s-1.166353365,s296.978830188
194_115,s4.308127020,s6.956018098,s120.772715030
194_116,s1.625327299,s1.218512673,s5.895547536
194_117,s8.501453582,s4.210335033,s175.514950265
194_118,s5.528521989,s-0.490634365,s262.615378119
194_119,s8.255539631,s7.853796663,s232.599551996
194_120,s-6.640214777,s1.758014095,s305.754795948
194_121,s0.234386778,s-1.387690842,s354.511954588
194_122,s-3.908323531,s0.906763798,s71.812487210
194_123,s-5.999385175,s3.081924415,s181.775193624
194_124,s-7.189969508,s8.349986444,s101.711206416
194_125,s6.029676581,s6.058063793,s180.909071839
194_126,s-1.554883854,s6.066075897,s91.680541199
194_127,s5.357989964,s-1.514277288,s0.363580646
194_128,s6.343917818,s0.811722246,s116.687274082
194_129,s2.244967809,s8.564809494,s82.857644020
194_130,s-4.297649040,s6.582656839,s203.512847311
194_131,s2.188402188,s1.566947034,s120.014446208
194_132,s-0.330293584,s6.405107499,s100.410926890
194_133,s-5.225318313,s4.326057223,s142.664614414
194_134,s5.545939711,s2.598508721,s16.756588083
194_135,s-4.294334578,s1.462581157,s156.787731993
194_136,s-7.936282584,s0.781804924,s325.761389442
194_137,s-7.978605031,s8.326251717,s343.953887806
194_138,s-6.682154681,s0.977712862,s110.809047677
194_139,s-2.604800119,s3.950773777,s321.404365210
194_140,s-7.487313338,s4.955532726,s65.937993340
194_141,s-3.404376372,s7.223903781,s240.402985237
194_142,s-5.030497808,s7.720829932,s84.724399170
194_143,s6.674315014,s3.230499384,s70.294733372
194_144,s5.759975057,s7.815875934,s15.925444220
194_145,s7.035137857,s7.738319200,s299.413237628
194_146,s0.877374631,s7.623804693,s292.187736371
194_147,s6.842714330,s4.427846859,s333.866121124
194_148,s4.266496879,s4.237712723,s56.177442509
194_149,s7.360678587,s8.403528199,s285.254893148
194_150,s-0.709529466,s2.631562878,s275.217643270
194_151,s-8.391479069,s8.492126242,s121.774746257
194_152,s-2.277064115,s8.283849135,s204.242562997
194_153,s-8.489809648,s7.888352066,s31.998463721
194_154,s-1.038604846,s-1.895730432,s156.512960125
194_155,s-1.456075947,s4.694232624,s60.248458622
194_156,s7.502903559,s5.287289967,s260.050313214
194_157,s2.917764998,s5.394237046,s203.186734738
194_158,s3.797052584,s5.675787689,s186.728157218
194_159,s7.534567876,s1.629524347,s153.864082750
194_160,s0.514287860,s4.374276245,s157.696980119
194_161,s7.369009456,s6.837497492,s298.808112430
194_162,s8.354778545,s4.618874134,s242.872821508
194_163,s4.139788368,s8.530733762,s260.104860127
194_164,s0.274430510,s-0.943233351,s203.135130559
194_165,s-8.485247987,s6.517581706,s197.757609383
194_166,s-6.676416238,s8.584117365,s133.456871594
194_167,s-2.483373724,s5.092776223,s296.301647646
194_168,s-5.635524497,s4.341008689,s77.417120850
194_169,s-4.522601815,s3.708180290,s358.132190905
194_170,s5.300110266,s6.020278521,s122.881090693
194_171,s6.835347958,s2.814471432,s116.995976688
194_172,s-2.828133809,s1.160886389,s300.958392976
194_173,s-3.216035888,s8.014151974,s229.112942401
194_174,s0.167141219,s3.960086704,s352.126146706
194_175,s2.428101324,s7.398958545,s282.810324974
194_176,s-5.926105224,s8.240650264,s149.153354505
194_177,s5.982779212,s4.402322503,s6.352380015
194_178,s7.332672076,s5.614876587,s321.629005812
194_179,s4.606245235,s4.733255507,s132.066087829
194_180,s-5.383406296,s3.624720401,s265.531903791
194_181,s-5.888951293,s-0.587964805,s126.599178710
194_182,s-7.419848924,s1.358417696,s60.820673182
194_183,s0.196195718,s5.118400276,s69.068404813
194_184,s-4.865523380,s8.466072216,s62.522830041
194_185,s0.096518507,s6.993389890,s267.571500841
194_186,s-0.861005865,s6.577212557,s215.346645593
194_187,s1.196109574,s5.612486602,s262.164195150
194_188,s-6.019100228,s6.613543797,s271.158108205
194_189,s7.187464984,s8.542147478,s238.425087385
194_190,s1.941049000,s6.338700734,s196.702082947
194_191,s-4.264513917,s7.731822612,s136.153485172
194_192,s6.339296459,s6.512491776,s357.542651276
194_193,s8.497885240,s8.477997901,s195.544472758
195_0,s-6.547531505,s-6.652288425,s190.398737475
195_1,s-7.393414796,s-4.291460150,s44.180854385
195_2,s-6.282593200,s-2.578790699,s241.452351546
195_3,s-5.022337191,s-5.713279265,s258.746939979
195_4,s-2.600766953,s-8.323837517,s245.534044634
195_5,s-0.099172158,s-6.081492533,s223.817931010
195_6,s-4.235147477,s0.608302890,s224.075608696
195_7,s1.141443151,s-3.928229458,s270.541422998
195_8,s1.678424060,s-8.199011800,s70.374842510
195_9,s-1.444536392,s-3.807036934,s169.139680132
195_10,s4.069165292,s-5.588866094,s150.201896035
195_11,s8.020261224,s-3.479109984,s301.136455299
195_12,s4.746076791,s-7.937587067,s24.719650374
195_13,s8.024093099,s-4.405650037,s350.710386383
195_14,s7.939431783,s-6.475592810,s334.471905567
195_15,s-6.064378714,s-5.326520754,s135.123823343
195_16,s-7.645825981,s-1.768288031,s199.605337830
195_17,s-7.359234674,s-3.445465401,s273.221437653
195_18,s-0.812049847,s-3.244046749,s88.612312471
195_19,s-5.584585661,s-6.609931681,s77.107312098
195_20,s-7.494354387,s1.867425058,s59.585704468
195_21,s-5.720782168,s-1.751212765,s94.841190237
195_22,s5.215912558,s-2.334834588,s300.667964308
195_23,s-1.410847937,s-7.993874495,s275.959514687
195_24,s3.227047673,s-7.347127889,s125.066898975
195_25,s6.467253486,s-4.787927671,s340.682135787
195_26,s2.502024828,s-0.427747006,s348.797780906
195_27,s5.599598033,s-1.437177609,s238.879878260
195_28,s7.239666929,s-2.310606081,s239.103630933
195_29,s7.147024279,s-7.907109696,s92.878507566
195_30,s-4.194914202,s-7.927663844,s217.929037157
195_31,s-8.341068239,s-7.324527187,s7.212557700
195_32,s-8.250237490,s-5.660410195,s339.713629916
195_33,s-4.374212633,s-2.924602695,s129.928431742
195_34,s-0.918046233,s-0.527542367,s161.035340171
195_35,s-7.269227305,s-7.265823126,s57.807966303
195_36,s-5.569016985,s-3.480497905,s272.892915340
195_37,s-1.742518027,s2.463619597,s11.831225562
195_38,s6.654350575,s0.630503800,s353.473409202
195_39,s-0.488065229,s-6.408329137,s283.468603025
195_40,s1.311373936,s-5.715151440,s5.122426834
195_41,s4.686346975,s-5.327254432,s89.463385558
195_42,s0.180712560,s6.795604458,s52.719937282
195_43,s2.997998174,s-3.942574741,s188.385760214
195_44,s7.876078618,s-2.776392470,s129.881307841
195_45,s-1.063940664,s-5.334308725,s306.744039913
195_46,s-4.039167086,s5.228656134,s101.509910469
195_47,s-3.149688873,s-6.864819015,s25.264967424
195_48,s-8.275077191,s1.870471652,s327.120866688
195_49,s-8.324128301,s0.942147945,s231.192280858
195_50,s5.208539118,s0.024717877,s245.516469972
195_51,s0.437095433,s4.945742670,s10.635841486
195_52,s6.743698324,s2.503260602,s208.102454196
195_53,s0.926371139,s-6.815911171,s22.005582931
195_54,s1.757285453,s-2.549279827,s114.879885259
195_55,s-0.226127490,s-2.791724178,s278.359611757
195_56,s4.105053162,s-3.778833704,s104.844267759
195_57,s7.615880796,s-5.787427977,s235.615033037
195_58,s0.285797437,s4.139486954,s145.965661986
195_59,s1.929685321,s4.872381008,s156.889442508
195_60,s-3.119463363,s-0.934429344,s185.562784314
195_61,s-6.203388619,s1.210399673,s202.041222368
195_62,s-8.343187294,s-0.458429164,s253.641245447
195_63,s-6.557683632,s2.915793514,s236.330182439
195_64,s-6.897974503,s3.370289307,s86.159834493
195_65,s-1.508967348,s-0.828971529,s254.250219729
195_66,s-4.629391267,s1.169919416,s42.965128354
195_67,s-5.066764764,s-1.181508780,s39.038385422
195_68,s-0.833982749,s3.640675232,s77.066951149
195_69,s-3.255844575,s-5.953534506,s87.663959402
195_70,s4.335905098,s7.700849695,s355.084106518
195_71,s3.249986920,s-3.649332507,s349.905346137
195_72,s6.319554722,s-3.413801895,s238.245297712
195_73,s4.828765031,s1.791259942,s78.428309189
195_74,s7.582527717,s0.387067741,s169.249480201
195_75,s-8.285226320,s4.608047715,s206.093884552
195_76,s-5.061473163,s5.534066991,s257.241487469
195_77,s-7.975810839,s5.563055271,s1.125620651
195_78,s-0.207746848,s6.744660489,s101.448642886
195_79,s0.915024193,s3.417010676,s302.104459186
195_80,s0.969673076,s0.551588536,s286.970761217
195_81,s-0.419314480,s-1.210667061,s357.361589808
195_82,s2.133722296,s3.108091441,s224.198416622
195_83,s6.298951442,s2.895410359,s229.201362756
195_84,s2.883815395,s-1.132870765,s268.982621868
195_85,s1.702384212,s7.157995402,s285.405819530
195_86,s8.050134662,s-1.520785639,s323.448853375
195_87,s3.622186601,s3.204058172,s102.900194130
195_88,s4.612700231,s-4.999279278,s270.560286286
195_89,s6.859503227,s5.555730860,s15.314684186
195_90,s-8.271798555,s-2.827786596,s157.372863948
195_91,s-4.438077445,s-1.963776304,s241.026101308
195_92,s-6.744281823,s0.795020650,s302.709486585
195_93,s2.621462565,s0.907237915,s17.392228950
195_94,s-2.834198468,s-4.680570298,s71.159001133
195_95,s-3.230223096,s0.150266404,s303.339586703
195_96,s4.508595248,s0.173008387,s233.495106962
195_97,s-2.628127417,s3.435600987,s343.030332068
195_98,s-4.429745182,s6.283343164,s84.113279873
195_99,s-1.523292054,s0.746695093,s296.481611834
195_100,s3.878184210,s-2.441993913,s0.435545949
195_101,s3.375146373,s-1.024541651,s219.985245800
195_102,s5.946445043,s-0.621016696,s140.666918920
195_103,s2.266653873,s5.699125802,s181.936588557
195_104,s5.421596510,s5.168715831,s37.512256093
195_105,s-2.301760506,s-1.957935815,s237.321647925
195_106,s-6.246752131,s6.612576584,s307.947614384
195_107,s-4.443696370,s3.233749740,s25.697860142
195_108,s0.577904641,s-1.505310724,s154.921695330
195_109,s-2.435399941,s1.529600513,s310.526690143
195_110,s-5.687386278,s-0.516570104,s12.367621051
195_111,s3.981828464,s2.298666321,s162.021849350
195_112,s-1.634399555,s7.986475800,s33.295067317
195_113,s6.439603105,s7.847788393,s138.464993271
195_114,s-0.856870082,s5.753744563,s282.350555751
195_115,s-4.004698151,s4.032829125,s161.553661893
195_116,s5.061988984,s2.833715575,s69.683105074
195_117,s3.346487127,s0.477191303,s330.309952544
195_118,s7.284046460,s1.649400210,s125.400866844
195_119,s7.890262873,s4.142357554,s234.510482075
195_120,s-8.004060723,s2.816012731,s5.292481030
195_121,s-2.243654498,s1.830497863,s252.490953179
195_122,s-4.699632689,s4.964978217,s8.705431567
195_123,s0.848654178,s6.352358716,s184.632641198
195_124,s-2.864949557,s6.859390850,s282.930207836
195_125,s6.360512109,s5.034917480,s60.098482776
195_126,s-1.497338229,s-2.455933311,s279.844536499
195_127,s5.749925502,s-0.210623908,s260.337352475
195_128,s5.514033640,s7.051537817,s294.750987062
195_129,s1.436007667,s4.610049716,s173.829503314
195_130,s0.637008399,s-0.350263730,s99.097872516
195_131,s4.714624364,s5.314374903,s221.784204314
195_132,s7.743466910,s-0.902673170,s323.996879929
195_133,s8.057450371,s2.862334496,s58.142000773
195_134,s7.771695386,s5.172673197,s27.810677002
195_135,s-7.350715745,s7.473380674,s148.728583072
195_136,s-7.583793231,s4.147459853,s73.544890439
195_137,s-7.898981649,s6.414481899,s296.717717113
195_138,s-4.071383263,s2.068837163,s294.793579446
195_139,s-8.368229143,s6.238835565,s15.796157458
195_140,s-8.063195682,s7.859066645,s30.886361095
195_141,s-2.137660749,s5.716382899,s324.538086550
195_142,s-0.653442280,s0.093688097,s242.133380988
195_143,s3.091784777,s5.891446575,s327.015565885
195_144,s4.266531157,s3.508056024,s69.199550111
195_145,s-1.534989727,s1.697675481,s207.311096937
195_146,s5.643168722,s7.742597135,s133.094239367
195_147,s3.240326488,s6.256342034,s141.611343931
195_148,s2.017870021,s7.543543763,s104.162699019
195_149,s4.302467049,s1.646352373,s262.209890221
195_150,s-4.816896095,s6.570917327,s105.889153974
195_151,s-4.830706372,s7.325257902,s44.682412087
195_152,s-6.294216260,s3.531942763,s195.516135522
195_153,s-2.909938666,s4.912109960,s266.172951173
195_154,s-3.476295193,s7.647233158,s285.389643833
195_155,s2.534655826,s6.571909748,s168.687429117
195_156,s-5.765424970,s2.979351478,s301.551589494
195_157,s-6.788409388,s4.821514747,s266.908375639
195_158,s-3.359580561,s5.407894364,s59.854344616
195_159,s1.388226879,s4.277095735,s67.021343698
195_160,s0.171055243,s4.645218802,s188.968086432
195_161,s-1.565873426,s6.490969442,s9.277397165
195_162,s3.686851810,s8.013048410,s112.708030147
195_163,s4.181815169,s2.375481528,s224.781429477
195_164,s6.515725564,s0.801669588,s228.649752654
195_165,s-7.561903835,s3.558696131,s89.686615433
195_166,s-6.780245650,s-3.741992582,s295.801127425
195_167,s-6.618030665,s5.057024213,s350.210544377
195_168,s1.256446594,s1.191705740,s229.550872841
195_169,s-8.050723572,s4.705910588,s28.590431134
195_170,s0.129207510,s3.276953330,s90.941481112
195_171,s7.742860266,s4.459578803,s133.023625029
195_172,s-3.924952499,s2.698254599,s151.131287460
195_173,s-1.091549534,s8.050532324,s296.166511445
195_174,s-3.895927231,s-1.271089012,s115.015401276
195_175,s5.977553343,s4.026121092,s195.302687097
195_176,s-2.443179206,s7.003827291,s9.755170042
195_177,s7.395008620,s7.470968144,s71.804437717
195_178,s7.810715201,s1.924976097,s51.161707333
195_179,s7.946594584,s7.888025994,s71.505018398
195_180,s-6.940231816,s7.888673619,s306.233888336
195_181,s-4.265525724,s7.347432366,s210.044314225
195_182,s-2.102651824,s7.674229510,s345.340440265
195_183,s-0.215429484,s5.312724491,s241.636633788
195_184,s-3.186182413,s8.029704275,s288.145124490
195_185,s-7.637257765,s6.677472416,s359.339839161
195_186,s-0.420570080,s8.036840598,s267.865914562
195_187,s-3.296656801,s2.122404904,s106.433681082
195_188,s-1.929196362,s-0.088186299,s74.816735551
195_189,s-1.359120402,s4.480101272,s306.256602534
195_190,s3.327782938,s1.747140932,s349.372508449
195_191,s6.215987112,s6.033806228,s271.679145114
195_192,s1.625272560,s3.172300769,s305.425313039
195_193,s3.539397255,s7.104281337,s167.335959599
195_194,s0.616961014,s5.242843127,s141.532440582
196_0,s-7.405239562,s-0.849896688,s189.505858036
196_1,s-8.055709092,s-5.162719094,s41.753764525
196_2,s-2.574710193,s-4.082777485,s295.727232863
196_3,s-6.297605502,s-4.195541138,s97.598033487
196_4,s-6.177105298,s-7.370284549,s226.036592586
196_5,s1.769033242,s-3.671014239,s258.546455789
196_6,s3.323867723,s-4.529424291,s225.681068848
196_7,s-3.256095679,s-7.707826083,s96.362060734
196_8,s-1.660347945,s-2.652660802,s145.025143131
196_9,s8.216938826,s-6.227355534,s202.023565826
196_10,s3.738586373,s-7.057854321,s320.850515422
196_11,s0.722301772,s-5.606878288,s180.467224917
196_12,s6.287364386,s-4.487945102,s90.661166405
196_13,s-4.264995651,s-5.490582065,s295.592714272
196_14,s5.364294486,s-2.832592391,s231.251464710
196_15,s-7.742580721,s-3.286133232,s121.827254995
196_16,s1.798284990,s-7.024654682,s13.101658479
196_17,s-7.043378287,s-1.078808320,s131.759942049
196_18,s-4.167436503,s-2.108592873,s55.320474126
196_19,s-0.581404229,s-8.201971014,s253.105749668
196_20,s-6.576509341,s-2.492243699,s281.992717686
196_21,s-4.011518849,s-6.713345630,s332.019214963
196_22,s3.363563641,s7.540466799,s230.185886283
196_23,s1.270956377,s-5.023311047,s40.742941265
196_24,s4.402620495,s-2.030969702,s231.358575476
196_25,s7.135279579,s-4.514312683,s334.163344251
196_26,s2.204549111,s-2.100560690,s262.521984769
196_27,s7.607375861,s-8.486325659,s2.429024489
196_28,s2.743540319,s-2.958074250,s63.668647032
196_29,s8.240252019,s-2.875627941,s344.890404232
196_30,s-7.008649594,s-0.125049997,s228.752273960
196_31,s-7.870134291,s-7.181984582,s113.516838711
196_32,s-8.219764675,s-0.440130856,s208.269620813
196_33,s-4.484636367,s0.162653064,s92.916524475
196_34,s-5.941320471,s-1.986743851,s155.249056501
196_35,s1.381223182,s2.244769013,s251.656151316
196_36,s-4.957366808,s-7.867056963,s88.708831771
196_37,s8.068029073,s7.368037217,s358.264739269
196_38,s5.419408124,s4.784776387,s262.924035887
196_39,s7.779284234,s-1.188480151,s243.599031118
196_40,s0.663020755,s-3.880318905,s259.887013828
196_41,s-7.087288439,s-5.901817861,s290.528420550
196_42,s2.814323532,s-6.389337189,s8.137315872
196_43,s3.544196595,s-0.918003045,s146.890399175
196_44,s8.386298715,s-6.703754813,s142.109511084
196_45,s-7.201726999,s2.357807084,s244.557739633
196_46,s0.453615139,s6.828742893,s310.100101029
196_47,s-4.208122729,s-4.640209509,s274.206185059
196_48,s-7.296927407,s-4.335473635,s239.832362880
196_49,s-1.431933031,s-5.081087307,s255.209224531
196_50,s4.897158416,s-0.703909927,s34.713562454
196_51,s-7.095472661,s5.445817633,s117.610898987
196_52,s-1.997530688,s-7.481134080,s267.482357644
196_53,s0.913959332,s-0.671262626,s92.860599815
196_54,s-3.390949937,s-3.605377116,s283.465458342
196_55,s3.813530437,s0.410779380,s156.484869483
196_56,s7.931126790,s-1.517357664,s277.986757827
196_57,s8.279581235,s4.089826922,s126.017585885
196_58,s5.713889283,s-7.770102462,s43.610731210
196_59,s5.126392323,s-3.802291291,s343.226291501
196_60,s-4.778142992,s3.743969505,s358.776662849
196_61,s1.115148046,s0.036808009,s201.510874680
196_62,s-5.666619451,s-0.764680581,s183.420010951
196_63,s-4.188156142,s-7.458859171,s272.519040150
196_64,s-2.449021127,s0.085090284,s177.796915396
196_65,s-5.419555026,s4.778454217,s356.962697836
196_66,s-7.184053229,s-8.311637871,s9.298684761
196_67,s-1.606967466,s-1.637617432,s59.610496527
196_68,s2.125300096,s5.196866131,s202.475204139
196_69,s6.692054875,s-1.374104714,s86.917479199
196_70,s1.941816003,s-6.208116617,s35.398747346
196_71,s3.619233515,s1.888047484,s203.261937226
196_72,s2.331757311,s2.080631504,s205.832357695
196_73,s2.347663067,s0.708623619,s117.815166973
196_74,s6.088544273,s2.833194808,s146.553424299
196_75,s-8.273129674,s2.294343772,s87.478370276
196_76,s-8.061622562,s-1.042669948,s289.539801634
196_77,s-7.680003967,s0.940288937,s42.318140036
196_78,s-0.115383928,s2.423473083,s303.726922686
196_79,s-6.060624369,s1.644172612,s200.915352860
196_80,s-6.639651610,s7.502874270,s338.335830972
196_81,s-8.172819970,s1.131892111,s233.105877029
196_82,s4.805852712,s6.041005830,s283.175834632
196_83,s0.609979967,s5.720966950,s265.199355691
196_84,s-8.171841357,s4.744613585,s355.051967874
196_85,s6.798746298,s2.125081128,s304.768897236
196_86,s5.224067589,s-5.875834856,s306.521236845
196_87,s0.609067037,s4.865067343,s154.373894078
196_88,s2.044102804,s-2.727655023,s166.385827363
196_89,s2.667787066,s1.014135324,s165.480477408
196_90,s-5.428037924,s0.025545455,s215.476384885
196_91,s-5.945295759,s8.127227955,s133.828543062
196_92,s-3.671302743,s7.937851688,s339.941200057
196_93,s6.053295065,s0.088244127,s226.404923092
196_94,s2.043151731,s-2.991821927,s10.962609041
196_95,s-0.327467897,s3.446197503,s353.249826256
196_96,s-2.003751684,s1.753979777,s311.742027668
196_97,s8.273133198,s7.992090507,s172.926851714
196_98,s1.499914061,s-8.251753090,s112.707202675
196_99,s3.221690229,s-1.949481293,s87.235525625
196_100,s0.466282682,s7.856765646,s300.152578863
196_101,s4.313063985,s3.522994061,s310.010627475
196_102,s7.500039873,s1.099063702,s261.694028313
196_103,s3.681610799,s4.338338534,s126.134274185
196_104,s8.386298715,s1.357015210,s239.044870279
196_105,s-6.774311222,s2.463367938,s187.409320560
196_106,s1.823404567,s1.506184689,s295.177102691
196_107,s-4.364804004,s2.342614748,s86.488571390
196_108,s2.872184227,s6.257615525,s75.056834586
196_109,s-7.294798782,s4.650809864,s263.213191105
196_110,s-0.659955733,s7.075847862,s2.797340629
196_111,s-7.943557719,s2.748523501,s304.582286995
196_112,s4.422175477,s1.202970041,s173.349782783
196_113,s1.701423228,s4.596965250,s172.211968067
196_114,s4.593297588,s8.109491497,s149.615586191
196_115,s8.285263349,s5.981529969,s69.251719612
196_116,s6.868214953,s-0.268522566,s338.304732184
196_117,s8.021716411,s-7.324700162,s72.256206827
196_118,s8.321824504,s0.546401414,s122.338076643
196_119,s1.557477246,s2.130127404,s150.498202216
196_120,s-1.881099147,s4.130782022,s174.635441992
196_121,s-4.912034767,s6.405483382,s32.276862430
196_122,s-5.119344838,s4.206187402,s192.517404682
196_123,s-2.522663950,s0.798304794,s96.868564493
196_124,s-7.774248643,s7.058106522,s98.391007543
196_125,s4.261795606,s-7.968515486,s278.632918113
196_126,s7.861299567,s6.722690280,s109.019758075
196_127,s-4.035244569,s6.818609361,s219.407729397
196_128,s-0.404222656,s-0.248188588,s289.884234735
196_129,s-1.783124943,s6.870256761,s319.754355678
196_130,s0.062884982,s6.152615776,s225.760673024
196_131,s6.699738548,s-3.624105875,s355.199723825
196_132,s-5.404988319,s6.693401086,s69.470253047
196_133,s8.191617592,s7.873029798,s167.856951394
196_134,s8.251079936,s-0.756740876,s263.361849174
196_135,s-3.525141946,s6.844192844,s239.427159437
196_136,s-4.302999975,s7.726410047,s172.144930189
196_137,s-7.789759369,s7.882582300,s151.911820037
196_138,s-4.283899316,s2.334420628,s341.161000623
196_139,s4.514441355,s7.625242405,s314.069210454
196_140,s-0.652986410,s7.662690252,s34.884474128
196_141,s0.273587570,s7.955444753,s324.666263086
196_142,s-5.013191677,s-2.140698703,s174.484392732
196_143,s-6.613996870,s0.899326953,s315.666581215
196_144,s6.750508273,s5.918829783,s277.288456818
196_145,s7.235135926,s5.022411299,s232.902633922
196_146,s5.814369545,s7.067542234,s287.371612961
196_147,s2.583952083,s7.571871680,s347.757848905
196_148,s-2.335112259,s-1.329632029,s165.639227953
196_149,s6.723267702,s4.584805843,s4.467309505
196_150,s-7.730379782,s8.071674649,s201.704664344
196_151,s-0.069358271,s4.433454933,s20.391406200
196_152,s-8.164289897,s4.018462670,s349.283488725
196_153,s-3.085015905,s5.652353946,s316.481531412
196_154,s1.579817226,s7.201166662,s215.967522522
196_155,s-2.059942344,s4.285503187,s243.809511999
196_156,s-1.949861526,s5.850286630,s105.712271536
196_157,s-0.236985710,s6.025107318,s174.087685190
196_158,s2.971283344,s4.542954582,s158.072780295
196_159,s3.919767062,s5.500966804,s284.092011372
196_160,s7.484084687,s8.004930125,s315.225888422
196_161,s-4.319093850,s-1.608445494,s76.742451147
196_162,s3.521835642,s7.828753643,s40.559663984
196_163,s2.465514831,s7.038209815,s90.735313077
196_164,s6.624691814,s6.026321332,s211.544918185
196_165,s-6.485101967,s6.246558358,s5.854979749
196_166,s-8.128975176,s5.031300783,s157.832121107
196_167,s-4.427909159,s8.127227955,s199.315620785
196_168,s-4.935891441,s1.430746326,s217.680981427
196_169,s-5.219556208,s5.207041601,s192.502314897
196_170,s6.234723768,s3.527490298,s68.185145866
196_171,s2.567397247,s7.836081120,s247.758720978
196_172,s-2.855305804,s2.058229391,s26.829919132
196_173,s1.987133098,s3.589991420,s57.280998738
196_174,s-1.874389654,s8.098981914,s217.340459078
196_175,s-1.070942353,s4.565846328,s101.688002546
196_176,s3.709560922,s6.066776925,s256.410860755
196_177,s5.312809390,s6.349083847,s153.163995391
196_178,s8.386298715,s2.980062453,s90.626362560
196_179,s5.553111550,s7.835402290,s313.133895161
196_180,s-6.237408189,s8.040041265,s119.862112043
196_181,s-8.137029183,s6.275803931,s222.097746923
196_182,s-2.739216015,s7.844583689,s41.732583361
196_183,s-2.961300994,s6.526613241,s119.092799468
196_184,s1.088721639,s7.690722117,s171.025456302
196_185,s-4.063865644,s3.319207638,s97.943118333
196_186,s1.499485328,s1.125871309,s167.489704588
196_187,s-1.138089727,s0.431189957,s139.684703002
196_188,s1.743913984,s3.774910152,s85.336961989
196_189,s-3.828629458,s-1.145498882,s92.587959045
196_190,s4.919032367,s6.819609424,s142.036834978
196_191,s5.192849426,s2.872614619,s78.475090197
196_192,s7.735473352,s6.203742464,s59.532907178
196_193,s3.325892952,s8.118001599,s129.017197708
196_194,s-2.523397139,s3.467847370,s307.447412355
196_195,s-5.284919386,s1.714647352,s320.050900071
197_0,s-5.903811229,s0.495126745,s197.028738664
197_1,s-3.570690148,s-0.385806452,s31.823017985
197_2,s-4.632189586,s-7.906578368,s169.415638705
197_3,s-2.507109406,s-6.965134633,s347.334130312
197_4,s1.703657879,s-4.967221761,s0.278182259
197_5,s-0.641044612,s-0.324776002,s179.071210642
197_6,s-6.256687809,s-1.448488791,s145.118392342
197_7,s-3.352293864,s-8.002225491,s216.440459728
197_8,s4.380721871,s-1.480365095,s202.077561385
197_9,s1.359259630,s0.489357853,s174.685295156
197_10,s3.330761590,s-5.038257469,s174.414603047
197_11,s4.276927306,s-8.262347503,s26.027457436
197_12,s7.961495714,s-6.350781275,s178.870676426
197_13,s-1.672151375,s-7.648645833,s243.172744726
197_14,s2.291267490,s-7.375705191,s327.920671206
197_15,s-7.330280446,s-5.583222954,s240.688610619
197_16,s-3.179830719,s4.342714121,s246.634377611
197_17,s-3.785009525,s-3.434891356,s143.991224666
197_18,s-7.994707529,s-8.242943193,s344.242012198
197_19,s-1.323406717,s1.125962026,s219.801994511
197_20,s-3.930868935,s0.005102532,s270.743911289
197_21,s3.494516540,s-7.865958570,s40.772911604
197_22,s-0.743448009,s-3.759952955,s218.171145200
197_23,s1.140058661,s-2.527682612,s330.853864217
197_24,s0.400572355,s-5.131953421,s160.865034598
197_25,s0.562890427,s0.149300616,s179.654134677
197_26,s0.042176714,s-4.256207795,s299.327299920
197_27,s7.785317812,s-3.343635383,s71.100669434
197_28,s-0.600696042,s-3.003769193,s157.103904687
197_29,s6.389080739,s2.646199296,s332.974009970
197_30,s-3.484223119,s2.423804893,s159.841972050
197_31,s-2.290154721,s-1.293478889,s115.983647171
197_32,s-3.672365935,s0.538656439,s143.456404150
197_33,s-7.750506539,s-2.503197472,s326.857695645
197_34,s-5.588490545,s-5.439964801,s126.615249815
197_35,s2.194552310,s6.478872524,s197.544595304
197_36,s7.514569479,s-7.694751278,s359.023366005
197_37,s-1.164564509,s-2.265273605,s351.553975883
197_38,s6.930425874,s-6.594332905,s344.458223668
197_39,s-5.781307875,s-3.366526489,s204.120832330
197_40,s3.962658488,s-2.653350705,s210.620028645
197_41,s-6.485020496,s7.921420404,s223.477168908
197_42,s6.158112318,s-6.446622431,s149.921354565
197_43,s5.901251360,s-4.720395550,s245.008340269
197_44,s3.483735402,s-4.185227506,s286.717250761
197_45,s-8.253191551,s7.044103600,s342.604223550
197_46,s-4.907538690,s0.050822436,s270.612963132
197_47,s0.057241280,s5.107481832,s100.443732532
197_48,s0.140319762,s-6.545587593,s275.793260524
197_49,s0.185325833,s3.372187143,s138.885866237
197_50,s-0.234825943,s0.453292016,s99.969930765
197_51,s5.872722059,s2.638029801,s118.452925510
197_52,s4.631408275,s-1.978966095,s285.594997402
197_53,s1.910318503,s-3.425246168,s183.702560885
197_54,s4.962162320,s-2.322262831,s169.873109880
197_55,s5.141702458,s4.764708181,s38.274190227
197_56,s3.531639228,s-1.423634283,s235.623789965
197_57,s6.460968207,s0.266546105,s42.807321395
197_58,s4.581526922,s1.052322250,s304.034170920
197_59,s7.856385192,s1.728623892,s110.000404719
197_60,s-7.397523001,s4.240403783,s328.013535928
197_61,s-2.638408750,s6.183911737,s244.800544603
197_62,s-6.357027740,s-2.547292132,s93.212986144
197_63,s-6.805624450,s-1.482423680,s5.924313355
197_64,s-7.056563849,s-1.210035423,s90.626545754
197_65,s5.179281388,s0.573476562,s105.934830475
197_66,s-7.359556982,s-3.474381312,s99.189930861
197_67,s7.690580464,s-2.025292590,s196.402131821
197_68,s-1.881662988,s-2.761910242,s247.356067040
197_69,s-2.057120774,s3.150520904,s139.309763610
197_70,s3.323875054,s0.878655885,s110.529087957
197_71,s-2.618714864,s-4.085158347,s110.816852375
197_72,s4.615772121,s-6.011146766,s331.592072468
197_73,s7.406181286,s-5.861246977,s268.135032748
197_74,s5.975337477,s6.437913436,s228.521678246
197_75,s-7.017493826,s1.017462093,s30.319745522
197_76,s-6.854576889,s-0.153482829,s311.548821032
197_77,s-3.206422416,s-5.351033931,s73.739015498
197_78,s1.699503477,s-1.646413818,s194.613673377
197_79,s-8.318449155,s-1.836452081,s150.938775951
197_80,s-1.801265181,s-0.997746956,s105.425959064
197_81,s-0.527091413,s-2.846070647,s3.350609989
197_82,s3.327653713,s2.516058937,s168.526027815
197_83,s-0.828097195,s1.387979248,s154.070128699
197_84,s-1.331644828,s3.339191179,s204.814027127
197_85,s7.660793778,s0.333056272,s63.431833255
197_86,s-1.751417027,s0.095742871,s243.630780501
197_87,s6.245291762,s7.408145886,s315.486314482
197_88,s-3.647190329,s7.021872858,s223.360162007
197_89,s3.629927757,s-2.215367734,s117.915896616
197_90,s-8.338139849,s0.448090479,s21.461021007
197_91,s-6.281975000,s2.109826233,s354.133431943
197_92,s-5.246987959,s4.428408985,s256.570097281
197_93,s-2.179041661,s-4.661466686,s139.625355444
197_94,s-4.530560529,s1.958067115,s132.657714893
197_95,s2.601690960,s1.006085360,s67.002662238
197_96,s4.906768832,s2.058727835,s127.289625102
197_97,s3.463998801,s7.921420404,s90.755425358
197_98,s7.910117504,s4.059980489,s239.655644311
197_99,s6.338609779,s3.125064431,s325.769234055
197_100,s2.739178873,s3.395152808,s252.170934589
197_101,s2.743332552,s-1.407030925,s356.107240666
197_102,s-0.405820845,s5.016372132,s34.648975219
197_103,s7.956891351,s-0.276062339,s178.291722837
197_104,s7.012549733,s3.541530998,s273.682023173
197_105,s-8.045372008,s2.773778038,s56.567964940
197_106,s-7.010601528,s1.859204083,s153.509046113
197_107,s-4.459193360,s2.998998434,s53.874994753
197_108,s-5.323837944,s6.507356588,s178.055775238
197_109,s-8.111216600,s6.316072922,s230.409669646
197_110,s3.563032033,s5.351862329,s10.597693338
197_111,s-4.454092930,s7.896650260,s5.500324055
197_112,s5.539227386,s1.676991954,s148.209637260
197_113,s1.808526717,s4.566011132,s58.157021908
197_114,s2.555388392,s-3.157733263,s298.243925502
197_115,s1.172108716,s-1.362116831,s75.772773341
197_116,s5.687884752,s-4.146688745,s6.237411978
197_117,s3.108917937,s3.948388574,s81.638122747
197_118,s4.604035265,s7.914616796,s206.061187625
197_119,s5.890237185,s7.566399209,s2.611046132
197_120,s-6.784312320,s3.339375637,s168.209432382
197_121,s-5.894940960,s-1.662290262,s246.423569443
197_122,s-5.144854876,s3.922554261,s206.633496589
197_123,s0.438856877,s-1.499865684,s10.357215680
197_124,s1.513994230,s3.773133961,s156.525366289
197_125,s-0.753218715,s6.832453240,s113.386094037
197_126,s-2.664141699,s0.135844466,s125.897906287
197_127,s-2.491427721,s-5.325124737,s26.767692883
197_128,s1.938203056,s6.305186907,s344.608347861
197_129,s1.817534239,s-0.088104506,s347.584077307
197_130,s2.712966959,s7.014057264,s307.297963677
197_131,s3.436367138,s5.426569009,s314.050151434
197_132,s6.580720297,s0.440409368,s265.270913376
197_133,s5.018843274,s6.107021490,s113.346521355
197_134,s6.768553384,s4.711949415,s272.165225956
197_135,s-7.580840044,s5.762259614,s273.283731578
197_136,s-1.790402248,s7.921420404,s286.591358885
197_137,s-1.494125464,s2.295808576,s326.864536086
197_138,s0.157729975,s7.047766482,s17.918506769
197_139,s-6.961288496,s0.251180652,s57.207279574
197_140,s1.775998695,s7.495599796,s85.790981796
197_141,s3.402359216,s4.620014885,s270.184006045
197_142,s-4.581722534,s-5.505997564,s134.025362243
197_143,s6.176290816,s4.649026755,s27.440128766
197_144,s8.067715822,s6.159048337,s170.629250741
197_145,s2.595220252,s7.846864686,s80.273224538
197_146,s7.036218269,s5.830017483,s122.641995295
197_147,s3.195729711,s6.441066192,s72.495457792
197_148,s3.857155225,s7.438683722,s92.774268979
197_149,s7.340262596,s-5.530080979,s227.263128832
197_150,s-0.036211371,s0.804905710,s248.518655810
197_151,s-3.575040898,s6.674941114,s55.818187868
197_152,s-8.174300856,s7.596892473,s332.617177596
197_153,s-7.080647230,s3.452460271,s337.682579318
197_154,s-2.144180152,s6.258848157,s229.851965064
197_155,s-7.772426893,s0.462967336,s6.898887079
197_156,s-4.558927314,s7.255412290,s68.623971847
197_157,s2.612654214,s5.112003622,s316.923280652
197_158,s4.352510967,s5.994341861,s23.029550757
197_159,s-4.885776163,s1.234209658,s93.724269178
197_160,s1.209761789,s7.332183271,s161.179681208
197_161,s2.921507154,s-4.217567258,s74.257584339
197_162,s1.128673540,s4.746143729,s182.606663589
197_163,s5.010843295,s5.176164473,s108.832250785
197_164,s1.849618956,s2.386510637,s67.827536511
197_165,s-2.970020123,s5.536332933,s348.781749696
197_166,s-6.877288743,s6.491817376,s208.158100205
197_167,s-6.265336379,s6.057522586,s304.536202647
197_168,s-5.377698046,s7.401289620,s140.355954605
197_169,s-2.855347655,s3.630024053,s0.844090797
197_170,s0.946366159,s0.425412235,s37.927158514
197_171,s-1.101230690,s7.452034575,s346.399607070
197_172,s3.902091952,s7.130454812,s71.148434637
197_173,s-2.726434186,s7.833636575,s112.259155466
197_174,s-0.694655825,s6.792196178,s118.398267497
197_175,s2.989836097,s1.659765494,s276.272901218
197_176,s-4.388223687,s-1.327137806,s76.058145426
197_177,s7.248125830,s6.472516723,s299.663771744
197_178,s7.930317465,s7.330984621,s281.941844383
197_179,s8.021752539,s6.544040862,s220.962677006
197_180,s-2.384052092,s1.455318637,s343.893751233
197_181,s-7.661110793,s7.804791340,s106.511242472
197_182,s-1.826126575,s5.399638550,s323.770225722
197_183,s-5.503907506,s5.165349541,s136.243163405
197_184,s-2.109725331,s4.373734453,s124.960637411
197_185,s-6.381922351,s3.987549380,s124.678514345
197_186,s0.518306343,s6.451932128,s178.282095382
197_187,s-6.252507657,s7.803043957,s190.731389786
197_188,s1.625565661,s3.075699442,s296.489638937
197_189,s-2.422065063,s7.544632335,s316.574185852
197_190,s8.067715822,s7.867714621,s47.421515605
197_191,s-0.783774759,s2.269853134,s296.593407995
197_192,s-1.345166229,s6.040756616,s356.401956867
197_193,s7.210316523,s7.414739353,s345.562632685
197_194,s4.736528971,s7.792098058,s141.764182328
197_195,s-5.867263230,s3.046832682,s44.076666260
197_196,s-7.184688643,s6.969742574,s188.659162309
198_0,s-6.650905493,s1.060042566,s233.278014408
198_1,s-6.083994136,s-2.323492852,s277.772065970
198_2,s-2.673218757,s-2.867924503,s318.251744428
198_3,s-6.503684033,s-4.041954406,s31.329429712
198_4,s-2.556845502,s-4.954741176,s314.356545174
198_5,s-6.809634120,s-2.665235364,s49.938964216
198_6,s0.753998185,s-5.664456238,s136.900756634
198_7,s0.662198755,s-7.778775767,s261.305132000
198_8,s-3.143627649,s-6.146889199,s280.937753179
198_9,s3.946460639,s-6.518986711,s36.736009456
198_10,s2.288960518,s1.177007300,s82.788174229
198_11,s4.580251968,s-3.056999826,s234.713637922
198_12,s6.018482168,s-4.598791670,s231.767189612
198_13,s7.516396388,s-7.677388544,s77.803750146
198_14,s3.767531692,s-4.031920838,s341.874202957
198_15,s-5.027398116,s-6.467004692,s91.962989313
198_16,s-6.890724143,s-3.547444819,s355.092543270
198_17,s-0.645859589,s-2.758047553,s222.528655662
198_18,s-4.223167752,s-5.131101405,s197.909760948
198_19,s2.669637465,s-1.484306593,s49.974217946
198_20,s-1.740086192,s-0.948075095,s119.666882739
198_21,s-1.417851694,s-6.088533661,s80.366782093
198_22,s4.033484805,s-1.276260104,s112.833946971
198_23,s-0.852723139,s-7.552198503,s67.408639391
198_24,s1.753021928,s-5.125085224,s349.082440667
198_25,s-5.847350318,s-1.683927579,s50.114309912
198_26,s6.770988160,s2.150964752,s222.900057747
198_27,s3.059165784,s-7.737901971,s51.235371125
198_28,s6.877010911,s-7.836564848,s309.129677992
198_29,s1.525268652,s-3.930898467,s140.997665368
198_30,s-6.243365783,s2.061726986,s193.578105477
198_31,s-6.656685010,s-6.434026059,s145.450602783
198_32,s-1.619439352,s-6.875107066,s155.601135188
198_33,s-4.813872275,s6.160519751,s33.226826700
198_34,s-6.158165693,s-5.745763177,s285.209690382
198_35,s5.027392160,s0.815303629,s89.765083102
198_36,s0.405486562,s-0.266268252,s246.386841654
198_37,s-7.228414567,s-6.603371628,s245.330744476
198_38,s2.865834462,s-3.895218162,s281.993532727
198_39,s-5.167391607,s3.907564800,s110.838579245
198_40,s3.412968053,s1.586084039,s27.193324006
198_41,s1.651845746,s0.248589997,s174.663361482
198_42,s5.772864936,s3.087128516,s7.547669828
198_43,s5.020384470,s-7.180459152,s144.561725327
198_44,s7.427952032,s-0.317821879,s304.485498242
198_45,s-7.579521632,s-0.121679917,s123.742794109
198_46,s-4.632532344,s-1.433047669,s227.030855784
198_47,s-5.768148729,s-7.096005273,s171.067140336
198_48,s-2.590566621,s-2.785581228,s0.625612424
198_49,s-0.898458365,s5.841071336,s156.558144990
198_50,s1.393154538,s-6.062874107,s40.122619406
198_51,s-1.266873554,s-5.034790306,s292.176874924
198_52,s0.032395192,s-5.747604174,s225.695503583
198_53,s3.449793639,s0.752825150,s198.250036419
198_54,s2.617312698,s-4.254751503,s279.818379044
198_55,s4.429045835,s4.987548803,s215.106909738
198_56,s6.874176655,s-5.214530679,s11.354532639
198_57,s5.336585455,s-2.187993336,s267.293338653
198_58,s7.548007286,s-1.104226882,s315.434517715
198_59,s7.535723641,s-5.914759097,s236.011445653
198_60,s-7.545251255,s4.222006776,s283.466391771
198_61,s-4.665134437,s4.907267575,s197.953865810
198_62,s-2.870131166,s4.432855918,s296.662250922
198_63,s-5.062327852,s1.204459841,s351.849438444
198_64,s-1.803552938,s6.969983722,s275.426816512
198_65,s-6.007125611,s5.559123536,s231.892495305
198_66,s-1.687066744,s1.632792070,s125.885657689
198_67,s7.164382520,s0.737573527,s22.303248564
198_68,s6.414137804,s-2.615396842,s260.649153577
198_69,s4.539646885,s1.595581280,s153.316497931
198_70,s-0.438382735,s0.069963714,s20.607508986
198_71,s2.232543569,s-2.165151971,s109.995030307
198_72,s6.957875934,s-4.137146542,s132.950155259
198_73,s7.404530394,s6.642027572,s76.177276021
198_74,s5.562214187,s3.185099979,s19.333965220
198_75,s-4.472451537,s0.125470401,s305.320242745
198_76,s-6.138472300,s-0.331186057,s300.603667872
198_77,s-1.613089535,s6.668321623,s244.246300961
198_78,s-4.803536463,s-2.882023000,s322.645384361
198_79,s-0.283234244,s3.754484729,s339.036754939
198_80,s1.959857114,s0.805223184,s39.479274608
198_81,s-2.247449038,s-7.836564848,s30.967926209
198_82,s-5.625869582,s3.237260988,s305.306721972
198_83,s1.364699484,s2.456006478,s347.623991387
198_84,s2.335264944,s7.230142923,s135.678869391
198_85,s2.304822223,s0.119473561,s149.465421527
198_86,s4.378196690,s6.233419276,s10.868485965
198_87,s-3.525934486,s7.334633128,s152.170928351
198_88,s4.616617209,s-3.498387523,s13.136992021
198_89,s3.817946915,s0.148898436,s219.230481862
198_90,s-4.812154558,s5.036101365,s352.338855446
198_91,s-2.388985593,s-2.435410517,s128.967789700
198_92,s-1.080762637,s-2.454820682,s148.724700728
198_93,s1.075522351,s-3.533182029,s357.133292027
198_94,s-3.891025010,s0.263694947,s352.304759859
198_95,s-3.818634882,s5.096736111,s7.186371526
198_96,s-7.614329078,s6.086518435,s217.061971821
198_97,s1.678197391,s3.342039549,s210.805996064
198_98,s0.257832946,s-1.656018053,s266.881899554
198_99,s0.052044190,s2.085109844,s130.682864392
198_100,s0.590838526,s-4.590698753,s304.664669644
198_101,s-4.446782416,s4.125582471,s28.971242024
198_102,s7.490510891,s3.951652698,s331.794383897
198_103,s5.764006357,s2.263369786,s179.787882635
198_104,s2.528220029,s2.530034420,s329.163877883
198_105,s-1.920751130,s5.210842159,s218.301068717
198_106,s-6.515713571,s-1.560359839,s309.122177412
198_107,s-2.324132247,s7.334633128,s97.668724918
198_108,s-5.572306938,s1.703503504,s50.226242881
198_109,s-2.441117983,s-0.454306559,s108.179451024
198_110,s-1.062668227,s7.067791250,s265.892644887
198_111,s-4.854318980,s-3.749365400,s47.994621578
198_112,s2.251253425,s1.640145223,s14.250393094
198_113,s7.185164016,s5.435984973,s5.526404056
198_114,s2.045996143,s-2.648924879,s292.153277764
198_115,s-7.614329078,s1.042741548,s133.744793973
198_116,s5.644036760,s7.173840782,s171.058702660
198_117,s2.422295788,s3.156576207,s19.068606746
198_118,s0.560093942,s2.166495389,s87.655029548
198_119,s6.288222417,s0.840454334,s357.936747445
198_120,s-3.433466193,s0.558193049,s203.108247697
198_121,s-2.420581302,s0.623812552,s76.343821266
198_122,s-7.328056372,s7.242618870,s89.213961836
198_123,s7.218566654,s6.482246130,s323.525916188
198_124,s-3.136607018,s0.886667179,s171.658903873
198_125,s-0.582120989,s0.951842830,s189.319480576
198_126,s-0.689218615,s3.520015636,s106.988444093
198_127,s-6.431639174,s-0.864217203,s4.581322218
198_128,s-3.323766857,s-0.512207529,s287.423144009
198_129,s-7.245870220,s2.640963552,s220.869668539
198_130,s7.325113132,s2.710587270,s58.840382669
198_131,s3.280203840,s4.103084482,s125.539467077
198_132,s4.806914603,s7.319867999,s331.476556767
198_133,s2.880114151,s6.234312800,s228.559688098
198_134,s5.790713743,s-0.856923358,s66.394903856
198_135,s-0.385004629,s-1.431217883,s94.152224790
198_136,s-0.463945664,s2.125529482,s21.275878422
198_137,s-0.350333673,s5.002522834,s135.144480478
198_138,s-7.166317997,s3.235003458,s340.515177942
198_139,s6.715567159,s3.611641724,s267.546724128
198_140,s5.558892864,s4.563254409,s295.758062676
198_141,s7.447476209,s7.334633128,s9.013922172
198_142,s4.390049779,s-5.682333597,s224.073862184
198_143,s-2.241997346,s6.987541645,s167.095114172
198_144,s-1.155981123,s2.225481663,s316.041077359
198_145,s1.514602365,s7.281532874,s238.831777937
198_146,s6.065028998,s3.575288309,s324.094038477
198_147,s7.465578785,s-6.584426466,s256.897995180
198_148,s2.377660996,s6.444936138,s51.576427107
198_149,s2.024118205,s2.088550932,s204.009339894
198_150,s-2.570472346,s-5.868058166,s19.413863854
198_151,s-3.457153369,s5.736039694,s336.811782634
198_152,s5.977390295,s5.828081879,s119.702328028
198_153,s-2.487978964,s3.672834187,s90.173845526
198_154,s-7.003216887,s5.199791722,s125.557225462
198_155,s-1.637508477,s-0.128550719,s355.067361199
198_156,s-7.598817632,s5.469543110,s324.114463437
198_157,s0.175432454,s6.814103421,s357.923770334
198_158,s-6.357391361,s6.684501147,s248.034418463
198_159,s3.921565245,s2.119873249,s355.675406334
198_160,s1.351739441,s-2.389313022,s231.487476268
198_161,s6.350992554,s3.324188986,s192.355216663
198_162,s3.443066293,s7.198689212,s290.194720297
198_163,s5.403498893,s7.265036235,s346.563205671
198_164,s5.521113775,s0.620821810,s148.498914027
198_165,s-3.942647349,s2.181172612,s319.480963841
198_166,s-5.229234078,s6.962169013,s88.920554063
198_167,s-5.780693799,s-6.453708643,s289.536875532
198_168,s-0.846698851,s1.540966477,s78.388394575
198_169,s-3.529178314,s-1.070911487,s103.359991097
198_170,s0.062498091,s4.570580599,s136.620791576
198_171,s2.435499087,s3.979647029,s171.782092924
198_172,s-0.169690557,s5.660183138,s257.773972387
198_173,s-4.439258020,s-4.096410096,s244.079990392
198_174,s-7.597334954,s7.334633128,s163.649192305
198_175,s5.428690067,s5.122685734,s251.307675886
198_176,s5.969968148,s-0.291880337,s206.022406805
198_177,s-2.204728005,s4.387000493,s178.608355568
198_178,s0.960737240,s2.882295708,s67.154233862
198_179,s1.401027201,s4.553081246,s82.928546049
198_180,s-1.957278448,s7.140047826,s190.844974796
198_181,s-6.834823716,s7.170617097,s155.430988380
198_182,s-4.494654342,s5.796874230,s50.257118992
198_183,s-3.198683363,s6.821403905,s92.398360965
198_184,s4.545341481,s-3.069305465,s180.569643980
198_185,s-4.824886787,s7.270414243,s33.898878008
198_186,s1.810387570,s5.284099332,s131.918917957
198_187,s-5.198825126,s0.695164851,s135.191824639
198_188,s0.812285530,s6.404153730,s280.517640788
198_189,s6.606898453,s6.232930635,s287.812913286
198_190,s3.418724185,s6.537274652,s111.078297248
198_191,s0.225769062,s3.770732414,s256.378857898
198_192,s4.604724476,s4.105721741,s287.930934095
198_193,s7.172292963,s6.597218806,s308.511762254
198_194,s2.126465018,s5.394799908,s166.592606159
198_195,s-6.416311335,s5.736569323,s90.525375312
198_196,s-7.383033567,s6.345043579,s244.656512145
198_197,s-7.209832384,s-1.525523425,s181.654344651
199_0,s-3.285647430,s-2.209693518,s55.958452806
199_1,s-7.507030297,s-7.416412796,s348.380322162
199_2,s-2.473392702,s-7.885024966,s85.085108502
199_3,s-4.410121810,s-1.019738181,s261.424117990
199_4,s-7.256094845,s-3.457673879,s24.122723674
199_5,s0.154892134,s-3.257064424,s235.732716689
199_6,s-4.140440093,s-3.622830689,s60.784377701
199_7,s0.691757907,s3.817239247,s79.537338658
199_8,s-2.852907734,s-6.507380775,s162.110479761
199_9,s4.720218314,s-4.203433699,s78.627687819
199_10,s6.227328145,s-2.734798191,s109.801049841
199_11,s2.538412157,s-7.942985743,s31.767947858
199_12,s6.448451825,s-1.355622143,s38.785456947
199_13,s3.884528407,s-1.411965583,s185.329344997
199_14,s6.913119184,s-3.911717838,s57.309839385
199_15,s-5.530244356,s-7.159994921,s114.051738740
199_16,s-6.514726574,s1.601013732,s52.486572722
199_17,s2.704588088,s-6.381261860,s271.933032112
199_18,s1.330451670,s-6.392978459,s60.834063338
199_19,s-3.455818640,s-6.308574679,s147.950285404
199_20,s-6.592219963,s-1.039010481,s253.078671698
199_21,s6.522718584,s-3.823553129,s5.979938176
199_22,s1.685378596,s-7.140850744,s61.169436945
199_23,s0.485657719,s-6.959894312,s287.291777830
199_24,s-1.695883966,s-6.793605065,s101.260354090
199_25,s3.481913668,s-5.700712228,s15.457868347
199_26,s3.099582662,s-2.511656393,s316.790472188
199_27,s1.463445353,s-4.530801305,s350.649204962
199_28,s4.472422452,s-2.515285704,s249.095097026
199_29,s4.982401408,s-7.537102179,s227.626696899
199_30,s-7.166830395,s-6.142995754,s153.298888869
199_31,s-5.515056651,s-4.387058626,s201.897084669
199_32,s-7.760971822,s-1.105437119,s114.470593963
199_33,s0.888238197,s-2.388051951,s60.514350821
199_34,s-5.027033568,s-1.422225985,s65.882049261
199_35,s-2.121982955,s1.230389258,s138.322458017
199_36,s0.996361823,s-3.470952750,s59.566176547
199_37,s7.943599081,s-2.274545082,s137.357532560
199_38,s0.760846475,s-7.236449612,s69.607421735
199_39,s-3.920223145,s-5.352268588,s182.215553271
199_40,s2.736680490,s-4.348453686,s235.770378034
199_41,s-0.255039811,s-4.527126667,s353.194245116
199_42,s6.044308345,s-7.896864318,s219.222909610
199_43,s7.897899345,s-3.181425610,s354.152957434
199_44,s6.174593003,s-6.530817364,s28.130260110
199_45,s-5.291341129,s1.622329502,s228.124699932
199_46,s-4.415571120,s-2.789787152,s358.678548502
199_47,s-7.620746449,s-0.671034052,s41.486263995
199_48,s-7.744480012,s-4.648567585,s115.882638100
199_49,s-7.218158145,s-1.307527209,s249.740064869
199_50,s-2.152484896,s-1.794305416,s352.004927921
199_51,s7.802663242,s0.735545987,s164.128237330
199_52,s0.909936005,s-0.117247376,s236.766822365
199_53,s-3.933855846,s0.181025546,s226.710854011
199_54,s0.566927248,s-0.276417812,s310.160111614
199_55,s0.782087249,s-2.962160999,s260.707570899
199_56,s6.826693869,s-5.676666742,s50.677680783
199_57,s7.638626800,s-4.321090612,s261.903896214
199_58,s7.413514851,s-1.207394277,s198.189023961
199_59,s7.876714246,s-6.053837194,s160.770151480
199_60,s-5.636012631,s6.294675775,s11.917409734
199_61,s-7.728968135,s-2.338537214,s210.911429197
199_62,s-4.315895513,s3.553640982,s205.713299215
199_63,s-4.833123650,s-7.510970697,s108.304675628
199_64,s-5.840593044,s0.841082244,s39.195232898
199_65,s-6.760766389,s-0.209844743,s338.384401888
199_66,s3.044538589,s3.975582860,s11.716241137
199_67,s-0.696598695,s1.093504087,s149.928512791
199_68,s-3.103330512,s-3.852116281,s237.118609883
199_69,s4.751295372,s-6.226432347,s269.013876865
199_70,s7.113483461,s7.748200705,s184.255135872
199_71,s3.207702354,s5.465293614,s245.718931672
199_72,s6.196011406,s0.173667285,s336.652654231
199_73,s4.028040637,s0.843595897,s206.007168475
199_74,s3.769295230,s3.729653465,s54.238117305
199_75,s-6.500650120,s2.789792489,s198.572817213
199_76,s-3.923086193,s-1.019610065,s160.659598583
199_77,s-1.948059189,s2.514991009,s38.718762041
199_78,s-1.941622802,s4.711534105,s259.672667620
199_79,s-2.414109482,s5.089693239,s207.798579981
199_80,s-4.169832624,s3.963016192,s69.827458881
199_81,s-2.956556945,s2.984853279,s86.097485813
199_82,s-3.859845992,s6.353623299,s240.823012672
199_83,s-0.811538009,s-0.509747331,s316.577362287
199_84,s3.110830426,s0.333671347,s42.894174451
199_85,s0.931453270,s1.804879230,s271.821828458
199_86,s5.599086081,s-1.319440737,s174.428283588
199_87,s6.237212540,s3.031563094,s257.643839689
199_88,s7.693715855,s0.994058542,s192.016615326
199_89,s4.076434558,s5.974740463,s181.759202462
199_90,s-0.876432614,s7.611024717,s155.369732869
199_91,s0.400005996,s4.528000280,s290.129096903
199_92,s-2.641250666,s-1.392779275,s218.620079057
199_93,s-5.950324064,s5.040670129,s42.939104496
199_94,s-2.763578875,s2.169053884,s336.151648011
199_95,s-0.977697216,s4.113069872,s299.834662586
199_96,s5.904448448,s0.019366506,s160.931249924
199_97,s-6.853561970,s-4.572778616,s88.148368714
199_98,s5.157281306,s-0.060792529,s208.611201264
199_99,s6.537116384,s5.330791076,s273.569854897
199_100,s0.381965982,s0.674273532,s238.470745011
199_101,s2.444573641,s5.057762576,s252.414813942
199_102,s5.455706310,s-1.712059975,s258.283918538
199_103,s7.737709573,s6.925081811,s290.073717455
199_104,s7.619539531,s-0.428759926,s329.535018895
199_105,s-4.921492291,s5.959571786,s323.406718404
199_106,s-2.914381289,s-3.007823232,s210.791206397
199_107,s1.550090102,s7.812804004,s31.233047867
199_108,s-6.625661694,s-3.073877856,s205.341107694
199_109,s-3.279929888,s3.250846732,s15.049626157
199_110,s-5.119911378,s3.766259530,s314.350847394
199_111,s-5.754158010,s5.508692725,s296.750108301
199_112,s-0.890044863,s2.702888050,s233.286590650
199_113,s-0.585079997,s7.712145169,s101.867918685
199_114,s-1.951065048,s-0.701348738,s295.251838162
199_115,s3.811260560,s-0.513677165,s235.886942130
199_116,s1.615491039,s7.238327406,s59.713854977
199_117,s6.131309939,s7.493903324,s284.110737545
199_118,s5.639479700,s2.835555209,s169.249233276
199_119,s5.173288190,s2.154497852,s233.311252048
199_120,s-7.183765830,s3.434984901,s262.715643030
199_121,s-7.737800073,s2.117560745,s353.077873509
199_122,s-7.672817493,s2.621185194,s48.196853345
199_123,s0.887342765,s1.270017342,s317.321454067
199_124,s-4.296845794,s1.694405098,s112.741798831
199_125,s-4.200350577,s7.105877149,s303.768026509
199_126,s-2.763122320,s-0.210737598,s19.437983778
199_127,s0.433668643,s7.051768832,s184.751700169
199_128,s-0.723045960,s-3.651551091,s308.121346488
199_129,s0.936476860,s6.905646445,s255.479453295
199_130,s3.781039756,s1.948017043,s219.732990688
199_131,s2.295909174,s4.293916020,s334.342185051
199_132,s4.947253437,s4.037670655,s241.738689119
199_133,s6.009076387,s4.538608104,s179.696956754
199_134,s5.139327361,s0.996422422,s45.467557855
199_135,s-3.248977024,s7.623505879,s96.626078758
199_136,s-7.786105590,s1.148523782,s195.090121900
199_137,s3.585437714,s6.512086972,s36.311407114
199_138,s4.403510602,s6.713195456,s109.415027440
199_139,s0.426194734,s-5.150831566,s357.493774586
199_140,s-2.408585882,s7.762644738,s44.219226804
199_141,s2.184588286,s0.699287311,s171.315096419
199_142,s-1.952005245,s3.660959058,s247.363116822
199_143,s2.501236580,s7.537971115,s285.940330224
199_144,s0.100967254,s5.547665975,s154.079064510
199_145,s2.640973831,s6.419635136,s293.422938247
199_146,s7.887389630,s3.934494058,s108.528831362
199_147,s0.025362256,s6.053648483,s290.164358170
199_148,s4.220512326,s7.773071087,s236.807285341
199_149,s7.910257123,s7.800913191,s319.378085941
199_150,s-5.773768753,s-0.556207696,s56.836280376
199_151,s-7.669514399,s4.580121016,s126.683865813
199_152,s-7.446225424,s4.496939161,s92.467923010
199_153,s-2.421155137,s6.066350455,s173.184441819
199_154,s-6.438167123,s7.578154699,s293.907215147
199_155,s0.831354494,s6.215935979,s179.193070736
199_156,s-2.283876190,s7.306183926,s348.822732374
199_157,s-2.137084433,s2.673539740,s275.114379712
199_158,s-0.386408613,s3.314862897,s30.919812136
199_159,s1.803095512,s3.507253514,s121.605254714
199_160,s1.732631506,s5.023142095,s278.370905803
199_161,s5.609486980,s7.125482693,s250.390504899
199_162,s6.488257538,s7.812733436,s298.514222444
199_163,s6.842748520,s3.030648206,s308.995065784
199_164,s2.036381237,s4.907676625,s145.800327076
199_165,s-7.778127236,s7.785645904,s183.398192333
199_166,s-6.116084556,s7.749057364,s343.627708337
199_167,s-3.842606076,s4.186402843,s182.180768603
199_168,s-1.748584724,s7.729095989,s175.702987559
199_169,s-2.660686380,s5.385923721,s11.841657544
199_170,s-0.171055152,s1.794597173,s266.416726269
199_171,s-3.542808582,s5.155579478,s12.246904763
199_172,s-2.145938296,s6.797878206,s344.191360215
199_173,s4.573417723,s6.029689263,s127.548840906
199_174,s3.212942961,s7.694173921,s157.889568427
199_175,s2.571114144,s2.401881302,s257.115925381
199_176,s3.796077836,s7.410315377,s71.129574751
199_177,s7.700789326,s4.844450620,s293.454168968
199_178,s-6.421143195,s0.221724496,s11.377695770
199_179,s-1.956675709,s5.954928578,s308.258467065
199_180,s-6.423982856,s0.897100305,s337.996621167
199_181,s-7.324988349,s5.814282851,s17.609594379
199_182,s-6.955866221,s5.915987075,s236.792010567
199_183,s-3.094844295,s7.459330918,s55.844809285
199_184,s4.605572114,s2.819412574,s14.308968830
199_185,s5.211560213,s5.206252155,s13.057285200
199_186,s-4.869410494,s7.617916271,s291.222170554
199_187,s-0.519996749,s6.633165140,s51.656515588
199_188,s7.767384716,s5.992132267,s238.898752741
199_189,s3.795295388,s4.525068843,s184.005319468
199_190,s5.566281032,s3.744974734,s255.232316444
199_191,s1.605025814,s0.856586716,s104.667891106
199_192,s3.977826285,s6.879542095,s128.137710519
199_193,s7.050220222,s7.129147668,s21.241156275
199_194,s7.745004280,s2.126886269,s64.416686124
199_195,s-6.226767925,s2.203726276,s301.724060638
199_196,s-7.151653035,s5.769524940,s310.753834135
199_197,s-5.590383608,s5.764424508,s140.084303808
199_198,s-1.329202667,s6.912404818,s179.298258145
200_0,s-6.165030159,s-4.222936598,s223.309516130
200_1,s-4.058042122,s-4.083199466,s175.117794987
200_2,s-0.905706884,s-7.046312279,s37.053417157
200_3,s7.181246145,s-3.712588782,s134.998367377
200_4,s-3.263341119,s-7.231258772,s206.927625174
200_5,s-2.144771854,s-6.927200503,s126.883877622
200_6,s-1.016754757,s-2.707612516,s348.770058941
200_7,s5.951806042,s-4.742615133,s26.045512321
200_8,s3.805157250,s0.697796592,s358.932091959
200_9,s-0.111581579,s-5.776797124,s328.621588062
200_10,s-1.871784373,s-7.747161137,s218.434050266
200_11,s0.581673524,s4.175297617,s222.650740514
200_12,s7.161099874,s-5.222214190,s2.590614093
200_13,s2.825921027,s-1.601452418,s86.419846688
200_14,s7.770396125,s-5.129529353,s148.803880985
200_15,s-1.738550057,s-3.952422105,s292.299300369
200_16,s-2.655384938,s-2.210703112,s34.701536431
200_17,s-3.708707921,s-2.618237086,s151.045209170
200_18,s-3.956130937,s-6.877066659,s137.709784634
200_19,s-5.579426618,s-5.637604868,s34.140491749
200_20,s0.401959897,s-6.589213211,s237.273644378
200_21,s0.001442150,s-6.702188865,s322.839778858
200_22,s-7.164882128,s5.221626196,s11.018009956
200_23,s-4.534870788,s-6.236278030,s73.220996243
200_24,s-1.792279702,s-1.664202448,s228.733932224
200_25,s0.226107958,s-7.667393165,s355.257868778
200_26,s7.195052703,s-6.259466268,s36.589535426
200_27,s-1.681995048,s3.175827105,s20.435759984
200_28,s7.899187051,s-4.276795637,s310.002549937
200_29,s5.391586981,s-7.012713915,s71.766287249
200_30,s-6.287936664,s-7.534697023,s207.244590507
200_31,s-6.127973615,s-6.079655899,s241.807367519
200_32,s-7.781494256,s-6.724653213,s65.941799683
200_33,s-7.555261125,s0.385352003,s147.125170809
200_34,s-6.735798047,s1.212138572,s53.252923945
200_35,s-0.358819121,s-4.937418737,s23.149964776
200_36,s-4.367113325,s-2.217941428,s345.085337810
200_37,s-0.232097894,s0.855657922,s271.708131216
200_38,s-1.838106315,s0.234408888,s312.380245066
200_39,s6.170768046,s5.031928469,s86.576918936
200_40,s2.549975783,s-7.634808642,s60.462010595
200_41,s3.287042833,s-3.719841891,s205.034960494
200_42,s7.293294281,s-4.309071888,s337.637569773
200_43,s5.247779958,s-0.860295360,s270.537555569
200_44,s5.205551206,s-2.302842946,s228.937584686
200_45,s-1.749134565,s0.735689324,s272.799171179
200_46,s-6.677853010,s4.208402522,s173.965157432
200_47,s-2.651773769,s-7.802990898,s140.316434193
200_48,s0.154578650,s1.479282205,s182.815191732
200_49,s-7.706969919,s-5.032100435,s282.080900633
200_50,s2.396234421,s-4.706610941,s0.344649754
200_51,s-5.927497951,s7.897621733,s38.734971264
200_52,s4.770774996,s-7.722037501,s178.241270870
200_53,s-0.591212709,s4.039764395,s52.141540338
200_54,s2.587560829,s0.220011489,s244.360349127
200_55,s-1.565978782,s-5.805863795,s8.705607740
200_56,s4.084991022,s2.399181356,s350.937396791
200_57,s3.866825643,s5.402265663,s106.392355330
200_58,s5.121582276,s-3.221118658,s146.425913327
200_59,s5.549734144,s1.523702176,s213.451302891
200_60,s-7.270993183,s-0.805910705,s2.295700318
200_61,s-2.754673866,s5.788605513,s205.204647143
200_62,s-3.713167706,s4.713823301,s63.164597207
200_63,s-5.936936934,s6.499600239,s341.264610310
200_64,s5.792258342,s-5.570127406,s165.973425321
200_65,s0.663516293,s-0.548664463,s41.001835226
200_66,s-1.937992911,s3.261721611,s115.871635179
200_67,s3.167949855,s-4.979813305,s116.190886625
200_68,s-0.916965723,s3.322599321,s261.751350035
200_69,s6.857863313,s1.276671671,s70.630861294
200_70,s5.712094960,s-3.915143405,s175.733770147
200_71,s4.320696996,s2.382626756,s264.824917023
200_72,s3.892373017,s4.554454306,s156.782754838
200_73,s3.663134747,s-2.492557075,s277.529352839
200_74,s1.263077320,s0.801890027,s234.506116413
200_75,s-5.063590439,s-7.327943690,s357.843556219
200_76,s2.443572796,s1.246278717,s207.317785780
200_77,s-6.692818661,s-4.962444526,s50.554644070
200_78,s-5.437273343,s-2.269048869,s50.246938400
200_79,s-7.279965404,s-3.060797020,s227.180665556
200_80,s-3.799075750,s3.158646951,s39.718703035
200_81,s2.407607056,s-6.212592220,s332.220394717
200_82,s5.851085778,s2.684358118,s228.307422161
200_83,s5.762558195,s0.196766310,s200.445299336
200_84,s7.434009651,s-2.168788972,s174.450761429
200_85,s7.628746720,s-2.930328479,s116.041658481
200_86,s1.657488629,s1.898543890,s95.363339372
200_87,s4.543029652,s1.287634807,s168.397013827
200_88,s-3.293789361,s-1.248787488,s216.405003802
200_89,s7.638249639,s-1.156521099,s123.912404578
200_90,s-7.844769579,s-0.043513328,s359.289720618
200_91,s-2.702565621,s0.405253491,s279.712374763
200_92,s1.599427629,s5.621922553,s239.794648797
200_93,s3.983813288,s4.987887524,s291.275331924
200_94,s-2.390917397,s5.205060260,s267.983171498
200_95,s2.966263494,s-2.543123693,s312.629803140
200_96,s-3.964665042,s2.279751606,s71.630311430
200_97,s-6.437430042,s2.156066909,s30.337176832
200_98,s-4.136942605,s0.721784987,s114.676986572
200_99,s-0.985962289,s7.330720029,s12.413229948
200_100,s6.103662441,s7.994540417,s50.627819119
200_101,s-7.578612304,s3.546326958,s293.359664956
200_102,s5.191883169,s-6.227692184,s28.358265682
200_103,s-0.704054687,s2.851308969,s169.380414965
200_104,s6.918884670,s-0.117378148,s247.628901932
200_105,s-6.788566386,s-2.228305642,s101.603139618
200_106,s-6.345466483,s0.418374024,s257.203163861
200_107,s-1.192252563,s1.209829260,s218.865588007
200_108,s6.890420193,s4.462353140,s64.535859719
200_109,s-7.663557426,s7.071182989,s153.218991023
200_110,s3.693777288,s0.871864441,s16.758186607
200_111,s-4.764989617,s1.880111290,s298.332927140
200_112,s7.012796873,s7.838517077,s148.587302997
200_113,s1.385419621,s-7.047839035,s108.847346023
200_114,s0.269338217,s6.272262737,s27.976950347
200_115,s-4.996950597,s0.445931753,s316.299909250
200_116,s5.728928051,s7.994540417,s94.997983485
200_117,s0.512121183,s-4.965432130,s232.549102138
200_118,s1.475499445,s7.766849686,s166.964446357
200_119,s7.778495246,s6.089403403,s167.383958588
200_120,s-3.712854677,s7.461286468,s129.765464454
200_121,s-7.827341981,s5.298880697,s331.476977463
200_122,s-7.378950436,s7.859752534,s323.415166746
200_123,s-6.392454801,s5.129531576,s359.296072702
200_124,s-7.142919283,s2.463794042,s198.276229638
200_125,s-0.091248533,s-0.893030715,s56.201015639
200_126,s6.684311775,s3.399000063,s181.127258232
200_127,s4.641006880,s3.079104077,s84.364259267
200_128,s-2.193967273,s4.477874833,s196.771499576
200_129,s-0.082420915,s7.018639750,s107.096086984
200_130,s6.495213993,s2.164108441,s105.459098915
200_131,s-2.938916628,s6.598678340,s115.318467529
200_132,s4.282259818,s6.938680160,s99.721488573
200_133,s2.056093778,s4.477370292,s91.131833147
200_134,s5.118026632,s7.068605172,s93.480722764
200_135,s-7.263525567,s5.818515071,s244.630196605
200_136,s-1.820418510,s7.918147395,s156.407214013
200_137,s-5.999656229,s3.144863728,s230.500706586
200_138,s-4.735270541,s-0.370267088,s312.371777926
200_139,s2.253337692,s6.823398607,s223.656732948
200_140,s-6.706188687,s2.732929974,s28.405131100
200_141,s0.076963639,s7.605140043,s66.215753818
200_142,s-5.079120058,s-3.428135069,s88.528087228
200_143,s4.709198510,s1.271663186,s224.692784573
200_144,s2.359105744,s7.906359624,s318.553257965
200_145,s5.449456240,s5.148533675,s275.778350329
200_146,s5.352190766,s-0.139190283,s126.374395422
200_147,s6.669102209,s1.778637469,s288.917555418
200_148,s6.988864626,s5.397051803,s58.266886150
200_149,s7.899187051,s7.642689883,s167.979694609
200_150,s-7.826545720,s1.932772840,s274.283215596
200_151,s-0.841967804,s0.776838065,s114.966635566
200_152,s-7.849797448,s1.054147365,s25.455830351
200_153,s2.545479957,s2.936979691,s262.502326715
200_154,s3.522561099,s7.936208140,s199.311020668
200_155,s-5.129957184,s6.508899358,s184.507725681
200_156,s-2.745177503,s1.900162267,s348.077652586
200_157,s-1.881712552,s7.757409462,s79.357201456
200_158,s4.729180879,s4.237775307,s309.744666846
200_159,s-5.021282095,s3.128623869,s174.980937404
200_160,s-1.237007456,s5.677801714,s24.763184281
200_161,s-2.970462779,s7.968553002,s168.605671833
200_162,s2.020065388,s-3.436681957,s226.734644139
200_163,s4.069498799,s5.845867816,s10.601517032
200_164,s-0.931879700,s6.352672224,s62.115368777
200_165,s-3.382057922,s6.485271692,s338.191620829
200_166,s-6.299359380,s7.912487728,s244.003056542
200_167,s-4.977656712,s7.044707184,s147.070564830
200_168,s2.978985952,s4.176997422,s325.900760091
200_169,s-0.370263310,s5.516107068,s192.856138874
200_170,s-3.937699430,s0.040578343,s179.340603300
200_171,s-3.111900391,s-0.576067311,s340.325334852
200_172,s7.149031885,s4.968229281,s249.237344079
200_173,s-1.493691497,s1.277742620,s206.153354687
200_174,s0.443155255,s2.756775272,s310.679771118
200_175,s7.654544423,s2.233677593,s110.219654595
200_176,s-0.723601326,s1.508798567,s276.536255521
200_177,s3.822299954,s-1.446058709,s299.872846866
200_178,s4.302321465,s7.848256653,s252.464361101
200_179,s2.296743721,s-0.668395503,s24.520129055
200_180,s-2.626107635,s6.793307609,s246.364777090
200_181,s-4.777144990,s5.567284727,s306.689351479
200_182,s-2.014418667,s4.443294796,s213.964071937
200_183,s-4.947199615,s7.108977619,s215.395622411
200_184,s4.076696899,s6.768851841,s144.431169352
200_185,s0.797473165,s7.765957692,s81.965969432
200_186,s2.979855455,s7.044133386,s11.905363704
200_187,s3.324616568,s6.665543463,s144.007039487
200_188,s-3.476288990,s7.042777910,s349.810017792
200_189,s3.669150398,s-6.188412226,s353.105493321
200_190,s3.076707305,s1.525676583,s209.248653648
200_191,s5.802115496,s4.551729107,s173.658092808
200_192,s-1.261510495,s3.950309272,s90.958913457
200_193,s7.757189739,s-0.002915471,s62.346545807
200_194,s7.106440331,s7.097627161,s213.271139046
200_195,s-5.627888715,s5.947891249,s26.675992751
200_196,s-7.277864336,s7.955847428,s168.567136661
200_197,s-5.565714065,s-1.595735730,s228.846405834
200_198,s3.319927641,s2.995637138,s152.333122686
200_199,s6.151292654,s6.065768963,s5.687491797
