id,x,y,deg
001_0,s0.000000000,s-0.269135219,s19.977883626
002_0,s-1.135768052,s-0.262700944,s347.862957164
002_1,s0.926484272,s-0.278153136,s316.423259114
003_0,s-0.943385414,s-0.338131584,s45.350224087
003_1,s0.555947312,s-0.104808505,s269.866152868
003_2,s1.225757102,s-0.068326459,s34.983523167
004_0,s-1.696965937,s0.517004734,s172.165461329
004_1,s0.113597262,s1.410898404,s40.507429940
004_2,s1.750559010,s1.245053833,s154.542369627
004_3,s-1.853709697,s-1.682384258,s285.802861268
005_0,s-1.352109179,s0.862740139,s163.244341371
005_1,s-1.386118135,s-0.432776099,s141.402696107
005_2,s0.374337555,s0.858110945,s241.113054298
005_3,s1.536223165,s0.972744403,s355.601627910
005_4,s1.456404211,s-1.246162748,s130.941036108
006_0,s1.922166182,s-1.496675089,s272.583855743
006_1,s-2.081971912,s1.365494915,s53.056268509
006_2,s0.070369055,s0.501559302,s295.384298650
006_3,s-0.573390544,s1.517875119,s166.466641445
006_4,s1.224523976,s0.171239208,s282.129219664
006_5,s1.817568742,s1.486630180,s269.978886331
007_0,s-1.056431526,s-1.745491799,s262.012106657
007_1,s0.897164027,s-1.891350032,s304.192651756
007_2,s1.866300549,s1.832288831,s84.809203440
007_3,s-1.688074543,s-0.443072064,s255.588137915
007_4,s-1.514468927,s1.827223228,s277.241195581
007_5,s-0.838849453,s-0.490126934,s199.077484996
007_6,s-1.859621908,s1.375767254,s295.979517424
008_0,s-1.954364875,s0.292345058,s353.505962674
008_1,s-1.267488537,s-1.627400365,s93.932004374
008_2,s0.277265814,s1.359735445,s191.054704923
008_3,s-0.401123074,s-1.948471795,s135.460180171
008_4,s-0.900436972,s1.919876665,s41.538779663
008_5,s1.757959532,s-1.751362507,s70.331628285
008_6,s1.923832520,s1.672816384,s331.780005606
008_7,s-2.072709105,s1.388644908,s246.986109650
009_0,s-0.648978785,s1.279163030,s85.297737535
009_1,s-1.334571966,s2.352538680,s70.684978248
009_2,s-1.556764431,s1.356182951,s333.224010267
009_3,s2.218239688,s-1.404071373,s247.305263313
009_4,s-2.170319889,s0.096333294,s79.257032664
009_5,s0.200320699,s1.856110864,s299.704981821
009_6,s-2.467246157,s-2.089340517,s168.534041814
009_7,s2.190412832,s2.335643147,s145.239682059
009_8,s-0.372493824,s2.352538680,s310.620458055
010_0,s-2.393978533,s1.546000772,s106.232089325
010_1,s-0.583832032,s0.387701109,s0.524153354
010_2,s-1.567274587,s-1.175359970,s223.027151573
010_3,s1.283581274,s-1.685388322,s234.059500824
010_4,s-2.109198828,s-0.446471739,s112.595595076
010_5,s1.741176105,s0.518614007,s241.387305579
010_6,s2.504988254,s1.433206435,s38.769792652
010_7,s2.459285092,s-0.445731797,s298.537564883
010_8,s-1.327291942,s1.336008830,s69.157765915
010_9,s1.675975493,s1.668295258,s52.532514611
011_0,s-2.176557306,s-0.842085146,s98.126838506
011_1,s-0.480781835,s0.825852296,s240.244704678
011_2,s-0.976524894,s-2.771253158,s323.549028502
011_3,s1.151303994,s1.540782282,s278.536381503
011_4,s-1.174843284,s1.763077333,s99.070478512
011_5,s2.121419460,s2.309240807,s33.128248412
011_6,s0.301979655,s2.374463157,s131.384411485
011_7,s2.758317446,s2.145350112,s100.328249459
011_8,s0.465074978,s-1.373441247,s131.834309524
011_9,s-1.957890665,s2.256721474,s144.028388796
011_10,s2.173866463,s1.009945712,s184.459323624
012_0,s1.555576155,s-0.679066257,s271.089085086
012_1,s0.761167751,s-1.774902753,s198.138492927
012_2,s-0.206656838,s0.311548143,s334.812507697
012_3,s-2.334288147,s-0.109144403,s25.440447505
012_4,s-2.536546004,s1.804757659,s213.322860892
012_5,s2.485874493,s2.382115833,s168.626933624
012_6,s0.747899803,s0.873954950,s171.509576771
012_7,s1.752834002,s-2.084057090,s129.505448646
012_8,s-2.057397874,s2.106226893,s264.869363045
012_9,s2.260515947,s1.447644432,s114.380098598
012_10,s-0.698274584,s0.866741454,s262.411002381
012_11,s-0.472206025,s-2.115670630,s335.800414555
013_0,s-0.612164078,s-0.047190389,s295.697211410
013_1,s-1.226530953,s-1.985436654,s74.626261914
013_2,s-1.067874399,s1.727246680,s164.548686962
013_3,s1.977281368,s0.307084475,s62.239127373
013_4,s-2.298722124,s0.957916114,s174.748329850
013_5,s-2.317944340,s0.098772710,s87.838388767
013_6,s0.359606727,s-0.411238596,s286.898876340
013_7,s-0.469596486,s1.826834438,s160.073855073
013_8,s2.122091785,s1.796159854,s172.328113157
013_9,s2.013810950,s-0.430497916,s261.569326056
013_10,s2.320380120,s-1.693534580,s265.032309788
013_11,s0.560671362,s-2.109503619,s347.081962033
013_12,s-2.193600854,s1.817103986,s50.782883350
014_0,s1.119076810,s-1.092134653,s222.246643647
014_1,s-0.316196119,s-2.175477600,s176.446092941
014_2,s2.824036697,s1.297437256,s17.072340628
014_3,s0.125476031,s0.617587499,s317.652381882
014_4,s1.810778671,s0.668251494,s34.858152993
014_5,s-2.906116562,s0.273739112,s223.828078320
014_6,s0.314974037,s2.628835601,s80.404832647
014_7,s1.467559257,s-2.724621823,s7.078435787
014_8,s-2.452797345,s2.668675708,s140.485674672
014_9,s0.920802048,s2.163643244,s203.509694879
014_10,s-1.599620854,s0.496511014,s143.328390027
014_11,s1.746101219,s2.640708282,s113.767314376
014_12,s-1.869987072,s-0.368331723,s223.915739313
014_13,s-2.866380329,s-2.378598403,s272.775645972
015_0,s-1.594010528,s-0.086344716,s184.581758598
015_1,s1.735428535,s-3.003734840,s93.728808659
015_2,s-2.663361071,s1.065917124,s97.438694657
015_3,s1.680111980,s-0.769668434,s29.826881698
015_4,s3.125426077,s0.586909512,s341.136563642
015_5,s-0.569715170,s2.330277108,s8.304735091
015_6,s2.002570749,s2.176067351,s10.166508107
015_7,s0.373051224,s-3.157962524,s114.224672428
015_8,s-1.133802682,s0.871433509,s226.223356309
015_9,s0.983605946,s0.943078413,s158.573025889
015_10,s-0.462938665,s0.601853659,s317.883221054
015_11,s-2.432514721,s0.205513586,s196.822795785
015_12,s-3.074109252,s2.025647226,s290.745968197
015_13,s-0.347666506,s1.575447407,s318.923845891
015_14,s-2.384715609,s2.690196026,s5.718245269
016_0,s-1.214775438,s0.187712788,s158.279467184
016_1,s1.675939799,s0.391293966,s71.384425829
016_2,s-0.958732167,s-2.787570813,s52.382423068
016_3,s0.146270762,s-1.992688778,s302.333138091
016_4,s1.149119818,s-1.444579151,s102.410413636
016_5,s0.153372952,s0.205626915,s60.824474766
016_6,s0.735872800,s0.741342478,s63.350100847
016_7,s-2.790509528,s0.211832111,s55.900579614
016_8,s2.041838690,s2.644129002,s137.526901517
016_9,s2.375183939,s1.656670407,s155.770342881
016_10,s-2.422899075,s2.743116725,s293.203087529
016_11,s-3.175721439,s2.300318509,s313.050320098
016_12,s-2.128587261,s1.600974708,s150.939768777
016_13,s-2.680150389,s-0.883418738,s269.178665020
016_14,s2.893231134,s2.710601943,s224.400052717
016_15,s0.226096861,s2.757666196,s167.501538180
017_0,s-2.832034319,s0.635624157,s39.297866347
017_1,s-3.195811896,s-3.210613197,s139.542829269
017_2,s1.640442991,s2.745609945,s143.525178623
017_3,s3.144503503,s-1.099780829,s260.910745230
017_4,s3.108863439,s1.579152027,s93.349694556
017_5,s2.260860948,s2.119113090,s146.707244838
017_6,s-3.156081008,s-1.864273528,s53.737123986
017_7,s-0.622919449,s-1.362246887,s243.084964027
017_8,s-3.124005974,s2.581614635,s250.288265819
017_9,s0.863396961,s-0.149300209,s285.240553744
017_10,s0.651670225,s3.041730003,s327.801409959
017_11,s-3.136076639,s1.265480958,s93.645068089
017_12,s-1.480919179,s-1.475104312,s241.009450325
017_13,s2.844089910,s3.030076442,s9.403505687
017_14,s-1.555154243,s-2.954708878,s58.466676184
017_15,s-1.050096858,s3.057883845,s89.532039042
017_16,s-0.424369162,s-0.068947393,s306.769754747
018_0,s-2.422788168,s0.005104364,s92.027673434
018_1,s0.390359555,s2.176947235,s139.343428756
018_2,s1.495097817,s2.675729113,s328.961075223
018_3,s-1.428199999,s-3.029528362,s251.366960588
018_4,s1.453784096,s-2.851521276,s322.623410308
018_5,s2.909769247,s-0.814786056,s53.910960327
018_6,s1.732298522,s1.552075159,s231.102560150
018_7,s-0.564534768,s-1.078414234,s286.355609462
018_8,s2.819236572,s0.630153113,s298.934891329
018_9,s-0.989693531,s2.218562159,s79.891298825
018_10,s-2.487057933,s-1.230133965,s235.681206204
018_11,s-2.984291532,s2.109665695,s138.021525889
018_12,s-0.439153574,s-2.285609020,s278.990659647
018_13,s2.992102461,s2.644399948,s100.224727694
018_14,s-2.846159300,s2.731689306,s308.448230278
018_15,s0.834423218,s-0.215285869,s167.349492439
018_16,s0.785138601,s1.068667827,s245.181297595
018_17,s2.118856855,s2.725209955,s166.580131526
019_0,s0.101478917,s-3.089957140,s122.486106824
019_1,s1.082895569,s-1.607891948,s297.134602047
019_2,s2.228509852,s1.524768190,s221.340220843
019_3,s2.042635866,s-1.426179583,s117.202023043
019_4,s2.901648720,s-1.844892765,s21.453250558
019_5,s-3.055058123,s2.806812472,s215.602326697
019_6,s1.854111190,s0.493435932,s219.980436102
019_7,s-0.233767927,s3.173124845,s278.099903183
019_8,s-3.071544282,s-1.891150569,s45.796792017
019_9,s3.056909245,s0.644026891,s112.538416555
019_10,s0.760292625,s2.678096221,s26.069394098
019_11,s-2.629114762,s2.161715771,s357.504957682
019_12,s-0.459042871,s1.480982902,s238.980533951
019_13,s1.484766083,s3.108937925,s181.188012288
019_14,s2.845491588,s1.674649993,s271.921953262
019_15,s-2.790939856,s0.646924038,s335.761698334
019_16,s-2.112915377,s0.143375427,s69.506710970
019_17,s0.021020184,s1.686869656,s70.047242987
019_18,s2.204166827,s3.137105769,s167.352077519
020_0,s-2.889422081,s-1.744025009,s107.765534478
020_1,s-1.982081938,s-0.584567169,s205.254381545
020_2,s2.426098206,s0.517652872,s202.701964802
020_3,s0.314460259,s-3.014390643,s106.802389600
020_4,s-1.877663549,s2.468027463,s68.742580075
020_5,s-2.850812131,s0.152946670,s59.655884949
020_6,s-1.308660889,s-1.518729937,s84.354204068
020_7,s-0.932534997,s2.289884882,s254.874063089
020_8,s2.966064630,s-3.379394824,s10.520429970
020_9,s1.631332744,s1.858310934,s284.167686628
020_10,s-2.792815415,s2.518981159,s144.019749408
020_11,s0.771150671,s-0.401543198,s154.569092761
020_12,s3.444714995,s0.869436544,s54.690234553
020_13,s1.621022973,s-0.174709368,s350.868046716
020_14,s1.403754228,s2.319871304,s125.477479564
020_15,s3.095883997,s2.845363132,s331.545470555
020_16,s-2.616152045,s1.073641252,s103.520473077
020_17,s-0.325444385,s1.600178446,s294.878686644
020_18,s-1.663988989,s0.483677145,s160.438103257
020_19,s0.786616413,s2.858131826,s23.866077558
021_0,s2.894011485,s0.641183526,s215.028560328
021_1,s-2.736650278,s-1.973143606,s285.259248578
021_2,s-1.370623436,s-0.854216309,s118.835259857
021_3,s0.397642976,s-1.475442213,s311.423622381
021_4,s0.261462717,s-3.190670230,s272.991685131
021_5,s-3.051153377,s2.332136396,s234.941951578
021_6,s2.489824509,s-2.819638035,s221.968717932
021_7,s-2.080982693,s1.160357291,s113.492331770
021_8,s1.219987556,s0.629165094,s261.819406931
021_9,s0.444455631,s2.857818323,s219.121158876
021_10,s-1.393175437,s-1.718587513,s35.873295477
021_11,s-3.031624241,s-0.700929288,s156.749200424
021_12,s-2.226200837,s0.224649299,s209.051745102
021_13,s-1.888762213,s2.288549145,s309.151634257
021_14,s-2.128087122,s2.823922809,s75.245769160
021_15,s2.269036068,s-1.251911381,s191.083715065
021_16,s-0.233266497,s0.564795221,s232.213753508
021_17,s1.281928248,s2.863515838,s327.762769734
021_18,s-0.158219703,s-0.821935378,s249.719685242
021_19,s1.273646202,s-1.424056937,s231.249993277
021_20,s-1.129971973,s2.046216652,s178.492068412
022_0,s-3.168761005,s0.456675958,s159.567522468
022_1,s1.266105689,s-1.035720810,s127.092496597
022_2,s0.792416341,s0.727914662,s193.090794803
022_3,s-1.204554764,s1.503514061,s87.911868061
022_4,s3.080651340,s-1.910830258,s96.254988123
022_5,s1.178411091,s-3.147149886,s116.420272480
022_6,s-2.556401851,s1.509404177,s171.289460146
022_7,s1.335487909,s1.638183789,s216.422736841
022_8,s2.753937746,s-3.176143193,s327.216559516
022_9,s3.429608621,s1.228810356,s104.632185383
022_10,s-3.071691183,s2.743580859,s92.563030631
022_11,s-0.176043843,s-1.230531736,s276.151718307
022_12,s1.282104725,s2.788214751,s26.668153596
022_13,s3.553125036,s-0.815189433,s84.868150162
022_14,s1.221871012,s0.116746233,s273.470478111
022_15,s-0.699228799,s1.575601051,s358.606237595
022_16,s2.663258388,s-0.221297770,s212.654083129
022_17,s2.067696678,s0.674923269,s1.761567162
022_18,s2.456931347,s2.723051465,s69.776688216
022_19,s3.534987567,s2.389231982,s343.683367706
022_20,s0.403100546,s2.713222608,s186.765148238
022_21,s-1.396191140,s2.746079282,s177.375646702
023_0,s-3.349530329,s-2.788414945,s123.337365911
023_1,s1.788218383,s0.255555514,s280.350041695
023_2,s-3.859601853,s-2.246918119,s158.834612574
023_3,s0.881730782,s-0.545629005,s129.295888795
023_4,s2.345646606,s-1.937051893,s204.281286657
023_5,s3.316881921,s-2.090655618,s340.036564493
023_6,s3.330583877,s-0.264748209,s197.889173778
023_7,s-1.574933210,s-0.120975638,s329.355168718
023_8,s-0.693775123,s1.982386027,s234.524310345
023_9,s-3.159535204,s2.697692034,s12.172706022
023_10,s2.137585726,s-2.540996178,s108.099576359
023_11,s3.414731093,s2.982465760,s269.642116229
023_12,s-2.489565766,s-1.837844082,s53.969303214
023_13,s-3.882498006,s1.739317306,s204.792075095
023_14,s2.374714405,s1.245676103,s48.687475277
023_15,s2.015300820,s2.479024489,s315.655284756
023_16,s1.499730774,s-2.701058171,s166.732393358
023_17,s1.154650788,s2.431852157,s79.395192388
023_18,s-3.996252728,s2.958196741,s308.621976318
023_19,s0.131781694,s-1.890786019,s8.523076383
023_20,s0.519990595,s-0.774666160,s225.959169003
023_21,s-2.067013779,s2.964996396,s63.863315097
023_22,s-1.725531514,s0.666011687,s131.287252867
024_0,s-0.626691896,s3.278087591,s102.951778419
024_1,s-3.497143329,s-1.333489034,s268.028791405
024_2,s-0.727589024,s-2.097370777,s205.352925231
024_3,s0.501122217,s-1.231167755,s325.064819294
024_4,s2.977236320,s-1.480601732,s42.621052992
024_5,s3.188850414,s-3.377455621,s291.026479027
024_6,s-2.528155307,s2.285355531,s255.325154001
024_7,s3.028909768,s3.566268657,s42.753080335
024_8,s-0.662953255,s2.456469395,s91.775968599
024_9,s-0.055016006,s1.751665983,s346.391891400
024_10,s3.673595253,s2.113174148,s104.699101227
024_11,s0.451530591,s-3.354600596,s182.722751858
024_12,s-3.436508670,s3.498483273,s235.777714135
024_13,s-3.585767498,s0.144287007,s358.135419079
024_14,s-2.395209900,s0.375801798,s335.370522572
024_15,s3.171286295,s1.321513612,s321.583445540
024_16,s3.691852477,s3.129505786,s80.223847700
024_17,s1.125508639,s0.485986799,s250.306535235
024_18,s-1.979833488,s3.461763709,s37.952661821
024_19,s0.848424512,s1.027480459,s278.773194585
024_20,s-1.760642243,s-3.755942521,s80.719453929
024_21,s1.995404553,s3.381146353,s174.060172125
024_22,s1.240472330,s-1.993542520,s151.191538991
024_23,s-1.594807340,s-1.833765685,s187.244062895
025_0,s-0.164370360,s1.690301653,s253.593831347
025_1,s-3.096800961,s-2.963400660,s36.094502269
025_2,s0.457006348,s2.996273305,s203.228099917
025_3,s-1.835974986,s-3.428312323,s353.206480469
025_4,s3.080642856,s-0.797627842,s356.293755123
025_5,s0.503658885,s1.687918450,s316.657515001
025_6,s-2.005696253,s-1.472638101,s241.890634268
025_7,s2.549367069,s-1.903173083,s15.976428536
025_8,s2.199312570,s2.963251015,s197.631401962
025_9,s-1.849735885,s-0.459426192,s227.883670740
025_10,s-0.211578024,s-2.043380394,s250.682431601
025_11,s3.524215669,s-2.440239391,s287.392976794
025_12,s0.140213888,s0.444564071,s115.629053108
025_13,s2.522205299,s0.245145833,s31.367062021
025_14,s1.544829755,s-1.724632419,s328.065561435
025_15,s3.457702821,s1.560957698,s7.747643646
025_16,s1.927480138,s-2.196898012,s249.389553530
025_17,s2.097807730,s1.143285288,s298.375580781
025_18,s-3.218333005,s2.978165334,s146.593228433
025_19,s-2.385835709,s1.903966469,s78.844702989
025_20,s-1.667788845,s2.966259933,s268.106628450
025_21,s-0.569323435,s2.856111950,s12.945133278
025_22,s3.083812194,s2.940075660,s225.081503118
025_23,s1.622276998,s2.234680778,s33.809578765
025_24,s-3.591358366,s-0.029986880,s60.499174929
026_0,s-2.135188629,s1.181984947,s57.401995714
026_1,s-3.538514697,s-3.862984169,s17.909752627
026_2,s3.181656275,s-0.744489281,s313.262266017
026_3,s-2.186620204,s2.428449815,s81.738828080
026_4,s1.876117595,s-3.798133186,s132.482768890
026_5,s2.659406970,s3.461061345,s165.071575149
026_6,s-3.814505432,s1.161110632,s33.526285918
026_7,s-1.756478358,s-2.508184349,s32.064845155
026_8,s-0.895556492,s0.933538010,s195.512502379
026_9,s-0.080946913,s-2.284232464,s329.521286792
026_10,s-1.010865532,s2.161278306,s237.251004643
026_11,s1.547882834,s-2.928859947,s254.553954283
026_12,s-3.887869877,s-0.975598369,s168.603312016
026_13,s-3.265265161,s1.492039289,s352.376392122
026_14,s0.968385367,s0.770964681,s305.320433243
026_15,s3.441289696,s-3.026729752,s58.082710228
026_16,s2.422786942,s1.254421893,s280.453899510
026_17,s3.623211568,s-0.085644709,s266.893129823
026_18,s-1.990242144,s3.710697196,s92.289495566
026_19,s3.505299684,s3.116211189,s115.612606246
026_20,s0.241377791,s-1.358812555,s155.310884526
026_21,s-2.984058473,s-2.207516148,s28.913241031
026_22,s0.439445072,s3.515125688,s238.038836148
026_23,s-0.902605820,s2.448769886,s334.292159992
026_24,s-3.568475557,s3.759547379,s316.352567270
026_25,s-3.659345641,s2.748622901,s107.567393881
027_0,s2.519165237,s3.439242724,s123.861143016
027_1,s-2.593646128,s-0.059503666,s51.944673953
027_2,s0.617019336,s-3.801608247,s349.982558023
027_3,s2.189336459,s0.741558988,s70.526662134
027_4,s-3.440280214,s-0.690474767,s207.180163848
027_5,s3.553945910,s1.106254375,s65.256819049
027_6,s-1.658412547,s2.671875254,s278.492378599
027_7,s-3.467047648,s-2.879549761,s242.793560545
027_8,s3.719785503,s3.266119151,s205.295675956
027_9,s0.204426600,s3.173897442,s61.299405496
027_10,s1.066458532,s-1.781357350,s59.761556570
027_11,s3.534934762,s-0.051401717,s342.674344838
027_12,s-3.343672113,s1.828273124,s20.976773959
027_13,s-1.722181742,s-2.261301760,s137.499101861
027_14,s3.617056085,s1.856294490,s153.949651606
027_15,s-1.071895009,s1.504654446,s88.109013256
027_16,s1.269331235,s2.771637260,s331.552524344
027_17,s1.484595420,s1.831250821,s174.721650117
027_18,s0.378128468,s3.019522189,s25.536768399
027_19,s-0.586032921,s-1.200423026,s55.846348234
027_20,s-0.115282448,s0.020688881,s119.947680401
027_21,s1.502031993,s1.118823024,s31.899374236
027_22,s-1.895468431,s-0.625209681,s186.800262325
027_23,s0.776760646,s0.042504520,s61.961530068
027_24,s-0.706244169,s3.411241832,s41.370249425
027_25,s-3.323946043,s3.318777931,s112.766590419
027_26,s-0.434745541,s3.338799064,s273.176897685
028_0,s-3.146003633,s-3.113436193,s143.720929701
028_1,s2.534555893,s0.706474429,s301.084223246
028_2,s0.271816134,s-2.496445774,s248.029259242
028_3,s2.955802544,s-2.281253558,s157.184897652
028_4,s3.540979924,s1.737212306,s2.542314526
028_5,s3.604525475,s-0.080758345,s45.494298896
028_6,s-1.777768444,s2.997566280,s334.114733090
028_7,s-0.156565942,s1.634349446,s167.839781526
028_8,s1.888206299,s1.755998544,s358.214585865
028_9,s-0.132839855,s3.208822000,s188.818090642
028_10,s-1.276848814,s-3.427701138,s114.073876252
028_11,s3.242454502,s2.128926377,s208.995737679
028_12,s-1.162621979,s3.260359661,s174.081278288
028_13,s-1.637564932,s2.319126713,s274.737816551
028_14,s3.002836772,s-0.060587390,s351.812085869
028_15,s0.141358632,s0.611907599,s85.460787795
028_16,s0.804191874,s0.350731298,s228.027787457
028_17,s-3.174277339,s1.647058379,s21.279924243
028_18,s-2.742725570,s-1.865404874,s252.814034422
028_19,s-1.498841220,s1.761484349,s151.722968694
028_20,s-3.177947931,s0.794458642,s117.018565060
028_21,s-0.297281041,s2.437953931,s79.300373175
028_22,s-0.794499559,s0.275933317,s111.785530895
028_23,s2.916274617,s3.143028085,s320.278035186
028_24,s-1.384654050,s-2.270204429,s272.285401651
028_25,s1.263830273,s3.371971343,s166.739403875
028_26,s-2.869326574,s3.352748446,s210.634376449
028_27,s2.423715696,s2.124600665,s21.030479255
029_0,s-3.308765354,s-2.881695282,s111.706699470
029_1,s3.265895501,s-3.019803000,s280.680277940
029_2,s3.281432549,s-1.099938249,s116.251032780
029_3,s-0.377430705,s-0.953765663,s46.267914725
029_4,s0.980950648,s-2.027106810,s237.711429376
029_5,s-1.660875513,s-1.864613250,s357.156869120
029_6,s-1.417303456,s2.704718779,s99.552413054
029_7,s-3.560120400,s-0.852709275,s204.961840886
029_8,s3.515493723,s-0.311032996,s149.449468745
029_9,s0.224565931,s2.144181874,s55.205794889
029_10,s2.385552902,s-3.555846747,s104.989772466
029_11,s2.237035472,s3.274958768,s84.153895574
029_12,s-1.896622633,s-2.856137540,s286.461465940
029_13,s-0.073163627,s0.852528306,s2.312472841
029_14,s-0.157265456,s-2.518802592,s149.704698358
029_15,s-3.620178866,s1.128618003,s258.276243118
029_16,s-0.066107356,s-3.695785227,s275.192174227
029_17,s-2.345362480,s0.331136082,s266.419555628
029_18,s-3.018365665,s1.837956272,s247.497763730
029_19,s1.149803766,s2.988064544,s202.421756487
029_20,s0.366163803,s3.291651462,s283.785620305
029_21,s2.864224100,s0.733905369,s286.617129387
029_22,s1.957262606,s0.158762245,s122.672486267
029_23,s2.662071098,s2.347253887,s299.159955080
029_24,s-3.361027576,s3.350058304,s287.205886734
029_25,s-2.538634281,s-2.871517224,s231.727065029
029_26,s-0.950580595,s3.350058304,s330.211304448
029_27,s0.624535702,s0.103280316,s30.733728475
029_28,s1.639039458,s0.843099286,s168.028432151
030_0,s-3.238039901,s-0.538830809,s126.451534406
030_1,s-3.183075573,s-2.557249438,s86.700800985
030_2,s1.328256700,s-2.146481869,s136.739570316
030_3,s3.522718911,s-3.628783296,s233.359332673
030_4,s-2.153149347,s-1.355131106,s38.999570464
030_5,s-1.618170040,s0.446456093,s60.708176503
030_6,s-2.827767569,s-1.799507593,s224.363739170
030_7,s-1.177441058,s1.191552751,s95.245581741
030_8,s0.173756297,s-2.296486547,s144.581061431
030_9,s0.377893248,s0.678467042,s165.822574883
030_10,s2.821270786,s3.486401507,s232.895047720
030_11,s3.618434295,s3.379742322,s220.055526382
030_12,s-2.266875829,s-0.430716853,s290.204683757
030_13,s-1.851761326,s3.566213502,s175.109067911
030_14,s-0.637629951,s3.525768916,s43.484336844
030_15,s-0.677116345,s2.095301205,s132.488593266
030_16,s0.465880285,s1.935114956,s61.620827177
030_17,s3.552749805,s-2.164556371,s233.310565544
030_18,s-3.496871144,s0.323689053,s60.660789787
030_19,s-1.175897405,s3.248984037,s23.720075009
030_20,s1.983148154,s-0.106863701,s97.629727473
030_21,s2.719132944,s-0.906234574,s306.136878654
030_22,s2.871870802,s1.402941167,s318.526091191
030_23,s1.874161314,s3.026872303,s209.054805446
030_24,s-3.119980876,s3.530633871,s191.883501307
030_25,s-3.500842671,s2.078398933,s350.719385420
030_26,s1.953999828,s2.257793970,s45.579967749
030_27,s0.935392702,s0.020819722,s89.023851723
030_28,s-2.812551017,s2.512176264,s47.250761418
030_29,s-0.758500271,s2.826158945,s225.011971183
031_0,s1.801067970,s1.584846381,s111.965514220
031_1,s-2.610116732,s0.589502929,s46.287983246
031_2,s-3.922206858,s-0.536957823,s185.023714993
031_3,s-0.601462759,s-3.854942085,s40.240525008
031_4,s1.705752567,s-1.637657496,s153.512345969
031_5,s3.583067760,s0.001521857,s181.779833744
031_6,s-2.836929357,s2.233839451,s227.990887362
031_7,s-0.710600920,s-0.862133421,s133.926200382
031_8,s1.044670116,s2.978189160,s162.562267458
031_9,s2.928708440,s-1.078725037,s32.230207011
031_10,s-0.071562672,s2.145230614,s108.677069163
031_11,s-2.373954390,s-3.415138453,s243.217841346
031_12,s-0.637385380,s3.353373081,s296.922864256
031_13,s-3.629836164,s1.834271148,s183.684857133
031_14,s-3.068885240,s-1.083569116,s138.879647371
031_15,s-2.050479400,s1.812855408,s185.044655759
031_16,s0.900929116,s3.727052038,s111.750137222
031_17,s3.344674278,s3.735393655,s279.045172473
031_18,s-3.939788918,s-1.878257806,s307.939276073
031_19,s-3.807143889,s3.616484362,s56.247963985
031_20,s2.580095946,s2.885323258,s357.130730326
031_21,s0.389086910,s0.555253340,s307.459729667
031_22,s3.695268561,s1.104241558,s33.269609161
031_23,s3.710685512,s2.388136685,s287.819959868
031_24,s-1.142603398,s1.519649513,s318.593063470
031_25,s-3.144098912,s3.472741259,s313.143555336
031_26,s-1.660765257,s2.525932539,s184.283279614
031_27,s0.624750271,s-1.944259461,s355.518072980
031_28,s2.475623299,s3.709219545,s88.944053960
031_29,s0.829013760,s2.234659081,s150.532076563
031_30,s-1.421635877,s2.754338998,s74.483129729
032_0,s-3.320201451,s1.544073629,s335.092887809
032_1,s0.864299537,s1.430906164,s16.655154602
032_2,s-1.303815057,s-2.821915684,s316.011784661
032_3,s-2.712888159,s-2.428250836,s31.006104305
032_4,s2.328510509,s-0.030142784,s343.119745119
032_5,s-0.588634417,s-1.344185798,s82.452150215
032_6,s-0.521815783,s2.947544116,s199.999257227
032_7,s-3.418254962,s-0.417441257,s323.612639993
032_8,s-3.234039553,s2.308854728,s69.756917178
032_9,s-2.669170923,s-3.300281653,s200.833442603
032_10,s-3.372507825,s3.498318935,s313.398748773
032_11,s2.188228413,s-1.293879172,s281.858683390
032_12,s-1.711005691,s2.936443612,s117.733672989
032_13,s1.192585881,s-1.727825176,s283.764663220
032_14,s-3.612558022,s-1.202242009,s302.191798353
032_15,s-1.154658537,s2.290046959,s252.337803813
032_16,s3.290019564,s-0.097915230,s82.880412580
032_17,s2.890391567,s-1.919157697,s158.361023962
032_18,s-3.633381362,s1.072338551,s281.048686064
032_19,s1.086750311,s2.079402519,s193.355933908
032_20,s2.259907290,s3.151872080,s103.264800139
032_21,s-0.228187935,s-2.372553275,s16.873785727
032_22,s-2.056660955,s-1.148397127,s27.653021022
032_23,s3.290019564,s2.818200644,s299.743153745
032_24,s-1.520695255,s-2.273851865,s62.669862200
032_25,s-0.476947534,s0.151922568,s251.216300042
032_26,s2.755799575,s1.674599587,s234.141052385
032_27,s1.109186475,s0.919236574,s224.515768772
032_28,s0.989992654,s-3.224437532,s42.126119222
032_29,s-2.805890792,s-1.706649033,s207.932475845
032_30,s-1.117368906,s3.400703910,s190.243903748
032_31,s2.742064529,s3.448913317,s226.599112328
033_0,s-3.608598126,s-3.474825271,s161.059068048
033_1,s-3.496808201,s1.846083824,s252.312257001
033_2,s-2.815102271,s-0.366503211,s88.319019934
033_3,s-2.151931338,s-4.025567341,s21.213524809
033_4,s4.115217060,s2.154207961,s114.818400264
033_5,s1.951127780,s-2.529321336,s311.761805396
033_6,s2.808833621,s-2.388818235,s125.012041584
033_7,s-0.651218468,s0.025707094,s44.739941608
033_8,s1.745307747,s1.170373781,s17.519566548
033_9,s3.661125759,s-2.667159306,s57.057774016
033_10,s-0.820538216,s-0.639852747,s288.440034028
033_11,s1.145727573,s-0.692769458,s23.911722753
033_12,s2.197084620,s1.588769611,s130.159231295
033_13,s3.067991217,s2.015668342,s164.812256983
033_14,s-2.072779802,s1.944198517,s20.779984158
033_15,s-3.151302023,s0.301185631,s34.932743172
033_16,s-1.935837414,s0.856346670,s11.683375387
033_17,s2.727650248,s-0.187827279,s63.989355554
033_18,s-1.570511383,s-1.554029883,s247.906505568
033_19,s-0.200351428,s3.490187809,s339.424019705
033_20,s4.050966755,s0.789485782,s73.439904624
033_21,s3.726229904,s-0.922428454,s42.452622005
033_22,s-3.568063285,s2.727066857,s159.173536165
033_23,s-4.072659911,s3.455309310,s316.902315889
033_24,s-0.411035277,s-1.802640987,s283.749045125
033_25,s3.316510774,s3.430812128,s44.950027421
033_26,s-2.020386547,s2.352416292,s318.315083025
033_27,s0.152713324,s3.468513069,s182.133213435
033_28,s-2.435046723,s3.036402833,s6.894345379
033_29,s1.592860946,s2.995806114,s283.254784786
033_30,s-3.366825121,s-1.169760508,s337.309694184
033_31,s-2.626612581,s3.490187809,s169.605504086
033_32,s3.115791584,s-1.350492608,s236.131433627
034_0,s-2.072003002,s-3.383742797,s322.608919891
034_1,s0.454613941,s-0.786084232,s171.310605767
034_2,s3.963308634,s-2.700245640,s248.603885822
034_3,s0.898592803,s-2.920275621,s235.287798125
034_4,s-2.477051957,s-1.396196821,s90.080981000
034_5,s3.334054263,s1.655276394,s9.957708986
034_6,s2.499572023,s-3.272261616,s190.880316824
034_7,s-4.233396457,s0.233154224,s278.329152689
034_8,s2.352339707,s0.338582921,s270.601304032
034_9,s-2.540968827,s2.665222494,s167.786111436
034_10,s1.578843047,s2.839424410,s2.822775492
034_11,s-1.491141489,s1.493801086,s161.648627400
034_12,s3.356702258,s0.714966181,s247.861828021
034_13,s3.815651452,s-3.357055457,s182.005857534
034_14,s-2.970087685,s-0.482573256,s23.237135506
034_15,s-3.591496621,s-2.733340460,s197.107519983
034_16,s-3.912291507,s2.515584111,s95.816272050
034_17,s3.892563215,s-0.443728315,s342.235831626
034_18,s-1.264641714,s2.304016176,s140.602482434
034_19,s0.711846928,s3.341019791,s254.794757884
034_20,s0.051978509,s1.359730816,s98.241526120
034_21,s-2.371875099,s3.254026679,s130.518325653
034_22,s1.482344464,s0.022582276,s131.847404788
034_23,s-3.702973710,s-1.142015673,s354.255479218
034_24,s-3.836583120,s3.649958208,s296.942797015
034_25,s3.872258070,s0.628207900,s258.762363520
034_26,s-0.769808752,s3.499189759,s237.464246502
034_27,s3.854149632,s3.618820731,s312.235593231
034_28,s-4.252294887,s3.680980056,s213.781161093
034_29,s-1.232392016,s-1.476180738,s61.382325047
034_30,s-1.981291856,s0.375359171,s101.756055906
034_31,s0.628182736,s1.957808912,s105.849957155
034_32,s-1.971004183,s3.799455657,s64.408490564
034_33,s2.166820166,s0.919432100,s13.468671408
035_0,s-2.497992044,s-3.452748290,s89.611902593
035_1,s2.642751925,s3.797135414,s195.736483758
035_2,s-1.121089048,s-4.349704539,s357.960800752
035_3,s-3.162599896,s-1.690257784,s332.983532744
035_4,s-2.061074743,s-3.302914192,s236.203756528
035_5,s-1.657697459,s-2.181281816,s198.457354656
035_6,s4.010036862,s-2.028944799,s93.289713222
035_7,s-3.863911578,s-2.718038668,s164.437092270
035_8,s0.839769627,s-2.021791136,s181.125437827
035_9,s1.096697041,s0.225265256,s191.260977796
035_10,s0.204683517,s-0.697235486,s131.282001236
035_11,s0.209517934,s3.579667925,s123.365809134
035_12,s2.783313668,s0.388002075,s109.641625234
035_13,s3.207553062,s-0.378687152,s18.461672844
035_14,s-3.148126911,s0.231830880,s150.842878869
035_15,s-3.909417762,s0.111885318,s128.363246324
035_16,s2.351734578,s-2.350763891,s74.616238452
035_17,s-0.580423513,s-1.463765304,s119.287719596
035_18,s2.056728091,s-0.486596099,s134.881831055
035_19,s1.666641019,s-3.560220029,s164.995435452
035_20,s3.980391807,s2.033619591,s289.551128124
035_21,s-3.937085394,s2.495930554,s85.188646998
035_22,s-1.386975572,s0.534301911,s187.918450587
035_23,s1.641542319,s1.917948029,s221.984550509
035_24,s-0.858749404,s3.522143443,s95.494960590
035_25,s4.196345160,s0.879315203,s203.946673449
035_26,s-1.818730787,s3.703434513,s220.481451794
035_27,s2.865959185,s0.946543713,s30.611991353
035_28,s-2.584209447,s1.270746019,s202.658253496
035_29,s-1.277432479,s2.088237913,s147.743494031
035_30,s-3.322940610,s3.752977108,s357.551326218
035_31,s1.371426112,s1.697079823,s322.345919751
035_32,s3.862840386,s3.458670958,s94.867327385
035_33,s2.938697591,s2.727611492,s151.052642928
035_34,s-1.889304241,s3.191605474,s329.184280500
036_0,s-1.529653601,s-1.100201068,s288.660079455
036_1,s-3.240771076,s-0.860958304,s1.787762382
036_2,s-2.280470002,s0.670111273,s53.940191749
036_3,s-3.953456034,s2.316430920,s4.196837073
036_4,s2.863289924,s3.039074542,s71.076145609
036_5,s-2.043532138,s-2.132566995,s123.809648426
036_6,s1.744666785,s-0.662035628,s101.435784625
036_7,s-3.348770068,s1.015804006,s7.731556809
036_8,s1.677106394,s-2.152443008,s43.694281506
036_9,s2.887652577,s-2.285112496,s199.787436228
036_10,s0.551761177,s-2.316646711,s284.537116638
036_11,s-1.170921298,s-3.225468748,s290.289120115
036_12,s0.865397180,s1.022407324,s326.566014902
036_13,s3.802049088,s-2.667947849,s175.583217954
036_14,s-3.620827221,s0.163098617,s189.790994821
036_15,s-2.431592904,s-3.869874539,s206.907282346
036_16,s-3.764199589,s-1.748861478,s293.145599192
036_17,s1.522881063,s2.537755163,s135.980559022
036_18,s3.911204166,s0.335415968,s249.894854343
036_19,s3.391392653,s1.284242155,s27.353562625
036_20,s-2.445816921,s1.807342908,s190.122623559
036_21,s-3.791466934,s3.242816690,s146.962122403
036_22,s-2.612688426,s2.766200698,s142.339291880
036_23,s-0.368645134,s3.693900521,s203.328329479
036_24,s0.590436126,s2.279788877,s179.820113228
036_25,s3.826471194,s-0.967722587,s265.124059051
036_26,s-1.706350224,s0.276951053,s352.029736114
036_27,s0.712517018,s-3.148592736,s253.203068515
036_28,s-3.298789726,s2.186875399,s237.988425757
036_29,s-3.865142701,s3.735894837,s85.301979368
036_30,s2.763471293,s0.088040226,s228.736967185
036_31,s-1.174832504,s3.874142603,s332.424912316
036_32,s0.498319126,s1.915501797,s204.479309760
036_33,s3.254139066,s3.816132831,s60.909242812
036_34,s3.824129295,s2.876185827,s332.452290977
036_35,s0.186591169,s-0.197861151,s312.783951046
037_0,s-3.983517667,s-2.816169109,s288.653726996
037_1,s2.404579079,s-2.510508625,s157.597441126
037_2,s-1.879900010,s1.971850065,s210.855201677
037_3,s2.602305159,s0.066456997,s297.767570435
037_4,s4.504474017,s-0.913932964,s40.122086440
037_5,s-1.791873050,s-4.403083477,s240.219320086
037_6,s-0.323776961,s-2.668934243,s317.180357240
037_7,s-1.516324502,s-1.190230006,s267.445830127
037_8,s0.765645237,s-1.108128164,s200.853467815
037_9,s0.941272487,s1.745700660,s194.129635664
037_10,s-1.003647944,s3.872522509,s74.170713548
037_11,s0.876715370,s1.305378736,s291.245429914
037_12,s2.254610267,s3.537104865,s65.656898089
037_13,s1.216953454,s-3.627401837,s35.813693088
037_14,s-0.692498081,s1.492296739,s33.098716538
037_15,s-4.139197691,s2.380142080,s69.522283833
037_16,s-4.063091721,s-0.762146168,s253.387767510
037_17,s0.264797943,s0.825834645,s184.255372438
037_18,s4.122099046,s0.507420046,s186.331170275
037_19,s3.219827393,s1.207994443,s241.094868151
037_20,s3.754557887,s-0.667152188,s107.138617459
037_21,s0.752881994,s3.558781518,s68.453757702
037_22,s-2.864795232,s2.271483404,s115.541185285
037_23,s2.345989815,s-1.156028551,s114.336227935
037_24,s-3.738537838,s0.446014423,s307.017945934
037_25,s-1.852392353,s0.168592895,s66.714554591
037_26,s2.411446094,s3.992855103,s105.698049174
037_27,s4.485260922,s-4.541740088,s329.719796155
037_28,s-2.221533501,s-3.730654050,s191.357524080
037_29,s-3.351754269,s4.004387259,s5.702292348
037_30,s-1.106723668,s3.154572088,s28.328497315
037_31,s-0.333748810,s2.076470153,s139.173696662
037_32,s4.439113135,s2.982260549,s52.529252853
037_33,s3.526963215,s3.844837559,s311.295613994
037_34,s1.670053300,s1.612177671,s66.010604040
037_35,s-4.026637900,s4.033353303,s124.803251128
037_36,s-3.390240287,s3.119267194,s159.903018594
038_0,s-1.539768749,s-0.321685577,s135.425951339
038_1,s-1.789361286,s-0.831998137,s55.954847913
038_2,s1.126701426,s-1.937137906,s328.236888666
038_3,s2.373695348,s-3.731118376,s151.196851734
038_4,s-0.035940409,s-2.639434141,s122.454510151
038_5,s-0.238220246,s1.572464628,s325.673383736
038_6,s3.258008378,s-2.893074739,s196.589858411
038_7,s-3.046136479,s1.932178538,s105.367113994
038_8,s-0.443888519,s-1.331345804,s260.098712118
038_9,s-3.779716608,s0.863769063,s230.922484113
038_10,s2.972823086,s1.885951670,s185.618203806
038_11,s3.349119036,s1.192110261,s130.382945289
038_12,s3.937199476,s3.714379202,s110.793077304
038_13,s3.890608243,s-4.131180129,s112.612611921
038_14,s-4.047738704,s-2.457199686,s103.371325841
038_15,s-3.471531786,s3.656812127,s98.103539826
038_16,s-4.127092431,s0.311026979,s141.323475921
038_17,s-0.193045028,s-2.956186127,s164.727323312
038_18,s3.781553224,s-1.483621926,s25.820092488
038_19,s0.849905900,s1.607711292,s131.590180265
038_20,s2.181067432,s-1.646168948,s87.353945922
038_21,s4.027497710,s2.600657875,s273.444964043
038_22,s-1.317906135,s3.765616884,s30.591052650
038_23,s-0.398571319,s2.420842980,s93.150263194
038_24,s1.449786420,s-1.032629156,s330.912401943
038_25,s-0.471201370,s3.233629583,s246.009304733
038_26,s3.244894213,s3.597881738,s137.743036781
038_27,s-1.513370847,s0.776415632,s131.002230097
038_28,s-1.890535871,s3.593376274,s121.030310713
038_29,s-0.587963700,s0.058627674,s343.554885376
038_30,s-4.004711338,s1.878173732,s54.801407006
038_31,s-2.166436381,s1.950307249,s121.763217443
038_32,s2.466520162,s3.570851499,s126.124374348
038_33,s2.825259471,s3.514735962,s201.926985591
038_34,s2.473595147,s0.284772401,s111.962355945
038_35,s-4.252061604,s2.982220030,s313.681943828
038_36,s1.636265324,s3.412121997,s166.041612672
038_37,s-3.104156598,s-0.349286916,s229.646743908
039_0,s-3.253428565,s-1.232640288,s49.357468590
039_1,s-3.800702811,s-2.125281165,s41.866997849
039_2,s-0.753433366,s0.373749387,s120.981960895
039_3,s1.178080353,s-3.178134137,s90.280678215
039_4,s-0.912242892,s-3.944779922,s312.327384680
039_5,s0.075283274,s1.046842476,s273.304127182
039_6,s1.938039829,s-3.707614043,s145.562173866
039_7,s0.364612230,s3.611587318,s340.869350843
039_8,s-1.884136069,s-0.268460166,s207.236765386
039_9,s-0.020280465,s-0.556997880,s237.474836592
039_10,s2.489536945,s3.197236204,s197.379170043
039_11,s3.458387443,s-0.017317195,s67.094747221
039_12,s2.079292918,s-0.232362678,s233.179660719
039_13,s-0.502890361,s1.002926309,s218.893421931
039_14,s-3.811208562,s0.317916678,s46.259567997
039_15,s-3.758638471,s3.041396737,s274.995092042
039_16,s-3.238559077,s2.090759059,s319.036495816
039_17,s-0.053447307,s-1.790879038,s187.546970560
039_18,s3.811192573,s-2.109206082,s220.875225055
039_19,s0.985773341,s1.088872567,s121.953782549
039_20,s-2.212436430,s-4.114101013,s345.834529514
039_21,s-3.252403916,s3.222187946,s311.700936700
039_22,s-2.918573035,s3.572466656,s110.062387142
039_23,s-2.990400813,s-3.277980022,s20.600160838
039_24,s-1.126667477,s1.375450078,s21.847286034
039_25,s-3.105085636,s-0.224946768,s13.176138184
039_26,s3.815363834,s1.665195687,s186.372081750
039_27,s-2.331675259,s2.511106740,s306.682025492
039_28,s-2.341661117,s1.214775941,s140.342793849
039_29,s1.165610009,s-0.307578399,s58.352301554
039_30,s2.696004725,s2.770601904,s79.755672312
039_31,s2.704093343,s-2.421837370,s356.205638990
039_32,s3.380602903,s3.545741395,s346.406379390
039_33,s3.104248273,s-3.557473726,s45.995919075
039_34,s4.041828757,s3.304198734,s352.962750848
039_35,s0.567419844,s2.401531571,s278.327185949
039_36,s-1.118663884,s3.613531004,s57.489972326
039_37,s2.423002735,s1.355333741,s151.350988402
039_38,s2.223723113,s2.144962104,s322.120741473
040_0,s-2.809352875,s-3.747871997,s229.912844354
040_1,s-4.183753174,s-3.687402948,s134.965984068
040_2,s3.298861879,s-3.386198748,s186.408616390
040_3,s1.701592843,s-0.878099129,s269.499206301
040_4,s0.061496781,s-3.117852888,s232.112712929
040_5,s0.206602509,s2.793971160,s338.595171876
040_6,s-1.299611941,s-2.516774488,s292.679595057
040_7,s-3.865685915,s1.122038355,s26.279689685
040_8,s-3.070865428,s0.183909710,s266.062160271
040_9,s-3.788212753,s-0.309514687,s329.288070718
040_10,s-2.047946083,s-0.320959947,s36.192711342
040_11,s-3.919948624,s-2.498023743,s262.749639234
040_12,s4.102132661,s-2.523510795,s132.698618735
040_13,s3.175846148,s-0.310331196,s355.077919058
040_14,s-3.849184786,s1.483168599,s56.407513695
040_15,s-0.942253374,s-1.903647463,s320.014161913
040_16,s-3.083898248,s-3.124483161,s166.190395662
040_17,s0.216831364,s0.402503762,s87.959809244
040_18,s0.723642323,s-1.262395368,s136.332908236
040_19,s-0.871356394,s-3.943698737,s105.916581299
040_20,s4.067005286,s0.910471072,s238.590161412
040_21,s-2.784967895,s1.744149538,s118.584834506
040_22,s-0.887713907,s3.042702708,s147.664842611
040_23,s-4.015033393,s1.967799447,s155.906595991
040_24,s-3.144619298,s-1.662207120,s162.340321799
040_25,s4.017418838,s3.447197899,s58.264574772
040_26,s2.413980561,s2.536610290,s91.883406184
040_27,s-1.330843681,s3.583365084,s71.247209390
040_28,s-2.332050152,s3.318903540,s237.452317524
040_29,s1.548708515,s3.171651285,s50.414092998
040_30,s0.996855272,s1.754570536,s180.465514781
040_31,s2.143635884,s1.950671434,s247.055981347
040_32,s0.448208880,s3.470065778,s95.917058080
040_33,s0.254491384,s-0.759742853,s207.941268214
040_34,s-0.957046805,s2.757894561,s31.261998809
040_35,s2.077405939,s1.137333479,s342.840629106
040_36,s-2.669105910,s2.532730607,s129.111901017
040_37,s3.548711875,s3.133425158,s104.006349040
040_38,s-2.828278985,s3.536629439,s21.633087873
040_39,s2.496030998,s0.693909914,s220.762727374
041_0,s-4.143200825,s-3.659165752,s204.186384588
041_1,s-0.407720302,s-3.995201304,s274.617433148
041_2,s-0.625713544,s-2.584178886,s81.048110312
041_3,s-1.661758584,s3.273201965,s217.917941019
041_4,s-1.189416348,s-1.670509197,s302.375527368
041_5,s2.766850700,s-4.093688017,s57.343905025
041_6,s3.757865615,s-3.707120661,s148.456940807
041_7,s-3.931813691,s0.889848417,s27.722660546
041_8,s-3.064666307,s-0.286288672,s334.088916229
041_9,s2.521852664,s-2.768014025,s131.973520598
041_10,s2.909838261,s0.540778158,s300.343472902
041_11,s0.529102678,s-3.852106061,s61.092774090
041_12,s1.126535572,s3.289983082,s199.895058116
041_13,s3.686458882,s0.009943213,s55.990229424
041_14,s-3.910163027,s-2.665546446,s11.853337029
041_15,s-3.567927900,s-4.078653188,s152.297474724
041_16,s-1.398742661,s3.987073295,s0.998987297
041_17,s-3.193896786,s3.987073295,s149.722160675
041_18,s0.255015656,s3.987073295,s118.239812661
041_19,s-1.101813014,s2.260977825,s139.071994483
041_20,s-1.877142246,s0.543445852,s202.771825996
041_21,s-3.217121427,s2.514618309,s49.792479410
041_22,s3.890006958,s3.382881915,s319.372816954
041_23,s0.264776072,s3.031469894,s83.045175777
041_24,s-2.351531496,s-2.465252590,s140.370420494
041_25,s2.716648145,s1.505141258,s200.811072517
041_26,s3.929065689,s2.288404160,s26.900958004
041_27,s3.669717890,s-2.124376218,s277.714685376
041_28,s-3.631286898,s1.534044616,s106.762302298
041_29,s0.364283430,s1.893636879,s83.392831009
041_30,s1.298512055,s-2.164921590,s21.652658789
041_31,s-4.076267162,s2.276076012,s245.402369231
041_32,s-4.021380203,s-0.562948604,s148.438536403
041_33,s2.112302297,s-0.345748617,s244.257024190
041_34,s-0.518580451,s1.532538888,s198.715705192
041_35,s1.536382665,s0.899793676,s149.838728985
041_36,s-2.236624539,s2.592313504,s176.943309706
041_37,s3.200357930,s3.839823320,s344.771989582
041_38,s-3.968607402,s3.902291150,s257.333834634
041_39,s-0.104810024,s-0.949494718,s92.299207803
041_40,s2.118061276,s2.391729700,s2.317361145
042_0,s-1.432298237,s-1.662383612,s63.024847864
042_1,s-3.190854228,s-2.455787228,s320.339990600
042_2,s0.229255046,s-1.692766058,s149.636091905
042_3,s-4.095327013,s-0.097504853,s209.444131733
042_4,s0.987703099,s1.805590151,s296.242710307
042_5,s4.060624931,s-2.341744044,s312.959844503
042_6,s3.653684094,s-3.494739534,s343.334093953
042_7,s-2.908345287,s-0.438154296,s229.980592059
042_8,s-3.094056499,s2.447226647,s257.177447601
042_9,s-4.004436980,s2.998507857,s263.770747758
042_10,s1.503028421,s-3.291182503,s118.341118599
042_11,s2.449408665,s-0.682073366,s57.549456297
042_12,s-2.702227259,s-2.998126914,s144.079634106
042_13,s1.393487384,s2.616673736,s73.501830965
042_14,s-4.032942655,s2.374952445,s326.472867590
042_15,s-0.363901412,s-0.604029846,s243.962286860
042_16,s-2.627399812,s1.962222635,s312.578139731
042_17,s3.546301924,s-1.297135348,s302.675519962
042_18,s-3.496095768,s-1.972063218,s210.194638684
042_19,s-0.646332237,s0.274234468,s325.758699801
042_20,s3.940325853,s-0.130947206,s99.142774284
042_21,s-2.133170090,s2.443567558,s153.203225229
042_22,s-0.264155410,s2.165316082,s109.187135081
042_23,s-3.216432735,s-3.870763407,s264.206052266
042_24,s-0.631307989,s-1.876868798,s7.539598356
042_25,s1.588901564,s0.595121064,s103.309898921
042_26,s2.645702870,s3.630086167,s104.926215159
042_27,s3.067904691,s2.878376486,s31.869753924
042_28,s-0.009955583,s0.220286325,s87.108496505
042_29,s-0.242526673,s3.694202641,s168.310111322
042_30,s1.100049728,s3.518643709,s331.094081495
042_31,s-3.966365836,s3.661042167,s58.174204818
042_32,s3.047061706,s-2.551256183,s35.035273996
042_33,s-1.913728101,s-0.638474487,s236.702650268
042_34,s3.027363073,s0.886119648,s310.786176694
042_35,s-2.248717358,s2.732877198,s313.519489922
042_36,s-0.835052350,s1.773513645,s316.833944778
042_37,s1.455342340,s-0.309164228,s129.756932279
042_38,s2.040781450,s0.960514492,s260.346911844
042_39,s-1.135502298,s3.817174738,s224.747695805
042_40,s4.143795734,s3.177848644,s128.424000714
042_41,s4.085701540,s3.797391768,s106.482497017
043_0,s-3.108286854,s-1.806562475,s296.966082013
043_1,s-3.824542730,s-4.141914720,s264.939102248
043_2,s0.905316847,s-3.486977336,s275.795136628
043_3,s1.843291522,s-3.572525164,s229.108288418
043_4,s3.711842084,s-0.574582859,s334.806824457
043_5,s-3.952878805,s-0.578756399,s32.378601107
043_6,s3.845209084,s-1.658945556,s260.391399314
043_7,s-1.993083708,s0.411202671,s131.721988266
043_8,s-0.372275549,s-2.622294244,s254.357514899
043_9,s-4.036150983,s-3.468377532,s48.356483412
043_10,s1.533842824,s-0.557869322,s5.511140149
043_11,s-3.151118664,s-2.844228401,s128.435250118
043_12,s-1.030819071,s1.998927868,s299.759988308
043_13,s1.182503782,s0.615536859,s43.754053063
043_14,s-3.302957957,s3.061715244,s348.921730299
043_15,s-1.186679811,s2.972866643,s280.110428375
043_16,s-0.823983225,s1.092647065,s124.798772568
043_17,s-2.663843091,s-4.027157387,s110.725122929
043_18,s3.476360712,s0.958144599,s301.605229452
043_19,s2.872520436,s3.323089192,s51.714975772
043_20,s3.066477262,s-0.172678857,s294.425339066
043_21,s-3.273978203,s2.436596702,s65.634300350
043_22,s0.544045659,s-2.580766596,s282.504478866
043_23,s2.336125915,s3.840647934,s305.783432668
043_24,s-1.405034684,s3.259012851,s255.063321003
043_25,s-4.053368382,s2.019544281,s250.107033774
043_26,s2.863671568,s0.801328784,s261.559745706
043_27,s2.681077329,s1.616298323,s247.051971113
043_28,s-0.450154926,s2.302482573,s82.989872457
043_29,s3.460808424,s2.013219314,s335.460224605
043_30,s1.394202251,s1.390774828,s178.009656418
043_31,s-4.047084307,s2.958998355,s331.693895061
043_32,s0.326600210,s3.598630322,s102.709801384
043_33,s3.246304049,s-3.144009679,s177.880146712
043_34,s-3.910989838,s-2.127468225,s349.920972736
043_35,s-2.127096207,s1.473484417,s52.878609391
043_36,s-2.293242955,s3.840647934,s116.953035317
043_37,s1.840627702,s3.585341897,s144.259858003
043_38,s2.699537739,s-0.733708049,s15.098224739
043_39,s0.564984859,s-0.952694508,s22.486120375
043_40,s1.515002130,s2.919125685,s287.240950802
043_41,s3.683933433,s3.788650972,s331.327206034
043_42,s-2.988399108,s1.014825399,s234.702346593
044_0,s-3.150232690,s-1.813442213,s351.658317716
044_1,s-3.131562638,s-4.223024237,s163.012240454
044_2,s-2.467259377,s-0.825753045,s205.916120918
044_3,s-0.645539947,s0.669543793,s137.135469322
044_4,s-1.562790729,s-1.415551200,s171.028198750
044_5,s-0.347682764,s-3.943275733,s231.315999511
044_6,s2.799316580,s-2.058423757,s154.166544780
044_7,s-0.829814994,s3.238628779,s226.385002972
044_8,s0.711789362,s-2.283521651,s35.721781626
044_9,s2.174133272,s1.793906582,s176.005813594
044_10,s4.100037617,s2.688197633,s1.385974110
044_11,s-1.847009839,s3.279493941,s279.732713743
044_12,s-0.513101410,s-0.260100450,s339.665761739
044_13,s4.349290786,s-3.689023083,s191.573509219
044_14,s1.729478454,s-1.518105940,s317.653559719
044_15,s-0.500745438,s-2.362995738,s170.453522620
044_16,s-1.050798819,s1.274956395,s266.666341565
044_17,s-2.688900656,s4.188505437,s130.409867079
044_18,s-2.265620021,s1.830719515,s202.734321468
044_19,s-2.248634902,s2.817311350,s84.674283138
044_20,s2.511731054,s0.057527606,s279.713425250
044_21,s1.217861338,s1.007536560,s12.518643890
044_22,s-1.688716909,s-3.409044684,s346.065651648
044_23,s3.446255498,s0.736641700,s352.533512017
044_24,s-0.906636774,s3.934339464,s304.518871295
044_25,s3.132256017,s1.548089548,s346.964042042
044_26,s3.542161314,s1.989297252,s48.954340793
044_27,s0.894090454,s2.607126891,s51.190771335
044_28,s-4.127932311,s-1.311914966,s205.742412143
044_29,s-3.973503879,s4.219258837,s16.038980978
044_30,s-3.471098583,s0.294141795,s4.490114326
044_31,s-1.715008285,s2.726441984,s0.669471199
044_32,s3.589744587,s3.831375100,s51.996445784
044_33,s4.282688711,s3.106317627,s72.522671320
044_34,s4.171703685,s0.312298420,s39.788633529
044_35,s-3.606678619,s3.199722833,s118.216885244
044_36,s-1.693606252,s4.280552151,s237.164009486
044_37,s0.073033050,s3.030856771,s84.267050113
044_38,s1.916121549,s3.846594466,s254.452188890
044_39,s4.257783178,s4.254891260,s215.981746290
044_40,s2.118519948,s3.309093260,s98.692678015
044_41,s4.308391357,s-0.112667348,s192.320781873
044_42,s-3.929205649,s1.474683428,s86.609252150
044_43,s-3.160555507,s1.260594395,s246.887706106
045_0,s-3.813567420,s0.132094791,s303.080596424
045_1,s-2.755329266,s-1.621711769,s72.742821214
045_2,s-4.370494442,s3.551707308,s132.125358967
045_3,s2.318943311,s-4.238524112,s205.592452448
045_4,s4.068845700,s-1.237250367,s236.832200824
045_5,s1.188840218,s-3.814909853,s203.135673033
045_6,s0.183823852,s-2.353327023,s160.475630356
045_7,s2.203203687,s-3.463021548,s12.281464473
045_8,s-0.851164604,s-0.634432972,s297.941682440
045_9,s-1.803206023,s0.759935392,s26.556291770
045_10,s-2.038569369,s-2.467362561,s322.999055394
045_11,s-0.406617518,s-1.645352721,s53.257492603
045_12,s2.719931540,s-1.604561242,s85.898845722
045_13,s-0.114037924,s-2.674587334,s103.741954773
045_14,s2.128925647,s0.372016932,s316.795617968
045_15,s4.238025418,s-3.804297345,s141.730167008
045_16,s-4.269822188,s-3.212203130,s64.708440414
045_17,s-3.081983690,s2.474736281,s200.163072155
045_18,s-0.375640581,s3.512363015,s329.677682751
045_19,s0.760554259,s3.198811340,s80.760403791
045_20,s-3.646178614,s3.410838025,s216.607222266
045_21,s2.404932480,s-0.246167586,s338.244166151
045_22,s4.349735120,s3.601184409,s340.993293867
045_23,s4.295556078,s1.953818909,s291.566334550
045_24,s-0.754880827,s2.658618485,s260.031151693
045_25,s-3.283493024,s-2.522463659,s5.207628100
045_26,s-1.980096960,s4.185745094,s170.199111076
045_27,s3.759618566,s0.775986686,s286.576511233
045_28,s3.312204913,s2.527227731,s332.037228077
045_29,s0.487317493,s0.745167230,s332.115985346
045_30,s3.107514668,s4.178061625,s12.185987902
045_31,s3.157450693,s-2.703301187,s237.300468617
045_32,s-4.346570259,s4.045982903,s119.977131635
045_33,s-3.181276479,s-0.292995408,s21.115635337
045_34,s-0.790429952,s4.163567937,s312.379408050
045_35,s3.803556990,s3.221592071,s44.357421572
045_36,s0.551409676,s-0.443202806,s88.807191404
045_37,s1.884788346,s4.162667694,s240.134820041
045_38,s-1.336478349,s1.416315668,s267.735702438
045_39,s1.342825396,s2.835974693,s319.017636098
045_40,s-3.595556089,s4.159506312,s58.269195104
045_41,s-3.801552295,s1.306485953,s26.010063944
045_42,s-1.429687046,s3.959433280,s143.778644059
045_43,s-4.207907457,s2.337027730,s137.407431076
045_44,s0.829834812,s-0.679779647,s29.272589068
046_0,s-4.183752549,s0.464854294,s140.435555665
046_1,s-3.840849261,s-0.188769513,s326.864267113
046_2,s-0.693847247,s-4.522718937,s57.886035322
046_3,s0.929569773,s-4.099732563,s329.802946736
046_4,s-3.088744294,s3.460222732,s240.079651194
046_5,s3.726740290,s2.060592816,s358.409789321
046_6,s1.434033035,s1.560094929,s140.316127958
046_7,s3.386482117,s-3.766884845,s66.413381186
046_8,s-3.459139710,s2.977991769,s96.172277241
046_9,s-3.161843275,s-2.082301140,s119.220883146
046_10,s-4.715148881,s-2.645276249,s284.706334411
046_11,s-3.524929530,s-4.256734175,s209.145481700
046_12,s-0.094619235,s-2.649107549,s354.029690164
046_13,s2.035170764,s-2.102311838,s41.476800816
046_14,s0.354285021,s0.160481837,s306.986611369
046_15,s4.668981322,s-3.586963864,s72.867264136
046_16,s1.034603522,s-1.255053966,s6.537487450
046_17,s-0.778479134,s1.945039800,s200.666325232
046_18,s-1.314610510,s2.227789773,s137.512375694
046_19,s4.585792693,s3.235966601,s24.155536086
046_20,s-1.134530287,s0.036034425,s249.529565125
046_21,s2.139642519,s3.446766199,s219.395539072
046_22,s4.301429762,s0.400703155,s75.021680638
046_23,s4.542721643,s-0.629964905,s83.800946533
046_24,s-3.990592628,s0.947814048,s244.532400539
046_25,s-2.646757367,s2.840718087,s89.152182520
046_26,s2.459997663,s3.664529214,s279.835414984
046_27,s-3.628594029,s2.296093866,s251.948221278
046_28,s0.213834822,s4.211354511,s77.516521928
046_29,s1.133754887,s0.301188050,s97.080358015
046_30,s3.069671025,s1.293667506,s322.553426004
046_31,s3.264057381,s3.593354550,s168.028350336
046_32,s-4.296140532,s4.565439385,s171.761282736
046_33,s-1.214580857,s3.097113922,s306.461328911
046_34,s-1.763734938,s-2.234160184,s204.265505487
046_35,s2.208656275,s4.614524707,s256.919221146
046_36,s-1.226759943,s-1.287080316,s301.551859255
046_37,s0.486585715,s3.415865948,s239.934882004
046_38,s3.532052992,s4.172908581,s298.217644629
046_39,s4.766052606,s1.545319890,s125.806518933
046_40,s-1.696040658,s0.110880723,s39.457566221
046_41,s-1.968682387,s4.122848578,s16.921771793
046_42,s-4.646430142,s3.182609024,s201.475638045
046_43,s-0.343597384,s4.377340819,s263.637990772
046_44,s4.475199503,s4.012911723,s50.601696816
046_45,s4.190102356,s2.765032136,s68.867761347
047_0,s-3.390856730,s-3.043934691,s189.736467983
047_1,s-3.184940729,s-2.728172547,s194.070385231
047_2,s-0.347389990,s4.247978587,s335.798567544
047_3,s-0.225874132,s-1.821151961,s329.928571294
047_4,s-0.357261056,s3.130253230,s135.224791720
047_5,s3.911533161,s1.238025127,s171.469291303
047_6,s3.240094014,s-2.792480325,s312.310820959
047_7,s4.151291327,s-4.813589122,s324.834304583
047_8,s-3.758623543,s-0.167716464,s21.017329415
047_9,s0.633799967,s2.634235596,s136.902025171
047_10,s-4.517136888,s-1.657200809,s324.525788413
047_11,s-0.573837456,s-4.300810647,s19.999876986
047_12,s2.560270992,s0.800962676,s319.695556289
047_13,s-1.955311603,s-2.803403735,s286.000337397
047_14,s3.751452596,s-0.293386232,s137.008485524
047_15,s3.869789884,s3.326910850,s204.199805245
047_16,s-4.602670639,s3.396378815,s264.191304583
047_17,s-4.621679152,s-0.543662282,s330.361125137
047_18,s-3.041857568,s-1.922195538,s297.515198601
047_19,s3.259428106,s3.248940888,s302.745208303
047_20,s0.155431856,s-2.536502509,s1.320530622
047_21,s-0.812631378,s4.117630081,s8.824367688
047_22,s4.676088663,s4.449319743,s44.462924880
047_23,s0.712313223,s-4.626083802,s94.042382028
047_24,s0.363727410,s1.823953725,s326.152042728
047_25,s-1.268888989,s3.419132968,s100.721249724
047_26,s2.881961461,s-0.946125600,s220.492557348
047_27,s-2.588588357,s4.255301525,s294.103545576
047_28,s-0.772181819,s-0.870594068,s223.967651651
047_29,s-0.946884552,s0.468806368,s270.088651087
047_30,s0.674040216,s3.933402112,s42.686500126
047_31,s-2.837537151,s2.834442982,s259.779819148
047_32,s2.003922080,s1.174219599,s300.713513308
047_33,s-2.730107698,s4.385944756,s110.391657951
047_34,s-3.795244319,s4.218706572,s358.187180374
047_35,s-1.384547807,s-0.083886296,s276.486452226
047_36,s0.766225767,s2.989282638,s220.312918287
047_37,s-2.687280300,s0.647727434,s270.627880683
047_38,s4.699915864,s2.310956377,s59.469305632
047_39,s1.689174031,s-1.151903605,s298.847027331
047_40,s-1.781586750,s2.003076766,s238.441511346
047_41,s-4.081019940,s0.027053230,s195.900057354
047_42,s1.632723645,s4.387669447,s215.078002966
047_43,s1.894307430,s1.739328621,s109.157062644
047_44,s0.729895541,s-3.104431028,s250.763241308
047_45,s2.171752258,s3.073092907,s319.061920672
047_46,s2.252227099,s4.372310678,s202.498938166
048_0,s-2.056615813,s-1.194392130,s298.291505090
048_1,s1.644947729,s-1.681163975,s87.626819844
048_2,s1.600067567,s0.519443259,s210.784419303
048_3,s3.062275973,s-2.416206687,s262.127317291
048_4,s1.069381697,s1.656826716,s216.816655704
048_5,s4.807696719,s4.415763440,s154.290586446
048_6,s-4.485712510,s-0.434474958,s354.804223041
048_7,s4.406258717,s-4.382496009,s62.828186275
048_8,s-4.100796166,s-3.891442938,s238.623588793
048_9,s-0.591560167,s-3.590325716,s61.645946935
048_10,s-2.397740423,s1.339076715,s27.015643131
048_11,s4.629058824,s-1.031185818,s74.991863708
048_12,s-0.866185065,s-4.890257201,s235.000444511
048_13,s1.160581991,s2.630546190,s181.617432241
048_14,s2.469564402,s-4.441850203,s141.457030776
048_15,s-0.919873051,s1.001653205,s209.468273566
048_16,s-1.998567163,s3.544888321,s178.654289939
048_17,s-4.062979161,s-4.500310996,s56.772007117
048_18,s4.315310863,s0.010325132,s107.602726796
048_19,s-0.120409184,s-1.566508205,s45.849324015
048_20,s-2.710654603,s-3.074217886,s127.116181702
048_21,s1.559641307,s-4.403397890,s327.750735220
048_22,s3.389572574,s-1.491063085,s183.878018913
048_23,s2.975068157,s4.112859500,s267.358286565
048_24,s-3.413366799,s1.483200579,s164.890493555
048_25,s-3.277282301,s3.408151045,s240.660874248
048_26,s-0.444462545,s1.840513411,s43.005583378
048_27,s-1.686743276,s2.023487635,s330.718073042
048_28,s-1.232072740,s4.085259832,s173.673949604
048_29,s3.157597384,s4.571827538,s94.035679490
048_30,s-1.588810915,s-0.403140434,s343.984425254
048_31,s4.603241780,s1.468731187,s359.814515396
048_32,s-0.356441881,s4.578265868,s344.484740836
048_33,s0.925976005,s2.385545879,s172.432691001
048_34,s3.660915122,s2.150926801,s231.950196723
048_35,s-3.000877471,s-0.095372956,s235.574931239
048_36,s4.193296537,s-1.986792600,s41.210730597
048_37,s4.588428035,s-3.302949045,s39.992951040
048_38,s0.879324688,s4.014262816,s75.433294842
048_39,s1.676269536,s4.507863751,s336.951469116
048_40,s-4.337450758,s2.530731102,s234.593371686
048_41,s-4.373960768,s4.561798553,s344.721931348
048_42,s-1.153728351,s3.114844768,s129.824138096
048_43,s-3.300321243,s3.904230323,s45.924779666
048_44,s-1.375476602,s0.430289552,s95.724440942
048_45,s-4.504700518,s1.762075377,s129.381789647
048_46,s4.162507517,s3.067926995,s336.491994975
048_47,s3.371990901,s1.430509932,s296.770855148
049_0,s-4.321395635,s-2.937749563,s248.614998774
049_1,s-3.075063465,s-1.224516601,s359.494550035
049_2,s0.098248893,s-3.400613614,s181.579451645
049_3,s-0.949287399,s1.260760050,s315.817927439
049_4,s-2.721610202,s-3.360719009,s11.717252445
049_5,s-1.771229944,s-2.280619013,s83.762262276
049_6,s2.002370721,s-2.775773514,s216.762823689
049_7,s3.504120511,s-2.135650964,s49.760984504
049_8,s-4.268893659,s-1.318985961,s198.706305181
049_9,s-3.452082686,s-0.269879255,s200.219272258
049_10,s1.475087429,s3.425648639,s91.723035711
049_11,s1.651268469,s-4.069990130,s63.891053969
049_12,s-3.319891297,s4.008270572,s175.238013232
049_13,s4.108120784,s-3.537412401,s52.238171057
049_14,s1.011755299,s-0.679112043,s196.200185855
049_15,s2.399910429,s1.586505882,s190.271179339
049_16,s-0.963567363,s-0.088443380,s92.336589994
049_17,s4.281729900,s2.271622985,s233.303438703
049_18,s-2.425415022,s3.620965159,s162.013262399
049_19,s-2.921188640,s-4.404044905,s287.500575937
049_20,s0.245736695,s-0.148119484,s137.301400914
049_21,s-0.135520701,s4.266026582,s286.750536279
049_22,s3.678165265,s4.163725438,s251.056029851
049_23,s-3.709217586,s-2.221120268,s136.417403175
049_24,s-2.459170382,s2.337615910,s19.680498364
049_25,s-2.162378816,s1.164907001,s66.588699980
049_26,s-3.389627006,s2.218270860,s245.820741846
049_27,s-3.513762031,s1.316417664,s280.921762945
049_28,s-4.203794849,s4.307203623,s146.323476018
049_29,s3.210908647,s4.262664692,s53.560395567
049_30,s-0.206953902,s3.209708946,s314.800226220
049_31,s4.360411572,s-4.065266259,s104.548953855
049_32,s-1.852265988,s4.181311872,s116.404923988
049_33,s-3.964500730,s2.282410775,s114.980831518
049_34,s-4.082624622,s0.079574969,s154.900166566
049_35,s-3.544989753,s2.710100058,s235.534789869
049_36,s2.359697599,s-0.426136579,s185.445872377
049_37,s-0.256274616,s-1.405790632,s169.314630128
049_38,s4.336507461,s2.981524101,s312.144787069
049_39,s2.797916255,s-3.845403676,s248.929000342
049_40,s2.104541473,s2.156998762,s111.639086978
049_41,s-0.795281637,s3.842688220,s211.779351120
049_42,s2.772632169,s1.410583304,s142.003920041
049_43,s-0.947905622,s2.480013853,s331.652827502
049_44,s3.879829507,s4.307203623,s251.887125134
049_45,s4.377368438,s0.264671956,s109.413313749
049_46,s4.029740555,s-1.092531734,s348.457309709
049_47,s1.037852874,s1.132339769,s198.072280471
049_48,s-4.286088366,s3.522044693,s53.559624465
050_0,s-0.440264143,s-3.412783323,s167.721929461
050_1,s-3.098196681,s-3.806819736,s42.631532802
050_2,s-1.346290014,s-2.050330499,s245.379873951
050_3,s-2.038618706,s-0.898922440,s172.845749294
050_4,s3.107770968,s-1.505972031,s286.000697491
050_5,s1.556614194,s-2.500348505,s125.242208922
050_6,s3.067275064,s-2.123433321,s325.204632364
050_7,s1.871632988,s-1.426454017,s341.848129901
050_8,s0.679299307,s1.825818719,s5.027923092
050_9,s2.464562574,s-4.518929638,s194.440702971
050_10,s-4.432275179,s-1.515987862,s54.343821614
050_11,s-1.178085574,s2.103105947,s167.081699165
050_12,s0.818104955,s-0.128701193,s270.099608860
050_13,s0.862125612,s-3.647879139,s300.998190294
050_14,s4.594852072,s-4.481447617,s217.539518580
050_15,s4.488262134,s1.454730548,s96.179324478
050_16,s-2.680438389,s1.165404888,s210.715364212
050_17,s-3.562770445,s1.139627463,s201.896727618
050_18,s-0.659943893,s2.474650975,s331.807408720
050_19,s-2.379688384,s3.327041690,s199.432007390
050_20,s-0.479954834,s4.443312113,s221.736715108
050_21,s-1.645567532,s4.574344729,s286.238993494
050_22,s3.390737056,s-3.079429574,s292.852638418
050_23,s4.031831930,s4.511771711,s151.011596785
050_24,s-3.335533217,s-0.856803128,s220.646821440
050_25,s-2.636272047,s-0.165817446,s215.894666444
050_26,s-3.644277479,s2.440476114,s251.696352728
050_27,s4.171198052,s-0.045024256,s37.624684553
050_28,s-0.839257212,s0.167290960,s48.845403962
050_29,s1.870231965,s-0.256644250,s51.329701859
050_30,s1.218897236,s0.804313869,s295.123398534
050_31,s4.418781774,s3.813254867,s205.421144872
050_32,s-4.454158370,s1.016155550,s336.326252562
050_33,s-3.749614563,s4.386915318,s64.487590571
050_34,s-2.235508238,s-4.600550151,s295.322628090
050_35,s-0.353966579,s1.670385426,s230.786133589
050_36,s0.361130438,s-0.328546326,s356.817415623
050_37,s2.857882908,s0.947047759,s49.978743749
050_38,s1.750841730,s4.564556788,s223.318244875
050_39,s1.657140536,s2.953539668,s155.431992616
050_40,s4.394948159,s1.856025621,s221.160598257
050_41,s-2.130875330,s4.388645672,s301.089319982
050_42,s-3.096211091,s4.342742214,s82.184519878
050_43,s-1.204186183,s3.659412115,s276.268037908
050_44,s2.480221255,s3.720624529,s75.716603025
050_45,s1.068636139,s4.558454695,s336.780313065
050_46,s2.165100917,s1.019131373,s117.939453207
050_47,s3.729183004,s3.742022537,s104.523190636
050_48,s-4.457344963,s2.605791326,s12.039813743
050_49,s-3.981776197,s1.540626668,s179.207742050
051_0,s-4.501605144,s-2.308963394,s24.350129294
051_1,s-2.605218426,s-4.259764770,s211.394467132
051_2,s-2.776399588,s2.304711291,s82.452158984
051_3,s2.648220860,s-4.487292191,s217.455189965
051_4,s-2.825557125,s-1.311438883,s26.194013108
051_5,s0.733697201,s-0.232628257,s83.576370355
051_6,s3.324185190,s-4.263524317,s151.692527518
051_7,s4.486667669,s-0.920885362,s268.271582217
051_8,s-4.487227825,s0.805515960,s87.245754260
051_9,s0.263788441,s-4.273340587,s45.489633714
051_10,s-0.667145776,s-2.355393248,s300.342400767
051_11,s1.143794165,s-2.170551724,s98.744782281
051_12,s1.907899251,s-1.175346699,s27.340145834
051_13,s3.083443506,s1.671775572,s237.921134775
051_14,s3.468168982,s0.294288292,s70.865912969
051_15,s-0.032052485,s-0.591137309,s325.784705053
051_16,s-2.993540445,s4.633773322,s307.642145241
051_17,s-4.147352086,s-0.690090864,s144.257869429
051_18,s-2.693644783,s3.265677387,s347.395494934
051_19,s-3.674621159,s-1.414238544,s58.889548790
051_20,s-2.423946425,s0.181142333,s175.875998437
051_21,s3.704505533,s2.284680049,s16.706318322
051_22,s4.273995953,s-0.219865693,s210.466199805
051_23,s-0.884652889,s0.214216007,s155.423472138
051_24,s-0.887873772,s1.174170595,s95.347633020
051_25,s-3.647767289,s2.687790874,s30.963780544
051_26,s-4.347944737,s1.567471469,s192.230782058
051_27,s-0.056577059,s0.521116650,s67.922988093
051_28,s0.228296607,s2.680067247,s250.152520897
051_29,s-1.904770999,s1.293771904,s307.493750158
051_30,s3.613394265,s-3.518869549,s41.584811996
051_31,s3.592664047,s1.180055977,s359.310215024
051_32,s0.320065969,s-2.202855264,s217.489283561
051_33,s1.201134616,s2.904701681,s234.133697814
051_34,s1.397004556,s4.519011289,s201.053929147
051_35,s1.120756989,s4.449499527,s217.204429640
051_36,s2.065808911,s1.028055477,s107.503195986
051_37,s0.838496563,s1.780222305,s144.587041315
051_38,s2.020329072,s2.917520131,s317.094749525
051_39,s4.061778445,s3.149168300,s195.198980490
051_40,s-1.377872935,s3.263740562,s150.684361899
051_41,s-2.574785563,s4.306792087,s346.680443352
051_42,s-2.050415677,s-0.421745074,s1.203791411
051_43,s1.367584233,s3.698836619,s301.209368871
051_44,s3.384301883,s4.319988777,s240.978009816
051_45,s2.109025090,s4.581425876,s229.574389597
051_46,s4.440328689,s3.947931878,s117.338004433
051_47,s3.645027234,s3.259894671,s118.393078427
051_48,s-1.079399965,s4.524324953,s59.620804351
051_49,s-2.000303380,s4.085008085,s52.274942382
051_50,s0.514362039,s4.467064320,s64.742857265
052_0,s-2.157072402,s2.278334082,s358.286594258
052_1,s-2.144759849,s-3.740192282,s326.681305269
052_2,s-2.361139148,s-2.657318122,s160.412608583
052_3,s0.384970727,s-3.326551936,s263.905319064
052_4,s-1.438844254,s1.104101823,s115.795718367
052_5,s2.313844656,s-4.125624327,s87.842323682
052_6,s3.890741581,s-3.099609578,s67.669868107
052_7,s1.599723100,s-4.000683731,s174.962200408
052_8,s-4.386090194,s-4.758498372,s94.018550038
052_9,s-3.615409683,s-2.217154714,s310.941585334
052_10,s-2.265866331,s2.616539008,s184.170207749
052_11,s0.555530202,s2.808717377,s46.593721188
052_12,s-4.588883091,s4.608347502,s233.973621908
052_13,s-0.249386802,s1.186496006,s52.801303607
052_14,s2.550879700,s1.631612659,s139.527376355
052_15,s4.494616858,s3.467847667,s233.043774551
052_16,s-4.821373506,s1.207864724,s41.365982380
052_17,s0.297380313,s4.137198785,s33.356059430
052_18,s-0.874634598,s4.416722935,s198.728289384
052_19,s0.536689816,s1.786301339,s287.315645559
052_20,s2.285809765,s-0.437468332,s283.533596788
052_21,s3.947260629,s-1.609324746,s63.927835288
052_22,s-2.585601612,s-0.447866492,s268.796012546
052_23,s4.857355257,s2.631636742,s3.375668768
052_24,s-3.831749728,s3.403684685,s88.087978860
052_25,s-4.891461522,s0.173403255,s188.487204577
052_26,s-0.335178800,s4.810939379,s309.251057836
052_27,s3.551373353,s3.892746071,s247.420959565
052_28,s2.920035637,s-1.506105348,s247.427008171
052_29,s0.040555486,s-0.022470246,s143.356501665
052_30,s4.296049914,s-1.239896916,s322.460210119
052_31,s4.645919939,s-0.075903525,s241.664488924
052_32,s-4.950085548,s4.820405064,s192.788243160
052_33,s-0.721317990,s-4.732109861,s157.437254365
052_34,s-2.579259857,s4.723422259,s20.881534279
052_35,s3.860856781,s4.245175287,s226.758043755
052_36,s0.528714764,s0.982642749,s52.593136536
052_37,s1.353661869,s4.770905984,s143.815315263
052_38,s4.840233670,s4.582277650,s158.969999946
052_39,s3.780303930,s0.719093362,s210.452923223
052_40,s-4.016240563,s-0.491303916,s167.595298561
052_41,s-3.706980258,s4.835573729,s320.652389131
052_42,s-2.864548072,s3.550229256,s249.965922897
052_43,s2.054459542,s4.680805323,s348.424945162
052_44,s2.734450105,s2.773939588,s305.073300043
052_45,s1.908356308,s4.774664687,s94.927614525
052_46,s3.325456340,s4.849510564,s266.789657536
052_47,s1.499468038,s3.103224560,s138.112160719
052_48,s-3.610254728,s1.231339782,s284.369186335
052_49,s-0.471358209,s2.303275914,s19.517585888
052_50,s-1.584979492,s4.849510564,s49.270524392
052_51,s3.446192449,s2.741089941,s43.397722753
053_0,s-4.480948998,s2.994894413,s228.513493098
053_1,s-3.518296287,s-4.624812444,s188.200303187
053_2,s0.906171132,s-1.351733128,s50.133399303
053_3,s-4.837199246,s-0.818917483,s190.793095733
053_4,s1.153569180,s-2.451438239,s321.518249804
053_5,s-4.692962649,s-3.353651659,s251.325572264
053_6,s2.535360577,s-0.330036751,s113.204193699
053_7,s4.375156007,s0.313484463,s191.590888581
053_8,s-0.116964062,s0.052114160,s322.850301149
053_9,s-0.499703661,s0.847971598,s50.691058680
053_10,s-3.574088200,s-2.482429149,s139.405387815
053_11,s4.482899047,s3.109193143,s246.210701214
053_12,s4.243965202,s4.705959144,s332.665649706
053_13,s0.711938207,s-0.169179119,s74.829203075
053_14,s-3.847414061,s-0.217993641,s331.068137194
053_15,s4.161415768,s-1.610391038,s20.459488217
053_16,s-3.846416399,s4.623795964,s197.837811966
053_17,s4.482899047,s-2.045133389,s21.991384154
053_18,s1.073382433,s3.852482005,s83.435417942
053_19,s-2.151823517,s-4.331134714,s323.485627433
053_20,s-3.055939536,s3.775725350,s27.661510881
053_21,s0.227088298,s-2.379455213,s133.435987668
053_22,s0.400745165,s-4.455835836,s259.888018772
053_23,s2.230724760,s2.389670077,s255.418210105
053_24,s-1.633295469,s3.374491632,s357.383025413
053_25,s0.378483455,s-3.649384450,s303.707064481
053_26,s-1.232045020,s1.590406683,s278.384978390
053_27,s-2.755022465,s-0.465556739,s109.595442258
053_28,s1.079624154,s4.618067840,s220.146675510
053_29,s4.222956113,s1.472356293,s54.862466776
053_30,s4.277591362,s-3.339097944,s190.323000584
053_31,s2.270054942,s1.559373552,s62.990143932
053_32,s-0.874129804,s1.294403636,s226.913440079
053_33,s-4.731383398,s3.930569750,s257.719254456
053_34,s-3.409074281,s-0.526581996,s50.092145248
053_35,s-3.493025952,s0.422183176,s247.805879133
053_36,s-3.167295308,s2.102467166,s141.975742122
053_37,s3.189445138,s0.472311835,s95.848703329
053_38,s-1.704539932,s-2.315489483,s29.049268462
053_39,s3.936764479,s2.444037805,s348.510194901
053_40,s-0.724552965,s2.918828147,s77.140073743
053_41,s-4.876803811,s1.753167250,s14.968840406
053_42,s0.304009477,s1.459555862,s10.805288972
053_43,s-0.347940276,s4.419423673,s92.954640798
053_44,s0.002515863,s1.932443996,s120.793967457
053_45,s1.846105214,s-0.212232133,s221.275987800
053_46,s1.909263177,s4.657800145,s55.699676278
053_47,s-0.063297380,s-1.691284449,s182.444726237
053_48,s-3.116300156,s4.578111106,s90.449865406
053_49,s3.370237832,s3.277701137,s323.540639441
053_50,s-4.797434298,s4.343208401,s216.433796077
053_51,s-0.923174294,s4.705959144,s250.025777419
053_52,s1.959392883,s3.628795022,s57.163558750
054_0,s-3.754042513,s-4.048023657,s11.103137317
054_1,s0.633717579,s-4.678261786,s200.947340304
054_2,s-4.696762715,s-3.664178784,s36.396735736
054_3,s2.782527430,s2.231192944,s22.498051967
054_4,s4.398847735,s-1.344328027,s188.678465777
054_5,s0.902553530,s-3.474125225,s339.427349231
054_6,s2.691388234,s-4.050929572,s210.293788421
054_7,s3.631223925,s-2.399268133,s217.427519637
054_8,s-4.333910096,s3.188979626,s144.694097123
054_9,s-2.732929955,s1.102069769,s257.055766400
054_10,s-4.392154072,s2.016152194,s40.605711544
054_11,s2.161284648,s3.460797334,s112.866647094
054_12,s1.878929376,s0.128246992,s296.488744202
054_13,s4.742974420,s-2.478938425,s100.997475838
054_14,s4.158338222,s-2.980706483,s48.661547018
054_15,s0.757651969,s3.506946825,s124.351227077
054_16,s-0.885664118,s4.387933889,s150.126266754
054_17,s2.217783365,s-1.583766125,s128.824450496
054_18,s-1.348535838,s4.664919742,s27.622955321
054_19,s0.980901125,s1.803365747,s160.834123069
054_20,s-1.452640228,s-4.250378319,s330.206698241
054_21,s-0.124140529,s-1.575475556,s7.002923665
054_22,s4.710379357,s1.390717275,s187.562736941
054_23,s4.795934585,s3.441040314,s282.010981229
054_24,s-3.768799071,s2.118923695,s165.573863050
054_25,s-2.244146788,s-3.401507964,s125.218621552
054_26,s-1.704773848,s3.090229958,s322.371320065
054_27,s-1.319085050,s-2.418490533,s164.142631428
054_28,s4.771692100,s-0.074399415,s282.629491388
054_29,s3.146127956,s-0.890966043,s277.096224886
054_30,s4.006614231,s1.218014220,s160.090154822
054_31,s2.845293841,s2.984789284,s270.619413884
054_32,s3.977253539,s2.069780476,s343.132651219
054_33,s1.214678912,s0.700598960,s203.756473096
054_34,s-0.129725169,s2.460052096,s129.283276222
054_35,s-3.160505498,s4.573100297,s79.041603989
054_36,s-1.351088418,s-0.418406986,s220.181304646
054_37,s0.338622781,s4.529189024,s95.355789096
054_38,s3.583369772,s0.325151755,s313.204183441
054_39,s4.511941548,s4.829152731,s318.184505428
054_40,s-4.870497371,s4.777002731,s62.239740901
054_41,s-3.047558611,s-0.439031331,s325.518680702
054_42,s-3.570145416,s2.940719976,s338.828199975
054_43,s-4.049901039,s1.492490181,s91.453605924
054_44,s-1.340917532,s-1.350956046,s23.774589025
054_45,s4.335979297,s4.000485854,s266.794308540
054_46,s4.700266551,s2.670942037,s323.676866228
054_47,s2.693796217,s4.788354513,s220.135640503
054_48,s-4.405327933,s4.654761834,s278.507601672
054_49,s-2.852994922,s3.662963294,s203.999790493
054_50,s-4.841930409,s-0.929510464,s236.196430069
054_51,s2.394025519,s2.991917803,s27.527877198
054_52,s0.329250043,s2.350473814,s215.676780943
054_53,s-2.169550265,s-0.020701627,s282.251846195
055_0,s-3.348873043,s-4.421852542,s198.716028435
055_1,s0.321975620,s-2.597473513,s319.000299346
055_2,s3.978561610,s-3.127938435,s222.197986166
055_3,s-0.303980622,s-3.952437069,s356.287238778
055_4,s0.874726611,s1.639087298,s226.220712707
055_5,s4.212264285,s-4.074300789,s286.968425831
055_6,s1.646959659,s-4.451166137,s358.982975965
055_7,s0.828095767,s-1.754961479,s234.461805458
055_8,s-3.980704456,s-0.602359764,s67.217509947
055_9,s-0.759949573,s-3.430436007,s298.376555540
055_10,s-0.729461208,s4.457988223,s324.188228956
055_11,s-0.290822221,s-1.051132290,s319.489878984
055_12,s4.558642492,s0.788133485,s186.241790347
055_13,s-0.719501589,s-0.402504720,s286.717460083
055_14,s3.274771901,s1.138597048,s145.988644516
055_15,s4.592856004,s-2.070191307,s144.388253397
055_16,s-4.230971648,s-3.127983926,s111.079620113
055_17,s-3.445156239,s-1.342262277,s246.454014930
055_18,s-1.705118953,s3.721706579,s344.519681590
055_19,s3.136435322,s3.808306822,s292.814578081
055_20,s-2.286792751,s-3.160702944,s69.877392626
055_21,s-0.947000374,s0.788811719,s264.890424485
055_22,s-1.274119929,s-3.944440010,s14.485664910
055_23,s3.801780177,s2.379915263,s187.251229587
055_24,s-3.309768940,s0.172483288,s1.642780995
055_25,s-4.256788843,s4.465180072,s333.247733465
055_26,s-3.659883906,s0.443513403,s198.403736852
055_27,s0.644118031,s3.560542757,s72.221255336
055_28,s2.434497394,s4.374785126,s62.057601042
055_29,s1.576546355,s-2.297205987,s290.710846778
055_30,s3.818602188,s0.251492894,s24.086988346
055_31,s3.167331043,s3.105057753,s1.300666796
055_32,s-3.836145467,s3.102046644,s350.536557013
055_33,s-2.288986976,s2.098153197,s288.301846239
055_34,s4.517178286,s3.273782907,s64.550417026
055_35,s-2.761908634,s1.896313397,s269.105717195
055_36,s1.337832982,s-0.285868704,s291.796019929
055_37,s-2.224129697,s4.469943796,s314.003444571
055_38,s-1.611710853,s1.380346034,s238.725263486
055_39,s4.456185807,s4.196268156,s22.720032387
055_40,s-1.411085380,s2.621882559,s162.933216655
055_41,s-3.459810622,s4.325561245,s77.215374891
055_42,s2.162789125,s2.881916263,s90.781495574
055_43,s-2.343499435,s3.962155183,s41.626845189
055_44,s1.927828475,s1.167380210,s257.673230938
055_45,s2.500461900,s0.245597620,s285.322855976
055_46,s0.961612464,s4.411725490,s222.064576210
055_47,s3.313775366,s4.459974776,s132.633580416
055_48,s-2.853912809,s-1.935879556,s75.822881113
055_49,s-1.896365750,s0.614276956,s11.097630618
055_50,s-4.258849040,s2.577633659,s27.491362743
055_51,s-0.302815503,s2.371561122,s287.585337295
055_52,s0.493770453,s4.456436094,s209.413950710
055_53,s2.931501930,s1.767723389,s41.816823427
055_54,s0.781079661,s2.327368548,s202.285092156
056_0,s2.982111447,s-2.016307862,s49.539838233
056_1,s-3.579170051,s-2.378991250,s255.339736260
056_2,s-3.822094526,s-4.294595204,s81.999965847
056_3,s-2.528220786,s-4.195544008,s126.428998442
056_4,s0.904430745,s0.453225180,s103.467999332
056_5,s-1.089935311,s-3.501380982,s306.096922222
056_6,s3.285997554,s0.278917023,s132.631546300
056_7,s4.235572880,s-2.661556476,s99.043336043
056_8,s-4.062072115,s-1.368253882,s111.182305421
056_9,s-1.571019096,s1.040869207,s324.209049367
056_10,s-4.991786863,s-1.796296207,s241.385111384
056_11,s0.740683984,s2.056680818,s151.737424262
056_12,s2.202144066,s-2.861401786,s259.063605051
056_13,s0.254262022,s-3.289675672,s7.772713178
056_14,s-1.250847732,s-0.057284697,s312.165758005
056_15,s4.438072695,s-1.086218877,s200.620824711
056_16,s-4.298754226,s0.335493988,s308.080409617
056_17,s-3.411899102,s1.220845410,s23.425097120
056_18,s1.433465201,s2.459070152,s105.103875056
056_19,s-2.151706883,s3.365043018,s338.152532456
056_20,s0.355134345,s3.761655376,s353.993393784
056_21,s0.692140797,s3.079655326,s268.458323477
056_22,s4.261291022,s0.817548918,s228.532729807
056_23,s-0.548933976,s2.851106795,s308.519632131
056_24,s-3.024494134,s1.764215736,s136.479455434
056_25,s-0.441159760,s0.878614891,s163.618696283
056_26,s-4.847859934,s0.197032778,s169.752288310
056_27,s-2.314892786,s0.652053023,s163.345211819
056_28,s1.816144624,s3.664705496,s112.896555938
056_29,s4.118566789,s3.916861574,s240.568045653
056_30,s-2.094012015,s-2.087108598,s341.139758742
056_31,s4.293451174,s0.254486167,s80.138949438
056_32,s0.455751402,s-1.009503239,s247.468884654
056_33,s-3.771376478,s2.518307500,s281.559164162
056_34,s-4.566264200,s2.667066350,s265.525112806
056_35,s2.939473372,s-1.279675504,s60.329660919
056_36,s4.143116499,s2.694711450,s319.860354115
056_37,s-3.251938347,s-2.029010661,s197.804400927
056_38,s1.158278615,s-0.531182989,s171.896387241
056_39,s2.114900270,s2.115386611,s280.216771353
056_40,s-3.163658691,s3.974067255,s92.523348634
056_41,s-1.481910879,s4.074719740,s276.945930083
056_42,s-4.930003529,s3.943760485,s205.747243178
056_43,s-5.118963341,s-1.889958990,s171.693949835
056_44,s2.839686142,s1.861575658,s177.197822479
056_45,s4.613508980,s4.266847289,s90.313666812
056_46,s3.678913544,s-4.324598054,s35.441771374
056_47,s4.673652110,s0.947764509,s278.290424314
056_48,s-4.987553338,s-3.677299695,s220.334583314
056_49,s-3.624631571,s2.754076924,s282.727546816
056_50,s-0.805349877,s4.232871405,s294.676567214
056_51,s0.657577317,s0.940230540,s172.104663222
056_52,s-3.892642023,s3.870628540,s359.560026750
056_53,s2.889852378,s4.213131876,s131.783965806
056_54,s-0.621383224,s3.115028967,s243.008665567
056_55,s3.579187176,s2.544589205,s283.118302324
057_0,s-4.131374780,s-1.153678277,s357.344680334
057_1,s-1.038110877,s-2.686656071,s112.061477097
057_2,s-4.233127775,s0.072892923,s56.525612484
057_3,s4.381657853,s-2.703224895,s20.087128154
057_4,s-0.249673442,s-3.363461659,s72.810704940
057_5,s2.100981107,s4.334251963,s60.914502948
057_6,s0.985156549,s-3.086387961,s130.750905680
057_7,s2.770014421,s-1.782099700,s52.505793440
057_8,s-2.610880003,s-3.473243754,s195.068787440
057_9,s1.081892112,s-1.770341127,s281.634471066
057_10,s2.645484429,s3.689671382,s239.141478819
057_11,s0.626890402,s1.930289694,s295.434681086
057_12,s0.667384533,s0.129255061,s58.230556494
057_13,s4.331295292,s0.362050417,s177.522144719
057_14,s3.757509171,s-3.485141843,s223.469272970
057_15,s3.615503035,s-1.408770369,s47.073599789
057_16,s-0.114502305,s0.821445479,s156.253402006
057_17,s-4.018054128,s3.658622907,s350.918265455
057_18,s-1.796595087,s-1.121481583,s47.489521425
057_19,s-0.606925991,s0.443532553,s205.569157185
057_20,s-3.775372650,s-4.035119311,s17.107764759
057_21,s-0.627516073,s-1.335729569,s336.575382948
057_22,s1.834297120,s-0.931105808,s0.039446621
057_23,s2.646223190,s0.242757933,s271.072828586
057_24,s-1.865264687,s-2.235215232,s152.619885144
057_25,s3.176994954,s4.324420757,s188.036165026
057_26,s-2.170006880,s1.778284552,s286.354057881
057_27,s-3.688784487,s0.813273988,s158.789458728
057_28,s0.679998335,s-4.250151982,s177.224714143
057_29,s-3.870793157,s1.193228535,s129.816269156
057_30,s4.405374563,s3.244562469,s218.230306168
057_31,s3.758834852,s0.945759343,s233.087411017
057_32,s-2.566403407,s3.979879510,s271.094664301
057_33,s-3.729889558,s4.364369829,s288.994017749
057_34,s-2.944186272,s-0.511062033,s53.651534199
057_35,s0.271734921,s3.006803138,s246.527534035
057_36,s0.500965597,s-2.197669613,s217.051036231
057_37,s-2.168600647,s2.819504526,s170.483160548
057_38,s1.467077468,s4.260261435,s9.533027032
057_39,s2.255287303,s0.685471406,s107.744936822
057_40,s-1.267490657,s3.213815083,s343.472524607
057_41,s-0.892259519,s3.835969493,s136.535238197
057_42,s-1.235314926,s0.777060354,s93.695851528
057_43,s3.368045466,s2.633726841,s334.326198798
057_44,s2.668649687,s4.045576440,s125.515031789
057_45,s2.171952293,s-0.201692435,s164.423785925
057_46,s4.109272341,s3.770188765,s112.375363770
057_47,s0.921700339,s4.171471283,s260.595613831
057_48,s-0.232011161,s1.761724156,s164.843808635
057_49,s-4.165534296,s2.297913465,s265.470749685
057_50,s-2.490047448,s1.142204603,s299.766583129
057_51,s0.348246820,s1.984413890,s239.223259113
057_52,s2.172813987,s1.645374398,s147.189598276
057_53,s2.752856261,s1.242143381,s24.775038783
057_54,s2.302121573,s1.935624308,s79.980912041
057_55,s4.456627655,s4.256994497,s36.990303159
057_56,s0.599244754,s4.359459302,s195.623006845
058_0,s-5.205766336,s-2.774010493,s288.720219982
058_1,s-1.882235846,s-2.420830584,s282.339265486
058_2,s-2.335984464,s-4.804503630,s149.756561223
058_3,s1.563392134,s1.798388442,s84.868197745
058_4,s-1.496864788,s-3.327067752,s257.572556318
058_5,s1.231997421,s4.129138789,s257.275908215
058_6,s-1.132477959,s0.687004138,s209.791148207
058_7,s2.365715282,s-3.491458512,s147.941713868
058_8,s-5.001156377,s0.964514689,s261.635288223
058_9,s0.489699920,s0.280651968,s218.084095418
058_10,s-0.386980906,s2.580197715,s47.557858778
058_11,s2.462122578,s1.883074252,s323.921498481
058_12,s3.924183134,s0.187649037,s274.977124858
058_13,s4.432632477,s-2.427972527,s102.634681735
058_14,s2.691969073,s-1.015026251,s57.580930453
058_15,s1.819139808,s-4.583893174,s324.636056071
058_16,s-0.553582218,s1.121512685,s355.744435631
058_17,s-4.075491842,s2.117609210,s352.214162215
058_18,s-3.536175907,s-1.917853421,s34.875783324
058_19,s3.902105972,s2.752928230,s233.375359702
058_20,s-5.100133595,s1.833463196,s295.012279974
058_21,s1.745312213,s-0.129366289,s133.124310067
058_22,s3.606829727,s-2.935710959,s264.041817548
058_23,s2.459050814,s2.386680232,s242.071025943
058_24,s-5.101737473,s2.339876279,s94.123443510
058_25,s-1.543510720,s2.343077178,s256.627303343
058_26,s-5.028325385,s-5.002353314,s128.644933476
058_27,s1.588843187,s2.876886565,s173.524447284
058_28,s-1.774487354,s4.332441416,s225.854036897
058_29,s-0.948917819,s-2.817342780,s58.637470214
058_30,s1.549477671,s-2.395354052,s156.051645400
058_31,s4.996758933,s-1.003726293,s14.332113357
058_32,s0.164491586,s3.950347495,s203.222552528
058_33,s-2.673899361,s-1.035837812,s10.473771467
058_34,s-3.221472004,s2.849991521,s335.461795912
058_35,s-0.699818540,s4.906750153,s142.040244329
058_36,s3.290652371,s0.077925510,s131.702699944
058_37,s2.833324679,s0.254100312,s111.523030575
058_38,s-1.886183989,s5.081212248,s61.631463292
058_39,s2.386929459,s5.106649130,s129.447659970
058_40,s-1.720739543,s-0.189444044,s29.232152158
058_41,s1.038335796,s3.951624188,s163.745278920
058_42,s-5.084270181,s3.929293101,s231.412374626
058_43,s-4.617943563,s-0.301352981,s214.325737726
058_44,s0.674157728,s4.833137438,s296.172125096
058_45,s0.700439253,s3.450031018,s263.433281253
058_46,s3.863768977,s4.288035755,s81.352068715
058_47,s4.915192888,s0.251902363,s303.081961979
058_48,s-5.195043433,s4.969098188,s48.236209900
058_49,s-2.381934560,s4.221631553,s2.293894886
058_50,s4.023616523,s3.339690328,s132.744810432
058_51,s-3.870370677,s4.949301242,s276.712994542
058_52,s5.128798493,s3.790460995,s285.509705895
058_53,s0.258832824,s2.913599744,s112.139042684
058_54,s3.033039023,s5.093019205,s180.743518859
058_55,s4.853154023,s5.086887536,s185.735385060
058_56,s-2.978863396,s4.975954778,s205.814362008
058_57,s-2.601848778,s2.417179571,s239.073558745
059_0,s-4.007627257,s-3.170112040,s3.418014608
059_1,s-2.575169699,s-1.784763396,s232.201037035
059_2,s0.048733068,s-0.662355854,s279.612501429
059_3,s-2.498525382,s-4.585976741,s104.736897497
059_4,s0.651142780,s-2.541630071,s308.350278254
059_5,s-0.375840066,s2.271886055,s138.356356166
059_6,s0.534057280,s0.266179565,s205.852702048
059_7,s1.070656392,s3.840490769,s165.143186625
059_8,s2.680150088,s-4.200080122,s63.540981614
059_9,s-4.833924137,s-2.789770243,s43.726002034
059_10,s-3.767285100,s-1.053609746,s336.290312654
059_11,s2.876956735,s-5.113288058,s353.313089840
059_12,s-4.550182504,s2.082484486,s145.268202129
059_13,s-1.830433959,s2.458734945,s331.362270076
059_14,s4.739174841,s-1.308615930,s176.232913568
059_15,s4.384198462,s-4.946826736,s163.391370467
059_16,s2.167344540,s-0.756330903,s129.201685043
059_17,s3.692471132,s0.371727542,s267.807465964
059_18,s-0.158011778,s2.941509131,s119.111982177
059_19,s-2.895831635,s0.136388883,s182.437328450
059_20,s-4.333162157,s-4.954819668,s99.705658316
059_21,s-3.538985848,s-2.772984290,s198.015520989
059_22,s1.147883686,s-0.873476065,s116.506837222
059_23,s2.822696855,s0.009296222,s180.675631271
059_24,s1.550476106,s2.474008505,s163.356992162
059_25,s0.640023202,s3.720657778,s323.066356367
059_26,s3.136057369,s-1.582826448,s88.337174113
059_27,s-4.982267102,s3.294125644,s324.193434993
059_28,s4.433637447,s4.253739673,s338.675132859
059_29,s-3.513220244,s1.263684647,s98.412549333
059_30,s-3.676257271,s3.234258826,s218.805161913
059_31,s1.462263240,s-3.353901866,s36.229066276
059_32,s-3.025356298,s-0.775178450,s32.023861679
059_33,s2.244797183,s0.446839851,s139.263311769
059_34,s2.410908246,s-2.382234959,s347.233575643
059_35,s4.793754837,s-0.222277001,s312.147305208
059_36,s-3.407646667,s4.460033375,s227.348178398
059_37,s1.171841818,s-4.468754037,s285.390108409
059_38,s-2.745116086,s1.812235679,s89.680324943
059_39,s-0.140622363,s1.201937285,s169.492094709
059_40,s1.579838674,s-1.154644382,s343.674516555
059_41,s-0.251712754,s-2.013936605,s293.558980618
059_42,s2.148722372,s2.327473644,s348.836775015
059_43,s3.293066283,s4.943482578,s15.749051155
059_44,s3.021754839,s2.684662242,s348.468615259
059_45,s-1.390541173,s4.210360848,s337.489146772
059_46,s-0.174539129,s4.208212408,s68.029490502
059_47,s0.934953512,s4.852862624,s260.344442629
059_48,s-1.065086065,s-4.170969077,s114.918086079
059_49,s2.055338917,s3.328458466,s57.949346893
059_50,s-4.499617490,s0.365344775,s42.803127500
059_51,s2.909673829,s4.887595165,s124.659861962
059_52,s4.987408824,s3.130562943,s22.690622012
059_53,s4.304799076,s4.835233319,s335.054997275
059_54,s-4.452095240,s4.880181114,s312.285512336
059_55,s-2.659830611,s1.230719476,s58.173166591
059_56,s-1.104550312,s2.185580377,s96.927032346
059_57,s-0.105026878,s4.943482578,s42.271058672
059_58,s-1.869605500,s4.789995666,s205.315293195
060_0,s-3.667017164,s-2.934429992,s220.668463500
060_1,s-3.327158665,s-4.124894151,s289.250816997
060_2,s-0.182813278,s-1.747743606,s311.900393269
060_3,s-4.618247917,s-1.470479074,s21.574715705
060_4,s2.730472131,s-3.865778523,s138.603544120
060_5,s3.828099846,s-5.168277189,s33.006837239
060_6,s-4.941882566,s-0.145031016,s299.890601317
060_7,s0.873187884,s-2.062751075,s358.208230387
060_8,s3.585292691,s-2.727456172,s24.921907802
060_9,s-1.144609230,s0.081769928,s111.491390795
060_10,s-1.883020907,s-4.822105471,s126.255836967
060_11,s-2.340885893,s-1.627892711,s329.545850767
060_12,s-4.773590513,s4.920765477,s7.271391887
060_13,s-1.628939531,s-4.256237682,s357.198998392
060_14,s-2.011170420,s3.360122653,s200.377607063
060_15,s0.778726711,s4.745969040,s67.205288513
060_16,s-0.322386376,s-0.164443453,s182.939522745
060_17,s4.620966508,s-0.908481625,s97.730659944
060_18,s-2.877292452,s0.839360411,s39.161477600
060_19,s-3.402713067,s-2.164963228,s112.792775444
060_20,s-3.122678930,s3.211250974,s125.852019392
060_21,s1.407397195,s-4.939848313,s194.509933224
060_22,s-3.168291946,s4.847407260,s15.403797702
060_23,s2.387247508,s-0.894945584,s1.655759929
060_24,s3.499396735,s1.103269415,s212.285669424
060_25,s3.267800413,s-2.129931357,s149.319387697
060_26,s0.597580117,s1.240248638,s206.149976030
060_27,s-1.958004026,s1.996125916,s317.274653484
060_28,s0.225210352,s2.552511079,s70.835593703
060_29,s-4.734992979,s-3.990104215,s297.634120332
060_30,s-0.052226854,s1.840144711,s232.579244525
060_31,s-4.525736380,s1.143478925,s36.086333382
060_32,s0.235365530,s0.184604360,s155.085291923
060_33,s4.824572060,s-0.142447082,s277.985280015
060_34,s3.766055232,s0.984436138,s115.189326289
060_35,s4.962896153,s2.513432308,s236.059513406
060_36,s-2.160892655,s0.134318584,s129.915184690
060_37,s-5.120797033,s1.853415935,s186.390354219
060_38,s-1.388035627,s4.712919119,s297.851280245
060_39,s2.198338616,s2.956947998,s181.656760816
060_40,s-0.686790881,s2.563205319,s340.722707227
060_41,s0.708953148,s-1.614658252,s82.616209323
060_42,s-2.410506467,s-0.278059713,s252.183773493
060_43,s1.579026920,s-0.844603376,s27.669587819
060_44,s2.461433183,s2.703112145,s304.848010649
060_45,s-0.727463371,s1.108840779,s0.576017108
060_46,s4.532905246,s4.265993687,s106.341758760
060_47,s-4.046454032,s4.517552925,s302.423625200
060_48,s3.348577752,s3.755028302,s75.612973587
060_49,s1.418193030,s-0.072812679,s44.621020313
060_50,s3.935776358,s0.276672672,s181.202197369
060_51,s1.709237252,s1.756249381,s162.109913625
060_52,s2.569986182,s4.926697140,s274.740449538
060_53,s4.975791364,s4.921545250,s254.424062247
060_54,s-5.062424048,s0.868216384,s121.241970515
060_55,s-4.954715217,s3.519632326,s145.278104794
060_56,s4.280810842,s4.854171987,s234.600915765
060_57,s0.017477973,s4.880201074,s165.613378310
060_58,s1.697855473,s4.643231705,s163.502604178
060_59,s4.980725338,s2.056605351,s137.641353884
061_0,s-3.941267858,s-5.304432576,s277.674245441
061_1,s-3.332294056,s-0.391864374,s42.031526198
061_2,s2.666466119,s-4.242454710,s171.937619958
061_3,s-2.305032286,s-0.986030005,s11.057358545
061_4,s-1.701620584,s-3.591375112,s138.915337567
061_5,s-3.642653664,s2.946527526,s337.494490572
061_6,s4.353088869,s0.212372984,s39.289000840
061_7,s3.330301206,s0.581835743,s196.295717881
061_8,s4.457593135,s-5.062559454,s67.248212111
061_9,s-3.571048109,s-3.484570721,s336.335160993
061_10,s-4.848795856,s-1.983306672,s114.686397255
061_11,s-3.110709397,s-2.137490812,s312.558005651
061_12,s-0.474295735,s-2.539851689,s324.462672224
061_13,s0.644160928,s-2.576372643,s164.205585978
061_14,s3.824848872,s-1.982567717,s122.029476211
061_15,s2.669875202,s-1.666961226,s9.355364302
061_16,s1.485817597,s-2.586757392,s269.309982407
061_17,s4.125938860,s-3.279104134,s248.523165743
061_18,s-3.568859606,s-1.648887862,s106.681376800
061_19,s-1.149310447,s1.068697960,s225.481166707
061_20,s-1.786406782,s-1.237999965,s238.006082391
061_21,s3.322971229,s1.549790610,s101.273006102
061_22,s-1.766001872,s-1.843384687,s254.525708870
061_23,s2.933898186,s-3.853742539,s137.790095639
061_24,s2.490931194,s4.172869889,s133.512500642
061_25,s-2.016898577,s3.100007305,s163.950093824
061_26,s4.455826092,s-1.298461310,s169.856965191
061_27,s-1.274449359,s1.856776034,s152.675225327
061_28,s0.418844488,s3.203190406,s145.864144940
061_29,s-4.961674630,s3.822964510,s28.854151116
061_30,s4.451550423,s3.379759208,s167.759009190
061_31,s5.184159428,s2.721342575,s57.723005835
061_32,s5.243446598,s-3.259601415,s159.796654760
061_33,s0.657465788,s-1.103122622,s217.898832637
061_34,s5.366615917,s3.311478578,s57.617304551
061_35,s0.196372409,s-0.659333557,s237.418874890
061_36,s-1.056624635,s1.616764327,s49.763304885
061_37,s2.815622671,s0.138509092,s33.534334925
061_38,s1.343761372,s1.904075519,s242.750723519
061_39,s-2.836872818,s0.157906871,s310.969513583
061_40,s-1.244907724,s4.797559667,s50.149563862
061_41,s3.678856500,s4.144649073,s188.093475948
061_42,s3.294949226,s2.834486643,s110.969129340
061_43,s1.466130987,s4.130534279,s140.643165177
061_44,s5.282172269,s0.777181273,s113.079729949
061_45,s-4.877215684,s-3.919110588,s209.413548851
061_46,s0.200397168,s3.617555088,s347.465263953
061_47,s-3.305329955,s4.516131950,s244.834010490
061_48,s0.131473957,s4.359900409,s191.980809121
061_49,s2.229256071,s4.956882450,s166.248134041
061_50,s-2.637202009,s4.964500015,s307.211572179
061_51,s4.283376921,s4.936306842,s95.479087972
061_52,s2.821720972,s4.591304775,s39.609781905
061_53,s0.980088388,s3.529554554,s183.385157835
061_54,s-4.881050178,s4.945608460,s28.101856953
061_55,s-2.018442166,s2.232947643,s137.453510496
061_56,s-3.693761076,s1.455219554,s210.762512741
061_57,s0.475251019,s2.020727959,s275.952077345
061_58,s-4.970997278,s2.322556371,s197.741864385
061_59,s4.935773799,s4.693989279,s94.057689610
061_60,s-1.345842724,s3.455905596,s34.350455669
062_0,s-3.640435089,s-3.146688966,s324.571133200
062_1,s-4.878485383,s-2.063463058,s214.756848642
062_2,s-2.166419223,s-3.078142694,s221.821271554
062_3,s-2.934036354,s-2.171925906,s73.495792453
062_4,s2.073918642,s-0.723360211,s309.864983036
062_5,s-0.143739548,s-4.929673080,s289.364550346
062_6,s5.351188988,s-3.565968134,s233.552502884
062_7,s0.059482714,s-5.335682651,s180.884461842
062_8,s4.058773619,s-2.344193652,s95.622464364
062_9,s-5.455154026,s0.689385447,s131.419649146
062_10,s-5.312915911,s-0.455979403,s329.891507131
062_11,s-2.297485263,s-1.084971635,s94.155280531
062_12,s-0.229660704,s-2.735098451,s224.275071555
062_13,s0.888203073,s-0.220570562,s171.992884167
062_14,s0.128088360,s4.304889303,s125.649643501
062_15,s4.666016317,s-5.220015169,s287.637544270
062_16,s0.984271749,s2.525242513,s330.166304210
062_17,s5.407057457,s1.725953975,s326.929655443
062_18,s-2.011830373,s4.082341176,s262.448129491
062_19,s-1.512766921,s-1.404746889,s74.371331876
062_20,s-0.108030999,s0.831190951,s129.509004465
062_21,s0.259828215,s5.168845458,s98.520855630
062_22,s2.830762840,s-3.209604378,s277.442029343
062_23,s4.086147828,s0.465572251,s348.677913110
062_24,s2.832191471,s1.203148736,s349.721542956
062_25,s1.629663019,s-2.681855447,s270.673703138
062_26,s5.414716569,s-1.793764256,s168.291802140
062_27,s-4.765079892,s-1.740950605,s205.156162634
062_28,s-3.945855670,s1.350146882,s88.686865577
062_29,s3.841682239,s4.284706715,s273.132262466
062_30,s1.265851167,s1.320760004,s240.004797175
062_31,s1.326490226,s-2.601701847,s211.010234142
062_32,s4.306305721,s-1.031959359,s56.642179264
062_33,s2.661540160,s4.515656858,s111.007668926
062_34,s3.848994439,s2.867759687,s181.489484596
062_35,s5.021514186,s0.220221667,s7.991075893
062_36,s-2.793566064,s3.920092626,s98.082663785
062_37,s-4.267216920,s4.571044663,s355.068280279
062_38,s-5.329501668,s2.283582618,s289.256009312
062_39,s-0.460230514,s5.372880853,s304.715886861
062_40,s-2.104129380,s1.574263150,s42.302455378
062_41,s-3.056546321,s3.038092003,s308.604162913
062_42,s4.667067495,s1.589617266,s276.523759078
062_43,s5.387249611,s4.383489101,s248.338381244
062_44,s5.362618742,s3.767809450,s234.787031048
062_45,s-5.333260105,s4.438112514,s85.463342519
062_46,s-4.411672024,s0.811920805,s137.852265295
062_47,s-1.867485478,s5.335624289,s0.550711101
062_48,s-5.427266840,s1.754472699,s340.319724773
062_49,s-4.453603641,s3.658795087,s103.322368919
062_50,s1.625969397,s5.092716875,s345.910154357
062_51,s1.814734812,s4.618152557,s256.886215900
062_52,s2.791345813,s2.183123006,s305.106464080
062_53,s1.435612393,s4.435484610,s71.248347009
062_54,s1.044712347,s-1.136914894,s225.075276245
062_55,s-2.357531995,s5.333608244,s117.200789107
062_56,s-0.737493408,s3.846932915,s359.908470381
062_57,s-1.549340853,s2.535631317,s142.982378265
062_58,s4.347935530,s5.331282217,s185.556440106
062_59,s4.212017719,s1.439162390,s16.168987776
062_60,s-0.834847875,s2.060295591,s283.329507333
062_61,s5.362473929,s5.276000580,s105.966072050
063_0,s-3.881311115,s-0.971501625,s326.269319723
063_1,s-5.163985723,s-4.769393473,s359.395543828
063_2,s-3.994671318,s-4.354928695,s85.075203043
063_3,s-1.133689510,s1.290252879,s82.752140151
063_4,s-4.232375245,s0.456171367,s283.940098116
063_5,s-3.746649657,s-2.835310238,s329.472906047
063_6,s-0.690376663,s-0.509656793,s182.021244307
063_7,s2.531557298,s-1.994072927,s304.822483926
063_8,s1.601378924,s0.386148128,s320.331039276
063_9,s-5.202485447,s-3.507284133,s321.387089661
063_10,s-1.761464591,s2.273639416,s252.369372641
063_11,s2.333286493,s-0.033070518,s260.585194658
063_12,s-3.978400606,s-2.893532711,s268.763013326
063_13,s-0.335974468,s1.867919417,s359.147752709
063_14,s2.458742951,s-3.050427734,s333.887863842
063_15,s4.150265466,s1.901621395,s97.127925256
063_16,s0.074244993,s-2.011199527,s272.254850440
063_17,s4.546153943,s2.642525631,s183.509040733
063_18,s-4.799477645,s-1.785477829,s50.854251572
063_19,s-0.512017941,s-1.193604700,s334.152841882
063_20,s-1.807411333,s-2.870113186,s142.640610129
063_21,s4.781145404,s0.274619017,s249.172731837
063_22,s4.817905133,s3.323462753,s67.172887247
063_23,s1.275368328,s-0.461441381,s294.534341437
063_24,s-2.251117396,s3.388405256,s203.726443039
063_25,s4.806829586,s-3.731578787,s31.181048565
063_26,s3.984200763,s1.701879168,s207.105381766
063_27,s-5.225306752,s4.935820217,s209.850688566
063_28,s-2.291511862,s-0.791461547,s299.948606596
063_29,s4.064145141,s-4.640859171,s287.891937883
063_30,s2.987828864,s4.112152315,s290.865805650
063_31,s-3.354851131,s1.130785995,s91.146927686
063_32,s0.954247801,s4.230346349,s68.607687264
063_33,s2.334169796,s2.697276330,s277.773353056
063_34,s3.933869462,s-1.183546584,s336.686505197
063_35,s3.736205991,s4.499149950,s29.906873846
063_36,s-4.639377513,s3.874647146,s116.842287792
063_37,s-1.962468010,s0.990339557,s179.664009356
063_38,s0.842116189,s2.333351321,s177.985607243
063_39,s0.889963865,s-4.695360715,s178.073178034
063_40,s2.267170263,s1.731287765,s190.228822318
063_41,s1.821179302,s2.964400373,s353.635724171
063_42,s3.959325578,s-2.737191122,s55.955000344
063_43,s3.340157417,s-3.827051593,s88.788661530
063_44,s-0.338667556,s3.652292722,s93.450749740
063_45,s-4.568675091,s1.509121037,s125.986420116
063_46,s-1.611446114,s4.958376490,s47.881599704
063_47,s-0.767265926,s4.967909887,s208.059280147
063_48,s-3.484329604,s3.335535258,s235.825038492
063_49,s-3.120054376,s3.823713481,s294.064661783
063_50,s2.154494864,s-1.064129648,s134.637681725
063_51,s-3.984272865,s1.730951811,s311.357039152
063_52,s0.182514219,s4.958665641,s66.905674578
063_53,s0.958558861,s4.894544571,s99.037630130
063_54,s-5.130893256,s3.313266348,s172.403636178
063_55,s-0.731775550,s2.632385774,s327.084981567
063_56,s-3.086378141,s2.375361645,s208.847746603
063_57,s-2.273116029,s4.077115060,s305.138221936
063_58,s0.568139571,s3.944438588,s104.610999029
063_59,s-1.052175432,s3.721710246,s259.163684791
063_60,s-0.875604718,s-2.201780626,s126.753592398
063_61,s3.280180004,s3.121708885,s123.482855047
063_62,s2.491425206,s5.009276979,s233.953589248
064_0,s-5.119529686,s-2.379148141,s8.583508747
064_1,s-4.409916175,s-4.460030844,s257.997559580
064_2,s-3.530476523,s-0.132178871,s145.635480825
064_3,s2.632431043,s2.654930016,s194.257556325
064_4,s-2.841223075,s-0.583277362,s99.875657270
064_5,s1.611886978,s-4.244947924,s215.474603265
064_6,s3.022029445,s-2.303556632,s228.175127625
064_7,s4.986766554,s-1.869791279,s43.131706879
064_8,s4.898053512,s-4.653484585,s274.568978614
064_9,s-2.968514203,s0.885160055,s82.605192825
064_10,s-2.820058128,s-4.165506268,s299.956000516
064_11,s-1.652585504,s-2.800722144,s253.564610940
064_12,s0.766808406,s-3.853828830,s185.565893399
064_13,s-1.211133491,s-5.078017337,s207.407797962
064_14,s3.268303765,s-4.013127233,s9.652068973
064_15,s1.355290333,s-1.630151116,s237.187141775
064_16,s0.240292596,s1.856460867,s320.379197117
064_17,s-0.223176439,s-3.521647519,s176.865203020
064_18,s-5.060559665,s3.238384966,s349.724539579
064_19,s-1.943210484,s4.442522422,s258.330955093
064_20,s-1.584560132,s-1.595383726,s107.690822826
064_21,s-1.025164536,s-4.117521159,s25.997383021
064_22,s4.061959590,s1.152645536,s111.738808545
064_23,s2.970229222,s-0.612446453,s301.183147639
064_24,s-3.636832529,s0.743171080,s197.335026463
064_25,s-0.907449071,s3.179886315,s279.163396255
064_26,s4.673539999,s-2.419603410,s217.954605350
064_27,s1.252001764,s2.715890465,s166.972681522
064_28,s-0.579396524,s0.122839458,s339.683342485
064_29,s0.101011193,s4.716215008,s310.648632746
064_30,s-0.978204359,s2.251200113,s274.831687858
064_31,s3.557781178,s4.780457282,s284.438677297
064_32,s-0.627975253,s-1.564452980,s190.700524782
064_33,s4.934713646,s0.322247807,s46.145774946
064_34,s-0.188858462,s0.854351775,s261.872997197
064_35,s2.178960470,s-2.536108885,s6.786721055
064_36,s-3.883440592,s2.692574953,s274.915313643
064_37,s-3.775056077,s4.666090724,s59.688492153
064_38,s1.539662184,s4.988289986,s0.760412633
064_39,s-4.891256959,s0.072478396,s307.053446704
064_40,s-2.964874564,s2.871133173,s45.175730280
064_41,s-2.848811509,s1.865993505,s305.053251585
064_42,s1.859552253,s4.286906705,s141.835429972
064_43,s1.304587577,s3.985723580,s331.977983513
064_44,s5.020616871,s1.857483304,s165.520421657
064_45,s-0.116369036,s3.741464246,s181.660876888
064_46,s-2.323118782,s-0.777580714,s252.878569884
064_47,s-3.660912030,s2.069213177,s176.948090765
064_48,s4.428493811,s4.525661537,s359.680673783
064_49,s4.630919938,s-0.379658585,s120.187766769
064_50,s4.634263984,s-1.302576711,s126.312479299
064_51,s3.193121435,s1.447168140,s342.659901454
064_52,s2.334674923,s0.176850347,s109.715241335
064_53,s5.015231710,s5.034712584,s105.974889064
064_54,s-4.901052614,s1.056928717,s68.733578733
064_55,s-5.093645796,s4.959196489,s48.792771312
064_56,s-1.280336258,s4.839392779,s304.108030392
064_57,s-2.028102688,s5.050759010,s159.600968145
064_58,s-2.629732610,s4.404914611,s57.420415422
064_59,s0.571830553,s-0.145381293,s285.892310359
064_60,s-1.360060717,s3.042037713,s295.027937365
064_61,s3.027288894,s4.667608859,s50.120569227
064_62,s5.052685266,s1.631815503,s93.088195636
064_63,s-2.769946716,s2.424149703,s332.335949814
065_0,s-2.904341719,s-0.252773283,s312.384745600
065_1,s-4.698022080,s-3.093613038,s175.221330084
065_2,s2.138096730,s-4.884710244,s98.742977882
065_3,s-0.978415118,s-4.818891480,s58.964297331
065_4,s-0.332083580,s2.612938119,s161.032355880
065_5,s2.903760056,s-4.743519458,s249.842819516
065_6,s4.359335340,s0.915122479,s316.572872546
065_7,s2.931714374,s-0.011615670,s82.967257026
065_8,s4.780504310,s-3.590310979,s161.716131100
065_9,s-0.712930415,s2.062552103,s134.469888647
065_10,s-0.349745321,s-3.725092805,s21.398899704
065_11,s-2.136047740,s-0.342052953,s191.749813675
065_12,s1.543418795,s0.656278333,s81.007566450
065_13,s-1.779858244,s3.817308932,s221.609735703
065_14,s2.995628159,s-3.899616849,s254.134354025
065_15,s2.987755789,s2.962776722,s189.352975599
065_16,s1.274820074,s-0.190694555,s169.562480452
065_17,s0.242090500,s0.636877941,s83.008473949
065_18,s-3.911817826,s-1.472108467,s17.397976104
065_19,s-4.869460569,s-4.813832399,s159.874169724
065_20,s-0.902702133,s0.451437244,s66.150568786
065_21,s3.167369693,s2.110301227,s335.271270821
065_22,s-0.733820021,s-0.913105069,s329.605406163
065_23,s1.096062724,s0.832670128,s165.751781657
065_24,s1.586534817,s-2.541876613,s312.363100669
065_25,s2.602262519,s-1.638155527,s155.520211370
065_26,s0.371979041,s-1.561309913,s0.380622222
065_27,s-4.771326457,s2.797628827,s135.700239567
065_28,s-2.872168258,s1.414087343,s181.018024787
065_29,s1.117007470,s-3.305566840,s326.454003112
065_30,s-1.171659934,s3.505207736,s172.132674410
065_31,s0.283865353,s4.581500249,s39.944143935
065_32,s-0.285882833,s3.498456618,s142.583645833
065_33,s3.909361957,s4.775596617,s173.153278599
065_34,s1.634611804,s5.112418119,s83.281121102
065_35,s5.000985933,s-2.097707726,s227.385923013
065_36,s-3.311936420,s0.847787861,s99.706966124
065_37,s-3.873242723,s5.058543833,s50.724498664
065_38,s-3.106330190,s2.658244520,s145.080169409
065_39,s-3.131546252,s-4.057197213,s165.197084427
065_40,s4.705874041,s4.183395496,s138.978277641
065_41,s-1.274390445,s4.969341097,s200.201470563
065_42,s2.596888645,s3.983680339,s95.441117782
065_43,s5.151515895,s2.027460725,s334.814752702
065_44,s2.684298270,s0.918523106,s354.898230782
065_45,s-4.822012340,s4.924990148,s73.667871021
065_46,s1.694081619,s1.756640251,s286.759092761
065_47,s-4.887042389,s-1.855518672,s218.022463689
065_48,s-4.780911246,s2.162390712,s118.230422076
065_49,s-2.317615607,s2.659856039,s120.740673889
065_50,s-0.613045451,s5.121382098,s116.415885456
065_51,s1.817235759,s3.611332025,s277.960786908
065_52,s0.312712305,s3.159579243,s165.841920445
065_53,s4.282677870,s2.309407383,s331.444818716
065_54,s-4.080391426,s0.088854753,s221.116182496
065_55,s-4.106192601,s3.900081115,s123.419662621
065_56,s-0.132230667,s3.230497343,s158.487787694
065_57,s-4.279481098,s1.873272437,s186.530409588
065_58,s0.438763773,s2.625298665,s126.568381031
065_59,s-0.183573329,s3.905825443,s247.973831930
065_60,s2.329575110,s2.766211812,s250.563107471
065_61,s5.214091826,s3.104478269,s202.945603588
065_62,s4.808650851,s5.012268852,s298.633526834
065_63,s-2.965096097,s4.921941477,s177.969845108
065_64,s-3.661649893,s4.341053805,s135.562896897
066_0,s-4.621593271,s-2.858800533,s174.774288559
066_1,s-4.604959758,s-1.500041915,s27.876797079
066_2,s-4.012322710,s-4.713656405,s14.088545816
066_3,s2.850330851,s-3.596404551,s90.890719359
066_4,s-2.803472587,s4.645712494,s324.118244778
066_5,s4.453199018,s2.398057451,s192.107487748
066_6,s-2.064696125,s-4.383464281,s323.056954548
066_7,s2.608357267,s1.662682068,s282.361013639
066_8,s-0.238740281,s-1.706553213,s26.312597245
066_9,s1.333886397,s2.125689421,s162.082281364
066_10,s-4.699523850,s-1.002367736,s233.931943616
066_11,s-1.688237728,s-3.867760275,s65.757195353
066_12,s-4.523616743,s-2.141735401,s298.991779343
066_13,s-3.273040440,s-4.314696610,s100.015635366
066_14,s1.777937582,s-1.652553930,s294.648079996
066_15,s0.510743406,s0.895499279,s269.942433284
066_16,s4.548012900,s-4.016206814,s186.868068553
066_17,s-2.642367666,s1.116557779,s192.084216987
066_18,s-2.587972964,s-0.093410641,s319.939531327
066_19,s-1.426304582,s-0.218590591,s347.254398770
066_20,s1.475020619,s-4.559253072,s200.862236186
066_21,s3.294235796,s4.042758554,s149.184570810
066_22,s4.156103283,s-0.408391295,s34.033747723
066_23,s2.429905871,s-4.705702719,s182.601040244
066_24,s4.113801447,s4.631069546,s151.001456082
066_25,s3.647940783,s3.634478581,s8.854399846
066_26,s0.329587930,s4.681656025,s179.846700431
066_27,s-3.866267456,s-0.397808986,s238.627372722
066_28,s-0.495832471,s3.720053004,s38.058233145
066_29,s-0.566339822,s1.598680988,s217.129263467
066_30,s4.715117590,s-0.684032749,s139.169615136
066_31,s3.100142954,s-3.595637263,s36.458154579
066_32,s-1.357070008,s-2.187000648,s145.863921352
066_33,s-3.494198643,s0.550871198,s235.305135044
066_34,s4.484494432,s-1.341420033,s302.434643952
066_35,s4.677243262,s-3.248043872,s328.374209313
066_36,s-2.489225635,s0.062766614,s257.091633568
066_37,s1.472327339,s-3.444259965,s248.541766951
066_38,s2.972039355,s-1.754704732,s238.405708811
066_39,s-3.411116544,s3.038489865,s172.412093273
066_40,s3.563919813,s2.092088191,s168.228719129
066_41,s-3.510988304,s-2.222925380,s262.380319524
066_42,s-4.260851354,s2.419707304,s130.672088013
066_43,s3.231504607,s1.974510458,s284.418728074
066_44,s-0.914496328,s-2.107412782,s95.306132735
066_45,s-4.479031311,s-0.192959942,s18.085322787
066_46,s2.562406339,s3.123587502,s59.834074817
066_47,s-0.577247778,s4.868644810,s268.553450614
066_48,s-3.626885345,s4.816047481,s61.316363287
066_49,s-4.654296903,s4.808471481,s279.826193083
066_50,s-2.407809941,s4.129833615,s41.871115980
066_51,s1.094823367,s4.600242344,s307.793252194
066_52,s-4.730414341,s-1.420819204,s73.385949752
066_53,s4.766602375,s3.316009332,s134.881229595
066_54,s-3.218349773,s2.347031963,s221.369670586
066_55,s1.417294890,s3.423956891,s318.294065194
066_56,s-0.111532141,s4.839398988,s53.709454526
066_57,s3.397198367,s4.773685058,s336.062955670
066_58,s-3.819401585,s-0.195185095,s229.947723353
066_59,s-0.779023813,s4.577224875,s257.815952440
066_60,s0.253196364,s2.118628009,s35.450867050
066_61,s3.443434067,s0.079120524,s120.736560230
066_62,s4.944378789,s4.865041953,s223.693225805
066_63,s-4.709859762,s3.794980525,s10.810465227
066_64,s-3.396146377,s4.318615442,s268.589789394
066_65,s-1.853071582,s0.504230673,s151.812378070
067_0,s0.297397884,s0.192660936,s115.355655691
067_1,s-0.481954592,s-4.621135259,s33.787570442
067_2,s-5.020103975,s-3.869839424,s273.694766012
067_3,s2.774762021,s-2.624945481,s194.029651216
067_4,s1.529125228,s-4.713145565,s117.516106744
067_5,s-4.565921961,s-1.096775546,s162.717740708
067_6,s0.734941622,s-2.419020512,s112.190535690
067_7,s-2.960961480,s3.390659002,s68.755294348
067_8,s-0.319090716,s-3.276420877,s273.079521819
067_9,s-0.165446581,s4.222124783,s50.683691503
067_10,s-4.652604936,s-2.903659389,s199.911449118
067_11,s-0.007946508,s2.784264217,s15.447551377
067_12,s-4.854990108,s4.411456839,s189.017340408
067_13,s-2.438556015,s-1.068196590,s257.541264218
067_14,s1.734756780,s-3.064215811,s339.956126809
067_15,s2.142796804,s1.712711873,s77.488005402
067_16,s4.056104077,s-4.919718256,s315.210708317
067_17,s3.241709091,s2.654799965,s34.946508363
067_18,s-3.506590285,s-2.585739130,s126.806115925
067_19,s-2.417143215,s-3.766111353,s53.865036834
067_20,s-2.742113655,s-4.739557402,s233.764226693
067_21,s-0.761131373,s-0.808926958,s355.200954266
067_22,s2.094321950,s4.424626434,s154.081440317
067_23,s-2.169457509,s-0.013244725,s57.110307569
067_24,s3.121093652,s-2.688857648,s5.213704307
067_25,s2.489879511,s3.604592201,s96.888905235
067_26,s4.553221202,s-3.640296817,s140.421771461
067_27,s-4.713718112,s-1.733578769,s19.818231203
067_28,s-2.704819988,s-0.495683272,s257.673154510
067_29,s-1.971604945,s-1.618343441,s289.919684775
067_30,s0.087305287,s2.258941474,s270.770812678
067_31,s-3.100789518,s-2.782230528,s271.208364263
067_32,s-0.036326369,s-0.401148256,s162.561211528
067_33,s-1.748720923,s4.315194776,s322.173489495
067_34,s3.861146350,s0.103074812,s181.544188443
067_35,s0.996536704,s2.883161671,s75.775668998
067_36,s-3.238788482,s2.515867673,s177.692907049
067_37,s-2.873777638,s4.577194051,s247.487044756
067_38,s2.963272792,s4.536917476,s227.823792307
067_39,s3.082984186,s-4.782900114,s287.449602824
067_40,s3.686536756,s2.195750144,s208.560842098
067_41,s2.419277783,s3.080482695,s273.377197256
067_42,s2.278982082,s-1.790783605,s283.361152607
067_43,s3.112772384,s2.959561809,s239.413227331
067_44,s4.050890262,s3.478718316,s37.539334141
067_45,s-3.577702656,s1.265239372,s306.179206335
067_46,s-4.884351391,s1.855158257,s21.090021428
067_47,s-4.801484623,s0.385530782,s188.819265426
067_48,s-3.778351821,s3.441161770,s333.400674044
067_49,s1.895854190,s0.624507812,s16.896062257
067_50,s1.857962206,s-0.893142085,s203.408142779
067_51,s-4.216109424,s-0.171259963,s77.475811865
067_52,s2.789980679,s-0.458555657,s318.788260399
067_53,s1.346928032,s-1.660503233,s179.121359350
067_54,s-2.533749149,s-0.342482681,s240.763667707
067_55,s-4.796708426,s3.832310506,s349.956978276
067_56,s-5.002660608,s2.613159820,s312.599441997
067_57,s4.368068274,s1.114718421,s347.836035328
067_58,s3.620797101,s4.544828002,s130.497012997
067_59,s4.233612049,s-1.576311289,s277.960995218
067_60,s4.512102792,s4.578104326,s245.412563907
067_61,s-0.290249347,s0.558375445,s304.779918560
067_62,s-1.894167882,s2.916111007,s102.638401305
067_63,s-3.420757426,s0.575135360,s202.142700708
067_64,s4.250324718,s3.478707229,s206.082736332
067_65,s-3.325938066,s4.414857455,s4.450812428
067_66,s-2.394274603,s2.484902124,s113.064871105
068_0,s-4.168731324,s-4.089925744,s203.924196389
068_1,s-5.100751344,s-5.228271907,s197.474459559
068_2,s0.283375659,s-3.427441088,s127.102084634
068_3,s-3.275957926,s-2.021188241,s242.680277773
068_4,s1.513449436,s-3.550960559,s224.301420268
068_5,s-1.310201822,s-3.981437386,s124.043895726
068_6,s4.766595064,s1.764800519,s203.882313195
068_7,s5.322721624,s-5.046435449,s57.227903261
068_8,s3.904466936,s1.245965544,s94.425477072
068_9,s-4.817966793,s-2.537319050,s271.442314849
068_10,s-0.838144777,s-0.203749204,s145.251060719
068_11,s-0.423664335,s-3.199535417,s323.506897240
068_12,s-3.199101980,s0.933697466,s145.379862034
068_13,s-4.649509088,s5.332915211,s118.155469764
068_14,s5.017703404,s-0.058506701,s212.473482298
068_15,s0.329493612,s0.360056301,s175.525771701
068_16,s2.893313029,s-2.438164670,s254.786151065
068_17,s5.447374773,s0.479906396,s110.993265742
068_18,s-0.320111825,s1.971480265,s165.783301245
068_19,s-4.946318022,s0.461887817,s105.734122894
068_20,s3.047408312,s0.093627663,s174.835754227
068_21,s-2.097181295,s0.073665897,s68.122209535
068_22,s1.149261791,s-0.947792815,s188.717746765
068_23,s4.638056971,s-1.948348111,s68.379637305
068_24,s-1.575176166,s-2.724068788,s119.556023774
068_25,s0.301637003,s-4.597493665,s213.011719890
068_26,s1.138846698,s2.336053133,s182.643435771
068_27,s-1.162061951,s1.267738576,s130.501592644
068_28,s-2.380800298,s5.431858380,s309.163820831
068_29,s-1.455929924,s5.027027932,s105.117085714
068_30,s0.167926610,s3.180708542,s47.168744358
068_31,s0.472729961,s1.357128819,s126.388694032
068_32,s5.164462854,s-0.055972862,s42.951652928
068_33,s3.174231646,s1.623695116,s194.824450335
068_34,s3.636459452,s4.556986776,s273.722099979
068_35,s3.387501559,s-5.135278018,s299.999132250
068_36,s-0.756887765,s2.277008091,s61.549160088
068_37,s-4.405194064,s2.293130388,s106.249856488
068_38,s-4.632476414,s1.255299765,s224.757305562
068_39,s1.852106420,s-0.019158135,s105.129199020
068_40,s1.437637703,s3.865682858,s252.408141572
068_41,s0.890816919,s5.150296717,s58.351988213
068_42,s2.438676726,s0.927308282,s279.732386654
068_43,s4.329733494,s2.205287390,s112.072205688
068_44,s5.378532328,s3.895516389,s164.833911898
068_45,s-2.756537288,s3.988407296,s87.934763020
068_46,s-1.148296178,s3.981458535,s187.461561664
068_47,s-3.675295533,s1.787697638,s205.193834856
068_48,s-5.007899950,s3.390053845,s335.280500924
068_49,s0.076018901,s-1.208008672,s147.230397581
068_50,s3.213486149,s3.542791389,s75.250570294
068_51,s-0.994882497,s3.388611715,s184.348988273
068_52,s1.735729252,s2.797718545,s54.648703584
068_53,s2.317476879,s2.707964778,s112.782319613
068_54,s-4.892146953,s5.011936006,s219.318460080
068_55,s-2.357267521,s2.227391937,s44.262706411
068_56,s-5.094904709,s1.704112152,s314.125121248
068_57,s-0.292426745,s5.421951478,s299.036104638
068_58,s5.083828771,s5.415698772,s131.392368353
068_59,s-2.295549406,s5.096233419,s246.673008345
068_60,s4.741691990,s3.476272076,s97.271452560
068_61,s3.707126478,s2.955405520,s76.803652875
068_62,s4.535888781,s4.674224598,s83.274951081
068_63,s0.231743544,s5.408534690,s311.909520331
068_64,s-3.368081789,s5.391059956,s41.377922102
068_65,s4.192859438,s3.464600246,s253.028323978
068_66,s0.180586060,s4.232301918,s327.623719383
068_67,s1.685291419,s5.186899265,s219.254973475
069_0,s-5.234066329,s-3.224885725,s8.524942621
069_1,s-1.184314688,s-3.047322269,s74.165279577
069_2,s-0.031292116,s-3.134675819,s310.709448437
069_3,s1.033880497,s-2.598311267,s107.631149392
069_4,s-1.170975798,s0.811311773,s289.202163886
069_5,s0.574349634,s-3.900933726,s306.064661613
069_6,s4.563898139,s-5.027698767,s145.345094668
069_7,s-0.212051147,s-4.588865751,s355.895684415
069_8,s4.717137273,s-2.948917648,s235.170680199
069_9,s-1.575706666,s-1.089453225,s358.500020054
069_10,s-5.492180494,s-3.928386930,s212.727862221
069_11,s-0.583434971,s1.863517153,s327.190420764
069_12,s-3.380494917,s-5.005996035,s248.188010556
069_13,s3.626690562,s-0.344739100,s78.513798875
069_14,s0.271145173,s4.238789109,s137.192962289
069_15,s-1.826842332,s0.394185656,s77.684845969
069_16,s2.814109611,s-2.013751705,s67.820665253
069_17,s4.733665272,s-0.782134016,s73.828987730
069_18,s0.466087865,s-1.162552877,s112.299892695
069_19,s-4.671165055,s0.260360836,s15.934835552
069_20,s-5.487923316,s-2.307800682,s283.229680533
069_21,s-5.481773510,s-0.208028537,s183.897106875
069_22,s-0.812610695,s-4.425880352,s227.538594455
069_23,s-4.552399581,s-1.004323862,s210.923490822
069_24,s1.383310188,s-1.540218683,s21.915693238
069_25,s1.545143742,s-4.868166739,s286.898224095
069_26,s2.199698148,s-3.279790852,s58.178314758
069_27,s-5.484569438,s2.865943656,s245.445604500
069_28,s0.592050457,s0.631230716,s224.538846625
069_29,s-0.016018807,s-1.115117382,s88.122878182
069_30,s-3.142288744,s3.513969868,s283.674702168
069_31,s5.016645662,s-1.594618014,s149.405952703
069_32,s5.104972928,s4.809009321,s245.160637745
069_33,s1.288561377,s2.270326841,s79.642298514
069_34,s0.842805186,s-0.385227474,s187.953653011
069_35,s2.338121751,s-0.109157337,s89.314842493
069_36,s-5.218362716,s1.070295253,s291.055333036
069_37,s-2.607485160,s0.492930895,s171.121006019
069_38,s-2.468365631,s2.603923399,s307.691893904
069_39,s-1.232468333,s2.573545147,s334.037467697
069_40,s3.131151837,s0.918435315,s69.607446770
069_41,s2.720163626,s-0.142789113,s261.121108228
069_42,s-3.616068454,s-2.237675519,s248.253451160
069_43,s3.792558863,s1.312946374,s31.811314951
069_44,s1.537307775,s2.465515712,s335.313265652
069_45,s-4.691585710,s1.474335486,s27.807781822
069_46,s-2.663595094,s-1.418471748,s157.503653512
069_47,s-1.486558133,s1.824128332,s116.440311143
069_48,s-3.433931145,s0.376698120,s309.382608251
069_49,s4.334255276,s1.252977566,s131.985830521
069_50,s-0.381879362,s1.019770751,s113.541485827
069_51,s1.771110636,s0.931522007,s214.967590858
069_52,s1.134708682,s4.819842230,s1.337406859
069_53,s4.516255639,s2.848868339,s16.861475944
069_54,s-2.576146911,s4.786446674,s126.728602491
069_55,s-5.068986622,s3.958989206,s190.951170129
069_56,s-1.188453205,s4.891493357,s51.021730888
069_57,s-2.279606362,s4.010272543,s205.352811522
069_58,s3.733103506,s4.894915186,s139.640193415
069_59,s-0.812734940,s3.235830591,s266.745858494
069_60,s5.011339838,s4.568951649,s173.328004839
069_61,s2.778675454,s4.893588660,s351.984125996
069_62,s3.807678452,s3.420628814,s40.372907592
069_63,s-4.534576495,s4.224538239,s32.647985721
069_64,s-2.481992435,s-0.239504323,s5.934004021
069_65,s-4.818299219,s2.799207371,s182.315255806
069_66,s2.540836182,s4.030462132,s182.100521670
069_67,s-0.979223468,s4.519914702,s207.211853225
069_68,s1.211048793,s3.565522556,s297.563599887
070_0,s-3.425304066,s-3.839159410,s150.343094406
070_1,s-3.406895842,s-1.069335269,s90.299905819
070_2,s-0.888203248,s-2.309482512,s300.468275920
070_3,s-2.322944298,s-5.456001549,s59.996183746
070_4,s-2.033404544,s-4.369817908,s47.144067095
070_5,s5.191720873,s3.801328570,s282.427263696
070_6,s3.077490940,s-2.904241385,s326.403516155
070_7,s-0.789421852,s2.828451288,s7.525938686
070_8,s-0.629882620,s-1.524760306,s76.628120853
070_9,s-2.481275195,s-2.177747292,s154.146943912
070_10,s-3.170286652,s-0.495469811,s328.611144399
070_11,s-5.202652252,s-2.684540454,s259.741863035
070_12,s-1.471345114,s3.534459885,s61.642138894
070_13,s-5.463342952,s0.521171571,s175.229546284
070_14,s-1.536624534,s-1.077902873,s4.281023165
070_15,s-1.173934806,s-4.149428100,s71.263441773
070_16,s3.473910981,s-0.674054292,s141.800785511
070_17,s5.116830541,s-3.483187323,s91.843542545
070_18,s-4.166665459,s1.541556328,s326.916356659
070_19,s-5.581622358,s-0.274915886,s251.783565563
070_20,s-3.124285569,s3.478393246,s68.494548795
070_21,s-5.058811473,s-4.728484529,s191.300782683
070_22,s2.825139314,s-1.511134249,s123.436372305
070_23,s3.187784357,s0.636678187,s216.088550843
070_24,s3.427494731,s-1.922650116,s20.498274909
070_25,s1.285027273,s2.609158582,s212.809682905
070_26,s4.732746581,s-0.670047117,s185.426222730
070_27,s-4.708611945,s-3.935128841,s3.849428487
070_28,s-0.982244495,s4.369561071,s1.675667112
070_29,s5.072418467,s1.283404802,s339.230969142
070_30,s2.555506435,s-5.158670217,s150.937017904
070_31,s2.246356345,s3.660373292,s202.372661260
070_32,s0.887116251,s1.364202002,s327.798032048
070_33,s-0.334468765,s-0.096338470,s85.100481209
070_34,s4.971146110,s1.950052140,s319.434024829
070_35,s5.112556467,s0.658030082,s179.893892775
070_36,s-5.277322935,s1.126038731,s255.435201176
070_37,s-1.385215156,s0.672337006,s218.960941145
070_38,s-4.567888770,s-1.425028441,s355.338321062
070_39,s-1.052263271,s3.746476190,s229.191275541
070_40,s-4.630199104,s3.717251042,s191.475817164
070_41,s3.956300895,s4.059084293,s40.553009796
070_42,s2.158665646,s-4.141212773,s228.745934531
070_43,s-3.326497358,s4.702816749,s328.664166059
070_44,s4.117886962,s0.674009096,s241.768787132
070_45,s-4.387658779,s-0.251407726,s148.864187620
070_46,s-5.292547133,s4.266769807,s201.304181331
070_47,s2.521044589,s1.564641112,s201.492738131
070_48,s1.008737247,s-2.658893410,s138.351098057
070_49,s-4.303516180,s5.230205792,s305.464899655
070_50,s1.064014668,s4.905185813,s184.901969615
070_51,s3.026085035,s4.899492592,s103.663879398
070_52,s2.486712661,s2.231416840,s344.950866767
070_53,s4.491431917,s5.153454932,s144.190757842
070_54,s-5.642402801,s5.102341364,s340.821083490
070_55,s-1.225480295,s-0.179663852,s90.023638244
070_56,s-3.694024448,s2.090986286,s109.105023921
070_57,s-2.411916674,s3.973228338,s245.377476274
070_58,s3.307198757,s0.766487087,s245.014055996
070_59,s-2.254766679,s3.760025923,s119.732135676
070_60,s2.981202795,s3.784539376,s267.306114718
070_61,s3.940601347,s5.189867270,s309.274596772
070_62,s0.364715195,s4.931313569,s187.563444777
070_63,s-1.639992954,s1.488305602,s270.693116835
070_64,s0.367174499,s-0.986981650,s146.296956307
070_65,s-1.140884558,s5.217631581,s283.081541732
070_66,s-1.724413316,s1.949361452,s296.505597423
070_67,s-5.193425567,s5.287178542,s276.755143273
070_68,s0.958413152,s3.859552125,s104.824957718
070_69,s2.547293818,s5.389779387,s165.673313969
071_0,s2.032004850,s-0.731366225,s32.256739805
071_1,s-5.061260280,s-1.349260297,s24.123834117
071_2,s-3.366337145,s-2.640648515,s345.721943667
071_3,s-2.017925559,s2.383194966,s342.580947648
071_4,s-2.683628247,s-3.512094684,s46.264897728
071_5,s1.918871138,s-4.369192314,s314.175916658
071_6,s-1.555433988,s1.318337714,s25.982943106
071_7,s4.799914249,s-4.499356026,s313.488833930
071_8,s2.906305396,s-4.748610093,s245.801197921
071_9,s-1.816013266,s-0.045809893,s216.461802006
071_10,s-0.730330628,s-0.743864349,s147.174101176
071_11,s4.435657029,s-0.996808976,s117.332182618
071_12,s1.435294688,s-1.569407109,s348.466792350
071_13,s-2.509679835,s-4.732325718,s355.142735818
071_14,s4.729182926,s-0.302632197,s155.615716422
071_15,s-0.138455595,s1.679474280,s83.614186583
071_16,s3.554968927,s-3.499007744,s145.581621195
071_17,s4.572209501,s-3.443255825,s119.380521252
071_18,s-4.643652417,s-1.156092244,s132.056280235
071_19,s-4.800542158,s0.463719397,s294.253630319
071_20,s-1.978206275,s3.755462823,s76.878447448
071_21,s-4.023447320,s-4.750605871,s174.162260351
071_22,s1.609008555,s0.357960679,s182.155997273
071_23,s-1.453949885,s2.176078392,s66.465780691
071_24,s2.009937484,s1.409972554,s240.544396924
071_25,s-0.090009547,s5.229414196,s151.385095909
071_26,s2.756814895,s0.501315278,s57.042731573
071_27,s-0.658603534,s0.140845837,s142.530170837
071_28,s-3.952848454,s4.824764228,s131.841598375
071_29,s-2.218440969,s-1.959638481,s234.906691101
071_30,s-0.834717309,s-2.296373894,s336.363262577
071_31,s-0.191622789,s-3.737667919,s265.297828707
071_32,s-1.228894973,s4.000912053,s71.578490016
071_33,s-2.030720040,s1.533358730,s142.078548051
071_34,s4.764123257,s2.431576759,s157.613213604
071_35,s4.810334547,s3.609898980,s234.705089812
071_36,s-3.510140150,s2.380048162,s17.358707831
071_37,s-2.928074505,s-0.114128720,s231.006173256
071_38,s-3.875205812,s1.605526473,s292.089206832
071_39,s-2.244856366,s5.231939379,s207.549336677
071_40,s2.366177294,s-2.542806539,s249.429842497
071_41,s4.143322604,s2.152255658,s285.408613688
071_42,s0.867122812,s2.761457762,s309.201532803
071_43,s0.899752317,s1.546692662,s112.381819995
071_44,s3.996931996,s5.228123635,s206.454045985
071_45,s-3.823457177,s-2.421050356,s142.358897045
071_46,s-5.163524777,s1.266828067,s20.351720829
071_47,s2.133130410,s2.775952081,s354.562007886
071_48,s-4.457275402,s3.013864727,s154.778014758
071_49,s-3.300051158,s1.522977557,s101.657767716
071_50,s-0.381010125,s3.072321747,s351.480533012
071_51,s4.557372523,s4.907156979,s99.354768016
071_52,s4.870625479,s1.947138684,s307.789051364
071_53,s2.730508271,s3.075910817,s91.526267832
071_54,s-3.059374636,s4.939971886,s203.400145321
071_55,s0.118291739,s3.709297890,s198.037331357
071_56,s-3.814443924,s3.152704143,s82.541273654
071_57,s2.097499238,s4.783298416,s101.948924118
071_58,s3.362786651,s5.031737800,s300.543028573
071_59,s0.871196588,s-0.563306024,s312.089889131
071_60,s-0.478609163,s-1.476647835,s164.794888708
071_61,s-2.744781029,s2.619641806,s72.059560928
071_62,s2.247857499,s3.642461789,s44.099582312
071_63,s-5.161310179,s2.808937710,s167.371610333
071_64,s0.919411245,s4.072665248,s170.002873434
071_65,s-4.637537978,s5.215009916,s250.000502424
071_66,s4.818528260,s0.941566637,s351.515199783
071_67,s0.871529845,s4.600139903,s159.656256679
071_68,s-4.140955737,s0.872887649,s313.428634507
071_69,s4.821871060,s5.204460345,s64.691255726
071_70,s4.838555255,s-2.723113018,s345.309097561
072_0,s-3.447888779,s-2.984525000,s342.201379400
072_1,s-2.234117255,s-2.831526766,s351.040178421
072_2,s-2.753591352,s1.929874068,s300.257308639
072_3,s-2.638981001,s-4.665661264,s93.137429993
072_4,s-2.135897497,s-0.122325194,s350.269932984
072_5,s1.662066750,s-4.813522704,s163.268956054
072_6,s-3.477001082,s-1.710664330,s117.442879450
072_7,s4.615259523,s-3.968869970,s343.459866905
072_8,s4.948893473,s-4.787752115,s85.618234424
072_9,s1.927374092,s0.765512222,s280.806443431
072_10,s-4.852536842,s-2.290091538,s234.663975059
072_11,s-4.174369826,s-4.340897027,s84.617378842
072_12,s-1.179359290,s-4.869271748,s77.203463076
072_13,s4.837181744,s4.703444892,s79.149321066
072_14,s-2.989846108,s-0.858085610,s53.071193331
072_15,s2.374007407,s-3.113183198,s232.356972332
072_16,s-1.858056818,s3.388243734,s233.853897125
072_17,s4.304400496,s-3.060748971,s233.010357846
072_18,s-4.158687558,s-1.091912831,s197.729705702
072_19,s-1.525696483,s-3.307757008,s100.136869798
072_20,s4.639181580,s3.338943221,s52.305463187
072_21,s1.536593491,s-2.321047083,s264.690504277
072_22,s3.879268382,s-2.936789626,s106.820786491
072_23,s-0.276071894,s-2.701687309,s97.640329595
072_24,s3.951155828,s-3.617052995,s43.649983516
072_25,s-1.385506910,s1.598342752,s253.529286068
072_26,s4.491654226,s-0.213557606,s271.268646522
072_27,s-4.527627243,s1.605754005,s334.176054534
072_28,s-1.013638756,s4.038544571,s284.261058258
072_29,s0.583986239,s2.177013571,s303.822523472
072_30,s-3.636848625,s4.480643091,s159.434053721
072_31,s-0.465062713,s2.569203882,s347.534516281
072_32,s4.858323873,s2.043401704,s121.329951148
072_33,s2.350600968,s2.835582186,s350.554075114
072_34,s-1.000941536,s-4.058162575,s107.715301242
072_35,s0.439148656,s1.248732331,s143.891540009
072_36,s-4.509097841,s2.753251869,s1.237377992
072_37,s0.806855469,s3.695505954,s150.236763026
072_38,s3.349560452,s4.939097442,s146.510389169
072_39,s-2.937510236,s0.256436527,s172.174828564
072_40,s-1.512751449,s-0.632657691,s341.729268495
072_41,s-3.739950784,s3.251881279,s289.520727677
072_42,s0.060436874,s-1.653119184,s207.675398190
072_43,s0.726640067,s-0.494051393,s294.149162564
072_44,s4.747132554,s-2.217137218,s64.476987440
072_45,s-4.776978680,s4.171057387,s282.519303145
072_46,s-4.782908049,s-0.395158216,s39.471000878
072_47,s-3.222826731,s4.392063465,s232.692501453
072_48,s2.107932159,s3.132281177,s92.338482630
072_49,s1.053550350,s4.890060778,s184.728030076
072_50,s2.610502638,s1.500290416,s291.429418200
072_51,s0.982072705,s3.435052211,s167.473667973
072_52,s-0.799939920,s0.012086767,s268.653440646
072_53,s2.805425228,s0.244823133,s297.684887001
072_54,s-2.132757791,s0.577652579,s86.529650191
072_55,s-1.459357731,s4.404152457,s333.704822024
072_56,s-2.739112588,s3.430396471,s221.675280584
072_57,s-1.062977806,s-1.280112778,s247.973566559
072_58,s-4.852536842,s2.528262307,s358.035158155
072_59,s-2.515110369,s-1.632211989,s49.022543524
072_60,s4.778756376,s1.134513341,s150.242674590
072_61,s0.580551486,s-1.500958579,s248.431620540
072_62,s0.878496405,s4.308274216,s64.825474508
072_63,s-3.816792246,s2.694841375,s138.310351087
072_64,s-4.489994613,s-0.841280857,s146.208110181
072_65,s0.027205188,s2.760941266,s52.296966461
072_66,s-0.507414109,s4.682159216,s47.361436183
072_67,s3.778458919,s3.518790376,s66.326965051
072_68,s-2.238148584,s2.599260528,s30.326409211
072_69,s-3.097666191,s4.813952477,s343.162365076
072_70,s3.170499713,s1.681180486,s34.485438763
072_71,s3.850693961,s3.364690254,s123.386958106
073_0,s-5.218008459,s-0.721033659,s0.594687842
073_1,s-1.981491497,s-5.081265848,s230.823411897
073_2,s1.442019800,s2.983264624,s61.652531720
073_3,s-1.271353001,s-5.456418831,s305.537130563
073_4,s-0.543971302,s4.606350150,s7.903064303
073_5,s2.710676511,s1.226333719,s155.161844050
073_6,s5.013390373,s1.058277653,s301.816615953
073_7,s4.224487284,s-4.863120439,s166.792879957
073_8,s4.978871286,s-1.871451712,s216.779975193
073_9,s-1.312026432,s-2.829577415,s207.930739492
073_10,s-1.469668703,s0.988944600,s306.830850072
073_11,s-1.733549734,s0.517549072,s3.790653008
073_12,s-2.501880438,s-0.505227412,s322.920150311
073_13,s1.464419578,s-4.887027825,s181.478822077
073_14,s1.268433594,s0.959795777,s27.724557076
073_15,s0.679036083,s-1.385832615,s105.629052443
073_16,s2.741526069,s-4.974637930,s67.588613849
073_17,s3.371784142,s-5.024767943,s262.286026217
073_18,s-2.959025821,s-1.809873965,s170.200628172
073_19,s-4.190189063,s3.045021957,s355.534222933
073_20,s-3.404463351,s-0.304928243,s308.655151449
073_21,s2.391106769,s-0.515579951,s262.609755535
073_22,s3.168715979,s2.063088468,s10.172060039
073_23,s-2.568265135,s-4.258820855,s81.512977721
073_24,s4.300082646,s-2.764390990,s57.268577508
073_25,s4.925854924,s-4.039249733,s347.667390916
073_26,s4.503016835,s0.716033537,s16.200832839
073_27,s-0.314656653,s4.787525122,s186.194669745
073_28,s-5.336231536,s2.068349339,s320.629075666
073_29,s-2.695127150,s-2.631439824,s244.054599552
073_30,s-3.635676389,s4.440210090,s130.236089479
073_31,s-5.320644623,s0.754327763,s273.255523064
073_32,s3.786761118,s-1.590600541,s271.388885987
073_33,s1.973762627,s2.387131853,s91.179439468
073_34,s2.177163727,s4.812005639,s253.136167727
073_35,s4.843991381,s-2.146707539,s232.918060726
073_36,s4.688912485,s-1.078820902,s355.197578100
073_37,s-3.934743640,s2.217280794,s163.072154820
073_38,s-3.597181292,s-1.181248201,s280.253284489
073_39,s0.010013206,s2.274547698,s336.935217565
073_40,s0.727152098,s4.881099115,s78.114269232
073_41,s2.178948826,s-4.351148257,s89.206912487
073_42,s3.634534861,s3.642722349,s296.527343351
073_43,s1.061762861,s1.732337606,s21.976396184
073_44,s-0.555658972,s-1.276021532,s2.978161002
073_45,s-0.048033104,s3.416011011,s303.063133315
073_46,s1.883503811,s4.480927234,s62.115983023
073_47,s-3.040793411,s0.900605164,s18.931696851
073_48,s-5.086183799,s-4.811930152,s232.742466148
073_49,s2.226334619,s3.797644942,s185.579060187
073_50,s4.172624317,s-0.137581073,s271.651550129
073_51,s3.672164215,s3.988327091,s242.817386534
073_52,s2.959769607,s2.583033416,s300.778966190
073_53,s4.930246873,s3.966357517,s303.316151772
073_54,s-4.898513052,s4.859932659,s83.381940994
073_55,s-3.499719456,s1.293719045,s355.260932231
073_56,s-3.380728900,s4.942597155,s3.353218528
073_57,s-2.847503280,s1.797998232,s171.518594421
073_58,s-1.594983321,s-1.720308262,s23.667675786
073_59,s-1.882963486,s3.279925370,s103.358213936
073_60,s2.767618743,s4.759119038,s197.028345994
073_61,s3.680322906,s2.691106079,s234.262607062
073_62,s4.635259618,s2.911890963,s163.571779081
073_63,s-1.087245826,s3.339869886,s275.265406574
073_64,s-4.485194559,s0.766897378,s168.191238576
073_65,s1.107611963,s4.473161870,s280.563154140
073_66,s-0.784516081,s0.888439445,s31.736401297
073_67,s-4.891851635,s3.815887747,s247.982747501
073_68,s-1.724325145,s4.942597155,s294.226744269
073_69,s1.888330074,s2.872836219,s220.146247210
073_70,s4.916206134,s4.819355242,s301.983276961
073_71,s4.824284242,s1.742828119,s153.345970950
073_72,s-4.312544867,s4.764229799,s39.742190937
074_0,s-5.485159841,s-4.175877256,s209.145961310
074_1,s-5.478732147,s-2.445225788,s2.414716722
074_2,s-4.668264474,s1.447549933,s275.565307731
074_3,s-2.047600514,s-2.546312204,s175.139787321
074_4,s0.667107293,s-4.440954224,s34.706291865
074_5,s-3.118355800,s-4.532625136,s149.750460784
074_6,s0.885656653,s-4.330269636,s258.043169366
074_7,s3.415833825,s-0.349276563,s323.327949101
074_8,s5.397368816,s-4.842292867,s198.409489526
074_9,s-5.765235612,s3.554357990,s252.464900065
074_10,s-2.596335844,s-0.772459825,s215.316355596
074_11,s-2.915116210,s-2.226242902,s275.173437281
074_12,s-5.682213373,s1.207839679,s209.521940793
074_13,s2.620713124,s-1.215620240,s140.884735590
074_14,s-2.806778085,s-3.447536059,s326.142186790
074_15,s-1.088390508,s-5.568676359,s70.166933492
074_16,s5.423372935,s-3.275490421,s156.406931781
074_17,s4.820583917,s2.507793591,s257.265304138
074_18,s0.467078818,s1.428875027,s13.867977448
074_19,s-2.308918268,s-5.150683769,s157.979752842
074_20,s-4.724890875,s0.976370285,s15.106895797
074_21,s-3.658354534,s-0.321661117,s257.989227338
074_22,s4.082019462,s-2.787422541,s315.714430131
074_23,s-2.592730705,s1.032085648,s167.983475490
074_24,s-0.111675161,s-2.856753932,s162.560730308
074_25,s5.383404275,s2.007901455,s256.287793712
074_26,s4.434063759,s-5.086940441,s348.461220270
074_27,s-5.820907374,s0.008512133,s230.752992092
074_28,s-4.464452682,s-1.597480412,s54.683672133
074_29,s-0.374107122,s-0.833406416,s249.531448290
074_30,s1.434865397,s-0.537057367,s84.341709956
074_31,s1.432678322,s2.257151231,s267.523179492
074_32,s-2.593612984,s1.496514661,s257.504673065
074_33,s4.117548597,s-1.194361612,s129.688455428
074_34,s1.219989607,s1.467305085,s276.373585412
074_35,s5.110826845,s0.656211129,s288.941482806
074_36,s2.019059681,s4.052720569,s330.326850945
074_37,s2.859191933,s4.468796740,s254.194503961
074_38,s-1.187219694,s3.809023593,s234.378477075
074_39,s0.192342322,s2.426691312,s270.821460131
074_40,s-0.252883226,s2.172458067,s54.465650259
074_41,s3.754435983,s3.649943233,s72.299951903
074_42,s1.630233331,s-1.239393108,s27.410749015
074_43,s5.120433946,s5.262657072,s196.940385219
074_44,s3.737770204,s-5.561359380,s78.706513376
074_45,s-5.755905003,s5.206610689,s167.360975772
074_46,s-4.454360861,s2.165006253,s308.225785282
074_47,s3.332052431,s0.475011608,s23.803620910
074_48,s-1.873070781,s0.477885206,s337.218430942
074_49,s4.368858999,s3.949357785,s297.467556736
074_50,s5.310598417,s4.047865053,s196.547666617
074_51,s2.491154385,s3.113451960,s154.491243550
074_52,s2.626166273,s2.602427002,s278.463204581
074_53,s4.438862868,s0.460972153,s340.051914341
074_54,s-4.997256522,s3.868044006,s299.377777420
074_55,s-4.180845037,s2.787346132,s120.950214426
074_56,s-0.826538640,s4.855508203,s96.003766036
074_57,s-0.120167269,s3.950860247,s321.038966743
074_58,s0.053427970,s5.110076570,s6.718871193
074_59,s-0.776536900,s2.923768693,s60.674338173
074_60,s-1.777110924,s2.407408749,s218.526288381
074_61,s3.184984470,s1.357502027,s84.623581307
074_62,s0.746759710,s3.041860601,s350.223750566
074_63,s-2.170816193,s4.458704841,s79.817831112
074_64,s-4.231495253,s0.505290145,s235.171197012
074_65,s-5.408130471,s2.191201834,s70.151027800
074_66,s-4.183850607,s5.364534343,s312.225350278
074_67,s0.596875736,s4.995011590,s45.366892594
074_68,s4.293005563,s5.098091038,s89.042415939
074_69,s2.108505760,s4.999434651,s299.194644150
074_70,s3.595635779,s5.364534343,s63.353996521
074_71,s3.068589970,s5.157309613,s61.802846150
074_72,s-4.203812787,s3.893415634,s93.240679422
074_73,s-3.261362128,s3.253339852,s212.393821263
075_0,s-4.330759409,s-4.046920678,s314.578599362
075_1,s-2.606190877,s-5.216664459,s304.559078963
075_2,s-2.050630589,s-0.513432274,s228.187316325
075_3,s-0.763155998,s-5.466016221,s7.274983303
075_4,s-5.705266480,s-2.556792388,s216.578864540
075_5,s0.089743990,s-4.134191552,s233.209103698
075_6,s0.064853260,s1.152407590,s294.352623133
075_7,s-1.440941702,s-1.508245398,s163.198500312
075_8,s3.976125735,s-1.990631332,s12.489664647
075_9,s5.247875001,s-2.515072658,s116.556233156
075_10,s-5.266317101,s4.923136898,s195.652173443
075_11,s0.783211334,s-2.777057150,s146.822078975
075_12,s-4.164338577,s0.963659612,s50.437798731
075_13,s-1.872933941,s-2.556394427,s179.304601274
075_14,s0.122761665,s-0.468252345,s28.764976298
075_15,s4.445235135,s1.521632478,s180.214765765
075_16,s3.125066279,s-5.260592238,s39.047436925
075_17,s2.316033879,s0.247559632,s118.575826726
075_18,s2.639394476,s0.742884542,s122.543400665
075_19,s5.394039438,s1.601514108,s281.098643545
075_20,s-4.424548646,s-0.547511134,s300.150552798
075_21,s-3.369440941,s-0.411442149,s130.649259850
075_22,s-5.781056434,s-1.398629136,s255.816794570
075_23,s1.543555536,s-0.060773806,s332.526927697
075_24,s-3.754460374,s2.325218392,s218.793005294
075_25,s-1.222629358,s2.035123095,s188.739503373
075_26,s5.079945685,s5.181447486,s247.475215923
075_27,s4.300530678,s-0.756023245,s333.451041232
075_28,s2.897229532,s-1.448258419,s269.648039995
075_29,s3.345958626,s-0.464970129,s314.434889769
075_30,s-3.392243294,s4.867190324,s222.170295452
075_31,s-3.348440432,s4.325048871,s146.641852406
075_32,s-5.731066459,s-4.066433902,s337.358989682
075_33,s-4.710278266,s-5.304788501,s140.717329575
075_34,s-2.468898494,s-4.507930359,s136.479655337
075_35,s4.761955075,s-1.066830018,s39.901906107
075_36,s-0.434478979,s4.355130377,s168.940336115
075_37,s-0.209634645,s-1.570507089,s284.732118955
075_38,s4.343856855,s2.163181860,s346.367342151
075_39,s-1.193849558,s3.449108765,s74.653260067
075_40,s-2.372279050,s5.589636479,s65.293396850
075_41,s-2.459352325,s2.958820324,s312.452020834
075_42,s-2.641511297,s0.389744561,s53.094033685
075_43,s-1.895169221,s4.798200539,s5.185875916
075_44,s3.049218851,s4.388683003,s131.359178173
075_45,s2.463257426,s1.676916630,s208.973360874
075_46,s0.944685515,s3.347434557,s136.442168858
075_47,s3.620914897,s4.584504462,s17.688785049
075_48,s4.829062474,s2.467756999,s254.086742356
075_49,s1.097858064,s-1.281628494,s244.151562208
075_50,s-4.202289542,s5.380740638,s153.941435121
075_51,s-4.253632062,s-1.504165717,s32.964515883
075_52,s-3.298804799,s3.534315690,s116.696457765
075_53,s-0.962788107,s0.709446000,s24.759237123
075_54,s-5.768693322,s5.532944999,s179.473699193
075_55,s1.819884128,s5.627600965,s191.600441451
075_56,s0.645097096,s5.425892542,s69.678010398
075_57,s5.356364150,s4.463131920,s190.135057002
075_58,s2.566776298,s2.048744971,s158.672928912
075_59,s5.334800783,s3.166124369,s46.058049415
075_60,s-2.504660599,s4.400956459,s280.761979983
075_61,s-5.403733979,s1.688422966,s200.028519474
075_62,s-2.055249010,s1.825404899,s359.897602036
075_63,s-5.832010612,s0.299038932,s187.423227016
075_64,s-1.306121452,s5.612482420,s211.541251994
075_65,s-2.377965611,s0.950913153,s10.750167070
075_66,s-1.904661864,s-4.432267041,s339.402166189
075_67,s4.208618364,s5.507137623,s158.324016841
075_68,s0.394557143,s3.734987970,s92.506422445
075_69,s1.925833458,s4.765936360,s12.889251331
075_70,s-5.017038518,s0.095948500,s177.711850192
075_71,s-4.164336801,s3.276070704,s342.225029405
075_72,s-1.505227727,s3.436115628,s252.453387129
075_73,s-0.333547428,s1.433564808,s36.824060378
075_74,s0.412976866,s4.381453704,s120.408760668
076_0,s-4.990724462,s-4.134773151,s240.294444017
076_1,s-3.252694470,s-1.627935145,s10.529868257
076_2,s2.623672161,s-3.329482212,s80.258503704
076_3,s1.788773242,s-4.529674489,s68.791586904
076_4,s-3.282969348,s-3.651593056,s297.453120687
076_5,s4.114245641,s-5.369171989,s160.823241452
076_6,s0.145694444,s-2.847652875,s171.211367816
076_7,s5.248653534,s0.239938127,s126.922848042
076_8,s5.280296087,s-3.742077628,s265.369168127
076_9,s-0.164692674,s-0.192442966,s78.998841011
076_10,s2.020816012,s-3.868185186,s80.917434696
076_11,s-1.857577981,s-0.819636011,s331.819874136
076_12,s-0.903226945,s-3.411897497,s332.584460679
076_13,s-4.085489199,s-4.757482313,s91.944347266
076_14,s-0.182238541,s1.979163442,s293.538151830
076_15,s-2.047749986,s1.485190189,s312.134063204
076_16,s3.910130405,s2.375168738,s293.698553634
076_17,s0.519203912,s-2.126401831,s33.132801483
076_18,s5.235723414,s-0.420084922,s256.237601618
076_19,s1.691988908,s3.302365011,s16.736481462
076_20,s-3.704349091,s1.152241323,s304.510706332
076_21,s-4.764783610,s-0.679133042,s75.961596603
076_22,s-3.349662757,s1.985639070,s158.691654335
076_23,s1.881874179,s-5.430993075,s329.155853783
076_24,s-2.471425278,s-2.935388415,s124.650792242
076_25,s-3.567388444,s-0.913288921,s127.062337388
076_26,s-0.431548838,s0.454559163,s19.962991158
076_27,s3.572222295,s-4.029824412,s355.772988998
076_28,s0.618355096,s1.655104833,s267.631386028
076_29,s4.149493691,s-3.259339418,s145.718746264
076_30,s-4.671464215,s5.198937569,s171.891378630
076_31,s-4.349164293,s0.573150718,s269.645222369
076_32,s-2.407390773,s-3.592349992,s45.871057193
076_33,s-3.886974554,s0.370861050,s18.354033260
076_34,s0.844303196,s-0.435204778,s157.323383749
076_35,s3.533265190,s-0.883585504,s42.333578476
076_36,s-1.186531968,s2.161435694,s164.551605463
076_37,s-0.618097221,s3.312106325,s234.590707055
076_38,s2.029230357,s-1.491639388,s54.781342564
076_39,s4.787434240,s4.236090889,s348.608711616
076_40,s-5.733438760,s5.166532127,s332.011749981
076_41,s-5.250812910,s0.903889322,s50.663209423
076_42,s-5.570418546,s-1.197918625,s140.648031316
076_43,s3.333214605,s2.264885323,s191.920619744
076_44,s-5.690232030,s3.823652938,s346.197657789
076_45,s3.512256633,s1.059491255,s124.003260284
076_46,s-1.527026816,s0.315446086,s122.098090918
076_47,s1.897296598,s4.871363286,s29.076750303
076_48,s3.112950979,s4.904522331,s115.949514616
076_49,s0.886636917,s3.217040814,s2.468691730
076_50,s-5.710200480,s2.903745914,s200.945892397
076_51,s-1.515362783,s5.337470785,s10.219204010
076_52,s2.117791612,s5.260979148,s347.191585273
076_53,s-1.942738248,s2.051544397,s350.226914250
076_54,s-0.816158117,s4.175852648,s200.767748945
076_55,s4.986699403,s5.311634288,s94.383955382
076_56,s-2.861030891,s0.105157044,s69.524611003
076_57,s5.212453650,s3.475320506,s75.655430371
076_58,s5.229780347,s1.218473878,s92.862108722
076_59,s5.150058461,s5.094671340,s159.336618144
076_60,s-2.436507199,s-0.050173079,s333.731099249
076_61,s-5.064296020,s5.051683018,s290.857504663
076_62,s-2.648062875,s3.461864470,s143.615815254
076_63,s0.468362289,s5.318267278,s62.327269700
076_64,s-1.964281626,s4.213656844,s224.979865203
076_65,s-2.947492082,s4.193861276,s359.943727503
076_66,s0.983996632,s4.955069168,s121.127581399
076_67,s5.067166014,s1.083582796,s7.119185000
076_68,s4.021193636,s-0.871773866,s196.781304372
076_69,s-0.447795419,s3.801411272,s315.265636491
076_70,s-3.484826064,s4.371019123,s183.739463232
076_71,s-1.878159639,s5.202897971,s8.556824244
076_72,s-2.701562700,s5.305771790,s11.349698003
076_73,s-0.455085544,s5.130560278,s19.025325143
076_74,s-3.549421554,s-0.354305163,s141.071034279
076_75,s1.368731381,s5.088690806,s181.553293160
077_0,s-5.445736596,s-4.302850514,s214.173296733
077_1,s-5.182024369,s-0.612314074,s166.503914833
077_2,s-4.385416254,s-4.355873484,s297.824498826
077_3,s-3.934881296,s0.353902852,s50.614116718
077_4,s1.450461362,s-3.149276889,s56.459888503
077_5,s1.640535625,s-2.103696451,s283.311949677
077_6,s2.275953739,s-4.924935758,s50.717023480
077_7,s4.790111864,s-3.014991289,s309.867733101
077_8,s5.100253060,s-5.643171034,s91.341861371
077_9,s5.875665352,s-4.040960577,s318.736305374
077_10,s-5.687369504,s1.044584130,s323.578016977
077_11,s-4.219081278,s-2.196705666,s289.220892786
077_12,s-0.868693344,s-1.687929647,s218.779395740
077_13,s-1.455616263,s-4.808615462,s197.675482864
077_14,s0.194183166,s-5.123268057,s89.982548904
077_15,s0.839706618,s3.054951964,s7.167975660
077_16,s-5.390012255,s-1.321436626,s22.238117768
077_17,s0.613994016,s-1.208025904,s280.656090857
077_18,s5.784653418,s0.614223397,s116.477826652
077_19,s-4.887734459,s1.918054846,s242.678074167
077_20,s-3.656273683,s-0.931828886,s228.677235068
077_21,s-5.732583542,s-2.048140754,s216.424126262
077_22,s-0.535657838,s-0.451296356,s271.164597332
077_23,s-1.988632528,s-3.364019252,s140.646965241
077_24,s2.391192020,s-3.077941376,s4.237603235
077_25,s0.785853284,s-3.285771529,s145.390337270
077_26,s2.242925834,s1.748123293,s359.128846741
077_27,s-2.858119292,s-5.176877973,s264.516920174
077_28,s3.283422604,s-0.493496292,s151.424001578
077_29,s-0.732722579,s-5.812348110,s202.788126729
077_30,s-3.474274164,s5.259589556,s345.585521785
077_31,s-5.668616648,s5.291259310,s303.727804695
077_32,s2.175777311,s-1.093258608,s251.910929410
077_33,s-3.717560167,s2.377089382,s68.971998777
077_34,s0.825559584,s-0.305361265,s3.536639814
077_35,s-1.476317357,s-0.325010995,s124.491105816
077_36,s5.380203559,s2.091357741,s304.365881520
077_37,s5.885883711,s4.329035289,s297.580802651
077_38,s2.942310587,s4.964566475,s21.065735839
077_39,s4.605013787,s-0.532423275,s258.134110117
077_40,s-1.475506240,s1.822190269,s64.533999853
077_41,s-5.795296396,s4.339486457,s91.634936841
077_42,s3.901746520,s3.209009000,s62.733086547
077_43,s-4.734733196,s0.716721805,s222.213903097
077_44,s-2.616035309,s1.305492811,s267.380558682
077_45,s0.501210639,s3.967051439,s94.422584444
077_46,s-2.885490821,s1.988940144,s309.814562067
077_47,s4.357379175,s2.467014271,s274.503750658
077_48,s5.050497780,s5.392376964,s347.469437046
077_49,s5.163885040,s0.911888157,s214.597852233
077_50,s1.537074546,s4.511171622,s249.844038097
077_51,s-1.784036178,s2.825746513,s170.111097220
077_52,s3.181942528,s4.802332411,s145.709051338
077_53,s2.219736933,s3.625714005,s357.865550838
077_54,s-2.895335190,s3.777310723,s345.185504937
077_55,s4.962268475,s4.260134785,s152.610368984
077_56,s0.341563725,s1.254666486,s243.539175306
077_57,s3.590086010,s4.746696675,s249.034033783
077_58,s4.393286923,s5.665548572,s329.559543360
077_59,s5.781605502,s-0.396222435,s345.460078981
077_60,s-5.743254935,s1.719254947,s115.417273017
077_61,s-1.382713207,s2.213643132,s191.925092271
077_62,s-2.672143728,s1.980923756,s262.277283637
077_63,s-1.620050452,s4.138889983,s41.633086884
077_64,s-0.837175315,s3.688175518,s224.335118508
077_65,s-0.466932670,s-0.312880980,s119.354972522
077_66,s1.762430528,s5.585120391,s5.270758331
077_67,s3.762131583,s4.597404759,s84.747980810
077_68,s5.721115757,s1.406355713,s241.850144531
077_69,s0.026265022,s4.789709879,s36.558256941
077_70,s-1.582522053,s5.752729650,s355.181993017
077_71,s-0.634344352,s5.108199279,s285.337788957
077_72,s-0.513830617,s0.874788697,s225.828187105
077_73,s-4.396773258,s5.137028709,s94.197560669
077_74,s-5.261686534,s3.282375079,s230.954506323
077_75,s3.119775577,s5.705555650,s334.339029049
077_76,s5.801904640,s5.749768118,s96.168077599
078_0,s-5.518424926,s-5.474582961,s202.821445289
078_1,s-3.108530945,s3.337614441,s101.178132635
078_2,s1.620362258,s0.732644943,s227.784554658
078_3,s-1.292798921,s-5.770374202,s103.310553126
078_4,s0.584001125,s-3.900874129,s214.868347537
078_5,s5.695478165,s-2.188786234,s29.807796405
078_6,s0.736208386,s-2.472098182,s141.495158729
078_7,s4.257182638,s-1.094009722,s60.468382083
078_8,s4.428137450,s-4.077199564,s222.360855883
078_9,s5.702786496,s-4.225997483,s103.706816804
078_10,s-5.118732410,s-4.141186375,s233.788876761
078_11,s-1.545115120,s-2.433659521,s338.367041991
078_12,s5.226505326,s2.130754249,s128.951706382
078_13,s-3.957530942,s-2.171728943,s202.986544755
078_14,s0.074357873,s-4.665797705,s321.431540374
078_15,s5.653163825,s-0.424374669,s34.743217645
078_16,s4.721450099,s0.661222537,s42.490284965
078_17,s0.777973626,s-5.761480446,s202.118670060
078_18,s5.055896429,s1.339316514,s98.733152308
078_19,s3.267261539,s1.001991691,s134.207628139
078_20,s-3.815827032,s-0.807789817,s95.105110046
078_21,s-5.267703801,s4.757064221,s318.918531706
078_22,s-1.258217430,s0.747654715,s101.482682335
078_23,s-1.798234008,s0.759374685,s231.874282094
078_24,s-1.004707067,s-0.411782195,s99.064231658
078_25,s0.517943880,s-2.646295817,s10.685617751
078_26,s2.180352179,s-5.355531618,s37.719936170
078_27,s1.967399386,s0.592722150,s202.130312426
078_28,s1.318864327,s2.120887115,s349.054084866
078_29,s5.002307600,s3.778989277,s4.016649843
078_30,s-5.736401224,s0.791140978,s339.021363859
078_31,s-3.507246634,s-5.708938477,s171.957562349
078_32,s2.037601951,s4.977797900,s251.561201636
078_33,s-5.883843065,s-0.279087297,s306.604939283
078_34,s-0.841308117,s-5.258147285,s159.677401555
078_35,s-0.142529569,s0.560856951,s102.071154438
078_36,s0.780975620,s5.766550096,s259.188328872
078_37,s2.401508870,s1.185161573,s64.441182196
078_38,s5.503103985,s4.809843518,s309.452302043
078_39,s3.381308231,s-4.717050847,s130.719391386
078_40,s-5.476788795,s1.826020808,s126.385125230
078_41,s-4.925611084,s-0.124452859,s13.165940593
078_42,s-4.793803964,s-0.981559109,s149.671014939
078_43,s-2.388379128,s4.504112816,s214.594332038
078_44,s-1.265356363,s5.615293866,s306.089004082
078_45,s3.668681724,s4.948334966,s244.624415662
078_46,s-3.950892992,s4.298112728,s244.209256901
078_47,s5.657462577,s-3.021457886,s69.677360530
078_48,s-4.285437697,s1.905390931,s174.634654926
078_49,s0.309297028,s3.154273053,s23.258972049
078_50,s-4.128096656,s1.309542296,s66.453944798
078_51,s-1.157658290,s3.373559970,s167.472650512
078_52,s-5.837743015,s3.735909184,s303.141420815
078_53,s-1.694131653,s4.878563299,s20.705093092
078_54,s-2.195346090,s3.277227487,s75.324837705
078_55,s-1.146030719,s1.663453567,s165.236456564
078_56,s0.560809718,s4.648030875,s272.999351545
078_57,s2.933314422,s-2.395945186,s187.811097111
078_58,s0.801071088,s3.513113847,s159.876318324
078_59,s2.251889934,s2.157456535,s234.633074716
078_60,s2.735976640,s-2.876075836,s67.042333874
078_61,s0.193044672,s5.696404099,s298.624582173
078_62,s1.512928039,s3.159718016,s63.022510197
078_63,s-0.696063675,s2.728444607,s309.592538119
078_64,s0.774237828,s1.744445780,s105.789107150
078_65,s1.626977340,s5.585344004,s296.947718034
078_66,s4.980885166,s5.706120342,s113.333201656
078_67,s3.166460133,s2.018796558,s184.249720541
078_68,s3.577268045,s5.743373922,s265.122476062
078_69,s2.936852622,s5.807744437,s29.706419261
078_70,s-5.788012378,s2.957027002,s157.151855816
078_71,s-2.642689269,s-0.315616190,s233.221666368
078_72,s-5.397489146,s5.804827807,s261.157052308
078_73,s-2.616772800,s0.721999873,s176.016980797
078_74,s3.987200179,s3.386959948,s287.216517757
078_75,s-5.227689177,s3.648298935,s298.069600572
078_76,s4.583504179,s3.142426117,s144.520782578
078_77,s-0.364269948,s3.695996043,s168.528317739
079_0,s-5.347181161,s-3.445640279,s175.882910407
079_1,s-3.867338861,s-3.095560409,s269.126876446
079_2,s-3.052297529,s-2.019156525,s95.595096203
079_3,s-0.785719457,s-1.165012684,s53.756935820
079_4,s-3.573433291,s-4.732912047,s95.615844261
079_5,s1.614080751,s-4.969218732,s289.942785475
079_6,s4.208277383,s-5.272125265,s251.544576759
079_7,s0.006194071,s5.107567395,s311.091032438
079_8,s5.093550194,s-2.465509485,s292.242259319
079_9,s3.789022708,s-3.549339198,s184.623432668
079_10,s-1.444694780,s-3.561481165,s141.143158575
079_11,s-0.769530405,s-4.345061125,s142.587719318
079_12,s-0.679077430,s-2.843331852,s192.954295502
079_13,s-2.957144475,s-0.449681931,s242.915710351
079_14,s3.828999515,s1.424390821,s301.590783933
079_15,s5.163316698,s-4.408090475,s336.003106162
079_16,s1.754004532,s2.128506116,s134.844629432
079_17,s4.473996999,s-1.862519452,s336.492981730
079_18,s4.580052225,s3.936832112,s70.280465631
079_19,s5.005446730,s-1.893304642,s64.555755212
079_20,s-5.232310493,s1.964451926,s4.792674064
079_21,s-4.775541596,s-4.988649599,s44.157614910
079_22,s-1.121358406,s4.636951101,s143.512405361
079_23,s-2.497459020,s3.096482322,s129.669659568
079_24,s-0.662584502,s3.077628939,s16.974918780
079_25,s-4.954160226,s-0.139165270,s172.882189963
079_26,s0.861447893,s-5.357442148,s119.929473389
079_27,s0.853736232,s3.359553919,s235.495079453
079_28,s-2.324937345,s0.039186023,s310.637437588
079_29,s5.190916844,s-0.483122190,s26.391881380
079_30,s-1.938492763,s1.776198612,s65.380053226
079_31,s-5.122848303,s0.641540925,s355.047781662
079_32,s0.232736954,s-4.791991660,s343.510272532
079_33,s1.407642374,s-0.990418293,s18.744340443
079_34,s4.215257442,s-1.477402940,s75.677882080
079_35,s-1.465745713,s-1.541083085,s24.794125068
079_36,s0.630031895,s2.043977832,s200.019793252
079_37,s5.024494193,s3.441815377,s245.859052777
079_38,s2.120362077,s-1.661248385,s261.827280698
079_39,s3.082800787,s-1.422788637,s75.584493989
079_40,s-2.262584630,s0.819112152,s139.200324715
079_41,s-5.360394508,s-0.145254300,s350.115782150
079_42,s-5.135429155,s4.187595700,s276.903564634
079_43,s-2.008492640,s5.100517568,s140.389699594
079_44,s2.956395535,s5.115537362,s192.251354533
079_45,s-3.612662464,s1.942141239,s288.581164543
079_46,s0.878137827,s3.208163681,s117.531724864
079_47,s0.467234273,s-0.456871166,s147.037061687
079_48,s4.748676510,s0.832979073,s117.892774073
079_49,s5.137398142,s-0.820572971,s42.824093331
079_50,s-3.331679079,s4.814381891,s79.272551065
079_51,s-3.915740054,s4.723093087,s320.709156136
079_52,s-4.158866009,s-3.369184402,s300.857154118
079_53,s4.669280497,s5.051191197,s137.232635109
079_54,s2.667300017,s2.139456290,s52.145822186
079_55,s-4.353044320,s0.946288204,s132.158918773
079_56,s3.117545558,s3.151520784,s267.748505610
079_57,s-5.414094934,s3.064257050,s134.688656415
079_58,s1.820304941,s1.265789555,s51.436372478
079_59,s3.032777780,s1.756847601,s152.374461675
079_60,s-4.145547820,s0.641443738,s227.610321787
079_61,s-4.714045124,s3.798682801,s246.731016101
079_62,s-4.871819140,s5.165951458,s214.975717614
079_63,s0.980868218,s4.719175721,s325.853306722
079_64,s0.454071627,s3.466597307,s286.976631817
079_65,s-2.774341390,s4.616816411,s148.281564493
079_66,s0.063955730,s0.322690884,s340.382216246
079_67,s-3.089735144,s-2.675603569,s314.658884783
079_68,s4.103417939,s2.424463288,s138.914400270
079_69,s5.183772415,s0.288879354,s267.242227344
079_70,s-1.118154090,s1.497718981,s338.305619566
079_71,s-0.885884656,s5.149606078,s319.352250742
079_72,s-2.214449664,s4.365844162,s306.602147288
079_73,s-1.189833409,s2.778651152,s199.231996685
079_74,s0.320323236,s-1.822716124,s107.191876768
079_75,s2.240543952,s-0.493322636,s63.655091870
079_76,s2.536987993,s5.073493319,s162.584033410
079_77,s2.105415127,s4.188257187,s220.115961527
079_78,s3.344661412,s0.018958323,s144.560110076
080_0,s-3.384880493,s-4.028562770,s41.799694665
080_1,s-4.313543439,s1.602001342,s39.042737212
080_2,s-2.321630045,s-4.878242520,s237.381664809
080_3,s0.877091115,s-3.274488224,s135.284775780
080_4,s3.479736113,s-4.166875048,s83.599220187
080_5,s0.042292330,s2.619991855,s223.253952262
080_6,s-3.689885581,s1.127629879,s151.012553245
080_7,s5.013150601,s-5.330044442,s288.282896877
080_8,s3.148420213,s-0.394716336,s357.918750443
080_9,s5.223578562,s-1.137864447,s269.428425022
080_10,s-4.315706943,s-5.428858083,s125.440906299
080_11,s-4.503528921,s-1.387109921,s253.369580308
080_12,s-2.277576831,s-3.506914068,s152.649014564
080_13,s2.972756351,s-3.139961132,s212.802583388
080_14,s2.397262604,s-4.709861044,s248.944946272
080_15,s-0.901937573,s-5.488856595,s260.127058033
080_16,s2.859033913,s1.645948837,s17.189575176
080_17,s2.737431742,s0.095110308,s75.721223319
080_18,s4.022233171,s-4.078658917,s55.476216978
080_19,s1.366222041,s-5.126904254,s114.580231358
080_20,s-5.516358841,s-1.333668153,s234.879781086
080_21,s1.574367417,s-2.490355850,s66.603327607
080_22,s-3.989407211,s0.589126544,s315.707361916
080_23,s-1.035589504,s-4.554245886,s287.218677943
080_24,s2.625639005,s-1.930092045,s243.485376193
080_25,s0.610043712,s2.673194983,s28.720764446
080_26,s0.467232815,s2.234236434,s11.344416438
080_27,s2.556545844,s2.061429440,s111.865580994
080_28,s5.021441181,s1.550182644,s186.246454135
080_29,s4.382281867,s0.149024756,s91.887408635
080_30,s-4.411226887,s-0.528893001,s39.706115969
080_31,s-2.844903885,s4.064961988,s93.401287829
080_32,s-2.258355286,s-2.898887903,s344.822629432
080_33,s-3.682235749,s5.170650554,s232.071549904
080_34,s-4.852560950,s0.274848867,s31.222468924
080_35,s-4.213165027,s-2.776290372,s186.567304055
080_36,s-1.026083990,s5.201869735,s246.168367467
080_37,s0.035627140,s-0.050368127,s288.702018782
080_38,s4.625141371,s-0.586950874,s204.308002545
080_39,s2.632443768,s-0.544842682,s119.346380277
080_40,s-4.707546404,s4.060718827,s227.252926187
080_41,s-2.826880590,s1.112969019,s137.725109411
080_42,s-4.674874662,s2.984952056,s215.643943403
080_43,s1.105848889,s5.170970084,s296.127613202
080_44,s-4.404126609,s3.525200980,s53.267826817
080_45,s2.607911523,s4.735479635,s21.771554828
080_46,s-0.320257259,s2.270594422,s227.596873656
080_47,s3.824911403,s3.074517019,s171.477527862
080_48,s-0.711197415,s-1.045954166,s123.039480257
080_49,s4.354681598,s4.081281096,s161.665240379
080_50,s-3.554505902,s2.805881063,s58.778270641
080_51,s-0.327698283,s4.454494762,s81.025597090
080_52,s-5.550922037,s-2.134440664,s212.820208647
080_53,s-3.710391047,s-0.602148214,s303.187306999
080_54,s-0.124023835,s5.256117770,s274.260280179
080_55,s4.870059324,s3.948186605,s113.352571208
080_56,s-2.135422200,s1.849830379,s87.369811466
080_57,s5.221842317,s5.075456535,s60.157545616
080_58,s-1.191823819,s0.964144958,s289.558419440
080_59,s5.288057025,s3.267005645,s320.058303813
080_60,s-5.571743030,s3.054492717,s145.615438320
080_61,s2.013727249,s3.178234501,s82.570479690
080_62,s-1.712014953,s-0.011829037,s301.376079193
080_63,s-5.237091102,s5.247280314,s36.212136033
080_64,s-1.807690500,s4.654429248,s326.548542695
080_65,s-2.546659767,s3.271175890,s242.025850272
080_66,s0.676512836,s4.447964326,s140.440231833
080_67,s-0.048043353,s-1.856770991,s80.622792958
080_68,s-1.552212404,s3.692989202,s303.432303981
080_69,s-3.516097156,s4.610725030,s287.381283858
080_70,s-0.263289665,s-3.063287880,s137.210201442
080_71,s-5.052583238,s4.423781674,s38.151864124
080_72,s-2.397126040,s5.179525279,s266.885885671
080_73,s3.888183925,s1.492074600,s288.670592676
080_74,s-5.548797828,s4.899696014,s203.318902359
080_75,s2.192325801,s4.402686063,s359.666575824
080_76,s5.014982025,s2.349555030,s162.376583327
080_77,s2.565822831,s3.566601131,s135.178008628
080_78,s3.767642597,s2.292862470,s85.921709505
080_79,s0.977361157,s2.027217999,s263.442166830
081_0,s-5.578495108,s-3.144695238,s222.489418827
081_1,s-5.118361082,s-4.109109348,s294.313307816
081_2,s-2.940734544,s-2.903383580,s77.778314087
081_3,s-4.837835688,s-5.788903904,s8.311842895
081_4,s1.163323343,s-3.770081541,s205.146152266
081_5,s2.610377889,s1.728238055,s280.397181206
081_6,s5.555888463,s-3.461001819,s141.961362820
081_7,s1.229557325,s-4.788906640,s301.949708445
081_8,s2.223068466,s-2.862639702,s293.451782182
081_9,s5.709847054,s-5.891742576,s297.628804720
081_10,s-1.959426138,s-2.513211875,s318.916664696
081_11,s-5.248800486,s-1.807584749,s45.674223445
081_12,s-0.719481602,s-1.340902003,s164.158177375
081_13,s-0.749406053,s-5.341143382,s315.645959029
081_14,s5.377603895,s-1.467680639,s316.593850862
081_15,s2.318430033,s-1.906637481,s19.176928282
081_16,s1.418778166,s0.725410330,s175.118393907
081_17,s4.859996180,s-3.746025644,s218.734882060
081_18,s-1.787233746,s1.137769620,s34.629672777
081_19,s5.677054432,s0.582774305,s221.004495355
081_20,s-3.703161209,s5.066219876,s113.254377689
081_21,s-4.759484435,s0.243739998,s179.271152091
081_22,s-2.014529964,s-0.020138264,s41.710078174
081_23,s-3.524088444,s0.304692140,s118.755152682
081_24,s0.117326661,s-3.610450163,s69.283676793
081_25,s2.148990173,s-4.212480023,s228.969318406
081_26,s4.106543028,s-4.139466590,s87.088582733
081_27,s4.154685443,s-1.230637165,s166.517404163
081_28,s-0.188109043,s-1.311835120,s27.507467156
081_29,s4.212473218,s-5.205878790,s66.623557302
081_30,s1.502554783,s-2.302253975,s17.503872327
081_31,s-3.366133976,s4.412183006,s94.506241412
081_32,s-1.967534249,s4.142132895,s75.287131034
081_33,s0.769810974,s-1.435901133,s200.204458863
081_34,s1.767363851,s2.356423085,s223.750373869
081_35,s-4.507392365,s-1.873310982,s352.554960157
081_36,s0.348939007,s-4.605893423,s261.202061391
081_37,s5.521304220,s3.594730597,s183.014420684
081_38,s4.188571511,s0.052836842,s14.895511964
081_39,s5.588037494,s4.794614935,s165.503152745
081_40,s-3.198009986,s-0.648763913,s294.583359009
081_41,s-1.980034726,s5.350000030,s2.053995847
081_42,s-3.494736481,s-5.145056631,s105.834990889
081_43,s-3.065187393,s0.539516668,s102.109679174
081_44,s-5.627803300,s1.648593038,s98.688114416
081_45,s1.838779176,s1.485108102,s165.637226924
081_46,s4.436555213,s0.842954269,s263.520691271
081_47,s-1.140886249,s1.602678232,s273.148547454
081_48,s5.310511523,s-0.175198149,s261.212215030
081_49,s0.324264258,s0.731963237,s260.139010659
081_50,s-4.182313534,s1.189233011,s245.184072854
081_51,s-0.951165314,s0.655585955,s94.967430397
081_52,s-1.275916814,s-0.094171021,s300.203701423
081_53,s-5.627803300,s5.269341231,s78.899903783
081_54,s-2.545333341,s0.685372408,s310.490462746
081_55,s-0.523682357,s4.538083667,s320.316745595
081_56,s4.157448183,s3.412053169,s17.720865560
081_57,s5.083122706,s4.355790210,s26.964071177
081_58,s5.603786003,s0.997935972,s263.760210779
081_59,s2.083720235,s4.801886949,s238.583095932
081_60,s-1.711226260,s1.550781659,s3.808454161
081_61,s-4.990218888,s2.639742849,s243.938129956
081_62,s-2.803837841,s2.350786005,s6.933415060
081_63,s-2.510570476,s5.196475519,s303.336137955
081_64,s0.680485076,s5.402352256,s19.850353731
081_65,s-1.157983317,s-2.793507573,s118.951218807
081_66,s-0.073129797,s5.008311380,s157.358104197
081_67,s-0.589932290,s2.406255770,s149.862389002
081_68,s1.091309890,s4.311446609,s302.597261034
081_69,s3.405512644,s3.989600699,s72.675848150
081_70,s-4.070523068,s5.402352256,s2.065915166
081_71,s-3.334634038,s-1.878090517,s12.777914028
081_72,s-1.301523038,s3.348628564,s355.557555974
081_73,s5.397103292,s2.696467814,s322.536022595
081_74,s-5.511308851,s2.295854944,s287.189140657
081_75,s-0.232166532,s2.804438753,s229.795247420
081_76,s1.477595644,s1.919216923,s180.779702505
081_77,s0.934025960,s2.675792435,s173.913900319
081_78,s1.404864450,s5.323177610,s331.637430111
081_79,s4.054064148,s5.319747767,s324.908606037
081_80,s-2.497583350,s1.136125641,s294.724620136
082_0,s-1.795572488,s-0.843659411,s311.423702276
082_1,s-3.743989228,s-3.401527703,s5.609052968
082_2,s-0.361476361,s2.569561798,s270.675110086
082_3,s-2.451193633,s-2.887770441,s172.938294133
082_4,s3.793712882,s-0.246148518,s178.755021477
082_5,s-0.015447989,s-5.218973083,s147.697844321
082_6,s-0.448202434,s-1.271889701,s40.963834223
082_7,s3.800815852,s-2.170662366,s278.810425675
082_8,s4.368063358,s-4.797063649,s354.273921236
082_9,s5.113799187,s-3.326082823,s256.185514977
082_10,s-0.632277341,s-4.430335235,s169.971847244
082_11,s-5.257131809,s-0.696294448,s335.870168461
082_12,s-1.111834062,s-5.046716950,s218.222947490
082_13,s-0.750932224,s-0.522527734,s66.807980324
082_14,s-4.383575988,s-2.113054772,s189.093681718
082_15,s1.391104258,s-1.219486719,s261.408360694
082_16,s0.802358602,s-5.129374828,s103.701346290
082_17,s2.260395580,s-2.179596933,s201.010823214
082_18,s3.623202747,s-2.925342518,s259.552501506
082_19,s-1.704095783,s2.280668741,s273.316652750
082_20,s-5.119179426,s4.861133428,s74.654733689
082_21,s3.810721922,s-1.161126983,s351.528045619
082_22,s-3.364877976,s3.096958861,s65.753012862
082_23,s-1.570221155,s-5.157814020,s248.642810423
082_24,s-2.256030849,s0.308251921,s203.544114291
082_25,s-5.607380891,s-4.826121581,s232.215470349
082_26,s1.381439678,s5.302536693,s130.517476989
082_27,s0.999122572,s0.923471222,s326.330711912
082_28,s5.018494361,s-1.897107137,s277.380823798
082_29,s2.291453057,s1.299198441,s161.980777740
082_30,s-4.677952246,s-2.484456974,s80.037376412
082_31,s-5.495464593,s-3.615338517,s214.264665057
082_32,s-2.772574093,s-0.673527504,s198.992921050
082_33,s-3.710355500,s2.115234330,s186.180755541
082_34,s2.908759728,s3.210095654,s77.512703347
082_35,s4.200727863,s-1.599263247,s262.406134772
082_36,s1.025199432,s-4.037593810,s229.114282050
082_37,s-2.841075069,s5.195895609,s94.350777966
082_38,s0.577758704,s-2.063600083,s294.603421212
082_39,s0.766746625,s1.757703213,s201.412279482
082_40,s-3.156329576,s-0.992026797,s205.078563161
082_41,s-3.331513691,s0.727539790,s199.311598764
082_42,s-0.421569971,s0.252781079,s321.597295897
082_43,s-2.751023495,s-3.658529338,s65.420799948
082_44,s-1.237738557,s5.223757624,s274.322943289
082_45,s-4.508128581,s3.604438837,s127.608444139
082_46,s-1.462813174,s0.682734402,s262.285919656
082_47,s0.801101244,s-0.345460489,s77.080170819
082_48,s4.735731463,s-1.192968406,s29.039061538
082_49,s0.803992500,s5.374657869,s58.314447516
082_50,s-4.462164933,s2.105310963,s321.687770091
082_51,s-4.863992804,s-4.484719173,s26.381691504
082_52,s2.971733945,s4.279754484,s222.541398893
082_53,s-1.036273484,s3.993967866,s308.917946886
082_54,s0.259594231,s3.086762808,s72.263307706
082_55,s-0.602674149,s-2.362422985,s342.254785394
082_56,s4.836250016,s0.249584785,s226.916697091
082_57,s0.871846346,s2.522491707,s3.240602993
082_58,s0.985784099,s3.897270859,s229.819733868
082_59,s0.610337681,s1.870252385,s267.000438162
082_60,s-3.664078862,s5.444384484,s304.296631266
082_61,s-1.391253538,s2.888470845,s29.327315342
082_62,s-3.890458539,s3.841530756,s241.278885507
082_63,s0.411489080,s4.095911873,s343.633665945
082_64,s-3.266630272,s5.162188150,s162.623277129
082_65,s4.523005663,s0.882899780,s63.257540237
082_66,s2.878076595,s5.251204401,s75.113466635
082_67,s4.456778088,s4.500002107,s346.529781505
082_68,s0.318256457,s4.954486350,s28.477908417
082_69,s4.940100710,s2.362195911,s73.450400170
082_70,s-4.666197511,s4.686579137,s5.906545845
082_71,s-3.924054429,s1.245857876,s90.053408703
082_72,s-2.119281083,s2.269618445,s359.309766838
082_73,s-2.365751953,s3.475940453,s344.720297749
082_74,s5.034373813,s4.146151965,s309.800666522
082_75,s-4.105553152,s4.862691315,s162.833245810
082_76,s4.252830812,s3.210733673,s75.588384013
082_77,s3.562489105,s5.409350357,s152.220778690
082_78,s4.761418218,s5.239616015,s188.889681528
082_79,s4.906280090,s2.797700910,s82.116981190
082_80,s-5.321906914,s0.359887785,s11.681085666
082_81,s-5.490135376,s3.033247071,s225.808326644
083_0,s-5.400598374,s-4.729408916,s347.890962512
083_1,s3.331713920,s-5.183172096,s267.944423225
083_2,s1.494754208,s-1.195874001,s322.489637322
083_3,s-0.414846519,s-0.612963929,s199.115735417
083_4,s-2.728600428,s-4.761297628,s101.447855641
083_5,s-0.991211096,s-4.618697286,s289.536619413
083_6,s0.797292472,s-4.980657333,s72.627062302
083_7,s5.039954922,s-5.248411056,s272.861090350
083_8,s5.400698626,s-4.161163683,s110.077325994
083_9,s1.508087850,s-2.369624116,s233.904808938
083_10,s-2.452639639,s-1.679953871,s7.465975945
083_11,s0.144351932,s1.641819731,s31.001926821
083_12,s-3.350681298,s-1.673111944,s121.139062550
083_13,s-4.732338748,s-1.382637757,s165.054631260
083_14,s-5.035473455,s1.144735679,s46.159418232
083_15,s-1.408128776,s-0.803825589,s197.762754218
083_16,s0.278588569,s3.651023512,s243.932069095
083_17,s3.645176826,s2.766796946,s102.029666255
083_18,s3.432913316,s-0.106999527,s323.555817178
083_19,s0.582220332,s-1.666386023,s277.477243271
083_20,s-5.461266279,s-0.605401408,s261.716209240
083_21,s-1.968947395,s-5.426939342,s187.557105375
083_22,s-3.937961764,s-3.423249770,s251.713694433
083_23,s-2.077735996,s-3.444777700,s154.290347690
083_24,s4.927467625,s-2.586067849,s122.006006630
083_25,s-3.454235916,s-4.409909220,s207.295351711
083_26,s-3.993077217,s4.715946995,s11.576599538
083_27,s0.169112354,s-4.469997788,s54.099045306
083_28,s4.618084255,s-3.070397451,s182.734792473
083_29,s2.739405106,s-0.327389030,s311.512538332
083_30,s-5.157647882,s-2.477487576,s12.063960252
083_31,s1.221661741,s1.845294909,s221.105294171
083_32,s2.359803744,s4.742331142,s49.829214639
083_33,s2.849554206,s2.755572564,s55.988536225
083_34,s5.539283403,s2.714680111,s3.702234048
083_35,s0.969967060,s4.327402677,s294.746186916
083_36,s-2.799974674,s3.388729804,s89.744367030
083_37,s-5.083277767,s0.978968090,s43.283277552
083_38,s4.888522587,s-1.276591254,s52.338604540
083_39,s1.104327948,s2.252747833,s115.671051491
083_40,s-4.059053751,s1.377188626,s70.237601106
083_41,s-4.618890830,s4.759443852,s314.396182938
083_42,s-5.288598610,s3.244051389,s284.732844015
083_43,s-4.131299769,s0.522431014,s128.055579940
083_44,s-3.304777729,s-2.706409480,s63.605711787
083_45,s1.632381588,s2.274282539,s219.617137450
083_46,s2.609877595,s-0.848890830,s16.038361637
083_47,s2.069235574,s0.645083390,s160.936323176
083_48,s-0.942489230,s0.716786876,s176.617332171
083_49,s-1.371739717,s4.879366759,s280.708686184
083_50,s-1.938920208,s3.134367937,s351.534442586
083_51,s-1.873815673,s4.890395756,s73.865921050
083_52,s-2.072157285,s2.214427700,s275.235946055
083_53,s-0.885223043,s5.468502900,s339.944324516
083_54,s-4.141639273,s4.144991436,s244.644893807
083_55,s4.169687842,s4.451388749,s358.985775321
083_56,s-3.524613277,s1.418901402,s295.739409378
083_57,s4.055409679,s3.939877434,s260.337974883
083_58,s3.965858712,s5.470843470,s168.587097774
083_59,s2.448294232,s1.736877765,s267.473019298
083_60,s-2.765135218,s5.543492478,s128.405001964
083_61,s-4.575207904,s2.475602754,s136.910961896
083_62,s-3.857116046,s3.905582030,s67.700379921
083_63,s-5.011959257,s2.513686256,s6.162896061
083_64,s4.430609541,s1.325909460,s256.590723545
083_65,s-0.963525735,s-1.455869438,s316.800763912
083_66,s2.742134536,s1.157166138,s214.278457227
083_67,s4.940580666,s2.149669015,s110.069780347
083_68,s3.203818322,s3.950028683,s76.291979229
083_69,s5.509812072,s5.269422041,s62.411995079
083_70,s-3.889550966,s2.225950784,s162.201391406
083_71,s-2.093830742,s5.385580028,s34.617954148
083_72,s-5.607455731,s5.497905397,s323.430526145
083_73,s1.792076701,s4.862729768,s238.156427869
083_74,s0.851240717,s5.453432511,s308.899999803
083_75,s1.652734902,s5.480184893,s116.495030734
083_76,s-2.102763711,s4.344776557,s301.069707693
083_77,s5.410564226,s3.336124078,s152.579731508
083_78,s0.381445018,s4.910243924,s284.186318910
083_79,s3.012482548,s5.416662593,s13.393988658
083_80,s-5.438664290,s4.171127181,s284.078896368
083_81,s-2.163543232,s0.627066322,s54.618634791
083_82,s2.092700889,s-0.380869725,s254.193417431
084_0,s-4.220699990,s-3.984223782,s350.897284178
084_1,s-4.438331462,s-2.465958361,s153.190908626
084_2,s-0.832325324,s-1.635317035,s188.949744431
084_3,s3.684172549,s-1.726794120,s330.365055178
084_4,s1.441229486,s-0.851368669,s266.283808518
084_5,s1.417141341,s-3.525542125,s245.429199262
084_6,s0.774179077,s-2.315142567,s54.019061147
084_7,s5.315851646,s-1.256258418,s293.198112117
084_8,s5.037971948,s0.091838829,s133.222868146
084_9,s2.793254375,s-1.445008497,s82.186766671
084_10,s-5.385544077,s-2.186862603,s30.736026261
084_11,s-2.162269735,s-3.892918786,s150.411228782
084_12,s-5.236907949,s-5.521284608,s36.093773329
084_13,s-2.988043107,s-3.244893594,s139.798733720
084_14,s-1.612584578,s-3.156717508,s196.892623098
084_15,s5.551794369,s2.773069244,s108.637808682
084_16,s2.205092729,s-4.823966910,s195.537451314
084_17,s5.627743423,s-5.210255732,s332.233986114
084_18,s-0.489416229,s-3.075746152,s288.650736021
084_19,s4.161376882,s-4.640143129,s98.162764138
084_20,s-0.861940259,s5.273065191,s45.592217081
084_21,s-1.503468171,s1.062818362,s148.244749749
084_22,s4.943945364,s-3.594479168,s85.108411570
084_23,s-3.315066347,s5.571090059,s163.601168012
084_24,s-5.986013072,s-3.111603024,s342.302916666
084_25,s3.738454964,s-0.458856103,s188.664000633
084_26,s-5.990757978,s4.523711111,s333.285063298
084_27,s-4.778143361,s0.299333562,s353.343733341
084_28,s3.736750337,s4.076895838,s343.877359263
084_29,s-1.621680121,s-4.659894140,s245.700519503
084_30,s-1.874535287,s0.150926380,s248.559091262
084_31,s-4.716808928,s2.198947869,s313.935665534
084_32,s-3.676617567,s1.745968018,s133.690053791
084_33,s2.542704940,s2.048352233,s40.251396923
084_34,s4.989075502,s1.810676962,s304.686775248
084_35,s3.004805955,s1.869508693,s62.122681396
084_36,s0.779997562,s-1.445885478,s347.103653753
084_37,s3.868731321,s4.168722579,s228.754096016
084_38,s-0.014505549,s5.093628339,s236.619106774
084_39,s3.410123578,s0.973765386,s235.906268907
084_40,s-5.356542223,s3.424384318,s231.024550684
084_41,s-1.111401628,s-1.124724222,s131.584939221
084_42,s-5.022090235,s-3.192017299,s335.068615039
084_43,s-0.775576111,s4.645535826,s6.532900541
084_44,s-1.835436311,s-5.946376537,s286.455622394
084_45,s0.850521838,s4.281204384,s63.197598876
084_46,s1.540030531,s0.173346591,s210.306828104
084_47,s0.156967061,s-0.858236483,s290.404282440
084_48,s0.886703177,s-3.414247735,s62.475538464
084_49,s3.520461731,s2.910860823,s213.151905322
084_50,s-2.690645948,s1.629897771,s355.222094953
084_51,s-1.650762060,s3.700574432,s272.270124491
084_52,s-5.450603626,s5.485745713,s354.483334896
084_53,s0.386267254,s3.649366455,s16.685619022
084_54,s-2.037995535,s5.297617597,s132.919851074
084_55,s5.317201481,s-2.617043209,s324.294817521
084_56,s4.116135509,s5.371821528,s287.818391443
084_57,s5.574554674,s4.542257588,s248.609950054
084_58,s1.799826369,s3.235283500,s151.494535422
084_59,s2.824214727,s4.131372732,s190.265991781
084_60,s-3.430906218,s3.993952229,s174.004260040
084_61,s0.788186183,s5.500808472,s224.882507888
084_62,s-4.772437014,s4.802266830,s345.001948109
084_63,s-2.535458627,s-2.066084323,s262.539147203
084_64,s0.703930585,s-1.469694483,s297.280075861
084_65,s0.701171592,s4.543486983,s296.515673684
084_66,s-5.540874592,s-0.390127559,s177.519128783
084_67,s1.850162873,s5.474421333,s56.070051855
084_68,s-1.954153724,s2.579214043,s288.622308190
084_69,s4.379742706,s4.683985050,s192.386617442
084_70,s-3.803230667,s5.499819931,s238.981086191
084_71,s-3.615049682,s-0.993280446,s147.696835361
084_72,s-4.583084091,s3.511493085,s23.516154384
084_73,s-5.974842758,s-0.395746905,s204.613258448
084_74,s1.181834855,s1.419085884,s64.562229723
084_75,s3.074800048,s5.451187177,s331.195531907
084_76,s2.159447491,s4.176297560,s297.606621368
084_77,s5.454439006,s5.426756513,s244.753446565
084_78,s4.298747392,s2.814817747,s190.185048254
084_79,s-2.476150409,s1.501385228,s62.692718823
084_80,s-5.984296926,s2.109354112,s270.550095668
084_81,s-5.722161489,s-1.977656363,s321.118907564
084_82,s-2.612059774,s0.942189110,s201.297867313
084_83,s-2.860473560,s4.710575574,s258.769745720
085_0,s-3.401560145,s-0.337815197,s232.662330157
085_1,s-4.118249272,s2.555279087,s231.320400340
085_2,s-4.944004071,s-2.332576003,s196.253674471
085_3,s0.217729813,s-0.703255751,s341.593629583
085_4,s-2.119190053,s-4.653071599,s319.983187323
085_5,s2.061013578,s-4.481415840,s193.287308556
085_6,s2.130527339,s0.556523123,s293.901156361
085_7,s0.063195154,s-2.409817938,s199.887049456
085_8,s-0.038274802,s4.365231913,s209.849319937
085_9,s5.377529782,s-4.644842874,s245.864312853
085_10,s-5.292314870,s-5.315645102,s220.898335677
085_11,s-1.047637159,s1.884382548,s246.816508171
085_12,s-4.441510207,s-0.873090745,s304.594686251
085_13,s-2.972994043,s-3.717622430,s205.939611585
085_14,s2.862930160,s-3.396987219,s241.471341969
085_15,s1.424346983,s-0.379343439,s6.474248368
085_16,s0.234977586,s-1.387056414,s343.646554657
085_17,s5.342690875,s-0.764010220,s12.210303910
085_18,s-1.895675225,s3.553025349,s160.402582223
085_19,s5.398285664,s-0.763027560,s243.897392879
085_20,s-3.754985568,s-4.996763242,s344.183287922
085_21,s-5.214067789,s3.569222793,s268.806159440
085_22,s-0.767666795,s-2.356943199,s310.574917348
085_23,s1.782144422,s4.950841052,s283.484153403
085_24,s-2.123615474,s-2.542781142,s216.470097868
085_25,s-4.961036892,s3.861700124,s228.579103916
085_26,s-0.219277784,s2.017400176,s282.251419213
085_27,s3.435819343,s-0.909526337,s289.027847927
085_28,s2.216151492,s-2.916134064,s196.037731308
085_29,s3.199110952,s2.563932691,s70.121758141
085_30,s1.424272707,s5.479120684,s101.975011318
085_31,s-2.625567267,s-3.298492156,s319.976176228
085_32,s-3.825192514,s0.942220166,s292.857081096
085_33,s4.294462199,s3.976929259,s36.693813583
085_34,s3.468753499,s-3.869505560,s39.896537296
085_35,s1.985220686,s3.754897855,s129.481519042
085_36,s-2.155216460,s0.952650086,s198.606261068
085_37,s5.369756052,s1.180617251,s308.486556162
085_38,s5.303047006,s0.764538250,s195.003566120
085_39,s4.816896711,s-3.395400540,s306.023397058
085_40,s-3.245064742,s4.703629826,s177.888257621
085_41,s-3.144525032,s-2.226568679,s129.144347365
085_42,s-0.221644308,s2.825252749,s336.497798767
085_43,s-3.962951900,s2.528111247,s291.599611760
085_44,s-3.739504632,s3.862329907,s80.989977605
085_45,s-4.491178333,s0.062200140,s61.186237829
085_46,s4.233200962,s1.042938477,s214.598775815
085_47,s5.300759714,s0.151658977,s162.043963799
085_48,s4.093599528,s4.863054769,s44.559847032
085_49,s4.159072909,s-1.669275453,s203.220656302
085_50,s-5.152480628,s-3.929259812,s254.914645835
085_51,s-2.845480299,s5.434238728,s98.049507366
085_52,s-4.065532430,s3.347520939,s233.119387342
085_53,s-1.626504551,s-2.064088328,s178.112747512
085_54,s-3.204200139,s3.717225102,s342.155645935
085_55,s-2.594137509,s4.239889679,s191.048931727
085_56,s-1.031005359,s-3.329619328,s100.303550067
085_57,s5.025855115,s2.710450535,s24.888460734
085_58,s4.350962996,s2.530315831,s85.394650419
085_59,s2.767804104,s0.489175011,s181.480328856
085_60,s-5.127129664,s2.106670352,s219.894330790
085_61,s-2.453922285,s2.547408654,s317.934729639
085_62,s-5.552588050,s2.262525798,s269.856716645
085_63,s-1.661371578,s5.411788698,s114.292454806
085_64,s-1.956409712,s-5.410215676,s327.200460418
085_65,s-1.097873751,s4.692584519,s34.114648953
085_66,s2.017933183,s1.982179986,s180.296850080
085_67,s0.168431711,s5.431254984,s226.118273864
085_68,s3.866076509,s1.593345326,s19.186322508
085_69,s5.323860575,s5.125853589,s353.271199792
085_70,s-4.027760556,s4.552640601,s218.713695164
085_71,s0.935927791,s4.624058769,s110.549125399
085_72,s-0.919851509,s-1.453861059,s224.058828427
085_73,s-5.323808782,s5.358952957,s97.648316294
085_74,s5.181047176,s3.582776887,s252.005766541
085_75,s2.707734733,s5.444658286,s118.419589597
085_76,s2.601554073,s1.464350806,s290.444609678
085_77,s4.969868364,s-2.806201981,s58.096947208
085_78,s-2.157108985,s4.914754614,s276.441546239
085_79,s-0.820166090,s-0.027828947,s208.982583807
085_80,s-5.512150521,s4.183843469,s333.976681634
085_81,s1.549536170,s0.746376016,s280.520703989
085_82,s-4.954368156,s4.866084386,s9.689938010
085_83,s-1.518189398,s2.630816424,s181.867972457
085_84,s-3.890771776,s1.254567559,s113.858919882
086_0,s-5.442801811,s-1.260102930,s131.163369880
086_1,s-5.909546703,s-3.150937823,s289.373142547
086_2,s-2.755589562,s-5.570170157,s79.497720079
086_3,s0.686068304,s-5.320378884,s156.697685472
086_4,s-5.449608936,s-0.173579652,s128.302772423
086_5,s-5.657009161,s-6.044323397,s345.802409497
086_6,s2.297103176,s-4.497767487,s43.926296524
086_7,s3.673863112,s-2.614071952,s345.324634322
086_8,s4.926033739,s-3.476585622,s252.241272558
086_9,s5.497816583,s-5.426078598,s24.582938744
086_10,s-5.474928861,s-2.872142678,s24.209101639
086_11,s-3.249760732,s-4.132605898,s158.699039021
086_12,s-4.250638134,s-1.389527950,s212.052773099
086_13,s-3.857375639,s-2.669134036,s91.560187476
086_14,s2.659120739,s-2.850595056,s256.744978609
086_15,s0.994295085,s-0.830741357,s288.342103067
086_16,s-4.401153332,s-4.601226507,s56.788591487
086_17,s-0.565817799,s3.113140737,s155.875675527
086_18,s5.625659153,s-2.404589739,s290.223687058
086_19,s-0.632113553,s1.042717584,s128.210552661
086_20,s-5.965555253,s0.721676765,s188.997727559
086_21,s-3.044326084,s2.382215965,s187.205284812
086_22,s-0.905112951,s-4.823082291,s18.947134523
086_23,s-2.887490745,s-1.915299533,s327.323018044
086_24,s-4.956786509,s5.551465006,s331.815426458
086_25,s5.407457669,s0.744600284,s340.671554843
086_26,s5.156006312,s-0.826344544,s159.336101835
086_27,s3.963679428,s-6.034194834,s21.900520301
086_28,s3.201523245,s0.491476749,s202.190633022
086_29,s5.718478891,s1.670965355,s109.210445195
086_30,s-3.765582187,s4.269186782,s265.906128006
086_31,s-4.613446402,s0.479401269,s193.166932265
086_32,s1.065778105,s1.670713836,s248.351252718
086_33,s0.143289154,s0.319822365,s51.522624689
086_34,s-0.444374951,s-2.958967650,s38.116894131
086_35,s2.120926298,s3.144452313,s169.836407654
086_36,s4.800065462,s0.833830906,s60.559867585
086_37,s-0.140059959,s-4.013408830,s195.409855086
086_38,s-0.414121073,s5.678830130,s246.116057695
086_39,s4.318033565,s-3.296123266,s99.282976694
086_40,s1.109085724,s3.315890057,s119.945739172
086_41,s-6.075325547,s-1.920039591,s329.320996894
086_42,s-6.035374945,s3.312453120,s270.169620857
086_43,s-2.701588017,s-0.939437279,s5.467313025
086_44,s-3.920106929,s3.633395333,s256.990328219
086_45,s2.967385972,s5.332204902,s224.081502817
086_46,s-2.585367719,s5.588428876,s136.781078205
086_47,s2.652842287,s-1.186872621,s253.427791236
086_48,s-3.747762926,s-1.081456632,s178.350246272
086_49,s5.676854450,s-1.824615593,s9.828528587
086_50,s-5.318498823,s1.834912249,s147.658177084
086_51,s4.302916174,s-0.183576759,s311.734310828
086_52,s-3.923795615,s5.538831218,s322.404852866
086_53,s-1.622160668,s-1.325712449,s315.525035902
086_54,s-2.335179695,s1.966490469,s354.956729203
086_55,s5.667584270,s5.192252490,s144.557387809
086_56,s1.575614255,s1.230774855,s62.328571101
086_57,s4.283751754,s4.630110709,s170.441229604
086_58,s3.070886134,s4.526427641,s45.420050450
086_59,s3.114785491,s-0.064227026,s84.486396126
086_60,s-4.043319602,s1.782839878,s107.444245492
086_61,s-2.067901616,s4.619142598,s296.935667475
086_62,s-3.070351619,s5.691292273,s302.093653028
086_63,s-2.828449091,s3.379923057,s114.793754087
086_64,s-5.668673095,s4.427392325,s39.750171919
086_65,s-0.496142269,s2.141009503,s73.858325112
086_66,s0.327570994,s-0.471361810,s122.685794938
086_67,s4.257413274,s1.907092734,s253.312728059
086_68,s2.426730048,s3.206145418,s231.799848875
086_69,s5.653674945,s4.164935239,s136.001458006
086_70,s1.447558925,s2.531933766,s158.693877522
086_71,s-1.500776873,s1.661607441,s152.547871891
086_72,s-1.148822682,s0.850145055,s94.480846986
086_73,s0.706178408,s5.271263949,s300.573821272
086_74,s1.757146515,s5.555550864,s179.645037655
086_75,s2.286739680,s2.648204722,s106.403684114
086_76,s4.906816526,s4.857561449,s267.454184959
086_77,s-1.148481431,s3.966707218,s82.807436615
086_78,s3.420390249,s5.439130693,s63.126453089
086_79,s5.304371128,s3.129105230,s110.457153886
086_80,s-5.946961441,s4.793214448,s328.732789171
086_81,s4.187431339,s5.084224167,s324.996560286
086_82,s-1.242841778,s5.570756125,s285.314147476
086_83,s-6.042679628,s5.486459084,s299.641203570
086_84,s4.073224551,s2.512719489,s178.309188517
086_85,s4.323788330,s3.132072583,s285.717386028
087_0,s-4.677122453,s-4.519452706,s68.983055008
087_1,s-1.114557261,s0.268912851,s80.987636740
087_2,s-3.125282745,s1.148522530,s98.886390823
087_3,s-3.477012641,s-3.912716053,s128.856921008
087_4,s-0.548894331,s5.156456563,s301.545265643
087_5,s-0.178846320,s4.135174421,s97.860644246
087_6,s-1.070871417,s2.352751797,s203.084808436
087_7,s1.714360616,s-3.513272642,s38.384752619
087_8,s-0.832208208,s-1.296213377,s325.360758675
087_9,s3.146981654,s-3.794798130,s315.632255711
087_10,s-1.562704865,s-5.153099712,s166.949701918
087_11,s1.615917427,s4.558807334,s277.477940244
087_12,s-2.052413216,s0.324767374,s300.446184000
087_13,s-0.213912603,s-4.838301188,s26.021434375
087_14,s1.802675035,s1.418371573,s230.277093374
087_15,s1.966135556,s0.682755784,s81.430892326
087_16,s1.511728894,s-0.145398474,s20.977936691
087_17,s5.274050815,s-1.045975387,s98.302479618
087_18,s0.416288466,s-0.953264525,s224.164881862
087_19,s4.953269891,s2.994840175,s53.311453447
087_20,s-3.020726422,s-4.969399845,s250.395421042
087_21,s1.067200822,s-5.015808193,s135.861552886
087_22,s-5.318512534,s-2.314029169,s204.655742849
087_23,s-2.186005271,s-0.666118834,s224.545171814
087_24,s4.385390685,s3.580329216,s81.009077126
087_25,s2.072951660,s-2.667176244,s249.211932710
087_26,s3.817980691,s-4.355859248,s77.594866882
087_27,s5.345478056,s0.889758110,s292.569221727
087_28,s-0.798377661,s4.014372153,s206.864134928
087_29,s1.946779356,s-2.287257052,s180.266457372
087_30,s-4.417319516,s2.121518471,s351.532766473
087_31,s-3.049736455,s-1.530872519,s0.539372988
087_32,s-4.331662356,s-3.027033041,s231.127673660
087_33,s2.662227905,s5.334171241,s277.600528781
087_34,s-4.032079343,s5.228192126,s59.454173481
087_35,s4.577113745,s1.933112681,s231.459055976
087_36,s4.621388224,s-5.015048298,s173.367463782
087_37,s3.459210314,s5.193535913,s313.220086435
087_38,s0.676903823,s3.551287368,s205.295043631
087_39,s5.014472881,s-3.258930232,s5.132074451
087_40,s-5.199029479,s1.459900573,s163.130159229
087_41,s-1.723931264,s0.258117114,s298.386551419
087_42,s-3.952642683,s-1.288837536,s13.234622499
087_43,s-2.468580232,s2.868403836,s195.504445018
087_44,s-4.420671936,s-1.716965445,s144.330663796
087_45,s3.373178387,s0.874229290,s101.312677993
087_46,s5.283684395,s4.140393560,s189.373104285
087_47,s5.080357964,s1.475001141,s315.185546730
087_48,s5.297954033,s5.455433343,s235.667773169
087_49,s0.307832546,s-4.346856358,s105.534289636
087_50,s-2.395306424,s3.992607091,s53.746260145
087_51,s-5.305248477,s5.514753633,s76.831297865
087_52,s1.057092421,s3.052095850,s176.533895195
087_53,s3.074302209,s1.980492630,s178.586333583
087_54,s-1.111633732,s5.287779831,s296.853896973
087_55,s4.899839104,s4.291404057,s76.128742093
087_56,s-1.806416130,s3.861340356,s276.860452763
087_57,s1.418516320,s4.667786192,s76.232646149
087_58,s-1.872579814,s3.025223989,s129.460357001
087_59,s1.193416673,s5.032350487,s136.552359338
087_60,s-4.125441343,s4.078177616,s165.726308112
087_61,s-3.435318093,s-2.355527879,s316.653115894
087_62,s-0.454817667,s-0.786520245,s355.960659845
087_63,s-3.528802922,s5.496870909,s234.792466278
087_64,s4.404112564,s5.454947559,s55.716051758
087_65,s-2.698064949,s5.168319150,s17.225257229
087_66,s0.134794361,s1.618616489,s131.637478262
087_67,s-0.392438107,s2.405257273,s104.705497907
087_68,s2.594520142,s0.214696545,s229.583892653
087_69,s3.545623802,s3.623152936,s239.743626779
087_70,s4.376132931,s-1.295076119,s193.827033523
087_71,s-1.845613759,s-2.720545482,s346.291216246
087_72,s-5.360313874,s2.435010564,s118.768086227
087_73,s-4.539624761,s0.434341421,s140.759372235
087_74,s4.599510396,s3.051496062,s172.583942495
087_75,s0.711127142,s5.450772236,s259.559761806
087_76,s-0.573867070,s3.147958483,s53.040293400
087_77,s2.762170001,s2.846430070,s302.967425002
087_78,s4.617399525,s-4.219684665,s77.992490227
087_79,s1.935889897,s2.357262655,s296.415923098
087_80,s-5.412676309,s4.772216374,s53.489932792
087_81,s-2.188857803,s1.178920389,s88.962288215
087_82,s1.153412638,s3.485441662,s107.358089257
087_83,s-1.295907592,s1.674302386,s282.143239434
087_84,s-0.014518283,s4.741663675,s95.987996002
087_85,s-3.077601538,s5.465046123,s174.329187020
087_86,s2.529789261,s3.998347939,s264.313042894
088_0,s-5.652461506,s-4.186246349,s328.820907302
088_1,s-5.111021865,s-2.339160500,s83.784565552
088_2,s-1.086168886,s0.918912992,s192.124337058
088_3,s-3.033044273,s-5.006043699,s185.272693755
088_4,s-5.447193683,s-1.810343120,s344.682926618
088_5,s-1.739319802,s1.931674481,s14.392925649
088_6,s4.634697038,s-0.752125705,s142.001120418
088_7,s0.664245931,s-1.435662388,s265.171661545
088_8,s4.728184960,s-0.156095788,s312.281990239
088_9,s2.907159717,s-3.049466915,s135.446800677
088_10,s2.795360570,s0.514725742,s138.142614167
088_11,s-4.564285729,s-3.486991176,s159.358412392
088_12,s-4.177089708,s-0.005755029,s73.812065683
088_13,s-1.887661726,s-5.456480131,s289.269964464
088_14,s-3.539422463,s-2.215932213,s55.071210685
088_15,s2.211690970,s-0.278694590,s353.111090907
088_16,s1.973112698,s3.838009806,s76.581869987
088_17,s3.747664846,s2.314414486,s192.992011388
088_18,s5.102645536,s4.881896690,s121.765969636
088_19,s4.727328630,s-4.781567501,s7.255752741
088_20,s-3.764720266,s1.387885202,s345.821782252
088_21,s-5.732704178,s5.124004311,s304.681069125
088_22,s-0.761542319,s-2.050255461,s210.281301486
088_23,s5.171009815,s0.562243621,s54.065456103
088_24,s3.377275334,s-4.844865009,s196.088945991
088_25,s2.609696413,s2.769386761,s132.444862472
088_26,s4.295124368,s-1.420449098,s243.004537635
088_27,s-2.606517350,s-1.205411215,s85.685279025
088_28,s0.968612712,s-0.468934212,s269.134689933
088_29,s1.190012287,s-2.878403156,s174.419453832
088_30,s-2.763623171,s4.921768864,s273.585045172
088_31,s0.539346649,s-5.210561923,s83.502269068
088_32,s-1.052417470,s2.466673177,s128.352211774
088_33,s-1.069204459,s-5.726277119,s39.503251962
088_34,s-2.904323263,s1.219361965,s24.490999920
088_35,s-3.243652437,s3.858057794,s305.794904935
088_36,s-0.098562322,s0.356799093,s79.931004032
088_37,s4.706295049,s-2.175547072,s237.373854897
088_38,s3.739961736,s3.920105947,s209.124958275
088_39,s4.573674396,s2.094358383,s225.857643728
088_40,s-4.299694012,s-5.439901632,s102.305229509
088_41,s-5.768645701,s-0.799028048,s240.744099429
088_42,s-5.788946415,s3.702839249,s308.483351156
088_43,s-5.664220747,s0.780814412,s319.802278309
088_44,s-2.287481016,s4.348316615,s143.033308229
088_45,s1.358686445,s-5.009237198,s54.832146159
088_46,s2.394243645,s4.668620657,s93.827762646
088_47,s4.421779345,s-3.924983930,s347.002273840
088_48,s4.903121924,s5.010702836,s125.687988261
088_49,s3.735126019,s0.263536980,s217.273715347
088_50,s-5.234284614,s5.153892844,s30.325513037
088_51,s-5.010369510,s3.205379367,s356.568224760
088_52,s1.847065888,s2.504380033,s239.204603407
088_53,s-0.282630998,s0.979217686,s277.069160831
088_54,s3.745417838,s5.192175778,s44.349683164
088_55,s-2.491324685,s-0.495876983,s49.137884523
088_56,s-3.049855600,s0.499758856,s330.737973844
088_57,s3.204850400,s1.416004655,s297.312935864
088_58,s4.874740404,s3.159808127,s1.238045236
088_59,s5.218759288,s2.157314452,s279.941492493
088_60,s-3.065679479,s3.250669283,s347.725478360
088_61,s-4.765142537,s1.896157173,s247.366271095
088_62,s-4.644522647,s1.339429689,s91.809840645
088_63,s4.279517350,s4.604206350,s304.811100954
088_64,s-2.414586070,s3.206331784,s193.186259864
088_65,s-0.131524758,s4.508482712,s347.208835128
088_66,s1.164559779,s-1.551377179,s152.373927744
088_67,s-2.643299234,s5.062628645,s327.550853952
088_68,s4.432500319,s0.759804034,s298.867624055
088_69,s-1.555667266,s4.403346916,s319.320122407
088_70,s-3.736606551,s5.101986475,s227.773136999
088_71,s-2.565781359,s-3.737467100,s245.867367707
088_72,s-0.194833932,s4.906791770,s343.493390440
088_73,s-3.917212729,s4.799546286,s293.705788901
088_74,s1.379836990,s0.362937440,s239.816945626
088_75,s2.727122600,s4.532938450,s333.971389625
088_76,s-0.091915251,s5.148937798,s0.384075715
088_77,s-0.415379271,s1.756882910,s165.904660414
088_78,s3.589976478,s-1.788359172,s262.229685520
088_79,s1.950343433,s1.353617359,s120.018986394
088_80,s-3.695302332,s3.271460089,s104.117696931
088_81,s-1.410360397,s1.797861479,s71.731315788
088_82,s-4.070047311,s5.000471224,s266.959426546
088_83,s-2.445010369,s1.625557626,s51.020881378
088_84,s1.344135314,s3.676555090,s198.348626592
088_85,s3.275874486,s3.868962461,s106.462948299
088_86,s0.667102039,s3.733559170,s25.147237035
088_87,s4.919176257,s3.452354421,s128.305108083
089_0,s3.519666537,s1.151790901,s279.636550394
089_1,s-5.173436278,s-4.047427648,s327.525780412
089_2,s-1.709444151,s1.478434011,s81.334901758
089_3,s1.492200292,s0.864412004,s245.540161797
089_4,s-2.643402831,s-0.461839126,s126.142574501
089_5,s5.033611946,s0.735738220,s303.604892897
089_6,s-0.599237986,s-4.282752660,s228.323588087
089_7,s4.710564253,s-3.292515297,s139.367076035
089_8,s2.803492429,s-2.489121098,s119.545690907
089_9,s2.482214449,s-5.298987601,s21.086150498
089_10,s-1.543391900,s-3.797414508,s312.895629529
089_11,s-5.179414062,s1.113115868,s11.381558230
089_12,s4.500503744,s-4.015873291,s69.059551006
089_13,s-1.260868220,s-1.836922673,s39.185659788
089_14,s-3.778848744,s-3.045608494,s153.885705501
089_15,s3.364108905,s3.620920656,s140.740113476
089_16,s-0.215135110,s-1.795821530,s171.356019868
089_17,s5.146637526,s-1.553646162,s45.228475939
089_18,s-0.909035812,s4.214722097,s134.376078872
089_19,s4.888560485,s-5.022052501,s216.581588972
089_20,s-0.281858163,s-1.141129531,s164.601903562
089_21,s-5.199452125,s-3.072698289,s243.900425069
089_22,s-2.442308798,s-3.307720492,s41.900830659
089_23,s1.908953156,s-3.630291353,s25.515287707
089_24,s0.305618478,s-0.751549888,s143.419858502
089_25,s-5.209041360,s-0.655099589,s325.908368678
089_26,s0.111316165,s0.046357570,s1.679562914
089_27,s0.267367937,s-5.433099777,s240.639529957
089_28,s1.875847589,s-4.144965092,s193.596316622
089_29,s-4.411485376,s-1.654620749,s61.639381936
089_30,s-3.788387265,s-0.139576290,s135.590634217
089_31,s-0.195872778,s-0.238217317,s153.999215693
089_32,s-2.840567556,s-5.251757365,s337.759453441
089_33,s-5.145881412,s4.504244186,s280.047214747
089_34,s4.772923349,s4.616534000,s78.264716470
089_35,s-1.424811631,s-4.890502583,s286.390106025
089_36,s0.179259782,s4.758096449,s26.155575457
089_37,s-4.258242267,s-0.816221082,s203.817936373
089_38,s4.459326527,s-1.728546738,s32.674102064
089_39,s3.814845026,s0.162771788,s307.390660591
089_40,s-3.526723602,s1.300621240,s162.593639007
089_41,s-3.591115370,s4.793701498,s169.568895577
089_42,s-1.410876606,s4.431581545,s294.524267609
089_43,s-4.841796737,s-1.598891468,s74.951539103
089_44,s-1.294669865,s3.086616471,s187.050567326
089_45,s-2.406354654,s0.269129561,s250.979451655
089_46,s1.503571655,s-0.524926907,s320.625996074
089_47,s-3.991462619,s3.301726585,s167.975628514
089_48,s5.178143713,s-0.531259936,s353.585157281
089_49,s3.746119539,s-2.798209512,s151.235824009
089_50,s-2.770466984,s3.427905110,s323.024179458
089_51,s-4.131610919,s4.715041234,s99.288087660
089_52,s-0.419184618,s2.976818895,s184.547206763
089_53,s-2.071341238,s4.721910951,s219.019615340
089_54,s2.250036591,s2.129742390,s314.218371801
089_55,s4.111574408,s4.959532243,s269.910330766
089_56,s4.149086732,s2.512775453,s217.577777472
089_57,s4.780873390,s-0.289455509,s132.759334854
089_58,s5.195941672,s-2.678747472,s72.268015579
089_59,s5.046596119,s4.819359443,s22.726623248
089_60,s-5.174622520,s2.839225882,s317.831161060
089_61,s-0.634810309,s0.280494951,s134.563175351
089_62,s2.073056624,s4.372652051,s186.125019704
089_63,s1.225246516,s2.580542225,s97.971119379
089_64,s-5.179965089,s-1.466728929,s332.910477018
089_65,s-4.146375784,s1.849766973,s253.796367391
089_66,s1.757742880,s-1.009829505,s30.431323607
089_67,s3.163995547,s-0.950950019,s140.329277094
089_68,s4.397768445,s4.720893434,s181.173714436
089_69,s4.445817390,s1.215853523,s118.367299381
089_70,s-2.235080218,s-2.355249642,s64.785278974
089_71,s-2.174077930,s4.024369476,s287.520318199
089_72,s-5.191271392,s3.408826705,s190.371205544
089_73,s-3.042887162,s3.690024296,s248.473045050
089_74,s-2.447041663,s-3.240193411,s265.766207180
089_75,s3.954515842,s-1.787806430,s329.868550558
089_76,s-1.027142556,s1.938795412,s351.809891435
089_77,s5.104163082,s3.682332791,s41.734336000
089_78,s4.655848499,s3.453094537,s65.523228103
089_79,s2.914609629,s4.503555292,s89.581504287
089_80,s-5.309527105,s5.057640463,s29.207901056
089_81,s1.905082690,s-2.711331826,s74.961934021
089_82,s-2.235333144,s2.601940814,s173.245743853
089_83,s-4.489107265,s4.905648800,s170.458381048
089_84,s0.939722753,s4.822076964,s276.049881024
089_85,s3.688845264,s5.035732827,s350.755306466
089_86,s3.212135182,s2.178456164,s130.218860434
089_87,s0.653800358,s-0.693850600,s219.043510001
089_88,s1.846765118,s1.293240202,s70.876939516
090_0,s-4.819441602,s-3.733481945,s4.757070331
090_1,s-2.044619054,s-3.962855332,s267.488459806
090_2,s-3.555775950,s0.402326183,s221.201316377
090_3,s-5.325669076,s-2.313047330,s125.264946709
090_4,s-0.863029914,s-5.252165573,s335.608219948
090_5,s2.419893836,s-1.059254857,s155.392545390
090_6,s1.374300778,s2.484494588,s281.053686377
090_7,s4.291165902,s-5.290696348,s163.327388443
090_8,s-2.434794211,s-5.001480858,s130.134035070
090_9,s2.516258883,s-1.876184096,s18.230000010
090_10,s-4.677838015,s-4.577752072,s307.768694438
090_11,s-3.246293466,s-5.290696348,s232.208982652
090_12,s-3.391053355,s-4.500236225,s56.789494974
090_13,s1.293164060,s-3.782759733,s260.611743685
090_14,s-1.161863695,s-3.598164640,s248.170070161
090_15,s5.356857466,s-4.908406395,s50.229377798
090_16,s4.133130173,s-1.106246215,s29.637501879
090_17,s5.339525530,s-0.267436584,s112.616256795
090_18,s-2.539921443,s5.095067251,s62.283626541
090_19,s2.641084403,s-4.128957813,s78.841294598
090_20,s-2.430380252,s0.590372161,s97.481917948
090_21,s-5.026466467,s-1.711813547,s89.908986263
090_22,s-2.137899125,s2.024447124,s170.886981787
090_23,s-1.513384955,s2.153593352,s353.164690650
090_24,s0.246478695,s0.062585313,s219.203228581
090_25,s-2.938302703,s-3.021072083,s15.618149449
090_26,s1.635374433,s-4.812274823,s263.834029366
090_27,s3.349595353,s0.672581144,s138.716256400
090_28,s3.245965907,s-1.891836842,s328.759671777
090_29,s4.869767175,s2.764466926,s217.111810521
090_30,s-4.906838143,s1.328315585,s354.342373017
090_31,s-0.415584785,s-2.158775157,s146.063900092
090_32,s-2.684559736,s-0.116550435,s18.294516249
090_33,s2.097723767,s2.905313131,s157.331006319
090_34,s0.570022669,s5.154960139,s154.372904873
090_35,s3.297644253,s-0.634147647,s150.561119804
090_36,s1.842692354,s4.752477209,s91.009636206
090_37,s3.075745602,s0.604755873,s268.859429641
090_38,s4.153488048,s-0.301215089,s245.047182149
090_39,s0.805264010,s-0.368472711,s187.540331399
090_40,s-1.866726659,s0.099871799,s298.990091201
090_41,s-0.638396810,s2.399072178,s200.528096500
090_42,s-3.333425244,s-1.567236464,s189.063115414
090_43,s-0.744281259,s0.695066512,s33.437636271
090_44,s2.253261605,s0.434149329,s221.975548872
090_45,s0.042553769,s-4.827045662,s157.999222423
090_46,s-2.568645106,s1.804504267,s266.380106805
090_47,s5.185238052,s5.504564754,s307.684962950
090_48,s0.641957372,s-2.855311404,s125.135595373
090_49,s-3.739946735,s3.710724474,s67.430410718
090_50,s-3.150267604,s3.930204407,s109.827478027
090_51,s-4.484539390,s2.353045154,s241.644855805
090_52,s-4.263825289,s0.310807222,s267.032561890
090_53,s-0.623526760,s0.269344921,s229.102744472
090_54,s-2.880262543,s1.214750067,s222.470374042
090_55,s-0.073870179,s3.967195503,s43.309515744
090_56,s-1.558533374,s3.443408213,s147.024908860
090_57,s4.573470821,s3.188588143,s250.197924946
090_58,s5.208819480,s3.618844215,s254.270641332
090_59,s5.114802135,s0.640286597,s4.012691737
090_60,s1.648123429,s5.362535810,s169.723499269
090_61,s-4.175683129,s3.217636602,s299.725681860
090_62,s-4.693795039,s4.391288625,s313.842907381
090_63,s-1.464818309,s5.233683037,s33.388991205
090_64,s4.488286465,s4.798384325,s40.039313082
090_65,s4.671813045,s-2.571516907,s21.832825263
090_66,s-3.370337642,s-3.471461198,s311.806068493
090_67,s3.854822726,s5.358241874,s208.259177354
090_68,s-3.388560356,s5.499212126,s248.066706189
090_69,s3.034445398,s2.274685133,s96.783819690
090_70,s-5.413626162,s5.078129142,s15.572503430
090_71,s3.136280213,s5.059764874,s160.002603653
090_72,s-1.524683500,s4.400321214,s354.823359033
090_73,s-4.930496134,s3.483249019,s106.995358035
090_74,s1.654798320,s4.002246887,s62.591427766
090_75,s5.274078302,s2.705924981,s184.372180859
090_76,s-4.848724052,s0.145731956,s161.731270233
090_77,s2.744508813,s-0.528248429,s311.791579510
090_78,s4.336896978,s2.146075730,s186.070213718
090_79,s-2.283401058,s-1.827457495,s71.958860784
090_80,s-5.155402899,s5.545398706,s309.760642523
090_81,s-4.539906878,s-2.958490290,s168.118364415
090_82,s-5.387781112,s3.422053569,s180.315150952
090_83,s-2.933860240,s1.605872354,s33.094764200
090_84,s5.157273787,s4.703760364,s171.719139013
090_85,s-3.907702448,s4.221624712,s115.534043563
090_86,s2.855609135,s4.514877350,s280.196371655
090_87,s-0.638069268,s4.834727312,s240.350908287
090_88,s0.127241498,s2.098184736,s49.341866353
090_89,s4.622726758,s4.003833789,s355.134955217
091_0,s-5.086395939,s-2.015750221,s124.315473927
091_1,s-1.471374043,s-4.315350811,s212.874533530
091_2,s-4.988883559,s0.692545731,s4.943002145
091_3,s0.066593782,s-0.688296962,s299.934748895
091_4,s-0.568025572,s2.351305580,s87.433709940
091_5,s2.849009840,s-4.057804539,s324.937070001
091_6,s2.959320227,s-0.278945638,s102.335530596
091_7,s4.500943632,s-4.244949219,s316.976821453
091_8,s1.170076978,s-1.620369040,s13.515171792
091_9,s4.482242723,s-4.798936290,s162.662621035
091_10,s-3.863698309,s1.652268971,s279.110061718
091_11,s-3.898731577,s-3.922550249,s72.702567949
091_12,s1.092121713,s4.037106440,s154.311361967
091_13,s-0.049424587,s-1.751446405,s191.064620721
091_14,s3.895113904,s-5.211639865,s107.588063957
091_15,s-0.593971686,s5.038664776,s202.637338115
091_16,s-3.589013518,s-3.024223304,s38.509281091
091_17,s5.369866604,s5.103738427,s76.978088682
091_18,s4.361134929,s5.092513703,s298.770168718
091_19,s3.048023769,s-1.899888634,s285.177216940
091_20,s-5.068315569,s-0.259001119,s96.195491097
091_21,s-0.081389982,s-0.120223872,s315.710503102
091_22,s0.218215291,s-4.143390020,s115.072129265
091_23,s2.484340500,s0.886046445,s92.180853758
091_24,s-2.058186308,s-3.526737154,s16.682371173
091_25,s0.382386325,s0.889883001,s28.777439690
091_26,s4.852264453,s-1.490496388,s158.784904866
091_27,s-2.923668800,s0.156477721,s197.727258966
091_28,s1.674519465,s-2.779988672,s314.878817311
091_29,s4.991490932,s-3.226815706,s268.795137062
091_30,s-5.067848475,s1.539559169,s152.727640548
091_31,s-4.321664688,s-1.313805823,s168.259716652
091_32,s-5.099034426,s-5.288564328,s238.955887852
091_33,s4.492648250,s4.060097376,s239.246428926
091_34,s2.576453220,s3.707384746,s244.574103786
091_35,s-0.960080091,s-4.756465900,s189.962031299
091_36,s1.349237850,s0.751470990,s240.146688113
091_37,s2.778929930,s-1.112803919,s289.431371138
091_38,s5.185351158,s-0.509786284,s9.363036753
091_39,s3.335745506,s0.294299332,s252.704159295
091_40,s1.002068333,s1.211842846,s85.627712918
091_41,s-3.211403714,s1.766537040,s224.712213204
091_42,s-1.247720177,s-1.909390226,s229.908590540
091_43,s-1.928609983,s3.121856474,s131.427697885
091_44,s-4.435849474,s-2.971886264,s233.239413442
091_45,s-1.523249920,s1.114874747,s20.107303997
091_46,s-4.279013201,s3.658352249,s10.160320476
091_47,s1.904714844,s0.692023660,s296.702897055
091_48,s4.266876117,s1.377286595,s218.444374978
091_49,s1.267413682,s-5.138423311,s176.909488743
091_50,s-2.579109347,s3.947665412,s198.622243308
091_51,s-4.829344688,s1.820500151,s120.191146370
091_52,s0.279853263,s3.128474331,s309.324762750
091_53,s0.958738428,s4.999286613,s96.960499706
091_54,s-3.589605572,s5.048847972,s230.419341077
091_55,s1.413308308,s5.106795361,s167.201566259
091_56,s3.561495290,s4.151224130,s184.632958282
091_57,s2.933582945,s1.823504158,s245.882703220
091_58,s2.825406388,s5.208097781,s335.706857885
091_59,s1.252817685,s1.736557294,s209.149281789
091_60,s-4.922896778,s3.233241523,s305.490663513
091_61,s-4.956804665,s4.515896528,s197.290854000
091_62,s-2.711727540,s2.559920759,s74.641151259
091_63,s-0.672524177,s2.991954132,s258.683567688
091_64,s-1.865298634,s5.038041227,s310.485438585
091_65,s0.765817322,s-2.419189533,s185.069898561
091_66,s5.347105972,s2.345394786,s92.366352895
091_67,s5.110859813,s-2.740338290,s323.317939155
091_68,s3.940349204,s-0.318141224,s173.656816429
091_69,s-3.361886291,s3.066433619,s83.288311017
091_70,s-3.937893546,s0.809082642,s181.016740037
091_71,s-4.813593631,s5.208097781,s34.811427367
091_72,s-0.491137624,s-2.706045982,s285.120039470
091_73,s-0.064605742,s4.530676235,s261.674837884
091_74,s0.492571790,s5.045491031,s26.151540385
091_75,s1.555501609,s-0.797026023,s321.248943412
091_76,s-1.600333239,s1.745511022,s243.888729846
091_77,s-0.903731504,s-3.502418047,s232.928246365
091_78,s1.868125007,s3.107288167,s345.364281839
091_79,s4.966820381,s2.300122987,s225.111836554
091_80,s-3.865596135,s5.052001142,s80.073883620
091_81,s-2.547773765,s5.178162190,s203.223619304
091_82,s-0.746897942,s1.033896670,s164.258318983
091_83,s0.845643915,s3.004602716,s216.785704894
091_84,s-3.076946886,s5.199202729,s274.320530946
091_85,s3.789900948,s1.634365466,s178.219696679
091_86,s-2.074518308,s4.408040321,s27.111133698
091_87,s3.647259322,s4.047304128,s198.704057187
091_88,s5.160201103,s4.184289804,s241.558343615
091_89,s5.030293975,s3.884172673,s16.047190722
091_90,s-2.176154282,s-0.838937816,s24.377606927
092_0,s-4.637352597,s-5.605024629,s224.496466621
092_1,s-2.949617163,s0.929795536,s161.237801015
092_2,s-2.686212295,s-4.100378482,s78.832086358
092_3,s-5.524993213,s-2.647405803,s130.323477795
092_4,s0.766050308,s-1.048653074,s84.410414808
092_5,s-0.476083172,s-1.203236098,s231.655800006
092_6,s-4.523045030,s-1.997794001,s1.076411111
092_7,s3.263916773,s-5.819653475,s163.778829747
092_8,s6.140245392,s-5.796313444,s157.464789015
092_9,s5.499246020,s-3.817027846,s298.804692684
092_10,s1.711679058,s3.083004778,s174.593814049
092_11,s-1.675187382,s-1.129807306,s69.463851720
092_12,s2.388330246,s-1.009529285,s111.014760069
092_13,s-3.368583192,s-5.618823557,s292.858162928
092_14,s-1.274370284,s2.360816998,s99.007868121
092_15,s-1.570082804,s-2.499149484,s66.120668676
092_16,s2.758907244,s0.236503919,s317.539772573
092_17,s-2.435330129,s-5.554049049,s84.899315380
092_18,s-1.483280915,s3.992790345,s147.573964101
092_19,s5.688403012,s0.383544037,s173.052835408
092_20,s4.988029943,s-0.338149278,s84.609529816
092_21,s1.036700404,s-0.676049567,s272.994263473
092_22,s-5.303330728,s2.580787771,s91.445898723
092_23,s-5.030894950,s-4.030702010,s283.156909377
092_24,s-5.747697601,s0.819835656,s315.232930147
092_25,s4.060319890,s1.752243884,s232.579108892
092_26,s-3.574912790,s-3.491900428,s44.239280632
092_27,s-3.227906966,s6.099764901,s276.853771707
092_28,s-5.043205682,s-1.447882173,s65.372427165
092_29,s3.861582793,s-3.035034114,s145.884204115
092_30,s-0.929253461,s-4.994833021,s59.094845568
092_31,s-0.708065011,s4.220351264,s245.122201758
092_32,s4.253198115,s-0.086622832,s205.087501220
092_33,s-1.254475690,s3.122926856,s290.071163155
092_34,s-5.786708152,s3.257961889,s120.484477608
092_35,s-1.877893503,s-0.023214576,s115.901204360
092_36,s-2.363038916,s-1.334777514,s110.597464537
092_37,s4.600325525,s-1.382975742,s247.564265105
092_38,s1.734414533,s-3.380871930,s227.456179239
092_39,s-4.138896759,s3.009595073,s50.814616307
092_40,s4.059339190,s4.465261296,s247.995613762
092_41,s4.138729265,s2.923725634,s291.239272623
092_42,s4.760359693,s-4.614471878,s257.794742961
092_43,s4.998806270,s4.416495383,s222.185799403
092_44,s-4.410673362,s3.546378414,s170.192881686
092_45,s-3.083267081,s4.853357388,s32.628783746
092_46,s-4.129585469,s-0.773199738,s314.414176998
092_47,s-4.977482113,s-0.627179895,s158.257950418
092_48,s0.785344514,s5.981055614,s179.405387939
092_49,s2.382081396,s1.343270538,s157.000137087
092_50,s6.049102428,s3.156290383,s78.526880570
092_51,s5.178039695,s0.531671974,s16.460714055
092_52,s4.986694066,s3.676405479,s104.362237434
092_53,s6.120952129,s5.081608621,s189.336049618
092_54,s5.661729731,s1.902606633,s331.104705206
092_55,s-2.975990881,s5.532388155,s23.853490612
092_56,s-4.609349158,s5.046634202,s144.679908216
092_57,s-2.760162392,s3.790250016,s12.445386492
092_58,s-2.059977167,s5.740955595,s82.143157621
092_59,s-0.336105131,s6.130686971,s239.495330103
092_60,s0.097631667,s-5.440943477,s346.275064982
092_61,s-0.482536907,s0.899117696,s272.257602241
092_62,s3.162158866,s4.879968517,s313.072128458
092_63,s2.943792051,s3.017440908,s273.803312598
092_64,s6.092883588,s-4.457499661,s338.923056727
092_65,s0.582013157,s4.223084477,s195.452020759
092_66,s-5.811822526,s4.070384952,s314.656154069
092_67,s-5.327596009,s6.040860611,s119.815049619
092_68,s-3.536745643,s5.808211484,s347.031355279
092_69,s-5.275133293,s1.283208169,s318.081446570
092_70,s0.042502535,s2.824296926,s48.024673301
092_71,s2.310249892,s5.122403594,s89.410509860
092_72,s-0.503658303,s5.662647571,s19.758335743
092_73,s5.430620122,s3.771915006,s19.862607426
092_74,s4.394623386,s5.427574692,s210.199936090
092_75,s1.641713276,s5.595550952,s271.581430570
092_76,s1.139311223,s1.446505895,s214.840196427
092_77,s-2.172924850,s2.514155990,s11.177335498
092_78,s-5.428847309,s5.753637264,s129.846388949
092_79,s1.448827978,s1.756218759,s200.147872604
092_80,s2.827896952,s4.362996382,s6.477695151
092_81,s-1.314284150,s-0.068452699,s75.511746711
092_82,s0.579269210,s-2.758966850,s60.646120249
092_83,s5.172450514,s5.809238896,s50.665618238
092_84,s1.953031213,s4.790914829,s239.389822053
092_85,s6.150786986,s3.739938238,s338.361211187
092_86,s6.100751877,s6.029865311,s155.214767502
092_87,s4.891710227,s-2.767014266,s105.658128286
092_88,s-5.258888711,s5.373304166,s30.289183238
092_89,s1.710973947,s6.068343319,s269.175735933
092_90,s-4.394317853,s5.538544732,s209.325161925
092_91,s-1.113029633,s5.235053218,s227.001427881
093_0,s-5.292680361,s-6.180587666,s186.981017834
093_1,s-5.190015981,s-4.571006382,s286.806183553
093_2,s-0.726685013,s-0.287025034,s23.377785097
093_3,s-2.458818593,s-4.380535249,s150.575380570
093_4,s-4.307291180,s-6.460257185,s124.152320843
093_5,s-0.585584923,s-3.451610009,s298.224396703
093_6,s4.831613300,s-3.818620578,s205.700561487
093_7,s0.588241935,s-3.164702705,s46.722642720
093_8,s-3.175995614,s-6.076846120,s233.344452781
093_9,s5.681294872,s-6.615054524,s104.423340077
093_10,s4.803784883,s-5.751026357,s180.536447214
093_11,s-5.541470926,s-0.987323658,s136.560558084
093_12,s-6.127895725,s-2.107500904,s166.926381363
093_13,s-2.007319120,s1.168654286,s179.475614519
093_14,s2.969413248,s-3.431033120,s276.727122756
093_15,s2.118969719,s-4.159610262,s139.422024089
093_16,s3.850463101,s-3.046122924,s75.069612741
093_17,s3.683055450,s2.170447122,s277.916823246
093_18,s3.346131455,s-5.582881454,s329.091155310
093_19,s6.203398004,s-2.500082306,s281.261214131
093_20,s6.436559663,s-3.213205757,s9.824651992
093_21,s5.845762394,s-1.258880265,s342.512900696
093_22,s-5.363478819,s-3.106117703,s207.016217776
093_23,s-6.500852828,s1.646436252,s37.512070280
093_24,s-6.363662251,s-5.515800310,s209.275069113
093_25,s4.971846662,s-2.478729576,s199.975478762
093_26,s2.868114624,s6.157816340,s61.953035339
093_27,s0.006519431,s2.114093411,s110.426860487
093_28,s2.383129784,s1.327218517,s218.961685709
093_29,s4.495333109,s1.832978530,s119.741733403
093_30,s5.552661460,s3.374137604,s187.905587055
093_31,s5.055239102,s0.116524768,s195.895565985
093_32,s5.000139174,s-1.657565533,s229.631904376
093_33,s-5.261617804,s1.412619861,s111.316947742
093_34,s-4.476431660,s4.731437921,s91.540370393
093_35,s-6.494081441,s0.089999776,s310.890118798
093_36,s-1.890538966,s0.941202203,s95.753184125
093_37,s1.358183855,s-1.356766185,s130.286082189
093_38,s3.462749130,s6.151425478,s168.386684759
093_39,s-1.136137338,s4.089374600,s357.150096319
093_40,s-3.579200607,s-3.389562653,s8.530455048
093_41,s1.373273267,s2.277857860,s0.178249679
093_42,s3.557188680,s4.272711528,s125.523126550
093_43,s3.401348278,s-0.335111770,s125.339060744
093_44,s0.661493465,s-2.280495153,s348.751534524
093_45,s-4.604180140,s2.060270858,s322.196286584
093_46,s-3.262897817,s2.276006236,s175.867765962
093_47,s-6.476507333,s2.908182894,s354.901395343
093_48,s-2.016335401,s2.966808217,s117.371884567
093_49,s-2.955073892,s2.823916201,s45.892126129
093_50,s-0.467217151,s3.562209845,s192.288914915
093_51,s4.492152342,s4.325362160,s1.293899971
093_52,s0.902052476,s3.733652585,s290.043202726
093_53,s4.387470047,s0.906845643,s35.142063673
093_54,s6.035815984,s4.023899372,s248.229556701
093_55,s-0.928126855,s-5.577504666,s304.879966455
093_56,s2.289124109,s2.960960701,s312.706664071
093_57,s5.428965273,s1.683124144,s342.264551024
093_58,s4.182517688,s3.561162431,s201.614653331
093_59,s-1.613443974,s-0.174611791,s15.526301001
093_60,s1.329620551,s0.900066431,s288.192259316
093_61,s5.861455348,s6.067057996,s220.626320930
093_62,s3.448509961,s3.030166770,s224.350458629
093_63,s-4.434730973,s5.260517976,s67.989517933
093_64,s6.306263866,s-0.250450827,s188.145149669
093_65,s5.960920206,s1.180852914,s14.340518120
093_66,s-5.094668940,s3.996788912,s4.211154670
093_67,s-6.353767676,s3.540741374,s31.526434664
093_68,s-5.984490570,s5.671594882,s2.088867588
093_69,s-6.424556263,s0.582572915,s262.185379012
093_70,s-2.551338316,s6.233177630,s40.231092111
093_71,s-2.409129177,s3.592582768,s157.034290756
093_72,s-0.412809951,s0.924344947,s337.963151796
093_73,s2.887924967,s5.484039167,s81.758397301
093_74,s-0.249782377,s1.636107564,s65.681014835
093_75,s6.302009206,s2.109655186,s145.719228924
093_76,s5.348661244,s5.401041761,s297.148278277
093_77,s-3.728359952,s4.283428885,s145.498138043
093_78,s-6.410230953,s6.087677493,s352.563656051
093_79,s-3.169186938,s4.918334991,s51.931207838
093_80,s-1.803407748,s5.193904058,s352.712772087
093_81,s4.453517086,s6.066706406,s185.639390957
093_82,s-1.405378920,s5.068991628,s49.773373507
093_83,s-0.764873737,s5.325004633,s103.221011528
093_84,s6.400254896,s6.181969440,s112.429178932
093_85,s6.371784542,s4.489777123,s86.662548632
093_86,s1.305600577,s4.629662060,s2.585354507
093_87,s1.249239695,s2.716596465,s112.554407277
093_88,s-4.279423315,s6.202406733,s15.135148957
093_89,s-4.302401578,s3.080516128,s170.600966123
093_90,s-6.025616966,s4.443148459,s63.917636836
093_91,s-5.370472508,s6.142320812,s131.082292678
093_92,s-3.446700965,s6.052089563,s212.714937506
094_0,s-5.940907267,s-2.570994379,s119.035950865
094_1,s-2.774473794,s-4.761418895,s226.291793732
094_2,s0.079458525,s-5.782903866,s115.491226425
094_3,s3.762098566,s-4.927438505,s126.796584432
094_4,s-1.639229457,s-4.734224366,s302.893975079
094_5,s-0.002572017,s-3.539209163,s195.672750814
094_6,s2.452687447,s-3.833850180,s212.271393589
094_7,s5.718377721,s-4.736533000,s168.246488243
094_8,s4.284403126,s1.083736678,s308.637932998
094_9,s4.858037578,s-5.625298367,s195.614219028
094_10,s5.900938502,s-6.027042508,s310.440591442
094_11,s-4.093595502,s2.643081368,s318.444993996
094_12,s-5.931861817,s-6.235966383,s44.209901209
094_13,s-4.592716265,s-5.726999187,s85.969857103
094_14,s-1.048415545,s-2.099180301,s91.930891009
094_15,s3.039540815,s2.703798209,s170.306320783
094_16,s0.297096139,s-1.889443727,s198.477324608
094_17,s5.032816600,s-4.632921017,s47.085126353
094_18,s5.977114727,s-1.251866891,s205.669798001
094_19,s1.731788407,s-2.710507900,s12.898782574
094_20,s6.179504363,s-2.228671990,s310.651491836
094_21,s-2.344500312,s-0.214447938,s72.578258593
094_22,s-5.363609443,s1.663071721,s40.503931404
094_23,s-5.108564912,s5.879586608,s305.816842198
094_24,s-4.367155797,s0.406691508,s258.354085842
094_25,s-3.559278871,s4.703249363,s3.326438327
094_26,s-2.373324612,s-6.054020997,s123.114954565
094_27,s3.639831323,s-3.192692958,s300.027927188
094_28,s-0.903661867,s1.577318918,s278.989958528
094_29,s-2.024009646,s-5.649594656,s291.209132607
094_30,s-0.109633485,s-0.231563778,s350.722813507
094_31,s0.914863744,s-0.604201183,s112.398465176
094_32,s4.437769479,s-6.204667227,s134.770662616
094_33,s-6.044056150,s-4.051015605,s213.894103113
094_34,s0.368185216,s3.828074533,s58.553260906
094_35,s0.534310582,s1.025066725,s183.401349906
094_36,s-2.570699124,s2.144105575,s305.437967729
094_37,s5.482565743,s1.664928932,s339.296583696
094_38,s-2.229940474,s-1.548635728,s324.812328795
094_39,s-1.947993084,s1.574148515,s293.843684956
094_40,s3.872121652,s-0.161053008,s358.432693026
094_41,s3.168841822,s-1.419857905,s184.973460118
094_42,s-0.750940233,s-1.076128915,s10.967016483
094_43,s5.906447900,s0.085697289,s279.851812944
094_44,s-5.865196894,s2.101002773,s272.661723727
094_45,s-6.078974171,s-1.218494475,s304.691520789
094_46,s-3.974514233,s4.617926422,s13.734693889
094_47,s-2.970365799,s-2.902048705,s220.100507020
094_48,s-1.290106350,s1.596326642,s200.462163239
094_49,s-5.866949221,s0.362164425,s44.754914108
094_50,s0.352468279,s4.553168506,s1.659178764
094_51,s5.017365890,s-1.299490875,s249.937426123
094_52,s2.078515402,s3.251422946,s30.422107620
094_53,s1.544774119,s-0.805301506,s237.592134145
094_54,s3.311317400,s1.334206487,s91.779928868
094_55,s-6.183059263,s5.163992688,s270.581962305
094_56,s-1.680110290,s2.978153039,s81.784490595
094_57,s-4.560331852,s3.199992908,s88.950262591
094_58,s-3.637589855,s5.991682773,s13.951215228
094_59,s5.733217083,s4.504255389,s319.256341590
094_60,s0.763784194,s2.453417508,s166.450999593
094_61,s-1.033753084,s-3.869190446,s166.567937294
094_62,s1.430821548,s-1.401575963,s16.203873712
094_63,s5.571702604,s3.704877736,s47.172182745
094_64,s3.340777406,s5.551062557,s206.308551249
094_65,s-0.794777724,s3.340034372,s144.657092762
094_66,s-0.637160044,s4.970003761,s38.893061973
094_67,s-3.689288035,s-1.843301833,s190.452741922
094_68,s-1.941660972,s4.063348894,s222.092719017
094_69,s-6.104293633,s3.647782354,s78.564287057
094_70,s4.881699989,s4.348238836,s107.189376802
094_71,s4.463385525,s3.677034530,s190.617669950
094_72,s1.187503934,s5.517633716,s354.990079706
094_73,s-4.951109223,s4.449040388,s3.485424960
094_74,s4.823553986,s4.557312667,s19.641963540
094_75,s1.783684279,s5.223048308,s170.309892583
094_76,s3.518483261,s4.470890442,s26.235960138
094_77,s-5.647905611,s3.890699908,s95.336592726
094_78,s0.057277688,s5.842228644,s215.222957595
094_79,s-3.210176248,s1.747887503,s246.496469495
094_80,s-0.590716799,s4.266730877,s171.746289724
094_81,s1.498583038,s0.381442815,s132.762527478
094_82,s-2.887291968,s5.734866328,s303.692123185
094_83,s2.708599713,s6.017711249,s113.581193912
094_84,s-1.868178391,s5.876294938,s74.265559696
094_85,s1.238722852,s4.227423290,s229.889261323
094_86,s2.929421986,s0.343551181,s114.883816047
094_87,s6.099839068,s5.905698784,s260.304258350
094_88,s-2.824499611,s-0.155894861,s15.181066982
094_89,s-5.926909871,s5.807882026,s215.584207461
094_90,s-4.284847794,s5.367441602,s34.295925345
094_91,s-0.219732593,s2.020608353,s130.159581476
094_92,s0.018123137,s4.781666155,s348.293444083
094_93,s5.043003015,s5.957083751,s122.396054368
095_0,s-1.586866211,s-4.048448907,s292.429985918
095_1,s-5.015601863,s-1.174842486,s190.439570946
095_2,s-6.291023172,s-4.081703771,s127.050533947
095_3,s-4.008252343,s-3.384717843,s123.901973728
095_4,s-4.176880563,s-5.180799990,s53.162167328
095_5,s-1.256806512,s0.608955747,s109.289963641
095_6,s4.102736584,s-3.404144907,s71.280634662
095_7,s3.020426316,s-5.668795264,s122.628588044
095_8,s5.233338992,s-3.046293894,s269.620746350
095_9,s4.722526250,s-4.421093965,s342.171749501
095_10,s6.236941658,s-6.064311317,s261.487150887
095_11,s-2.543280097,s1.262445186,s105.363109605
095_12,s-5.301424985,s-5.479048358,s167.835733983
095_13,s1.622464046,s-5.807706760,s237.264468080
095_14,s-6.293761520,s-2.318029059,s295.302881520
095_15,s0.580065857,s-2.085085882,s188.445745919
095_16,s4.748977057,s2.725985704,s330.510814122
095_17,s3.238004955,s-4.630763015,s269.363153413
095_18,s4.141178231,s-5.923973786,s72.058637968
095_19,s1.125689715,s4.351598567,s153.908213839
095_20,s6.181913142,s3.592771270,s292.786817980
095_21,s5.443401894,s-4.309673794,s285.391332363
095_22,s0.667509581,s-1.191245507,s345.857741009
095_23,s-6.255146951,s3.183849316,s123.064640644
095_24,s-0.028922338,s0.187963235,s321.357086332
095_25,s-3.335432978,s0.925237773,s118.427037125
095_26,s-1.641373139,s2.353857198,s132.424673815
095_27,s-4.429623320,s-2.372666045,s83.756323857
095_28,s-0.805694840,s2.113987763,s60.417375858
095_29,s-0.164382362,s-4.909716472,s10.064128184
095_30,s4.483453522,s6.123861185,s324.595840066
095_31,s5.099754846,s-0.617212135,s324.785152032
095_32,s3.478558380,s-0.872515044,s315.984794586
095_33,s-5.802679049,s1.973873517,s26.956899078
095_34,s-2.545100192,s4.749969779,s277.956182370
095_35,s-3.383098462,s-3.852256309,s244.183610749
095_36,s0.768557568,s1.180991929,s41.292715223
095_37,s2.558879928,s-1.831947088,s293.734554533
095_38,s5.975765352,s1.814152547,s93.851030529
095_39,s2.567536968,s3.809545872,s27.001069936
095_40,s-2.621639313,s-6.408365019,s242.647993947
095_41,s5.041067968,s3.949263216,s153.089384767
095_42,s4.447137442,s-2.033945806,s93.695045285
095_43,s-0.759563590,s1.791314923,s105.598886979
095_44,s-6.077127936,s0.310263253,s198.779335346
095_45,s-6.334646223,s-0.692986801,s119.905144886
095_46,s-3.083529434,s5.215466070,s261.845735923
095_47,s-3.287624358,s-0.840818376,s75.250860798
095_48,s2.700445569,s5.894119493,s1.347591052
095_49,s-0.437333634,s-0.747076331,s285.338233006
095_50,s1.147883172,s0.061054678,s108.616197294
095_51,s0.832834817,s-3.509122381,s318.691977078
095_52,s3.968030061,s-2.330786597,s9.011564308
095_53,s5.139830504,s-0.042891496,s238.304063620
095_54,s6.328686983,s-1.557660709,s100.363478475
095_55,s-3.336452495,s2.052800000,s216.055542791
095_56,s-5.530865618,s1.611382869,s46.213047058
095_57,s-5.890490858,s4.448407737,s317.321910422
095_58,s-2.552228603,s3.564379558,s284.252959140
095_59,s2.605113535,s0.165098309,s333.499437320
095_60,s-4.063425119,s4.490477262,s11.804512360
095_61,s3.890348963,s3.599591059,s331.970125508
095_62,s5.648424684,s-0.507645138,s167.452784011
095_63,s5.568632258,s2.976144839,s186.615914492
095_64,s2.172547225,s5.722326017,s167.179223994
095_65,s3.189757180,s4.532241937,s15.962456473
095_66,s-3.978147989,s6.092545768,s309.810468903
095_67,s5.555326616,s2.688600791,s288.494534999
095_68,s-1.601352844,s5.926369718,s151.245902285
095_69,s-2.282568594,s1.992397361,s237.159626640
095_70,s-4.215415029,s0.814490649,s339.506454084
095_71,s-4.300162473,s3.037677245,s322.497382141
095_72,s4.945264746,s-0.457260172,s238.370390963
095_73,s0.765166430,s5.113560971,s336.738870588
095_74,s-0.380015518,s2.735599313,s295.099471983
095_75,s6.182654462,s4.505007620,s176.006504610
095_76,s6.259616395,s5.189646420,s179.224554148
095_77,s-5.534531677,s0.339038758,s298.133168642
095_78,s-6.358174831,s5.842416516,s160.390223565
095_79,s-3.808307348,s3.791894512,s295.338020608
095_80,s-1.722355588,s1.754778538,s272.686733499
095_81,s3.366611321,s1.685280260,s311.849678748
095_82,s3.641638825,s5.985441138,s279.660505051
095_83,s-0.534778752,s3.177309741,s81.859132723
095_84,s1.031293949,s2.434853380,s25.407921392
095_85,s5.992665113,s0.759630461,s322.265006399
095_86,s5.466552079,s5.545983440,s307.210350555
095_87,s2.608369502,s5.134813174,s195.647008373
095_88,s-3.889666303,s4.804412701,s287.109156782
095_89,s-5.079260280,s5.201612969,s209.607173584
095_90,s-3.098258077,s5.876614747,s309.458159403
095_91,s-5.996631332,s3.806845992,s53.600648280
095_92,s-1.879493343,s4.169648927,s248.763455265
095_93,s-1.289787881,s6.131901277,s137.446006529
095_94,s-0.131677287,s4.558070243,s72.224949929
096_0,s-5.298594235,s-2.522923689,s348.460886595
096_1,s-2.225329014,s-2.975374036,s26.308425284
096_2,s-3.979400557,s-2.051816107,s59.454105556
096_3,s-3.133825208,s-2.082409327,s5.342597046
096_4,s-5.008569884,s4.493857929,s19.984058409
096_5,s-0.868520342,s-1.174243086,s10.201262967
096_6,s-0.758817130,s-4.849347824,s31.104320480
096_7,s2.803432098,s-3.004658465,s334.364768608
096_8,s1.207891312,s-5.731077985,s161.358972381
096_9,s3.208547081,s2.156998551,s329.914290319
096_10,s3.578924413,s-5.046774550,s192.971747961
096_11,s-3.062513624,s-1.917045533,s228.186864011
096_12,s-6.006546584,s-5.219063312,s349.038490418
096_13,s2.136153051,s-1.126645984,s97.847465836
096_14,s-1.163137681,s-3.356881634,s104.850639204
096_15,s-4.953049196,s1.219418058,s184.200098154
096_16,s1.650983952,s-3.028053768,s311.512346199
096_17,s1.408420736,s3.504929911,s54.962760968
096_18,s3.303835959,s-6.061348419,s237.064525692
096_19,s4.198197766,s1.606434390,s194.994477203
096_20,s5.725150415,s-5.003265058,s256.192580415
096_21,s2.851895608,s-1.746850238,s218.941759716
096_22,s-6.100614340,s0.052703718,s316.022420547
096_23,s-5.607085680,s0.052473168,s165.122277473
096_24,s-2.639463764,s-4.008619500,s164.283388130
096_25,s-3.428839604,s-5.917348621,s268.217506460
096_26,s1.584654522,s-1.095874572,s42.980738642
096_27,s-1.774606986,s-5.292602566,s325.949960856
096_28,s3.852027691,s3.180649358,s111.364309785
096_29,s2.462522369,s3.304397745,s180.710825697
096_30,s-1.738745550,s0.307972114,s138.389558807
096_31,s5.819868257,s-3.684700559,s11.619035642
096_32,s4.818677469,s-3.893425520,s171.842273153
096_33,s-5.307326947,s3.151319013,s216.281242201
096_34,s0.295551954,s-2.385269705,s123.699529380
096_35,s-5.731339813,s-1.035570870,s74.443537740
096_36,s5.605016980,s4.834482123,s110.803230417
096_37,s-1.604822869,s1.797012562,s217.093949703
096_38,s4.724135863,s-3.326075453,s349.883080249
096_39,s0.708384715,s-4.895879298,s5.469843389
096_40,s1.286937866,s4.172309078,s239.674878752
096_41,s-0.766277018,s-3.839472529,s164.664146159
096_42,s-0.170582163,s5.065038427,s189.785730620
096_43,s5.031089825,s2.094495248,s193.607083998
096_44,s-3.711728916,s4.642766175,s131.706856515
096_45,s-4.536087660,s-4.150558561,s323.574128270
096_46,s-3.544127757,s-1.054721825,s333.611682776
096_47,s-2.528542198,s3.459665305,s215.729794037
096_48,s2.174396118,s-0.343736376,s82.285601955
096_49,s1.371676559,s-0.266275210,s13.568794581
096_50,s-4.729398062,s-5.908820510,s345.644746363
096_51,s2.012005906,s5.615991365,s281.624932623
096_52,s4.014173764,s-1.547571743,s46.697384783
096_53,s2.449829606,s-0.421563814,s193.410115207
096_54,s0.926735884,s4.512401364,s254.334795274
096_55,s-4.594626577,s3.039389966,s248.687286955
096_56,s-4.613349585,s-1.124586017,s349.674566565
096_57,s-3.868840183,s1.868773083,s49.789988030
096_58,s-3.630165166,s1.901948525,s45.606318425
096_59,s-6.109060117,s5.695697082,s298.668905835
096_60,s2.430808527,s3.847553972,s201.891174745
096_61,s5.808761373,s-2.303242687,s31.325032552
096_62,s-1.229122918,s4.285515394,s341.590985649
096_63,s4.967947696,s0.526693655,s289.849766646
096_64,s3.484658494,s0.357131137,s296.327435370
096_65,s-3.128422740,s0.945814646,s298.289146732
096_66,s-4.439529039,s5.711026633,s183.733355738
096_67,s-1.576831175,s-2.171158796,s323.813097722
096_68,s-5.931736073,s5.107704238,s19.277281037
096_69,s-2.311336714,s-1.629931582,s254.254034603
096_70,s-0.839863901,s0.920855784,s244.271519075
096_71,s-0.299662647,s-0.161697582,s295.713485561
096_72,s5.852812055,s4.343617966,s152.981919771
096_73,s5.655737308,s1.784552762,s173.080454295
096_74,s5.871392858,s2.299151404,s48.203648081
096_75,s2.273505511,s-2.229435819,s262.490381079
096_76,s4.805300600,s5.490520741,s21.237956870
096_77,s-1.810261504,s3.356665548,s298.860676837
096_78,s-4.841322547,s5.211505534,s277.300453457
096_79,s1.817758922,s5.697826171,s356.464703175
096_80,s-3.195684760,s5.744323807,s101.686060452
096_81,s3.624822350,s5.545493785,s92.884896730
096_82,s-0.838183640,s3.550879720,s333.045485719
096_83,s1.608760515,s1.491409498,s272.669648182
096_84,s5.859750419,s5.304470306,s153.377123639
096_85,s3.133930844,s4.344779336,s266.437891969
096_86,s-1.669563239,s-0.750969634,s342.223085884
096_87,s2.125157486,s4.626405866,s330.563241917
096_88,s-2.260857367,s4.688203053,s45.088367065
096_89,s-5.647972306,s1.593960880,s282.193110484
096_90,s-4.863849743,s2.242848266,s185.858900006
096_91,s0.746899604,s5.580845220,s279.856892010
096_92,s-1.504044924,s5.716598007,s217.069565333
096_93,s-0.759858878,s4.475539816,s225.485142945
096_94,s-0.309559082,s2.367187662,s146.803559249
096_95,s0.184688814,s0.776298056,s280.614522058
097_0,s-5.884882153,s-4.459029252,s205.619889767
097_1,s-4.061146597,s-2.582851231,s39.390003853
097_2,s-3.643637936,s-0.998512391,s76.631362488
097_3,s-4.693548472,s-1.950976084,s2.088577207
097_4,s-2.405774090,s-5.796674276,s225.710969139
097_5,s-1.481616526,s3.236141670,s22.745319163
097_6,s-2.901744499,s-4.880861079,s207.276973520
097_7,s-0.443006398,s-5.464547895,s183.426515508
097_8,s-2.434170235,s-2.124832882,s44.531406701
097_9,s1.849990053,s-1.999225023,s169.319408641
097_10,s3.186954346,s-5.875775281,s189.679402338
097_11,s-3.222265715,s0.104351743,s350.255668629
097_12,s-5.025246940,s-3.645424683,s134.268031243
097_13,s-3.917062868,s0.060276978,s262.945677150
097_14,s2.285137652,s1.719115552,s27.793012721
097_15,s-2.715946462,s-3.567219648,s333.629575468
097_16,s0.514491664,s-5.858807462,s2.565876482
097_17,s-0.214572648,s5.043444336,s150.100462520
097_18,s3.256669356,s-2.228210015,s118.500493539
097_19,s4.661437162,s-1.789933462,s127.369100109
097_20,s2.235268263,s-4.912281649,s339.100923596
097_21,s5.112381242,s-5.742502039,s260.051407324
097_22,s-4.810955430,s5.238743984,s272.213424993
097_23,s-5.915274785,s0.535087849,s94.799125023
097_24,s-3.725864432,s-5.640049480,s96.505178492
097_25,s-4.219588338,s5.867364236,s286.153159000
097_26,s4.471021393,s-1.236251559,s207.883811990
097_27,s-0.404880701,s-2.494958366,s113.751146542
097_28,s3.575448550,s-0.875917042,s52.050332892
097_29,s2.687991628,s-0.313212301,s330.442630557
097_30,s1.172702162,s-3.378630803,s345.138019909
097_31,s5.645040488,s-0.505319652,s270.599688125
097_32,s4.632418176,s-3.174985683,s317.894598274
097_33,s-5.414791501,s-0.831112977,s351.150604826
097_34,s-5.902264595,s4.434036199,s344.771046521
097_35,s-2.246093455,s1.864403289,s257.959253416
097_36,s-1.695557130,s-5.751764954,s307.763524382
097_37,s-2.982329271,s3.475530764,s344.092805014
097_38,s-0.858455990,s-0.545844452,s256.496317101
097_39,s-3.086078842,s1.016095533,s217.595652562
097_40,s3.769362773,s2.876684323,s154.685454863
097_41,s-2.149612312,s0.744595774,s353.746682513
097_42,s1.420613611,s-3.963673085,s230.653517380
097_43,s-3.947467628,s2.607426823,s71.767161475
097_44,s-5.744114836,s-0.074842715,s8.412161358
097_45,s-2.716144658,s5.875615835,s166.566926619
097_46,s-3.580435284,s2.000757654,s23.754141540
097_47,s2.271200604,s0.432673460,s324.653468026
097_48,s-1.710844108,s-1.179833553,s335.308112706
097_49,s-4.199683369,s0.776009521,s88.631471132
097_50,s2.361105607,s4.422015416,s161.631818564
097_51,s5.451767082,s1.678212752,s102.417691044
097_52,s-2.796044693,s-0.045341222,s346.634061998
097_53,s4.711840671,s-0.570847734,s118.807156452
097_54,s0.302745892,s2.272889592,s233.140682420
097_55,s2.247429746,s-1.180576956,s354.351991156
097_56,s-2.138130888,s4.637994772,s296.611592088
097_57,s-5.000158616,s0.492591124,s48.663745965
097_58,s-4.339837654,s3.041522965,s249.831426928
097_59,s-5.129092125,s3.886274897,s60.165093351
097_60,s-2.751390449,s4.474543715,s346.085223095
097_61,s5.943800514,s0.415043517,s286.088049017
097_62,s5.805301388,s4.952183867,s52.002416861
097_63,s0.562015160,s-0.477127855,s301.607251208
097_64,s3.559743909,s0.744969827,s166.584879737
097_65,s5.164332905,s2.019229262,s69.326707502
097_66,s-3.256614495,s4.297577807,s156.124162116
097_67,s-5.833853544,s1.597472630,s74.787619958
097_68,s2.130727919,s3.134380650,s28.083186895
097_69,s0.648859088,s4.968224230,s119.025340169
097_70,s5.263846010,s0.359511895,s225.494612898
097_71,s3.173004414,s1.269721641,s191.380257757
097_72,s4.821875667,s3.091508545,s197.426961504
097_73,s1.143225900,s-0.983250106,s219.939982288
097_74,s4.556786879,s2.828516090,s241.196726106
097_75,s2.730567422,s4.904879979,s225.601796093
097_76,s5.861339828,s5.122027550,s272.334365894
097_77,s-5.751338496,s5.861587603,s94.700897106
097_78,s-4.066925207,s4.879806800,s225.801969827
097_79,s-3.593295413,s5.223288673,s38.403777569
097_80,s4.969754509,s3.265401119,s359.507317632
097_81,s-1.306083404,s4.273201308,s273.049964386
097_82,s2.851635592,s-3.335021454,s154.370476883
097_83,s1.375248920,s3.551012983,s72.779686756
097_84,s0.382903502,s3.928690381,s104.759540474
097_85,s5.872510115,s2.456402229,s281.741447643
097_86,s3.438205277,s3.875149560,s0.448087067
097_87,s4.119406381,s4.866802706,s61.313380008
097_88,s-0.923610796,s5.686184251,s37.280363180
097_89,s-1.363956943,s5.859686805,s189.020432574
097_90,s-3.083839632,s-2.220851674,s127.677076492
097_91,s-0.766476761,s5.875615835,s9.611246286
097_92,s3.895923936,s4.955876941,s339.958438464
097_93,s1.421892138,s5.815282860,s309.582020084
097_94,s-0.076543618,s4.952115942,s123.211758919
097_95,s-2.367680919,s2.821836746,s2.557504983
097_96,s5.438714081,s5.805423333,s187.834409296
098_0,s-4.848408518,s-5.331431014,s244.307658628
098_1,s-3.861677279,s-3.411671504,s146.956471912
098_2,s-4.068474096,s0.467704277,s227.293326026
098_3,s-4.069607647,s-1.244894210,s358.185528552
098_4,s-0.152122957,s-4.384663430,s103.217400963
098_5,s0.211529947,s-5.175236869,s348.570862393
098_6,s-0.752919279,s-2.298734346,s284.439156813
098_7,s0.371145792,s-2.924588599,s201.855277965
098_8,s2.027965912,s-5.373973092,s241.633665075
098_9,s-2.295829853,s-4.642435273,s229.627814346
098_10,s5.321393887,s-3.251617782,s310.876449276
098_11,s-5.815069425,s-5.438159256,s9.731739604
098_12,s-2.083427943,s-0.914460594,s96.869832498
098_13,s-2.859482768,s5.185487082,s229.012429258
098_14,s0.912192645,s1.078997806,s235.159434643
098_15,s1.706715957,s-3.313022470,s197.497008720
098_16,s-0.820243867,s-1.204842273,s173.159150363
098_17,s1.893617320,s-2.385285387,s223.324545141
098_18,s3.325802638,s4.733852378,s121.786386233
098_19,s2.009683938,s0.600539914,s273.653857368
098_20,s3.422357857,s-1.772035379,s299.990405317
098_21,s3.742521135,s-3.621999022,s137.610832026
098_22,s-6.019826793,s1.085527287,s2.213381446
098_23,s-3.335157717,s-6.206354015,s324.408543879
098_24,s-2.180961871,s-2.544175300,s227.176701469
098_25,s-0.293671957,s-5.808419063,s325.010431082
098_26,s-5.836363964,s-3.232428869,s317.797659678
098_27,s-1.993267207,s-1.570102187,s169.122476546
098_28,s0.150968968,s-0.662054953,s46.101566661
098_29,s4.411623306,s0.782157645,s175.880223429
098_30,s5.400160579,s-1.295340571,s225.634335371
098_31,s4.549175559,s-3.509618869,s222.157492986
098_32,s3.507932599,s-2.746385562,s59.674992207
098_33,s0.188786345,s1.422472322,s312.675311745
098_34,s-5.930496595,s2.930848388,s289.941729138
098_35,s-3.456418479,s-5.150314736,s23.883742076
098_36,s-5.659712383,s4.283614589,s21.694374617
098_37,s-4.999845443,s1.471180088,s88.917659117
098_38,s-3.069288287,s1.582705256,s261.070273744
098_39,s-1.518806359,s4.691003044,s272.134885235
098_40,s5.742764248,s4.118628643,s292.522511994
098_41,s-2.909910153,s-1.863273919,s88.691569604
098_42,s3.878229509,s4.097654322,s261.191107424
098_43,s2.783122247,s0.073609986,s294.665564887
098_44,s-5.411043344,s3.894095598,s103.803570120
098_45,s-5.300299602,s5.636894750,s278.950182947
098_46,s1.104498895,s-0.318215517,s322.667045218
098_47,s-0.681080241,s0.564122178,s134.863849669
098_48,s4.531828803,s-4.948920367,s160.448888775
098_49,s-2.584891631,s2.008990211,s332.143367692
098_50,s1.905764184,s4.145072781,s195.347110537
098_51,s4.592547893,s-0.539857933,s316.001734458
098_52,s2.396613202,s1.063467347,s261.163775216
098_53,s3.072534003,s3.126687589,s129.030742675
098_54,s5.748155923,s2.814674233,s213.868718667
098_55,s-5.874828713,s-0.401908953,s183.159047619
098_56,s-5.797387980,s5.142647354,s99.359099655
098_57,s-1.475333779,s3.500561731,s149.039339808
098_58,s-5.941500912,s-6.110256600,s46.791920161
098_59,s-0.531239350,s3.755881242,s298.649337367
098_60,s1.497158082,s5.409618707,s157.689572987
098_61,s2.327901401,s1.636224975,s355.736166324
098_62,s0.293069932,s2.723380950,s38.218594225
098_63,s0.725901649,s4.971418668,s271.902168089
098_64,s-1.412059714,s5.411363020,s102.876288200
098_65,s0.812759501,s-0.820147852,s280.086096318
098_66,s-4.081802931,s2.865830448,s338.070478972
098_67,s-1.302882783,s-0.101648783,s55.022103951
098_68,s5.787502957,s1.982762544,s267.495480780
098_69,s-0.446915642,s2.592550194,s139.367736853
098_70,s-1.776785034,s-0.022283249,s107.066448471
098_71,s-2.966785259,s-0.934990566,s335.126494282
098_72,s-1.841581664,s-4.197533919,s139.212049112
098_73,s4.124721597,s5.369288729,s338.378417038
098_74,s2.734827784,s3.877652145,s231.827291501
098_75,s2.113404105,s2.970454082,s284.023370290
098_76,s4.005473070,s1.230725017,s184.963192413
098_77,s-4.468780327,s4.347783823,s336.805925157
098_78,s-3.896028010,s1.191067683,s69.708400636
098_79,s-3.506957642,s4.401246775,s103.268501628
098_80,s-2.421200256,s5.293329320,s251.310780021
098_81,s-4.498171625,s-1.436349486,s320.394319271
098_82,s-2.245601788,s3.524208889,s276.925910203
098_83,s-0.276638914,s3.274656556,s74.307195067
098_84,s3.960255617,s4.506240705,s143.452633733
098_85,s-0.799220288,s4.534523739,s262.025040012
098_86,s3.902424860,s3.242773057,s261.822224427
098_87,s5.759685790,s4.529685669,s152.508340242
098_88,s-5.567953164,s-4.190048082,s351.195887338
098_89,s-6.128434465,s5.676885030,s224.278306084
098_90,s3.978202643,s2.135524847,s288.077478026
098_91,s1.430000007,s3.996606955,s314.542044939
098_92,s-0.017724438,s5.633906825,s346.759822875
098_93,s5.135722942,s5.646214837,s188.127099847
098_94,s0.586963644,s5.354400142,s268.882224197
098_95,s4.412950403,s-1.278749814,s85.535451593
098_96,s2.402570958,s2.557855116,s228.279841767
098_97,s2.333520100,s5.571899841,s79.068171037
099_0,s-6.018580746,s-3.829266108,s192.940309019
099_1,s-6.132909378,s-2.741960839,s230.870389856
099_2,s-3.087043477,s-0.442037728,s259.077278146
099_3,s-4.206009384,s-5.979214267,s292.025091322
099_4,s-5.014573990,s-1.946453599,s63.684477324
099_5,s-2.408365519,s-5.991412573,s108.298158813
099_6,s3.689825591,s-3.331479188,s28.636408977
099_7,s0.247005221,s-5.072663107,s177.299107682
099_8,s3.024616753,s-4.193793944,s321.220529044
099_9,s5.861065719,s-3.933707311,s329.954822279
099_10,s5.859255795,s-5.977735647,s136.486758704
099_11,s-5.891987523,s-0.075831552,s318.995933810
099_12,s-0.478546342,s1.110008429,s35.917014615
099_13,s-1.690564943,s-3.534028101,s264.846476224
099_14,s-4.631958243,s-4.052265686,s267.842267430
099_15,s-3.016688306,s-3.746343828,s86.449168323
099_16,s-3.841625681,s2.795898751,s301.405392189
099_17,s5.921087242,s-0.537813506,s262.115441204
099_18,s2.124925673,s-4.296411732,s258.066240960
099_19,s2.581863960,s-5.399170593,s61.117697945
099_20,s5.161173707,s-1.671264358,s198.736121774
099_21,s2.723006160,s4.053134980,s269.019450006
099_22,s-4.482425245,s-1.013905015,s267.463722310
099_23,s-4.449088028,s3.696262808,s267.494290101
099_24,s3.765624392,s-0.644105899,s267.517181565
099_25,s-0.016819750,s1.875813729,s177.164190070
099_26,s-3.780753343,s-2.145850059,s152.054547545
099_27,s-0.822424815,s-4.940045602,s271.332110588
099_28,s-5.088949132,s-0.847556488,s239.708831843
099_29,s-0.672557159,s-0.573480430,s206.906787186
099_30,s0.120715751,s-0.658761853,s125.173870728
099_31,s5.610662022,s0.647813751,s263.560617825
099_32,s4.561097269,s-1.978502576,s10.560970611
099_33,s-4.974232536,s3.352110619,s12.486156209
099_34,s-5.176219003,s1.237295737,s352.242697531
099_35,s1.673890633,s-3.068762947,s200.219371202
099_36,s1.750422022,s2.326435216,s168.267609467
099_37,s-5.473382105,s-2.369684590,s68.649506784
099_38,s0.460409613,s3.691245591,s347.024946450
099_39,s5.275807777,s3.094940425,s110.641528302
099_40,s-3.469382843,s-2.676604922,s236.224821364
099_41,s3.605867893,s-5.368732117,s28.984331611
099_42,s0.554574488,s0.069595796,s68.980110381
099_43,s5.523514679,s1.760466260,s257.392482867
099_44,s-3.908511680,s-1.211443119,s201.354630485
099_45,s-5.462474100,s5.496482405,s114.570367160
099_46,s-2.194432716,s0.570325230,s146.152912772
099_47,s-5.439530785,s-5.221532724,s258.915393699
099_48,s-2.553956914,s5.868683438,s91.684070610
099_49,s-2.306865358,s-0.573051114,s276.317509905
099_50,s4.449208578,s0.762850685,s252.271634441
099_51,s3.999908069,s-0.168383154,s60.421945458
099_52,s4.970535455,s-0.498570665,s336.979892655
099_53,s3.388243365,s-3.037511494,s175.477076934
099_54,s3.694245169,s5.987016740,s262.905798971
099_55,s-2.367425779,s5.822227340,s54.658262061
099_56,s-0.529768680,s-1.609981059,s348.987689353
099_57,s-3.222060158,s5.659917841,s15.486485770
099_58,s0.308573140,s-2.612581250,s15.031529056
099_59,s2.041760692,s4.568273334,s28.392588933
099_60,s1.791784332,s2.052795306,s255.929589232
099_61,s5.060058510,s-4.412676400,s337.093034446
099_62,s0.024715257,s-1.928041366,s124.955512433
099_63,s-1.461869381,s3.600714468,s136.334207293
099_64,s5.907610831,s3.376628495,s139.175292774
099_65,s0.034371376,s5.992601340,s56.741191573
099_66,s-6.012852955,s3.954960392,s140.855871966
099_67,s0.505363745,s-4.425307907,s80.440495638
099_68,s-6.099873116,s1.899243157,s137.542020595
099_69,s-1.923463201,s4.821938987,s256.792867924
099_70,s-3.229273324,s0.506350456,s239.763327568
099_71,s-0.428738938,s4.683541287,s146.907670488
099_72,s-1.121046287,s4.413866415,s279.734760324
099_73,s1.392252817,s1.124292975,s324.660302382
099_74,s4.090271864,s2.798207140,s281.952065019
099_75,s4.576075430,s4.417817085,s357.015007008
099_76,s0.987673913,s5.511334618,s241.636299367
099_77,s-4.402147768,s5.842370323,s203.281433067
099_78,s-3.982765186,s6.006242752,s82.954287892
099_79,s-5.788688180,s2.926957703,s351.700609639
099_80,s0.119032164,s3.918714239,s127.048186069
099_81,s-5.964909525,s0.011249666,s280.067032883
099_82,s-1.477565295,s5.578853984,s293.414925168
099_83,s-1.872581461,s-0.713884028,s138.562363826
099_84,s2.449163874,s3.287908826,s183.013063582
099_85,s0.057938931,s2.465921824,s240.195238679
099_86,s5.165129303,s4.762289565,s6.440991734
099_87,s3.605545590,s5.640949388,s316.156045149
099_88,s-1.141396170,s0.912200230,s99.113482520
099_89,s-5.965224188,s5.894619616,s110.711140154
099_90,s-1.705103251,s1.866353713,s238.086847149
099_91,s-0.796938354,s5.760089499,s355.767640854
099_92,s-2.792221221,s0.816125436,s129.829422675
099_93,s-4.087156958,s2.886924142,s159.856990644
099_94,s2.101777982,s6.023672154,s249.512595350
099_95,s4.307854211,s3.117005675,s352.323634951
099_96,s5.488932573,s4.134518142,s23.353297619
099_97,s0.810070123,s2.739911319,s329.837498536
099_98,s5.551756457,s5.401869794,s223.018080697
100_0,s-5.092787272,s-2.877988362,s237.679724707
100_1,s0.527359243,s-0.485662768,s93.336643396
100_2,s-3.325437465,s-3.763926615,s225.710870002
100_3,s1.213803264,s-0.455433094,s233.974461030
100_4,s-2.370221235,s-5.572680679,s205.528627558
100_5,s0.139850637,s-5.594438756,s124.204697401
100_6,s-3.600130710,s-4.715156203,s93.840549286
100_7,s-0.447579312,s1.772045984,s96.128830871
100_8,s5.044714131,s-5.543131834,s146.602072057
100_9,s0.780360154,s-1.414812311,s126.336340000
100_10,s1.437178550,s-0.865195333,s184.041559989
100_11,s3.011104430,s-5.118079717,s300.995333119
100_12,s-5.179720184,s-5.654243704,s172.340250911
100_13,s-5.329084684,s-0.345094035,s294.165970622
100_14,s-5.226806639,s-1.763882966,s78.044488651
100_15,s-0.409501064,s-3.596009541,s347.631059027
100_16,s1.299181717,s-2.872533283,s39.067464943
100_17,s-3.005740972,s-0.021521409,s53.443042813
100_18,s4.955439524,s-4.662097278,s165.764009845
100_19,s3.823788833,s-4.195855506,s4.553834183
100_20,s-2.366717428,s-0.818482938,s148.078198081
100_21,s4.514605459,s-0.155336177,s83.003669970
100_22,s-2.732702044,s-2.772312975,s21.588607379
100_23,s-3.542783849,s-2.431271406,s285.198493984
100_24,s-0.245304668,s1.377108754,s76.763344660
100_25,s0.064754184,s-4.194917310,s134.140292262
100_26,s-1.770086384,s-3.366856017,s141.270293000
100_27,s3.945419249,s-3.285805438,s60.736263256
100_28,s5.422175511,s0.918183216,s75.052611571
100_29,s-1.686327599,s2.033563051,s100.521762907
100_30,s3.370139681,s0.902994728,s227.976025118
100_31,s3.850522763,s-2.092281265,s257.342510919
100_32,s5.230713356,s5.108999451,s268.794416483
100_33,s5.153605738,s-2.991005621,s6.995603437
100_34,s-2.888877454,s3.059092737,s146.663324857
100_35,s-5.897909941,s5.912267829,s309.238374260
100_36,s-4.252431665,s4.937086892,s329.918505758
100_37,s-3.916126817,s-3.123405765,s287.639054504
100_38,s4.524282596,s4.501006131,s122.772876659
100_39,s5.707828382,s-0.660607957,s35.926648886
100_40,s-3.979974128,s0.066068755,s159.787633841
100_41,s-0.413137191,s-2.290008915,s271.499207893
100_42,s0.941859552,s3.312651240,s108.970263757
100_43,s3.095507446,s2.161240156,s194.715336923
100_44,s-5.169381156,s4.719590376,s240.459263923
100_45,s-2.523255377,s1.865393625,s290.786142068
100_46,s-0.512428582,s2.661759546,s306.503227222
100_47,s3.567036723,s-0.606917860,s130.397435569
100_48,s-4.391896937,s-2.458390271,s129.922068639
100_49,s1.576539104,s2.668286491,s321.079511531
100_50,s5.698754053,s2.786505594,s57.781481393
100_51,s3.858768914,s3.901877646,s268.568030305
100_52,s4.892347289,s1.614585861,s104.279994856
100_53,s1.563704997,s0.887084297,s292.795195046
100_54,s4.675860879,s2.370725401,s43.685712860
100_55,s-3.840025307,s-0.522713874,s53.514184902
100_56,s-1.978041308,s3.943193294,s67.991139952
100_57,s-4.391605819,s0.594016029,s62.528408116
100_58,s3.644544586,s5.475297423,s205.137001072
100_59,s3.048890082,s3.834142118,s235.956507191
100_60,s1.949786618,s5.815357841,s199.282658684
100_61,s2.466696056,s2.685979818,s213.590190180
100_62,s-2.016763406,s-2.027031927,s234.893640620
100_63,s-0.582030212,s5.938157796,s271.892720374
100_64,s5.138238435,s-3.977215255,s273.696144266
100_65,s5.642159808,s0.341437126,s129.613422918
100_66,s-4.637088680,s-1.341521768,s228.539991593
100_67,s-2.552627836,s1.452084239,s120.579999057
100_68,s-2.976696470,s4.637675010,s109.705822770
100_69,s-1.305142801,s2.257397458,s35.028102019
100_70,s-5.974535053,s4.856966839,s330.933947253
100_71,s-3.580376131,s3.342474552,s349.443675589
100_72,s3.264762797,s1.075339252,s284.693520385
100_73,s-5.128174261,s5.577342727,s333.588512951
100_74,s5.613924847,s0.893352777,s261.740389446
100_75,s1.586849729,s4.855748443,s299.540019989
100_76,s-2.751689901,s5.991696024,s95.384248948
100_77,s0.594772959,s2.083674943,s337.168916139
100_78,s-5.588088954,s5.798239546,s276.610159969
100_79,s4.760459526,s2.849901309,s276.002861495
100_80,s-5.024119319,s2.417319383,s250.208183253
100_81,s-1.501038082,s4.613425332,s118.567425570
100_82,s4.800722537,s5.305661061,s117.182691526
100_83,s4.264461570,s1.579495631,s103.178305693
100_84,s0.620271331,s5.953745605,s51.924471994
100_85,s0.490258412,s4.901057547,s42.705232115
100_86,s4.418054108,s6.028119732,s89.196704724
100_87,s-5.355450650,s2.417977013,s83.652733622
100_88,s-5.948642637,s0.633489813,s34.836046619
100_89,s-5.618081440,s3.477574026,s335.928234985
100_90,s-5.675800095,s1.115239450,s33.964059822
100_91,s2.372525903,s-0.144093982,s232.407653055
100_92,s2.239266663,s5.330779361,s3.807009131
100_93,s-3.395882501,s5.910603392,s266.460227802
100_94,s-0.540238420,s4.743883501,s267.091375164
100_95,s-3.357807603,s3.870222015,s105.824762631
100_96,s0.561329707,s3.561814276,s224.473351484
100_97,s3.106132272,s5.755687278,s293.250958118
100_98,s-1.258103187,s3.162411696,s259.408369147
100_99,s-5.952906163,s2.641509766,s315.345181111
101_0,s-6.133837757,s-5.831345422,s232.308770665
101_1,s-3.287490446,s-5.898263285,s156.575306556
101_2,s-1.790758818,s-5.675853083,s105.482720480
101_3,s1.751268765,s-2.814197636,s126.633331523
101_4,s-1.820188977,s-0.065124286,s58.034975045
101_5,s3.869961324,s-6.012773322,s189.159726905
101_6,s-2.253900427,s-3.954747760,s207.023126335
101_7,s2.773926546,s0.393946495,s343.306907082
101_8,s6.223041670,s-2.160565772,s354.374352118
101_9,s5.911983102,s-6.141482573,s153.716660417
101_10,s6.072593876,s-4.065677296,s341.372614846
101_11,s-5.450223387,s1.547591091,s225.581039427
101_12,s-2.548045750,s-2.881839353,s329.830885677
101_13,s-4.503060322,s-5.397243443,s226.374811294
101_14,s-4.319088375,s-2.082546889,s159.715641764
101_15,s-5.103931229,s-4.702956256,s79.981105129
101_16,s-2.088707315,s1.996935419,s159.658594313
101_17,s-1.405576349,s5.002376270,s314.044104916
101_18,s0.723280067,s-3.809850383,s213.584272556
101_19,s6.238794931,s-2.806305055,s36.847832670
101_20,s3.812578421,s0.148853179,s97.135875990
101_21,s2.831322478,s-4.065142330,s345.024354509
101_22,s-6.150503841,s3.917676104,s170.507170565
101_23,s-0.506978584,s-2.607765722,s161.348571249
101_24,s-5.895705091,s-1.767713452,s186.704228613
101_25,s-0.224745694,s-5.869285551,s230.115491766
101_26,s-3.637918942,s-2.740646677,s331.478845232
101_27,s2.333048138,s-3.784077187,s312.886278180
101_28,s4.045479141,s4.819123911,s71.540756401
101_29,s6.122233519,s-5.016458347,s85.648300636
101_30,s0.380529626,s5.348464167,s25.058705099
101_31,s2.959684859,s-1.625733466,s127.418455286
101_32,s5.437213046,s-0.162246391,s271.550801181
101_33,s-4.488876057,s2.447599754,s357.947383230
101_34,s-0.871740184,s-1.132627598,s228.529500831
101_35,s0.832029543,s-0.928098922,s240.755309729
101_36,s-5.710525334,s4.728137455,s48.967418866
101_37,s-1.652808780,s-3.907021692,s154.357265803
101_38,s-4.901077062,s-1.102405221,s137.120076203
101_39,s0.949097334,s-5.440142579,s311.956818174
101_40,s-3.760842143,s4.048954841,s201.160815399
101_41,s4.464271099,s-0.853090395,s302.587773089
101_42,s-2.626077480,s0.983356854,s64.311910154
101_43,s4.784311409,s2.483114765,s249.430395260
101_44,s-6.055991390,s-0.087621118,s206.041909046
101_45,s-1.598968493,s3.011471985,s192.825923247
101_46,s2.210222178,s1.773385201,s182.968523874
101_47,s-3.886206951,s2.020789802,s239.870958902
101_48,s4.533508667,s6.112983943,s80.696434178
101_49,s3.262230263,s4.569533722,s228.871622290
101_50,s0.956199216,s2.737115736,s143.009641362
101_51,s5.155339783,s6.045352390,s348.339967113
101_52,s0.447761628,s0.316400912,s252.521460108
101_53,s1.333042824,s3.004034328,s272.046364785
101_54,s4.428848921,s3.020855155,s260.445523969
101_55,s4.216749975,s0.596807842,s39.556293185
101_56,s2.215660768,s3.709743243,s12.332577395
101_57,s-4.910340614,s0.804294353,s146.643461975
101_58,s-6.142054715,s-1.251626441,s103.712090292
101_59,s-4.740009794,s4.405770347,s101.349518324
101_60,s0.304155894,s5.883020040,s232.711008661
101_61,s3.828929998,s2.644297328,s298.966497387
101_62,s5.158197687,s1.358371191,s323.167468300
101_63,s-1.681384467,s-1.836748531,s13.370524204
101_64,s5.881747723,s1.852092504,s308.347579981
101_65,s1.661536553,s2.634812275,s35.193991094
101_66,s-6.162777283,s0.892204063,s271.862580798
101_67,s-2.958280879,s5.595855676,s242.838708715
101_68,s-4.172503347,s4.465452386,s347.443164334
101_69,s-3.566293790,s0.584645072,s155.525174671
101_70,s-6.139834489,s5.699523901,s3.713621278
101_71,s-2.394796673,s6.220266898,s62.726123605
101_72,s3.762553829,s-3.159047958,s40.726200028
101_73,s6.054808660,s4.748378717,s144.644662447
101_74,s2.006810344,s5.015321304,s329.570848374
101_75,s6.222385266,s6.310035512,s313.308322199
101_76,s6.074021461,s2.987295148,s206.060756545
101_77,s-4.063509583,s5.563541603,s113.439983542
101_78,s-0.710885320,s-0.650655400,s6.119871484
101_79,s-5.402468318,s2.498817032,s172.401577301
101_80,s-0.596517065,s6.133598630,s284.160386403
101_81,s-3.811310960,s1.087104207,s191.200005553
101_82,s-1.861370400,s2.224975350,s107.348915921
101_83,s3.568142078,s6.006325714,s209.115032819
101_84,s2.590031144,s1.400181008,s95.142084855
101_85,s4.397479545,s5.622071716,s317.407201839
101_86,s6.147784853,s0.075944338,s285.347906607
101_87,s6.162003680,s4.043181064,s32.708741924
101_88,s-5.964252413,s6.238949184,s88.304697634
101_89,s-0.267698720,s5.173492340,s166.146387254
101_90,s-2.644327324,s4.631481261,s315.120731433
101_91,s-0.816405862,s4.028461201,s3.899802525
101_92,s2.286583237,s6.240883291,s296.237339540
101_93,s-0.289815722,s1.823354307,s223.800741148
101_94,s3.268867964,s2.863447336,s46.310466407
101_95,s0.428418125,s3.765603758,s181.827101824
101_96,s-5.100282954,s3.691173929,s24.318608370
101_97,s6.196069754,s1.378002706,s336.775827467
101_98,s0.886083717,s6.238576164,s64.418271085
101_99,s-1.781555526,s5.229165895,s97.729020176
101_100,s-4.313915631,s6.222148369,s237.672947795
102_0,s-1.468965069,s-2.514007955,s23.539919677
102_1,s-5.184100448,s-3.425605091,s203.840300314
102_2,s-1.569866110,s4.568516728,s183.160113852
102_3,s-1.307360690,s-4.013059904,s216.877690140
102_4,s-4.352616354,s-4.243030478,s148.187268594
102_5,s3.004500527,s3.284161971,s171.715690241
102_6,s-1.721444181,s-0.833619664,s231.324400726
102_7,s-0.535343563,s-2.868706095,s245.219889802
102_8,s2.434395150,s-4.480827354,s112.458826553
102_9,s3.030142968,s-2.440435568,s339.736343602
102_10,s4.696761718,s-6.009523990,s29.711652889
102_11,s-3.033565748,s-0.716095693,s228.117804893
102_12,s-5.537409809,s-5.509189132,s150.069965937
102_13,s-4.725434905,s5.371558969,s18.682704970
102_14,s-0.924892794,s-5.958091938,s78.346301542
102_15,s-4.901798675,s1.186375470,s274.159371219
102_16,s-2.617418265,s0.091523286,s325.451638953
102_17,s1.513730712,s3.251148571,s216.805173782
102_18,s0.618718545,s-5.653909383,s255.833926942
102_19,s4.516271210,s-5.005602710,s234.520024413
102_20,s2.537829271,s-1.983410368,s188.568949121
102_21,s5.608784814,s-4.336957174,s87.513392083
102_22,s0.783955997,s5.179061228,s93.361042906
102_23,s-5.838727838,s-2.585247184,s308.559375543
102_24,s-3.596160647,s-1.422128809,s56.202128228
102_25,s1.948700866,s-3.305511035,s153.925064641
102_26,s-4.566616430,s-1.976359213,s245.331732139
102_27,s3.267516083,s-3.655299974,s309.111833594
102_28,s0.499618444,s-0.417987549,s241.387688641
102_29,s4.978491154,s-4.040721060,s90.140034778
102_30,s5.456425387,s-1.648769968,s237.977617817
102_31,s-0.078234063,s-0.085757194,s146.378729246
102_32,s5.090348163,s1.765974267,s139.126063020
102_33,s-0.884891187,s-1.771869572,s258.052643776
102_34,s-5.838727838,s4.546225217,s316.499611163
102_35,s-4.420236200,s2.071065595,s192.701111543
102_36,s-3.077743533,s0.948022399,s211.929691388
102_37,s-1.177663283,s1.134525210,s338.900135291
102_38,s0.238405127,s0.853728926,s80.115125612
102_39,s2.376169119,s4.379491567,s152.627125775
102_40,s0.746785452,s-0.902468545,s358.808328440
102_41,s0.384311065,s4.106518512,s2.717083098
102_42,s5.812981328,s0.252838604,s65.734748207
102_43,s3.257411695,s0.107736544,s254.214394824
102_44,s-5.438645771,s0.084052807,s156.370888929
102_45,s-1.842524981,s2.170057882,s324.774745566
102_46,s-2.520448597,s5.391565989,s83.144970587
102_47,s0.998051712,s-2.078158980,s188.453276794
102_48,s-3.091887765,s-5.444529542,s325.571440908
102_49,s-5.585018299,s2.937613617,s181.389295449
102_50,s1.651123647,s-0.037219366,s128.311363074
102_51,s3.968798720,s-0.934148493,s287.416320512
102_52,s3.755050588,s3.507069129,s158.878968626
102_53,s4.421187245,s-0.922876550,s60.082056200
102_54,s4.943551813,s-2.521881981,s81.379798298
102_55,s-4.880749919,s2.332177389,s185.837157504
102_56,s-3.532225265,s5.309577180,s184.147989052
102_57,s5.748679938,s2.498307892,s93.715133622
102_58,s-5.224195432,s0.495393811,s283.830695010
102_59,s-4.848562932,s4.727225881,s122.420423359
102_60,s-0.497911152,s0.731847623,s176.193165706
102_61,s0.716814008,s-3.052952458,s82.333777692
102_62,s2.671709162,s5.407114650,s78.239135617
102_63,s3.770076973,s4.650840831,s186.093223117
102_64,s2.694695599,s0.739958816,s104.430375353
102_65,s0.926476540,s1.343886371,s58.286447282
102_66,s-3.705902180,s-0.436719036,s300.628019262
102_67,s-4.740258683,s-2.062204789,s59.224253112
102_68,s-2.092995705,s4.878714925,s192.463092782
102_69,s-0.579940887,s1.291096454,s339.310821123
102_70,s2.179329561,s4.953174742,s19.579852146
102_71,s1.622229739,s1.591006055,s313.588246506
102_72,s5.780328999,s5.603378254,s330.677103929
102_73,s3.490475125,s4.287071036,s26.778575564
102_74,s-2.531461975,s2.172437907,s57.509880572
102_75,s4.025904063,s0.641593768,s121.675541386
102_76,s0.943065819,s4.023302726,s84.120516455
102_77,s-0.594796756,s-0.969081822,s57.366244904
102_78,s-5.650019609,s5.661809998,s139.260747310
102_79,s-3.937984477,s1.303352200,s1.557359932
102_80,s0.571608240,s3.089255131,s38.463751285
102_81,s1.685514705,s5.691574365,s212.621361849
102_82,s-3.489350209,s4.279404599,s236.626987962
102_83,s-3.081212948,s1.326727374,s17.002339724
102_84,s-0.535836288,s1.812754443,s191.499792643
102_85,s4.662350465,s5.084435884,s82.935821979
102_86,s5.386080906,s5.593032767,s242.639924060
102_87,s5.818697952,s1.113447706,s172.760131515
102_88,s-1.864884669,s3.820099065,s109.657302827
102_89,s-0.160916016,s5.632651033,s202.134776951
102_90,s-4.044426349,s5.194479162,s22.886760856
102_91,s-0.488702177,s4.839148954,s254.486068221
102_92,s-2.794793074,s4.337999224,s82.649315158
102_93,s5.372752598,s3.180415866,s174.881671782
102_94,s-0.704484194,s2.559483330,s50.960844486
102_95,s-0.336362295,s2.873064689,s350.536862886
102_96,s4.987824600,s2.340531965,s169.685552293
102_97,s4.011480587,s5.609008192,s84.795172587
102_98,s1.401858535,s4.981423245,s280.992134017
102_99,s-3.377466674,s2.680337966,s196.791980096
102_100,s3.183452683,s5.638439507,s111.861038345
102_101,s0.794396838,s5.599925199,s239.207924606
103_0,s-4.300410671,s-3.637666376,s122.109974553
103_1,s-3.848399233,s-5.532791254,s139.810701884
103_2,s-5.450135492,s-6.708529293,s315.563707532
103_3,s3.129235753,s-4.180065519,s49.547427189
103_4,s-2.125797895,s-0.589102837,s94.157876052
103_5,s0.857306523,s0.761945642,s221.625502604
103_6,s0.110533922,s-6.541066508,s27.117422877
103_7,s-1.502421033,s-3.920083213,s299.012866840
103_8,s4.832298774,s-1.413851498,s235.422961066
103_9,s4.162102072,s0.772604043,s137.152641525
103_10,s5.157863221,s-6.429452027,s171.512260950
103_11,s-5.502309390,s-5.471464970,s72.421867920
103_12,s2.975281576,s-5.025695576,s42.679028586
103_13,s-2.642426086,s-3.076042677,s66.522708247
103_14,s-1.777962436,s-2.170516243,s213.014804160
103_15,s-1.894410285,s-0.924414734,s203.438726283
103_16,s5.017050407,s-3.892756400,s12.247653179
103_17,s1.226805831,s-3.604081081,s193.565022626
103_18,s4.289562155,s-5.891100714,s310.400652432
103_19,s0.109712225,s2.876168497,s56.789522537
103_20,s5.484141752,s2.031207408,s275.528765974
103_21,s6.670138038,s-1.656750942,s23.094364355
103_22,s-0.228548714,s4.620157691,s305.467175996
103_23,s-0.926058046,s-3.000076604,s190.613292689
103_24,s-6.591495813,s-4.302802490,s38.697458833
103_25,s-4.493856285,s0.193661285,s354.566096179
103_26,s2.241411115,s2.277102628,s21.121528377
103_27,s-2.805847592,s-4.552196702,s227.004474834
103_28,s3.689715272,s0.339483416,s9.682322086
103_29,s0.588053760,s-3.158406140,s199.568664271
103_30,s5.876888699,s6.438458716,s12.098394831
103_31,s4.006293532,s-3.369580116,s342.555483951
103_32,s5.102892420,s-0.102640507,s60.087083955
103_33,s-5.440927034,s-3.954292061,s166.456889842
103_34,s-6.085817077,s-1.410025835,s302.265371291
103_35,s-5.346337453,s1.803651115,s45.652523281
103_36,s-0.547066490,s-3.925298139,s220.411329426
103_37,s3.292775163,s1.176632879,s124.099243810
103_38,s2.268985237,s0.118423386,s325.867444768
103_39,s0.480084022,s-1.804911641,s73.663901289
103_40,s5.201242067,s5.378757280,s225.146802867
103_41,s6.534049220,s0.234712747,s207.588283206
103_42,s4.181291950,s1.636525191,s335.152330093
103_43,s2.426867712,s-5.884934294,s124.959114124
103_44,s-5.329290601,s5.462608703,s341.221128429
103_45,s-3.092144898,s1.145804759,s25.592612603
103_46,s-3.686297403,s-2.096242887,s240.721357956
103_47,s6.574751205,s2.663061629,s260.517627246
103_48,s-0.629335007,s-1.237598030,s331.523385043
103_49,s-2.604361392,s5.671091225,s191.572895122
103_50,s6.515308642,s-3.456485424,s71.058389280
103_51,s-0.199849265,s6.303598634,s183.258814897
103_52,s-5.199373243,s3.052060562,s334.613034999
103_53,s3.547966684,s4.628692440,s303.047573378
103_54,s6.592121191,s4.054096523,s325.460226592
103_55,s-1.354670426,s2.056357446,s327.942181132
103_56,s-5.518663751,s4.474483801,s104.284473066
103_57,s-4.742402800,s2.805140415,s290.330315273
103_58,s3.080255098,s-0.660813684,s312.585770507
103_59,s-1.240501684,s1.395651595,s293.076036458
103_60,s2.733924457,s-1.833392463,s35.493193824
103_61,s-0.157411280,s-0.102248418,s48.294188349
103_62,s-0.422524962,s5.300161542,s174.108186007
103_63,s6.548867926,s3.466327959,s163.631040256
103_64,s5.401217318,s4.210369636,s14.331521910
103_65,s4.958900343,s6.351307938,s274.491215918
103_66,s-4.194877337,s4.755977834,s65.463456267
103_67,s1.060906063,s6.365085403,s170.305426117
103_68,s0.026899864,s4.190281938,s43.880045527
103_69,s-6.146920059,s-0.106387389,s342.517744451
103_70,s-3.148458490,s1.382739944,s147.771020271
103_71,s2.729705696,s4.864931511,s303.554978498
103_72,s-1.560570774,s4.523085787,s232.193066252
103_73,s4.211238424,s4.440074788,s149.821784865
103_74,s3.631288690,s2.328920820,s296.898839185
103_75,s2.686260160,s5.965329431,s76.481240832
103_76,s6.658020477,s5.039030395,s187.193101023
103_77,s-6.437391568,s1.015032399,s114.134043393
103_78,s-6.565263347,s3.587924536,s86.558066317
103_79,s-3.592694986,s5.343457680,s166.596775258
103_80,s-6.441482693,s1.431041420,s79.379407591
103_81,s-3.504726912,s2.733780976,s193.200215628
103_82,s2.434207210,s3.801057352,s237.613154157
103_83,s4.366885037,s6.457093376,s120.569778809
103_84,s-1.459352690,s3.808973806,s79.325840114
103_85,s3.756892618,s3.038163584,s327.571718942
103_86,s-2.021029664,s0.073717579,s285.850462851
103_87,s6.527946126,s5.964008542,s290.310409342
103_88,s-2.099227045,s0.470749035,s262.101052784
103_89,s-6.377330043,s5.692598220,s243.046590333
103_90,s-6.481365253,s4.550459209,s152.630563732
103_91,s-2.316676867,s6.298261607,s262.328759974
103_92,s-2.660410830,s6.434544974,s276.353337897
103_93,s-2.063751109,s6.112117786,s249.723393636
103_94,s4.559319355,s5.653767831,s333.393553301
103_95,s-4.155944447,s-0.556401282,s55.031990340
103_96,s3.470473093,s1.591371080,s199.451679789
103_97,s0.635964073,s5.314485631,s54.249148686
103_98,s1.833856666,s6.489858876,s297.685816114
103_99,s-6.592191240,s6.446599228,s51.962655746
103_100,s-5.322207296,s6.231116404,s312.934743237
103_101,s-0.721432843,s6.416348646,s313.881998086
103_102,s-4.181639382,s6.469639203,s131.308014412
104_0,s-6.095913027,s-6.391250384,s213.171811473
104_1,s-4.303907165,s-5.645410226,s18.207273579
104_2,s-0.603539101,s2.480713294,s172.493048062
104_3,s-1.709035053,s-2.698641450,s19.405215673
104_4,s-5.763539638,s-0.784528455,s120.833204872
104_5,s-2.637265108,s-6.640155799,s305.913887820
104_6,s-0.597896855,s-1.151097725,s328.085010118
104_7,s5.100120918,s-5.890433847,s319.466123403
104_8,s2.528199790,s-3.869999219,s180.588664091
104_9,s3.775948428,s1.626033818,s210.054213153
104_10,s5.881032159,s-5.596039656,s139.049315303
104_11,s-0.996465989,s-0.233619866,s338.331404890
104_12,s-6.465463912,s-3.805757882,s45.869661229
104_13,s-1.292891895,s-4.303759806,s274.361709860
104_14,s-2.745612464,s-1.270965779,s192.576390183
104_15,s-3.390771222,s3.858445174,s322.105707362
104_16,s-1.723332285,s-5.979803896,s273.674188232
104_17,s4.650959153,s4.759303665,s350.666766911
104_18,s3.002931805,s0.418929725,s123.394995986
104_19,s6.464456163,s-3.259263150,s278.707852890
104_20,s4.156240406,s0.353384099,s168.845512506
104_21,s6.422088239,s-4.793415338,s347.778031666
104_22,s-6.340969608,s-2.742854459,s1.277692899
104_23,s-5.124760618,s-5.213583522,s166.594508765
104_24,s-0.192992984,s1.984772085,s330.087095960
104_25,s-4.273682771,s-6.541727543,s112.724188584
104_26,s-4.866253730,s0.556164912,s204.964346709
104_27,s2.179997480,s-1.784406956,s189.262844759
104_28,s3.383721732,s-2.331910247,s242.933920024
104_29,s2.975092839,s-5.917336340,s115.839958039
104_30,s-1.492132065,s-1.549246735,s138.645437459
104_31,s0.251762626,s0.209442281,s86.407608813
104_32,s4.121738911,s-0.223996249,s151.229516134
104_33,s-2.907097335,s0.227283381,s100.288281203
104_34,s-5.386554738,s-4.670768877,s197.807518228
104_35,s-3.892947640,s-1.156998330,s197.734781490
104_36,s-4.432938666,s-1.748833058,s73.992535150
104_37,s-3.062138503,s6.258671118,s144.926986176
104_38,s4.471281079,s-1.979586037,s358.635787609
104_39,s5.949030081,s1.514654213,s7.730665946
104_40,s6.339208296,s2.167784092,s65.087384894
104_41,s5.696715058,s-2.774058338,s140.419175779
104_42,s1.651000813,s1.105134280,s320.441341693
104_43,s-0.142404883,s-2.277683876,s322.525475140
104_44,s-0.871691244,s3.566396012,s125.242512400
104_45,s-6.440696314,s1.158359705,s280.575553363
104_46,s-6.103880558,s3.188103495,s188.375525502
104_47,s-3.278428688,s-3.112908868,s209.256347289
104_48,s-2.261561561,s-0.292876145,s319.523725356
104_49,s0.795241792,s2.484857444,s0.436846313
104_50,s3.012615384,s2.288354705,s301.259421441
104_51,s-0.751963216,s-6.000657682,s104.984818144
104_52,s3.784102843,s-5.086895268,s210.051622288
104_53,s6.200980349,s5.392857928,s280.223385005
104_54,s4.131070907,s1.982991579,s331.593550039
104_55,s-5.817214675,s2.096183387,s30.433643547
104_56,s-4.465580751,s4.154679405,s1.712879834
104_57,s3.628323948,s0.112433265,s251.914271876
104_58,s-4.213272198,s4.772326225,s39.337415539
104_59,s-3.306467689,s-5.405381239,s113.336124726
104_60,s0.250753197,s6.174995914,s307.307916532
104_61,s5.618221016,s-1.708593280,s255.543890543
104_62,s0.027839113,s-3.602507342,s93.324810034
104_63,s3.489353292,s2.715776259,s316.354393610
104_64,s1.204241763,s3.686132439,s11.427193936
104_65,s2.749528502,s2.156976902,s286.044929904
104_66,s-6.098976505,s5.467489680,s76.070046176
104_67,s-5.813754667,s1.068547460,s114.079969144
104_68,s2.616621339,s2.249459460,s118.469798680
104_69,s-2.114692361,s6.079501013,s35.790773566
104_70,s-3.716398753,s6.266308658,s104.720897082
104_71,s-1.049975734,s5.954011825,s54.708210539
104_72,s0.551137939,s-5.121147907,s87.038525106
104_73,s1.101701569,s4.666150230,s16.423100115
104_74,s4.403814524,s6.319384413,s246.920741911
104_75,s-0.395810853,s1.073113169,s313.707143588
104_76,s6.094504503,s2.813604269,s347.225764380
104_77,s-1.048424285,s5.713060900,s168.877127185
104_78,s-3.504529237,s2.895359534,s142.852519515
104_79,s-4.357494345,s5.316776033,s283.688056677
104_80,s-5.078897087,s1.024722827,s106.258649321
104_81,s-2.295472238,s1.422133739,s95.013591939
104_82,s-1.105494263,s4.193017927,s208.499512825
104_83,s0.920562742,s-1.444705832,s304.442448292
104_84,s3.667098558,s5.527039605,s77.693182593
104_85,s-2.250384042,s6.288030650,s14.970652205
104_86,s4.881603491,s3.494508537,s153.040780733
104_87,s5.375398736,s5.871953127,s259.753894890
104_88,s-0.333595379,s0.572327268,s189.082163239
104_89,s-5.632743847,s6.274605983,s272.261030353
104_90,s-6.198160982,s-1.591690628,s273.462325826
104_91,s-1.698861460,s6.405578859,s197.329761515
104_92,s-4.589127201,s6.315249336,s85.547381409
104_93,s1.602173151,s6.229232071,s62.824246413
104_94,s3.433917093,s3.764623166,s204.457017395
104_95,s5.850029918,s6.434851995,s269.815754175
104_96,s-0.584329887,s4.799746935,s270.737302571
104_97,s2.918312879,s4.460329013,s86.118231556
104_98,s2.836167490,s5.724134878,s167.225540688
104_99,s-5.148113629,s4.529691725,s40.377113496
104_100,s-6.588653805,s5.575819845,s123.568423780
104_101,s-3.536952078,s2.388717108,s225.510962189
104_102,s-2.822084130,s2.642893041,s81.964468574
104_103,s2.625624015,s5.446821213,s250.739437361
105_0,s-6.359727183,s-5.616876935,s315.809820537
105_1,s-1.945855629,s-5.772162196,s356.793296194
105_2,s-5.050219021,s-6.005401443,s249.806796284
105_3,s-4.623867730,s-3.899031001,s17.783077155
105_4,s-4.316187858,s-6.625738481,s47.797852893
105_5,s2.222306822,s-5.391915397,s226.236404262
105_6,s5.354316634,s-3.451036837,s279.611983688
105_7,s2.628752894,s1.373657583,s8.989715394
105_8,s2.313204870,s-2.445091752,s96.381709837
105_9,s5.723713098,s-6.481943670,s80.125972725
105_10,s6.208364437,s2.513797212,s124.963911841
105_11,s-6.059818177,s-2.768284776,s59.684481442
105_12,s-3.348620469,s-5.383683414,s144.194934936
105_13,s0.269315276,s-2.970825410,s276.298178025
105_14,s-0.807110262,s-1.187593577,s25.468608968
105_15,s-3.490123282,s-1.673366668,s221.122938904
105_16,s1.628343311,s-5.566941089,s79.162218093
105_17,s-4.319443479,s4.194748842,s313.937001884
105_18,s1.083032366,s0.870449557,s335.702008550
105_19,s2.982387789,s-6.444562489,s29.905707896
105_20,s6.337769058,s-5.346275490,s328.947701478
105_21,s5.249401218,s-5.930556702,s229.647615528
105_22,s-4.125322304,s-4.418964769,s313.663138217
105_23,s-5.307452869,s1.124938400,s300.871348089
105_24,s-0.733449589,s1.472719575,s15.227111401
105_25,s-2.008906192,s-3.504184712,s259.726182781
105_26,s4.691481698,s-0.250096997,s321.834364520
105_27,s0.020401658,s-3.876792158,s211.039743662
105_28,s2.436413527,s3.594766823,s131.358896406
105_29,s-0.488202254,s-4.895362245,s231.986631021
105_30,s6.182500189,s-2.325922390,s136.491797521
105_31,s-4.389091842,s-0.396032340,s111.007228772
105_32,s6.024417293,s-0.227150592,s83.706735086
105_33,s-5.508950838,s-1.285382479,s252.265222085
105_34,s0.510614962,s-0.128201981,s35.360702519
105_35,s-2.278525931,s-1.301122135,s190.043997441
105_36,s-3.467077232,s5.541875807,s170.358965351
105_37,s0.603548417,s-6.323723907,s26.905275454
105_38,s-0.969937439,s4.074781108,s104.797870097
105_39,s2.316557645,s-4.008124512,s356.436684618
105_40,s5.325544195,s-0.712005280,s131.743074051
105_41,s6.357918535,s5.686429641,s39.759064316
105_42,s1.438863064,s-3.598078600,s230.085457059
105_43,s0.338719848,s1.864997677,s342.006777372
105_44,s-6.155645576,s-0.067738176,s290.923566879
105_45,s-6.262544753,s4.528548547,s15.860060693
105_46,s-3.532456935,s-0.817012965,s314.869916017
105_47,s-3.074563042,s1.425152352,s303.234112480
105_48,s0.573807491,s4.140255633,s359.429936914
105_49,s-2.622773022,s3.520661007,s130.338656422
105_50,s0.489989601,s-1.778800277,s222.342715768
105_51,s-2.121072298,s-0.342842430,s174.144333588
105_52,s3.249801452,s5.195186474,s321.157594290
105_53,s-2.338217847,s0.715787016,s131.679119527
105_54,s1.670196292,s-1.051965486,s47.168381995
105_55,s-5.114473391,s2.984995765,s338.587565569
105_56,s0.546078312,s5.462335354,s31.572697687
105_57,s-2.410306196,s4.184566166,s179.776435410
105_58,s-2.845621382,s-5.411621437,s255.555884364
105_59,s-2.617067855,s1.049508640,s266.931984232
105_60,s4.389299289,s-1.082267316,s141.297854902
105_61,s2.004812381,s5.880022237,s294.074378863
105_62,s-0.635184346,s4.755743717,s148.044890871
105_63,s5.947896209,s5.139035750,s326.795523462
105_64,s3.893451357,s-4.143014890,s162.714854208
105_65,s1.230982226,s-0.001118428,s124.081629333
105_66,s-4.561637598,s-2.264036325,s223.091315938
105_67,s-3.279398452,s4.067784542,s120.200327740
105_68,s-3.511475766,s2.856874753,s113.181234493
105_69,s-3.312677762,s6.111882927,s194.880546661
105_70,s-0.724279554,s5.765147745,s252.855175650
105_71,s3.490796875,s6.151721529,s177.280810923
105_72,s1.435658946,s4.912923491,s206.128803834
105_73,s-3.804915063,s0.988399830,s119.284266453
105_74,s-1.156389319,s2.943559250,s1.444834181
105_75,s5.215009038,s3.566038185,s194.782557990
105_76,s5.214821850,s2.902028205,s41.331300758
105_77,s-4.549061659,s2.188825817,s218.450099933
105_78,s-3.049775780,s2.973386324,s313.125488082
105_79,s-6.346046905,s5.281000858,s207.832429998
105_80,s-4.871062580,s1.695460087,s6.767763408
105_81,s-6.035398556,s6.155186205,s217.246030411
105_82,s1.702095638,s-1.235653703,s112.743739333
105_83,s-0.132060993,s3.731480521,s132.287933573
105_84,s4.903035525,s4.354529292,s17.568736976
105_85,s1.601382295,s1.128706896,s102.322098421
105_86,s4.574499059,s1.695887963,s179.552654672
105_87,s4.088550677,s3.128646258,s76.632882923
105_88,s-1.715406735,s4.364861213,s340.671567810
105_89,s-3.201233981,s4.354934155,s180.584766024
105_90,s-6.147666282,s0.718120085,s277.563012594
105_91,s-2.071498755,s1.991283857,s226.806620113
105_92,s-2.239746954,s6.175626338,s210.013149303
105_93,s4.826494359,s5.860547085,s271.668364767
105_94,s3.567196981,s4.554881441,s156.484745481
105_95,s2.317806163,s4.665934461,s218.656482874
105_96,s6.323328232,s4.034506205,s157.852602265
105_97,s3.547185491,s1.679471131,s247.992335090
105_98,s6.316246731,s1.206104468,s170.133023694
105_99,s-1.593109337,s5.424899316,s11.022033540
105_100,s-4.282547569,s6.085022929,s359.690783416
105_101,s-0.236678017,s1.933328606,s293.828658570
105_102,s-2.110077850,s5.225759393,s285.080081603
105_103,s0.874097761,s1.682639695,s20.414347289
105_104,s0.591409256,s6.097952652,s215.268097296
106_0,s-6.407040706,s-2.781788665,s311.466255751
106_1,s-3.567990359,s-4.591489084,s29.121433230
106_2,s-2.171230841,s-2.590451696,s44.670710563
106_3,s-6.082246842,s-2.025270361,s185.792257111
106_4,s0.548647494,s-4.554990636,s279.418452481
106_5,s-0.214298155,s4.348885467,s54.498276314
106_6,s1.220791254,s-5.274573747,s136.797935189
106_7,s5.294233755,s-6.510780600,s106.710155928
106_8,s6.273765369,s-5.012676686,s283.017748423
106_9,s1.004579665,s-6.303616987,s197.386202218
106_10,s5.866609801,s-4.013248970,s220.042139075
106_11,s1.367693684,s0.136471543,s280.681095389
106_12,s-3.904553404,s0.540043265,s66.183697084
106_13,s0.787387591,s-3.652763441,s221.404639762
106_14,s0.991457009,s3.098801770,s62.745320520
106_15,s-1.424932291,s-4.781903593,s257.161324126
106_16,s-1.098573315,s-6.491014515,s37.237862645
106_17,s6.077083935,s-1.641557313,s147.600418748
106_18,s4.919005312,s-2.669510415,s144.536400780
106_19,s4.036630156,s0.616148459,s50.102520923
106_20,s6.233998172,s1.221087248,s275.004053952
106_21,s6.135611925,s-0.587938007,s98.225746390
106_22,s-3.727437462,s-1.444314328,s308.698585022
106_23,s-5.174695595,s-3.236478833,s171.366961419
106_24,s-2.669062854,s-0.472028633,s286.967088675
106_25,s-4.361953025,s-0.125695049,s192.511674282
106_26,s-5.971110118,s2.023136424,s291.728463082
106_27,s0.899934791,s3.848142433,s250.519029669
106_28,s4.769421462,s-0.602744543,s231.319792437
106_29,s-0.618925247,s-4.002461382,s330.282398316
106_30,s-0.969125897,s3.277089404,s217.091305968
106_31,s4.459970543,s0.180454222,s127.606150943
106_32,s2.541295130,s-3.150536928,s176.961318787
106_33,s-3.094204574,s1.558790416,s94.450752092
106_34,s-6.407040706,s0.286515806,s190.641229189
106_35,s-0.550063376,s-2.121864675,s102.590683082
106_36,s0.081973543,s-1.805133512,s42.863408473
106_37,s-6.395661607,s-5.423793644,s55.278467275
106_38,s-5.785964823,s-6.463988116,s272.384949808
106_39,s1.338141667,s-1.327276962,s274.138502673
106_40,s-2.292567872,s0.729744419,s84.883459555
106_41,s1.994406167,s-3.395355628,s40.294738537
106_42,s0.727486444,s-2.363741326,s320.836448330
106_43,s5.118073704,s1.103147735,s163.877940351
106_44,s-4.862766372,s1.764813003,s53.914085162
106_45,s-3.380041709,s6.253993766,s101.934424737
106_46,s-1.426353815,s-1.754522532,s3.334240008
106_47,s-5.376475257,s-1.182266761,s287.021368729
106_48,s-4.465421822,s4.246760073,s198.757642254
106_49,s0.086574324,s2.947622483,s208.975666298
106_50,s3.046046796,s1.746228887,s22.062553387
106_51,s-1.450307884,s1.457291251,s348.505668278
106_52,s0.455106914,s0.514945731,s279.404650169
106_53,s2.516702297,s1.594576512,s24.933116987
106_54,s6.250308775,s0.102297679,s255.347724965
106_55,s-3.809955332,s4.075405784,s157.509811608
106_56,s-0.397806861,s6.303214522,s77.190335217
106_57,s-3.825971758,s-3.373682138,s218.494903981
106_58,s-3.222825005,s-0.240679236,s60.199569562
106_59,s-1.824550490,s6.171385971,s255.934329146
106_60,s-1.356875834,s0.372089027,s258.645044735
106_61,s1.952816969,s4.565369310,s142.390058767
106_62,s2.948636887,s-0.422196762,s214.396103523
106_63,s6.250602257,s5.644878127,s60.866690079
106_64,s3.718711750,s3.330443994,s338.219763202
106_65,s4.168840969,s6.259720475,s214.051770327
106_66,s-5.513259572,s5.795273484,s201.042165224
106_67,s-4.314143327,s5.063197085,s309.489849524
106_68,s-2.016521403,s3.678619107,s246.585538368
106_69,s-5.493114881,s4.413414006,s124.547307574
106_70,s1.911481799,s5.736873053,s150.414907791
106_71,s6.207803127,s2.627790884,s1.301197991
106_72,s2.065953071,s6.269186284,s283.104696640
106_73,s5.572798684,s6.267578816,s2.049938785
106_74,s4.813061438,s1.710044195,s334.255179514
106_75,s5.270581217,s5.303030146,s205.937426970
106_76,s3.707433503,s-2.738600324,s355.265362834
106_77,s-3.261193967,s5.090778568,s310.657109711
106_78,s-2.142268413,s4.829040674,s188.043293487
106_79,s-5.756496985,s2.611922514,s263.428566245
106_80,s-2.331188906,s6.272880838,s209.155429703
106_81,s4.651796767,s4.530743312,s279.626271040
106_82,s-3.894028263,s-6.393439916,s222.111009798
106_83,s-0.134467178,s4.492636866,s10.075194002
106_84,s-0.359537541,s0.243024166,s30.276348119
106_85,s1.612410197,s5.416734744,s341.473305599
106_86,s6.332811433,s4.130142206,s147.155924616
106_87,s3.119600843,s6.084970553,s185.099931899
106_88,s-3.285070441,s3.625397923,s126.670413520
106_89,s-5.909110040,s6.265133509,s231.293440616
106_90,s0.097287326,s5.753989116,s210.599510220
106_91,s2.181590052,s0.878168609,s102.057760461
106_92,s1.261960173,s1.357945056,s75.824237727
106_93,s0.568463775,s2.504867515,s254.768069663
106_94,s-2.414404166,s5.507013461,s229.323038640
106_95,s3.939342167,s2.332762276,s103.444464636
106_96,s3.729621499,s5.149912134,s129.876513530
106_97,s5.723459013,s4.714500735,s17.970603461
106_98,s6.274850561,s5.868440584,s36.978782487
106_99,s-6.224415206,s3.536764099,s18.190429789
106_100,s-4.449033664,s6.303214522,s40.075094911
106_101,s-1.907981176,s1.741543530,s144.779546655
106_102,s-4.237258812,s3.169185418,s263.890552526
106_103,s-1.391127361,s5.070951293,s256.287632949
106_104,s0.036045267,s5.155684747,s37.847731806
106_105,s-1.406849547,s4.327959884,s341.433579789
107_0,s-4.996907042,s-4.469291765,s313.127772134
107_1,s-5.576622045,s-5.735892765,s5.289984144
107_2,s-0.808517985,s-5.734310445,s214.696134121
107_3,s-4.254376422,s-3.926794868,s198.763250999
107_4,s0.889726294,s-1.046045648,s269.576502617
107_5,s5.555458724,s-0.286784182,s193.471231310
107_6,s-4.971187515,s-2.920966307,s270.881337601
107_7,s5.787811558,s-2.243212732,s75.085619540
107_8,s2.273681691,s-3.564329263,s224.220060365
107_9,s2.624926007,s-1.161643353,s160.578341342
107_10,s5.025977213,s-3.799390523,s196.869110894
107_11,s-2.363809254,s3.772488841,s152.494128544
107_12,s-2.767188027,s-2.931134772,s143.618229305
107_13,s-5.484536477,s-0.158492330,s100.572197395
107_14,s-2.061157840,s-5.540430654,s102.505177412
107_15,s1.278045449,s1.267817482,s109.430087428
107_16,s5.803497537,s5.880736006,s247.962656952
107_17,s4.289945423,s-2.272322049,s321.521760890
107_18,s4.515861026,s-5.570108568,s22.755931941
107_19,s5.753860025,s-5.083608674,s140.670731470
107_20,s5.141249425,s-4.443959397,s110.143157674
107_21,s5.518218236,s1.748437006,s237.054958348
107_22,s-1.560961786,s-1.026278850,s53.896598054
107_23,s-4.795075451,s2.344718010,s125.966672749
107_24,s-4.408268333,s0.302547097,s82.759033621
107_25,s-4.065408504,s2.164649736,s193.637752018
107_26,s-1.591924362,s-3.681961767,s305.455641467
107_27,s0.420724076,s-3.790018967,s57.370752899
107_28,s-2.748382941,s-1.415753697,s100.542374054
107_29,s-2.733207367,s-4.942224535,s293.376096103
107_30,s3.049122427,s-2.168193901,s351.152655722
107_31,s2.553340919,s-2.445577175,s284.924802479
107_32,s0.670332457,s4.109326282,s100.196548785
107_33,s-5.757511728,s5.963530464,s139.630523721
107_34,s-3.923962196,s3.001200618,s96.325246073
107_35,s-5.311172480,s4.004608179,s15.608911143
107_36,s-5.681225703,s1.051510495,s203.586193637
107_37,s0.038544641,s-1.200248171,s279.806365895
107_38,s-2.818813373,s3.622622958,s103.147484573
107_39,s2.111925726,s5.738491185,s324.781280462
107_40,s4.374117584,s2.321790939,s58.799703402
107_41,s3.337842797,s2.730421041,s214.513714168
107_42,s5.114862509,s4.292566844,s304.619660838
107_43,s2.239881787,s1.058708810,s8.863633945
107_44,s-1.646214308,s-0.340247379,s177.390096518
107_45,s-3.796634205,s5.963530464,s156.636366700
107_46,s-3.742773836,s-0.648748921,s55.157751032
107_47,s-0.004570317,s1.702368964,s260.845115064
107_48,s-3.650743721,s-0.057273209,s263.357740387
107_49,s-5.792781308,s-3.888169934,s220.292879523
107_50,s-1.174008328,s-4.868547586,s226.309278228
107_51,s4.143705935,s-1.402981842,s45.193218198
107_52,s5.763942081,s5.428107805,s267.746760527
107_53,s0.190640574,s5.527045263,s321.745636372
107_54,s5.178180040,s0.885987414,s21.399979470
107_55,s-5.423402425,s3.196932272,s97.973482736
107_56,s-3.136423346,s0.893991715,s111.362086301
107_57,s-4.064197308,s0.693361000,s286.809253048
107_58,s-4.195093762,s4.829286849,s313.646974308
107_59,s3.327862448,s-5.002649511,s65.399517182
107_60,s5.679564172,s4.729666692,s92.659504103
107_61,s1.379985577,s1.925279245,s96.189530676
107_62,s2.274632656,s2.848071962,s306.037982015
107_63,s5.818949659,s-1.463493036,s213.835207950
107_64,s4.010000437,s3.315282230,s274.850458311
107_65,s3.464475452,s1.113603730,s227.636599860
107_66,s-0.670519357,s5.296845990,s257.956117357
107_67,s-5.807657786,s4.860591638,s70.835889394
107_68,s1.730028701,s3.956581617,s295.773580928
107_69,s0.793918441,s-2.146801169,s270.605314881
107_70,s1.178431134,s-4.789575760,s73.296453922
107_71,s-3.595333275,s3.470974315,s272.696959408
107_72,s1.608433983,s5.760874783,s56.455075069
107_73,s-0.665283806,s1.281550766,s49.078445683
107_74,s0.602805029,s3.445914075,s339.915186546
107_75,s2.662512419,s0.080367599,s230.554329296
107_76,s3.521767265,s5.593397571,s223.666559283
107_77,s-2.862747172,s5.942513669,s155.655911402
107_78,s-1.872104430,s5.465629790,s160.778103634
107_79,s-2.401638506,s-0.755351203,s198.403102963
107_80,s1.422879324,s0.336518159,s59.079997983
107_81,s-2.867384502,s4.715169178,s322.013081384
107_82,s-0.348257928,s-4.369654312,s227.083914602
107_83,s2.027753105,s4.512074563,s244.747127897
107_84,s-2.226833768,s0.307604001,s321.893728794
107_85,s-1.299741870,s3.594726183,s30.881292420
107_86,s4.186514810,s1.620153000,s259.960439917
107_87,s4.556677161,s5.274082641,s237.553011112
107_88,s-3.093961506,s2.735024425,s278.754286674
107_89,s1.754363088,s0.011673628,s303.026537341
107_90,s-5.803332723,s0.396939745,s345.350599752
107_91,s0.912623178,s2.374341591,s55.027876201
107_92,s-1.091239543,s2.372046118,s207.390267409
107_93,s-4.554620985,s-1.888829264,s125.685541908
107_94,s-3.645328361,s3.949450086,s44.093353355
107_95,s-2.526673489,s1.665767441,s164.833036720
107_96,s-1.229906764,s-2.228757231,s81.731937471
107_97,s5.477722523,s3.011969352,s76.721061257
107_98,s2.095403075,s0.968118583,s18.700364478
107_99,s-5.879512130,s4.645011204,s122.995531405
107_100,s-0.534061150,s-3.576234495,s110.462819984
107_101,s-5.872476721,s3.835551064,s214.476135087
107_102,s0.726833584,s5.884563250,s75.682285710
107_103,s-1.600247407,s4.723033998,s347.255068740
107_104,s1.354628853,s5.485590133,s95.062631740
107_105,s2.553086399,s5.502675108,s158.635145319
107_106,s3.863828532,s4.056944184,s78.513731340
108_0,s-0.759082168,s0.386474812,s306.545565828
108_1,s-5.807622070,s1.785510845,s96.811194822
108_2,s-2.386230257,s-5.527268361,s159.735862288
108_3,s-2.318728352,s-1.404306365,s10.169915173
108_4,s0.680767527,s-2.880103730,s100.164594570
108_5,s-1.635611205,s0.618739587,s95.778927643
108_6,s-2.980937203,s-0.826788002,s116.502594676
108_7,s-4.678110303,s-3.473305756,s342.616875461
108_8,s5.373576111,s-5.702794705,s148.335804026
108_9,s1.994494654,s-6.027632285,s322.174339635
108_10,s1.245501261,s-6.029320329,s40.944432433
108_11,s-5.447524305,s-5.359482156,s56.401559939
108_12,s2.104578627,s-5.677695615,s323.253113764
108_13,s-3.185887069,s0.231237979,s32.688526796
108_14,s-4.934725987,s-0.338263694,s169.129918347
108_15,s2.564456876,s2.819238721,s348.056356458
108_16,s-3.073284965,s-5.970282529,s233.625126863
108_17,s1.832627904,s-4.352557339,s230.659841885
108_18,s0.407838164,s-3.876229458,s40.678314246
108_19,s5.812884481,s0.507930423,s279.472626898
108_20,s0.566814285,s-0.752072145,s103.755954850
108_21,s2.049155203,s-0.428664302,s348.730465347
108_22,s-3.626983877,s-3.281759619,s306.284147781
108_23,s-2.508058553,s-1.002968411,s218.232748559
108_24,s-3.778233229,s-4.843331740,s113.383515895
108_25,s-5.466851888,s-3.060553224,s216.481018281
108_26,s2.056332476,s-2.487653986,s240.222587845
108_27,s5.199671111,s-3.880799346,s253.412232148
108_28,s3.859843825,s-5.031664087,s94.302880985
108_29,s-0.682357577,s1.333713419,s6.404884289
108_30,s-2.405230074,s2.916612422,s109.720860690
108_31,s0.221420198,s-0.315520854,s301.357825222
108_32,s1.627117634,s4.618197377,s176.840403393
108_33,s-2.222087797,s-4.096674798,s240.552424225
108_34,s-2.115833374,s1.189455102,s21.281320698
108_35,s-0.030646050,s-1.881879241,s105.922539292
108_36,s0.071202744,s1.781565590,s269.659941362
108_37,s3.359667987,s2.170300826,s45.495954435
108_38,s5.117710565,s4.241646246,s95.654941831
108_39,s3.805935367,s1.438809710,s238.773317121
108_40,s5.741352224,s-1.665528701,s30.228229693
108_41,s4.655318846,s-5.877208471,s330.385979061
108_42,s3.291323497,s-0.388004978,s107.255554629
108_43,s3.350467854,s0.459904740,s113.562810108
108_44,s-5.767396867,s4.400121228,s334.491194196
108_45,s-4.680718110,s-0.173212897,s311.967552388
108_46,s-1.465142926,s-1.348902533,s22.848782043
108_47,s-0.027453614,s5.177789720,s114.178026955
108_48,s4.662064310,s-0.999627231,s358.995714362
108_49,s-4.398674617,s3.592718938,s341.351531362
108_50,s0.476115588,s-4.432132717,s33.370693009
108_51,s-4.757735666,s0.346332858,s172.253033110
108_52,s-0.766305057,s-2.590248473,s283.568331766
108_53,s2.327707457,s1.466251736,s324.303512363
108_54,s1.591195973,s4.212702250,s349.332398769
108_55,s-5.158840029,s1.593193927,s254.388910854
108_56,s-5.362147726,s4.561254371,s146.765311030
108_57,s0.669618868,s2.680507018,s262.686804271
108_58,s3.747015486,s3.737834203,s199.257046744
108_59,s-1.138497081,s4.409342391,s219.799324250
108_60,s5.636729784,s2.951549649,s340.892791284
108_61,s2.833197257,s-1.208538787,s228.255042006
108_62,s-5.639834107,s-4.304603002,s148.914315067
108_63,s-1.371737346,s1.815815728,s192.312320632
108_64,s2.979077205,s2.932907807,s313.263586911
108_65,s1.209662561,s1.206846631,s240.697190825
108_66,s-3.730604991,s5.242044975,s110.423318761
108_67,s-5.816429164,s5.798298649,s36.134102129
108_68,s-0.390970661,s5.610862361,s323.418960245
108_69,s0.455994131,s2.105469673,s28.342029465
108_70,s-2.512897714,s5.668608807,s262.415505021
108_71,s-4.629748036,s4.511077437,s330.877491597
108_72,s0.522719356,s0.949225095,s291.238800652
108_73,s5.482584816,s-0.176934736,s276.830628035
108_74,s5.890699297,s1.873445395,s312.131766421
108_75,s1.171905419,s5.533039821,s262.038173021
108_76,s4.437411643,s0.995904414,s303.937355984
108_77,s-4.219882391,s4.763222206,s176.954854569
108_78,s0.016292983,s1.533196342,s140.191300252
108_79,s-1.420104654,s3.220311208,s338.720231977
108_80,s0.646353502,s3.028057481,s195.923995549
108_81,s2.046859610,s0.357953130,s336.106984150
108_82,s3.277435746,s5.454163943,s174.856850621
108_83,s-1.340470409,s-0.823046571,s86.007067641
108_84,s3.414430510,s3.333979633,s87.935415994
108_85,s4.154933203,s4.518681416,s320.278768361
108_86,s5.651273262,s5.828648229,s208.882903529
108_87,s3.340186139,s3.782885391,s325.519408652
108_88,s-5.131218945,s5.772112429,s91.307204151
108_89,s-3.670488144,s3.172923282,s15.719997652
108_90,s1.550430583,s1.003991742,s218.579323308
108_91,s-5.207523495,s2.403363896,s55.581982328
108_92,s-3.644248190,s4.256696303,s156.957648620
108_93,s3.123743630,s0.863417671,s329.373792470
108_94,s1.929134353,s5.828648229,s223.445351826
108_95,s0.175687106,s5.762752543,s31.517741895
108_96,s5.999847485,s3.848356038,s153.789865353
108_97,s5.402449567,s5.516704736,s338.840190064
108_98,s5.762476992,s1.628110603,s95.437569715
108_99,s-3.537263343,s5.653532402,s167.243156185
108_100,s-1.689467680,s5.456132173,s152.855534355
108_101,s-5.066326528,s5.486139463,s158.456045329
108_102,s-3.413473963,s2.497865744,s183.307170220
108_103,s-2.214973723,s5.309441999,s323.768899738
108_104,s-2.705330734,s1.696099478,s129.082745899
108_105,s-1.705807598,s2.473645935,s60.732685267
108_106,s0.258171838,s4.695454818,s79.887807837
108_107,s4.635620930,s5.095995130,s97.365312700
109_0,s0.528351571,s-5.761811159,s267.119623383
109_1,s-4.140389139,s-3.894171386,s326.052427017
109_2,s-1.367408400,s-1.309770604,s130.086607046
109_3,s-0.909679359,s-5.088778721,s96.907631918
109_4,s-2.498729669,s2.965380498,s158.258580356
109_5,s-1.174287965,s-6.042024011,s187.488503339
109_6,s-1.356917141,s-2.949791429,s142.962024747
109_7,s3.725862921,s-5.772048470,s207.231153867
109_8,s-0.921597524,s1.030763315,s125.203201691
109_9,s4.862627802,s-5.354754363,s106.230282235
109_10,s5.798983851,s-5.578891403,s129.447920881
109_11,s-6.309318937,s0.010980363,s272.293169856
109_12,s-6.078289148,s0.334673581,s343.203650570
109_13,s-2.205660506,s-1.211970971,s288.237867534
109_14,s-1.675032436,s-3.520449914,s277.564865666
109_15,s-5.980856150,s-5.333079757,s281.175988811
109_16,s3.292944053,s-1.046189752,s35.707660163
109_17,s-5.368224886,s-2.716384613,s219.313988994
109_18,s5.110249367,s-4.081562821,s20.453394889
109_19,s4.263141945,s1.936110483,s190.785110613
109_20,s3.245532144,s-5.324224249,s197.237760099
109_21,s4.768975909,s-1.371895465,s123.945006798
109_22,s-6.133224120,s-3.876590075,s275.255703253
109_23,s4.219596233,s-0.771689473,s81.335820353
109_24,s1.733438557,s0.675702359,s181.463249810
109_25,s1.607324880,s1.432218462,s42.019011339
109_26,s2.953827597,s-1.815211410,s326.596156370
109_27,s2.339471612,s-1.661213856,s77.857766180
109_28,s1.585504126,s-2.656238185,s355.941372082
109_29,s5.481418310,s2.799037337,s152.699185739
109_30,s4.017316009,s-3.667605400,s130.478150394
109_31,s4.167346788,s6.044325795,s78.390732608
109_32,s5.820216704,s-1.452601689,s51.297963726
109_33,s-1.512384922,s2.260733308,s161.825096072
109_34,s-2.801202504,s0.360768281,s129.596921689
109_35,s-0.202008272,s-2.196761669,s8.406801751
109_36,s-4.692122286,s5.240057950,s145.507459235
109_37,s3.924197915,s5.398048616,s99.627453722
109_38,s0.936288203,s-5.687228887,s9.454445459
109_39,s-4.485145351,s-0.647575821,s5.875843223
109_40,s2.288101532,s1.879426868,s75.341440685
109_41,s5.725789551,s-2.901552648,s246.700376526
109_42,s1.021557134,s1.728845773,s147.370829933
109_43,s5.194280129,s-0.171832764,s52.544979069
109_44,s-6.301643550,s1.800003971,s266.878327352
109_45,s-0.431936861,s2.589386509,s224.074473619
109_46,s-4.747603635,s-5.483536375,s59.933944603
109_47,s-3.610430067,s4.581658100,s125.612440806
109_48,s2.357070312,s-5.692048923,s173.400088753
109_49,s3.072458035,s2.660520925,s21.063751009
109_50,s-0.755330429,s-3.480046292,s227.659155323
109_51,s-0.739058803,s5.992684438,s102.699400367
109_52,s5.654668995,s0.622850637,s102.474270453
109_53,s4.309770005,s1.162544260,s167.264571483
109_54,s0.082898781,s1.924035792,s301.785251415
109_55,s-0.368813374,s4.925425028,s244.083653020
109_56,s-5.149122133,s1.431191663,s219.214886832
109_57,s-1.481390610,s3.812093172,s161.914835817
109_58,s0.237518032,s-1.669993033,s193.088411739
109_59,s-3.847349179,s3.767961845,s302.061637436
109_60,s-2.168309797,s3.032007895,s152.073656178
109_61,s1.703008159,s4.069707820,s180.624244852
109_62,s-1.174120031,s-0.867735535,s20.780075515
109_63,s4.310743273,s3.668213343,s73.503127802
109_64,s2.187421796,s6.072520149,s28.566704393
109_65,s5.741107518,s2.697966508,s59.565439574
109_66,s-3.162904860,s-5.095961409,s184.772282053
109_67,s-4.403143288,s4.430041455,s165.394004284
109_68,s1.056667832,s4.094637205,s76.610625622
109_69,s-5.484875862,s4.619766449,s33.789791501
109_70,s-4.214385075,s-1.193844335,s313.734582375
109_71,s-5.125072540,s-1.600258238,s347.280793579
109_72,s1.254786240,s5.162373096,s164.759982672
109_73,s0.750158890,s-1.215814643,s202.326440263
109_74,s5.372329034,s1.791363062,s30.104622736
109_75,s3.420126112,s1.108704818,s97.256865774
109_76,s5.815898111,s5.108743580,s286.658017200
109_77,s-1.729191285,s5.627792806,s20.032599274
109_78,s-2.139224461,s5.953316905,s75.649248700
109_79,s-6.197505395,s-1.609064560,s322.612809519
109_80,s-3.318146590,s1.615133133,s93.815033480
109_81,s-4.355410682,s2.222227850,s157.597589998
109_82,s-4.769162344,s6.019524842,s62.888888683
109_83,s3.444396217,s0.461795749,s55.829722722
109_84,s-2.430543745,s4.067014540,s295.873264553
109_85,s-0.482050526,s-0.694340009,s116.255062858
109_86,s-2.113371865,s0.804585010,s174.637798150
109_87,s3.070799582,s6.059133120,s245.770653934
109_88,s-3.425597694,s2.166095142,s192.733522828
109_89,s-2.280607762,s1.806031693,s312.954578040
109_90,s-3.316208732,s5.528749643,s160.134356153
109_91,s-5.517728294,s3.710259439,s132.174910002
109_92,s-0.100784791,s2.899762014,s242.265196075
109_93,s-1.078627165,s5.482304859,s186.880900693
109_94,s5.313880070,s6.050066587,s348.937306807
109_95,s2.018485958,s2.531484592,s303.929827863
109_96,s-1.385590876,s5.667331112,s207.134831944
109_97,s3.414205405,s3.421291534,s188.373975686
109_98,s0.755337600,s3.620877739,s250.327344862
109_99,s-6.198464012,s2.753662336,s297.648194254
109_100,s-1.258773099,s4.240373245,s157.730121054
109_101,s-4.419130608,s3.654444671,s97.796288318
109_102,s-0.615298145,s1.490710826,s336.748248351
109_103,s1.168244031,s6.098861019,s167.358713612
109_104,s-6.233770420,s5.309709068,s185.210122661
109_105,s5.254193203,s4.424569203,s120.919876700
109_106,s5.497346606,s5.925629925,s332.883935920
109_107,s1.348827286,s5.929015581,s52.910807264
109_108,s3.601842387,s2.522567497,s310.713480511
110_0,s-6.368058885,s-0.435736874,s53.509958695
110_1,s-6.378438607,s-3.413046842,s140.623081743
110_2,s-4.760276044,s-2.475813730,s306.517616051
110_3,s-4.582886221,s-4.123043436,s51.327913524
110_4,s-5.444166486,s-4.972099442,s337.895347102
110_5,s4.340116972,s-6.253914705,s148.798177998
110_6,s-2.099955904,s-3.657244587,s14.269936808
110_7,s-1.556484520,s-6.631605551,s5.981702852
110_8,s1.533315925,s0.276120164,s17.723839201
110_9,s-0.222191217,s-4.593019000,s14.512457386
110_10,s5.673399481,s-6.145799282,s290.983413783
110_11,s-6.496795340,s-4.740371938,s52.804990808
110_12,s-1.982490528,s1.799526239,s153.835453892
110_13,s-5.934038008,s-6.514377277,s124.891442455
110_14,s-5.373473705,s1.062014176,s39.108497050
110_15,s0.843622942,s-6.313019923,s184.726343881
110_16,s1.206423133,s-0.990901034,s78.986681277
110_17,s3.577516856,s-3.112516739,s13.559306213
110_18,s-0.867270128,s-4.680385856,s322.358709852
110_19,s5.290949976,s-3.853806052,s87.444518777
110_20,s4.073266136,s2.259336314,s288.886044585
110_21,s4.778934017,s-2.880664687,s11.623845938
110_22,s-6.311643998,s0.248111471,s192.166399500
110_23,s-4.161099828,s2.268139272,s197.914514111
110_24,s-3.442194756,s-4.659625607,s334.787774664
110_25,s-6.489620220,s-1.546675918,s7.629974356
110_26,s0.109591938,s-1.265746227,s164.629645734
110_27,s-3.256730123,s-3.109945154,s291.546438228
110_28,s1.585557503,s1.017792366,s98.695233728
110_29,s-1.109801770,s-2.803914890,s59.045513091
110_30,s3.604534696,s-6.650998885,s48.649882102
110_31,s5.924436181,s0.180105901,s127.480618488
110_32,s5.026202922,s5.744359298,s219.463696293
110_33,s-5.216686958,s2.247727550,s315.775248341
110_34,s-1.689356123,s-4.810549914,s63.272104731
110_35,s-3.000038744,s0.287371941,s284.778816723
110_36,s-0.120575918,s1.443103091,s242.572987962
110_37,s-5.490127848,s-2.357386675,s355.814980548
110_38,s1.399040186,s-3.443736820,s229.374225629
110_39,s-2.160623120,s-0.826477001,s213.692587529
110_40,s2.198548965,s-2.341606901,s151.523580701
110_41,s4.456104983,s4.169192486,s46.502694471
110_42,s2.415310065,s-0.803649384,s59.572664212
110_43,s6.502021356,s-5.380990835,s256.897805953
110_44,s-1.947262158,s2.712107944,s67.020807807
110_45,s-1.529899349,s3.682996284,s159.568349978
110_46,s-5.043945867,s-0.817008798,s159.796890073
110_47,s-3.435979728,s4.029365541,s5.095739669
110_48,s-1.775689837,s-0.342181674,s153.336895739
110_49,s0.716154415,s1.616426046,s294.657935768
110_50,s4.347534642,s-1.880785332,s150.808984441
110_51,s6.052815290,s1.644233603,s170.792687771
110_52,s5.762208038,s1.140663470,s208.075465369
110_53,s3.056172316,s-1.710694703,s141.954713386
110_54,s3.314211585,s0.876090808,s239.241772532
110_55,s-3.632979575,s3.346788340,s147.382720118
110_56,s-3.926085864,s2.810573419,s316.137748130
110_57,s-4.581914847,s0.110978020,s100.802413274
110_58,s-0.306988831,s2.952240370,s355.117690901
110_59,s-1.834652134,s4.731970484,s162.974762120
110_60,s3.941495729,s1.196552168,s4.400064122
110_61,s0.227600791,s0.821671770,s138.655676821
110_62,s2.394967945,s3.841520769,s238.545048879
110_63,s3.600307171,s6.194360427,s64.258746564
110_64,s3.191343733,s3.662864961,s64.639856844
110_65,s4.719357695,s1.108710093,s203.202770748
110_66,s-2.975194498,s4.936214038,s332.429688766
110_67,s-5.869932441,s4.834109530,s40.326847822
110_68,s-6.527967193,s5.353448422,s133.473313236
110_69,s-3.933869881,s6.375136587,s291.996611128
110_70,s-1.078209133,s-0.342616058,s312.706262929
110_71,s0.121094417,s3.234406961,s127.375728216
110_72,s2.132995267,s6.336708104,s99.085113461
110_73,s3.297662620,s-0.216067196,s78.138620981
110_74,s5.686461291,s-3.159742310,s266.009260959
110_75,s3.672201134,s4.944829255,s316.994974319
110_76,s6.085500084,s2.973775946,s26.054356345
110_77,s-5.041801438,s3.164914452,s108.077083226
110_78,s-6.485139273,s4.293294046,s95.691732444
110_79,s-3.967015981,s4.549646582,s284.975221258
110_80,s-1.152482456,s3.132162352,s16.648653013
110_81,s2.914786219,s3.017083647,s331.380734353
110_82,s-0.280483022,s6.468782364,s36.688406372
110_83,s2.317756384,s5.754751452,s323.908937468
110_84,s2.806558994,s6.263420031,s41.473390548
110_85,s5.930504509,s3.505527564,s206.817403886
110_86,s4.671011254,s-1.411541319,s63.348887547
110_87,s4.038834759,s6.479246395,s171.753253264
110_88,s-5.586501680,s5.421216291,s311.772789542
110_89,s-4.925935752,s1.203165466,s322.539341381
110_90,s-1.086235869,s4.612685251,s35.835943418
110_91,s-6.622164867,s6.413022451,s285.016833691
110_92,s-1.486785493,s5.463393841,s236.133269175
110_93,s-0.782820732,s4.417991983,s74.197736591
110_94,s-0.886351051,s6.484297510,s280.055455697
110_95,s0.890354100,s5.783366211,s204.958923287
110_96,s3.277089297,s2.954983075,s169.433487029
110_97,s-0.664122264,s5.296524170,s72.764821605
110_98,s5.224424532,s3.415956669,s71.434418613
110_99,s-6.006301859,s5.970669094,s60.433386687
110_100,s-3.579750540,s6.448153302,s115.709160822
110_101,s-3.765615234,s1.705147621,s297.852070145
110_102,s-3.201517170,s5.639258635,s103.830463870
110_103,s-4.778894047,s5.741353500,s139.593724438
110_104,s5.870972661,s5.262589582,s294.837814835
110_105,s2.075121709,s5.256304576,s98.665684466
110_106,s5.713457638,s6.379342354,s244.133775051
110_107,s1.299301782,s2.348972272,s76.677160709
110_108,s4.755084105,s3.381741808,s309.945561655
110_109,s6.603825463,s4.403519065,s35.004579563
111_0,s-6.683638901,s-6.727023760,s258.499663220
111_1,s-1.743972725,s-1.103289876,s253.807601244
111_2,s-6.855563764,s-5.361381415,s314.489141804
111_3,s-3.117615713,s-7.079457438,s266.956493919
111_4,s4.752106706,s-2.272807055,s279.280582559
111_5,s-1.530788158,s-6.481267568,s1.896151550
111_6,s5.070809732,s-6.483663683,s3.239180652
111_7,s-2.662081685,s-6.932250720,s238.562088300
111_8,s2.164738859,s-6.574317296,s187.245341550
111_9,s3.122947883,s-1.476819798,s271.563577936
111_10,s3.169634827,s-6.585188291,s201.843739468
111_11,s5.560030663,s-3.889527831,s136.563177580
111_12,s-2.413876258,s-5.732863201,s90.925793901
111_13,s-5.686674234,s-5.071896498,s290.021713973
111_14,s-1.295374315,s3.273175328,s243.712158072
111_15,s-2.853677416,s0.575969287,s59.084803779
111_16,s-4.911114466,s-4.486241719,s239.584405229
111_17,s0.528100912,s-2.105786779,s79.819681444
111_18,s-3.336613431,s2.631849677,s201.020256421
111_19,s1.957810036,s-1.633930138,s1.989883533
111_20,s6.812518455,s-0.980048342,s273.655801296
111_21,s0.643699115,s-4.258510353,s8.460839941
111_22,s6.246940114,s1.564927200,s138.155085661
111_23,s6.043591919,s0.075997522,s14.758943357
111_24,s-4.498552460,s-1.938863463,s130.813384297
111_25,s-3.437296888,s5.567662252,s283.197968984
111_26,s-3.471160210,s-2.657387792,s246.464646189
111_27,s-3.173869075,s-4.773026484,s350.719091052
111_28,s-6.589091372,s3.217985609,s294.938760665
111_29,s5.061022219,s-3.547227127,s316.095044233
111_30,s0.809866852,s-1.513573870,s132.212767331
111_31,s6.829489357,s-7.101909325,s292.464799826
111_32,s1.234766680,s1.265080763,s350.967074718
111_33,s2.833938271,s4.984265625,s115.763618067
111_34,s6.107957898,s-0.119957380,s319.519391426
111_35,s6.747770693,s-4.489952827,s132.364420507
111_36,s-5.572223125,s2.892481693,s266.630666486
111_37,s-4.593408866,s3.579884807,s33.914054645
111_38,s-4.273932814,s-4.065369621,s108.710515329
111_39,s-2.059360178,s5.238025342,s17.939878466
111_40,s1.854146020,s-5.778435263,s36.906400975
111_41,s-4.426835789,s-0.896708216,s139.314858637
111_42,s4.797658083,s1.634236554,s202.712373751
111_43,s3.955138166,s-2.480630029,s268.966279817
111_44,s5.279016634,s-1.054668535,s129.609410790
111_45,s-0.937005814,s-2.418185542,s99.521008766
111_46,s-1.373208009,s-1.410612413,s98.662841345
111_47,s2.617410569,s1.382650533,s45.869694693
111_48,s-6.834425433,s-2.836522537,s170.815175014
111_49,s3.416942439,s-4.145082782,s306.166041095
111_50,s-6.825128962,s2.411109364,s100.826045488
111_51,s-4.140995508,s-0.373193307,s239.846141045
111_52,s0.441697257,s3.889221220,s115.253001718
111_53,s1.558183000,s-0.394052871,s149.973575339
111_54,s-3.922777786,s4.376891833,s142.105919365
111_55,s0.029152446,s6.715423958,s232.030471284
111_56,s6.865843349,s4.792055349,s353.955766913
111_57,s4.861275127,s5.779272391,s156.094979663
111_58,s0.162418309,s3.339973490,s206.723402454
111_59,s0.809806649,s5.012393960,s62.635097793
111_60,s-5.615583209,s0.123237155,s120.432340185
111_61,s-6.020099620,s4.763272398,s208.122251705
111_62,s-0.313684077,s5.627509749,s221.623306691
111_63,s4.554665098,s0.161163990,s35.226023917
111_64,s-4.130655531,s4.595916268,s174.592265202
111_65,s2.033878417,s-3.834072020,s247.778391412
111_66,s4.778083313,s2.955462754,s87.645558233
111_67,s0.930762076,s3.606190224,s3.046950982
111_68,s3.158635457,s2.224969474,s254.835245128
111_69,s6.626762059,s-3.512810469,s51.988353411
111_70,s6.087286882,s6.425718473,s125.654811997
111_71,s6.881291638,s0.623607984,s341.398795148
111_72,s-3.274066650,s4.745700576,s268.461061085
111_73,s3.689390851,s0.851172703,s106.040073401
111_74,s-1.974339220,s6.659363803,s218.034276342
111_75,s-3.780063585,s1.247744071,s311.252612991
111_76,s-0.956045800,s6.355775599,s116.481385752
111_77,s-4.335489938,s6.816854106,s171.228530542
111_78,s-2.645473573,s6.113290348,s250.574375241
111_79,s-3.385754565,s0.416436088,s77.883426841
111_80,s0.414911308,s5.375543111,s88.198600823
111_81,s6.728011634,s4.679282148,s96.532872983
111_82,s6.483811132,s4.256295142,s79.183215655
111_83,s1.694853008,s2.740497181,s114.184437686
111_84,s-6.299466941,s3.516529135,s73.189025935
111_85,s-6.150729700,s5.566863545,s64.832409781
111_86,s-3.177682599,s6.757193557,s285.526689105
111_87,s2.206966635,s6.457314562,s161.867987005
111_88,s4.033897506,s1.179002598,s221.916353395
111_89,s4.023935552,s5.142694963,s288.366586317
111_90,s1.291584385,s6.015404379,s189.035711876
111_91,s-1.222285179,s5.784115723,s125.749844000
111_92,s3.055797396,s-0.220226820,s284.254181332
111_93,s2.096609811,s2.722924194,s261.474498752
111_94,s2.729949705,s5.290349856,s195.353821554
111_95,s6.009804324,s1.838978256,s326.083746670
111_96,s-2.330803583,s1.505716829,s202.563342915
111_97,s-7.045094813,s-1.587210490,s311.965005646
111_98,s-4.653489859,s5.093880482,s60.297461529
111_99,s-6.984151454,s3.949267572,s6.492982709
111_100,s5.903360569,s5.432303285,s74.367004499
111_101,s-1.310124512,s4.617300793,s50.662020876
111_102,s-1.879088236,s-0.472188462,s1.758964153
111_103,s3.446183821,s6.739451836,s312.826526422
111_104,s4.973028356,s6.536722809,s322.832581286
111_105,s6.393989194,s6.740634678,s328.944246338
111_106,s4.447817319,s6.747201371,s298.641935206
111_107,s6.808175002,s3.133424424,s112.624478826
111_108,s-4.861571711,s6.025764548,s210.175296845
111_109,s1.127626785,s6.816854106,s319.603969402
111_110,s-5.860660051,s6.758569234,s33.071194420
112_0,s-6.405796192,s-4.931274566,s208.317812101
112_1,s-5.270823874,s-4.457224030,s209.585893081
112_2,s-4.549996872,s-6.586998760,s94.694711520
112_3,s-0.440703828,s0.939185326,s271.735727874
112_4,s0.166810559,s-1.942002206,s290.358163713
112_5,s-2.958473653,s-1.685113467,s20.567024589
112_6,s5.172233915,s-4.970581276,s15.818585222
112_7,s-6.252443181,s-0.613883628,s236.001214531
112_8,s1.816411735,s-4.640354731,s272.154897293
112_9,s-1.544407938,s-3.042848493,s52.104921940
112_10,s2.747329297,s-6.549421682,s73.582304766
112_11,s5.894872192,s-3.941629429,s358.332905572
112_12,s-3.099814853,s-5.356691263,s208.170859141
112_13,s-6.513643203,s5.732385051,s71.007734486
112_14,s-3.196323561,s-6.278111047,s311.760681737
112_15,s-0.281855733,s4.077498711,s316.300533090
112_16,s3.722027019,s1.181371013,s18.697458738
112_17,s-0.495029392,s-5.745172638,s333.183331160
112_18,s-4.673843276,s-0.434117060,s240.301539006
112_19,s-0.449185061,s-0.995414590,s7.131355822
112_20,s3.585642793,s-1.059875851,s328.585047144
112_21,s6.490165214,s-3.257281366,s204.077067030
112_22,s5.728698371,s0.559053106,s181.847227817
112_23,s6.474965270,s-2.364700102,s263.673414793
112_24,s-5.086270048,s-5.442333264,s61.660434753
112_25,s-6.477015414,s0.990539566,s132.140158225
112_26,s-4.705393491,s-2.815741453,s110.637982337
112_27,s0.333239324,s-1.424576539,s160.992303034
112_28,s-1.307484843,s2.879248050,s277.833733403
112_29,s0.058151352,s-6.253964382,s102.395407315
112_30,s3.697320593,s-0.099972780,s5.404006344
112_31,s2.004294095,s1.308665545,s349.974724869
112_32,s4.425678940,s4.130453392,s246.052902712
112_33,s6.085396869,s-6.596030667,s259.061704650
112_34,s3.131220075,s-1.421775051,s57.596580332
112_35,s3.144856115,s0.793407173,s165.652554450
112_36,s-0.804590576,s0.766622832,s177.316238179
112_37,s-6.502381429,s-1.633234972,s277.834780007
112_38,s-1.879135367,s-0.428068022,s324.447270781
112_39,s-3.287345769,s-3.201877676,s239.291671973
112_40,s-1.212851112,s-1.996899926,s140.403833658
112_41,s3.556699765,s-2.066862755,s311.984097262
112_42,s-4.568976733,s-0.455911232,s85.561608334
112_43,s0.242391219,s5.558139962,s194.403872375
112_44,s6.418720968,s2.937146826,s221.065050201
112_45,s3.445677669,s-4.658128844,s339.608928030
112_46,s5.819758975,s2.805063519,s116.404725238
112_47,s6.559257688,s0.351401977,s158.938234927
112_48,s-3.629450577,s6.071922505,s142.786050857
112_49,s-1.733530090,s-1.898379012,s37.102601493
112_50,s-6.293907361,s3.155397536,s91.240566376
112_51,s0.800588111,s2.649945860,s209.123454324
112_52,s-1.381492592,s-5.589281690,s330.057806925
112_53,s-5.496363919,s0.890023942,s105.002879899
112_54,s3.128940276,s-0.043651473,s134.673453929
112_55,s2.172943152,s-1.911699582,s175.549453242
112_56,s0.674868193,s1.987803759,s215.697131933
112_57,s1.422789475,s6.217031040,s31.252694505
112_58,s6.407390121,s-0.268077844,s206.172846600
112_59,s3.833269916,s4.478666528,s320.741380866
112_60,s-4.010586436,s1.760991183,s135.559090856
112_61,s2.317405381,s4.150416859,s150.348468369
112_62,s-2.242277169,s-3.963077968,s125.748554180
112_63,s2.022128981,s4.614793126,s146.401371491
112_64,s-5.156786299,s0.025179037,s138.759667155
112_65,s-1.760260195,s4.451152715,s291.429639736
112_66,s2.638714266,s6.125784811,s323.730949718
112_67,s6.232112267,s-1.469204068,s230.344379325
112_68,s6.490215048,s4.460783769,s242.528419622
112_69,s4.271236695,s-3.098461273,s302.150603660
112_70,s5.751264056,s3.233304545,s234.013559621
112_71,s5.224830465,s-3.400985152,s212.125436496
112_72,s-6.430825107,s0.235124047,s330.283465601
112_73,s-2.545988106,s0.623002770,s284.209162703
112_74,s-1.708867997,s6.088355710,s28.820274530
112_75,s5.405649368,s1.353991376,s108.894709593
112_76,s-1.131234680,s0.079621541,s42.355101780
112_77,s-0.723623921,s-1.330054272,s132.187465949
112_78,s-3.915655639,s0.508797761,s80.300898280
112_79,s-3.034536967,s3.643137417,s217.822006061
112_80,s4.266128312,s4.909728122,s95.506092606
112_81,s4.686920321,s-0.724707803,s65.501462240
112_82,s5.185339797,s1.024196146,s329.336539612
112_83,s5.003133851,s4.577369680,s223.618938551
112_84,s-5.550039468,s4.377643003,s224.666486189
112_85,s-6.527122687,s3.083279719,s303.097334865
112_86,s-5.166009023,s6.207341064,s277.997197671
112_87,s-3.163388729,s2.253617970,s193.032397804
112_88,s2.861854774,s0.987460040,s78.232979523
112_89,s5.346921733,s6.004594502,s291.690660678
112_90,s-3.159944658,s5.149753070,s50.196712361
112_91,s-1.458042045,s5.097458903,s359.799059034
112_92,s-1.005142947,s3.959983976,s136.553251310
112_93,s2.198800495,s3.380737387,s270.647301279
112_94,s4.992651769,s6.120245192,s249.800901474
112_95,s5.585070608,s4.821135240,s70.009217389
112_96,s-4.263874841,s5.121865840,s322.056675033
112_97,s-3.067769837,s5.692242144,s20.439713892
112_98,s-6.537452073,s6.143381753,s164.003383329
112_99,s-1.223809420,s6.200913273,s74.951260726
112_100,s-4.029376296,s2.456853510,s128.954644512
112_101,s0.209697260,s0.699125547,s45.502268412
112_102,s3.271338276,s5.359878515,s102.515292441
112_103,s-2.566832767,s2.488891386,s73.897420276
112_104,s4.635203793,s2.653059542,s252.453062980
112_105,s4.999172860,s1.930607845,s134.800493795
112_106,s6.026592430,s6.215646046,s72.811837164
112_107,s3.535280619,s6.228432520,s332.754015695
112_108,s-5.084333870,s4.964248214,s146.142919035
112_109,s-4.367975854,s4.596326379,s271.799680890
112_110,s2.104132331,s6.159011045,s174.090513729
112_111,s-0.980744955,s5.639832493,s77.452743557
113_0,s-5.039950825,s-0.577854488,s96.986513695
113_1,s-2.157609378,s-4.080415242,s217.669528465
113_2,s-5.247377828,s-5.298456615,s230.274278226
113_3,s4.917050023,s-1.041007906,s37.908922340
113_4,s-6.151430669,s-2.485449853,s13.279769631
113_5,s0.722603641,s-3.895651768,s217.467828698
113_6,s-3.387675040,s-0.456930331,s138.242035810
113_7,s1.730525196,s-2.393502311,s180.012377074
113_8,s3.609483508,s-0.969598870,s41.967435144
113_9,s6.052434775,s-3.925141711,s211.348026472
113_10,s2.947656878,s-6.080958701,s76.011264943
113_11,s6.028576067,s-2.692649376,s254.392662448
113_12,s-2.490255981,s0.287646308,s266.710970999
113_13,s-1.074611963,s-5.995742186,s143.654651826
113_14,s-6.076624341,s0.199280270,s226.614855421
113_15,s-5.832405401,s1.800701801,s327.328331935
113_16,s-2.379270987,s-5.987310529,s2.833176598
113_17,s-4.117138411,s-5.651238292,s227.776841382
113_18,s2.089541402,s1.653044174,s144.580595699
113_19,s0.808409134,s-5.980823417,s250.872134546
113_20,s3.013290475,s4.172967617,s276.161813499
113_21,s5.610981618,s-5.879672849,s163.488923491
113_22,s-1.090210578,s3.163858506,s320.059693262
113_23,s-1.324750505,s-0.119297072,s39.157765520
113_24,s-6.108580881,s-3.979024694,s262.836813434
113_25,s-2.722626207,s1.599459486,s186.706759680
113_26,s-3.434429201,s2.395018336,s202.570925761
113_27,s-0.709104078,s-1.406627711,s32.808953482
113_28,s-0.288807837,s-3.670291921,s54.405571603
113_29,s-0.171149278,s-2.412332980,s242.755721528
113_30,s3.820217986,s-1.693864262,s215.369798801
113_31,s2.658443660,s2.891374220,s306.192301775
113_32,s2.275937638,s-5.567635179,s231.019636332
113_33,s-3.980050958,s-2.529464772,s37.008646517
113_34,s5.515664348,s-0.673343707,s307.821518025
113_35,s4.285365244,s-4.967765570,s65.821647524
113_36,s-5.518866079,s1.294975980,s186.368466751
113_37,s-5.150349738,s-2.954123551,s167.211048375
113_38,s-1.555322722,s-5.086384275,s75.415415005
113_39,s-1.559849194,s-4.487181107,s285.551658499
113_40,s-0.125819384,s1.655059567,s359.727072271
113_41,s-1.388330619,s-3.110146487,s25.160877102
113_42,s-2.467840162,s5.030707616,s35.029790067
113_43,s-2.809563312,s-0.789069992,s11.624786668
113_44,s4.321327382,s-6.086920284,s178.952444147
113_45,s1.072533075,s-3.065049080,s311.226201298
113_46,s0.157420010,s-1.827144833,s65.856385118
113_47,s5.779932397,s1.919248250,s355.388077644
113_48,s-5.989004393,s3.462726429,s78.490636151
113_49,s0.942443002,s2.602282141,s184.498823183
113_50,s-1.611588853,s0.698230939,s326.105811738
113_51,s-2.038071663,s-2.239712869,s315.056298130
113_52,s-3.474085128,s-0.032698649,s262.724729113
113_53,s0.942137928,s5.887533469,s61.649489342
113_54,s-2.549910171,s0.865869233,s50.683631997
113_55,s0.775278152,s5.498623610,s135.559050888
113_56,s1.569651210,s0.278758867,s276.672765929
113_57,s4.377572488,s-0.222839436,s119.931069718
113_58,s5.447004166,s-1.303047135,s353.761650360
113_59,s4.942407093,s6.082387857,s126.120017295
113_60,s-5.634649438,s6.028546370,s145.927511115
113_61,s-4.325315880,s1.951999206,s108.268147766
113_62,s-5.999479981,s4.692479902,s91.815137632
113_63,s-3.384679084,s-2.311236677,s124.162736470
113_64,s-5.204004811,s2.540794858,s43.105270996
113_65,s-1.767972058,s4.189102579,s128.739199421
113_66,s-2.178573103,s3.527892930,s224.325486626
113_67,s1.920830055,s4.516995900,s95.454180426
113_68,s5.163653678,s3.961127692,s120.519875618
113_69,s1.947085626,s5.949656933,s257.775294660
113_70,s4.984427909,s2.039616213,s8.706750861
113_71,s4.964215292,s1.398430158,s49.015150647
113_72,s0.112246954,s1.754097597,s275.137990958
113_73,s4.487606285,s0.764523218,s72.898801539
113_74,s-4.591103214,s-0.184087672,s223.625917145
113_75,s4.604929408,s4.626526526,s41.249625044
113_76,s1.245288483,s3.571662739,s92.780838735
113_77,s-3.255274234,s5.974909036,s272.181554870
113_78,s1.826493878,s4.351647260,s174.221094108
113_79,s4.869958873,s-3.448779253,s198.525178345
113_80,s5.071050925,s5.538613930,s204.097901905
113_81,s4.092089160,s6.092748840,s292.445760178
113_82,s3.481304273,s-0.532424150,s123.174515123
113_83,s0.963167657,s5.192382387,s218.885704136
113_84,s-2.528796403,s2.749710631,s302.534372765
113_85,s0.293746399,s2.247538698,s263.899846777
113_86,s-4.223134186,s5.918175437,s219.761138578
113_87,s-0.014639819,s0.812910684,s135.006814415
113_88,s3.232206980,s5.561020089,s317.600587366
113_89,s-0.830393402,s-3.297848783,s353.160178557
113_90,s-4.588334032,s1.199744345,s239.976166342
113_91,s2.476983858,s5.184245138,s117.988448482
113_92,s5.009849205,s3.303882146,s29.714846125
113_93,s3.302787288,s-4.697696628,s348.727471579
113_94,s5.950330684,s5.364080980,s133.554972348
113_95,s5.441434202,s5.038575359,s184.675420073
113_96,s-1.991057371,s5.949955472,s78.033752121
113_97,s1.967341972,s2.443944970,s290.752989147
113_98,s-4.214163378,s5.261157268,s155.676123508
113_99,s0.474429073,s3.049285707,s124.002866487
113_100,s-1.218574387,s6.042588551,s33.227420836
113_101,s-4.843890805,s0.394087130,s104.706467159
113_102,s5.935745215,s3.245487151,s23.546139858
113_103,s0.310975198,s4.258237526,s21.596980319
113_104,s0.394877712,s2.989105323,s32.811664937
113_105,s-0.772790013,s6.135903160,s20.181532433
113_106,s3.362854068,s4.628369996,s261.376768752
113_107,s2.803134074,s5.089336616,s41.208241387
113_108,s-0.861780888,s5.855406338,s317.358380497
113_109,s-3.027761704,s4.432648807,s27.022861454
113_110,s-5.858692049,s4.164201025,s318.512588142
113_111,s-1.720397038,s5.433621659,s184.347374850
113_112,s-4.541998099,s6.103000701,s348.279558600
114_0,s-6.281720933,s-0.055074878,s297.697797193
114_1,s-3.084764166,s-6.149614508,s64.892902744
114_2,s-5.008888984,s-6.258023840,s119.167002336
114_3,s-2.412860418,s-2.466834424,s17.636093085
114_4,s-1.836818219,s0.585391516,s190.852222048
114_5,s2.469388184,s-3.876095994,s230.477189313
114_6,s-0.189985224,s-6.592691190,s14.862728328
114_7,s2.136897315,s-4.422587663,s299.363654844
114_8,s4.128041414,s-6.192271110,s218.954156796
114_9,s2.153795854,s-3.208206536,s272.418354866
114_10,s2.665046426,s2.008770385,s168.811583993
114_11,s5.677693932,s-6.555300608,s305.133056785
114_12,s-5.560409847,s-3.809863576,s241.241312621
114_13,s-6.248127726,s-4.045390943,s101.288288187
114_14,s-4.960277640,s-1.457735368,s3.438189552
114_15,s-4.001069132,s-3.010715208,s347.215122328
114_16,s-5.719121854,s0.542007329,s278.447277344
114_17,s0.484933827,s-1.661118808,s197.844381096
114_18,s1.445387286,s-2.756523958,s300.928118575
114_19,s0.570192738,s4.997584271,s223.420115113
114_20,s-3.670422404,s-4.463638395,s102.468937815
114_21,s2.894631873,s0.176320457,s87.702138697
114_22,s4.327698961,s0.327129017,s343.303539092
114_23,s4.962572470,s-1.664347252,s33.991943454
114_24,s-4.481129470,s0.150829296,s285.961844463
114_25,s-4.644889241,s0.706214474,s99.616422356
114_26,s-1.795672475,s-3.366763882,s245.055549101
114_27,s-4.184819871,s-3.865259818,s117.099583049
114_28,s-6.288600039,s4.068122560,s347.403440386
114_29,s-1.261045924,s-5.974454680,s278.793005363
114_30,s6.298773086,s4.381488716,s120.542847762
114_31,s3.313396853,s-6.504255512,s272.159622819
114_32,s1.753527757,s0.280362283,s163.943614860
114_33,s3.639235829,s-2.106389107,s28.679137124
114_34,s3.569352352,s1.782370076,s71.098767072
114_35,s1.193459367,s-6.473396559,s85.522634227
114_36,s-2.496982938,s0.559542864,s210.275996400
114_37,s-1.554644426,s3.177483844,s329.976391211
114_38,s-2.202239898,s-0.709307738,s222.037280606
114_39,s1.147096331,s3.227963679,s188.212709596
114_40,s-6.380456900,s-6.080930278,s59.189746656
114_41,s-1.022005146,s1.833588184,s4.301869196
114_42,s0.019223338,s-1.164730317,s292.237448578
114_43,s4.439486311,s3.432998812,s20.548950615
114_44,s2.828981178,s-0.389844431,s240.494276580
114_45,s5.347148138,s-4.904779426,s215.217773297
114_46,s4.423064926,s5.055087188,s11.648954904
114_47,s6.246485580,s-4.223163787,s144.435228996
114_48,s-4.032936207,s-0.951662252,s306.782713258
114_49,s-0.194619607,s3.259715150,s116.049931274
114_50,s-4.300672251,s-3.463133005,s17.100305055
114_51,s-3.435885347,s-0.265002414,s110.116018058
114_52,s1.207337168,s6.048321766,s299.566741435
114_53,s-3.702703616,s1.580318250,s27.197873293
114_54,s5.313343292,s5.907991875,s77.874181302
114_55,s-0.310670792,s-3.677971079,s265.841683029
114_56,s3.601822888,s4.027055050,s107.529944383
114_57,s5.882251139,s1.034335298,s276.250692720
114_58,s2.740690673,s-2.588885820,s254.187003029
114_59,s5.976315425,s-2.389827533,s66.640248731
114_60,s-6.495267800,s3.775774348,s138.662112894
114_61,s0.157181440,s1.345747429,s225.383270872
114_62,s1.126882686,s1.628419697,s143.264949348
114_63,s-2.388204321,s1.654583140,s347.945173048
114_64,s1.924426850,s-0.399835487,s11.359484699
114_65,s-0.444843656,s5.968574063,s139.196719793
114_66,s0.822023165,s0.583543938,s154.771933621
114_67,s2.973184016,s2.212684529,s90.996666137
114_68,s5.067089444,s1.768944041,s348.533370984
114_69,s3.489431685,s3.153522717,s313.370726507
114_70,s4.305459735,s-0.536820479,s195.304338445
114_71,s5.927784978,s4.965731682,s355.533527494
114_72,s-0.456836434,s0.601801948,s131.527126738
114_73,s-5.615636893,s-2.218282662,s194.152286439
114_74,s-1.085393011,s3.326503573,s47.333117451
114_75,s-1.111007736,s6.087325064,s156.415141363
114_76,s1.117121686,s-2.388175156,s132.557790902
114_77,s-6.498087612,s2.472244922,s131.012185808
114_78,s4.241598155,s5.778659099,s347.380008508
114_79,s-4.820270946,s1.112189650,s265.342701178
114_80,s-0.707225312,s4.994888144,s133.781081809
114_81,s6.260013751,s2.169374548,s127.408389030
114_82,s5.867297605,s6.018107005,s355.356471238
114_83,s4.587803051,s-3.472319267,s127.532062715
114_84,s-2.084334123,s5.907446279,s209.292776244
114_85,s-0.549090539,s2.203091503,s291.430789863
114_86,s-5.556981211,s2.609109837,s243.377860731
114_87,s0.556242625,s-2.752194047,s329.915432927
114_88,s1.104358146,s4.476196180,s199.634667016
114_89,s-6.367462120,s5.136566665,s286.780941067
114_90,s6.305194463,s-0.126239391,s264.676338426
114_91,s1.938523584,s1.719757802,s213.910176844
114_92,s5.488841259,s-1.468872115,s344.886303309
114_93,s3.493226833,s0.764852872,s261.952440425
114_94,s2.156504289,s5.280112369,s238.417969915
114_95,s5.200341541,s-0.230352470,s307.629563825
114_96,s-3.678837994,s3.919248975,s212.559542801
114_97,s-4.476591986,s5.406823131,s277.595393927
114_98,s2.689863874,s4.502115511,s183.815427105
114_99,s-3.283864041,s3.668591989,s289.032604247
114_100,s-5.684791026,s4.543432198,s14.565750263
114_101,s-2.684432823,s4.098460596,s261.294531605
114_102,s5.527328026,s1.432320702,s192.081688872
114_103,s0.314787374,s5.892520647,s130.145595407
114_104,s3.064358280,s6.054706519,s357.603647960
114_105,s3.448368726,s5.287258952,s80.136291633
114_106,s-2.850036595,s-2.130768002,s180.680517566
114_107,s5.102388496,s4.870232083,s168.410260166
114_108,s-3.711538579,s2.282996721,s274.042710817
114_109,s-5.632935511,s6.122778757,s309.016908333
114_110,s-1.123315664,s5.423955167,s134.735154706
114_111,s-4.400810672,s6.074764978,s240.061404405
114_112,s1.907857841,s5.783997443,s121.296156426
114_113,s-2.208655725,s4.952665112,s346.791340295
115_0,s-6.674548731,s-2.587502527,s223.308434140
115_1,s-5.841065864,s-6.898458524,s168.108867174
115_2,s-3.522115599,s-2.669286038,s54.738918367
115_3,s-3.780964461,s-5.958822489,s298.532257297
115_4,s-4.263824494,s-4.915899489,s267.927133739
115_5,s2.286580212,s2.493762032,s162.859822521
115_6,s2.828340179,s-2.796482432,s103.901963171
115_7,s-3.050039325,s-1.654537594,s129.521235081
115_8,s-0.885875555,s-2.218165469,s129.009478582
115_9,s4.464549044,s-6.363768916,s127.600623443
115_10,s4.852948719,s-4.727537517,s249.917207305
115_11,s4.541752279,s-1.588818526,s40.203988748
115_12,s-5.322134821,s-6.159006649,s24.284534443
115_13,s-4.124786582,s-3.902776114,s171.036239401
115_14,s-4.432402992,s1.348989055,s202.833405471
115_15,s-6.521315019,s-3.233635075,s252.173794771
115_16,s3.595114504,s-0.545308485,s67.178304638
115_17,s-3.381037284,s-6.549550746,s9.495189344
115_18,s0.556361281,s0.331192228,s192.227706459
115_19,s0.752899114,s-6.362294791,s223.318170216
115_20,s6.341473491,s-0.637195438,s176.196504996
115_21,s4.740697908,s-2.724862441,s82.294818070
115_22,s2.378080516,s3.552879439,s111.910947036
115_23,s6.388257640,s-5.159098408,s349.928805185
115_24,s-7.104628099,s5.037366699,s323.272580365
115_25,s-6.320141118,s-4.934856614,s82.485896214
115_26,s-0.932318567,s-6.926362534,s78.023381786
115_27,s-7.042166482,s-1.631794481,s232.484777439
115_28,s-1.481600447,s-1.433274171,s93.439960414
115_29,s0.648626868,s-1.234762180,s79.441954718
115_30,s6.648382172,s3.018659340,s256.119587946
115_31,s3.058329310,s-3.232330715,s221.210182949
115_32,s5.682287421,s-0.535022216,s225.466003766
115_33,s5.868957594,s-6.130569045,s171.499218904
115_34,s1.571068232,s-6.808633169,s134.210820870
115_35,s6.342623491,s-2.757075858,s36.153182112
115_36,s-6.077114330,s0.011844973,s176.949395358
115_37,s-5.317458027,s-2.143203334,s83.705859436
115_38,s0.097309150,s2.752700099,s118.708654074
115_39,s-0.415879773,s-1.746323422,s224.051890271
115_40,s0.452472593,s1.648757926,s63.709096470
115_41,s2.423235281,s6.663813672,s138.926545719
115_42,s6.650876642,s5.656287058,s173.439251288
115_43,s2.801593852,s4.572480203,s321.822692785
115_44,s2.207673902,s1.293515836,s1.464081896
115_45,s-5.343572419,s2.388294851,s15.025664031
115_46,s-2.435294660,s1.554829945,s75.811370643
115_47,s5.637218006,s2.324885431,s354.649765202
115_48,s-6.545382738,s3.918479331,s96.065853429
115_49,s-2.562880906,s4.856095430,s343.602411944
115_50,s-6.370364905,s1.220504788,s233.548971258
115_51,s-4.077995396,s-3.440998374,s217.555897500
115_52,s-6.626560473,s-0.181396520,s62.987840196
115_53,s-2.708783749,s-0.509471706,s161.954957338
115_54,s2.672001548,s-4.520347895,s229.802451097
115_55,s2.356961744,s-0.598242098,s86.522565174
115_56,s4.557322018,s-0.066990036,s164.858814723
115_57,s1.897842631,s2.554914781,s51.817719966
115_58,s2.265576525,s5.733786222,s48.128361918
115_59,s6.636658093,s-1.401953776,s324.930273416
115_60,s-6.363761352,s5.145407848,s316.105203074
115_61,s1.151631575,s2.462839708,s158.130046639
115_62,s-2.961713147,s6.346211931,s46.557894083
115_63,s-3.388566361,s3.606224880,s99.919015361
115_64,s-5.658754426,s1.236535173,s330.056635171
115_65,s-1.875853562,s1.196427628,s223.044297678
115_66,s0.772945889,s1.838499275,s217.798095871
115_67,s6.517159374,s5.089731014,s91.274080860
115_68,s3.816029627,s3.013937330,s27.768248429
115_69,s5.228781088,s5.695205346,s163.135656101
115_70,s6.642687372,s1.148118725,s51.936966815
115_71,s1.380068193,s-0.019600166,s175.073654022
115_72,s-5.050997558,s3.941997064,s114.281996314
115_73,s-5.145822270,s6.757044199,s331.525487441
115_74,s-6.236642727,s-5.568695884,s62.981990517
115_75,s-4.807797807,s0.394863145,s24.885018120
115_76,s-4.364900300,s3.910096255,s56.146305851
115_77,s-2.641964690,s4.164241128,s268.045375837
115_78,s-0.605172004,s1.668274371,s183.169260350
115_79,s-6.762561082,s1.162595559,s289.751920399
115_80,s-3.704542475,s3.905652633,s8.337995467
115_81,s2.029203059,s-6.104970129,s63.897291853
115_82,s6.500899380,s6.704413570,s188.865777583
115_83,s5.474780104,s3.857145582,s269.688388467
115_84,s-1.793341932,s5.742230272,s215.552387576
115_85,s-7.094743701,s4.391345618,s258.924919416
115_86,s-4.364781521,s5.427520276,s107.377732142
115_87,s1.211498358,s6.567485687,s97.565514396
115_88,s-4.263867259,s2.593331705,s103.336246666
115_89,s-1.368635394,s0.312342306,s19.586132144
115_90,s-1.285659125,s5.184013096,s274.614906652
115_91,s5.353744135,s5.986562521,s86.395903147
115_92,s-2.077959330,s5.259220401,s90.283586585
115_93,s-3.452617529,s5.739315154,s171.221870833
115_94,s1.159300808,s3.245595412,s175.156312973
115_95,s0.448554547,s6.806424381,s294.179883294
115_96,s-6.001092520,s6.859763099,s45.363487206
115_97,s-2.786211552,s2.207307736,s254.065226285
115_98,s-0.759372825,s2.928252592,s346.826851190
115_99,s-2.295932201,s3.717896509,s72.945912973
115_100,s1.484674647,s4.721329214,s160.135620422
115_101,s0.539299739,s5.058819336,s124.594010585
115_102,s-2.083707758,s6.633847053,s56.931425436
115_103,s1.998862275,s6.527393087,s64.266671149
115_104,s4.185828198,s6.865675110,s108.257920208
115_105,s0.834827828,s5.474179526,s277.030502658
115_106,s5.892332654,s6.884602609,s354.785089976
115_107,s4.891344312,s3.197675715,s5.825658735
115_108,s-7.125590407,s6.741843537,s328.816789355
115_109,s-6.057826482,s6.294119614,s354.573476084
115_110,s-0.575758938,s4.677212883,s4.275008197
115_111,s-1.221483650,s6.845353524,s252.865216498
115_112,s-0.002815111,s5.689452604,s152.597122240
115_113,s5.369010926,s1.928396610,s73.120415619
115_114,s-0.249272338,s4.092934041,s255.748834092
116_0,s-6.759055576,s-2.700946033,s69.732989659
116_1,s-4.678369291,s-1.596258275,s173.240829275
116_2,s-1.842916053,s-3.438899202,s348.577500775
116_3,s-4.104284348,s-6.584367154,s87.343014126
116_4,s-1.537391065,s-5.233269535,s163.653949047
116_5,s-1.495128338,s-4.148936504,s203.621936226
116_6,s-0.585408943,s-3.615182079,s329.203157211
116_7,s1.835541882,s-5.059461867,s46.638580184
116_8,s5.374630579,s-3.255082609,s236.527697058
116_9,s6.866892407,s-6.171707474,s255.109987538
116_10,s6.832733717,s-4.088252293,s52.427951851
116_11,s4.361719287,s1.487251385,s357.537405385
116_12,s-3.309134099,s6.209445735,s77.078678219
116_13,s-3.078431251,s-4.785876439,s186.583721838
116_14,s-6.864069750,s-5.948716265,s75.918166377
116_15,s-0.918386339,s-6.966097240,s2.816374528
116_16,s2.917859326,s0.946487695,s187.072172883
116_17,s1.552993046,s-3.175726024,s58.580642980
116_18,s-0.511252859,s-5.485029002,s356.542467910
116_19,s4.110243638,s-2.919126465,s9.413939389
116_20,s5.993152081,s-1.885480246,s40.388453279
116_21,s3.342954145,s-6.175657840,s11.532702514
116_22,s6.866428763,s-4.851589688,s3.540601441
116_23,s6.092844664,s3.051299928,s219.639847326
116_24,s-5.285994965,s-2.245803838,s257.946478500
116_25,s-4.065492274,s-1.586840741,s145.987517693
116_26,s-0.401711677,s2.384666757,s25.942260007
116_27,s-6.681527251,s-2.314481355,s178.505190979
116_28,s-6.270653917,s-5.040351585,s307.277784336
116_29,s3.560520666,s0.855457051,s191.085721195
116_30,s1.813589730,s-0.857417844,s147.359087519
116_31,s2.932590090,s-1.804939965,s171.913246849
116_32,s3.445777873,s-0.277581126,s32.972285735
116_33,s1.428133590,s-6.071451214,s225.589500619
116_34,s0.332290560,s-6.327630584,s303.358233119
116_35,s0.604031481,s-0.289678514,s7.904847230
116_36,s-6.097075696,s-1.925964270,s104.688755662
116_37,s-4.471374813,s-4.966468451,s211.141782056
116_38,s-4.150882266,s6.518391421,s142.105046256
116_39,s-3.597744263,s-3.577467509,s30.057969481
116_40,s-4.035556562,s-1.510030413,s190.223655535
116_41,s-2.575999237,s-3.633261273,s228.309748019
116_42,s-1.543438749,s-2.097565776,s61.643534330
116_43,s-2.238413237,s-1.105959922,s49.063083130
116_44,s4.733862174,s2.923744315,s296.228771419
116_45,s4.041174285,s0.084943747,s21.073160178
116_46,s5.595530320,s2.927962313,s143.224179914
116_47,s1.386730424,s-4.846820310,s98.422309720
116_48,s-4.342729975,s5.567195563,s94.183959791
116_49,s-4.584708576,s0.465058750,s336.923169648
116_50,s-1.752130594,s-0.919129229,s207.163591800
116_51,s4.155831419,s-0.281418450,s99.212224486
116_52,s-6.405325786,s3.801596024,s331.389974395
116_53,s-3.988522395,s1.820584593,s158.690027906
116_54,s2.953849156,s5.871699981,s336.670030741
116_55,s6.381036719,s6.253618064,s341.121231098
116_56,s3.238040923,s-1.018077894,s260.149376416
116_57,s-4.652968471,s2.887629427,s174.677668475
116_58,s0.477180889,s-3.904590350,s299.028492758
116_59,s4.996380611,s6.334077734,s200.705204724
116_60,s-2.866353644,s-2.366913703,s201.752193987
116_61,s-6.759816857,s-0.564846457,s78.559047279
116_62,s-4.763516564,s-0.558631568,s295.354348653
116_63,s4.899902609,s5.052487969,s189.188633725
116_64,s-3.815171743,s2.609292222,s15.790736102
116_65,s1.077427078,s-1.423411683,s275.714060121
116_66,s1.342520009,s0.862473817,s55.878604411
116_67,s-1.012525736,s4.865163450,s198.293540992
116_68,s-0.374960897,s2.613946845,s343.660303399
116_69,s6.828638030,s3.922016572,s34.895319921
116_70,s6.514534038,s4.670088964,s113.871210400
116_71,s6.280757138,s1.429278076,s175.483095833
116_72,s-5.068253785,s6.074799033,s277.163069104
116_73,s-1.870650530,s4.510502461,s149.525777365
116_74,s-5.515605151,s-0.850966525,s348.697035135
116_75,s3.335539437,s4.029580627,s145.320586335
116_76,s-3.552290811,s1.032702522,s65.386621283
116_77,s0.490523701,s2.591052434,s210.346435192
116_78,s2.772240680,s6.509703538,s43.699618495
116_79,s1.016213547,s3.292990724,s194.091395510
116_80,s6.536636827,s3.835408452,s277.569500168
116_81,s2.332392315,s2.991069174,s231.842368681
116_82,s5.284351494,s-1.120154138,s63.418139251
116_83,s2.854038131,s-2.638670044,s302.430960206
116_84,s-1.547037116,s6.195577173,s108.158070961
116_85,s-5.837020333,s6.226768647,s292.912149243
116_86,s0.815798219,s4.593584242,s192.903447813
116_87,s-1.310319884,s4.625636137,s92.283428903
116_88,s0.751588764,s6.541538463,s310.194926960
116_89,s-2.363805499,s1.800556590,s326.134556029
116_90,s-2.383562749,s0.427464994,s213.880952650
116_91,s0.209356397,s5.672518036,s240.480616965
116_92,s1.440110901,s6.280810387,s193.905590568
116_93,s-0.410987421,s6.568925716,s41.342976621
116_94,s6.236349366,s4.761077063,s201.624106632
116_95,s6.711995243,s-0.105663040,s312.301742693
116_96,s-6.469981194,s5.478576844,s346.578534301
116_97,s-3.572790084,s-0.999079279,s57.160171468
116_98,s-3.079116357,s2.323725330,s29.735933701
116_99,s-4.941601239,s3.998731726,s225.285117710
116_100,s-1.047605639,s6.476143678,s102.403354632
116_101,s1.031616063,s4.801954557,s7.122410814
116_102,s2.021294407,s5.039046161,s155.920590401
116_103,s4.408081484,s5.057632456,s262.730663246
116_104,s3.637528161,s2.241732390,s79.167948911
116_105,s-0.865739153,s6.278322468,s25.229549902
116_106,s5.991778093,s6.566855402,s76.012388264
116_107,s4.021432415,s6.487965319,s108.153091931
116_108,s-1.886933244,s6.519007780,s59.579410128
116_109,s-6.830790659,s6.629640574,s166.257487604
116_110,s-3.079013750,s3.704836741,s119.263346492
116_111,s-6.434825256,s0.171116860,s207.238082846
116_112,s0.192422555,s5.739410884,s43.654606529
116_113,s4.486746594,s6.178943859,s223.163782507
116_114,s-1.946239602,s-0.301869786,s61.227353374
116_115,s3.529043548,s2.919396537,s126.810423364
117_0,s-6.298904769,s-1.466972804,s72.284156373
117_1,s-2.662980027,s1.888644578,s131.369465871
117_2,s-6.322674545,s-2.068799433,s15.850563869
117_3,s-2.374330820,s-5.461250957,s146.341015823
117_4,s-0.980007191,s-4.738470299,s298.947799129
117_5,s-1.865039552,s-3.717637382,s215.895829973
117_6,s5.643135312,s0.087307654,s35.926073977
117_7,s-4.782754875,s-6.313510714,s144.872058886
117_8,s6.067690616,s-3.009831129,s330.602149226
117_9,s6.243960001,s-4.176273174,s295.295507394
117_10,s3.794504055,s-6.376866824,s53.776052686
117_11,s6.329203759,s-5.999662099,s140.576178174
117_12,s0.737079246,s-0.318915353,s96.862654462
117_13,s-5.385133001,s-3.013075882,s259.555501904
117_14,s-5.988395338,s-3.882632882,s136.838065244
117_15,s-3.901309340,s3.719498216,s142.819732363
117_16,s4.981296905,s-6.258361671,s303.931837652
117_17,s4.790432445,s-3.406154967,s263.520269433
117_18,s2.094064535,s-4.942084317,s116.789726249
117_19,s-0.111542540,s-3.352426808,s182.253985456
117_20,s5.062978839,s-4.788611453,s145.218768196
117_21,s0.536031993,s-4.844303030,s19.291076966
117_22,s-1.047672488,s-6.209697197,s181.255783447
117_23,s5.081817902,s-1.265491660,s89.181343175
117_24,s-5.437722088,s-3.833667280,s63.767303209
117_25,s-4.353223846,s-4.223287352,s80.884139100
117_26,s1.187246711,s1.640540112,s124.305120660
117_27,s-4.420791189,s-0.386169953,s159.688523216
117_28,s-3.753291767,s-3.469330501,s11.318677495
117_29,s-3.326754410,s-3.028265085,s336.578735724
117_30,s4.610342462,s5.510481296,s185.997944989
117_31,s1.515452124,s-1.523056350,s198.245830839
117_32,s4.620904426,s6.076810042,s356.182804136
117_33,s4.961552280,s-0.529270647,s61.919157179
117_34,s3.873705124,s-4.086266808,s156.273926241
117_35,s4.399457390,s1.785195967,s87.185598399
117_36,s-3.085380977,s-0.079956437,s302.407149326
117_37,s-5.314103607,s1.517233645,s23.428212650
117_38,s-3.396642627,s-1.629315564,s133.530126530
117_39,s2.974062178,s-0.810480830,s218.663616752
117_40,s1.314090114,s-2.809013918,s31.116492405
117_41,s-5.949463185,s3.791200155,s18.988128159
117_42,s5.970675992,s-1.428120781,s52.733802036
117_43,s3.458301019,s-0.763344581,s68.900679738
117_44,s-0.210580680,s-3.900361797,s98.432127085
117_45,s5.980293923,s-2.417014425,s2.982297622
117_46,s3.910645092,s-2.966939842,s217.576964561
117_47,s4.151627507,s0.129392584,s261.060351471
117_48,s-2.559382444,s-2.484698612,s356.008680651
117_49,s-5.982887639,s6.022718405,s55.603195126
117_50,s-2.128603091,s-1.584255895,s37.111352250
117_51,s-1.075012493,s-3.507658414,s58.241538685
117_52,s-5.079322889,s3.452326971,s251.398019864
117_53,s3.121209489,s5.544078536,s94.698172606
117_54,s-3.943366815,s0.401665679,s266.890885053
117_55,s5.827248428,s5.820455437,s91.363863502
117_56,s2.805517340,s3.797496915,s26.176996777
117_57,s1.878358934,s-0.050630031,s124.114777856
117_58,s-0.774529545,s4.102470768,s286.239496377
117_59,s6.103479644,s0.754465187,s179.846349122
117_60,s-5.337464828,s0.785034922,s201.908999895
117_61,s-3.505837302,s-4.017994795,s242.619195024
117_62,s-3.960949712,s-2.325115955,s276.427980442
117_63,s1.024211653,s3.574469792,s208.302451441
117_64,s-1.007219013,s-1.602177424,s19.060540667
117_65,s1.788460424,s4.529720746,s97.485820920
117_66,s-1.670807163,s1.870342989,s176.122875917
117_67,s1.866247741,s-3.826560638,s41.833317372
117_68,s1.777085191,s5.660189276,s282.979660604
117_69,s4.911591877,s1.255249905,s63.219910904
117_70,s3.677871793,s0.818614200,s3.869334633
117_71,s6.361552658,s-0.141447636,s210.535875839
117_72,s2.490080592,s-3.909404839,s238.472238702
117_73,s-6.238207225,s5.344144943,s169.098635632
117_74,s-6.318802341,s3.244862205,s278.405667093
117_75,s3.012255801,s4.811270202,s61.987069775
117_76,s-0.822135545,s2.210688241,s286.904039824
117_77,s3.372684372,s2.705908068,s90.384608295
117_78,s0.446364782,s1.079341195,s168.518225747
117_79,s-1.526466756,s-0.597043735,s27.513332488
117_80,s-5.524612481,s4.783428934,s102.408184805
117_81,s4.827855080,s3.678603072,s205.917500743
117_82,s6.270390414,s5.366410572,s49.845878537
117_83,s3.210601729,s0.424966439,s18.636265007
117_84,s-5.269802874,s-1.281149624,s15.581946076
117_85,s-3.191942481,s5.999323164,s312.189518159
117_86,s2.830293607,s6.219094967,s229.601075395
117_87,s-5.868013028,s4.748168513,s74.201406699
117_88,s-4.912087513,s2.755515040,s174.298160337
117_89,s-1.931054858,s5.447663155,s358.572613685
117_90,s-4.370331201,s5.175691323,s3.210228130
117_91,s5.244339009,s4.273306609,s42.364073964
117_92,s2.318815032,s1.221073719,s292.797041977
117_93,s6.291994928,s2.156645002,s261.720496868
117_94,s-0.121782870,s5.510150343,s69.221986868
117_95,s6.170275799,s3.176065566,s114.862756360
117_96,s-6.284009887,s3.727267347,s88.297700278
117_97,s-2.708313830,s6.222852943,s241.159899684
117_98,s0.230944774,s-2.466193617,s316.514226284
117_99,s-1.941557223,s3.872687955,s39.442999205
117_100,s-2.143874975,s4.868776272,s212.855885690
117_101,s2.207720747,s3.336010975,s217.309410521
117_102,s0.815901211,s0.493699182,s199.988769470
117_103,s-3.252496789,s4.563484691,s192.569021174
117_104,s0.262560221,s0.587219840,s245.032256714
117_105,s1.175931224,s5.436457171,s339.681299897
117_106,s4.759035922,s2.073236982,s290.004135161
117_107,s3.349818339,s4.682797871,s79.041247133
117_108,s-6.361292068,s0.187416005,s39.087069967
117_109,s0.594459243,s2.611651796,s246.336225483
117_110,s-0.303657774,s-0.054050237,s329.937838960
117_111,s-5.041314346,s5.504652048,s178.902608166
117_112,s-5.282787638,s6.231065340,s346.667851887
117_113,s-3.039054664,s5.289730790,s300.303752943
117_114,s0.445137003,s3.002915665,s260.650041573
117_115,s-2.498701753,s1.172933370,s116.858887680
117_116,s2.306582906,s2.203478931,s221.569293402
118_0,s-2.511194085,s5.535388301,s300.503418012
118_1,s-5.804619831,s-5.857063931,s231.419720507
118_2,s-5.986429567,s-2.654183849,s111.992119230
118_3,s1.394810127,s-5.637817864,s179.383570403
118_4,s-3.968946730,s-3.957775974,s51.668503326
118_5,s0.164071538,s-5.981592929,s263.451511308
118_6,s3.259128836,s-2.376117643,s279.296460627
118_7,s1.152629148,s-6.924139647,s355.205881068
118_8,s5.378366409,s-3.084325983,s120.999187958
118_9,s3.576241863,s-0.711122390,s31.021220358
118_10,s5.102213756,s-6.529559767,s173.136150298
118_11,s6.645426010,s-2.204111807,s283.009972965
118_12,s-5.306214914,s-5.882859208,s327.909792873
118_13,s-2.209346589,s-3.787116674,s61.327139995
118_14,s-5.338864647,s-1.932928220,s339.758972920
118_15,s-2.347762705,s-0.633896395,s250.635412946
118_16,s-0.259863557,s-6.686455131,s307.948179902
118_17,s-4.825090539,s-4.484988225,s186.961322846
118_18,s-0.328150451,s-4.662354130,s229.547486988
118_19,s2.919699276,s-6.198283190,s188.113324230
118_20,s1.761794016,s-0.867883246,s313.792626899
118_21,s4.868792861,s4.340277762,s124.853377106
118_22,s5.374827767,s-1.550932449,s121.783806488
118_23,s4.329287504,s-3.618692695,s155.897999632
118_24,s-6.754153049,s3.106587116,s2.463538728
118_25,s4.035511598,s2.996614134,s175.294784598
118_26,s-6.122453366,s-4.477773184,s291.410321310
118_27,s-3.869534644,s-6.535506770,s347.743573819
118_28,s-5.262683273,s1.710529754,s173.990930500
118_29,s0.911299389,s-3.695935492,s128.017952155
118_30,s-1.312237468,s0.679067699,s51.756905835
118_31,s-2.997176473,s1.439401404,s164.239815283
118_32,s-0.459329918,s-1.441416480,s318.251412951
118_33,s-6.029999682,s6.144704272,s317.775331299
118_34,s1.182945598,s0.310272296,s309.955329588
118_35,s0.998273996,s1.580360588,s103.698437369
118_36,s-2.698001496,s-1.756698509,s170.759115851
118_37,s-6.408308728,s4.715505345,s44.012606922
118_38,s0.991521874,s-0.485085418,s352.741205626
118_39,s-5.083570667,s6.293736097,s25.293537008
118_40,s2.151181565,s2.512335391,s322.932684421
118_41,s-3.417275774,s1.014974478,s298.187754284
118_42,s-0.360844830,s3.261241406,s252.806045814
118_43,s3.422476327,s-6.351608295,s158.897060691
118_44,s1.994193589,s5.786386906,s184.615370697
118_45,s6.466495932,s-4.134266608,s334.187680631
118_46,s6.617468311,s-0.409503720,s95.871820866
118_47,s3.808574784,s2.033401301,s217.805013969
118_48,s-4.412215198,s2.143040162,s82.561346135
118_49,s-0.471597298,s2.363566761,s324.349067010
118_50,s-3.778131046,s2.020987579,s37.138220641
118_51,s-6.879976160,s-2.748682195,s119.962951648
118_52,s0.127761588,s6.354461698,s180.430622873
118_53,s4.629482069,s5.573240732,s307.752437129
118_54,s-4.075054016,s3.415176963,s65.430844723
118_55,s0.450687230,s1.019595400,s121.750156784
118_56,s-1.745112297,s6.612556292,s132.867292648
118_57,s6.278511099,s-6.682411970,s351.193987789
118_58,s-1.688767295,s-2.793428487,s291.428260488
118_59,s6.825919970,s4.167740618,s280.874224610
118_60,s-6.306471184,s-1.011421944,s186.377650917
118_61,s-3.098389466,s3.667461109,s170.941123021
118_62,s-4.418408550,s4.253870399,s310.846856616
118_63,s-4.270459573,s-0.290530746,s112.203834426
118_64,s2.641837608,s-0.969861165,s351.727217258
118_65,s5.529488424,s0.013455795,s196.400780225
118_66,s2.495599118,s4.137074298,s22.746483056
118_67,s-0.893780402,s0.860504086,s60.518493515
118_68,s5.414297948,s4.145068821,s333.514069694
118_69,s3.186185337,s0.960999873,s338.731453591
118_70,s6.812487046,s6.254018795,s304.406871536
118_71,s1.863535165,s-3.421720088,s332.238004436
118_72,s0.084203124,s5.522944244,s206.341198892
118_73,s-3.654988862,s-1.101789424,s270.018162561
118_74,s-3.057925840,s6.295427628,s295.049907616
118_75,s-6.903202560,s1.483039103,s117.694228792
118_76,s-5.141029988,s-1.004824580,s78.257846719
118_77,s-0.437418026,s3.914656400,s296.517886649
118_78,s4.189391725,s1.810048410,s353.055308411
118_79,s2.372774444,s2.976354642,s34.909199677
118_80,s5.250108689,s2.346666582,s210.441120240
118_81,s4.622172107,s-0.226774696,s233.348420463
118_82,s5.241134867,s6.636738961,s53.268670194
118_83,s5.927179871,s1.180214988,s39.353811978
118_84,s-6.898604540,s5.702913693,s171.513570304
118_85,s-5.561876747,s2.180477485,s37.178892240
118_86,s-6.887709618,s0.377440219,s316.067608471
118_87,s-0.246475232,s4.924802427,s207.686403310
118_88,s-1.283603663,s1.908184365,s151.686116277
118_89,s0.413535824,s3.458532345,s139.336766345
118_90,s0.736441757,s6.591322945,s119.163461966
118_91,s3.453573161,s6.636738961,s329.188706482
118_92,s1.002682935,s4.630298341,s162.518428452
118_93,s5.622215499,s2.652550856,s266.762617016
118_94,s4.791488472,s4.988220197,s352.946212812
118_95,s6.550235885,s2.712744049,s304.525886525
118_96,s-6.441125999,s6.386540004,s308.874950303
118_97,s-6.238756625,s4.287637296,s335.061564831
118_98,s0.530659413,s1.921774764,s227.565809319
118_99,s1.488432691,s4.036592781,s220.754364904
118_100,s1.323055033,s3.367229386,s343.811202777
118_101,s-3.876457626,s3.765757029,s220.113026132
118_102,s-5.943582707,s0.967634206,s50.310299395
118_103,s5.992352590,s5.185826691,s59.634863431
118_104,s3.057658493,s6.144187067,s10.107863293
118_105,s6.400033352,s5.581909369,s222.685584788
118_106,s6.858440470,s3.494232199,s335.603246879
118_107,s5.004542987,s6.208877007,s294.159292735
118_108,s2.040698868,s5.992822136,s8.521474717
118_109,s-1.831924192,s2.951374710,s76.871128245
118_110,s-2.454918105,s6.548098046,s134.303069784
118_111,s-1.469872358,s4.637760808,s123.655650626
118_112,s4.452787456,s3.590176272,s198.922629506
118_113,s1.710182182,s4.490621358,s243.394011676
118_114,s-6.778060253,s6.523298165,s41.126930750
118_115,s4.742841182,s4.696159757,s118.446633183
118_116,s6.826695448,s5.905083280,s257.537546362
118_117,s5.400341534,s3.503876349,s2.663908936
119_0,s-2.592145234,s-0.892413925,s53.593947665
119_1,s-6.959073917,s-5.683190105,s245.930984295
119_2,s-6.786695898,s-1.633736630,s91.657705338
119_3,s-6.159020424,s-7.189041153,s333.428902450
119_4,s1.255027133,s-6.693121010,s153.149491660
119_5,s-3.242909231,s-6.490335722,s299.449359611
119_6,s-5.310575562,s-6.378090913,s250.560329658
119_7,s6.863739102,s-3.206904661,s304.909058216
119_8,s5.347764964,s-5.373570973,s266.271419896
119_9,s3.890925466,s-6.612528906,s52.834358512
119_10,s2.442219043,s-1.549367357,s83.457598087
119_11,s3.989519767,s-5.355467596,s140.373296369
119_12,s-5.519365016,s-5.508437283,s190.277459752
119_13,s-4.542385391,s-1.132095539,s114.762387255
119_14,s-5.361919653,s-0.822151851,s210.169444856
119_15,s-1.335304708,s-4.365647932,s163.962154520
119_16,s-6.393747813,s-3.248965876,s243.530684310
119_17,s0.255133963,s-2.706893424,s63.147678218
119_18,s-0.472806328,s-3.340671663,s344.843838031
119_19,s-3.309984874,s-1.724431967,s97.479850997
119_20,s3.376972817,s-6.249709361,s89.593891912
119_21,s6.191603327,s-2.808301781,s114.336955544
119_22,s6.735632106,s-4.327993214,s314.275892077
119_23,s5.194236348,s1.681074915,s165.853966508
119_24,s-4.840581730,s2.634764057,s36.944574149
119_25,s-6.839204702,s1.023936295,s59.658333353
119_26,s-1.613680650,s-2.325590481,s11.080021966
119_27,s-1.066183903,s0.355666232,s101.916016108
119_28,s-4.123997305,s-5.071337182,s53.138137667
119_29,s-4.836892192,s-0.052527175,s80.536203101
119_30,s-1.655363167,s1.072491527,s197.773051644
119_31,s-5.894694379,s-4.284103675,s196.268236586
119_32,s-0.329846588,s-4.503852043,s289.990097062
119_33,s1.701163307,s-0.853989674,s162.028612634
119_34,s1.890640413,s-3.290246495,s198.198857195
119_35,s5.031658558,s-0.342787508,s61.509219385
119_36,s0.987889722,s2.968749929,s323.382225538
119_37,s-2.446797092,s2.079615897,s313.868860023
119_38,s-7.043856660,s2.481282402,s135.176283984
119_39,s-1.935798520,s6.180884306,s136.794432739
119_40,s-4.117653615,s3.416545904,s260.007796897
119_41,s-2.028940213,s-3.775346272,s253.355581333
119_42,s-0.461849198,s-5.770913579,s178.749550020
119_43,s-0.355637862,s-1.116322247,s286.021011393
119_44,s4.215057705,s2.790596218,s20.314238068
119_45,s5.880967755,s-0.347553227,s123.313565594
119_46,s4.291008569,s-2.720084294,s169.019835687
119_47,s4.736260724,s2.176672497,s77.757192972
119_48,s-5.080487533,s3.418208034,s272.584818999
119_49,s-5.937773173,s0.716921751,s206.628445607
119_50,s-3.669589420,s4.599350876,s9.282066612
119_51,s-3.515501536,s2.574437563,s118.171087739
119_52,s-2.694288122,s1.080149408,s243.698411513
119_53,s-0.829983408,s2.442972095,s32.615589370
119_54,s3.085411889,s2.963196312,s36.404007277
119_55,s-3.329497094,s5.943107542,s330.925274307
119_56,s0.981722240,s4.413020775,s165.833018484
119_57,s4.486401066,s1.621393739,s123.001195211
119_58,s4.463669905,s6.581776359,s129.733153815
119_59,s1.501150572,s1.371410256,s120.287731364
119_60,s-5.869374299,s6.614422487,s352.121579616
119_61,s-2.964502077,s0.894351653,s303.440299178
119_62,s-3.727521761,s-0.521274602,s213.257974172
119_63,s-2.996979830,s4.827581447,s324.592334644
119_64,s0.967007492,s-0.376096652,s106.274524688
119_65,s2.317650536,s-5.902364709,s30.372502575
119_66,s4.152915706,s-1.551650330,s8.799605009
119_67,s5.223952036,s4.115554985,s223.445707273
119_68,s3.688551535,s-0.425426480,s323.036870849
119_69,s-5.586510123,s5.289110343,s314.552737009
119_70,s6.348349244,s1.012072503,s208.077892019
119_71,s3.517327870,s3.699460348,s57.715757104
119_72,s-5.410954081,s4.023777881,s267.126730432
119_73,s-7.060662099,s1.695356424,s244.701037342
119_74,s2.326876964,s6.338621645,s10.013495203
119_75,s-5.652569778,s1.243152369,s302.372856620
119_76,s0.030510252,s5.299615283,s49.461596090
119_77,s5.802712179,s5.494395641,s250.254490543
119_78,s-3.058745662,s3.233411430,s91.161386557
119_79,s3.444548312,s6.610577355,s45.218302227
119_80,s2.688521865,s6.619550185,s231.888165495
119_81,s3.549294576,s-2.405026382,s63.596896919
119_82,s6.465118045,s2.714586225,s220.593785251
119_83,s6.148132840,s4.126687970,s251.988166332
119_84,s-5.169452458,s2.002092896,s245.406379748
119_85,s-3.530320829,s6.444940997,s15.898478102
119_86,s-2.595031956,s3.756713757,s10.094848789
119_87,s6.863739102,s-2.324296100,s23.529254130
119_88,s-0.029576843,s5.063870260,s102.682379120
119_89,s2.511692065,s3.466109228,s213.642801808
119_90,s-0.835064968,s6.539212653,s97.182644566
119_91,s-1.548702543,s-1.744598354,s239.896647664
119_92,s4.592484709,s4.388529878,s76.121164079
119_93,s0.740447258,s5.727847453,s113.747855885
119_94,s-0.008140377,s2.819595981,s122.914196851
119_95,s6.701869789,s6.577556298,s143.681142916
119_96,s-6.898571402,s4.959230810,s42.726167888
119_97,s-6.988619115,s5.750147008,s264.370109027
119_98,s-7.020849095,s4.614012506,s221.139407996
119_99,s-1.252687537,s4.916820501,s244.483020792
119_100,s-1.859912219,s6.592384945,s325.174650869
119_101,s-4.172239246,s1.740405700,s271.328303888
119_102,s1.218006058,s4.769850952,s293.584463933
119_103,s0.125455956,s-0.299306799,s180.482478769
119_104,s-1.227307938,s-0.912870435,s347.544816609
119_105,s5.055259324,s0.579947967,s70.237000963
119_106,s4.671625485,s4.627732656,s272.137216461
119_107,s6.807865556,s5.222841351,s269.260621304
119_108,s-6.120136570,s4.945948979,s30.520489194
119_109,s-2.898285311,s6.445637191,s274.642482551
119_110,s-1.948257180,s2.703242213,s259.065501402
119_111,s-6.305249853,s3.923052491,s285.926995337
119_112,s0.427657085,s4.119608410,s121.049088033
119_113,s-1.115281938,s6.377463665,s62.683868340
119_114,s1.772093026,s4.848621403,s0.503073465
119_115,s1.177538416,s6.487269704,s204.356921432
119_116,s3.953215309,s3.400791797,s69.910770507
119_117,s4.611500536,s4.878734873,s141.963876975
119_118,s6.743984194,s5.821969833,s351.384850054
120_0,s-6.593138305,s-6.662720573,s101.208434199
120_1,s-3.729985566,s-6.204812574,s85.852317621
120_2,s-5.332746638,s-6.480392937,s209.924700787
120_3,s0.185685652,s-4.063087153,s264.965773867
120_4,s-5.569271112,s-1.702745821,s278.086352850
120_5,s1.840765306,s0.034400383,s89.801682551
120_6,s-4.243331835,s-3.344697735,s57.788011648
120_7,s2.545559251,s-4.721673963,s177.300965256
120_8,s3.366633231,s-3.994152006,s116.167690846
120_9,s4.154271998,s-6.509176416,s191.247949502
120_10,s6.130804118,s-5.789030600,s263.722464772
120_11,s4.941326749,s-2.376340372,s199.411341700
120_12,s-1.431713992,s-2.036703743,s317.302172994
120_13,s-0.904658515,s6.356466593,s157.812071271
120_14,s-4.589766387,s-4.878775626,s157.569615088
120_15,s1.857785766,s0.965391783,s310.869843639
120_16,s-6.420282113,s-3.400125179,s22.219514593
120_17,s-1.828355911,s6.436313491,s52.805024643
120_18,s-3.744971429,s0.391463087,s2.666491624
120_19,s0.781142577,s-2.856938129,s248.907179449
120_20,s6.582041357,s-1.768866582,s264.153146685
120_21,s1.673465492,s-4.528050369,s328.416914894
120_22,s3.074766522,s2.817109641,s144.416600553
120_23,s5.952885529,s-5.189340213,s295.412730728
120_24,s-6.616796404,s-2.243774740,s324.181949014
120_25,s-4.409179298,s-1.972446593,s342.896286681
120_26,s-3.486930282,s2.069069713,s210.678399188
120_27,s-6.583169410,s-1.090607628,s194.305848939
120_28,s-1.120098316,s-1.629724631,s11.486241921
120_29,s-0.193586611,s1.931841090,s151.079079775
120_30,s2.762644172,s1.916071392,s274.199899448
120_31,s4.674509059,s-3.659646028,s114.250172773
120_32,s0.516593296,s-1.664918962,s40.103566375
120_33,s4.846140260,s6.567856391,s75.810572346
120_34,s-0.014503483,s-5.055697236,s44.599560341
120_35,s6.069367716,s4.448406304,s179.930422923
120_36,s-2.086257249,s-4.436285740,s292.818836790
120_37,s-4.934395255,s-1.954704255,s184.016863661
120_38,s-2.213398331,s2.891556209,s280.146516070
120_39,s-6.569518677,s4.886309912,s274.823823247
120_40,s-1.819217393,s-3.185706293,s136.522904557
120_41,s-0.290543645,s-6.645609787,s353.420532096
120_42,s5.627692454,s1.436493930,s148.335157688
120_43,s6.202469727,s0.664410269,s62.820708199
120_44,s3.832281825,s-0.220096480,s8.619455622
120_45,s4.032568472,s1.657064174,s154.210783948
120_46,s4.783306186,s4.036230813,s306.636017989
120_47,s6.447678531,s-4.440186673,s38.410103999
120_48,s-3.747137429,s-0.406300714,s195.381675214
120_49,s-3.492237810,s-3.198974308,s323.551230601
120_50,s-5.233021449,s6.462692734,s10.541206229
120_51,s-2.529457252,s-5.318521438,s79.594901213
120_52,s-2.404841804,s4.634611438,s280.481555867
120_53,s-0.824537922,s-6.518563446,s151.632593876
120_54,s2.435916838,s3.428854184,s110.868804981
120_55,s-6.098795155,s0.878587353,s242.586487633
120_56,s1.733490305,s3.474836729,s172.255316942
120_57,s0.282595374,s-0.692630523,s64.641418185
120_58,s4.027161451,s-2.955539524,s278.887300897
120_59,s3.617223832,s-3.399660322,s192.010255834
120_60,s-4.221503335,s3.381522378,s129.798675314
120_61,s-2.092002498,s1.167160820,s226.569233572
120_62,s-3.978519395,s1.588361369,s197.634693994
120_63,s-2.341489939,s0.074997726,s351.612621606
120_64,s-0.731659270,s3.682799947,s298.945102953
120_65,s-0.410671233,s6.337564591,s330.969001826
120_66,s3.849564772,s0.393230865,s150.958678323
120_67,s-1.269620932,s-0.677461023,s236.254232716
120_68,s0.706452759,s5.328424971,s178.517140568
120_69,s-0.510802022,s3.058848031,s12.920905044
120_70,s0.640889190,s2.469775643,s119.511678655
120_71,s4.594998366,s5.700930487,s201.776174414
120_72,s-5.357071859,s0.001284223,s67.160692916
120_73,s-3.381920146,s4.669272868,s108.333599361
120_74,s-1.893551332,s5.305139619,s202.408876990
120_75,s-3.821266128,s1.688020283,s179.548179540
120_76,s-0.208577359,s-0.209879866,s96.891591316
120_77,s5.007497449,s1.807103484,s101.023315030
120_78,s-3.249783399,s1.854529114,s335.659150333
120_79,s-3.103063914,s6.238372175,s40.966760445
120_80,s5.357629242,s5.781261059,s91.504728747
120_81,s4.266440309,s5.244642123,s85.262562793
120_82,s6.582070302,s3.046009869,s115.770511235
120_83,s1.654251828,s-0.494534677,s350.808552789
120_84,s-4.922492423,s-0.529331870,s234.581492707
120_85,s-6.572198669,s-0.774575061,s349.332314790
120_86,s-6.507466461,s6.543066376,s20.210486213
120_87,s1.161427113,s6.504842470,s126.788000409
120_88,s-2.090975720,s-5.983914950,s148.393457181
120_89,s0.107379273,s4.942685691,s334.635295830
120_90,s-0.271557747,s4.226945344,s302.499398484
120_91,s-0.819088201,s2.956445287,s79.473172574
120_92,s1.568750469,s1.887392192,s313.735497812
120_93,s6.061587799,s2.223134011,s173.328835591
120_94,s4.449028741,s-0.882871304,s243.578648662
120_95,s2.320401959,s5.002180847,s68.353168489
120_96,s-5.495510679,s1.097763553,s314.975924989
120_97,s-6.131993782,s2.277532365,s36.306976490
120_98,s-4.780920891,s1.546464217,s245.644861450
120_99,s-3.313630016,s5.248600331,s129.693430858
120_100,s-2.456274388,s-1.338836083,s8.632606110
120_101,s1.535383647,s6.533663246,s39.147883888
120_102,s1.394564736,s4.799939137,s97.284470921
120_103,s-1.410898091,s2.586943319,s30.689790859
120_104,s2.408036965,s4.347249729,s110.463799998
120_105,s1.802163120,s5.718407189,s317.551332314
120_106,s0.203238263,s0.299246075,s275.133752143
120_107,s3.821943214,s4.822454463,s288.721984066
120_108,s-6.482876079,s4.536716428,s76.290526332
120_109,s-2.693308391,s6.588536921,s227.952092258
120_110,s-1.248068237,s5.662915228,s319.984336827
120_111,s-2.698502961,s6.578736975,s311.217800330
120_112,s-3.737871367,s6.557450742,s240.177183787
120_113,s1.036085374,s1.240847732,s115.994368901
120_114,s4.004953337,s2.711265972,s79.082536699
120_115,s2.866371051,s5.778874956,s85.284152635
120_116,s2.517636224,s2.509210370,s276.912405397
120_117,s5.076024441,s4.303720066,s94.962233903
120_118,s6.038749018,s5.281053584,s230.985120142
120_119,s6.538745409,s6.593691327,s282.910055983
121_0,s-6.208298194,s-2.589927236,s84.083571546
121_1,s-5.689845865,s-3.830251589,s225.236516760
121_2,s-0.422595188,s-3.683665776,s329.807554947
121_3,s-4.166455000,s0.695259306,s111.178204706
121_4,s-4.788827393,s-1.764286334,s147.675700230
121_5,s2.100842895,s-1.193197293,s293.065104467
121_6,s5.511679277,s-4.438222513,s279.448223940
121_7,s-0.452337947,s-5.216300607,s296.910598302
121_8,s1.106378351,s-4.695751285,s226.122839682
121_9,s6.087794447,s-6.128836363,s188.321807344
121_10,s3.782565387,s-3.679781030,s149.526288731
121_11,s6.127083046,s-4.450701359,s26.418783488
121_12,s-3.411909865,s-1.788565740,s150.921878294
121_13,s-3.996232575,s-5.466568641,s342.777281326
121_14,s-3.483022778,s-0.724985561,s246.074869775
121_15,s3.354971766,s1.005163514,s220.617229631
121_16,s-0.201317442,s2.618367407,s18.367953737
121_17,s1.911099649,s0.407507370,s329.463911008
121_18,s-5.283127216,s-1.063018235,s109.901701525
121_19,s-4.171269677,s3.730729044,s292.473854738
121_20,s4.216395911,s-2.369834278,s240.642110646
121_21,s-4.129343626,s-2.572488816,s189.761536700
121_22,s1.913594866,s0.722649554,s282.295073259
121_23,s-1.536493990,s-2.606130030,s324.215779935
121_24,s-2.584123463,s-4.801438819,s267.420310259
121_25,s-5.718276464,s1.982137776,s16.105669033
121_26,s-4.247096937,s-3.904503311,s67.675415724
121_27,s-0.927682895,s-5.997634315,s12.348608438
121_28,s-6.138324732,s2.218977703,s130.471008175
121_29,s-3.305511883,s-4.579131552,s185.633300839
121_30,s1.324924838,s3.087960031,s189.062514658
121_31,s5.534771960,s-3.489332207,s201.628235204
121_32,s-3.628401672,s-4.011873629,s182.939742360
121_33,s3.095033732,s5.094939203,s74.904438410
121_34,s-4.816848792,s4.394784125,s219.390360505
121_35,s4.241651579,s-3.143573961,s214.069936791
121_36,s-5.007373929,s-3.099917848,s86.822775116
121_37,s-1.128631102,s0.753028191,s185.094907233
121_38,s-6.057035438,s1.329858824,s54.666797133
121_39,s0.739856259,s0.630702379,s175.950268184
121_40,s0.736796483,s3.987351016,s308.855156531
121_41,s3.585190785,s-0.986469481,s276.558792901
121_42,s5.971086708,s-2.775063849,s145.814301046
121_43,s2.076893017,s-5.581103200,s257.810112600
121_44,s3.689386185,s1.588060387,s204.597438812
121_45,s4.587020427,s-1.772987483,s248.271476528
121_46,s2.994348201,s-0.285226562,s76.013729434
121_47,s-2.359940436,s5.361250222,s176.636755359
121_48,s-4.591336489,s1.317139181,s152.180717906
121_49,s-5.461341703,s2.619692106,s178.454107711
121_50,s6.204036935,s2.737845394,s269.971439187
121_51,s-6.214038113,s4.379642817,s280.316171526
121_52,s-1.625834503,s2.352818886,s237.849273464
121_53,s-2.676737933,s-0.784390817,s64.399035165
121_54,s1.104587046,s-1.090534354,s250.107339163
121_55,s-0.394747140,s6.164967656,s202.927872535
121_56,s2.490314054,s1.960942029,s84.855060712
121_57,s2.136645744,s1.603182187,s354.870065867
121_58,s-0.818144586,s3.647943478,s146.182282107
121_59,s6.127578256,s-1.331737071,s179.424043198
121_60,s-2.854555775,s5.295348441,s315.900734791
121_61,s-0.014045964,s4.974976264,s282.770638560
121_62,s-1.202605456,s-0.144910981,s228.172908745
121_63,s-5.676949992,s-1.597177027,s103.383529073
121_64,s-0.663537615,s3.011304016,s186.395534171
121_65,s-1.583572029,s-1.487553621,s193.136433335
121_66,s0.517833815,s-2.918937933,s235.511448596
121_67,s1.760065144,s6.046385172,s263.430919944
121_68,s5.243601704,s0.260096178,s0.449593341
121_69,s6.206591190,s3.402466483,s14.548707474
121_70,s6.233439139,s6.192782097,s334.508233660
121_71,s-1.387357182,s6.157272299,s138.002118387
121_72,s-6.118620515,s5.212124881,s93.456960910
121_73,s-5.088603079,s6.205938798,s58.746570518
121_74,s4.166469916,s5.877705043,s255.120542895
121_75,s1.657939804,s1.448890217,s215.028209671
121_76,s1.611116139,s-4.646077383,s110.725583895
121_77,s-2.534085136,s3.213858012,s140.557285906
121_78,s3.045127418,s-1.230022842,s226.517443103
121_79,s-3.169924432,s-3.016079285,s35.248766841
121_80,s3.645131662,s-0.409265277,s212.640983346
121_81,s3.812111571,s2.232150970,s219.678615618
121_82,s3.439091054,s5.415142392,s218.446291490
121_83,s1.920721165,s5.522699458,s263.608774126
121_84,s-5.877425917,s6.130630330,s309.540906086
121_85,s-2.009495387,s6.196594362,s196.118571222
121_86,s-0.101561036,s-0.798065393,s49.341786991
121_87,s5.503124644,s2.021764172,s349.798773588
121_88,s-1.072761845,s2.119040248,s267.051994596
121_89,s-4.566449993,s0.991561937,s195.804606942
121_90,s4.047485551,s3.484757577,s28.572001250
121_91,s-5.243767054,s3.347493250,s315.307676879
121_92,s-5.583804005,s5.070014905,s119.467266756
121_93,s6.118590517,s6.048869311,s197.678143964
121_94,s4.751594180,s3.771252274,s351.429651124
121_95,s0.179229245,s2.984154484,s118.822397625
121_96,s-2.975300072,s5.842074898,s131.144584432
121_97,s-0.832331938,s-3.436120747,s30.525416315
121_98,s-2.087081899,s-0.018150022,s296.431508139
121_99,s0.877830819,s5.768158856,s112.579237572
121_100,s-3.399478333,s0.773586520,s103.599070415
121_101,s-3.807933245,s4.837151505,s0.650641730
121_102,s1.890100530,s4.266179805,s248.844253920
121_103,s-4.687190601,s-1.096177491,s17.852680601
121_104,s5.813344856,s-0.643644551,s40.539664823
121_105,s0.945258717,s1.219910360,s72.660059317
121_106,s4.590907986,s0.507876673,s228.898239788
121_107,s4.331084329,s2.788165350,s92.873370954
121_108,s-0.318070261,s4.377034586,s327.740835800
121_109,s-1.013813818,s3.908183584,s26.722166628
121_110,s-5.600014420,s4.428156704,s293.824924321
121_111,s-3.827988864,s2.530854772,s164.307903183
121_112,s4.369344866,s5.246101021,s324.106551184
121_113,s2.713343169,s4.174270980,s116.890631356
121_114,s1.195220383,s4.665994261,s8.594427664
121_115,s-5.069627453,s0.918745487,s95.862486933
121_116,s4.364174501,s6.132927587,s10.147732079
121_117,s4.901868133,s4.944518287,s84.763660693
121_118,s6.164533928,s3.693526518,s90.368590533
121_119,s5.221298327,s4.597568340,s196.431388097
121_120,s-2.964204893,s-0.960908653,s164.185531894
122_0,s-3.518366690,s-0.398900709,s219.829669268
122_1,s-2.336237973,s-4.203922235,s134.613531608
122_2,s-1.484304309,s-2.984328079,s224.645325211
122_3,s-6.653988933,s-6.233034112,s328.127160670
122_4,s0.032649267,s-5.952359376,s43.651660091
122_5,s1.647394251,s-6.619133018,s60.362876315
122_6,s0.216737107,s-5.168617133,s107.057815304
122_7,s-0.729119524,s-3.890633020,s296.188621031
122_8,s3.329550769,s-5.955221408,s332.395210102
122_9,s2.642120813,s-3.194782933,s81.711711262
122_10,s6.172318337,s-5.265991885,s319.395601102
122_11,s4.680925912,s-6.703506983,s222.888000659
122_12,s-1.716017930,s-2.165626476,s156.827757832
122_13,s-6.420735212,s-1.486000419,s45.325768583
122_14,s-3.888087646,s1.803427407,s116.625858507
122_15,s-4.265744529,s4.235094844,s93.884668609
122_16,s-1.862651479,s-6.681624777,s66.253000657
122_17,s0.677515164,s-0.819150137,s50.396529607
122_18,s-2.843467962,s-3.052356011,s353.026650040
122_19,s6.224311612,s-1.868419023,s301.283152333
122_20,s1.014860334,s-2.795404433,s99.091061594
122_21,s1.849272327,s-5.704606624,s17.763177253
122_22,s6.586860804,s-3.731788686,s161.743629615
122_23,s3.806058225,s-5.200947480,s328.599859527
122_24,s-5.028221965,s0.200594209,s353.784772492
122_25,s-5.329063253,s-1.625815796,s196.576450500
122_26,s-2.996535625,s1.579889304,s214.743527650
122_27,s-5.105254211,s-2.643292628,s72.493620085
122_28,s-2.407160908,s3.915565206,s137.040928374
122_29,s1.857546801,s-3.305763023,s241.008108552
122_30,s-4.513737962,s-5.736736729,s45.110421896
122_31,s1.003469396,s-1.880393964,s203.849452032
122_32,s4.435042509,s-3.436127491,s16.581903249
122_33,s3.789169315,s0.633509990,s72.016495465
122_34,s3.833858114,s-1.605870368,s30.073179059
122_35,s6.409440448,s-2.368905522,s117.179958233
122_36,s-4.821682211,s-0.880264792,s266.543486643
122_37,s-1.596666355,s-5.094924535,s71.389898472
122_38,s-6.652618142,s6.456266342,s35.526196022
122_39,s-5.371293370,s-4.713220520,s117.672109807
122_40,s2.049445160,s1.047383043,s229.677673737
122_41,s2.683638474,s5.546173001,s128.651319769
122_42,s2.905645340,s-1.979564395,s46.449728432
122_43,s6.062687266,s3.081208817,s235.924003685
122_44,s-3.852347396,s2.934732804,s346.145097157
122_45,s2.828893930,s-4.388559812,s85.087880497
122_46,s-0.649367156,s0.890689222,s125.977269910
122_47,s6.595513442,s0.334774848,s160.530363976
122_48,s-6.681572982,s-0.357299735,s17.863767719
122_49,s-1.919889368,s-0.929866173,s192.705390444
122_50,s-0.864589977,s2.618305237,s263.474360894
122_51,s-3.269332927,s-2.699890793,s138.841341113
122_52,s-1.582356235,s-5.819115288,s0.096107102
122_53,s0.670940153,s3.283745969,s161.411890903
122_54,s-1.693796764,s1.049427367,s115.510873112
122_55,s3.495886313,s2.990802111,s65.359106483
122_56,s5.372126139,s-0.737361397,s207.372024147
122_57,s2.925675414,s0.677142097,s206.184943893
122_58,s2.222162558,s2.724986770,s270.337799472
122_59,s4.502252392,s1.504491253,s319.822214268
122_60,s-4.172354803,s1.927194796,s84.194909754
122_61,s-0.122941053,s-0.191604798,s21.937815049
122_62,s-5.433361621,s1.303028372,s300.440747090
122_63,s-0.692681422,s5.230110355,s304.806759231
122_64,s-0.483465035,s-1.744088093,s35.846119113
122_65,s-0.550361160,s6.626154111,s210.388198533
122_66,s2.006112704,s-5.279505467,s288.546733556
122_67,s2.417721232,s6.466500530,s315.273844696
122_68,s-2.321587873,s-1.172206143,s55.799848988
122_69,s0.538464714,s5.235387186,s244.026515930
122_70,s3.933822886,s-1.357843752,s253.248473078
122_71,s0.070928222,s2.064053154,s266.550431833
122_72,s-6.611926412,s1.694666213,s96.978159909
122_73,s-1.229493481,s-0.401713271,s296.469552439
122_74,s-4.808376813,s3.393967051,s60.934608186
122_75,s-2.365798966,s2.798727360,s196.588789697
122_76,s2.119060520,s-1.583300770,s244.770674765
122_77,s-5.011971961,s0.899705128,s278.323001566
122_78,s5.603853823,s5.277005687,s285.965137438
122_79,s-2.669484157,s6.613439190,s190.658320252
122_80,s6.242722622,s0.442173414,s49.538715506
122_81,s5.539977232,s-2.475402977,s336.883740804
122_82,s5.241927056,s0.179407531,s100.957832164
122_83,s2.918585192,s3.668377517,s51.373103823
122_84,s-4.348368718,s6.439255706,s2.968912857
122_85,s-6.487559549,s3.232868549,s286.052277407
122_86,s0.205604638,s4.361820096,s216.061509636
122_87,s-3.180697321,s5.556934697,s105.319772089
122_88,s-5.413402203,s5.567180226,s248.694753297
122_89,s-0.132602589,s2.809613321,s228.997167694
122_90,s-2.522296279,s5.001114905,s77.635041534
122_91,s5.485934318,s6.264659585,s202.331569752
122_92,s6.644631250,s2.546891185,s41.407899940
122_93,s0.090424552,s3.850668114,s79.926619916
122_94,s2.104764945,s3.236237936,s111.607336531
122_95,s3.231336753,s6.155470338,s277.380733258
122_96,s-4.435227876,s5.078529774,s123.786139440
122_97,s-3.241222804,s6.565639398,s74.921440357
122_98,s-5.750994076,s0.505376803,s191.053199434
122_99,s-2.293188026,s5.949187351,s152.222405375
122_100,s0.928563267,s0.930359814,s214.997848720
122_101,s-2.372130558,s0.745852138,s248.929579411
122_102,s1.056155749,s4.607928667,s110.874514478
122_103,s4.221676542,s4.091036560,s96.905937873
122_104,s-0.756538579,s3.669300955,s168.829755261
122_105,s5.645564829,s2.109188971,s351.069822459
122_106,s5.483917518,s4.029046944,s343.214368508
122_107,s4.568717374,s6.510972685,s105.874970130
122_108,s-2.729768593,s4.205679183,s72.848678896
122_109,s-6.176641877,s4.225502531,s135.026889635
122_110,s-0.557675387,s4.392858805,s188.028801997
122_111,s-6.588644692,s6.326524365,s164.807446128
122_112,s1.900042493,s6.572451669,s26.297651797
122_113,s5.842555899,s6.438505106,s159.945339478
122_114,s-1.947568164,s3.504126203,s188.033437725
122_115,s6.114616814,s5.443745777,s59.809204685
122_116,s-3.539110202,s2.127792881,s176.675450109
122_117,s6.606361666,s4.120939915,s268.278136188
122_118,s3.740313229,s5.079860638,s268.019207693
122_119,s-4.921670874,s3.428509303,s154.581889732
122_120,s-6.256752512,s2.350924892,s318.599940958
122_121,s-1.292188567,s5.358753679,s78.983760505
123_0,s-6.193669747,s-1.849181546,s168.779153941
123_1,s-1.263231615,s-5.386192490,s77.122009974
123_2,s-4.082991599,s-6.095507236,s8.022278857
123_3,s0.429878355,s-4.200422662,s246.066743609
123_4,s-0.997341879,s-6.182221532,s198.959017597
123_5,s1.641015355,s-2.320952635,s132.391965713
123_6,s-0.215256272,s-5.848426106,s118.857109604
123_7,s-4.122088626,s-2.124021755,s104.245249704
123_8,s2.943491785,s-1.763598954,s39.456494165
123_9,s5.994770802,s1.383356097,s37.179612497
123_10,s5.771520380,s-6.176252494,s351.500477566
123_11,s6.180572323,s-2.381380283,s94.803839324
123_12,s-2.390249754,s-3.421508349,s134.661059600
123_13,s-4.845286768,s-5.300018715,s179.671610169
123_14,s-1.106660943,s-4.076296132,s324.440279022
123_15,s-5.777071546,s-3.372430785,s125.696432330
123_16,s-1.889046965,s3.620924092,s214.603745848
123_17,s2.206769581,s-5.582887758,s319.751565547
123_18,s2.685320479,s-5.460635769,s297.388819170
123_19,s2.553407986,s-3.031959574,s173.565407470
123_20,s0.754300629,s-2.435870192,s125.479814901
123_21,s2.875439162,s-0.250089507,s268.199666532
123_22,s2.684486053,s-1.183131510,s156.153721411
123_23,s6.191201770,s-4.768349058,s154.043384887
123_24,s-5.959661636,s-6.143441033,s353.632777312
123_25,s-4.300405676,s-1.753973440,s259.580297814
123_26,s-6.191221430,s-0.377671346,s155.711786208
123_27,s0.647820607,s-2.831337513,s97.480242907
123_28,s-3.265913090,s-4.569764855,s141.016158649
123_29,s-3.964160534,s-0.149984051,s198.056502541
123_30,s1.438957837,s-3.946764344,s40.793828114
123_31,s2.312996258,s-4.921670733,s247.683150714
123_32,s5.193867550,s-4.411022525,s88.135576470
123_33,s1.101321795,s0.476311141,s250.955915251
123_34,s5.043353039,s-5.328818500,s258.897007513
123_35,s6.286124368,s-0.576753241,s106.923203314
123_36,s-4.841168191,s0.050581483,s181.018685131
123_37,s-4.928573473,s3.789997311,s56.601248580
123_38,s-2.717542905,s-1.916682817,s341.419022896
123_39,s-1.123675662,s1.429505821,s236.807645203
123_40,s3.574240871,s-0.445290293,s86.727039006
123_41,s3.546779516,s5.489562216,s215.970025493
123_42,s-3.395430518,s-0.975696228,s33.603729369
123_43,s1.221399664,s3.641585735,s156.556402490
123_44,s-1.101623342,s-2.547409321,s77.406998498
123_45,s-0.374315487,s-0.512855620,s14.893726534
123_46,s2.217305439,s0.758420757,s138.515063230
123_47,s6.238691875,s-1.446669247,s52.574410747
123_48,s-4.430986043,s-2.733482612,s293.400899054
123_49,s-2.120423404,s5.188538432,s88.217489528
123_50,s-2.327361676,s0.744767894,s288.874538345
123_51,s-3.740186131,s-3.660453928,s339.360055291
123_52,s1.888969441,s0.259212606,s45.147690609
123_53,s0.298743602,s2.492536847,s182.679299419
123_54,s3.578338235,s-3.337999243,s35.287325808
123_55,s-6.045662870,s2.680089892,s348.542738516
123_56,s3.432787123,s-2.917481830,s90.439195821
123_57,s4.800529462,s-3.137385591,s325.019836628
123_58,s3.128841929,s2.286270273,s139.037104740
123_59,s-1.483476139,s2.121258156,s274.155538266
123_60,s-4.083272603,s0.805467791,s187.373579776
123_61,s-0.680531608,s1.049173822,s180.162821294
123_62,s-6.044785169,s0.862607345,s72.282937183
123_63,s-5.722384831,s4.740652022,s296.274886391
123_64,s1.220874425,s-0.322508395,s188.944384122
123_65,s2.940989030,s5.652663583,s181.641521532
123_66,s-1.263322563,s-0.211852709,s115.685706469
123_67,s-0.321353690,s5.146703235,s41.403477265
123_68,s5.935199829,s-0.441931697,s127.555518698
123_69,s6.284036330,s1.364114902,s41.884838085
123_70,s-1.478334628,s-0.427484455,s274.300282797
123_71,s4.592809289,s2.412621584,s39.962447614
123_72,s-2.066592105,s5.397612894,s193.897083645
123_73,s0.163389212,s5.884701493,s107.180414491
123_74,s-4.839752073,s2.665245051,s286.042751901
123_75,s-3.060821404,s6.099410497,s121.792772107
123_76,s-1.841636393,s4.963663171,s66.443715735
123_77,s1.236272689,s4.894013156,s163.143653858
123_78,s2.355522305,s-0.101601008,s201.163002230
123_79,s6.110523289,s4.598393813,s32.523814061
123_80,s-2.539516459,s3.274628047,s235.897683858
123_81,s-2.133477729,s5.905874391,s146.051612573
123_82,s5.796413760,s2.076160514,s69.914338594
123_83,s4.770857249,s-1.671785899,s139.209525318
123_84,s0.876825832,s4.284965655,s238.600264530
123_85,s-1.283377564,s3.647641942,s233.344591452
123_86,s-4.284276643,s3.232189275,s337.898975706
123_87,s-6.281209191,s4.094270356,s295.685457166
123_88,s-2.472216368,s2.402432349,s147.299333081
123_89,s-1.034085918,s6.165012978,s229.697932689
123_90,s-4.222385551,s5.530121440,s284.957268040
123_91,s4.000136975,s1.266915136,s62.955318578
123_92,s5.191624302,s4.283931408,s62.297288884
123_93,s0.926872195,s6.093486975,s221.289970206
123_94,s1.720918516,s3.420453829,s294.917906180
123_95,s5.088656337,s6.082905880,s356.813785395
123_96,s-5.254078296,s1.368283372,s223.989071694
123_97,s-5.790627527,s1.615855381,s125.912796643
123_98,s-5.433308457,s3.651160130,s205.648057046
123_99,s-6.297587266,s5.123201879,s334.076595633
123_100,s2.376673161,s1.814131373,s30.164185537
123_101,s-4.164595553,s3.411337258,s31.797112381
123_102,s3.350603611,s4.544357085,s185.157991107
123_103,s5.290571618,s3.202453279,s178.643814813
123_104,s0.066130469,s3.052823863,s189.259614615
123_105,s3.165180304,s6.145674748,s7.504465715
123_106,s3.484366766,s0.503297924,s224.279735124
123_107,s4.326144080,s1.912738458,s43.208702787
123_108,s-4.348831036,s1.564013331,s114.400218242
123_109,s-6.157620723,s6.148564760,s345.494159825
123_110,s-3.073131566,s1.546521107,s357.880040169
123_111,s-3.944157216,s4.373177616,s309.098583208
123_112,s2.428093170,s3.727965680,s52.195195668
123_113,s-1.548929610,s6.109856552,s80.374330539
123_114,s6.025954826,s6.130904417,s282.549454164
123_115,s2.082872761,s5.362350899,s4.983153437
123_116,s1.530220578,s1.899997864,s72.221988669
123_117,s-0.635199119,s2.933334969,s267.652298989
123_118,s1.968905893,s2.773512503,s235.601194180
123_119,s4.574735704,s0.393335765,s96.001763722
123_120,s0.185084317,s1.164756561,s291.310221084
123_121,s-3.315027074,s1.960351511,s275.391491188
123_122,s0.894263859,s2.789190480,s359.846744879
124_0,s-6.947671849,s0.003021618,s80.695660575
124_1,s-6.148341985,s-3.689972052,s67.743732730
124_2,s-3.624528078,s-3.588136261,s185.542555916
124_3,s-3.790204010,s-5.846916034,s191.107331130
124_4,s-5.118099113,s-7.207363932,s345.554189696
124_5,s-4.137341504,s-7.247463291,s355.786682645
124_6,s6.039958213,s-2.143995109,s126.142626833
124_7,s-2.651735435,s-6.781428354,s334.238031835
124_8,s3.770466839,s-1.281372465,s155.226016270
124_9,s6.965607518,s-6.687348325,s178.735671688
124_10,s6.021511391,s-4.584138493,s291.742646170
124_11,s2.012970280,s-4.996640489,s18.093119017
124_12,s-1.385960052,s0.983044854,s77.173764501
124_13,s-6.880029079,s-4.834181302,s286.529046632
124_14,s-2.788893516,s-3.974890564,s332.730452217
124_15,s1.687269279,s-4.022949572,s162.365019037
124_16,s0.609373535,s-5.312331062,s238.740520738
124_17,s2.979744016,s-5.683054416,s6.309130274
124_18,s-1.370283355,s4.896738886,s31.539876262
124_19,s3.275136235,s-5.673964805,s259.218860537
124_20,s5.063041441,s0.684726822,s217.370282770
124_21,s6.220812784,s-3.947724286,s275.955704389
124_22,s6.884887596,s-4.119711057,s180.457566639
124_23,s6.783310555,s-1.107349742,s83.641135578
124_24,s-6.986042968,s-2.191704486,s177.514217398
124_25,s-5.046107503,s-2.099156115,s327.198714317
124_26,s-2.854019444,s-0.851225418,s53.274012716
124_27,s-1.284363391,s-4.717199133,s15.554823943
124_28,s-0.910258334,s-2.923277599,s264.363236202
124_29,s-3.096139532,s-5.996952664,s3.125988736
124_30,s0.548604536,s-1.565428750,s296.493785127
124_31,s5.609087888,s-0.300779325,s336.764848023
124_32,s4.887042746,s0.141684300,s214.174988541
124_33,s0.137022161,s-5.923907298,s119.964402102
124_34,s5.559042531,s-6.627884039,s286.055779621
124_35,s6.845895541,s0.699613416,s96.815312779
124_36,s-6.853688113,s2.337865937,s70.390862594
124_37,s-4.532283086,s2.103557093,s173.235707737
124_38,s-4.015787583,s-2.181750043,s12.065229545
124_39,s-6.641600567,s1.120970943,s326.753109039
124_40,s-5.944629358,s-5.183371310,s294.222183281
124_41,s-6.557110967,s3.978809333,s238.510805033
124_42,s0.213038454,s-3.307631781,s2.303371836
124_43,s1.863458815,s-0.777790233,s333.789388172
124_44,s3.211836503,s0.412525240,s133.271405358
124_45,s6.838376232,s4.084998239,s277.728286385
124_46,s1.938014934,s0.807408867,s325.044112423
124_47,s6.052995769,s0.370276127,s116.996701144
124_48,s-2.473082021,s-0.907776940,s271.773473297
124_49,s-4.113472116,s5.113749158,s292.153616697
124_50,s-5.939667827,s-6.546057404,s168.205649801
124_51,s-2.381040335,s-1.572906383,s277.953858174
124_52,s3.455462262,s4.439334483,s333.494013937
124_53,s-2.351309309,s-5.484607238,s321.647096361
124_54,s-3.627584177,s1.355201128,s159.917508570
124_55,s2.310402152,s3.736832895,s193.274160987
124_56,s4.920540429,s5.750821835,s64.266847373
124_57,s4.090977788,s-4.470422885,s329.542233634
124_58,s6.191902738,s1.858098691,s205.112783611
124_59,s6.893908306,s1.563642055,s130.750828670
124_60,s-4.359379620,s0.254860002,s255.040298652
124_61,s-5.520043190,s2.985459830,s2.352507886
124_62,s-1.509713226,s0.025506058,s327.347625247
124_63,s-6.589827381,s-1.926274918,s156.823488925
124_64,s-0.420611867,s0.382838557,s309.036963730
124_65,s-6.444328611,s6.585302750,s187.672840483
124_66,s2.349092018,s-2.947442643,s93.404785891
124_67,s0.838698579,s3.722377203,s164.678100341
124_68,s4.413504873,s-4.281826676,s103.202239646
124_69,s4.556125253,s2.372316039,s313.788639568
124_70,s5.571310630,s2.654587993,s91.408491470
124_71,s0.680472945,s2.216997692,s310.142914762
124_72,s-0.936720947,s4.419763341,s296.273417897
124_73,s-3.656354480,s3.907532842,s336.302701254
124_74,s-6.483557842,s5.737788995,s110.181914665
124_75,s-1.928743220,s2.028368714,s51.139126918
124_76,s-1.863048203,s0.777440196,s159.266149756
124_77,s-2.793967573,s6.590974382,s104.252605647
124_78,s0.004362655,s3.973713813,s158.896731214
124_79,s0.964852430,s4.098595322,s143.914770744
124_80,s5.748067764,s4.053419755,s124.594790278
124_81,s4.618196017,s1.074621756,s314.819517243
124_82,s6.261629339,s-3.083752030,s0.899999318
124_83,s0.962717844,s5.059999097,s87.297958509
124_84,s-3.779127086,s1.975323288,s282.530850632
124_85,s0.431929030,s6.454360967,s19.546343957
124_86,s1.273818393,s0.560780550,s123.313644571
124_87,s-3.304992807,s3.000825951,s7.541753358
124_88,s6.942663278,s4.947296956,s276.732559805
124_89,s5.932563957,s4.959196525,s99.637671637
124_90,s4.945272841,s6.344085589,s322.244904032
124_91,s3.665838378,s5.592390101,s159.274098172
124_92,s-0.543179557,s6.688371840,s356.837563910
124_93,s6.967658810,s5.927711418,s187.292072423
124_94,s-0.855241549,s6.087019426,s181.922412604
124_95,s4.275885476,s6.574046267,s183.794654192
124_96,s-5.621230872,s4.274498382,s184.746028600
124_97,s-3.780948922,s5.593668565,s313.160212149
124_98,s-7.096816572,s6.104140428,s141.703328263
124_99,s-0.257259163,s-0.789050067,s158.447014164
124_100,s-3.906120016,s0.723329831,s350.235402575
124_101,s6.265521812,s4.377192024,s121.645023727
124_102,s1.089281327,s5.718204532,s172.210380261
124_103,s-1.760855763,s3.077346255,s265.601865207
124_104,s1.155137941,s2.798555746,s318.755673866
124_105,s2.232434545,s3.258144601,s183.008287445
124_106,s5.245069057,s1.525122848,s228.567348024
124_107,s6.950850538,s1.045517515,s143.932016468
124_108,s-5.213137353,s6.658933670,s285.002240118
124_109,s-1.063297650,s-5.779555732,s113.560251339
124_110,s-0.914124327,s1.320277930,s74.981243033
124_111,s2.919228518,s4.174161878,s306.911958048
124_112,s-2.496185060,s5.953153973,s44.391231134
124_113,s2.891317001,s6.707609795,s128.445267582
124_114,s0.655622949,s5.358508312,s73.674530993
124_115,s6.656179001,s6.707609795,s84.193440271
124_116,s-0.539077372,s4.976106245,s167.649679702
124_117,s1.798116143,s6.639197485,s349.978986255
124_118,s5.927208358,s5.948609251,s128.039829184
124_119,s3.106349202,s5.907225939,s144.590790453
124_120,s-4.463447348,s4.756737745,s77.280768841
124_121,s-5.334863160,s-0.549359987,s151.329140396
124_122,s2.367112300,s5.369339112,s51.059387345
124_123,s0.069613036,s4.525873966,s341.318232486
125_0,s-6.607173257,s-1.101830656,s234.848687612
125_1,s-6.483963007,s-5.614704102,s257.565332250
125_2,s-5.630048822,s-6.986889532,s184.451688608
125_3,s-5.233346201,s-0.428926436,s198.102044375
125_4,s-3.430732734,s-5.162974840,s93.652633571
125_5,s1.742143543,s-0.389973220,s66.037515258
125_6,s-3.937196568,s-0.541992371,s21.845354761
125_7,s6.359809340,s-6.191124798,s285.349259608
125_8,s-3.151450329,s-4.415552515,s306.866304924
125_9,s-5.118292623,s0.420251943,s151.003933560
125_10,s6.768847127,s-3.828514024,s230.883892167
125_11,s1.357425400,s-2.741496609,s291.077968931
125_12,s-4.250075414,s-4.339188398,s46.033315144
125_13,s-3.032720212,s-1.958137385,s3.399485657
125_14,s-5.845239748,s-2.749627510,s3.591119086
125_15,s1.001721439,s-3.486885127,s219.504658493
125_16,s6.352871431,s-0.775119402,s136.560689860
125_17,s-1.428734849,s-1.929172931,s145.925863633
125_18,s5.686866091,s1.452717923,s112.634625055
125_19,s-0.260038327,s0.600792524,s52.066913109
125_20,s3.832892164,s-5.235033317,s109.675080915
125_21,s6.007446600,s0.387505898,s254.614234744
125_22,s1.628015648,s0.664829550,s263.689538057
125_23,s-1.495483922,s0.160297897,s259.339069305
125_24,s-6.883462008,s0.567675227,s134.601185143
125_25,s-3.178711720,s-6.486155086,s244.013682443
125_26,s-5.692896362,s6.169556514,s128.272656072
125_27,s-6.000922283,s-5.413082666,s275.140976252
125_28,s-1.088272420,s-4.149158153,s230.706276276
125_29,s-2.368139404,s-6.478755584,s84.208057488
125_30,s4.589771742,s-2.249635231,s35.108935538
125_31,s3.864623634,s-4.722266524,s344.175399761
125_32,s5.221727358,s2.529658642,s249.399588769
125_33,s2.337229150,s-1.065495952,s232.991701227
125_34,s6.808290392,s2.186970270,s293.013450459
125_35,s6.597866988,s-2.069851348,s28.864570609
125_36,s-5.767326043,s2.621803187,s323.690825091
125_37,s-4.614271104,s-2.012499496,s304.282995393
125_38,s-4.458511710,s2.758641577,s309.432660566
125_39,s-2.201245806,s-4.229487563,s261.769122207
125_40,s-6.032339151,s0.663432460,s30.588611796
125_41,s5.184237250,s-5.300547529,s36.477185704
125_42,s3.602007618,s-7.044126542,s215.362974100
125_43,s3.732529089,s3.474554117,s256.771362698
125_44,s6.882477167,s-5.401122770,s249.672602209
125_45,s-0.256191848,s-1.740584521,s125.816778494
125_46,s3.321968617,s-2.649164906,s141.023138005
125_47,s5.074014689,s-3.833546229,s68.705601689
125_48,s-1.843703730,s5.577653673,s246.377405316
125_49,s-6.567507298,s3.433740311,s124.197085256
125_50,s-3.773873755,s1.862590798,s93.734527915
125_51,s-3.006271934,s-2.839198335,s155.849379692
125_52,s2.246466492,s3.728934115,s26.020742505
125_53,s-6.613523376,s6.437331917,s71.516801918
125_54,s2.020227928,s-4.851321344,s90.064803896
125_55,s-3.178489310,s3.091150945,s143.813749412
125_56,s3.840777926,s2.866798855,s282.328716230
125_57,s2.601448324,s2.671851532,s70.218478711
125_58,s6.965789051,s-0.552652983,s67.291650644
125_59,s4.803498144,s6.948845274,s117.928508427
125_60,s-4.203797158,s3.782736529,s218.446995362
125_61,s-3.238405189,s-0.196601127,s212.165964029
125_62,s-6.931192558,s2.244978836,s130.808386020
125_63,s-5.189551775,s2.925670047,s317.007291766
125_64,s-0.512557149,s1.664073390,s304.790812460
125_65,s-0.984975068,s0.712510902,s266.733044601
125_66,s4.461862264,s4.674852500,s289.505388244
125_67,s2.419894030,s4.622877645,s219.575290764
125_68,s6.870711861,s5.463305959,s217.069820585
125_69,s6.830960559,s1.138988787,s9.865222853
125_70,s1.257511823,s4.904232751,s128.182150281
125_71,s5.319894007,s0.758860210,s177.584680259
125_72,s-7.002917881,s4.188992261,s99.091618176
125_73,s-1.867119598,s1.387576349,s32.128589076
125_74,s-5.280207623,s3.648044933,s125.200028862
125_75,s-6.206309786,s1.675227591,s346.831184912
125_76,s-0.814718757,s3.078258493,s306.311606152
125_77,s6.427802446,s5.479677188,s139.236350273
125_78,s-6.541036218,s2.704669621,s139.253273613
125_79,s1.890384988,s5.959861684,s28.343965532
125_80,s0.828560297,s-2.515414869,s212.521057946
125_81,s-2.343628943,s5.644136727,s251.237444699
125_82,s6.600812991,s3.450759476,s259.086121898
125_83,s6.956780255,s6.539863967,s248.897875934
125_84,s-6.107486964,s6.958663407,s270.751054302
125_85,s4.821878493,s3.465572672,s80.639383360
125_86,s-2.766346516,s4.076457889,s129.969377378
125_87,s-1.912867934,s3.992288686,s357.534918145
125_88,s-0.369391323,s-0.360231311,s186.385703928
125_89,s2.831588229,s6.779622047,s266.243466940
125_90,s-3.638317241,s5.579557987,s312.457447786
125_91,s6.992882421,s4.400292699,s269.649213113
125_92,s3.280590978,s5.304736325,s153.493993253
125_93,s2.812152087,s3.695208732,s156.790531248
125_94,s4.781758225,s1.112314721,s5.195501601
125_95,s4.054468004,s7.020125863,s313.563141325
125_96,s0.815137563,s4.986389714,s345.182627565
125_97,s-4.547961811,s5.182542686,s208.469265313
125_98,s-2.671032270,s1.618160462,s138.384410508
125_99,s-0.324646666,s4.119441712,s89.474414492
125_100,s2.600368967,s0.915871023,s145.581287273
125_101,s-4.932183618,s1.924506681,s291.875607080
125_102,s-0.944012843,s3.484751946,s85.449355050
125_103,s0.665731843,s3.485892520,s177.315712678
125_104,s3.672406249,s1.992665237,s315.233828801
125_105,s6.517407516,s6.854112501,s40.306196747
125_106,s0.899886271,s5.949376439,s38.971014776
125_107,s-1.260469853,s6.922390105,s354.842131610
125_108,s-4.202665706,s6.999635870,s64.461986699
125_109,s0.275236541,s2.863844530,s153.213955197
125_110,s-2.286633651,s6.872583739,s181.614143393
125_111,s4.435177430,s5.826181157,s104.058639071
125_112,s0.661346939,s1.582547043,s347.222238165
125_113,s0.086579108,s6.657131130,s10.834818157
125_114,s5.533177921,s4.199257189,s111.462011985
125_115,s2.049765777,s0.730427590,s105.476929378
125_116,s1.347524558,s6.942669271,s8.640615569
125_117,s-4.221261904,s6.208170158,s347.415966734
125_118,s6.275144304,s5.734375730,s269.202443883
125_119,s6.894145424,s3.876608943,s203.112687202
125_120,s-6.980844154,s6.870248761,s176.113566000
125_121,s-1.044564397,s5.458085165,s45.619297431
125_122,s-3.467751834,s4.209944503,s288.351667645
125_123,s-0.119384912,s6.985155921,s357.637675715
125_124,s3.730835987,s6.326513143,s42.783724521
126_0,s-6.594813761,s-4.369311898,s128.709720546
126_1,s-5.694384472,s3.720229366,s295.101339031
126_2,s-3.141665224,s-3.198895487,s228.586746178
126_3,s-6.078738535,s-6.739344796,s50.177136266
126_4,s-6.321171890,s-3.380825131,s349.957507323
126_5,s-5.314539198,s-5.890670142,s189.305428299
126_6,s0.708107141,s-3.444044665,s60.647051012
126_7,s-2.265168767,s-4.322800931,s98.290687058
126_8,s0.520884279,s-1.868419703,s143.545965046
126_9,s2.474520794,s-2.112055410,s161.763269796
126_10,s2.721083989,s0.437354022,s326.396169708
126_11,s5.772816852,s-3.432112677,s158.699838277
126_12,s-4.146115650,s-3.226464156,s16.795859981
126_13,s-3.626862862,s-4.552097619,s5.654634031
126_14,s-3.636687287,s-4.999496365,s331.491610266
126_15,s1.469818210,s4.119417814,s316.747878362
126_16,s4.627737990,s-6.573786763,s74.491279060
126_17,s0.023454609,s-1.899826386,s246.731599753
126_18,s1.371693307,s-5.570795849,s102.694893776
126_19,s1.632289079,s-3.600494498,s57.752788094
126_20,s5.744871858,s-5.358211253,s287.452497554
126_21,s4.972897047,s-0.517258176,s324.889788782
126_22,s0.781229791,s1.532927315,s333.611683585
126_23,s6.461453741,s-5.688827174,s86.621676189
126_24,s-6.584584211,s0.519916316,s264.259287251
126_25,s-3.492524417,s-2.548305591,s185.355511159
126_26,s-5.054840027,s-3.034520360,s178.391340500
126_27,s-6.505242987,s3.698502178,s203.761665742
126_28,s-2.668683636,s-2.079611166,s64.885635907
126_29,s-2.858176022,s-1.157930735,s167.589982373
126_30,s4.054646839,s0.356554920,s285.554488568
126_31,s-1.503102246,s-0.948507526,s277.716309617
126_32,s1.025136388,s-1.239739966,s61.838545869
126_33,s2.548371648,s-4.329560447,s181.155343499
126_34,s5.316488815,s3.212952807,s181.246240534
126_35,s3.867669597,s-3.303385684,s51.707612874
126_36,s-1.732463896,s-0.539729537,s352.885221069
126_37,s-1.312060890,s3.128956019,s317.581906117
126_38,s-4.680974408,s-4.684627119,s250.345250060
126_39,s-2.564036142,s-0.365452770,s194.543031547
126_40,s1.743711460,s-0.524126494,s186.418893986
126_41,s-2.752375245,s3.930160781,s309.967918389
126_42,s-1.010297716,s-6.464692262,s48.556712077
126_43,s0.769794701,s-0.337503399,s349.443846239
126_44,s2.834393319,s-0.159292514,s39.162668009
126_45,s5.212306597,s4.108165731,s190.816490738
126_46,s-1.038239643,s0.053394909,s147.125696041
126_47,s2.996065258,s-5.844413727,s31.650608152
126_48,s-4.996104638,s2.767227734,s263.474237547
126_49,s-4.730208824,s0.909166298,s194.317084671
126_50,s-0.282241276,s2.972550097,s19.132116350
126_51,s-0.069833534,s6.370884004,s123.200489143
126_52,s-3.492288108,s-0.683309610,s88.897927817
126_53,s3.319113929,s-0.250952881,s70.348710898
126_54,s1.757448691,s1.619940740,s78.751385030
126_55,s-0.256470312,s2.060383799,s185.864270701
126_56,s-2.942513552,s3.189468686,s3.999742634
126_57,s3.130558028,s6.152822575,s26.103454635
126_58,s6.624124105,s-0.705881867,s67.829568833
126_59,s4.478508480,s-2.340079350,s227.949717641
126_60,s-6.444007907,s-2.128785202,s181.876609247
126_61,s-1.137616454,s2.166208294,s355.060836654
126_62,s-2.827776790,s-0.076781547,s216.009494099
126_63,s-6.499172207,s6.453403064,s269.151377738
126_64,s4.403303534,s1.034865230,s202.028337077
126_65,s4.263922309,s-1.160078880,s333.661829567
126_66,s-0.848639485,s-5.373375438,s72.923913437
126_67,s-2.163928716,s3.619351974,s96.020812026
126_68,s2.486355868,s2.509842095,s88.969219816
126_69,s3.483929576,s4.021926887,s195.251581223
126_70,s3.439635938,s3.885895176,s200.589042225
126_71,s6.456227813,s-2.826218316,s356.052665848
126_72,s-1.841597414,s3.277334020,s264.430650215
126_73,s-2.484425250,s1.916930547,s356.176644125
126_74,s-2.637365673,s5.223465645,s84.660071225
126_75,s-4.536317445,s-0.517127080,s255.158517842
126_76,s-0.507173150,s1.212042438,s301.381524809
126_77,s-2.905161771,s5.923719978,s21.349583879
126_78,s0.312606735,s2.499887531,s102.250689360
126_79,s5.982878578,s5.621441110,s26.080765937
126_80,s0.676533317,s0.941577916,s81.739610601
126_81,s6.429261010,s-1.473721372,s10.451894141
126_82,s4.693398299,s-5.462633010,s277.691857784
126_83,s5.673988617,s2.734182552,s353.635374536
126_84,s-5.347581923,s-1.754370157,s188.820804378
126_85,s-6.131351522,s4.028956660,s342.275241918
126_86,s-5.273724650,s6.513963271,s97.498407951
126_87,s-5.626590594,s5.122460449,s155.369927629
126_88,s-0.444802626,s6.521189859,s164.534938201
126_89,s-0.612709439,s4.310560771,s227.636435678
126_90,s2.247848491,s1.054796051,s237.030426719
126_91,s-0.304875182,s0.312554560,s169.804497705
126_92,s2.556692710,s5.115583236,s238.579476995
126_93,s2.350231223,s5.991886890,s330.035369246
126_94,s4.997915495,s5.469764389,s17.864380652
126_95,s6.441134186,s5.067479107,s283.486772513
126_96,s-4.826496800,s5.939750180,s93.635122024
126_97,s-0.208408324,s-1.367388816,s18.811143176
126_98,s-1.014789416,s6.299314185,s131.920746590
126_99,s4.613365516,s5.265315184,s328.793386399
126_100,s-2.358534403,s5.096319221,s162.638294664
126_101,s-3.613468471,s6.485622652,s284.029265736
126_102,s1.321885246,s5.370640893,s91.613625356
126_103,s4.439441113,s6.439046284,s279.984756537
126_104,s-5.071342372,s-2.245088027,s318.380467903
126_105,s6.120796073,s0.441027950,s83.866291654
126_106,s4.795963508,s2.319204661,s326.593544000
126_107,s2.601616584,s1.868520913,s221.195178303
126_108,s-2.432013570,s2.207882340,s31.095242654
126_109,s-4.361014470,s2.910378638,s298.155984218
126_110,s-4.102771493,s5.191861700,s284.900529241
126_111,s-4.508357323,s3.853776399,s34.504490837
126_112,s0.532204959,s3.011865685,s287.978028197
126_113,s0.295101459,s4.792108926,s84.337821302
126_114,s1.173496581,s6.435875666,s122.068614934
126_115,s-0.285890175,s3.897020823,s162.891857803
126_116,s-2.068074120,s5.481446829,s349.380407866
126_117,s4.606220507,s2.643115995,s115.278967157
126_118,s6.650759321,s3.113963334,s106.719148434
126_119,s5.131108119,s0.964911560,s273.102116307
126_120,s-4.891503463,s3.780817781,s40.246162308
126_121,s-5.173201904,s4.809961535,s206.769015196
126_122,s-3.715686337,s2.582031526,s216.420373488
126_123,s6.602176656,s6.250415308,s341.293539912
126_124,s-4.439599041,s4.963172055,s47.197320136
126_125,s-2.768496021,s6.449939543,s159.080930048
127_0,s-5.903406791,s-3.350683263,s101.692901494
127_1,s-4.541882335,s-3.889432783,s307.192121992
127_2,s-4.275498665,s-2.323476419,s274.729789500
127_3,s-1.717190613,s-5.137351260,s291.440345005
127_4,s-6.015033615,s-1.916045511,s243.288425065
127_5,s-0.118177811,s-4.634174904,s109.973010344
127_6,s-0.247350615,s-5.902699519,s123.849701152
127_7,s-1.670338095,s-4.544184754,s141.944223184
127_8,s-0.954474428,s-4.950963234,s269.470145605
127_9,s2.969345215,s-5.669291757,s216.811735870
127_10,s6.033318830,s-5.642255566,s355.950005188
127_11,s2.756017213,s-2.673292361,s120.303872116
127_12,s-5.180487766,s-1.486110525,s2.711303840
127_13,s-3.372643900,s0.267948355,s182.589543264
127_14,s-5.206096973,s-6.096321551,s217.923864787
127_15,s-3.472082946,s-2.780844877,s256.179927123
127_16,s-5.997409467,s0.162077865,s356.634051656
127_17,s5.275192185,s-1.058497792,s129.698036332
127_18,s0.266217598,s-6.288264946,s340.307435806
127_19,s2.775352729,s-6.221682321,s129.051525310
127_20,s5.830913075,s-3.120195697,s134.708385252
127_21,s5.997903136,s3.642925144,s344.697356897
127_22,s4.388218124,s-6.245899495,s16.753911981
127_23,s2.882095559,s-5.199605629,s264.937485118
127_24,s-4.028225971,s-0.754652822,s68.986252797
127_25,s-6.278256010,s-6.222381648,s328.157029325
127_26,s1.973004780,s-2.195217616,s275.012094355
127_27,s-5.913784821,s4.468977236,s77.741688976
127_28,s0.175817515,s3.270697185,s356.389245555
127_29,s1.784533697,s5.393950817,s338.987304800
127_30,s2.006304244,s0.123072443,s52.461349828
127_31,s-3.622716174,s1.342691902,s224.473361265
127_32,s0.269567658,s-3.028683563,s286.246301439
127_33,s4.641577127,s0.345270612,s134.460999777
127_34,s1.100659838,s3.026794824,s123.612646727
127_35,s4.008499515,s-4.395079397,s150.127533278
127_36,s1.748685253,s-0.225518468,s77.275163538
127_37,s0.458812274,s1.036190119,s139.955207999
127_38,s-3.682517563,s2.162749933,s80.827210892
127_39,s0.207595928,s-0.280235608,s235.751348414
127_40,s1.543936070,s-2.959794438,s1.880596070
127_41,s0.944405093,s-3.429807605,s133.859263062
127_42,s2.411370704,s0.935036257,s260.566538461
127_43,s1.537950855,s-6.138091367,s235.035685697
127_44,s-2.213549460,s-3.039356264,s3.706836724
127_45,s2.999266373,s-0.545643586,s298.597744153
127_46,s0.167540274,s2.920831161,s193.237885457
127_47,s5.651469252,s-4.360009667,s40.255023295
127_48,s-5.090586577,s2.908478599,s282.585065521
127_49,s-5.603905950,s-4.000879895,s349.577935004
127_50,s-1.435264679,s-0.136988928,s38.444992970
127_51,s-3.636818113,s1.575732577,s48.896365071
127_52,s-2.857396674,s-1.199527907,s239.748153011
127_53,s-0.072745012,s-2.622927367,s116.504962529
127_54,s-0.334941599,s-1.671600682,s359.749966278
127_55,s1.922019642,s-4.055435590,s37.661856421
127_56,s5.708268011,s-0.049266154,s85.974698285
127_57,s5.984852130,s-1.250239791,s345.155054857
127_58,s3.656690973,s2.820634420,s245.988196662
127_59,s4.545386891,s-0.518186698,s147.510089481
127_60,s-5.925386799,s4.943025664,s147.955735371
127_61,s-6.218335081,s-1.305416325,s171.149282487
127_62,s3.833774913,s1.720618730,s111.559643509
127_63,s-4.719634281,s1.169061704,s35.515705198
127_64,s-6.044278581,s1.211223929,s153.544870773
127_65,s-1.278789652,s3.133388769,s138.309000376
127_66,s4.673179724,s1.543728091,s69.032669716
127_67,s2.153377822,s5.298701178,s130.899605453
127_68,s4.170992470,s-0.561646056,s349.510833909
127_69,s1.507367625,s3.173232361,s136.964453137
127_70,s0.533563703,s1.905187284,s274.856729225
127_71,s4.517026039,s-1.528781847,s344.018320205
127_72,s-1.275276648,s-3.641572637,s97.676306575
127_73,s-3.241891223,s2.710228203,s358.393878750
127_74,s-0.448526248,s6.012711027,s329.152591919
127_75,s1.811566534,s5.850858316,s173.898944569
127_76,s1.727896386,s4.954765828,s103.796414094
127_77,s-3.719495809,s-0.131171879,s7.829850033
127_78,s2.009288875,s-1.499283008,s43.518013125
127_79,s0.546161263,s4.355842245,s89.449984801
127_80,s-2.934390345,s2.971622296,s18.478089516
127_81,s3.528230436,s4.236875090,s329.532168913
127_82,s5.777059465,s2.180692451,s316.554791476
127_83,s4.924466514,s2.621292184,s317.501820001
127_84,s-1.946680623,s3.028405609,s52.766782409
127_85,s-3.585637983,s4.554517602,s313.390192365
127_86,s-5.889823092,s-0.590116141,s65.896299494
127_87,s-2.137276186,s-0.291496393,s100.290714417
127_88,s2.986000196,s-1.980982987,s101.271640767
127_89,s-3.612022453,s5.331400726,s122.154700913
127_90,s1.291827314,s4.579197951,s128.081025776
127_91,s-3.585026558,s-1.551981339,s304.977918858
127_92,s-0.353831381,s-0.124575794,s207.705778055
127_93,s3.151725122,s-0.145769571,s217.177746295
127_94,s2.848893951,s3.512634221,s283.938692190
127_95,s1.467017204,s-0.818644489,s24.046725773
127_96,s-5.900928452,s3.177313210,s285.098305272
127_97,s-2.351521392,s4.163754377,s249.330416637
127_98,s-1.600971360,s4.204379615,s172.673177947
127_99,s4.634332373,s4.725463415,s139.645426874
127_100,s1.039726182,s5.793308316,s168.570124340
127_101,s-5.550951233,s1.516019664,s321.224961992
127_102,s5.458920208,s5.811370883,s129.784485939
127_103,s4.787441775,s3.975690816,s160.598204237
127_104,s1.159307546,s3.700373380,s280.053315750
127_105,s1.464646874,s2.346198765,s351.182360936
127_106,s0.709492518,s-1.243518688,s25.411599871
127_107,s5.262777376,s4.667281454,s44.405440974
127_108,s-4.708973705,s5.435620209,s253.228974905
127_109,s-1.184811943,s2.558034764,s227.071812716
127_110,s-6.271814551,s6.011663195,s273.526656022
127_111,s-1.866457216,s1.138435755,s348.618085462
127_112,s-2.242397418,s5.677953854,s180.201565698
127_113,s-2.690012965,s5.241358686,s67.540574887
127_114,s5.071595583,s3.192953949,s119.239778620
127_115,s2.864925920,s-4.637865868,s246.625743064
127_116,s5.953854682,s6.047126350,s31.753273826
127_117,s-1.182842639,s5.907625419,s99.299079557
127_118,s2.556252664,s3.533441659,s321.253298920
127_119,s5.827742980,s5.194904543,s324.305354016
127_120,s-1.283331409,s5.304794547,s29.044785385
127_121,s-3.568943995,s5.962328730,s105.851898593
127_122,s-4.884705372,s5.791864359,s345.092666153
127_123,s-2.517279188,s5.912422001,s327.026972334
127_124,s-2.178747305,s1.892472716,s81.244456606
127_125,s-0.124001280,s2.238497076,s354.719444354
127_126,s5.986202733,s0.596186232,s297.541279760
128_0,s-6.508077343,s-2.031610640,s337.959724059
128_1,s4.367486344,s-7.155512145,s260.158242685
128_2,s-3.728552212,s-5.362395741,s12.143390631
128_3,s-6.016665800,s-5.814455499,s315.358918008
128_4,s-3.517094697,s-6.560776944,s64.577453638
128_5,s-2.001079630,s0.111247719,s45.485924345
128_6,s-5.324440732,s0.636858663,s359.164551146
128_7,s-1.595807730,s2.236200047,s168.242006683
128_8,s3.308424569,s-1.783318181,s299.947324384
128_9,s6.718767234,s-6.347294866,s62.946218457
128_10,s6.695066545,s-4.951641098,s90.849845161
128_11,s3.532647671,s-5.609357595,s57.474292788
128_12,s-4.722181809,s-2.987799771,s51.171844543
128_13,s-4.811286409,s-1.408252150,s47.300920835
128_14,s1.466892124,s-3.822976890,s92.587510062
128_15,s1.293703412,s-5.769698528,s121.603627138
128_16,s2.074396992,s-6.886816315,s302.232040408
128_17,s-4.509973373,s0.505765169,s99.064991851
128_18,s-1.348183127,s1.689845218,s188.516229483
128_19,s2.768558033,s2.195521237,s143.468940371
128_20,s-0.975199380,s-4.059395523,s43.542214965
128_21,s5.339349639,s-1.185294353,s316.295820041
128_22,s4.931631039,s-4.342937155,s86.940421144
128_23,s5.713325525,s-6.763965342,s304.172085822
128_24,s-6.145217572,s-2.518513756,s311.204466956
128_25,s-3.697815671,s4.257235723,s99.398808813
128_26,s-3.208337650,s-1.476745114,s128.823709483
128_27,s-2.006103786,s-0.640293797,s38.477603632
128_28,s-2.746717723,s-3.112539081,s153.194511304
128_29,s0.764784346,s5.337892117,s339.291694324
128_30,s0.023319853,s-5.626052196,s35.050710591
128_31,s1.645096808,s-1.072358267,s261.707599787
128_32,s-3.937869896,s-3.542776253,s247.512006972
128_33,s1.488448877,s-4.737796109,s322.255867799
128_34,s2.716223305,s6.536414428,s177.850816809
128_35,s3.980074400,s0.036573125,s93.496183111
128_36,s-6.847598810,s0.908344122,s191.653708474
128_37,s-7.015345851,s-6.973119906,s135.858798974
128_38,s-5.632884121,s3.287739680,s217.042089634
128_39,s-3.367411610,s-0.424542985,s59.747209463
128_40,s-4.098052709,s-0.649691564,s54.119785265
128_41,s-7.114144768,s5.698130018,s312.125482690
128_42,s-6.047451990,s0.363386432,s46.109775778
128_43,s-0.270708124,s-3.126519128,s207.323865391
128_44,s0.256292770,s2.346346200,s217.838640905
128_45,s6.092085794,s-0.156062612,s335.878817326
128_46,s4.515794335,s-6.482982683,s254.289169229
128_47,s6.429524135,s-4.286036650,s258.426643762
128_48,s-6.439256390,s-1.310542630,s318.322906792
128_49,s-3.514606345,s3.109225716,s125.310595697
128_50,s-5.944994483,s5.200600978,s171.485472023
128_51,s-0.335263716,s6.731954179,s122.545712672
128_52,s-1.598862097,s-6.160215783,s188.690096134
128_53,s1.326791318,s3.601334613,s139.786050347
128_54,s0.691593054,s-2.785387779,s40.245265827
128_55,s5.126984007,s1.076508393,s328.218688194
128_56,s-1.553353460,s5.016368156,s128.578639211
128_57,s6.360830453,s2.421918217,s357.822611557
128_58,s4.853500273,s2.762602459,s175.375414032
128_59,s6.678737067,s-2.276006157,s244.594164140
128_60,s-6.331052157,s-0.740653112,s224.611941164
128_61,s-6.767197544,s4.769385489,s197.013234197
128_62,s-6.959221569,s1.430244450,s258.452155114
128_63,s-0.895662297,s2.903909612,s66.134492008
128_64,s-7.085600620,s6.679363435,s260.909815576
128_65,s4.883214209,s-2.699009966,s49.854094538
128_66,s6.473475038,s-3.408003274,s11.187508055
128_67,s1.468380225,s0.014591030,s24.625163901
128_68,s4.198520378,s5.429238015,s257.677921788
128_69,s6.782165287,s-0.398505445,s261.079600755
128_70,s6.806807041,s5.694002137,s154.190840922
128_71,s3.920808138,s2.272114967,s284.979210422
128_72,s-5.555062269,s3.696959032,s66.294570674
128_73,s-2.151474909,s2.342333844,s300.018790037
128_74,s-1.906957641,s5.798095899,s167.890187975
128_75,s-2.560323519,s5.936650778,s186.722201958
128_76,s-4.129915908,s2.243305615,s287.179302053
128_77,s0.106545630,s-1.702560307,s340.761263309
128_78,s1.807763580,s6.717516011,s27.139543457
128_79,s1.743676151,s6.245540156,s140.790292418
128_80,s0.042829309,s-0.869156567,s70.690132899
128_81,s3.465422244,s0.149613654,s116.290128245
128_82,s4.473628368,s4.512466023,s333.279327177
128_83,s6.561347529,s0.673984959,s301.466096200
128_84,s-2.218946003,s6.771191488,s281.183541338
128_85,s-6.663937470,s-5.290545428,s287.466806542
128_86,s2.137372981,s0.925646888,s205.331961048
128_87,s-3.331348888,s1.267781075,s341.788666140
128_88,s-1.039318629,s-0.663448601,s184.639099704
128_89,s6.059394327,s3.102206070,s122.390202592
128_90,s4.465923992,s2.632036944,s341.695631969
128_91,s3.098616727,s-0.770023946,s332.410619870
128_92,s-0.520020597,s5.272347251,s356.141999024
128_93,s5.102722646,s6.781113842,s106.721308178
128_94,s2.120103199,s3.731833600,s47.951406255
128_95,s3.954287812,s-1.585533859,s108.356398166
128_96,s-7.017953055,s4.129759076,s213.521972801
128_97,s0.941761621,s4.240802707,s334.319879802
128_98,s-4.071935288,s5.111402571,s195.786853015
128_99,s3.381537494,s6.622739197,s171.198291213
128_100,s1.964475032,s4.871011615,s44.031999682
128_101,s-1.632807483,s0.586579360,s25.758280111
128_102,s-5.126590211,s4.504105880,s269.084173536
128_103,s-3.403325160,s4.524391055,s4.541114738
128_104,s2.816665833,s3.641805564,s307.624638728
128_105,s4.905226009,s5.329004232,s355.550178910
128_106,s3.862435800,s0.922895936,s296.956998342
128_107,s6.685910859,s3.883412112,s160.021323977
128_108,s-3.846430498,s5.316751199,s223.863765494
128_109,s0.106721558,s6.056186560,s18.966781046
128_110,s-3.403321440,s2.433835310,s321.522535183
128_111,s1.679551099,s1.566497281,s5.169298180
128_112,s-5.262049838,s6.608104620,s80.022786935
128_113,s-0.795485831,s6.068580079,s127.244943433
128_114,s2.635848429,s5.705732621,s232.190335280
128_115,s1.011075395,s5.199355121,s8.418749198
128_116,s0.506948573,s6.736171976,s314.807964558
128_117,s6.098863610,s6.545099606,s33.872672322
128_118,s6.736970812,s6.293352444,s351.066740089
128_119,s6.137128166,s3.647261314,s60.488607380
128_120,s-6.818640575,s6.378029840,s145.819046806
128_121,s-5.532922412,s1.366204401,s229.896049614
128_122,s-3.162000690,s3.150178240,s174.365224042
128_123,s-5.868855641,s6.310555762,s76.165839656
128_124,s-3.081785810,s4.987046125,s80.395647262
128_125,s-3.201671093,s6.753625981,s352.744618514
128_126,s3.545310063,s5.302306828,s36.274737361
128_127,s5.482109479,s-0.911818472,s10.718409144
129_0,s-6.579824056,s-4.655285245,s347.168467072
129_1,s-5.837631710,s-3.652582576,s48.944533652
129_2,s-3.602917656,s-6.321334742,s188.980505901
129_3,s-6.387252970,s-6.909339339,s327.275514768
129_4,s-2.978424533,s-5.740827924,s14.899417494
129_5,s-2.994025903,s-3.866451382,s37.271219718
129_6,s0.802256365,s-3.709940661,s331.618746937
129_7,s0.483909563,s-6.871023871,s30.401344001
129_8,s3.254245237,s-6.445444413,s332.432011396
129_9,s0.008420638,s-2.585665323,s70.551236785
129_10,s4.253673634,s-4.869279550,s110.427458703
129_11,s4.341974159,s-5.857253826,s113.065162896
129_12,s-2.961389244,s-2.340957282,s350.013937892
129_13,s-2.126568701,s-5.561983916,s103.829354425
129_14,s0.457506116,s3.663942435,s248.917910727
129_15,s-3.675127028,s-3.603016506,s260.972394382
129_16,s0.097827459,s-1.639937156,s120.577605306
129_17,s-0.475588808,s-4.360043852,s337.731821974
129_18,s-1.880985560,s-6.537465301,s111.021028960
129_19,s2.703188484,s-0.325896486,s170.623596226
129_20,s4.515423649,s-2.119957995,s97.973716099
129_21,s6.186471504,s-1.582462974,s48.576694525
129_22,s6.265975836,s3.617826157,s131.454986447
129_23,s6.432964710,s-3.747918233,s280.300476918
129_24,s-4.701555126,s-4.228392997,s263.323847542
129_25,s-3.737834324,s-2.994300800,s236.266563893
129_26,s-2.810213568,s-1.659621805,s182.614064688
129_27,s-4.987695710,s1.975380288,s181.942661857
129_28,s-6.425733303,s0.238052891,s83.179368966
129_29,s-2.237304614,s-0.813370910,s157.952907365
129_30,s2.577986905,s-0.641017449,s230.943244338
129_31,s-1.088996752,s-0.319729911,s64.025134657
129_32,s4.318091840,s-0.542719531,s4.795827690
129_33,s-1.130211041,s-6.143528311,s162.980132933
129_34,s5.605529856,s-5.674541226,s94.581965607
129_35,s4.231359651,s6.035759781,s163.456909168
129_36,s-4.701371407,s-0.892592937,s4.396901867
129_37,s-2.949219033,s-0.688847399,s233.296916050
129_38,s-5.143202939,s5.317997813,s16.790432909
129_39,s-5.563107221,s-1.684045035,s76.782464826
129_40,s-2.155018182,s1.067823066,s86.380380845
129_41,s-1.791993545,s6.285179428,s26.380236957
129_42,s2.658940969,s-4.013874763,s250.881022499
129_43,s5.958683671,s-2.652562084,s37.210153672
129_44,s-0.626053214,s-1.177884061,s174.739384405
129_45,s2.438868395,s-2.604159851,s144.874297198
129_46,s5.003116514,s2.291420719,s349.629839199
129_47,s5.234279646,s-3.993984726,s251.746232396
129_48,s-2.455854631,s-2.228494177,s213.148517346
129_49,s-1.396732042,s5.153658108,s90.733170216
129_50,s-3.384238049,s0.153999393,s59.949951622
129_51,s1.693938772,s-0.261433524,s324.207529003
129_52,s-2.818650171,s0.690095012,s167.869446953
129_53,s-0.454794321,s-0.329807224,s75.080330626
129_54,s0.829336480,s-3.109491630,s253.386247693
129_55,s-2.976483768,s3.801707641,s220.091563524
129_56,s3.541131988,s1.770530052,s263.803337615
129_57,s-0.367519452,s-3.296392085,s238.741522991
129_58,s-6.094849501,s-2.316296606,s236.040381143
129_59,s6.389343968,s-0.860368001,s295.762396045
129_60,s-6.830612852,s1.790970571,s332.424094781
129_61,s1.426004445,s1.418993913,s4.583601887
129_62,s1.522428341,s4.700362978,s150.422605347
129_63,s-5.628706177,s-4.897402951,s20.993676794
129_64,s-0.358935712,s2.064030363,s23.313153347
129_65,s-0.630009452,s2.791232638,s117.058277373
129_66,s-1.849569166,s2.478574564,s211.846383546
129_67,s6.357014033,s3.181291911,s119.509282854
129_68,s-0.454686868,s-2.206664516,s123.832733953
129_69,s6.253071928,s2.585219518,s75.714341890
129_70,s5.718934134,s-1.060673902,s100.401009266
129_71,s2.716436903,s-1.274597762,s66.850880048
129_72,s1.022113166,s6.029961142,s119.062099490
129_73,s-6.276810671,s1.916068075,s214.807584538
129_74,s-5.643803014,s-0.035833321,s18.442211562
129_75,s-3.441774561,s1.771624911,s83.450038432
129_76,s-4.095274382,s-3.060518884,s251.392782382
129_77,s1.450454391,s3.578004006,s229.527969470
129_78,s4.830584679,s0.896817760,s192.313074753
129_79,s2.550759613,s4.199694129,s296.425988642
129_80,s3.405524880,s-0.006381521,s110.438762372
129_81,s3.807327237,s6.381089627,s320.793973640
129_82,s-2.181521900,s3.353720716,s58.529128898
129_83,s1.483537367,s2.245420493,s49.018403253
129_84,s-5.843030058,s6.344374896,s312.714899025
129_85,s-3.959193603,s5.563825355,s25.091320661
129_86,s-4.400858821,s5.117989950,s337.987751870
129_87,s-1.812324982,s-2.279770732,s336.213753092
129_88,s-1.831005252,s1.378153441,s314.334976693
129_89,s3.902770329,s4.062869578,s6.918636679
129_90,s-4.354286536,s0.094668516,s330.680391398
129_91,s1.864250528,s5.781257301,s7.636439864
129_92,s1.881939665,s6.346706904,s322.434322058
129_93,s5.001206216,s0.610815366,s72.905252786
129_94,s2.272680739,s-3.451686021,s264.255374139
129_95,s4.293534491,s2.967719742,s187.460455010
129_96,s-4.142176826,s0.765240104,s229.331936671
129_97,s4.328973780,s1.533171903,s296.778275392
129_98,s-3.329201375,s5.251897231,s115.502559344
129_99,s0.726018708,s5.189114594,s164.254549322
129_100,s6.227618731,s0.362737584,s176.223922654
129_101,s-2.985890763,s4.282413599,s133.491037524
129_102,s0.833927044,s3.603623487,s356.507876677
129_103,s-1.809156951,s-4.571262419,s205.082091421
129_104,s-3.200081647,s2.976194980,s238.592011149
129_105,s4.897195764,s3.340160093,s15.692807321
129_106,s0.197398637,s4.860551070,s259.619888427
129_107,s4.527049174,s3.365878314,s146.922173467
129_108,s-3.409865020,s6.320593698,s4.488361688
129_109,s-6.808229490,s3.344528152,s7.777989655
129_110,s-2.549980187,s6.334124150,s90.027890128
129_111,s-1.568259472,s0.850330001,s149.632586861
129_112,s-2.672617265,s5.398700995,s308.042688922
129_113,s-6.589597520,s3.767346030,s20.975935450
129_114,s1.421661411,s5.413326718,s177.095668879
129_115,s6.332728414,s1.611197080,s160.772419483
129_116,s6.233363696,s5.703238294,s202.566153362
129_117,s6.128227316,s4.506600307,s46.502904458
129_118,s4.622481348,s5.520874494,s51.991709508
129_119,s4.658831820,s4.180533996,s306.599426652
129_120,s-6.195983725,s5.020633564,s268.900134437
129_121,s-2.073630892,s5.069711571,s63.484110889
129_122,s-4.283196856,s6.401002380,s294.933468557
129_123,s-1.519890520,s-3.331901051,s257.487746723
129_124,s-3.919523281,s1.962386676,s126.245595098
129_125,s4.286433414,s4.584811419,s88.480630369
129_126,s4.885265041,s6.400927078,s286.005142799
129_127,s-6.852539568,s6.399090089,s256.334105112
129_128,s0.145649261,s2.786993044,s243.616030008
130_0,s-6.236662705,s-5.137644622,s348.039307908
130_1,s0.950035043,s-4.541308634,s303.047695716
130_2,s-2.263118062,s-4.596984037,s182.900939192
130_3,s-5.099470488,s1.024613594,s187.303921584
130_4,s1.306212654,s-5.503302950,s143.245493712
130_5,s0.605580841,s-5.958068023,s346.015183820
130_6,s-1.271702320,s-3.260517390,s248.036205642
130_7,s-3.210474603,s-2.764572497,s209.249707889
130_8,s4.997802132,s-5.547939984,s275.179472082
130_9,s0.840342112,s-3.487245576,s90.030538295
130_10,s4.311072378,s-2.357171491,s190.825156244
130_11,s5.696263828,s-5.807806781,s336.891501686
130_12,s-5.755903270,s-2.115003509,s298.456485623
130_13,s-5.640879297,s-4.331698149,s84.215874385
130_14,s-2.872187272,s-6.577452583,s122.589318214
130_15,s-3.300821744,s2.851011598,s319.886024482
130_16,s4.407355176,s-4.049902147,s140.580171622
130_17,s-1.956308790,s3.740032331,s345.171373997
130_18,s-1.674911147,s0.222765566,s308.510381566
130_19,s3.801436986,s-6.288998606,s287.712432312
130_20,s-2.563569307,s-0.639864734,s305.674643041
130_21,s1.175979031,s4.907928749,s298.794702859
130_22,s5.236016927,s-3.745138422,s85.393887569
130_23,s6.455170905,s-6.234169785,s84.240631494
130_24,s-2.912789240,s-5.342862568,s181.923283306
130_25,s-6.672221507,s1.915355602,s7.773949026
130_26,s-4.879430201,s-6.480006982,s218.298255585
130_27,s-6.438080374,s-3.212451949,s238.307779467
130_28,s-1.099226957,s5.110700888,s218.072695327
130_29,s-1.908147233,s-3.257791931,s251.607982420
130_30,s3.068190984,s-3.096658153,s21.578840641
130_31,s-0.175711406,s-1.877910038,s34.898278076
130_32,s2.363714845,s-4.501823732,s99.714939592
130_33,s3.897080741,s-3.120418955,s124.707342374
130_34,s2.164929653,s-0.295020007,s342.056923771
130_35,s5.623956086,s-4.605176760,s340.398134225
130_36,s-3.000117898,s-1.292873922,s144.205983625
130_37,s-0.628298193,s1.678618232,s280.662583799
130_38,s0.197704948,s4.139075620,s106.931926832
130_39,s-1.412119407,s-5.775843103,s86.792203025
130_40,s-1.116199891,s-2.080191893,s261.386863595
130_41,s-6.577162211,s4.458084823,s118.170649513
130_42,s5.751798908,s-0.385741128,s263.131623327
130_43,s1.022860431,s-2.814825155,s278.190917033
130_44,s1.252367181,s-2.335808958,s342.743096374
130_45,s5.137471763,s1.307385150,s70.511729969
130_46,s2.370200508,s-2.678796415,s222.774576154
130_47,s6.701143923,s-2.426203049,s204.213995565
130_48,s-5.252165990,s2.642242823,s20.236868908
130_49,s-6.384137655,s-0.983527321,s265.128427733
130_50,s-4.439488959,s-4.549763141,s90.496460409
130_51,s3.115548572,s-1.511967500,s281.181405244
130_52,s1.114356449,s-0.064571514,s248.712733930
130_53,s5.368793278,s4.365870884,s178.296197223
130_54,s1.121399099,s-0.904646316,s199.146727999
130_55,s3.381404401,s1.153507400,s156.230510912
130_56,s6.505740214,s-4.962670778,s256.125404987
130_57,s6.203283488,s6.283393202,s329.271391132
130_58,s6.038315662,s-0.330061854,s96.589754654
130_59,s4.010543966,s0.201347926,s194.224630164
130_60,s-3.726518557,s-3.271024653,s25.518323679
130_61,s0.626805658,s5.690643426,s78.579113400
130_62,s-4.500398781,s3.934899970,s244.408579688
130_63,s-0.143396655,s-0.993579681,s338.518442265
130_64,s-0.238117205,s1.476459703,s334.090527573
130_65,s-0.769296667,s0.454732851,s166.799785496
130_66,s0.270301108,s0.494643350,s256.860310370
130_67,s-3.770774717,s-2.120821145,s303.628613466
130_68,s1.281254366,s3.976428889,s162.971435105
130_69,s6.652825065,s4.906091841,s160.481118408
130_70,s4.265408663,s5.250657341,s187.293067806
130_71,s5.838404199,s0.951131390,s125.716452898
130_72,s-6.597123451,s5.146423286,s29.333753276
130_73,s-6.150368673,s-1.489679452,s212.631393920
130_74,s-2.430277949,s0.633161140,s59.553057814
130_75,s-1.753612109,s2.273302967,s5.960318196
130_76,s-2.544968490,s5.418865242,s12.105861743
130_77,s-3.503935766,s3.122086132,s191.941744675
130_78,s4.374024501,s6.442796225,s249.711308253
130_79,s4.581100187,s2.580011039,s308.646718688
130_80,s0.376034859,s1.408243604,s193.685111082
130_81,s5.542082409,s6.719305206,s185.804859066
130_82,s3.272456815,s4.658556206,s185.386552389
130_83,s2.798818357,s2.674009241,s190.001567740
130_84,s-4.132724032,s5.097234191,s350.069801873
130_85,s-0.031611413,s4.962280103,s354.083212552
130_86,s-2.081206308,s4.460780999,s47.705480396
130_87,s-0.007870048,s2.507599086,s59.037803511
130_88,s0.689464753,s-4.041109521,s339.480992919
130_89,s5.114979117,s4.644417991,s94.042124775
130_90,s-6.531218325,s-0.344020261,s111.441802570
130_91,s6.300129628,s2.810695009,s235.459016516
130_92,s1.639085996,s6.501676032,s219.382117118
130_93,s2.717835579,s5.703689919,s62.527182102
130_94,s6.651741848,s-0.389159918,s81.363324710
130_95,s2.705063465,s-0.236447408,s57.885574921
130_96,s-1.688950080,s6.642202648,s174.242132635
130_97,s-3.921761418,s1.331526659,s352.216979285
130_98,s-2.680262043,s-0.181822203,s228.352603159
130_99,s-0.621957252,s4.497740435,s232.615636986
130_100,s-5.956342896,s5.540320073,s129.485449381
130_101,s-2.850828821,s4.612202981,s333.944321685
130_102,s1.741714474,s6.719305206,s138.889938579
130_103,s-1.875733708,s3.375421481,s338.611404836
130_104,s-3.530749148,s6.613381834,s278.195193109
130_105,s3.598455506,s6.469023267,s222.709918154
130_106,s6.315814857,s5.504968711,s352.371386626
130_107,s1.653291050,s1.282956084,s122.126683734
130_108,s3.413861517,s4.148870618,s257.999428553
130_109,s-5.641447170,s3.533718791,s60.415624214
130_110,s-3.928009655,s2.267321382,s264.391644155
130_111,s1.907212164,s2.537237703,s354.429299304
130_112,s3.787041220,s-0.662176504,s332.769204846
130_113,s-3.708671785,s5.389871093,s346.601768774
130_114,s-6.147051299,s1.329619910,s52.166885849
130_115,s-0.949224507,s6.673504770,s280.255624716
130_116,s3.105024867,s6.098408854,s302.195554225
130_117,s2.284699852,s3.569730634,s189.179306155
130_118,s6.380492401,s6.659482592,s109.417508017
130_119,s3.090560726,s6.578262039,s281.826776894
130_120,s-6.385832816,s3.058854423,s28.387774305
130_121,s-6.255322403,s6.301570314,s199.582088982
130_122,s-4.661291447,s5.016032650,s179.650462810
130_123,s-3.721272977,s6.161376407,s149.001364501
130_124,s-2.728808659,s6.304245847,s139.453125206
130_125,s0.894286218,s4.480853346,s303.725620078
130_126,s-0.041268194,s4.033902707,s177.222139638
130_127,s0.643077130,s6.410285567,s29.314311229
130_128,s1.982038953,s5.228576757,s199.229953194
130_129,s6.692666608,s4.189415974,s315.287988745
131_0,s-5.312153099,s-3.324053187,s305.798721773
131_1,s-5.389039515,s-6.597762415,s326.947877741
131_2,s-1.100468101,s-5.927766126,s241.533225906
131_3,s-3.068620655,s-6.622399792,s19.997321426
131_4,s-5.508290111,s-5.631127075,s301.162178483
131_5,s1.185017819,s-6.164613224,s355.160725521
131_6,s-6.375884528,s-2.107989902,s87.199360603
131_7,s5.132143549,s-5.675484498,s237.736465718
131_8,s0.109289584,s-4.555578799,s280.275861664
131_9,s0.705601225,s-2.436857739,s359.492376304
131_10,s6.359240521,s-6.094714948,s14.815894836
131_11,s3.310013612,s-2.168299819,s254.207109442
131_12,s-3.299711798,s-0.106838127,s157.969555228
131_13,s-6.323865799,s0.233101361,s22.387792518
131_14,s-2.076053342,s-1.024565513,s338.170783827
131_15,s-1.294382412,s-3.035098417,s174.356345301
131_16,s-4.145437014,s1.610034820,s88.091135455
131_17,s-5.146848254,s-4.338167724,s292.720939879
131_18,s-2.168812219,s3.581652195,s236.846405771
131_19,s-0.215732238,s-2.018513155,s44.322547911
131_20,s1.976921690,s1.899509694,s16.448598044
131_21,s5.993059204,s-5.295890374,s132.869891037
131_22,s4.091642543,s-3.068538207,s0.447558775
131_23,s-0.377506294,s-0.400332019,s196.999064862
131_24,s-6.331460439,s-0.709775732,s96.542398483
131_25,s-5.977781619,s-5.586891814,s317.650126668
131_26,s-6.110924186,s-1.512397556,s195.273319352
131_27,s-4.014281163,s-1.100463509,s11.885755519
131_28,s-2.567587287,s-4.711372996,s262.000859874
131_29,s-2.034613739,s-6.363242138,s139.724634592
131_30,s2.986118507,s-0.107455992,s332.105503004
131_31,s0.971863932,s-4.088530171,s79.039764933
131_32,s-0.920533743,s0.979798533,s277.715202703
131_33,s2.610015603,s2.088305036,s336.047027167
131_34,s5.560113758,s2.165697263,s258.617521847
131_35,s3.109615919,s-1.335285597,s110.225440083
131_36,s-4.473585640,s1.146717746,s223.562305415
131_37,s1.899074616,s-0.552311512,s10.204200315
131_38,s1.840812404,s-6.429071363,s108.292457070
131_39,s-4.276276587,s4.584122823,s190.791376611
131_40,s-4.847792029,s-2.532258898,s51.946409373
131_41,s3.296604291,s3.720349687,s212.164499475
131_42,s-0.561133308,s5.734855030,s272.577246684
131_43,s6.449795209,s-4.474362058,s26.403565461
131_44,s5.758449653,s-1.145921111,s97.859425073
131_45,s5.198121224,s-4.505330723,s62.376164996
131_46,s3.635097505,s-6.131773387,s92.756593497
131_47,s6.329416311,s0.888970914,s20.127794093
131_48,s-3.990800361,s3.590908607,s40.490799643
131_49,s-5.808400308,s-0.714589352,s125.242800867
131_50,s-1.624113688,s-1.548865978,s147.111040294
131_51,s-4.666799150,s-2.021440518,s71.626270104
131_52,s1.006699648,s-0.427110939,s82.876331036
131_53,s-4.696356992,s0.716990389,s82.301369268
131_54,s5.805139296,s4.453420839,s27.936541865
131_55,s4.616526636,s1.901151998,s162.598933939
131_56,s2.090019698,s-2.885233098,s104.988066552
131_57,s6.087214405,s-3.594565480,s293.171531317
131_58,s0.478118447,s-4.147333103,s304.465908969
131_59,s4.289796131,s4.406733100,s15.860321922
131_60,s-3.340951840,s3.828520690,s186.850513118
131_61,s-6.391414794,s1.360457993,s97.216855205
131_62,s-3.276112083,s-0.684609080,s263.209161167
131_63,s2.495073402,s2.858742333,s15.719413846
131_64,s-1.548049697,s-0.746187592,s359.949460692
131_65,s-0.629757466,s3.064808345,s319.194240673
131_66,s-5.812180274,s6.177951571,s325.885051284
131_67,s0.754779462,s1.822332621,s101.114279316
131_68,s-2.258902511,s4.280157041,s341.124578371
131_69,s3.205924639,s1.061665900,s48.628291373
131_70,s2.095416571,s5.883514275,s112.067208593
131_71,s6.368132187,s4.634759489,s61.789140071
131_72,s-6.334638256,s0.655329390,s279.700881571
131_73,s-2.921351217,s0.892242206,s39.750993445
131_74,s-6.419849319,s4.401150767,s45.425392991
131_75,s-3.254165901,s5.655954388,s310.034721191
131_76,s-0.212194227,s3.265029714,s9.608757340
131_77,s-6.204829348,s5.227266951,s96.491546291
131_78,s-5.680735948,s3.169122690,s118.293152531
131_79,s1.257005355,s5.940085311,s268.195808550
131_80,s1.065355814,s5.515645568,s16.532928384
131_81,s3.760154146,s0.125253850,s212.233646197
131_82,s2.386839770,s0.576406664,s228.235533114
131_83,s6.417337665,s3.342482872,s286.326740183
131_84,s-3.440815090,s2.768877072,s46.382748254
131_85,s-3.991903305,s4.116811720,s219.634646066
131_86,s0.242014140,s5.640492348,s41.013687421
131_87,s-2.182273652,s2.315514563,s342.734712050
131_88,s-2.662701730,s4.391796555,s133.167514275
131_89,s-0.662823838,s1.654596267,s100.464840329
131_90,s-0.792622700,s4.987679510,s10.148708032
131_91,s0.487872582,s-1.696801921,s4.341500835
131_92,s0.795630838,s2.946004105,s33.753260442
131_93,s-3.698824719,s5.652447677,s65.428088907
131_94,s2.414452560,s0.949719004,s237.441676043
131_95,s1.070643974,s4.405767016,s182.601013986
131_96,s-5.189837888,s0.703333591,s147.964713903
131_97,s-1.593121495,s2.878400947,s31.265259310
131_98,s-3.414882211,s1.911550525,s176.320234256
131_99,s-0.672213191,s-1.190805713,s32.585161762
131_100,s-6.126688650,s2.062794736,s262.892702332
131_101,s-2.513875250,s-0.817493238,s114.492606824
131_102,s1.237852327,s-2.242462727,s12.090961049
131_103,s2.582525224,s-2.984035629,s108.468247620
131_104,s5.763892598,s1.222978168,s41.462685875
131_105,s3.421014577,s-3.931695471,s303.368034170
131_106,s4.163374316,s4.854969590,s4.527820100
131_107,s2.081124451,s1.205271432,s209.729546052
131_108,s-6.464441614,s6.126146306,s354.667135653
131_109,s0.307382007,s4.489292637,s342.764863474
131_110,s1.685278130,s2.352060847,s244.375019581
131_111,s1.890966843,s4.929919333,s297.585606401
131_112,s-1.392623049,s5.311815376,s178.683184363
131_113,s-0.760668259,s0.923608824,s99.169499844
131_114,s-1.361927497,s6.120186788,s176.736486784
131_115,s0.763620815,s6.177951571,s354.020680126
131_116,s3.356866599,s3.267966232,s174.943814987
131_117,s5.146605142,s4.800354394,s353.479701105
131_118,s-2.948216984,s1.582291425,s18.201255218
131_119,s4.677171112,s6.115273957,s190.429350225
131_120,s-6.078014815,s3.196784089,s339.689065708
131_121,s-5.094652010,s4.155940565,s146.350219644
131_122,s-1.231998360,s0.767131139,s76.228648514
131_123,s-4.596686695,s6.146790415,s228.852401277
131_124,s-2.287891168,s6.015057473,s228.237311664
131_125,s-0.969507948,s2.775975329,s316.757146406
131_126,s6.372916999,s5.364295930,s345.457252525
131_127,s5.458579066,s5.778497686,s262.887891480
131_128,s4.679992769,s4.121214599,s76.375838021
131_129,s6.121216973,s-2.576165262,s180.309375189
131_130,s3.618919078,s5.978428593,s295.707874761
132_0,s-5.265011983,s-3.636670651,s221.660967776
132_1,s-5.315034016,s-6.711371884,s9.508551478
132_2,s-4.350186361,s-4.556347835,s298.333326823
132_3,s3.356799558,s-0.503248582,s242.263444903
132_4,s-4.728145413,s-1.175110118,s288.740052752
132_5,s0.256968915,s-2.624936540,s314.578792458
132_6,s2.650417029,s-6.983981059,s92.878702571
132_7,s1.222998584,s-0.762917939,s28.521818728
132_8,s0.065471813,s-3.675716244,s283.552679460
132_9,s-4.641684171,s-5.129562500,s31.261450473
132_10,s5.483174233,s-4.459858749,s256.056939346
132_11,s-2.076027544,s-0.409477804,s93.063668032
132_12,s2.487642019,s-5.936199416,s233.697701146
132_13,s-2.932301452,s-1.730320804,s328.856806043
132_14,s-4.470117031,s-1.931712517,s22.312299837
132_15,s-6.857704699,s-3.238020252,s66.732405941
132_16,s-0.279975155,s-0.474254353,s311.785429042
132_17,s-0.970811550,s-6.124260640,s158.100293705
132_18,s-6.703445392,s-6.584068921,s218.674903430
132_19,s-3.894313776,s4.523605379,s41.940606772
132_20,s3.534926497,s0.495322377,s119.578556754
132_21,s5.354753710,s-2.977954121,s120.358513667
132_22,s6.901432554,s-0.927377397,s147.928618406
132_23,s5.994993755,s-4.107344314,s3.442088392
132_24,s4.939745410,s-2.218468353,s65.767670796
132_25,s3.518800656,s2.598469139,s103.908677596
132_26,s-1.128599837,s-2.958642526,s20.669590440
132_27,s-2.283014405,s-3.130409227,s54.663186315
132_28,s-6.864556909,s-2.684837714,s87.015596711
132_29,s2.517312855,s-3.033784893,s282.452060769
132_30,s-2.640516215,s0.784681805,s236.652732781
132_31,s-3.302463089,s-3.118979205,s317.041622864
132_32,s1.185129453,s1.149680361,s256.058124463
132_33,s5.105234294,s-0.450500103,s2.065518453
132_34,s1.473590595,s-2.931444318,s232.186749022
132_35,s7.011588070,s-1.322125478,s208.837862864
132_36,s5.977505340,s-1.702632006,s157.848255017
132_37,s6.656330499,s-6.918982073,s86.010589205
132_38,s3.287951619,s3.544819151,s37.444065453
132_39,s-2.863619791,s3.727277810,s104.852490450
132_40,s-6.256733674,s-4.505428315,s141.841920435
132_41,s2.610072257,s1.898477739,s10.801075212
132_42,s-3.889972842,s-6.914277319,s246.612755298
132_43,s-5.637652575,s7.022912995,s107.741459205
132_44,s3.944484559,s-7.018655277,s145.538807528
132_45,s-2.386556996,s2.882552264,s212.551816269
132_46,s-2.322839455,s2.474915133,s223.432318186
132_47,s-1.194326377,s4.262536180,s328.925044875
132_48,s6.968232691,s-4.717912450,s240.348316476
132_49,s3.222747513,s5.134479622,s320.347590196
132_50,s1.243834392,s-5.272943921,s170.477977907
132_51,s6.913219059,s6.168626110,s322.096631135
132_52,s-5.495450342,s-1.376385666,s248.353707040
132_53,s-5.424020014,s4.545327042,s277.764613386
132_54,s-3.931440141,s1.154964563,s285.958624429
132_55,s-4.818648824,s3.027303400,s90.931003103
132_56,s-1.871906473,s0.469003067,s39.547506055
132_57,s2.179047591,s3.190500284,s65.670507772
132_58,s0.926324845,s4.922123837,s146.713618411
132_59,s-0.944527066,s1.342929896,s295.299103604
132_60,s5.299205479,s3.128838820,s25.536966269
132_61,s6.379974708,s0.269401732,s155.589764914
132_62,s4.090211965,s-0.804561493,s5.876918564
132_63,s3.910398181,s-4.507258888,s219.381615361
132_64,s4.027971743,s-3.104911472,s126.158115654
132_65,s-4.801292699,s1.651092119,s153.131187823
132_66,s-4.820339201,s0.007164348,s333.671070306
132_67,s-4.322797216,s2.004118504,s110.604038907
132_68,s3.490743117,s-1.209555206,s179.831588854
132_69,s-5.513687657,s0.212517014,s97.665675334
132_70,s-0.857694112,s3.048589218,s131.463350506
132_71,s-0.182085308,s2.334376713,s336.806536768
132_72,s-1.005320393,s6.470712288,s61.210783305
132_73,s6.982633740,s1.433945709,s167.152909212
132_74,s2.828054204,s4.413290432,s54.975503346
132_75,s6.413027185,s2.488837513,s60.095987805
132_76,s6.035923571,s3.398885896,s302.768945342
132_77,s3.789257781,s4.621756699,s83.333382360
132_78,s-3.829975214,s6.580130505,s138.415487222
132_79,s-4.169141792,s5.534318122,s359.877486855
132_80,s-6.046924587,s4.328090046,s118.246927789
132_81,s-3.619181964,s2.588655689,s72.936208024
132_82,s-2.329822661,s7.022912995,s174.905630365
132_83,s-0.168548914,s7.022912995,s170.475581685
132_84,s-6.284566271,s6.991766179,s55.646099311
132_85,s6.190651393,s2.535814569,s203.502680667
132_86,s-0.789715579,s0.914142718,s331.177028677
132_87,s2.463830404,s0.883997913,s311.490856557
132_88,s6.024498068,s6.637768536,s77.800012275
132_89,s6.891817223,s3.952160648,s303.971097655
132_90,s5.069727738,s4.590818332,s100.173640052
132_91,s-6.403553034,s3.959316855,s353.085963190
132_92,s1.852199196,s4.094643191,s199.511111978
132_93,s-6.980082312,s2.604606544,s39.811483624
132_94,s-6.965160560,s-1.919947380,s321.416979684
132_95,s-0.380419602,s3.060798445,s346.458187807
132_96,s-1.802048840,s4.965399859,s75.607742647
132_97,s2.872290134,s2.087574464,s259.124329160
132_98,s2.999181262,s6.879117247,s357.351949660
132_99,s0.063010945,s6.524592549,s159.436016944
132_100,s2.294399567,s6.992292799,s311.470302852
132_101,s2.954201050,s6.532113162,s68.901032432
132_102,s4.523274998,s6.145491512,s17.954543220
132_103,s6.916478473,s1.680501113,s7.289777840
132_104,s-6.963691413,s6.951978697,s168.195370957
132_105,s-7.024371914,s3.163967690,s267.695094251
132_106,s-6.913666519,s6.077082634,s284.967739867
132_107,s-4.104872079,s2.841351976,s264.363969005
132_108,s-3.151959483,s6.911050692,s166.251413559
132_109,s-0.768343566,s5.978262163,s324.671862440
132_110,s2.693840614,s3.508323596,s76.439486113
132_111,s-0.598897164,s7.022912995,s301.962176017
132_112,s4.347082635,s1.532650228,s308.131648692
132_113,s-1.226186272,s4.050647420,s311.391598557
132_114,s1.109318679,s2.183263233,s81.168196102
132_115,s-0.198680935,s3.770961860,s155.262838448
132_116,s6.397141491,s7.008387215,s115.720168423
132_117,s-2.331714300,s3.561602018,s103.713430454
132_118,s-6.854351793,s5.056971138,s329.338342903
132_119,s-4.502253039,s6.774030698,s145.931744789
132_120,s-5.303050264,s6.742572854,s299.049657872
132_121,s-2.464417418,s6.143230828,s232.631068306
132_122,s-4.689450721,s3.800741432,s109.053513321
132_123,s5.489083833,s1.081736281,s23.419485973
132_124,s-2.380344293,s4.592206367,s79.101247521
132_125,s0.610712001,s6.894003708,s99.652221602
132_126,s2.079770961,s6.495419434,s261.769745454
132_127,s1.007630002,s5.784724304,s283.517413087
132_128,s4.278744438,s6.967719018,s113.321049951
132_129,s4.918868721,s6.718319069,s251.496994487
132_130,s-7.047912504,s4.668265311,s28.161261814
132_131,s-3.448651581,s0.379281108,s178.406940799
133_0,s-2.225760147,s-5.699311598,s128.843250710
133_1,s-7.061589832,s-6.495119168,s190.216184722
133_2,s-7.053200578,s-3.095731935,s49.540361817
133_3,s0.186104723,s-6.249633512,s265.181644030
133_4,s-2.124403896,s-3.392934676,s30.282007538
133_5,s2.605417756,s-3.658866918,s28.335921237
133_6,s-3.437129912,s-6.688681847,s190.205059473
133_7,s-0.091888246,s-4.845880472,s38.578170827
133_8,s-3.097781327,s-5.251054965,s259.009048282
133_9,s-0.442174748,s-2.187375663,s138.729563365
133_10,s5.527024849,s-3.914900160,s214.654359889
133_11,s6.847666678,s-6.866397929,s189.238728679
133_12,s6.873498837,s-1.295010689,s299.150836567
133_13,s-5.616731651,s-0.375695491,s141.102538175
133_14,s-3.713132664,s-0.464781012,s255.731003980
133_15,s1.164984974,s-2.686891487,s104.997248327
133_16,s-5.330454037,s3.813122762,s50.098305538
133_17,s-5.057675250,s-3.212252693,s18.588560886
133_18,s-2.061506425,s3.784250552,s39.803418465
133_19,s-1.909798010,s0.360220004,s75.162469038
133_20,s5.324982687,s1.179946946,s29.972027393
133_21,s2.644562413,s6.091997671,s294.184751896
133_22,s-0.947953299,s1.597443080,s11.789709240
133_23,s2.491565889,s-6.379168713,s131.884721747
133_24,s6.227412454,s-3.014903593,s275.953150697
133_25,s5.931842849,s-0.354072188,s170.609881600
133_26,s-7.102185131,s-4.013331010,s56.522216713
133_27,s1.631960789,s-1.725115477,s49.555237783
133_28,s-6.744369768,s3.924379391,s256.596065007
133_29,s-0.847571588,s-6.247070001,s142.914203863
133_30,s-2.404503967,s2.972921384,s26.474613491
133_31,s-0.994714550,s-7.122684887,s63.113929501
133_32,s-6.369925729,s6.785837425,s191.534450906
133_33,s5.605451884,s-6.984869895,s353.007891239
133_34,s6.545810814,s-0.745930576,s113.033216506
133_35,s4.682758305,s-5.749329760,s186.302812714
133_36,s2.910799256,s-5.678584172,s338.484896381
133_37,s6.797175922,s2.465523414,s298.818944158
133_38,s6.995013558,s-4.975442597,s281.569008913
133_39,s-5.468032431,s-4.912243992,s44.249147113
133_40,s-1.423501836,s-4.429616875,s312.812380711
133_41,s0.230403174,s2.280831676,s131.344109044
133_42,s0.171802204,s-3.688457087,s336.564382473
133_43,s-4.489931004,s5.495592217,s58.465039360
133_44,s-6.293067493,s-1.616389277,s201.717810416
133_45,s-1.495532226,s0.860723012,s258.819636828
133_46,s2.286668553,s4.845341463,s334.394815545
133_47,s1.265658345,s-5.578194610,s252.100889667
133_48,s6.147056545,s-4.272827504,s7.412332651
133_49,s0.798744735,s1.380112201,s9.480491868
133_50,s6.526326607,s0.929591667,s5.894041377
133_51,s3.914624027,s5.775229383,s325.967577304
133_52,s-5.926688851,s-1.762604452,s200.464494099
133_53,s-3.074160360,s-1.020369427,s114.694811668
133_54,s-4.841999058,s5.080518423,s114.681348399
133_55,s-3.494248370,s-3.797197572,s341.353812649
133_56,s-5.367136806,s6.672339316,s209.012889477
133_57,s2.434365535,s3.249437659,s345.032715574
133_58,s-2.004614402,s-2.574647494,s79.828963074
133_59,s0.279868160,s6.468036747,s180.644228168
133_60,s6.867129403,s-1.998804416,s262.450041392
133_61,s3.958717999,s-1.575611554,s237.565147754
133_62,s3.435123905,s-6.820348431,s53.783846295
133_63,s3.752513076,s2.245817992,s23.283501786
133_64,s1.991842909,s-1.935012027,s301.777981539
133_65,s-7.085167880,s-2.253238302,s319.412209033
133_66,s-7.043434930,s0.258363302,s185.002697445
133_67,s3.126725112,s-0.109138462,s325.901587928
133_68,s4.137256714,s-2.700369611,s298.436831311
133_69,s-1.673749898,s1.129382206,s250.583842428
133_70,s-2.225151458,s6.261440319,s34.186713696
133_71,s2.166845122,s4.123186179,s185.627217821
133_72,s3.483113896,s0.512914849,s232.962025103
133_73,s2.096993091,s-0.798017394,s99.555140807
133_74,s6.890681472,s-0.862256319,s228.965587251
133_75,s6.237828763,s1.759873874,s233.840580694
133_76,s4.327334241,s4.175472467,s24.729366278
133_77,s2.827621059,s2.179604041,s330.077670923
133_78,s-2.455142485,s5.074544841,s257.489980822
133_79,s-5.046514424,s2.288525339,s239.142808060
133_80,s-5.118417221,s0.673928736,s333.932994932
133_81,s-0.646698640,s5.295458718,s157.414689496
133_82,s-2.973860716,s3.418424783,s151.623913655
133_83,s6.790257486,s5.590468935,s42.173503855
133_84,s0.520436547,s0.271716288,s332.142677519
133_85,s-0.899978219,s6.875472148,s221.856987282
133_86,s4.598427228,s-1.551695064,s168.126781435
133_87,s2.596776946,s4.995438805,s78.335661626
133_88,s3.371772700,s5.235799583,s63.411242840
133_89,s-4.750867142,s-1.292758267,s98.419019162
133_90,s3.852705943,s6.713295754,s332.538162047
133_91,s-7.024634233,s1.300186804,s167.526314700
133_92,s-0.213248167,s0.329769004,s326.259051657
133_93,s-3.318866871,s6.953555058,s169.478564050
133_94,s-1.391204384,s5.848232830,s341.450099018
133_95,s-4.808430724,s4.993885454,s198.932282801
133_96,s0.080486263,s0.763856717,s250.164180704
133_97,s4.359259905,s6.006228779,s63.215754643
133_98,s1.448807076,s3.402984025,s163.549547281
133_99,s6.129671300,s6.250255016,s105.701776780
133_100,s1.723740314,s5.979161016,s309.590639073
133_101,s-0.009475360,s-0.624695686,s96.707157550
133_102,s2.587419918,s1.130234577,s188.985694811
133_103,s4.668880729,s6.889931892,s42.857466387
133_104,s-6.888961455,s4.134543159,s193.446425046
133_105,s-6.873381808,s5.171290892,s339.453123478
133_106,s-4.798122424,s-0.123504136,s165.461209023
133_107,s-0.311617684,s6.943964333,s150.902631546
133_108,s2.071612460,s6.991146543,s33.788902378
133_109,s-4.165584978,s4.162638015,s197.401383924
133_110,s-0.012113737,s6.640649194,s215.435595191
133_111,s-3.511080629,s0.791153274,s266.428466015
133_112,s-0.895989778,s3.653063447,s72.130994537
133_113,s1.728030649,s2.489009900,s180.296227577
133_114,s5.744643339,s5.482065781,s139.603103956
133_115,s6.995013558,s3.476661297,s102.947178163
133_116,s4.169469974,s4.617591156,s230.522805735
133_117,s-6.994891476,s6.625904601,s78.474670205
133_118,s-0.487293842,s4.038979505,s148.588973344
133_119,s-3.867325142,s2.857915853,s296.656334132
133_120,s0.669452481,s4.054891103,s15.286852242
133_121,s0.689925823,s3.070487850,s233.006347250
133_122,s1.220954441,s3.857235207,s18.481197218
133_123,s1.160813696,s6.663323056,s144.570170810
133_124,s6.657954980,s6.826461725,s7.124172390
133_125,s1.535643741,s0.137282905,s39.507728929
133_126,s4.418773684,s0.042897540,s335.773184954
133_127,s5.344050473,s2.300954907,s228.059727552
133_128,s3.507267484,s3.116814699,s48.721413086
133_129,s6.825781731,s4.517763251,s180.611611552
133_130,s-2.117352344,s6.957931317,s255.402855647
133_131,s0.612247034,s5.686882632,s21.296561954
133_132,s0.691413957,s0.564609758,s97.809504390
134_0,s-6.558682855,s-4.482749247,s57.813924586
134_1,s-4.802786644,s-4.340958219,s32.246841786
134_2,s-4.055349194,s-3.269686182,s225.757559676
134_3,s-6.028323423,s-7.110337026,s116.222092004
134_4,s1.708044966,s-3.322486283,s41.917352593
134_5,s-3.442640663,s-5.529484283,s188.628406921
134_6,s4.432329492,s0.194826529,s46.340465515
134_7,s6.656793003,s-4.230060084,s259.919634795
134_8,s4.570049088,s-0.686568020,s289.816925613
134_9,s-0.235363071,s-4.477506313,s307.736846327
134_10,s0.567640722,s-3.231921410,s308.903345020
134_11,s5.335979853,s-3.847837677,s16.703589908
134_12,s0.509739329,s-6.825459075,s299.984100263
134_13,s-6.621058968,s5.993981424,s156.498375682
134_14,s-6.386038633,s6.894001685,s48.651523501
134_15,s0.362313712,s-1.985588389,s324.025095697
134_16,s-0.754461483,s-1.899500492,s304.080916445
134_17,s-0.620559325,s-6.005430075,s37.372808093
134_18,s-6.767639054,s-0.903500908,s141.563524785
134_19,s1.829864829,s-0.591373470,s13.666289740
134_20,s1.748582159,s-4.919961306,s158.091742347
134_21,s3.963640584,s1.343486623,s359.283139104
134_22,s2.274091544,s1.635202517,s126.524233459
134_23,s2.893399822,s-6.468099160,s201.719420326
134_24,s1.747987468,s-1.041832015,s267.758814595
134_25,s2.354400456,s-5.053578194,s111.701245099
134_26,s-3.704560418,s-0.188493754,s258.723085493
134_27,s-4.950559962,s-6.631305607,s91.491886659
134_28,s-7.000589062,s2.951142010,s282.190140062
134_29,s-3.050901155,s-7.065688006,s133.122285899
134_30,s-2.633816449,s-2.197337296,s86.907748130
134_31,s-1.946983730,s-6.078622689,s133.907176677
134_32,s2.656596675,s-1.230581975,s136.583056744
134_33,s3.226470236,s0.703766137,s73.187916165
134_34,s4.551871517,s-2.341736753,s123.728348227
134_35,s6.653876290,s-5.909637533,s84.581237406
134_36,s6.416838278,s-7.041327865,s336.601806429
134_37,s6.409853375,s-2.202884757,s9.849192052
134_38,s4.239483580,s-5.365576886,s76.317634511
134_39,s-6.112077203,s1.340850464,s338.747768772
134_40,s-6.142393902,s-0.063740936,s148.872125616
134_41,s0.201384716,s-1.246122981,s99.985618698
134_42,s-1.837807047,s-1.091479176,s102.237617184
134_43,s-5.495970081,s-5.424376034,s225.765222300
134_44,s-6.507592452,s-1.098035315,s212.360685144
134_45,s-2.640874226,s-4.537404629,s249.471805568
134_46,s1.050124272,s2.096430847,s55.259663799
134_47,s3.505656282,s-5.201342698,s281.220365343
134_48,s2.632401819,s1.026548461,s7.721946332
134_49,s4.816255764,s-3.338525963,s290.503112307
134_50,s6.963809718,s-1.380340881,s101.967017641
134_51,s6.945684213,s-0.002657528,s290.634725315
134_52,s-3.197119002,s0.826932290,s32.129006036
134_53,s-6.768585290,s-2.365719338,s93.543237214
134_54,s-0.665947635,s2.578727588,s219.230570423
134_55,s-6.152212923,s2.593328705,s16.543062184
134_56,s-6.923553310,s-1.721041885,s74.474142810
134_57,s-6.159995888,s-6.177508486,s19.443829318
134_58,s-2.343570737,s1.291725058,s314.714671729
134_59,s-0.400462552,s2.299099640,s169.325369399
134_60,s-5.152061853,s-3.102171079,s359.923095346
134_61,s7.027969315,s1.396624616,s322.590315955
134_62,s2.884314605,s2.264132136,s170.888505979
134_63,s-1.885128668,s-2.771630139,s162.730486749
134_64,s5.579625927,s2.756390909,s50.663001990
134_65,s-5.642596340,s-1.177157981,s28.437739500
134_66,s-3.901323952,s3.840589360,s295.118159840
134_67,s-2.283850174,s2.568777984,s297.710479825
134_68,s-2.034878570,s5.576840559,s322.462670696
134_69,s-5.723258273,s5.620091568,s270.622559238
134_70,s0.322099061,s2.963665522,s67.516432863
134_71,s1.808461240,s3.280373733,s186.198997137
134_72,s-1.476734744,s0.416060080,s282.850903200
134_73,s0.663408211,s3.377468428,s239.882865152
134_74,s-0.753254268,s6.805918256,s124.804051542
134_75,s5.091199444,s0.728208221,s283.822238029
134_76,s6.588118596,s5.026326194,s7.504704880
134_77,s6.069866390,s3.919800036,s207.719815895
134_78,s-3.452171265,s2.825473242,s184.259756372
134_79,s-5.964157210,s5.227214741,s305.479296744
134_80,s-2.354495318,s4.137323074,s122.077273833
134_81,s-2.090053070,s6.062796899,s3.151305305
134_82,s1.656329546,s5.636002612,s63.562936733
134_83,s-1.613648039,s3.164650362,s2.541501742
134_84,s-0.332417505,s5.934902504,s12.532755150
134_85,s1.725257062,s1.775172421,s319.037447502
134_86,s4.115247450,s2.310383006,s165.190104210
134_87,s1.940602112,s6.909820705,s87.158911379
134_88,s0.762943433,s0.908984990,s128.398223862
134_89,s1.309039262,s3.972910645,s255.650667243
134_90,s7.024443610,s2.917498319,s35.763142455
134_91,s-3.300368663,s5.661711785,s315.022945458
134_92,s-5.806632207,s4.704175516,s38.112523960
134_93,s-4.309075660,s2.101909100,s95.915178188
134_94,s4.792629140,s6.525005290,s285.413042833
134_95,s-6.012675680,s3.085253381,s59.622215819
134_96,s-0.374581212,s2.319353659,s18.159314754
134_97,s2.218313873,s5.692166242,s219.497584870
134_98,s-4.553451024,s6.705314517,s134.406832353
134_99,s6.696591480,s1.686692258,s248.652325939
134_100,s-1.462894062,s6.706536705,s99.393751412
134_101,s2.077048359,s3.798776917,s268.165278423
134_102,s6.903778247,s1.067053489,s94.033584666
134_103,s0.644396187,s-1.291603337,s261.322995577
134_104,s-0.993213488,s1.148034300,s334.609032662
134_105,s-1.912781006,s4.288508346,s287.985320056
134_106,s-0.824468937,s6.813700823,s58.504372389
134_107,s-4.095166353,s6.673068448,s13.037645552
134_108,s-2.948840465,s6.775631917,s16.621773548
134_109,s-0.965749662,s0.441581032,s221.175429575
134_110,s-5.691125266,s6.870276290,s62.496112291
134_111,s5.521503651,s4.153745573,s99.628208801
134_112,s4.518331849,s-0.636462707,s84.665190924
134_113,s2.588431224,s4.955710601,s125.435599650
134_114,s5.982246876,s5.398717760,s259.418388117
134_115,s6.975613344,s6.473525092,s52.340968774
134_116,s6.030753758,s4.227008290,s153.491299537
134_117,s-6.622665153,s6.740533927,s209.389486940
134_118,s-4.454195792,s4.756923250,s225.176772480
134_119,s-2.545591910,s6.845510384,s343.491936643
134_120,s5.304424913,s3.265007612,s14.240185719
134_121,s-4.012156185,s-2.452836329,s169.333385690
134_122,s0.158859316,s6.876718697,s41.712401703
134_123,s-1.260373973,s4.685973153,s353.780943451
134_124,s3.487263418,s4.098687767,s259.115579397
134_125,s6.992729534,s5.910702064,s228.841878297
134_126,s3.531152786,s1.876845383,s172.232888117
134_127,s7.027969315,s4.877803886,s48.177279032
134_128,s5.212763051,s6.118738851,s142.455257800
134_129,s5.655324104,s6.942162978,s261.545589105
134_130,s-2.870197615,s3.504736735,s357.903981321
134_131,s-4.675303143,s3.579645681,s43.794429365
134_132,s0.262022063,s4.376212788,s47.419657259
134_133,s1.427062079,s6.282041054,s107.950565801
135_0,s-6.188434029,s-3.043376964,s67.131752412
135_1,s-7.048363751,s-7.093100466,s190.667419448
135_2,s-5.512571863,s-5.594876835,s135.618888155
135_3,s-3.757976656,s-6.340950957,s21.368107223
135_4,s-2.001607930,s-0.938461980,s283.609873872
135_5,s-1.750252783,s-7.071922814,s66.189546326
135_6,s-4.285981653,s-5.533012449,s280.733875901
135_7,s-0.618128779,s-3.592668468,s310.453188603
135_8,s5.051532616,s-0.149478858,s174.359844834
135_9,s4.749428658,s-5.542436044,s192.306859652
135_10,s1.541286119,s-4.622471213,s235.779032579
135_11,s5.729000036,s-5.761171422,s299.367210059
135_12,s7.205374774,s-4.916751306,s145.833731786
135_13,s-6.964643928,s-4.094650625,s49.380230948
135_14,s-5.009937072,s-6.649318189,s260.653311564
135_15,s-4.368621872,s4.790103168,s339.149081185
135_16,s0.143336255,s-0.936518632,s105.728161310
135_17,s-5.829910859,s-3.417654400,s116.166454797
135_18,s-5.788677957,s0.087760966,s126.845087266
135_19,s2.585723355,s-6.455347622,s345.982484972
135_20,s4.187367863,s-6.033283260,s33.105776082
135_21,s0.025841254,s-2.988229706,s274.987558270
135_22,s-3.684071997,s-4.413764404,s12.889333273
135_23,s0.368606625,s-5.696452922,s88.743702735
135_24,s5.632105763,s-3.453640368,s173.726334029
135_25,s6.818530754,s-5.236528089,s174.186268133
135_26,s-6.561948869,s-1.712797352,s290.134146479
135_27,s-3.007486783,s-1.064972822,s332.979081796
135_28,s-6.318372532,s-4.849766699,s271.983474126
135_29,s-3.120158067,s-5.118632679,s17.127969132
135_30,s-3.988885907,s-1.746501706,s250.698408172
135_31,s0.946639920,s2.866233100,s300.740292455
135_32,s1.225767441,s-7.106547886,s214.070570128
135_33,s-0.605167450,s3.621385145,s351.619151312
135_34,s-3.623377412,s-6.938452942,s89.527975366
135_35,s6.527456214,s-0.587563273,s245.702978559
135_36,s2.459106763,s-3.327035653,s349.180678634
135_37,s7.400491110,s-7.332004594,s10.076786743
135_38,s7.382203681,s0.427451938,s211.805373288
135_39,s-3.806471656,s4.589988713,s330.447311905
135_40,s-5.310906335,s0.657804635,s283.705118821
135_41,s-7.091482427,s-0.927717133,s334.177930924
135_42,s-5.274116143,s-1.738330651,s135.515173938
135_43,s-3.724309942,s-2.983852760,s24.568231256
135_44,s2.261556291,s6.867240928,s340.942535830
135_45,s-0.054481333,s-1.866512371,s215.399550663
135_46,s6.996927830,s-2.378479249,s142.506683282
135_47,s1.204207250,s-3.303107258,s19.817945863
135_48,s7.371301004,s2.281993942,s352.978323127
135_49,s0.601608609,s2.716283602,s232.020385143
135_50,s5.143660964,s-4.624351413,s302.304557064
135_51,s6.311963760,s3.114972333,s178.423276576
135_52,s-3.321165724,s2.875443050,s59.014987302
135_53,s-5.024188846,s-3.554345022,s305.387535668
135_54,s-0.533691592,s-4.719047413,s338.610781241
135_55,s-5.224752501,s3.171730654,s358.052321759
135_56,s0.101765558,s4.986542832,s160.215283849
135_57,s0.734089326,s-1.074017591,s129.364370067
135_58,s-0.512939167,s2.034637805,s198.188091277
135_59,s1.226387602,s1.227182617,s189.845676191
135_60,s2.691457596,s5.961210011,s43.696642688
135_61,s5.786543633,s-3.330243297,s76.322367354
135_62,s7.027635354,s2.310180729,s74.375811669
135_63,s6.527293521,s1.709697410,s325.236810022
135_64,s4.412607767,s2.041864103,s130.722480652
135_65,s-6.713309865,s3.658286335,s279.780835644
135_66,s-2.420633708,s1.587084133,s147.789896285
135_67,s-1.192874501,s-0.756712871,s352.110474513
135_68,s-4.485216510,s3.862025868,s261.244935932
135_69,s3.751132037,s-3.653286472,s189.111253105
135_70,s1.203004082,s3.580568614,s211.441592793
135_71,s-2.264529976,s2.594800139,s162.262072568
135_72,s5.471637799,s3.237896827,s68.220872057
135_73,s2.204746548,s-2.093468781,s303.008614827
135_74,s3.158664855,s-2.423475547,s253.213666415
135_75,s1.166160126,s-0.184351956,s39.659666743
135_76,s7.385737693,s6.120682753,s130.271073281
135_77,s7.375966745,s3.465588972,s103.710587827
135_78,s-0.536517773,s6.117572910,s54.393510201
135_79,s-2.728099300,s0.122499515,s130.646564220
135_80,s-6.928653213,s1.345486221,s78.989899097
135_81,s-2.893193926,s3.457740908,s70.407951229
135_82,s-0.532699572,s4.993611827,s343.098829207
135_83,s0.267342702,s-0.319452522,s326.482620370
135_84,s3.804187174,s3.107811410,s29.115788212
135_85,s4.665152613,s-2.999350003,s240.291698835
135_86,s-3.427532928,s5.162292740,s352.193581920
135_87,s2.471616783,s5.676779927,s125.199926346
135_88,s6.245136523,s0.205751848,s234.999897189
135_89,s1.676203517,s5.781708378,s154.917775234
135_90,s4.402757419,s4.891886225,s92.112765451
135_91,s-7.091482427,s0.196467659,s164.324249859
135_92,s-4.398738285,s-0.517199904,s143.990864850
135_93,s-7.004607859,s5.303184108,s92.523462886
135_94,s4.410356977,s1.643807382,s170.088595772
135_95,s-3.457837622,s5.944356393,s305.745768919
135_96,s-4.891619998,s5.763814330,s63.513216315
135_97,s1.961622120,s4.978418200,s352.629563908
135_98,s3.964448073,s5.317550909,s107.143612541
135_99,s3.294534546,s6.630753588,s201.258255045
135_100,s4.518454741,s4.030884440,s151.895233049
135_101,s2.777719637,s4.485794077,s10.431714297
135_102,s7.227635049,s7.074290513,s204.915414011
135_103,s3.668238667,s5.836910434,s19.259612835
135_104,s-3.032773298,s2.024149979,s159.759627792
135_105,s-1.927204775,s5.040967669,s2.532034507
135_106,s-4.315787617,s3.474352566,s52.402226678
135_107,s-1.976642373,s0.755648078,s63.628449647
135_108,s-4.744726802,s7.022893237,s73.270992163
135_109,s0.350229512,s1.851486622,s263.649428156
135_110,s4.323552285,s5.023781587,s14.912488038
135_111,s0.412859627,s4.280291889,s194.152589925
135_112,s2.455682679,s3.123644873,s295.415644971
135_113,s6.289955947,s6.428217258,s183.992941148
135_114,s2.966579470,s7.133598997,s152.691463318
135_115,s4.947987692,s6.393290807,s347.761980789
135_116,s3.738439089,s-0.055089678,s165.456779342
135_117,s-7.013647796,s6.962830028,s57.094324252
135_118,s-6.348340702,s6.121448953,s245.594737098
135_119,s-2.653314915,s6.288358514,s249.364255012
135_120,s0.690376133,s5.772092827,s123.032867213
135_121,s-4.160756764,s3.130450522,s301.866746665
135_122,s-1.271593240,s6.927116399,s153.605222785
135_123,s0.421014383,s7.127205221,s131.621701227
135_124,s1.555254765,s4.885299695,s239.847266305
135_125,s-5.258805278,s3.803899867,s263.827850641
135_126,s3.766506457,s3.638778402,s246.516619319
135_127,s5.711068253,s4.391244135,s212.075664404
135_128,s6.645319995,s5.403455248,s344.275373415
135_129,s6.062513972,s7.121898677,s341.212661012
135_130,s-2.535274145,s7.130516418,s44.784107835
135_131,s-3.611309382,s0.833198889,s217.490674267
135_132,s-5.497586014,s5.871241976,s132.380577566
135_133,s2.096978928,s2.678833048,s284.710069216
135_134,s4.337962506,s7.147103829,s270.012601712
136_0,s-6.024780614,s-6.059708342,s22.723423678
136_1,s-4.898366741,s-1.490035297,s342.863478849
136_2,s-6.647380488,s-1.171352487,s42.989737815
136_3,s-3.691817297,s-6.559507479,s330.270703063
136_4,s-1.762193967,s-6.148887068,s316.938831692
136_5,s2.132900862,s-5.886699016,s66.927988641
136_6,s4.464031926,s-3.461701521,s280.486886651
136_7,s3.221957259,s-6.279318351,s280.037255988
136_8,s-3.519112893,s-4.431593084,s43.070027383
136_9,s1.354058830,s0.070675911,s358.021065621
136_10,s1.587182756,s-2.209129978,s327.197848003
136_11,s5.451432829,s-6.285860131,s57.613480299
136_12,s4.138718809,s-7.007993607,s258.253907984
136_13,s-5.122027327,s4.061439651,s227.420804497
136_14,s-2.196991074,s-3.028270091,s235.006271769
136_15,s0.985375910,s-5.158367112,s225.638995477
136_16,s-6.287874870,s-3.218979078,s147.082858576
136_17,s-0.710192016,s-4.566059317,s210.758273880
136_18,s2.150835868,s-4.190805269,s71.659177067
136_19,s0.563271806,s4.805800658,s80.639096557
136_20,s4.129051082,s0.328445223,s126.344234686
136_21,s6.923208085,s0.640773444,s137.646100587
136_22,s2.657905534,s-0.127326907,s344.927314033
136_23,s4.486631416,s0.100397563,s123.683638062
136_24,s6.053393351,s6.089551120,s347.787254042
136_25,s7.304227342,s-6.014635372,s288.721556850
136_26,s-3.107666750,s-0.538693769,s61.340875200
136_27,s-0.531570968,s-2.155301017,s310.404875607
136_28,s-5.907637061,s3.157827388,s348.217777262
136_29,s-1.287944354,s-6.521551471,s320.054101848
136_30,s-0.058683720,s-5.641563005,s278.560779542
136_31,s-4.873288865,s-7.178644645,s210.709297794
136_32,s-4.335127396,s-0.886543232,s143.594418655
136_33,s-1.539545516,s-0.527368120,s30.720509258
136_34,s7.166352781,s-3.045262745,s174.619157949
136_35,s5.162748156,s-1.061003191,s157.646240954
136_36,s6.563016043,s-6.507475879,s243.743160612
136_37,s4.669295737,s-5.694546123,s131.507693105
136_38,s7.253646517,s4.979518112,s19.775184094
136_39,s-2.961890070,s7.030615881,s15.868391655
136_40,s-3.589044676,s-5.471730336,s265.858279391
136_41,s0.168942556,s-1.177322028,s315.228298984
136_42,s3.160905329,s-1.602499842,s230.938674991
136_43,s2.389599693,s7.180376226,s167.730462611
136_44,s3.596103353,s-4.273545209,s19.365789331
136_45,s-0.456634126,s5.387880481,s250.600316001
136_46,s0.887055808,s-4.071612000,s156.135228337
136_47,s3.731953930,s2.168258912,s265.720151711
136_48,s-0.465254036,s2.242069350,s325.254237600
136_49,s5.969429757,s-4.992096709,s141.402965382
136_50,s5.894425841,s4.065091205,s263.947273598
136_51,s6.945934671,s-4.386391945,s31.600751168
136_52,s-7.261927226,s2.071037424,s89.518778374
136_53,s-4.840091325,s1.630926039,s169.278337023
136_54,s-2.410530659,s-0.513275147,s300.038726367
136_55,s-1.059718639,s-2.867035101,s274.640220513
136_56,s-4.033438419,s-3.548085622,s308.863645389
136_57,s-5.198572174,s6.228401946,s109.206645506
136_58,s-4.235388135,s2.090731308,s336.920683087
136_59,s-0.378266590,s-3.767724244,s199.594610654
136_60,s-0.439886315,s4.299787444,s133.967342178
136_61,s6.027722309,s5.735883858,s357.686207969
136_62,s0.400500298,s5.959257827,s183.359113995
136_63,s7.039117061,s3.612991862,s215.900687967
136_64,s5.483534079,s1.986200427,s271.341094379
136_65,s0.250036041,s6.403738090,s263.189031186
136_66,s-3.411926458,s1.306101105,s175.342089374
136_67,s-3.560126856,s0.184205309,s241.975091390
136_68,s-0.118206645,s1.821192211,s21.223011090
136_69,s-2.281593241,s0.231655829,s130.537501433
136_70,s7.136672773,s-0.840871911,s126.810607775
136_71,s-0.560621578,s1.263207821,s253.685608904
136_72,s2.240101764,s1.398267728,s101.434542649
136_73,s5.824482648,s-2.162628594,s150.044844205
136_74,s-1.961020827,s6.915395413,s324.305762711
136_75,s3.310614700,s0.607204982,s250.490652064
136_76,s5.074441734,s0.455395403,s169.776854414
136_77,s6.528308355,s2.848557705,s262.113880498
136_78,s-7.155202432,s5.684879935,s354.987177450
136_79,s-6.067933026,s6.341619341,s38.853076893
136_80,s2.750345139,s6.333128848,s5.568473871
136_81,s-3.801057113,s5.653536761,s350.045985990
136_82,s-6.205417535,s1.407523553,s27.222296454
136_83,s-2.308766304,s5.417916245,s137.662730977
136_84,s7.171461987,s6.950896557,s153.139302188
136_85,s3.892679871,s7.096620397,s198.007057079
136_86,s2.634134568,s1.738399239,s272.661744574
136_87,s5.495082292,s2.361178083,s48.023666204
136_88,s1.273846002,s5.956302301,s77.884942746
136_89,s5.002983778,s4.292077234,s111.773863804
136_90,s1.603268520,s2.521302595,s28.439234160
136_91,s-7.177625728,s6.740067741,s15.171272045
136_92,s-4.161555355,s-1.581647007,s77.365647966
136_93,s-4.911589647,s6.620959179,s340.545102291
136_94,s-6.743011268,s2.427367241,s202.741982782
136_95,s-5.636486942,s-4.415014911,s209.298561406
136_96,s-6.595338321,s-5.379439476,s122.153313328
136_97,s-1.859560041,s2.632676448,s92.027004980
136_98,s0.817126153,s2.531631081,s203.419637330
136_99,s-1.853618682,s6.016538775,s291.738208234
136_100,s2.322242941,s3.125744950,s322.661501401
136_101,s4.264357134,s6.633795960,s156.969929779
136_102,s6.269512811,s0.904707032,s156.042270358
136_103,s4.811046095,s4.433660780,s69.759137801
136_104,s-7.236826683,s7.071939418,s110.584746096
136_105,s-5.867157854,s5.317229032,s344.438167893
136_106,s-6.299715457,s1.093726586,s195.184835967
136_107,s-1.268453120,s4.630600119,s59.739292649
136_108,s-4.292135740,s0.955716377,s84.893359484
136_109,s-2.175986539,s7.113411291,s324.279085935
136_110,s-3.247258680,s4.448438530,s227.570098822
136_111,s6.112865189,s7.066163752,s201.954596167
136_112,s-6.457260964,s6.684615064,s116.213356631
136_113,s4.424270545,s3.058898601,s310.371772343
136_114,s2.548602078,s3.978978697,s111.636084029
136_115,s4.234604777,s6.116900930,s94.253447722
136_116,s4.567121205,s7.163766406,s323.096346082
136_117,s-7.020991809,s-0.114004388,s278.855858949
136_118,s4.849416388,s0.649631087,s313.033371103
136_119,s-7.090298558,s3.777021689,s342.144648957
136_120,s2.587893208,s5.325163403,s100.263677359
136_121,s-3.561633824,s3.064115826,s150.677396168
136_122,s5.479229003,s6.312710054,s0.096042409
136_123,s-2.289555976,s0.917817651,s239.759624811
136_124,s-1.643333128,s6.292785464,s138.482598453
136_125,s3.384022078,s4.965572961,s209.929596909
136_126,s6.844314010,s5.370269634,s138.313852975
136_127,s4.447748515,s5.412027857,s66.943002623
136_128,s1.602574229,s6.475748065,s172.130524084
136_129,s5.362587528,s5.017603845,s227.628728337
136_130,s-2.712701074,s6.541985206,s270.598505527
136_131,s-0.199471797,s2.863017099,s103.022088513
136_132,s-4.207605266,s7.204908735,s316.673147698
136_133,s0.581781393,s6.820570988,s171.303595261
136_134,s0.507869947,s7.159542352,s27.914488277
136_135,s0.594560453,s3.494181659,s271.428798140
137_0,s-6.499199002,s-5.911457480,s75.207137685
137_1,s-4.762073190,s-5.720202643,s96.809511679
137_2,s-3.645215640,s-5.538364241,s254.693804313
137_3,s-2.787520857,s-6.233013248,s65.921150523
137_4,s-3.746464272,s-6.832718275,s295.182125384
137_5,s4.714521127,s-6.425638538,s73.892894452
137_6,s-1.036228508,s-3.886166692,s135.655510216
137_7,s0.263952935,s-4.113557850,s286.736761207
137_8,s-1.882695715,s-5.726511272,s212.700225386
137_9,s5.675885258,s-1.278992370,s2.421483083
137_10,s5.934379481,s-3.116713855,s133.318765140
137_11,s6.187654492,s-2.229738882,s289.953193528
137_12,s3.947578956,s-2.047390649,s163.979103256
137_13,s-4.784138484,s-0.747861586,s286.766851864
137_14,s-1.307941041,s-1.981501023,s85.982526127
137_15,s-2.504496483,s1.544569749,s166.908425729
137_16,s-2.372764563,s0.458408976,s181.878597652
137_17,s-2.127188631,s-2.054330207,s300.753666230
137_18,s-2.552925268,s-3.133470244,s288.236145270
137_19,s1.594726369,s1.707965381,s213.757245207
137_20,s5.769460119,s-0.065475554,s312.852462714
137_21,s1.354396677,s-3.571223327,s24.968576888
137_22,s2.207922283,s-2.660892609,s354.137395076
137_23,s3.427837073,s-6.377462034,s47.808402234
137_24,s2.669375967,s-1.359769153,s327.968829083
137_25,s6.446768931,s-6.196224208,s8.173109188
137_26,s-6.364165215,s-2.622847809,s178.957201212
137_27,s-6.738950446,s-4.144915742,s204.692179034
137_28,s0.347404419,s1.908340612,s180.716168341
137_29,s-2.842156357,s-5.244132158,s22.170914389
137_30,s-0.750899668,s1.842571592,s207.953036167
137_31,s-3.899908597,s1.397783444,s77.353910726
137_32,s-0.154223092,s-5.518134773,s272.675454206
137_33,s3.654995834,s0.559582956,s274.378734551
137_34,s3.870094165,s-5.097717741,s281.717426749
137_35,s-0.633077550,s-6.800581401,s348.680929545
137_36,s6.431389033,s-5.134236726,s183.541240356
137_37,s1.057235125,s-3.190299071,s297.032474693
137_38,s4.109138824,s-3.324853506,s306.708402712
137_39,s-6.750695750,s-2.075695788,s149.676641273
137_40,s-4.773032392,s0.317226164,s89.775421090
137_41,s-3.549307634,s-2.693986941,s84.819785257
137_42,s-5.896189190,s-4.332104234,s276.876156167
137_43,s-2.623951520,s-4.429433485,s332.841567153
137_44,s1.188073662,s0.111580258,s121.346047457
137_45,s-0.645186908,s-4.181828262,s216.809828198
137_46,s1.124214567,s-0.595272684,s350.874726383
137_47,s0.580979203,s-4.203339545,s30.541319285
137_48,s5.840534495,s1.581148226,s53.739832337
137_49,s4.516459142,s-0.976542949,s18.064305607
137_50,s4.799193487,s1.003185898,s294.638402638
137_51,s6.434642034,s-0.748391608,s211.611462688
137_52,s-6.609587958,s-1.598446018,s182.675628292
137_53,s-2.269581254,s5.660662486,s181.306020300
137_54,s-0.174010332,s-2.242882502,s64.322264698
137_55,s-5.821799107,s3.393279846,s142.937689324
137_56,s-2.050870937,s3.950555446,s60.165035025
137_57,s0.484773797,s-2.902078679,s155.773785569
137_58,s0.712839598,s-1.692819047,s335.626534019
137_59,s-4.804121821,s-2.419538382,s358.278061190
137_60,s-0.859830721,s2.413637453,s308.724747124
137_61,s3.586126874,s4.651583146,s140.211570438
137_62,s4.020085306,s1.190857783,s201.950414871
137_63,s3.108041684,s6.349530081,s0.789062161
137_64,s3.816783924,s0.029074737,s46.629928393
137_65,s-6.323004696,s4.164374912,s228.623363459
137_66,s-6.558485674,s-0.513356648,s292.056520595
137_67,s-0.116582025,s3.248122073,s112.633861926
137_68,s-1.158645742,s1.162643130,s208.964154917
137_69,s-3.875062219,s6.385061777,s153.704880074
137_70,s-1.883544117,s-1.591976316,s245.257931344
137_71,s-1.600745879,s-0.419641555,s122.022833381
137_72,s6.560742741,s6.280755883,s341.280585195
137_73,s0.259822966,s2.929891254,s239.108298931
137_74,s1.247809227,s4.231626802,s169.563070356
137_75,s-1.081044140,s3.735872745,s19.993904418
137_76,s5.955721454,s3.913165974,s354.275166479
137_77,s6.556012527,s1.716011315,s19.694295374
137_78,s-4.578460529,s-5.187799664,s95.150245009
137_79,s-6.705789691,s6.451803942,s328.807958737
137_80,s-6.647242191,s2.059208119,s301.089845705
137_81,s-5.345425874,s0.533417242,s13.928636936
137_82,s-4.602855888,s6.467092873,s196.541512174
137_83,s4.530211083,s3.714652307,s94.232162733
137_84,s-4.561265209,s3.395752506,s96.339918877
137_85,s0.070071572,s4.088853429,s230.644834650
137_86,s3.181425732,s5.350520449,s65.037292701
137_87,s1.192529767,s-5.150072719,s330.661509481
137_88,s-1.301965165,s6.345281647,s325.879249295
137_89,s6.560742741,s2.255436474,s297.136109516
137_90,s2.714204993,s5.853453577,s225.001062508
137_91,s-1.815505353,s4.545016174,s42.680183231
137_92,s-2.238229075,s2.479659532,s37.143750450
137_93,s-0.645070158,s2.846003415,s64.643472130
137_94,s-5.268589200,s4.536207244,s140.843768993
137_95,s0.033901021,s5.964953635,s264.198079887
137_96,s2.846907497,s-3.193354571,s223.700398193
137_97,s3.163308079,s1.307318728,s6.738580748
137_98,s-3.605641462,s3.633238743,s191.107785382
137_99,s0.404962235,s4.509871219,s57.980321031
137_100,s4.886410869,s5.238077992,s127.788021769
137_101,s3.751395339,s2.105111045,s40.554643347
137_102,s4.234802607,s1.900747514,s316.173298888
137_103,s2.568601502,s3.548546667,s55.948818588
137_104,s-6.290135270,s5.985738198,s189.027800392
137_105,s-4.369321032,s5.465501596,s311.898045471
137_106,s5.163705803,s3.593497286,s21.612190877
137_107,s-6.382998408,s0.864207850,s275.551882693
137_108,s-0.001240179,s-1.328225929,s165.424208723
137_109,s5.052930260,s5.887826349,s3.047088976
137_110,s-4.068579046,s3.408040869,s344.366384486
137_111,s-1.600503773,s6.366673004,s233.382330313
137_112,s6.046333185,s3.408295798,s288.437922538
137_113,s0.737603734,s4.370829998,s217.387380996
137_114,s0.351593027,s5.382757452,s328.996749480
137_115,s5.986905615,s5.023855728,s23.843436511
137_116,s2.439574794,s0.801927642,s150.153655055
137_117,s-5.009492529,s4.931690553,s242.497339047
137_118,s-3.161166493,s4.022970946,s10.495776862
137_119,s-1.144965542,s5.604297802,s219.335699382
137_120,s-4.219436400,s2.473205279,s321.799640776
137_121,s-5.216546427,s0.506861034,s133.524304208
137_122,s2.121166756,s6.464219465,s203.939907605
137_123,s0.646015833,s6.472047800,s156.269330902
137_124,s1.605962397,s0.375542272,s310.198810313
137_125,s4.328377922,s6.300994227,s267.790129697
137_126,s3.326354205,s2.428050422,s10.422619974
137_127,s0.101398231,s0.201172825,s125.967402344
137_128,s2.557283995,s3.314794757,s163.518012952
137_129,s6.278824700,s5.611129795,s313.706225220
137_130,s-4.611230169,s6.087678253,s262.140471483
137_131,s-4.929475499,s5.858223358,s344.970601098
137_132,s-1.102158880,s4.361281449,s297.732035484
137_133,s-1.984714079,s0.880631164,s151.874227194
137_134,s-6.512402361,s2.716897357,s310.502633573
137_135,s5.916402926,s3.190243310,s341.299117244
137_136,s-3.388234561,s5.018412042,s194.604307148
138_0,s-3.993164724,s4.002769498,s135.749703868
138_1,s-4.286051512,s-6.714529727,s161.518835269
138_2,s-6.222288807,s-1.496141060,s250.897420884
138_3,s-2.491802681,s-3.290088187,s261.140200196
138_4,s0.026257667,s4.557507914,s160.037437949
138_5,s1.171297349,s-2.429763417,s214.490065014
138_6,s-4.302891037,s-6.007552424,s146.252413810
138_7,s0.742508567,s-4.666768849,s9.004013465
138_8,s0.389629159,s-5.384692404,s81.441095454
138_9,s4.623675648,s-6.447287683,s337.700247591
138_10,s4.284312167,s-5.166337834,s109.919143444
138_11,s1.915709831,s-5.360017928,s12.914329893
138_12,s6.653534901,s-6.662059355,s150.465200574
138_13,s-2.857333880,s-4.726670725,s4.310549899
138_14,s-6.171194939,s-2.506385519,s186.564207359
138_15,s-0.057959326,s-3.434026485,s41.539244598
138_16,s-5.241060787,s-2.805852913,s258.030300461
138_17,s2.069792355,s-2.835074480,s23.025972938
138_18,s-1.922764188,s-6.687199882,s269.988429818
138_19,s0.664269053,s0.907249105,s78.139922512
138_20,s-1.208958681,s0.548075148,s18.251388762
138_21,s5.816788481,s-5.898062064,s9.251976895
138_22,s6.247002831,s-3.495648289,s19.805928210
138_23,s3.802129775,s1.802064458,s2.921562848
138_24,s6.695767555,s0.196344383,s226.083829659
138_25,s4.775775300,s-4.052605007,s315.207445165
138_26,s-3.979666047,s-1.962169386,s214.257979950
138_27,s-6.717769901,s0.352578972,s43.856331618
138_28,s-6.633963757,s5.709593750,s180.552425176
138_29,s1.338067461,s0.033545497,s120.062438296
138_30,s-2.377051982,s-1.863605043,s250.837170393
138_31,s4.048822927,s2.196097343,s118.605492731
138_32,s4.437460442,s0.352302469,s93.674346737
138_33,s3.378640040,s-0.196096549,s186.949225879
138_34,s-0.739157440,s-2.283865876,s335.926741627
138_35,s3.266312683,s-3.504120201,s244.402704820
138_36,s2.269396079,s6.420265948,s340.651180928
138_37,s4.765416901,s-2.958109304,s233.517538824
138_38,s6.672120787,s-0.081880659,s123.501251322
138_39,s-0.798113897,s-1.560308000,s322.582147985
138_40,s-6.459503001,s-3.829849966,s82.128181577
138_41,s1.825137063,s-3.685751409,s232.929930514
138_42,s-2.855751378,s-2.457025967,s73.147938393
138_43,s0.854869958,s-1.414094386,s332.045225750
138_44,s-0.448304552,s-0.247395685,s182.781345743
138_45,s3.538299991,s-0.877437160,s153.885056689
138_46,s-6.526113296,s-2.945130830,s169.988398260
138_47,s1.670553872,s5.578104856,s351.747554580
138_48,s6.153378982,s2.559461271,s16.082995213
138_49,s2.205517815,s1.984290599,s89.646770807
138_50,s6.111148567,s0.885415650,s187.115912015
138_51,s3.402336467,s-5.625142094,s336.320008040
138_52,s-6.587175495,s-5.880979106,s152.899345265
138_53,s-2.333474528,s3.613621746,s178.898151556
138_54,s-6.284375375,s1.583955376,s351.171732288
138_55,s-3.630617835,s0.072454720,s214.042212405
138_56,s-5.875833290,s-6.513860211,s115.802704378
138_57,s4.934036166,s-1.983057798,s331.099057437
138_58,s-5.109445335,s4.024340714,s256.506649761
138_59,s1.692857061,s0.092572981,s57.596048615
138_60,s-5.892881242,s0.151126102,s121.026236848
138_61,s2.861250355,s2.190903319,s171.502430605
138_62,s1.335056322,s1.462055102,s271.247348967
138_63,s5.858448865,s2.230914233,s20.174564138
138_64,s2.349782598,s2.249897723,s274.797531183
138_65,s-6.620220266,s-1.566446994,s201.314898422
138_66,s-5.065005747,s3.690967423,s293.925462327
138_67,s-5.486264905,s2.689842742,s343.215221685
138_68,s-1.461111456,s1.137113140,s246.884156384
138_69,s-3.961804259,s-0.395544210,s85.187932464
138_70,s-4.493704908,s2.881505389,s183.648818824
138_71,s-1.979761762,s-0.825211154,s285.991855119
138_72,s-5.069126502,s-4.676986891,s222.884284312
138_73,s-6.561811508,s0.066912501,s1.808686897
138_74,s5.231211738,s-1.028767918,s274.811198615
138_75,s5.064386573,s-1.352686317,s353.055482539
138_76,s6.733906976,s-1.307606677,s339.080679238
138_77,s6.769951395,s1.911611577,s18.521930574
138_78,s0.685193982,s1.822813805,s198.797628740
138_79,s-6.654123359,s6.491364322,s309.035194422
138_80,s-1.129830740,s-6.122098319,s49.941594527
138_81,s4.438970202,s5.476665751,s155.494475900
138_82,s0.376568925,s6.681172311,s351.941184897
138_83,s-4.039223146,s4.841432056,s70.056145361
138_84,s2.980187356,s5.587706837,s190.195230211
138_85,s2.895144344,s3.457265255,s126.867855272
138_86,s-3.710193038,s2.089523596,s187.898276477
138_87,s2.157882230,s1.390319323,s283.119622978
138_88,s-0.101037935,s4.254416372,s0.872397880
138_89,s5.576688866,s6.354487863,s32.011967920
138_90,s5.528438160,s4.628332621,s123.018540238
138_91,s-3.465903004,s6.511698113,s158.045546492
138_92,s3.256794413,s2.740625699,s324.353011998
138_93,s-4.482939186,s6.166655469,s192.044168680
138_94,s0.112881555,s4.819078314,s63.942144999
138_95,s4.057235391,s-3.189618175,s153.304521153
138_96,s-6.442700179,s2.576034596,s7.870400742
138_97,s0.067968416,s6.054451636,s198.582206369
138_98,s0.892835471,s2.923437309,s138.430208716
138_99,s0.270217828,s-1.830455960,s121.101655087
138_100,s4.581750202,s6.581522705,s111.305938916
138_101,s2.968821394,s6.397697547,s161.529971023
138_102,s6.731887654,s4.360496800,s49.926551503
138_103,s2.701886546,s-1.286660730,s15.956562094
138_104,s-5.520028598,s5.671324699,s232.530782450
138_105,s-3.280397603,s-3.107296940,s171.638158105
138_106,s-4.186837767,s6.359966194,s334.926964166
138_107,s2.644559979,s4.129037509,s304.407710964
138_108,s-4.475183244,s5.315950874,s307.662164205
138_109,s6.267709588,s2.993444672,s274.967210083
138_110,s0.740569635,s2.988546388,s272.637554580
138_111,s-0.104274555,s-0.399330646,s313.409958721
138_112,s-2.656361244,s5.985154197,s31.044825661
138_113,s6.676492438,s5.212826494,s101.455442252
138_114,s5.988453121,s6.628841975,s81.877210108
138_115,s1.808857254,s3.421742882,s161.661417218
138_116,s5.232721696,s5.668755169,s314.410030661
138_117,s-5.617684793,s5.123766366,s261.400311576
138_118,s-2.980747366,s-0.483081356,s170.031145524
138_119,s-6.717769901,s6.707432200,s243.915330772
138_120,s-3.137366473,s3.370251236,s120.639769196
138_121,s-2.668384419,s5.167635968,s197.140615651
138_122,s-2.170188649,s6.075066126,s337.697665567
138_123,s2.830926769,s4.582598199,s141.070085606
138_124,s1.601644770,s6.227916933,s301.447454846
138_125,s4.078312270,s6.602158858,s107.436412318
138_126,s-0.148426852,s2.727292822,s148.932016794
138_127,s0.857012898,s6.384743806,s52.530721300
138_128,s6.730589489,s6.313578210,s137.368166152
138_129,s-3.941890575,s0.964902513,s318.485982437
138_130,s-6.528251918,s3.870757753,s209.261898244
138_131,s0.262804591,s6.580145128,s268.070956138
138_132,s-0.803633147,s6.374113226,s8.594500552
138_133,s-6.287751122,s6.407921218,s45.116191855
138_134,s-2.384198402,s6.707432200,s125.868450419
138_135,s-1.555184718,s2.471111046,s92.297432486
138_136,s5.720597237,s3.814543948,s70.978969561
138_137,s4.037219980,s3.029562984,s62.339507804
139_0,s-6.423702289,s-5.589092168,s222.614274614
139_1,s-5.718631663,s-0.862575656,s257.226900643
139_2,s-2.710119169,s-3.570593419,s101.934887004
139_3,s0.037949870,s6.031798158,s240.423999499
139_4,s-6.644396635,s-6.556587735,s138.857434588
139_5,s-3.895752156,s-6.412873467,s286.637227791
139_6,s-1.888416500,s0.571294075,s325.043783140
139_7,s-4.250177540,s-5.671877210,s304.436909700
139_8,s1.006190626,s-6.544975414,s216.147871641
139_9,s-0.322579983,s-6.665483515,s339.177435965
139_10,s6.171397199,s-6.108956393,s227.670233183
139_11,s4.807682687,s-1.363036233,s166.902402096
139_12,s-1.034379267,s-2.844718390,s217.351620532
139_13,s-2.239800748,s-2.236872747,s87.829940742
139_14,s-2.674802683,s5.209835955,s281.799491669
139_15,s4.647261780,s-5.404079536,s291.163432214
139_16,s-3.730101535,s-0.154154000,s72.822843873
139_17,s-6.006461387,s-2.637681841,s76.894436304
139_18,s-4.667248856,s-4.852815075,s292.347549935
139_19,s1.321941321,s-1.455267753,s238.468621682
139_20,s-1.087743445,s-6.520566008,s228.783388481
139_21,s-0.142192059,s-2.349764455,s171.233240142
139_22,s3.527730471,s-2.721215785,s173.366458739
139_23,s5.837428053,s-2.780181790,s257.272444086
139_24,s2.572330652,s-4.551346159,s166.805499545
139_25,s2.644649586,s3.483554913,s289.376766372
139_26,s-6.294054795,s-1.014630709,s5.827354204
139_27,s-2.825287183,s-3.018727307,s3.047182143
139_28,s-6.344525405,s-0.159491186,s355.739723612
139_29,s-2.056832741,s-0.517003859,s15.365499972
139_30,s-6.572582726,s-1.625493450,s339.977288267
139_31,s2.449561263,s-0.078183459,s231.296840368
139_32,s-4.522442423,s-1.597164603,s336.423489804
139_33,s2.295187312,s-6.330985778,s258.253901361
139_34,s6.333871254,s-0.318464168,s87.708325517
139_35,s6.065056330,s-1.668362947,s328.183578554
139_36,s5.046858354,s-3.406846941,s202.557009819
139_37,s6.468317564,s-3.553714242,s103.071255515
139_38,s0.373306207,s-0.667083888,s205.560317284
139_39,s-5.319916395,s-4.193503161,s137.631164385
139_40,s-5.625481858,s-6.387587579,s134.361077191
139_41,s-6.448150651,s-5.091384152,s169.284846423
139_42,s-2.916360207,s1.922763491,s295.351622166
139_43,s-6.438213985,s-2.128531346,s317.181620038
139_44,s-1.391519905,s-2.423506545,s71.695361883
139_45,s1.674322036,s-2.665132114,s266.860356271
139_46,s-1.516812809,s6.421428589,s201.776671611
139_47,s3.225081801,s1.868212379,s168.856781152
139_48,s5.567636909,s0.400959996,s41.608634110
139_49,s-0.229512054,s1.337624248,s140.159753828
139_50,s3.158997617,s-5.414125623,s191.045199001
139_51,s-1.374317493,s2.328339828,s165.350987015
139_52,s-2.953605629,s-4.431187055,s333.923868663
139_53,s-6.063459321,s-4.177304175,s73.282822215
139_54,s-4.561639600,s-0.510292553,s170.074299387
139_55,s-4.202098402,s5.409227234,s294.670667091
139_56,s-1.777069774,s-0.065398086,s332.671451235
139_57,s3.903468318,s-0.450816056,s271.957013297
139_58,s1.776758278,s-5.527558903,s38.371693256
139_59,s-2.003166810,s-6.595236140,s115.693282463
139_60,s0.472868230,s-5.712802540,s7.169763435
139_61,s2.208396377,s-4.363516335,s133.911450018
139_62,s6.533032589,s-3.037780099,s53.141153331
139_63,s4.568305415,s2.600833091,s109.492948748
139_64,s2.453808184,s-1.803886728,s47.123712812
139_65,s-2.632480641,s0.429533930,s325.909371746
139_66,s-5.758064435,s1.164862609,s33.469966861
139_67,s-4.323673629,s1.867272623,s112.869759643
139_68,s5.091025907,s6.224941737,s225.434805776
139_69,s4.427768843,s4.286977567,s43.251216350
139_70,s-0.390418052,s-1.336104203,s329.641120687
139_71,s0.387672570,s3.574075290,s254.520385610
139_72,s-0.854458314,s3.756668589,s88.780828925
139_73,s0.707083622,s5.486933999,s114.527546091
139_74,s6.456733026,s2.810548817,s129.896033880
139_75,s-0.261588809,s-4.574471733,s184.387655543
139_76,s2.972006928,s5.134246129,s58.764765961
139_77,s3.346345092,s6.330035748,s53.058699427
139_78,s-3.051770926,s5.733783237,s47.458863861
139_79,s0.821256353,s6.369330487,s221.173488269
139_80,s-2.626178779,s2.756847086,s290.356055302
139_81,s-6.494744214,s0.788428800,s73.512861583
139_82,s-4.051530853,s-3.984065204,s139.582300101
139_83,s1.974313145,s-0.993066911,s222.190112843
139_84,s-2.414554785,s3.922555064,s48.925231476
139_85,s1.878249863,s0.273677950,s257.013669423
139_86,s6.491065429,s4.092184530,s254.468192235
139_87,s5.792032750,s2.893565413,s181.801468191
139_88,s5.293842783,s4.293168427,s142.124060843
139_89,s6.533032589,s3.162603886,s38.042968898
139_90,s3.759012026,s-0.110257599,s137.518133897
139_91,s-2.165025888,s-1.176764630,s262.263198944
139_92,s-6.295926317,s4.658515281,s311.500089106
139_93,s-5.759257076,s2.022459880,s213.879932023
139_94,s-0.562770185,s5.190799496,s184.632121476
139_95,s1.533636936,s2.704644941,s57.805939167
139_96,s2.525177928,s2.489748632,s4.876268750
139_97,s-3.319326830,s-1.310426500,s176.403013555
139_98,s-4.162549371,s0.081005950,s145.930620091
139_99,s2.025146737,s4.774072659,s357.157714002
139_100,s-6.600130138,s-1.331223662,s309.962814019
139_101,s3.529402496,s-0.810403797,s65.833062038
139_102,s-4.958124414,s6.343723244,s254.861372688
139_103,s5.844762258,s6.310134952,s204.718516001
139_104,s-4.376982229,s3.148591500,s204.079762909
139_105,s-6.572436533,s6.328516704,s26.422106884
139_106,s-5.338317722,s0.524433602,s238.609718720
139_107,s-2.110350406,s3.171455786,s105.562769359
139_108,s-3.522736138,s4.637758245,s2.718118957
139_109,s4.007754907,s5.083674830,s347.018463566
139_110,s-5.630424126,s3.558282847,s31.269188353
139_111,s6.112868087,s1.713545584,s63.032255936
139_112,s4.969223193,s1.132917030,s342.254438146
139_113,s2.317176624,s5.738181988,s297.056444256
139_114,s0.687008956,s1.786272040,s295.274918833
139_115,s5.225082393,s2.232016255,s313.802242635
139_116,s4.390550934,s0.827817143,s63.942533386
139_117,s-3.854612646,s4.902971707,s280.415638352
139_118,s-6.658421282,s5.084410424,s156.331756743
139_119,s0.186350399,s4.505488564,s326.298575315
139_120,s-2.972523605,s3.394883602,s329.559203262
139_121,s-3.568505778,s-0.704438622,s289.902143418
139_122,s3.147609952,s0.759067563,s239.091033955
139_123,s-4.422631882,s3.175654197,s146.499429224
139_124,s-2.327689586,s6.365200383,s81.438619060
139_125,s5.446833582,s-1.115942369,s127.911843889
139_126,s3.638877732,s5.712059999,s155.937193415
139_127,s3.930631970,s6.410166935,s334.868842087
139_128,s2.825593534,s-1.005484574,s127.623014693
139_129,s5.394217251,s3.188835498,s74.250720122
139_130,s-3.075284074,s6.204405681,s143.318669356
139_131,s-4.354535988,s6.370375992,s55.269684469
139_132,s1.789439289,s4.140454302,s266.537121966
139_133,s-6.600507418,s3.543369343,s145.763245149
139_134,s6.307103145,s5.153448364,s140.589367731
139_135,s-3.549758238,s2.838176147,s342.086970627
139_136,s2.025947860,s6.459534789,s23.893756315
139_137,s0.721573775,s6.349154316,s218.375036702
139_138,s1.804946851,s3.717495707,s165.447876344
140_0,s-6.500808267,s-3.503603448,s166.041838884
140_1,s-6.777216426,s-7.199746409,s324.361421353
140_2,s-2.050922683,s2.420399474,s322.430812611
140_3,s-3.913238960,s-5.793469739,s62.141781994
140_4,s-1.615389188,s-6.278022607,s161.007964408
140_5,s-3.403741742,s-6.986867579,s1.693742276
140_6,s3.136856113,s-7.477804213,s58.431927420
140_7,s-3.162233478,s-6.181416544,s70.787731094
140_8,s7.034830280,s-4.663076518,s203.151957775
140_9,s-0.203614565,s0.499471714,s219.310812708
140_10,s6.580604159,s-7.573313726,s237.829103923
140_11,s7.471324759,s-6.342586722,s117.567608381
140_12,s6.104954265,s-1.212831000,s21.751890047
140_13,s-5.097027426,s-2.012936791,s221.743887092
140_14,s-7.343044719,s-1.055119890,s101.941369799
140_15,s-5.219103982,s-5.178671571,s44.856435759
140_16,s-4.705268235,s-4.824204365,s129.858408917
140_17,s-1.167336584,s2.056444331,s303.364106986
140_18,s1.831224292,s0.754878596,s13.115019036
140_19,s4.726427917,s-6.013977041,s39.380065687
140_20,s1.461414923,s-4.422963464,s204.918546191
140_21,s2.491998675,s1.988902825,s96.480741752
140_22,s-3.188885104,s-5.359123069,s179.269666827
140_23,s5.871482316,s-4.023894036,s89.009935270
140_24,s4.392662828,s-2.917943236,s261.062579127
140_25,s6.501789510,s-5.812712351,s129.108468503
140_26,s-4.795719785,s-3.076250328,s100.074597373
140_27,s-2.603546941,s1.372904024,s152.662437942
140_28,s-6.005223193,s0.129860212,s8.469512249
140_29,s-3.145530875,s-0.500768425,s229.094245092
140_30,s-1.242322427,s-2.661919986,s348.761951790
140_31,s-4.302872777,s-7.595736352,s314.456640722
140_32,s0.741831101,s-0.670088142,s21.847656069
140_33,s-2.535489068,s-2.538891610,s197.270255654
140_34,s5.000869357,s-4.980377497,s322.909276640
140_35,s4.614677788,s5.501589143,s273.434742563
140_36,s3.575610001,s-6.050612418,s219.374651124
140_37,s7.411661811,s-0.873563455,s241.727683808
140_38,s7.137453973,s2.364546388,s169.163693166
140_39,s-3.915905166,s-1.870552092,s124.580212638
140_40,s-5.547067239,s-0.703253580,s279.699826313
140_41,s-7.159287851,s7.043290308,s336.888832089
140_42,s-5.241206432,s2.636908823,s183.901085291
140_43,s-4.639522773,s1.674831288,s308.727777125
140_44,s-5.089592742,s-6.992296573,s192.334213390
140_45,s5.553059819,s0.739513191,s255.978286696
140_46,s-0.559354149,s1.894486154,s270.646675584
140_47,s-3.843506971,s1.185467723,s292.910612725
140_48,s2.848216227,s-4.652092932,s312.465313056
140_49,s6.326229532,s-1.020480085,s283.042918293
140_50,s7.355927363,s-1.795151113,s348.352035432
140_51,s7.232210530,s1.056609280,s74.578258367
140_52,s-5.993861048,s-4.399585464,s230.818167229
140_53,s-4.255978228,s-0.371306997,s123.037984263
140_54,s-6.163302692,s-5.788197288,s196.099553509
140_55,s-1.365634719,s-1.694075866,s292.211744801
140_56,s-2.913939586,s2.625492519,s77.028119174
140_57,s1.415162616,s3.699344595,s168.681152692
140_58,s-0.856337904,s3.199327057,s216.681270673
140_59,s-0.174338937,s-7.083184569,s312.078551852
140_60,s0.711181783,s-6.413263104,s229.053688249
140_61,s-7.426701433,s-2.713612725,s143.128191275
140_62,s3.130962238,s7.069724102,s177.140587921
140_63,s7.181292499,s0.580183187,s237.466864499
140_64,s7.397994523,s3.806178798,s293.105292526
140_65,s1.318922532,s6.938081963,s48.951298088
140_66,s0.277879946,s3.598905121,s354.953582784
140_67,s-6.840326801,s4.926273604,s142.293283759
140_68,s-7.409885084,s-0.202942452,s43.751958390
140_69,s-3.005347800,s4.281775270,s71.668118394
140_70,s5.961076274,s6.737157141,s123.485360730
140_71,s3.442189617,s4.316914274,s165.807351113
140_72,s4.959698967,s3.078626677,s267.627821173
140_73,s1.531678688,s5.876625367,s77.946188407
140_74,s1.625151391,s-1.329443526,s239.143140883
140_75,s7.317237245,s5.860943033,s358.474063761
140_76,s5.887783917,s6.954090333,s295.464140095
140_77,s4.830962128,s0.983288957,s285.524539057
140_78,s-7.375465968,s3.590092917,s194.881674572
140_79,s-4.932537544,s6.408543782,s20.892592516
140_80,s-3.623719444,s0.350183274,s50.652199021
140_81,s-2.726315660,s-2.014779189,s40.560879780
140_82,s-6.339389951,s4.498843739,s44.824784702
140_83,s-5.337138437,s5.014422646,s313.818577829
140_84,s4.682146616,s6.235349030,s169.614579482
140_85,s1.348553448,s4.991181706,s326.793321124
140_86,s-0.516544917,s6.345863810,s233.630123023
140_87,s1.600740129,s2.702222194,s298.567165380
140_88,s3.147198165,s-2.822399098,s303.852293096
140_89,s5.854623966,s-0.601371564,s59.515449910
140_90,s2.529715725,s3.702779841,s179.100991539
140_91,s-7.136757856,s5.657563884,s217.169110009
140_92,s-5.257000106,s6.497974635,s212.942201930
140_93,s0.135349754,s3.905430013,s182.216760786
140_94,s-6.653809940,s0.619399079,s251.069395677
140_95,s-4.241957811,s1.868762222,s12.234009911
140_96,s-1.843030813,s6.402662971,s239.742956847
140_97,s-5.072178901,s5.312620214,s81.682924676
140_98,s-5.720622537,s5.345289125,s187.163330289
140_99,s5.071432063,s2.334216560,s260.288768529
140_100,s7.142501276,s4.281523187,s104.658869127
140_101,s6.885552474,s5.340359087,s327.762191594
140_102,s6.141190785,s2.023466236,s331.690314930
140_103,s5.993250025,s0.771436502,s179.760420041
140_104,s-7.437308363,s0.680149336,s60.533440895
140_105,s-5.903006983,s2.647236432,s70.413371652
140_106,s-7.071666548,s2.551552682,s159.112130986
140_107,s-1.024962363,s-0.652677914,s308.181214789
140_108,s-5.874271323,s6.511286047,s244.655139547
140_109,s2.343264038,s6.485965669,s314.068553098
140_110,s3.961424837,s5.787725619,s193.813663919
140_111,s3.872339092,s-2.056121323,s127.607816773
140_112,s6.135385732,s4.601001223,s51.368280910
140_113,s4.541342741,s-0.196524457,s2.331505250
140_114,s5.704000131,s7.188049535,s215.081548370
140_115,s3.002070076,s3.335536210,s65.085000900
140_116,s7.428875617,s6.993654022,s193.983833314
140_117,s-5.004244248,s4.176410171,s242.909712970
140_118,s-6.025492077,s7.125857349,s263.845036767
140_119,s-3.170309380,s4.836691209,s30.493448146
140_120,s-2.607442983,s6.134151909,s221.320574429
140_121,s1.436767593,s5.692359331,s65.975868550
140_122,s-7.437308363,s7.031699156,s123.596101846
140_123,s0.776861789,s7.269739146,s53.822091473
140_124,s-0.851427435,s5.187708447,s101.065165567
140_125,s0.886867881,s1.586565114,s99.395144472
140_126,s3.999220218,s1.020238152,s263.227977350
140_127,s2.375362876,s7.245800230,s308.508738499
140_128,s7.014864948,s5.246517123,s110.759088454
140_129,s3.487881066,s6.365598620,s117.487948182
140_130,s-1.663543437,s3.010427092,s102.304760487
140_131,s-7.033365554,s7.269739146,s74.866320737
140_132,s-5.090169906,s7.203305839,s354.242979096
140_133,s-2.123455419,s5.354722720,s103.330031991
140_134,s-5.216316063,s2.013664610,s316.078438538
140_135,s-1.890109803,s7.269739146,s201.350042789
140_136,s6.949971467,s6.258919977,s123.268447367
140_137,s1.376502227,s7.205158746,s162.794291841
140_138,s1.480221124,s4.194940391,s83.481754941
140_139,s3.692472028,s7.141968864,s168.132909622
141_0,s-7.017370299,s-5.327939012,s200.740616753
141_1,s-7.098927319,s-2.229395865,s38.734065781
141_2,s-5.802044910,s-3.926026970,s144.308170417
141_3,s-7.083919521,s-3.321217825,s7.208558095
141_4,s-6.664718719,s-6.841572634,s206.963523937
141_5,s-3.016320616,s-5.367816379,s127.600352145
141_6,s2.068331679,s-4.756458757,s323.369054630
141_7,s6.863109178,s-0.502920887,s359.715251941
141_8,s1.697325109,s-6.937605815,s111.589956263
141_9,s-4.130346481,s-4.488711200,s163.855088687
141_10,s4.280337232,s-5.926137277,s325.035489967
141_11,s-1.433240757,s-4.769494654,s348.598441629
141_12,s6.723195185,s-7.068744948,s144.333317952
141_13,s-6.769840887,s3.190504690,s299.622728552
141_14,s-7.001939443,s-0.229114635,s110.660860640
141_15,s-3.057277798,s-2.764239477,s32.552276886
141_16,s-3.690425552,s-5.993687765,s148.085362995
141_17,s-4.635879478,s-1.834714837,s197.650669245
141_18,s2.759973839,s-6.604758651,s13.620525906
141_19,s-1.028610266,s-6.793948330,s208.577964706
141_20,s-3.172719334,s-3.997264058,s87.330380054
141_21,s-3.582085161,s-5.084123530,s339.567698512
141_22,s1.417610579,s-5.821047075,s134.490055228
141_23,s4.809678903,s-5.054516927,s197.314051996
141_24,s5.681081548,s-6.345732720,s41.781752882
141_25,s5.763774475,s-2.985185877,s213.179918020
141_26,s-5.972153149,s-6.854992680,s1.975262635
141_27,s-6.329155156,s-2.701191058,s263.429204430
141_28,s-1.922162572,s-2.532457529,s213.137852091
141_29,s4.022212569,s-2.591214503,s210.659126876
141_30,s6.802334989,s-5.805247834,s254.115725422
141_31,s2.322976064,s-2.211542787,s64.034831258
141_32,s-4.255420010,s0.417931836,s38.510794320
141_33,s5.294394205,s1.214637065,s192.449826613
141_34,s6.978099447,s5.921175921,s285.097219787
141_35,s-0.293276256,s-0.515641544,s260.267596001
141_36,s6.973461850,s-4.637644990,s3.869158557
141_37,s4.434336826,s-1.593490781,s142.852960897
141_38,s6.864057587,s-2.149219133,s341.718972871
141_39,s-6.167305341,s5.465501432,s73.503699988
141_40,s-3.032974143,s-1.142875329,s250.975504970
141_41,s-6.563494743,s2.863529482,s37.101613739
141_42,s-5.611440974,s4.072160463,s83.689884904
141_43,s-1.956792557,s1.690567739,s50.628402765
141_44,s1.283499691,s-0.182980682,s262.076833189
141_45,s1.565709039,s-1.133857514,s115.000284893
141_46,s4.979713144,s6.972387220,s128.307184432
141_47,s4.871139305,s-0.610972094,s173.854489985
141_48,s3.914157170,s4.447953739,s265.272109324
141_49,s6.089850704,s-4.269100720,s113.667228380
141_50,s1.581126094,s0.586210642,s194.697980698
141_51,s6.854042139,s-3.381098742,s48.413265066
141_52,s-6.203738979,s-4.699174782,s290.530663231
141_53,s-3.885978869,s1.855381235,s197.198168418
141_54,s-4.697690689,s2.459687183,s32.573281572
141_55,s-2.469918877,s-1.296676977,s183.105308597
141_56,s1.159037078,s-5.207056966,s287.723289433
141_57,s3.128868714,s-2.097093689,s114.614321550
141_58,s1.853469197,s-0.171751827,s87.795030913
141_59,s-1.441171254,s-1.566717627,s337.089549178
141_60,s2.223523151,s5.015243922,s276.459213075
141_61,s-1.908933833,s-6.697292164,s223.659304500
141_62,s0.991196517,s5.920720094,s307.906178774
141_63,s3.084352791,s-0.680581688,s169.740832464
141_64,s5.220495399,s3.143085152,s232.866721282
141_65,s-6.074598543,s-1.561251981,s299.885560417
141_66,s-6.479054976,s-3.390385697,s131.028165401
141_67,s1.386812463,s-1.953877938,s204.381483349
141_68,s-1.908678762,s2.886480134,s160.169558635
141_69,s1.348091563,s6.936674263,s347.825834202
141_70,s-1.697236752,s5.628570174,s302.093397396
141_71,s-3.744281451,s-0.068748283,s281.004017599
141_72,s-4.175813564,s3.127944664,s148.695847529
141_73,s5.814810287,s-0.039408746,s237.746094037
141_74,s7.047127179,s-0.204202968,s214.061793621
141_75,s3.759566292,s3.016544400,s298.802807896
141_76,s4.697611809,s3.453367836,s76.839714014
141_77,s5.922943054,s4.387211705,s90.857187498
141_78,s-0.839407579,s1.223988204,s96.181458200
141_79,s-6.125344515,s-0.114270730,s242.944633943
141_80,s-4.745638634,s1.244408398,s200.230291003
141_81,s-4.621022004,s5.527742704,s263.283895482
141_82,s-0.834747404,s2.142734173,s70.359913391
141_83,s1.815526553,s5.231525553,s46.120835733
141_84,s0.721974718,s4.372271336,s152.347039164
141_85,s0.402033497,s2.394160482,s248.154362236
141_86,s-2.499301535,s-0.269063095,s337.626105591
141_87,s2.556272468,s0.877928750,s115.415921955
141_88,s6.446544412,s3.469337105,s83.393504113
141_89,s6.865460387,s4.698270699,s71.106464680
141_90,s6.980049183,s1.614953472,s24.878286329
141_91,s-6.985926850,s6.760111555,s278.579661213
141_92,s-2.481429301,s4.439021090,s224.377394446
141_93,s5.628995170,s-0.520785039,s123.003049677
141_94,s0.461189854,s5.015341053,s313.978186889
141_95,s-6.793920153,s4.541462660,s234.129837067
141_96,s3.578499729,s4.657546828,s107.210339774
141_97,s-2.839221216,s3.995669574,s141.537302331
141_98,s-0.830956411,s-1.351191597,s60.609271772
141_99,s6.612020368,s0.854789604,s196.272936772
141_100,s-5.671734662,s0.953196791,s93.957227167
141_101,s5.956364798,s5.645678704,s358.806097851
141_102,s0.722223522,s2.787938575,s323.075442966
141_103,s4.477124618,s4.771842305,s86.203546880
141_104,s-5.162438728,s3.250604238,s35.580500207
141_105,s-6.673142053,s6.891173547,s354.631694696
141_106,s-3.460424516,s4.901888201,s209.444200406
141_107,s-6.039974389,s-0.895556626,s158.209460473
141_108,s-4.478270639,s3.293914386,s142.786349759
141_109,s0.083894724,s5.209107498,s157.020604012
141_110,s5.342080528,s5.196954244,s99.044801684
141_111,s0.816185532,s-3.682060746,s204.473693936
141_112,s-3.078995150,s1.090537849,s355.875776534
141_113,s2.766391105,s6.937787525,s170.922294470
141_114,s0.329355306,s4.218000488,s60.078770000
141_115,s4.168889107,s5.752913812,s87.407936741
141_116,s5.665149970,s2.662804446,s229.901466937
141_117,s-3.285930960,s3.520303532,s202.148861253
141_118,s-6.277776335,s6.932622166,s309.847187568
141_119,s-2.358383199,s6.703688217,s254.806170972
141_120,s0.248151087,s6.765544005,s342.660804853
141_121,s-2.374409102,s5.490802251,s120.070962238
141_122,s1.417154621,s5.361603973,s105.825575626
141_123,s-2.779474542,s2.864147753,s304.718273943
141_124,s-0.464721842,s3.275271144,s199.041654221
141_125,s4.569418600,s6.140430036,s150.421661322
141_126,s6.424754840,s5.052632296,s247.633267252
141_127,s1.537408642,s6.000135998,s292.926633156
141_128,s3.605441345,s4.463072279,s289.610178906
141_129,s3.505183926,s1.814295814,s314.055046355
141_130,s0.002206954,s5.984690494,s94.144863419
141_131,s-4.518834280,s6.155131977,s297.525953454
141_132,s-5.603857193,s2.209204884,s359.862444584
141_133,s0.133615462,s4.225830181,s171.330527704
141_134,s-3.500949645,s6.411566189,s96.622681024
141_135,s-6.748317052,s0.822284822,s182.391859279
141_136,s-1.951779983,s3.183343947,s254.076006580
141_137,s-3.583546259,s0.608964068,s132.515447434
141_138,s2.993774507,s2.679850116,s260.656911961
141_139,s3.972383047,s6.843049776,s21.040982575
141_140,s1.924280763,s6.972387220,s136.280473750
142_0,s-5.504894902,s-4.763222265,s288.832661109
142_1,s-4.842877228,s-7.238727038,s149.839972598
142_2,s-6.975029153,s-6.414961521,s288.678243905
142_3,s4.566582874,s-6.932558829,s206.559236844
142_4,s-2.933986194,s-5.869253056,s201.384681925
142_5,s-6.255457684,s-0.660520091,s128.009617459
142_6,s-3.865511758,s-4.185839348,s353.640808417
142_7,s3.643255546,s-6.158292618,s32.800530137
142_8,s-0.992351140,s-3.496617277,s173.460005895
142_9,s2.520424804,s-4.289770457,s332.171932533
142_10,s3.044449400,s-5.551319191,s12.361831463
142_11,s6.391882462,s-1.932444790,s1.481736468
142_12,s5.066149750,s-1.945169079,s251.730480514
142_13,s-6.542380481,s-3.973602045,s123.004368679
142_14,s-2.741139900,s-1.685273372,s183.579605874
142_15,s-3.049749076,s-6.975854839,s277.943560818
142_16,s-3.092868679,s-0.788954990,s43.838318019
142_17,s1.665428115,s3.767900237,s77.455096852
142_18,s-1.946420623,s-1.660270918,s87.145827839
142_19,s-0.306124438,s-4.271260505,s142.809543802
142_20,s-1.788052036,s-6.463979805,s150.053905752
142_21,s2.190962515,s-6.451004428,s83.602947354
142_22,s1.731806742,s-7.055280130,s254.528149600
142_23,s7.059719049,s-5.366102415,s209.520758175
142_24,s3.651349159,s-3.818693763,s344.579931103
142_25,s6.989305605,s-6.625797047,s188.128473753
142_26,s-7.469593441,s3.351651249,s26.492326516
142_27,s-5.736429196,s-7.315432349,s256.864653814
142_28,s-6.617817123,s2.488956626,s163.703963923
142_29,s-4.105036341,s-5.237274915,s230.311501402
142_30,s-0.924815306,s1.682538016,s46.027113338
142_31,s-7.359695806,s-1.198734624,s257.740805209
142_32,s1.203736303,s1.386728290,s178.292936980
142_33,s0.306326008,s-3.215444855,s206.602320663
142_34,s2.930922044,s0.874422612,s184.423021494
142_35,s4.264819073,s-2.737035849,s10.771281579
142_36,s6.172114105,s-4.711930250,s46.410667776
142_37,s5.390366500,s3.579816485,s44.187147359
142_38,s7.005886210,s0.576574430,s256.927256192
142_39,s-7.381329770,s-1.572016351,s189.627685349
142_40,s-7.234860183,s-3.226918244,s249.658594183
142_41,s-0.132055870,s-0.128807823,s92.662266554
142_42,s-0.652556537,s-2.412357249,s74.863659045
142_43,s-4.867642392,s4.656559929,s341.386281918
142_44,s-1.640388332,s-2.943223139,s11.725002863
142_45,s-0.134015216,s-5.919902327,s185.058850349
142_46,s1.875798253,s-2.703464993,s61.832085193
142_47,s3.573406609,s-6.868799065,s143.693383258
142_48,s2.032626958,s1.019291121,s32.916981072
142_49,s1.735856674,s1.640010918,s106.589933368
142_50,s5.102770655,s4.171366870,s318.054130079
142_51,s1.493328772,s-0.722400830,s227.032142632
142_52,s-4.583040896,s3.686687362,s198.835496330
142_53,s-6.834833733,s1.375506393,s304.945718966
142_54,s-0.422080962,s3.495364641,s213.086616884
142_55,s-1.891081395,s6.868200418,s133.926940470
142_56,s5.172789915,s7.163390110,s326.733704346
142_57,s1.092024502,s4.875158830,s270.961007368
142_58,s1.621204074,s5.357722959,s252.998730097
142_59,s5.425349144,s-0.504723478,s234.292909715
142_60,s1.954854044,s-1.432160353,s133.458567964
142_61,s3.528254644,s4.088025674,s290.001680482
142_62,s0.982601320,s3.579939151,s157.227933893
142_63,s7.020885053,s-3.669194108,s139.850069677
142_64,s4.304499026,s0.737771678,s127.740717367
142_65,s-4.622827825,s-4.133099632,s271.132179445
142_66,s-4.440481519,s1.165848391,s128.533775057
142_67,s0.681977283,s-0.735420210,s55.425204248
142_68,s-0.933535045,s-1.555705114,s255.611210580
142_69,s-6.494444340,s-2.343444193,s3.883181211
142_70,s1.496749223,s-3.254046807,s223.173477508
142_71,s-0.846891871,s5.158262985,s101.889980052
142_72,s-1.550363309,s3.339687260,s98.783378334
142_73,s6.155401490,s2.024049830,s140.493644959
142_74,s4.105862129,s-1.747526785,s279.702991308
142_75,s5.490270978,s0.202816086,s106.513799871
142_76,s3.538174403,s2.847844644,s291.198626813
142_77,s4.890723805,s-5.760827013,s127.342277499
142_78,s-1.533328190,s4.272943150,s348.766162769
142_79,s-6.196256497,s2.168271916,s209.479466635
142_80,s-1.044926380,s2.023956655,s96.259484281
142_81,s-6.222873988,s5.213168770,s303.305895038
142_82,s-5.674539823,s0.459509312,s294.328343420
142_83,s-2.092536810,s0.412826560,s200.041304039
142_84,s-7.097360612,s-0.235951398,s288.844379201
142_85,s-6.293731838,s6.982807636,s198.768462420
142_86,s2.019257892,s4.092792552,s254.635472928
142_87,s4.530622041,s4.356364826,s90.380822754
142_88,s3.172940347,s5.475069076,s183.563967813
142_89,s3.170645837,s5.044029376,s265.633736549
142_90,s7.049552768,s1.186493087,s231.742224474
142_91,s-3.348284892,s1.056687968,s171.109024148
142_92,s-1.933826961,s5.155610739,s345.208000586
142_93,s-6.445938981,s3.477894435,s162.980387749
142_94,s4.436291414,s2.117657261,s335.264496290
142_95,s0.356710578,s5.346157016,s268.550278848
142_96,s-1.616624929,s0.603134403,s37.750181070
142_97,s0.393894449,s6.457914199,s343.007927799
142_98,s3.267110202,s5.222353234,s168.692841512
142_99,s6.377931052,s2.873441104,s64.305025083
142_100,s2.276292910,s6.794584867,s334.649311531
142_101,s5.074463997,s2.292949569,s240.857366787
142_102,s1.015433224,s5.615112984,s188.756277309
142_103,s4.565254187,s5.378754365,s302.722797583
142_104,s-5.126745550,s7.158082084,s344.891004242
142_105,s-1.070194315,s7.229869906,s164.512221063
142_106,s-4.365603365,s5.880556841,s117.566707105
142_107,s-3.192930747,s4.561728196,s328.562179907
142_108,s-2.669546689,s5.901206392,s178.273789678
142_109,s-7.446560352,s2.149758884,s199.991071069
142_110,s2.204733862,s5.325705029,s353.620153639
142_111,s-2.442269001,s1.262513390,s168.515056912
142_112,s-2.249552631,s4.558381959,s79.019877705
142_113,s2.506800388,s3.185943571,s109.564955370
142_114,s5.555995559,s1.098879129,s40.675152858
142_115,s7.044516368,s3.135263666,s263.606727181
142_116,s5.661218899,s5.505676172,s279.677463135
142_117,s-3.574865315,s2.807340603,s205.055578252
142_118,s0.195705283,s7.157904803,s139.291809272
142_119,s-3.808918927,s6.560777137,s320.208804609
142_120,s-2.787973330,s4.608450828,s358.508595917
142_121,s-2.396438875,s3.875652670,s42.894329949
142_122,s-4.347066002,s4.855738717,s88.538969088
142_123,s-4.403224743,s4.184186847,s336.145902538
142_124,s-4.760168435,s7.229869906,s109.685669010
142_125,s-0.010467283,s1.599658947,s48.709327846
142_126,s4.871679427,s3.307929653,s15.774427103
142_127,s6.936161929,s7.215534087,s115.163556951
142_128,s4.245517566,s5.851492539,s326.589259570
142_129,s6.106615785,s6.772943287,s18.784912488
142_130,s-6.858880503,s7.219216759,s242.086117916
142_131,s-7.457804958,s7.182143292,s151.499250077
142_132,s-6.383135163,s4.728773516,s143.971847652
142_133,s-1.937816980,s6.667137803,s256.378885069
142_134,s-4.273177801,s1.555692472,s211.771615708
142_135,s3.669024268,s6.955798731,s109.062497260
142_136,s2.958081205,s-0.713355842,s197.427092499
142_137,s3.264719537,s-2.430666990,s341.134167935
142_138,s2.185669632,s5.845373945,s124.856788600
142_139,s2.698515677,s1.373811131,s205.984153482
142_140,s4.728322233,s6.299313720,s234.958559147
142_141,s6.805824744,s5.236173314,s134.104075321
143_0,s-5.953436578,s-4.884673310,s147.094825206
143_1,s-6.967168067,s-7.403791365,s32.994921597
143_2,s-0.952171584,s-1.279088885,s314.951847601
143_3,s-1.474249872,s-5.772792272,s93.419823330
143_4,s-5.393816822,s-7.280495326,s333.939570598
143_5,s-3.718325624,s-7.480640439,s134.371690318
143_6,s1.733843278,s-4.884392558,s126.188847118
143_7,s0.156172572,s-0.863434568,s304.076114891
143_8,s4.904644885,s-4.209036954,s98.100827438
143_9,s6.555998990,s-6.939308641,s165.967612927
143_10,s3.351451348,s-4.646037286,s104.999242181
143_11,s3.280185200,s-6.943242114,s31.919360509
143_12,s5.838834610,s-2.670258564,s74.476064652
143_13,s-3.413604765,s-3.857294662,s276.008082775
143_14,s-7.104518673,s-3.871722966,s238.507515885
143_15,s-6.634106837,s4.970351057,s306.288445644
143_16,s-6.660216111,s-6.597447442,s216.077102173
143_17,s4.294165968,s1.420279175,s206.332700252
143_18,s6.105401021,s-6.407995841,s284.732787944
143_19,s2.530487549,s-3.233322171,s293.398032535
143_20,s2.232284220,s-7.750424042,s339.911351327
143_21,s5.434639335,s-4.743236194,s343.327362264
143_22,s-0.268437831,s-6.497257400,s242.093175240
143_23,s6.080944756,s-5.739219781,s354.651733436
143_24,s7.730781285,s-4.916021139,s15.677447578
143_25,s7.349967594,s-7.224534068,s130.674089428
143_26,s1.153545862,s-3.519409141,s130.228057019
143_27,s-5.313037199,s-3.570422403,s309.890870655
143_28,s-3.662884203,s-5.329205854,s312.334827422
143_29,s-3.935689406,s-6.418756766,s255.937305536
143_30,s-2.098832903,s-1.893528762,s116.842307812
143_31,s1.069467234,s2.100882734,s216.829018746
143_32,s-4.149640393,s-1.467069071,s89.601181844
143_33,s0.771840207,s0.139921297,s297.338284339
143_34,s5.419793241,s-6.975694385,s299.624953170
143_35,s6.902157429,s-2.222946209,s230.662212543
143_36,s2.062583775,s4.327610520,s344.694607863
143_37,s6.123115083,s-4.919750710,s138.218163939
143_38,s4.815969824,s0.768816534,s96.840749243
143_39,s-3.473295281,s1.655829231,s68.423706643
143_40,s-6.176800791,s-2.329636327,s275.927682666
143_41,s-2.210454364,s-3.413084113,s331.983917307
143_42,s-7.297112215,s0.690186934,s298.533112940
143_43,s-2.686563818,s1.055846533,s100.357668906
143_44,s-1.887041112,s-4.656427084,s174.552933608
143_45,s-1.265965364,s3.690605344,s15.933271722
143_46,s1.315283933,s2.882319133,s226.682586950
143_47,s6.815021243,s0.509636430,s310.124319094
143_48,s4.672260647,s-0.483793851,s70.757869731
143_49,s7.660031216,s1.047290676,s142.366579852
143_50,s5.742208451,s-0.440056788,s195.165660788
143_51,s2.657486110,s0.744421435,s302.155278795
143_52,s-2.801501811,s-1.109842474,s278.389024116
143_53,s-5.103404778,s-5.620584765,s35.745327593
143_54,s-7.328148742,s2.244399183,s107.389625948
143_55,s-4.309269902,s-0.563334065,s131.751196187
143_56,s0.966612836,s6.129792584,s201.480198361
143_57,s-3.144156640,s3.626181917,s297.671444519
143_58,s-7.221799153,s6.859646250,s20.479715059
143_59,s1.801152281,s3.646817418,s167.154646228
143_60,s6.843657799,s3.098693999,s354.054666143
143_61,s5.132227135,s3.106570750,s202.646333978
143_62,s7.636257232,s4.956359614,s325.308409685
143_63,s-1.984974513,s6.441055052,s334.786321516
143_64,s6.441724388,s-0.767000478,s243.468918376
143_65,s-7.369933132,s-3.155667365,s58.622620475
143_66,s-7.335905901,s3.622405520,s140.639665650
143_67,s-2.969001997,s3.406890471,s23.024554289
143_68,s-5.134021722,s1.186648897,s338.488614060
143_69,s-2.245529861,s1.653684394,s30.931799455
143_70,s1.011805702,s-2.312457111,s12.694339132
143_71,s-3.678381194,s7.002442851,s355.671141798
143_72,s4.094846621,s-2.994548397,s321.871868407
143_73,s-2.445575982,s2.210465332,s121.523905338
143_74,s-0.172984426,s2.248584036,s234.532471954
143_75,s2.548645653,s-1.042508456,s120.891073596
143_76,s5.136051188,s3.866310871,s272.541865988
143_77,s5.305662744,s1.016272641,s179.876258012
143_78,s-3.964996023,s0.859158766,s306.936263386
143_79,s-6.726722051,s-0.648389768,s161.880127952
143_80,s-6.462553139,s0.062616758,s111.488781728
143_81,s-5.528394979,s3.030081359,s338.716689355
143_82,s-0.843249278,s-3.357700812,s207.898557776
143_83,s-2.985233556,s7.008605331,s220.627007479
143_84,s4.055111571,s3.070113880,s310.941305567
143_85,s7.746806869,s4.150753530,s41.362581632
143_86,s-0.507183571,s3.586524189,s60.962576320
143_87,s6.090087934,s4.189661965,s191.713146273
143_88,s2.851881525,s2.235484021,s288.505345986
143_89,s-1.719323793,s3.109927916,s344.097191698
143_90,s1.917578738,s5.481721434,s204.803498957
143_91,s-5.344906064,s-1.225520993,s272.747374080
143_92,s-5.184412116,s4.660236800,s46.540333191
143_93,s-6.446291532,s2.959213870,s339.634041967
143_94,s-3.929319422,s6.272488725,s103.018896021
143_95,s-6.633767838,s2.088404820,s246.241484451
143_96,s1.939839378,s7.153934656,s132.884944091
143_97,s-0.962439522,s5.352027273,s76.056876468
143_98,s3.972049749,s6.513804597,s220.802305127
143_99,s-2.001927004,s6.709430632,s252.297868150
143_100,s3.280438678,s6.510989316,s35.076871681
143_101,s5.557537980,s4.234706595,s27.121112873
143_102,s6.525913485,s4.331825287,s150.557001397
143_103,s5.272401639,s-2.578278014,s239.688072948
143_104,s-6.273583780,s6.028293420,s212.163674359
143_105,s-1.334386539,s6.543818734,s158.241962052
143_106,s-1.361186907,s2.029130395,s356.991543078
143_107,s-1.111495445,s0.561045907,s218.288739084
143_108,s-3.639855312,s5.051134256,s13.706001218
143_109,s1.053001387,s4.379065122,s322.031463518
143_110,s-2.432263765,s3.911447791,s113.662780445
143_111,s4.054917569,s4.025069799,s206.106661419
143_112,s3.958443966,s7.317142955,s283.369629859
143_113,s7.724120784,s2.212446311,s57.293271927
143_114,s4.660960024,s6.246023180,s291.222698955
143_115,s7.014883377,s4.817987683,s135.889525521
143_116,s2.481350211,s3.014328245,s209.553843952
143_117,s-7.274799097,s7.099233309,s162.266480340
143_118,s-6.981531541,s5.161309777,s277.059332013
143_119,s-2.537607223,s6.002058061,s327.340746164
143_120,s-5.043190497,s3.812336040,s32.204041963
143_121,s-5.158290080,s4.862233226,s311.119710210
143_122,s-2.580653216,s7.261559055,s229.552886305
143_123,s-3.669029819,s-0.543044570,s344.747329581
143_124,s6.883094158,s3.319210464,s147.721593613
143_125,s5.143681644,s4.569893378,s175.617932847
143_126,s-0.050348384,s3.242886809,s183.706306245
143_127,s2.571337029,s7.269461907,s22.774642498
143_128,s7.729493194,s5.627717680,s121.144428377
143_129,s4.407903198,s6.414298349,s265.675056709
143_130,s-6.341340028,s7.297958697,s315.105579633
143_131,s-2.767136134,s-0.406769413,s57.284900541
143_132,s-6.796184996,s4.377212380,s102.578423229
143_133,s-3.623010437,s4.592830045,s5.492666205
143_134,s-4.574445364,s1.681771076,s49.231940757
143_135,s1.655857343,s0.790920914,s164.273445499
143_136,s0.237349638,s5.670017020,s359.307926980
143_137,s4.529093601,s5.239984961,s160.902670594
143_138,s-1.782813414,s7.180505085,s359.537111384
143_139,s0.726289664,s7.235557438,s159.427538620
143_140,s6.009917791,s7.078575020,s141.197979800
143_141,s5.744962058,s6.014614100,s345.407021129
143_142,s6.735267487,s7.258464165,s12.304032674
144_0,s-7.101208307,s-2.741029466,s229.579809824
144_1,s-6.291633171,s-6.642811265,s258.283733993
144_2,s-4.308672191,s-6.478905707,s288.970959293
144_3,s-4.952687747,s-3.930839996,s230.108076446
144_4,s-3.824027313,s-4.234840836,s131.192794489
144_5,s-4.153529121,s-3.704023940,s341.513215140
144_6,s1.422911023,s-6.480853339,s230.332416894
144_7,s1.127472549,s-4.048539446,s226.545286704
144_8,s-1.153804772,s-7.246309619,s59.351869222
144_9,s-0.295641544,s-2.610771825,s228.538618308
144_10,s6.033799598,s-2.016738838,s61.192924694
144_11,s2.955333725,s-4.510603195,s305.155122118
144_12,s6.365024476,s-7.087097825,s105.470245120
144_13,s-5.932372794,s-4.149106189,s298.974483767
144_14,s-7.034270268,s-5.158556954,s184.423141682
144_15,s-5.332138578,s2.898369072,s28.297639394
144_16,s-3.365015648,s2.917830414,s191.739418201
144_17,s-4.361769532,s-1.954074445,s178.885971393
144_18,s4.951722439,s-2.347403025,s122.291122914
144_19,s2.923788546,s-0.218425761,s256.208111806
144_20,s1.635149418,s2.250693874,s219.456170020
144_21,s3.025149949,s-7.210849644,s22.097197085
144_22,s2.435679730,s0.638954554,s153.855367707
144_23,s4.621796167,s-6.115442447,s281.346524866
144_24,s3.063157650,s4.701416049,s275.254990777
144_25,s6.801856277,s-4.348507617,s309.317670448
144_26,s-7.212600315,s-6.777723923,s36.867869464
144_27,s-3.465771065,s0.186145931,s292.457354580
144_28,s-3.186396435,s-1.285072518,s302.684693142
144_29,s0.633101433,s-5.762463430,s237.165612356
144_30,s-2.801005284,s-3.103319733,s252.551092749
144_31,s1.490337668,s-0.178405942,s24.140697073
144_32,s-2.818651704,s-6.733180306,s264.112451214
144_33,s3.349219392,s-2.995492755,s129.740790854
144_34,s6.411728339,s2.500900708,s61.169698308
144_35,s-5.788630193,s-1.472006593,s23.123454180
144_36,s-0.003223193,s-3.698965978,s53.162495766
144_37,s-0.164811084,s2.424471832,s47.872680376
144_38,s2.833604206,s5.141182267,s243.397482283
144_39,s-6.565262729,s6.841677486,s82.667016067
144_40,s-6.598189614,s-6.069654122,s73.068898834
144_41,s-5.759245868,s0.755132980,s259.225620037
144_42,s-1.126426550,s-0.921971104,s208.435336496
144_43,s0.657344857,s5.037488670,s131.482514798
144_44,s2.947054763,s-5.103361287,s2.282029856
144_45,s2.105108769,s1.162068360,s232.112044563
144_46,s-2.557935219,s-1.633699804,s148.505595062
144_47,s2.836760126,s-1.153799419,s299.740982424
144_48,s5.675611882,s-5.779622919,s87.951887774
144_49,s4.331186823,s-0.880110181,s335.975623310
144_50,s-4.063015269,s-0.629192585,s317.651461261
144_51,s6.612656885,s-0.261581003,s208.574465283
144_52,s-3.938485823,s-2.406236960,s145.082644862
144_53,s-0.396036250,s-0.339869305,s231.110643269
144_54,s-5.100295096,s6.764279870,s348.216042865
144_55,s-2.191165981,s0.676449780,s359.637013664
144_56,s-7.222106779,s-1.078826043,s262.300629335
144_57,s-5.185277241,s0.525263533,s135.463265304
144_58,s3.088157092,s2.250508084,s306.951552339
144_59,s-2.095978081,s-7.319692107,s35.634468618
144_60,s-0.035567214,s4.154855685,s53.910675381
144_61,s-4.349798367,s-5.605474686,s40.851056876
144_62,s1.955184237,s5.971590899,s335.527646520
144_63,s6.892739975,s6.810965583,s134.329717605
144_64,s4.885490533,s-2.935972305,s39.773403211
144_65,s-7.002255598,s-1.467317597,s221.094583976
144_66,s-5.609984238,s6.175231930,s191.100782682
144_67,s-0.554279795,s4.164747115,s40.599663132
144_68,s2.835614683,s-3.049639170,s268.459151053
144_69,s-1.047389912,s-1.095981499,s35.926382036
144_70,s-1.290129288,s-0.229607181,s24.961311218
144_71,s1.876933020,s1.899785700,s47.103470826
144_72,s-1.015360879,s6.456145075,s260.671635391
144_73,s4.444644557,s-1.269663925,s252.161027526
144_74,s3.068576556,s5.935624459,s343.530084645
144_75,s-1.561276492,s4.227373791,s320.385715395
144_76,s6.443260999,s5.607769956,s144.144605455
144_77,s3.948538958,s-0.318029382,s331.657139532
144_78,s-6.948703942,s3.944797307,s151.945653946
144_79,s-3.521484595,s1.564077169,s86.040151384
144_80,s5.774073203,s-5.055526942,s174.764814548
144_81,s-7.014795619,s6.183516015,s306.532529073
144_82,s-4.221073412,s2.800960643,s344.235958776
144_83,s-1.323093214,s-1.543697117,s84.058988127
144_84,s-1.448738063,s5.917250380,s64.091122306
144_85,s3.440396938,s3.706611060,s155.912207298
144_86,s-0.784404537,s6.720765099,s190.112737028
144_87,s6.243893546,s3.772712624,s118.950364052
144_88,s6.405789526,s-3.150197312,s280.462524861
144_89,s1.682411990,s4.036190149,s352.154444704
144_90,s3.776713246,s1.501953615,s122.095644672
144_91,s-5.859144309,s6.430791574,s204.431344494
144_92,s-3.783342486,s6.658422266,s3.703192558
144_93,s-3.066487303,s6.781826615,s251.462985299
144_94,s-2.314167893,s2.971289758,s184.383795708
144_95,s-7.251636758,s-0.429188073,s296.891748956
144_96,s-1.289023357,s1.979010678,s161.674900986
144_97,s1.644590134,s5.400719523,s181.226313390
144_98,s0.537050208,s5.841403751,s354.123790618
144_99,s3.655435632,s6.313203335,s279.102718933
144_100,s1.012342876,s3.339100328,s343.875992074
144_101,s2.183708114,s4.963287605,s253.504953332
144_102,s3.584500012,s3.779914475,s49.852516223
144_103,s4.270797505,s3.450012051,s234.349904060
144_104,s-4.959006971,s-0.271466386,s292.195056476
144_105,s-2.370213736,s5.178486974,s240.324036309
144_106,s-2.175203013,s3.945893831,s5.110092181
144_107,s-7.271197741,s6.729194365,s318.599673872
144_108,s-4.066331645,s6.705883650,s323.986463685
144_109,s-6.627893989,s0.846422055,s123.967678582
144_110,s-2.711744522,s5.442595917,s194.088022448
144_111,s1.069979836,s1.717606285,s143.769384055
144_112,s3.268292719,s6.770846594,s161.586368114
144_113,s4.305950949,s-1.790130462,s222.739661571
144_114,s3.289662199,s-3.872272076,s186.592479318
144_115,s5.199828189,s1.460509975,s146.249059404
144_116,s6.598654083,s0.986808160,s103.591258521
144_117,s0.367874075,s6.142689655,s321.728781347
144_118,s-6.492558350,s-2.125397884,s170.667636905
144_119,s-6.572499185,s6.227751871,s285.355726191
144_120,s-2.978990473,s0.239623644,s255.276296585
144_121,s0.518560206,s6.691808290,s287.048303606
144_122,s-3.445228954,s4.450522847,s219.532393642
144_123,s1.897849590,s6.844245609,s320.406276509
144_124,s0.116104293,s1.281821862,s300.436802243
144_125,s3.236191529,s2.801083849,s262.230415707
144_126,s-0.907646338,s2.612670431,s112.532150573
144_127,s6.892739975,s5.544698596,s271.154197489
144_128,s5.029466169,s5.847905072,s310.377074660
144_129,s5.169268871,s3.798591651,s300.641506322
144_130,s-4.930315740,s4.478961695,s351.095311503
144_131,s-2.888387476,s1.442324751,s270.800195791
144_132,s-3.278254926,s5.754583742,s151.626689329
144_133,s-1.010084274,s0.892561810,s253.151780414
144_134,s-3.424465416,s4.194307606,s331.078234113
144_135,s-1.790014154,s1.958196162,s185.068415399
144_136,s5.695087561,s2.106938473,s128.831945762
144_137,s-1.334526472,s5.604709966,s61.385458342
144_138,s5.479317110,s2.807463540,s149.818966448
144_139,s-6.956716407,s0.881289724,s125.769729108
144_140,s6.839522482,s4.721377364,s61.137684364
144_141,s4.727383228,s6.359450892,s130.449951685
144_142,s6.191929462,s6.836390137,s37.546907581
144_143,s-1.539498129,s6.648388461,s185.534065819
145_0,s-5.505167483,s-2.887070152,s13.165392676
145_1,s-5.673805559,s-6.980938622,s291.038132649
145_2,s-6.435619114,s-4.075340344,s191.175563356
145_3,s-5.509788306,s-3.664873076,s110.871336444
145_4,s-7.170590340,s-5.118170776,s39.280374166
145_5,s3.925796398,s-7.208508566,s147.952868409
145_6,s4.612316945,s-5.558605446,s337.921413642
145_7,s2.715805656,s-5.895283913,s279.189938669
145_8,s-1.764412515,s-5.166272337,s70.959698259
145_9,s7.441627895,s-1.351635410,s298.542387813
145_10,s4.703432320,s-0.981759674,s75.218435625
145_11,s5.835229319,s-6.546587741,s67.090253251
145_12,s5.738834684,s-7.312757367,s238.815441393
145_13,s-4.724156879,s-2.113818977,s27.346665760
145_14,s-7.214826442,s-0.753960991,s358.503820715
145_15,s-4.646364329,s-0.884738439,s124.219270951
145_16,s-4.609304059,s-7.447087277,s31.367099231
145_17,s3.755468527,s0.056665879,s44.766833908
145_18,s-2.502496939,s-1.624627904,s233.831430653
145_19,s-1.830976521,s-6.834650768,s32.673733342
145_20,s1.923415741,s-3.652600741,s277.331145614
145_21,s-3.683604640,s6.762437174,s26.194069417
145_22,s5.736626694,s-5.174761694,s261.302661389
145_23,s3.740361702,s-3.445356717,s69.864565681
145_24,s2.577310473,s-2.436352004,s330.700374606
145_25,s6.841885427,s-5.155388782,s79.758658471
145_26,s-7.496926435,s-4.118484023,s217.855203489
145_27,s-6.847100221,s-2.572924895,s161.395028853
145_28,s-1.339648266,s-0.092140678,s254.165031388
145_29,s-7.040052678,s-6.884383523,s324.755193268
145_30,s0.491510284,s-2.199939313,s54.368743551
145_31,s-3.183389367,s-5.076876386,s98.484789358
145_32,s0.871431002,s-0.942399435,s75.678558550
145_33,s6.444417582,s-3.135322169,s249.155733438
145_34,s-3.413024266,s1.668017654,s334.036984187
145_35,s2.858100505,s3.264157247,s309.897640919
145_36,s5.132027316,s-1.788047288,s126.733137076
145_37,s6.953388083,s-0.953031508,s129.969946803
145_38,s7.340291925,s-3.764502830,s355.292713494
145_39,s-3.722498156,s2.244901097,s188.144014087
145_40,s-5.416638829,s-6.379092886,s92.503328283
145_41,s-5.214503991,s-0.232212525,s32.776175746
145_42,s-6.990390083,s0.935853342,s5.444360133
145_43,s2.017581532,s5.134712313,s42.052589533
145_44,s0.177270790,s-3.481665533,s220.883542530
145_45,s5.020911414,s4.078446093,s299.981730333
145_46,s-0.467956071,s-2.076428456,s186.364206103
145_47,s4.328440201,s-0.305919518,s313.361779006
145_48,s7.251546058,s-6.205496715,s85.152515061
145_49,s4.489665362,s4.888462029,s356.643854315
145_50,s0.440331150,s5.799733840,s317.967801849
145_51,s7.441627895,s-2.729485332,s296.178086956
145_52,s-7.153162534,s1.669737276,s32.637839819
145_53,s-6.166717658,s2.585002018,s303.633994286
145_54,s-6.313644596,s4.080355250,s154.226409343
145_55,s-4.213942155,s-6.072089951,s14.397102179
145_56,s-5.665719144,s1.076108861,s359.498506412
145_57,s2.180196744,s-7.121495145,s87.804306934
145_58,s1.468302427,s-6.067983981,s27.862232647
145_59,s-1.828887271,s0.390515024,s308.556832405
145_60,s3.102300183,s-7.020782412,s229.286613555
145_61,s1.160121949,s3.722656183,s307.584384665
145_62,s-1.401956290,s-5.783123532,s138.624389200
145_63,s2.191097502,s5.807947177,s49.593208962
145_64,s5.275739438,s1.050390613,s279.856766543
145_65,s-6.547423601,s4.564609195,s90.118879594
145_66,s-6.543099112,s6.291348931,s107.743176143
145_67,s-5.204179319,s3.099249524,s331.881745560
145_68,s4.105676608,s2.598140878,s230.971192005
145_69,s-0.605765686,s1.988418740,s323.178275329
145_70,s3.119030059,s7.041805563,s115.110250909
145_71,s-0.059814911,s0.028973230,s27.268281902
145_72,s-4.541879904,s2.007153768,s80.073389578
145_73,s0.751963111,s7.069672932,s277.705670922
145_74,s3.808279188,s-2.623040347,s316.797468964
145_75,s7.105071719,s4.404999718,s307.537934174
145_76,s6.379870763,s7.144307229,s93.225071115
145_77,s7.179354617,s0.756571823,s255.671971997
145_78,s-7.326876105,s-0.034216314,s341.528299143
145_79,s-7.252515562,s7.177304345,s332.451192844
145_80,s-2.243399941,s2.052633111,s141.321730094
145_81,s-4.104643967,s-3.450667211,s78.358682941
145_82,s3.061755589,s1.762196263,s217.350646749
145_83,s-3.753037206,s-2.183659421,s277.938399130
145_84,s6.690574875,s3.011837388,s310.476154708
145_85,s3.877302094,s1.977642562,s142.391990408
145_86,s1.259067882,s2.370222541,s352.726064493
145_87,s-5.308513910,s-5.456123639,s43.934942464
145_88,s6.227868941,s5.767534862,s145.041021933
145_89,s2.551245810,s-1.961441491,s90.502022209
145_90,s7.391745422,s1.462212561,s347.289151140
145_91,s-3.472799981,s1.096921108,s26.810402930
145_92,s-3.538591447,s4.783565378,s195.243824915
145_93,s-2.280677719,s2.181145409,s179.009202843
145_94,s-5.037852679,s3.805285654,s138.953275922
145_95,s-2.178281472,s6.800952492,s249.354945644
145_96,s4.399253720,s6.842595403,s142.486383781
145_97,s-6.485473756,s-0.395734817,s251.461694249
145_98,s5.778352978,s1.067118637,s165.597296733
145_99,s6.567379213,s-0.448826587,s23.720016720
145_100,s2.480435918,s1.178896201,s169.684053258
145_101,s4.907705556,s6.394710633,s319.653173122
145_102,s1.457866684,s0.506272604,s278.525241806
145_103,s7.342096601,s1.729243736,s192.894640452
145_104,s-5.557315874,s2.996107214,s0.667141152
145_105,s-7.242284567,s2.438313990,s211.243247632
145_106,s-1.516023906,s3.783938907,s346.323240975
145_107,s1.031843431,s4.480092279,s139.648587744
145_108,s0.676679050,s3.467404426,s162.653929757
145_109,s-5.173855872,s2.210742453,s270.527749754
145_110,s3.590445664,s4.297850522,s52.893973002
145_111,s-2.198149756,s-1.033198733,s238.730388443
145_112,s-0.200869784,s2.749805272,s83.453276542
145_113,s-2.933845562,s-0.257229129,s57.539638081
145_114,s-4.030686008,s3.602416530,s252.592803896
145_115,s-4.035405275,s5.611494405,s187.102009703
145_116,s7.417871374,s3.617846196,s359.645296112
145_117,s-6.301114268,s1.666105594,s59.565420766
145_118,s-2.265743107,s2.416028331,s330.704791235
145_119,s-2.883260943,s6.271282493,s8.434715994
145_120,s-1.990503217,s6.387961688,s55.418912238
145_121,s-3.542669255,s2.702303088,s315.812514812
145_122,s-3.353224324,s7.177304345,s88.195215609
145_123,s-0.291894332,s4.859882525,s133.748150923
145_124,s6.635438218,s-3.027856076,s99.965521473
145_125,s2.997735244,s6.458069520,s359.758904071
145_126,s3.975162799,s0.703703747,s44.175706219
145_127,s6.351204570,s6.401354063,s140.591516165
145_128,s5.830264619,s3.302423936,s331.742787170
145_129,s1.901764906,s3.494650251,s119.614937874
145_130,s-6.899801580,s7.082597838,s30.017025095
145_131,s-5.221350949,s7.119233653,s129.861293126
145_132,s-7.385980921,s4.315483616,s75.236489937
145_133,s-0.282377439,s6.403902044,s42.587084717
145_134,s-7.499095350,s3.114921661,s146.318775463
145_135,s-4.742611341,s6.322164358,s248.585904771
145_136,s-1.393690812,s3.738224666,s67.341148659
145_137,s-1.028076522,s6.429755102,s233.407262209
145_138,s1.142410030,s6.804851798,s79.084983004
145_139,s7.313855143,s6.951249935,s167.662734391
145_140,s2.345082404,s2.578944463,s96.048587938
145_141,s2.532203792,s4.203335902,s34.862307253
145_142,s7.368459114,s5.889390325,s300.103709582
145_143,s-1.628331793,s5.169439894,s98.495340444
145_144,s-2.720462698,s3.798578809,s284.174688492
146_0,s-1.818113055,s-0.554348910,s290.369017203
146_1,s-3.394667066,s-5.466054729,s87.820381531
146_2,s-5.080433210,s-5.296253513,s159.381862265
146_3,s0.925678955,s-5.622065856,s62.639350222
146_4,s-1.561880680,s-3.205025777,s318.646312428
146_5,s-2.892218946,s-6.716269422,s293.402259812
146_6,s2.681628228,s-3.843975876,s35.272679271
146_7,s4.349900821,s1.175243513,s301.601949662
146_8,s3.643127287,s-6.687779576,s25.059914286
146_9,s6.284840194,s-3.849893747,s40.388932714
146_10,s4.500165323,s-5.424204572,s286.338216044
146_11,s6.577080305,s-6.547736657,s103.405789119
146_12,s-0.244546077,s-1.355349710,s46.578676743
146_13,s-2.280385457,s-2.471870503,s205.280941060
146_14,s-5.964113999,s6.368782923,s241.410396455
146_15,s0.511459918,s-0.955897118,s172.992104492
146_16,s-3.905494936,s-5.021712959,s178.028987340
146_17,s1.817882411,s-5.090528941,s135.522212346
146_18,s1.523354038,s0.031316966,s83.666597097
146_19,s2.084919239,s-5.617968928,s137.572014164
146_20,s-0.327659899,s-5.436866355,s189.522237923
146_21,s3.239330189,s-0.625462879,s86.277122852
146_22,s4.862202240,s-3.414988730,s174.948973722
146_23,s4.770282966,s-4.290642185,s116.410988053
146_24,s6.792833819,s-2.442291247,s23.149989713
146_25,s6.078291943,s1.731506261,s99.003722602
146_26,s-5.013949494,s-2.354875724,s279.096838517
146_27,s-6.396841007,s-1.752587362,s315.725270951
146_28,s-5.979847993,s0.757450074,s204.888589102
146_29,s-4.112104998,s-6.518271486,s144.252298786
146_30,s1.586536248,s2.176152939,s39.314201647
146_31,s-1.838003866,s-5.528406574,s172.829775891
146_32,s-1.898945015,s-1.432397583,s86.346458115
146_33,s3.188457287,s1.541232383,s181.570066022
146_34,s-6.204985197,s-2.823123599,s308.735933085
146_35,s2.642812489,s-2.429074650,s129.045135186
146_36,s1.778245259,s-1.634362373,s117.159606053
146_37,s4.697509159,s-5.975554851,s193.290810993
146_38,s6.794382758,s-4.649190515,s141.331661268
146_39,s-4.833747664,s-4.825764564,s81.806581406
146_40,s-3.941152136,s-0.334104583,s147.359803427
146_41,s-5.683138086,s1.549743492,s304.434131427
146_42,s-5.057960793,s0.050148612,s331.852015011
146_43,s1.544746261,s4.412329883,s189.357219430
146_44,s-0.130368840,s-3.934666752,s157.043063009
146_45,s-2.491265897,s-0.316150247,s34.382722553
146_46,s3.083560224,s3.308843414,s345.803095257
146_47,s0.621064681,s0.680874551,s316.673943017
146_48,s-2.349744526,s6.405572983,s306.402495998
146_49,s1.800200952,s3.159029990,s126.699800671
146_50,s6.172408203,s0.061283011,s245.541843362
146_51,s6.888939700,s1.218393333,s200.834421295
146_52,s-4.417947765,s-4.298166335,s266.936590808
146_53,s-4.134337424,s2.851693568,s111.698978748
146_54,s-4.764201015,s3.165116306,s320.595790315
146_55,s-0.038244643,s-6.622381466,s67.908251060
146_56,s-0.868830775,s2.895919027,s9.230534043
146_57,s-5.585557161,s5.927706537,s318.117314709
146_58,s-0.767057483,s1.322827557,s215.144464873
146_59,s3.839865916,s-0.380792298,s283.434694708
146_60,s-1.673887349,s1.010841887,s95.369007313
146_61,s3.607893402,s-2.128846026,s193.093239001
146_62,s0.775889615,s5.746377344,s354.168065896
146_63,s6.592598453,s-1.472240957,s81.245919686
146_64,s5.821913901,s-2.657419365,s159.806250130
146_65,s2.743703135,s3.203622633,s328.289728197
146_66,s-0.838332264,s2.571110167,s191.156583819
146_67,s-4.755916218,s1.334097997,s180.710587908
146_68,s-5.825436817,s-0.310620314,s2.836513697
146_69,s-3.872851712,s1.189312340,s288.973102785
146_70,s-2.040345444,s0.779495633,s255.415200352
146_71,s0.464907136,s2.130126439,s29.102783426
146_72,s-1.461668543,s5.581447915,s232.866478027
146_73,s3.754530931,s-0.938731746,s330.634174829
146_74,s3.971883119,s2.908919829,s56.308245247
146_75,s-0.164082902,s-3.295208873,s342.377515928
146_76,s5.526193666,s-2.249757225,s325.482141472
146_77,s6.760811836,s6.278725015,s126.336684964
146_78,s-6.018709057,s4.573555141,s110.032310581
146_79,s-2.171783534,s-1.415919589,s168.479536513
146_80,s-0.740931357,s-3.705161309,s62.718876047
146_81,s-5.246448276,s-1.565967893,s311.786126742
146_82,s-4.343623428,s-3.821838764,s15.973949328
146_83,s2.133006968,s2.522865340,s9.455906368
146_84,s-0.006478672,s1.609789827,s60.015409333
146_85,s1.769070518,s-2.206606260,s40.670016434
146_86,s3.278064369,s6.033700529,s273.106850133
146_87,s3.741111281,s1.522232035,s98.263463633
146_88,s4.530253073,s-2.559522385,s352.126232018
146_89,s3.042943144,s0.490824791,s311.810036899
146_90,s4.938190450,s3.247416083,s340.201374130
146_91,s-6.028302320,s2.773026057,s201.617911575
146_92,s-5.544261057,s2.384177621,s159.075390052
146_93,s-3.353432480,s3.021734535,s229.089361231
146_94,s-2.201688926,s-0.247655917,s149.109420626
146_95,s-4.399477720,s5.080908724,s307.457125262
146_96,s-1.747019496,s2.271827627,s60.529740183
146_97,s2.417584139,s0.522392549,s217.665519954
146_98,s4.307347388,s-3.730862144,s187.938567328
146_99,s-1.548659691,s-0.479492346,s176.433215321
146_100,s0.064857868,s3.934297621,s185.471299068
146_101,s6.902778958,s2.329233312,s195.777182540
146_102,s6.200110806,s3.306366620,s53.427901692
146_103,s4.168228754,s4.624877484,s263.557763468
146_104,s-6.363070456,s5.111537244,s99.935780430
146_105,s-6.409344607,s2.017624370,s50.475880076
146_106,s-0.556340870,s3.176586468,s275.499247110
146_107,s-4.915926492,s4.498662250,s24.952910040
146_108,s4.421316851,s3.386066184,s238.257876569
146_109,s3.534470179,s5.259824690,s243.231358775
146_110,s5.992931877,s-5.380045369,s37.270031897
146_111,s6.272890833,s5.753502681,s155.029612884
146_112,s1.329358278,s0.445240769,s187.839910279
146_113,s-3.188056059,s3.334240313,s75.155266876
146_114,s4.793298481,s6.425526217,s219.984517104
146_115,s3.068443447,s-5.767315832,s157.417577089
146_116,s-1.167443812,s5.008628892,s304.737479248
146_117,s-6.546388024,s6.364283770,s60.055169341
146_118,s-3.062412159,s4.362981951,s54.905170230
146_119,s-3.157794491,s6.629487929,s312.266261689
146_120,s-0.994794427,s-0.859307504,s116.480269656
146_121,s3.765348304,s3.909084331,s103.308060500
146_122,s-1.117347683,s6.666535455,s162.429420712
146_123,s3.037602698,s1.988475490,s266.635739283
146_124,s-2.190362297,s4.651093016,s159.295700411
146_125,s4.674027426,s5.353728063,s340.358018112
146_126,s-0.376842177,s6.240339169,s248.142495048
146_127,s5.561413194,s-1.034782134,s251.275569436
146_128,s0.703076536,s6.525494247,s315.207343926
146_129,s2.018268699,s6.636338045,s241.182047940
146_130,s-6.034884934,s0.000665340,s332.411640587
146_131,s-3.912538739,s6.406497861,s175.890551193
146_132,s-0.414864690,s3.643183678,s125.813828018
146_133,s-1.752036061,s4.232239179,s336.143593428
146_134,s-4.067691142,s0.316787089,s262.350142671
146_135,s-3.159912259,s5.024097632,s239.822094050
146_136,s-4.134430829,s4.471019727,s275.451423992
146_137,s4.184456160,s4.111814797,s114.224488996
146_138,s6.555390203,s4.588529306,s112.452288877
146_139,s5.144321758,s0.364304995,s27.147767693
146_140,s5.112167205,s6.346788161,s339.889463057
146_141,s6.416387727,s3.921950212,s69.136376363
146_142,s5.150194333,s1.166486413,s298.722433871
146_143,s-2.527147851,s5.342727470,s294.743019682
146_144,s-4.991138507,s3.103968950,s206.887604479
146_145,s-3.801109209,s6.606083088,s103.139159924
147_0,s-6.142704083,s-6.397949727,s7.999937948
147_1,s-7.097850044,s-0.342539315,s87.044671982
147_2,s-7.070942473,s-7.295712060,s21.742306715
147_3,s-5.281760182,s-5.077246208,s132.200490795
147_4,s-3.671753275,s-5.414595955,s288.185786061
147_5,s-2.091296945,s-6.081330321,s89.861689845
147_6,s3.105308025,s-3.277071467,s358.446436866
147_7,s2.129399962,s-0.991290884,s222.835875792
147_8,s2.618309899,s-4.193085076,s355.796840072
147_9,s-0.633851860,s-6.645924789,s148.046364615
147_10,s2.867443978,s-5.452326739,s66.608416200
147_11,s6.868027162,s-2.175676933,s282.734197633
147_12,s5.211476744,s-7.125960623,s98.912551701
147_13,s-5.588300411,s3.037432212,s65.925790603
147_14,s-6.985313347,s-1.523285425,s107.722882550
147_15,s-7.278416237,s-2.031878911,s120.504481595
147_16,s-3.607120778,s-7.445395779,s11.505826553
147_17,s-3.831927338,s-2.085886203,s125.788368209
147_18,s-7.246630740,s-5.539241201,s69.188905115
147_19,s-1.144559013,s2.807518387,s283.431403934
147_20,s1.853483348,s-5.856623706,s0.061945869
147_21,s-7.179886800,s-3.487410481,s185.548018445
147_22,s2.974559788,s1.124176714,s243.495962174
147_23,s6.686116049,s-3.756983933,s78.969130684
147_24,s2.793763681,s-2.069611453,s203.150447059
147_25,s4.840889438,s5.145372409,s37.616931293
147_26,s-5.889784029,s-1.315902702,s219.361208137
147_27,s-2.309916155,s0.025738145,s1.910875597
147_28,s-6.663812178,s-4.565322277,s20.629460838
147_29,s-2.558681972,s1.604364454,s168.636349952
147_30,s-5.818018450,s0.150582716,s331.238923414
147_31,s-4.315993104,s-0.455777991,s74.713010910
147_32,s-1.647843328,s-0.978374254,s127.777682620
147_33,s4.318017298,s-1.796507914,s96.991393618
147_34,s5.517142953,s1.292171878,s163.187624279
147_35,s2.212322141,s2.034547829,s257.629972237
147_36,s3.757626665,s-6.352873145,s9.667779637
147_37,s1.061662856,s2.031161119,s61.090201517
147_38,s6.698381128,s-1.593757019,s239.074368005
147_39,s-2.590967482,s-0.414083739,s245.814218826
147_40,s-5.441346375,s3.732285601,s69.888391265
147_41,s0.600264104,s-3.552809821,s8.482320413
147_42,s-5.011380079,s-2.523929745,s246.710312625
147_43,s-2.590698261,s-1.324413587,s212.937890552
147_44,s0.445552285,s-1.670338816,s286.991046460
147_45,s-1.135483911,s-4.321928613,s104.777333179
147_46,s-0.689052827,s3.755414228,s164.920219424
147_47,s0.123214803,s-4.724268424,s259.490368153
147_48,s-1.753671517,s0.442150384,s7.084201846
147_49,s2.466281182,s-7.217761337,s331.358704126
147_50,s7.097372161,s-4.825252794,s168.888972463
147_51,s6.416525564,s-5.759644571,s89.350050052
147_52,s-7.192430885,s0.497705718,s260.186431412
147_53,s-4.694075689,s-0.549685350,s221.905253228
147_54,s-5.081922167,s1.884420482,s51.639485830
147_55,s0.072297039,s1.176622753,s223.247845161
147_56,s1.378149878,s-3.435011737,s99.257603329
147_57,s-3.310316484,s2.139616128,s258.221251289
147_58,s2.021539550,s-0.011606861,s160.576652668
147_59,s0.846569306,s0.477227098,s284.195949632
147_60,s3.700430642,s-0.934435907,s13.266274710
147_61,s4.650619017,s1.988892991,s81.854236901
147_62,s2.555634773,s1.047081445,s217.229311673
147_63,s1.310662895,s6.427659284,s161.210958906
147_64,s5.759364843,s-2.247769771,s180.614853303
147_65,s-4.683232052,s4.940457388,s323.932953743
147_66,s-2.134181980,s7.083645773,s90.289305647
147_67,s-6.955144283,s3.250864105,s260.283579098
147_68,s-7.232147406,s1.189629832,s300.873593304
147_69,s0.360100583,s6.804164253,s216.450470921
147_70,s-4.739546539,s3.346317901,s162.003346590
147_71,s0.335268068,s1.794520840,s198.201109076
147_72,s3.413571293,s2.885790852,s231.936256512
147_73,s7.185611642,s2.711967208,s81.088570223
147_74,s4.959378248,s2.874056766,s305.396577847
147_75,s7.049714997,s0.160030812,s57.669559431
147_76,s5.020583439,s-4.466666040,s53.125776320
147_77,s7.160384343,s1.155518943,s323.793788956
147_78,s-6.233485050,s-0.627146689,s53.198945850
147_79,s-5.389507468,s-6.911885627,s137.147340246
147_80,s-6.675700171,s4.521141194,s224.536182737
147_81,s-3.860012281,s3.867544794,s349.589239940
147_82,s-3.581750200,s5.612370329,s310.750879663
147_83,s0.744534160,s5.272704661,s71.928669858
147_84,s-1.926931730,s-4.410757769,s57.917001711
147_85,s1.122094313,s4.653578849,s178.698621782
147_86,s2.827133975,s4.049347921,s219.283762978
147_87,s-1.509729242,s-1.643335467,s196.318230010
147_88,s6.065430677,s6.055520953,s224.799645774
147_89,s5.432431220,s4.205877299,s240.808145275
147_90,s3.598791680,s6.889224656,s152.251986591
147_91,s-2.821092262,s4.148514840,s128.434613857
147_92,s-3.968335762,s6.867756012,s9.692369022
147_93,s-4.328790996,s2.754492524,s338.073179378
147_94,s-1.560744832,s7.055319280,s162.481603693
147_95,s-5.890041408,s5.832393907,s182.607230239
147_96,s5.828624324,s-0.450671231,s73.570535337
147_97,s5.097194381,s6.080188306,s6.167770048
147_98,s6.857056740,s3.791431845,s271.732884303
147_99,s7.158022132,s0.441602196,s243.743816937
147_100,s-0.130085213,s5.096890889,s102.133146296
147_101,s2.824101273,s4.883321604,s35.828848742
147_102,s4.583053645,s-0.272061814,s194.733354290
147_103,s-1.733840780,s5.954261680,s227.859121378
147_104,s-7.357825174,s5.278609473,s16.463356667
147_105,s-1.569113500,s1.449762998,s125.215519701
147_106,s-5.984566714,s7.035694738,s224.942619201
147_107,s-3.406330731,s4.916527252,s276.598942578
147_108,s-0.755780569,s6.241689815,s161.100950894
147_109,s-2.595656667,s6.159332337,s282.426395698
147_110,s6.587966458,s7.010354476,s194.372139579
147_111,s0.826512892,s6.794913948,s12.264098707
147_112,s1.086258634,s-6.712735791,s327.267255716
147_113,s1.432700928,s4.561521051,s98.103013231
147_114,s5.712748124,s1.043948847,s262.480260544
147_115,s6.977304811,s6.489602931,s300.020071708
147_116,s6.579314194,s1.892313848,s0.574744324
147_117,s-5.286889984,s4.533629640,s220.287236884
147_118,s-2.288019054,s2.564968777,s6.838742088
147_119,s3.231051956,s1.748942219,s299.285367965
147_120,s-4.874237091,s4.463468244,s18.966994710
147_121,s-6.984723080,s2.530092651,s95.469307160
147_122,s-4.288297208,s5.690783037,s297.380997213
147_123,s1.105975680,s6.039417314,s302.155799949
147_124,s5.606902406,s3.398109316,s255.862264781
147_125,s-0.006559589,s6.971642379,s235.655902290
147_126,s-1.741267570,s3.553529107,s131.388762359
147_127,s1.783907881,s7.012933837,s258.197394873
147_128,s5.184485244,s6.658925917,s17.041548898
147_129,s7.199638440,s5.018072745,s333.759851102
147_130,s-7.026564700,s6.820765439,s158.493053012
147_131,s-5.079515336,s6.860404597,s276.679175218
147_132,s-5.149957697,s6.165204596,s18.105534179
147_133,s-3.552331970,s6.815120144,s111.035732558
147_134,s-3.233226824,s7.042525640,s173.369354173
147_135,s-0.519549843,s0.478508539,s197.831990972
147_136,s-0.863468853,s6.497315489,s186.177568663
147_137,s4.011724889,s5.767070763,s171.971101064
147_138,s1.345544020,s2.952902475,s25.838575288
147_139,s5.006858242,s3.798195384,s354.621461577
147_140,s3.903692736,s4.325814955,s79.770663968
147_141,s4.989214568,s7.079502556,s67.513388820
147_142,s7.214429532,s7.064391964,s257.163599050
147_143,s-6.767986240,s6.619998460,s195.483809243
147_144,s-5.392881700,s3.817681329,s63.070504451
147_145,s-1.997705574,s4.392951874,s183.654463370
147_146,s2.289106362,s2.992953866,s353.126205240
148_0,s-6.246392847,s-3.475112595,s39.048075546
148_1,s-2.370667992,s-6.861025407,s201.222577198
148_2,s-0.962496813,s-2.977813434,s13.227440717
148_3,s-6.959130636,s0.798855222,s359.480204249
148_4,s-4.316308206,s-7.066220628,s227.631306227
148_5,s0.823955548,s2.054886439,s24.002828362
148_6,s0.051898305,s-3.595727581,s131.716911999
148_7,s-4.057971689,s-5.067843623,s8.408812419
148_8,s1.651046091,s-4.354455306,s50.028759936
148_9,s0.169579812,s-6.821807835,s318.145734653
148_10,s6.461572253,s-2.714638851,s341.317601074
148_11,s0.881645336,s-6.695853522,s259.152175327
148_12,s5.419013290,s-7.069871985,s101.595025732
148_13,s-3.448629577,s3.589094507,s325.067069668
148_14,s6.289492575,s2.202609874,s45.880983081
148_15,s0.471742858,s-4.513555620,s330.833786722
148_16,s-5.012401209,s-3.531477748,s62.791245244
148_17,s3.300639302,s-2.571380466,s202.026407436
148_18,s-5.336132549,s-5.267534089,s229.497422007
148_19,s-1.891469880,s-5.671563469,s138.745181974
148_20,s-0.306872067,s-5.108086021,s264.782424320
148_21,s5.210556208,s0.715670047,s119.287899565
148_22,s1.194196052,s-1.375606516,s71.172815337
148_23,s5.508687887,s-5.479202372,s319.498051653
148_24,s2.213860665,s-5.231741142,s52.934924473
148_25,s5.187685581,s0.236325170,s242.558434929
148_26,s-6.553472190,s-2.310906809,s275.817449826
148_27,s-6.570303294,s-5.475665017,s61.220711689
148_28,s-2.964056802,s-5.722321541,s94.863815159
148_29,s-2.449131888,s-1.511178123,s322.171178147
148_30,s-1.462531588,s-5.488163894,s243.115248850
148_31,s5.080493953,s-2.507164602,s79.405769993
148_32,s1.517969372,s5.963098361,s121.726865405
148_33,s2.222260769,s-2.943889530,s216.036803904
148_34,s0.864183407,s-5.625733574,s182.550711505
148_35,s3.641381285,s-0.538584643,s85.778566153
148_36,s7.159031863,s2.544210908,s132.127179309
148_37,s6.561590933,s-4.057164597,s19.598895843
148_38,s7.102498702,s-1.649533658,s34.538885699
148_39,s-2.315243878,s2.222775255,s286.595411142
148_40,s-6.160066923,s-1.695693353,s74.977348783
148_41,s0.878663401,s0.542526740,s36.491127979
148_42,s-5.080466580,s-0.602622825,s240.251578232
148_43,s1.273817442,s-1.957922418,s359.392162169
148_44,s-1.194415261,s1.731165697,s102.551284099
148_45,s2.517394585,s2.633425660,s183.746664948
148_46,s4.579015279,s-1.459268736,s341.020881453
148_47,s5.336979023,s3.842730379,s86.217665205
148_48,s3.571535731,s2.114344803,s155.466939096
148_49,s4.158911106,s-3.512761081,s97.576003877
148_50,s3.067645185,s2.941900945,s123.316104121
148_51,s4.943849820,s-1.322757818,s132.748557969
148_52,s-4.831617570,s-0.307567618,s181.635298833
148_53,s-0.622031355,s-0.352373668,s116.453507815
148_54,s-5.548246597,s1.337235361,s272.573470584
148_55,s-4.679831685,s-2.174422004,s7.036287378
148_56,s0.483410564,s5.966793632,s168.639955007
148_57,s0.771858824,s6.951405277,s60.859158236
148_58,s-5.006643061,s5.846193829,s10.063260351
148_59,s5.198346015,s-0.604102528,s296.627493288
148_60,s-0.577471253,s-2.292873526,s232.793227443
148_61,s7.159031863,s-4.496634883,s84.540046574
148_62,s7.091631147,s-0.372610122,s204.804089395
148_63,s1.790139847,s0.059602935,s27.374650960
148_64,s7.159031863,s4.125639075,s315.981041506
148_65,s-5.584296410,s2.331841001,s75.984820125
148_66,s-6.541752370,s5.180078789,s200.546860857
148_67,s-6.325210467,s4.324375427,s16.497995868
148_68,s0.554943135,s-1.625854252,s16.402635592
148_69,s-4.227311708,s2.172111438,s15.434167725
148_70,s2.062714962,s1.621424717,s97.502831814
148_71,s6.486628380,s-6.488853187,s302.446040974
148_72,s7.108243267,s2.810812145,s53.035816536
148_73,s3.280246262,s-4.955024924,s48.386832755
148_74,s2.594330103,s4.086012774,s21.116577654
148_75,s6.318220298,s-0.559693747,s287.711388006
148_76,s7.159031863,s6.803882207,s350.510443535
148_77,s4.061263516,s1.625968041,s171.748404960
148_78,s-2.202567850,s5.217632437,s264.955461525
148_79,s-1.865932846,s6.689097938,s180.657444784
148_80,s0.416790930,s1.322769162,s170.038907405
148_81,s-3.529247370,s1.833456869,s117.157512490
148_82,s-2.694051131,s-0.732291840,s16.952942301
148_83,s3.075749574,s-3.243820394,s105.236527914
148_84,s-1.836721163,s3.608783098,s281.890216387
148_85,s-2.555559534,s5.723320741,s90.441390799
148_86,s3.513728458,s6.072820866,s198.593104042
148_87,s0.251507466,s3.665528914,s190.978222090
148_88,s-1.029094799,s6.356207964,s14.145447337
148_89,s2.528133430,s-1.253437815,s70.411385334
148_90,s1.451730318,s2.002343244,s56.512436896
148_91,s-2.771512654,s4.314499982,s220.248178294
148_92,s-3.736051071,s4.686764396,s234.865991340
148_93,s-3.580347458,s-1.037890450,s202.596791919
148_94,s0.082013546,s-0.612451658,s3.486585340
148_95,s-2.228201607,s6.926989649,s51.703753910
148_96,s1.058930622,s6.979940662,s245.905272474
148_97,s5.405510431,s2.289120457,s257.204111728
148_98,s-4.427806476,s0.179987062,s139.960729807
148_99,s-1.900783024,s0.274135919,s146.869072260
148_100,s2.804829071,s5.751523372,s253.949204749
148_101,s1.178915708,s3.047824338,s262.339498182
148_102,s1.397992361,s0.785815893,s263.896933544
148_103,s3.745534976,s3.348068626,s298.355908443
148_104,s-2.241060380,s3.637434192,s3.462696402
148_105,s-7.034212081,s2.686456460,s45.111957639
148_106,s0.746701880,s4.197307566,s184.412921388
148_107,s-6.915617938,s4.197322729,s92.343329813
148_108,s-1.855517748,s5.368261608,s24.327503194
148_109,s2.955384050,s5.192241584,s38.778970156
148_110,s-4.261887202,s4.445656665,s96.632630225
148_111,s-0.835038684,s-1.569023290,s343.414184648
148_112,s3.876702203,s6.921385775,s285.669424662
148_113,s4.912234912,s6.059133146,s1.419056810
148_114,s2.189534674,s6.599226957,s174.543319019
148_115,s5.413694633,s6.281725573,s279.309369514
148_116,s6.698279632,s4.591512057,s138.640825151
148_117,s-6.147667169,s4.729082032,s318.110919928
148_118,s-5.639041544,s3.692985049,s227.905361781
148_119,s-1.439322708,s1.504124937,s294.681550384
148_120,s-5.370741210,s2.563813960,s40.733747731
148_121,s-0.940785450,s0.173961530,s131.587213195
148_122,s-5.855787280,s6.567438110,s39.286938597
148_123,s2.594386893,s5.532263573,s344.643484768
148_124,s6.053385923,s4.363789080,s344.899412240
148_125,s5.266726437,s5.290243023,s36.773832620
148_126,s5.067402486,s6.945498390,s325.750025888
148_127,s6.097944520,s6.903772332,s228.236886578
148_128,s2.930108184,s4.137365161,s163.673436998
148_129,s-1.737890665,s4.571304520,s298.110269687
148_130,s-3.051262561,s5.594046212,s293.658846474
148_131,s-6.147646597,s1.422131802,s148.331217007
148_132,s-6.680387718,s6.845845887,s61.354078452
148_133,s-5.069176292,s6.757061198,s59.240377603
148_134,s-6.554453762,s-0.700353774,s124.018580706
148_135,s5.990092282,s4.243977504,s45.958254212
148_136,s1.775438058,s6.888141254,s27.527126760
148_137,s7.159031863,s4.619760500,s327.264983967
148_138,s1.938113290,s3.377055276,s4.055401512
148_139,s4.578017508,s4.701566190,s98.604181277
148_140,s6.752429269,s5.715838984,s79.660658571
148_141,s5.606229289,s4.859658306,s307.208986949
148_142,s3.856151276,s5.568600539,s18.211704139
148_143,s-1.360604136,s3.571264288,s341.829993923
148_144,s-0.128761941,s6.874889411,s241.698878480
148_145,s-6.628748930,s5.647145362,s8.092189081
148_146,s2.810431218,s5.254742834,s350.524025304
148_147,s-2.773080236,s5.982294228,s297.387384592
149_0,s-6.871688684,s-3.514788094,s133.498394295
149_1,s-5.326210758,s6.382778659,s311.352918891
149_2,s-2.184155726,s-4.072616908,s155.411217026
149_3,s2.990208723,s-2.326922655,s107.445474837
149_4,s-3.764990547,s-6.861361383,s55.687241076
149_5,s-0.922680104,s0.950918998,s237.303912643
149_6,s1.028198426,s-6.737386349,s167.003767733
149_7,s1.427458256,s-2.986544871,s118.192817670
149_8,s2.277957965,s-3.344904300,s91.251455284
149_9,s5.463749755,s1.144287079,s261.354294516
149_10,s2.780265855,s-3.647528422,s61.709124972
149_11,s4.575229648,s-3.881815891,s124.534329839
149_12,s4.240995330,s-6.698578529,s108.853083983
149_13,s-4.888790139,s-6.679130339,s117.453934340
149_14,s-4.037104218,s-1.504308004,s194.772862866
149_15,s-6.979895641,s-6.303470365,s244.131357399
149_16,s-3.386438449,s-2.179303897,s135.864802941
149_17,s-0.209045545,s-4.016416678,s255.425216942
149_18,s-2.999679361,s-3.241856898,s314.700518708
149_19,s2.504102931,s-4.383457703,s285.553214006
149_20,s5.264324072,s-3.190747622,s8.525505044
149_21,s0.846407434,s-1.472108305,s24.795325341
149_22,s-1.707838226,s-6.047241025,s313.743558089
149_23,s3.894012757,s-2.554514641,s205.553672897
149_24,s6.594712038,s-1.494878877,s283.868596010
149_25,s6.460990168,s-6.652418918,s357.699136813
149_26,s-2.273449874,s-2.113390876,s168.309256926
149_27,s-3.085129380,s-5.246654931,s233.532761160
149_28,s-5.012414331,s-2.619267102,s123.454254166
149_29,s-5.686157995,s5.065057757,s310.800836452
149_30,s-2.743156662,s-0.654473355,s228.188469408
149_31,s-6.869408204,s4.670417338,s149.341151298
149_32,s-0.071328116,s-6.108923251,s293.861279173
149_33,s-2.227150264,s-5.231360570,s65.398994986
149_34,s2.687168051,s5.450928345,s121.629234262
149_35,s-4.628410563,s-0.281461116,s167.033509496
149_36,s3.806426703,s0.261178032,s322.417377486
149_37,s6.750711197,s-4.100161999,s239.588219656
149_38,s3.648642615,s0.254783210,s250.853008660
149_39,s-1.505395022,s-4.573795421,s29.834104458
149_40,s-6.957668335,s2.118491303,s323.283584314
149_41,s1.657628542,s-5.361772415,s111.180575915
149_42,s0.302627719,s6.222791144,s4.264706100
149_43,s1.900034720,s-6.727235841,s303.611948642
149_44,s-6.256358332,s-0.689994447,s359.207044727
149_45,s0.772073451,s3.505423180,s354.511610265
149_46,s0.337304727,s0.295680293,s260.133861336
149_47,s-1.828350955,s-0.146271368,s6.783047485
149_48,s6.666204635,s0.129451721,s295.028367514
149_49,s3.159248236,s-6.288420247,s132.487180426
149_50,s6.530303662,s3.746588809,s237.608053625
149_51,s5.100629280,s-1.921180264,s248.001837228
149_52,s-4.953827631,s2.125086856,s127.940683658
149_53,s-7.041822022,s3.889705798,s272.547986813
149_54,s-5.084910810,s-4.609631078,s92.944017993
149_55,s2.330036107,s1.758375465,s184.863004206
149_56,s-6.919668435,s5.862487497,s262.033264150
149_57,s2.825206077,s1.498057814,s59.822737421
149_58,s-4.390585718,s-3.876703290,s268.831310236
149_59,s0.412149752,s-2.655777421,s255.143393260
149_60,s-5.442725804,s3.388750536,s74.931290919
149_61,s5.835731428,s-2.809343185,s251.628353452
149_62,s3.486311882,s-0.906660236,s6.694669086
149_63,s6.411324975,s3.255735817,s126.371268771
149_64,s6.110478534,s4.606451809,s198.943321780
149_65,s-6.213132094,s-2.174314345,s109.408417611
149_66,s-6.420086587,s5.952772952,s315.698931840
149_67,s0.610909946,s4.343424787,s253.978967212
149_68,s2.875885202,s-0.341842168,s213.868458770
149_69,s-5.236621641,s-0.806216370,s234.683648057
149_70,s-6.524848787,s6.818101702,s187.282891889
149_71,s-0.373853280,s2.250085391,s48.110081488
149_72,s-0.634445343,s1.603060466,s121.237687351
149_73,s3.837616987,s-3.573279178,s37.476265479
149_74,s6.571998928,s1.591218458,s175.730110393
149_75,s2.499997296,s0.085540424,s286.763625518
149_76,s1.274135363,s6.061857192,s334.385369592
149_77,s3.407233677,s1.455578411,s146.278533662
149_78,s-6.384676718,s2.087434165,s278.791067384
149_79,s-2.956363326,s0.921076555,s175.841356015
149_80,s-5.773686079,s1.481189616,s101.743255323
149_81,s-6.502406019,s1.622241667,s347.854152355
149_82,s-3.916693294,s3.905508283,s239.093237951
149_83,s2.248328339,s5.962826833,s319.714838613
149_84,s-0.514757777,s3.927269050,s138.341923682
149_85,s6.494980944,s4.950199841,s42.253002852
149_86,s-0.070059022,s-0.000681914,s200.178430977
149_87,s-1.190244528,s-0.975218545,s0.201202829
149_88,s1.547861722,s4.190833416,s242.349286402
149_89,s4.326863075,s6.317462864,s292.617625767
149_90,s6.457764386,s-5.829323206,s242.096455266
149_91,s-2.055279672,s1.162351817,s339.948530955
149_92,s-6.922209558,s6.667127415,s197.602282429
149_93,s-6.245401183,s5.072391940,s190.668742857
149_94,s-5.393091146,s1.047071235,s89.184969188
149_95,s-0.399759073,s5.573582127,s234.976901860
149_96,s-6.927741701,s0.656872476,s307.910178670
149_97,s6.702837242,s6.304144607,s105.724224454
149_98,s1.619625792,s5.988494396,s4.713882042
149_99,s1.467332097,s2.881314162,s49.437200469
149_100,s6.734511558,s2.848630176,s13.798395284
149_101,s1.501065039,s4.392786314,s194.389299876
149_102,s3.811762771,s5.445374584,s113.708450949
149_103,s6.720203517,s5.721314761,s64.574541197
149_104,s-4.252135933,s6.692596955,s350.519280587
149_105,s-0.512800114,s5.866113279,s118.320121056
149_106,s-2.294202212,s4.863345038,s253.558997806
149_107,s-1.462308494,s6.818101702,s169.647783021
149_108,s-1.543168537,s1.412732520,s36.574378251
149_109,s2.850376249,s4.982998972,s350.261672408
149_110,s-0.091839732,s2.889981016,s152.429014984
149_111,s-2.321839975,s4.683251635,s329.592929403
149_112,s-2.803237239,s6.115217319,s240.956767254
149_113,s3.860731224,s3.391442583,s343.221309185
149_114,s6.200456841,s6.643914873,s121.582232909
149_115,s6.652013881,s0.061098001,s269.709711077
149_116,s5.731679107,s6.455128483,s101.507362582
149_117,s-1.489024993,s3.862173446,s290.418056065
149_118,s-3.971652715,s5.897255837,s3.854324118
149_119,s-6.937695829,s-1.815296278,s156.742226376
149_120,s-2.762469669,s3.899753786,s85.468019187
149_121,s5.586942673,s4.144959717,s80.020123520
149_122,s2.258361788,s0.697946599,s239.425895399
149_123,s-0.469398730,s6.786731160,s158.410632753
149_124,s0.085142858,s6.818101702,s299.753043013
149_125,s3.806268432,s-0.483489361,s292.503532156
149_126,s1.075978372,s6.151633501,s213.655153351
149_127,s5.734857864,s3.465240888,s9.836735754
149_128,s1.468905902,s5.472355510,s96.197107099
149_129,s-1.498861213,s-5.485720129,s249.618057400
149_130,s-4.130958787,s3.662881934,s233.200281617
149_131,s-3.631510982,s2.272197864,s324.413704183
149_132,s-1.321884302,s-3.584183991,s355.162659305
149_133,s3.520745338,s6.626589015,s301.875994587
149_134,s2.359134063,s2.588576095,s202.596132788
149_135,s-3.111069228,s1.459138041,s171.316468745
149_136,s5.347085706,s5.434123949,s344.784611539
149_137,s-1.982454577,s4.188341925,s120.750549674
149_138,s4.511134270,s4.051920745,s72.090007660
149_139,s1.614122497,s0.311839322,s264.633212314
149_140,s-1.491597541,s5.360767267,s335.258492061
149_141,s3.767919848,s2.007699259,s135.106842900
149_142,s6.034664920,s5.634362421,s149.947159305
149_143,s-1.681249113,s5.262810066,s323.195180334
149_144,s-3.415849409,s6.730047169,s10.404011157
149_145,s-4.589645170,s6.241401923,s296.285754616
149_146,s-5.711599103,s2.985185107,s178.845714839
149_147,s-2.201991772,s6.447865471,s355.762833141
149_148,s2.696831922,s1.179857485,s166.622709658
150_0,s-7.099107023,s-6.273708878,s13.001377338
150_1,s-4.707950595,s-2.974985268,s106.618991582
150_2,s-6.096019805,s-4.264494697,s240.052659038
150_3,s-5.649372569,s-5.403461907,s184.069221105
150_4,s-1.512554948,s-6.064291645,s44.940550641
150_5,s-0.981816825,s-2.723085381,s311.781237838
150_6,s2.534590741,s-0.921322295,s350.941382078
150_7,s-0.339117366,s-7.414270279,s148.402720516
150_8,s0.760655999,s-6.631317043,s37.946830328
150_9,s1.967003143,s-4.832428487,s210.588896391
150_10,s3.069605050,s-3.332974406,s232.450019056
150_11,s5.700939461,s-3.601072381,s237.794420989
150_12,s7.242341323,s-7.160194193,s173.552207712
150_13,s-2.470322819,s-4.175004243,s80.542856634
150_14,s-2.980663369,s4.378970080,s261.285867672
150_15,s-6.577155535,s-3.900361743,s306.775115289
150_16,s-6.009775541,s-7.443906195,s55.651875768
150_17,s-4.609918102,s-1.241497251,s133.627677836
150_18,s-2.685599958,s-4.639040532,s92.817937890
150_19,s-3.489522429,s-0.719058015,s44.410700313
150_20,s6.086643006,s6.887517362,s219.837167074
150_21,s1.084914710,s-2.889880914,s97.077895498
150_22,s4.681963154,s-6.010925445,s103.809569945
150_23,s6.198370867,s-7.073004448,s215.658212620
150_24,s1.583574011,s-6.511163437,s79.602541529
150_25,s3.901792874,s-6.421104109,s219.557754573
150_26,s-5.780031677,s1.082234831,s24.935789672
150_27,s-1.646322034,s-4.166692354,s251.040917833
150_28,s-6.474337789,s-2.949004752,s289.468360028
150_29,s-5.831989360,s0.125199924,s44.109766593
150_30,s-2.912914975,s-2.168288457,s202.131375696
150_31,s-3.532789230,s-7.385935591,s23.951076008
150_32,s2.778629412,s-4.614534129,s22.597737297
150_33,s-0.766945506,s0.077491033,s195.541605575
150_34,s1.634940458,s-7.322052512,s153.911379555
150_35,s2.580913915,s-3.022349138,s243.328457566
150_36,s0.779515216,s-5.950355610,s140.974375930
150_37,s0.873919439,s-0.473102641,s242.280901723
150_38,s3.425206619,s-1.769690361,s95.219454921
150_39,s-7.423624674,s2.598711484,s138.077902342
150_40,s-7.330817648,s-0.740575186,s304.604167204
150_41,s1.860570512,s4.693006160,s254.422733729
150_42,s2.932958405,s-5.997851469,s288.838761062
150_43,s-2.095434868,s-2.895505467,s304.911955375
150_44,s2.538567772,s0.995755410,s163.076399164
150_45,s4.690508126,s5.618933733,s19.467030480
150_46,s-1.622928319,s-4.817193757,s195.507037843
150_47,s0.147905479,s-1.382149465,s122.256641302
150_48,s5.489614673,s-1.642898629,s132.962210266
150_49,s-2.131294815,s-1.338269443,s340.516586449
150_50,s3.804753376,s-2.528791004,s349.672097643
150_51,s6.567657796,s-4.946720702,s164.581480889
150_52,s-3.802274554,s3.289285476,s149.797383190
150_53,s-6.684840748,s1.055415440,s125.702522793
150_54,s-0.220164291,s-1.988178866,s269.915384207
150_55,s-4.988977353,s-2.643143310,s18.623158695
150_56,s0.086555284,s-5.012418233,s317.864093478
150_57,s-0.020993157,s1.462602626,s313.494228689
150_58,s-3.155948924,s-1.376277122,s191.537074907
150_59,s6.707251317,s0.651811298,s102.224647983
150_60,s1.188179230,s2.791856626,s77.901471556
150_61,s6.761537564,s-2.262870331,s160.100829423
150_62,s0.968713224,s0.752075753,s115.069654445
150_63,s7.407308497,s2.815998132,s123.786137517
150_64,s3.122910095,s-0.266696669,s10.976040053
150_65,s-7.292618426,s5.557964432,s79.102343344
150_66,s-7.532409919,s5.264987425,s340.634084039
150_67,s4.043041104,s3.017950137,s161.425132253
150_68,s-6.812183666,s0.181649359,s276.567837443
150_69,s-3.235125445,s-6.354793203,s155.957617487
150_70,s-2.704622680,s-6.332008251,s266.520822197
150_71,s-3.508985202,s5.547809635,s291.620983121
150_72,s0.521229847,s4.027918085,s328.397643356
150_73,s5.706172721,s-2.533335479,s274.838482926
150_74,s6.479764854,s3.286878379,s31.429668826
150_75,s3.586737264,s-5.035229989,s243.480660024
150_76,s7.168801862,s2.269962177,s37.292307698
150_77,s5.930570448,s1.146033589,s157.996733799
150_78,s-6.528089409,s5.501348003,s84.796196804
150_79,s-1.408143802,s1.840912247,s150.133361498
150_80,s-1.149420298,s3.623477945,s139.769913379
150_81,s0.338694684,s4.612723844,s143.042089266
150_82,s-3.435700552,s1.555187506,s15.536802135
150_83,s1.982050877,s5.712712225,s281.244203114
150_84,s-7.535668701,s4.290180742,s294.552583154
150_85,s5.673860470,s7.321195794,s127.139860660
150_86,s6.751734712,s4.604505716,s152.125701083
150_87,s-6.528890167,s3.271180040,s87.732899800
150_88,s7.106433223,s-1.587616675,s219.088088552
150_89,s6.728878578,s6.367379540,s161.044246541
150_90,s7.169974948,s-3.680254783,s139.286516554
150_91,s0.685297798,s6.904732718,s195.954497245
150_92,s-1.860850999,s0.254423290,s315.649611391
150_93,s-4.719200182,s0.284614636,s314.722023201
150_94,s-0.383449802,s4.419216278,s292.618812433
150_95,s0.777118695,s0.151318425,s68.687547862
150_96,s5.148629444,s3.760610470,s0.275506691
150_97,s-4.468357340,s4.894359323,s227.430192409
150_98,s5.371955272,s1.583135222,s152.499513285
150_99,s5.712685494,s-1.086419302,s182.584977770
150_100,s3.240248798,s0.283598108,s272.330477047
150_101,s-2.924210578,s7.317203610,s187.966142333
150_102,s6.420702196,s-0.156685329,s293.781885246
150_103,s5.212261986,s7.235171115,s358.513784094
150_104,s-4.047948604,s2.121108466,s227.576397951
150_105,s-5.831590557,s2.240667461,s215.731107571
150_106,s-1.858472482,s7.021700619,s15.993694324
150_107,s-2.456359178,s1.328391444,s172.421901070
150_108,s1.119230601,s5.551224333,s328.068836700
150_109,s-2.217789901,s6.516170055,s305.326647520
150_110,s-0.355065379,s5.919473218,s289.457693982
150_111,s2.206254848,s7.003780135,s168.136833171
150_112,s3.892216397,s3.897671885,s12.721568884
150_113,s-2.990832619,s6.083388353,s46.845473160
150_114,s3.580192956,s6.523378100,s236.218616859
150_115,s7.391391744,s4.124448843,s300.851444635
150_116,s1.109230591,s1.290406477,s199.979985202
150_117,s-6.195915805,s-1.070861426,s100.514080287
150_118,s-6.883966878,s6.804781812,s16.493982720
150_119,s-7.533306431,s6.455415995,s241.952989002
150_120,s0.036143848,s1.910853669,s319.541940308
150_121,s-2.725911995,s5.474072003,s269.846963865
150_122,s-1.156561827,s4.751801369,s292.262854726
150_123,s2.773909564,s7.329991097,s37.908492362
150_124,s5.433594846,s0.572511239,s35.854306314
150_125,s-4.495565439,s7.318128252,s82.771440529
150_126,s-1.190919709,s7.229183051,s162.178920523
150_127,s4.765835598,s4.326442209,s270.255826476
150_128,s7.244160445,s7.314895944,s91.720974354
150_129,s5.563821217,s2.703080897,s141.613711909
150_130,s-6.147998982,s6.145144138,s252.766541354
150_131,s-5.161826770,s7.180115336,s262.630117495
150_132,s-5.451793331,s5.638162582,s185.562637850
150_133,s-7.374178505,s-0.140514608,s138.299540811
150_134,s-5.458363308,s3.551661066,s189.870654624
150_135,s5.203386547,s5.513226501,s216.137869867
150_136,s3.370304041,s4.852788874,s74.047996870
150_137,s4.486505260,s7.253017679,s85.835330768
150_138,s1.911504995,s7.336139075,s18.301762515
150_139,s4.526251294,s1.202248928,s285.761026048
150_140,s2.720136841,s5.395941110,s232.519286387
150_141,s4.236224604,s0.322504123,s95.051795140
150_142,s7.197203583,s6.794977681,s75.478416419
150_143,s-4.455399265,s6.978988534,s293.851652424
150_144,s-7.466828332,s7.265519643,s284.340098631
150_145,s-0.753954884,s5.290505010,s197.652778887
150_146,s0.354584882,s-0.190675233,s62.891437828
150_147,s1.455867275,s4.523940526,s26.900948571
150_148,s-0.211551132,s5.138271634,s288.094163454
150_149,s-2.287543470,s7.341387504,s297.349004934
151_0,s-6.522095021,s-6.285148793,s272.304304783
151_1,s-4.745172543,s-6.102200121,s129.687195199
151_2,s-5.152277609,s2.811211110,s280.638601625
151_3,s-6.085824398,s-4.976784006,s315.603509519
151_4,s-5.156225095,s-4.167199115,s28.813075249
151_5,s-1.074838776,s-2.388922688,s351.421774377
151_6,s3.376325479,s-6.865844151,s178.402059889
151_7,s-0.735287356,s-7.335083552,s254.875654819
151_8,s0.478541753,s-5.363037474,s234.607100446
151_9,s3.314176468,s-3.773182386,s153.700683004
151_10,s-1.976582860,s-3.825561729,s327.089019075
151_11,s7.015996029,s-4.949480594,s284.636632938
151_12,s2.850564656,s-5.220898347,s348.253381409
151_13,s-6.893105469,s-1.714688154,s67.395947379
151_14,s-6.343444182,s-2.572463058,s311.247479342
151_15,s-3.648635274,s-1.793415691,s287.128516292
151_16,s-6.837802687,s-0.582903335,s32.513139669
151_17,s-3.329402476,s-6.628193478,s352.714618331
151_18,s-2.572573720,s-4.798252848,s202.751531036
151_19,s-2.121325400,s-5.628133471,s222.357754090
151_20,s3.278466271,s5.431425838,s269.982800671
151_21,s-2.752146252,s-1.688778473,s55.470609403
151_22,s6.327715055,s2.749450133,s199.605916118
151_23,s2.766581869,s-6.227690189,s146.033378712
151_24,s6.813278520,s-6.840566055,s48.299960996
151_25,s4.198409761,s-1.789830533,s134.265299687
151_26,s-3.297956639,s-5.636258140,s106.621983878
151_27,s-7.350119213,s-4.424840136,s18.990538261
151_28,s-7.217527382,s-7.281008407,s23.000570055
151_29,s-1.337272236,s-6.568400245,s103.744304867
151_30,s-1.499338952,s3.529086445,s315.327844403
151_31,s-2.451857550,s2.617610641,s36.219072915
151_32,s-1.314658170,s-1.831890955,s200.034816490
151_33,s-0.829327063,s1.756059853,s319.139550423
151_34,s5.296737744,s-5.113690257,s136.222179040
151_35,s1.807469886,s-3.844929392,s354.623028812
151_36,s4.738011125,s-6.641048064,s244.989367895
151_37,s6.069528916,s-4.588873020,s189.250459233
151_38,s5.969386383,s-2.182461040,s63.030584273
151_39,s-4.514489911,s-2.334224671,s165.329942140
151_40,s-4.284600849,s0.037751137,s303.183959798
151_41,s-6.046473403,s-4.054644499,s14.828870130
151_42,s-7.427428924,s-1.098071663,s162.462538312
151_43,s-2.825756918,s0.434578936,s143.270606817
151_44,s7.132631601,s3.775137364,s79.361265201
151_45,s2.165474929,s-3.243063557,s19.549202520
151_46,s5.630206585,s2.365484972,s76.983115553
151_47,s3.359676032,s2.457398750,s18.225125363
151_48,s-0.315187534,s4.593250652,s39.964670154
151_49,s2.896393623,s7.040054586,s99.857875529
151_50,s4.297727758,s-4.072890368,s268.510813665
151_51,s6.947945949,s-0.398597511,s85.608316700
151_52,s-2.146919312,s5.254431321,s35.107657180
151_53,s-6.004982373,s4.327982018,s98.775255646
151_54,s-6.641233542,s7.113030724,s118.962098448
151_55,s0.652247109,s-2.839060862,s268.788351246
151_56,s-4.682081882,s0.040427331,s85.013909240
151_57,s-5.895680109,s0.485845845,s76.797255183
151_58,s-6.411770008,s-3.049982074,s294.423745303
151_59,s-1.182121164,s-0.434420670,s210.880914490
151_60,s0.538092205,s7.150318872,s81.667991829
151_61,s3.236101342,s0.275052774,s311.205860099
151_62,s7.065838032,s-3.025542581,s78.744326317
151_63,s4.094424403,s5.605724760,s134.944903886
151_64,s1.674849616,s1.810639347,s2.872507541
151_65,s-6.350066844,s0.681734563,s350.495578953
151_66,s-7.322589857,s-3.072675102,s13.401775212
151_67,s-5.897713914,s5.330083283,s102.091126524
151_68,s2.279254543,s3.083937485,s100.792498201
151_69,s0.744896154,s3.553877851,s148.039442592
151_70,s-0.988363276,s3.894342172,s148.937740333
151_71,s-3.936372018,s1.418302872,s132.075507213
151_72,s0.901413828,s1.797666469,s24.853818474
151_73,s1.988320389,s0.769545921,s187.171950681
151_74,s-3.584452715,s4.385832830,s164.832454557
151_75,s3.814962680,s2.853006599,s258.065637123
151_76,s0.768526100,s4.838476355,s27.266730922
151_77,s6.843691001,s1.854127579,s7.558071177
151_78,s-3.412808333,s2.404683177,s245.741059299
151_79,s-3.009176772,s5.806399083,s310.553048108
151_80,s-5.288403582,s-0.810246903,s223.691070981
151_81,s-4.228021323,s1.285550951,s190.944751384
151_82,s-1.211827986,s5.364964664,s85.543722318
151_83,s0.154649191,s1.018585170,s21.103113157
151_84,s-5.079865845,s-0.276227963,s264.145522980
151_85,s-4.135669015,s5.639290668,s6.574385998
151_86,s1.486423206,s-2.467161044,s305.539677775
151_87,s1.570487492,s-0.963160284,s107.982175330
151_88,s5.468377083,s-6.716862527,s149.260467212
151_89,s6.995021451,s-4.689924193,s356.233140388
151_90,s4.147711517,s-0.332705767,s155.858202107
151_91,s-7.327512972,s2.731822941,s236.787870511
151_92,s-7.310580915,s6.758402258,s283.820025143
151_93,s-1.860203237,s5.554281938,s223.449003237
151_94,s-1.381246802,s1.430669097,s315.958253661
151_95,s0.764207244,s1.007048244,s145.928698318
151_96,s-5.531014162,s-2.825051002,s143.449245160
151_97,s6.807409352,s-1.798165455,s177.760309401
151_98,s4.390675205,s2.342253487,s20.907335009
151_99,s6.686008175,s2.796521188,s139.028318592
151_100,s7.163662057,s5.401428295,s345.505561887
151_101,s5.633519559,s4.632558383,s14.162619321
151_102,s6.410887873,s6.220389520,s354.945154654
151_103,s4.951967740,s-0.476341800,s55.957500930
151_104,s-4.604139269,s5.375524352,s163.795591826
151_105,s-0.748283521,s0.699689513,s70.844800758
151_106,s-3.068757044,s3.230600917,s66.149661325
151_107,s-5.183331487,s-0.122745034,s248.205790182
151_108,s-7.287063240,s5.811013484,s151.417349953
151_109,s6.643822819,s0.236738202,s139.172626581
151_110,s-5.431205664,s2.100968711,s228.828531011
151_111,s-2.253000764,s4.688177535,s86.370497996
151_112,s3.798966656,s5.857076825,s190.791857533
151_113,s-0.260352786,s3.659416312,s121.431451465
151_114,s5.649815403,s5.868425511,s250.733901672
151_115,s5.335853790,s3.790933523,s79.959403315
151_116,s6.205462694,s5.637673333,s345.972547709
151_117,s-2.208491129,s5.873477043,s108.647024964
151_118,s0.892624928,s-2.426534346,s249.022651306
151_119,s3.176613831,s2.073600013,s135.290346856
151_120,s2.158267885,s3.993375948,s183.718680057
151_121,s1.161262256,s5.636527778,s350.818453782
151_122,s4.852055749,s4.678218015,s227.945237956
151_123,s-4.684277985,s3.123175682,s354.435055563
151_124,s-1.285335398,s4.021951094,s315.814038127
151_125,s3.861546157,s7.017527168,s189.200368426
151_126,s2.454083471,s2.578849400,s274.345116083
151_127,s4.309735039,s7.150318872,s227.499056379
151_128,s5.421020293,s7.119195979,s277.310791946
151_129,s6.417120753,s4.541760167,s117.524543153
151_130,s-7.443519162,s-0.463122559,s171.907943165
151_131,s-5.548574765,s6.365805151,s242.688504492
151_132,s-6.982477757,s4.656163484,s258.604043319
151_133,s-0.777611396,s4.875436463,s333.576505602
151_134,s-4.707546574,s6.173910691,s194.656646298
151_135,s-5.060552296,s7.150318872,s173.953289930
151_136,s-0.839950404,s5.651271026,s225.025577457
151_137,s-0.640440474,s7.150318872,s310.790997962
151_138,s6.839443180,s4.328795702,s131.082328836
151_139,s2.489962169,s5.969726800,s331.789705998
151_140,s4.846646517,s5.965921442,s265.001702165
151_141,s1.861901698,s6.858273268,s98.431872944
151_142,s6.816645464,s6.913378185,s67.491437251
151_143,s0.952457215,s-0.803945857,s336.307775398
151_144,s-2.614415611,s6.615571260,s105.960226304
151_145,s-6.966491246,s3.318917741,s274.265350340
151_146,s-4.049639568,s6.745576611,s170.141966447
151_147,s-1.952649597,s6.939976382,s41.483074029
151_148,s1.627862097,s7.146698328,s252.864162983
151_149,s-1.012422995,s6.605112038,s350.617907074
151_150,s0.020886878,s5.810480431,s245.653025925
152_0,s-7.537939183,s-7.376297198,s171.085025102
152_1,s-7.427857187,s-6.068579140,s299.773377974
152_2,s-6.221133519,s-5.691336433,s134.186145618
152_3,s-7.038985999,s-5.005165190,s100.966012443
152_4,s5.350870352,s-6.722557821,s213.177423381
152_5,s4.470254169,s-7.094146368,s291.603311118
152_6,s-0.715752340,s0.254313954,s94.560648913
152_7,s-6.309230306,s-7.250883060,s238.977384403
152_8,s2.455244562,s-4.428179958,s272.991300165
152_9,s4.942783900,s-7.585596340,s294.925180328
152_10,s5.858068435,s-5.620155257,s115.797812149
152_11,s0.643711797,s0.660328066,s38.198650581
152_12,s6.666950636,s-7.299363459,s111.474326102
152_13,s-7.033148189,s1.182868536,s101.894669359
152_14,s-4.199708540,s-6.495472339,s36.069224317
152_15,s-6.829180545,s-0.775011198,s34.974826963
152_16,s0.731121693,s-0.459745201,s10.982888966
152_17,s-0.324687143,s-4.042214320,s306.330853736
152_18,s-4.611920325,s-2.448824556,s330.687246244
152_19,s4.071289617,s-4.575901176,s266.048285627
152_20,s0.101890274,s-5.619155695,s178.081341735
152_21,s7.542109216,s0.623619102,s232.415207682
152_22,s2.908505690,s-2.816934056,s337.144830512
152_23,s5.837669692,s0.310450131,s325.432770068
152_24,s6.137067039,s-0.791568923,s145.751773208
152_25,s6.922991697,s-5.262406653,s16.895367501
152_26,s-4.137065000,s4.036724972,s2.526823684
152_27,s-4.862316468,s-3.911304808,s235.990485564
152_28,s5.713932053,s-2.364279134,s182.195935173
152_29,s-7.283269053,s-3.556568497,s354.220043300
152_30,s-4.791186187,s-2.357913423,s85.610739329
152_31,s-4.880991208,s1.546886193,s249.063901845
152_32,s-6.378589736,s-3.497791975,s333.247845461
152_33,s-1.380281031,s-1.725793799,s11.877077784
152_34,s6.429560604,s-0.086469604,s174.184857667
152_35,s7.544781304,s-7.694282439,s8.243285774
152_36,s7.608029274,s-1.902655864,s226.919903101
152_37,s-3.582871721,s-6.166422148,s224.589324775
152_38,s4.678343661,s-2.653785366,s329.784962773
152_39,s-0.869605582,s2.049888553,s297.306711171
152_40,s-7.593184396,s-0.270319808,s298.221607770
152_41,s-6.776055167,s-7.539912049,s101.425596500
152_42,s-1.771893016,s0.399069446,s326.558471813
152_43,s-2.190866720,s0.738699221,s140.285844323
152_44,s-3.962039551,s0.421875502,s267.401023279
152_45,s4.811668619,s2.033810756,s255.621829778
152_46,s1.003915113,s-7.582609579,s49.668073263
152_47,s5.831221427,s1.545125993,s60.258648365
152_48,s5.343109772,s-4.407486112,s272.552614859
152_49,s2.551555556,s-0.733688627,s26.856009131
152_50,s5.759277554,s3.192608627,s55.797323990
152_51,s5.209948618,s-1.496506812,s143.533187215
152_52,s-7.034267062,s7.273492355,s59.107412840
152_53,s-2.871342849,s-1.817017597,s357.485857051
152_54,s-2.786961834,s-4.890295066,s155.469152583
152_55,s-2.005847554,s1.526269201,s323.274673452
152_56,s-7.024255527,s-0.071391775,s156.615311682
152_57,s-1.512556815,s-4.279299723,s56.710852238
152_58,s-1.696329500,s-6.445896821,s100.644886387
152_59,s3.815427117,s-2.635055457,s114.880506870
152_60,s-5.654922728,s-0.480448548,s301.467179690
152_61,s4.606958198,s2.506386710,s287.524184044
152_62,s6.398900946,s3.039533509,s57.470590250
152_63,s6.901787798,s2.128343286,s305.529356715
152_64,s4.143087373,s0.678549385,s294.594888206
152_65,s-6.859228580,s-1.752633368,s135.121561510
152_66,s-5.415814556,s1.781556068,s114.583641773
152_67,s-6.570765906,s0.566408045,s187.319492795
152_68,s-2.760205064,s6.401182382,s137.500123089
152_69,s-5.845231580,s6.100459654,s146.658640787
152_70,s1.313022284,s-3.131950724,s97.134556598
152_71,s1.986628476,s-7.337580358,s96.744981620
152_72,s0.773817333,s4.172283633,s357.299963448
152_73,s0.097046338,s-3.398099588,s359.949857728
152_74,s6.064952688,s5.586673357,s183.587824403
152_75,s7.480310043,s4.225758392,s82.994336570
152_76,s4.157426610,s1.666182146,s136.242315600
152_77,s6.725647224,s1.322667382,s50.287938338
152_78,s-7.486240395,s7.372347702,s282.625731124
152_79,s2.017503335,s1.728242796,s116.164548229
152_80,s2.509138321,s5.253713921,s144.895112880
152_81,s-5.777672882,s2.758924388,s167.985278845
152_82,s7.300123004,s5.188258135,s148.766714481
152_83,s-3.642565035,s1.933148751,s280.121069745
152_84,s-3.308344298,s-1.128423890,s153.637089986
152_85,s2.243444028,s0.511797843,s347.565502081
152_86,s4.052398768,s-0.848183426,s281.026977959
152_87,s2.548445403,s-0.139044833,s261.706079380
152_88,s2.745517176,s3.259444316,s11.153473552
152_89,s3.793550084,s5.544456974,s28.858750290
152_90,s7.230318410,s2.487459041,s93.576299936
152_91,s1.074414110,s6.205928995,s18.598053085
152_92,s-7.621443114,s1.735616392,s209.279409213
152_93,s-5.663384091,s0.457899369,s241.297747595
152_94,s-6.310307546,s6.092046331,s77.367988909
152_95,s7.570312105,s3.300720219,s187.729097201
152_96,s-4.105981982,s3.012619447,s201.794863230
152_97,s-7.256936092,s1.680680319,s301.613298372
152_98,s-1.510547221,s3.373680252,s254.479772257
152_99,s-2.304228524,s5.432858982,s159.277167638
152_100,s3.317335416,s1.046761931,s75.469742556
152_101,s3.173579708,s6.226076921,s135.399816832
152_102,s7.608029274,s3.582791556,s333.956802336
152_103,s5.036383262,s5.059674342,s122.132840476
152_104,s-7.524103267,s4.826421053,s56.647828307
152_105,s-7.133967973,s4.364912248,s178.610842079
152_106,s-3.202191634,s4.870828263,s296.991278891
152_107,s-4.208056973,s-4.986054282,s192.786882711
152_108,s-0.441020934,s4.027679041,s140.798564182
152_109,s1.964566523,s3.781733295,s226.211415138
152_110,s-0.075476499,s7.238613209,s276.556981188
152_111,s1.874034270,s3.287530002,s307.240139025
152_112,s0.968749559,s4.980034645,s320.641926270
152_113,s2.271780369,s7.306763634,s41.882525237
152_114,s2.727530564,s6.031755368,s321.244728093
152_115,s5.675919447,s6.600030088,s183.153544853
152_116,s7.608029274,s2.597573824,s193.416578372
152_117,s-3.269783759,s4.823099463,s258.455060394
152_118,s-0.845550399,s6.124713587,s64.155376385
152_119,s-6.320094185,s7.366633282,s359.931812460
152_120,s-6.840873522,s3.352404815,s219.170695888
152_121,s5.325542067,s7.233387898,s324.865192782
152_122,s1.589554894,s2.684073344,s316.512147037
152_123,s4.160789425,s3.367952827,s338.618095915
152_124,s1.722873340,s6.577707890,s100.966938211
152_125,s0.713583479,s1.641831884,s47.957390190
152_126,s6.706198783,s7.257030974,s16.656921885
152_127,s2.293852389,s3.645193152,s30.289933872
152_128,s6.017169468,s3.958602529,s44.133194068
152_129,s3.986788665,s6.840637754,s87.969907325
152_130,s-4.250687373,s7.244411189,s175.352793385
152_131,s-1.779249924,s5.660541875,s83.687615360
152_132,s-1.567775516,s3.152805932,s101.547001354
152_133,s-5.099742165,s3.040189604,s340.846779768
152_134,s0.477529947,s4.998310171,s23.178024092
152_135,s-0.302452090,s7.172301421,s251.607628713
152_136,s-5.334589275,s4.732099851,s33.192679734
152_137,s4.730002018,s7.440555753,s161.108474669
152_138,s0.670105178,s7.217720582,s42.753411228
152_139,s-5.193776780,s6.236007604,s93.128636133
152_140,s7.506542354,s7.390689993,s85.645055791
152_141,s6.747733529,s7.496720767,s43.445972999
152_142,s7.566799065,s6.187319064,s125.572643332
152_143,s-7.276036596,s5.537584662,s223.915479537
152_144,s-5.902929176,s6.519474365,s161.650917911
152_145,s-4.824276596,s3.612301820,s71.457263698
152_146,s-5.069991224,s7.224563366,s240.135402396
152_147,s0.857582804,s2.100310761,s26.239555624
152_148,s1.805406900,s5.297123092,s301.851166810
152_149,s-0.758830157,s5.470966951,s172.321107105
152_150,s1.758102643,s7.317084480,s316.551337731
152_151,s-2.363002835,s3.338103240,s54.057178215
153_0,s-7.358195686,s-3.174531319,s149.227481561
153_1,s-6.777161076,s-7.696848596,s236.703435839
153_2,s-4.377886427,s-0.987538309,s277.477502699
153_3,s-0.988939316,s-3.843398892,s99.438531592
153_4,s-7.519756635,s-4.665705425,s315.652777025
153_5,s-2.202184366,s-6.824876588,s320.284479032
153_6,s-3.729658101,s-7.449369595,s71.595878019
153_7,s0.343570677,s0.329722573,s291.010835505
153_8,s3.141057850,s-7.572458942,s358.583169270
153_9,s0.209900343,s-6.505129666,s52.759385848
153_10,s4.420998702,s-3.874053857,s238.312950296
153_11,s5.056552671,s-5.013072447,s40.062650641
153_12,s7.529822039,s-6.374177357,s266.766749000
153_13,s-5.353626865,s-5.203150115,s155.489905557
153_14,s-5.652462851,s1.414499798,s68.222932469
153_15,s6.565585668,s-1.703283527,s84.589214200
153_16,s-6.640602595,s2.367353134,s40.259695827
153_17,s-6.834186086,s-4.971198832,s51.945116452
153_18,s6.170722308,s-5.932582684,s228.712507003
153_19,s-0.908310282,s-5.100808165,s286.395103603
153_20,s4.992565323,s-6.793560628,s148.175561022
153_21,s5.429052340,s0.309364928,s82.510022317
153_22,s3.773572086,s-3.330166002,s264.786754126
153_23,s6.851629135,s1.850752923,s159.218727719
153_24,s4.662055362,s-5.779084314,s231.323279783
153_25,s7.133919546,s-3.393750791,s336.233042627
153_26,s-5.943929553,s-1.050968700,s347.354717857
153_27,s0.314125409,s3.623763609,s105.384506351
153_28,s-6.783374692,s-6.416495732,s294.960803453
153_29,s-4.453703075,s-3.608420080,s330.737818055
153_30,s0.937067599,s-1.382816893,s41.943554022
153_31,s-3.386617502,s-6.652399107,s84.340156384
153_32,s-3.477111888,s3.427869590,s73.863957130
153_33,s2.409661159,s-2.125665131,s218.154576579
153_34,s1.421665594,s-7.742561479,s102.868001525
153_35,s0.726207317,s-2.435589103,s293.812630343
153_36,s7.585337664,s-4.957901575,s59.974282699
153_37,s2.075264944,s-3.443806206,s239.953367037
153_38,s6.217879745,s0.298300836,s312.016473032
153_39,s-4.817011733,s-1.955857852,s163.556688120
153_40,s-2.821314183,s-0.458529854,s157.518851117
153_41,s-6.770405142,s-0.843682397,s75.638385983
153_42,s-2.045454022,s-3.302929135,s42.434494159
153_43,s-4.176520771,s-5.749578722,s240.526986084
153_44,s-0.691251549,s-2.367286535,s260.060975464
153_45,s6.097478301,s6.549114174,s168.046400033
153_46,s-4.648777246,s0.331802206,s211.836364199
153_47,s2.244721372,s-6.595296195,s223.933248167
153_48,s-5.644890856,s-3.701323531,s71.222918293
153_49,s7.080078283,s5.849864373,s164.680921220
153_50,s2.243096578,s1.359820743,s242.899621582
153_51,s5.614870710,s-2.353728413,s304.106124979
153_52,s-6.499547700,s-4.415085143,s144.110952000
153_53,s-6.288726166,s-2.837663763,s127.930536127
153_54,s-3.900539549,s4.286264036,s255.696796737
153_55,s-5.218764281,s0.058974668,s55.320805384
153_56,s2.976027378,s-0.963572722,s137.498124767
153_57,s2.399279396,s-5.885431746,s131.573424448
153_58,s2.111492643,s-4.582786665,s278.107699388
153_59,s-5.180960242,s-7.827526783,s84.353927998
153_60,s-5.209946587,s1.236611096,s124.656271308
153_61,s-1.023144966,s-0.169934323,s4.963603571
153_62,s4.332971574,s-2.072883838,s130.367168227
153_63,s3.485733259,s6.072985076,s84.949432471
153_64,s7.316298363,s6.503825351,s170.373363925
153_65,s-4.125124710,s5.791411593,s189.151153154
153_66,s-7.544554121,s2.343466452,s78.519672006
153_67,s-3.408263850,s6.587419573,s35.433565315
153_68,s-1.139736872,s1.078028951,s122.890447592
153_69,s-3.513098222,s0.207294803,s294.151762211
153_70,s-5.792860651,s3.726772135,s104.758804055
153_71,s0.970337544,s-3.901314033,s1.599001707
153_72,s2.834199129,s3.871741645,s93.669802117
153_73,s-0.481823377,s4.013039983,s253.085475612
153_74,s3.566645174,s-5.369869228,s150.689883559
153_75,s7.250924777,s3.217916884,s53.012096509
153_76,s0.990016090,s3.082809065,s69.800381191
153_77,s7.464846084,s6.878024650,s108.454413076
153_78,s-7.510607543,s-2.566747773,s33.920127821
153_79,s-7.565612060,s2.929423430,s318.485040758
153_80,s-5.083870329,s7.379470447,s20.586923486
153_81,s-7.445678580,s3.741927696,s75.816640017
153_82,s-7.452912156,s6.462297644,s268.203134216
153_83,s5.559251632,s1.432851364,s359.188304595
153_84,s-0.945465091,s2.476103300,s257.832173874
153_85,s3.167383376,s1.399415783,s306.199065637
153_86,s2.796372588,s-1.585720883,s304.552176723
153_87,s0.266395933,s-3.868572173,s21.752972295
153_88,s7.385642754,s-0.015158795,s18.499947687
153_89,s5.697767477,s5.089575692,s218.913584424
153_90,s6.281633434,s1.427649326,s55.565223817
153_91,s-0.277390278,s1.457514785,s77.542635368
153_92,s-0.678078402,s0.957052126,s239.879758127
153_93,s1.836125943,s7.298463341,s234.648060092
153_94,s-2.622804345,s-4.932587299,s73.012504092
153_95,s-4.151705494,s2.398158728,s112.444005835
153_96,s6.250035985,s-7.314762535,s167.396869191
153_97,s-1.196652148,s6.939700337,s251.992888713
153_98,s3.195525843,s0.370099887,s341.957633633
153_99,s7.585337664,s0.757733780,s198.393408587
153_100,s4.508364913,s-0.972159246,s175.333224297
153_101,s3.222730510,s3.007174317,s169.193881852
153_102,s3.614295126,s5.638900327,s43.707753226
153_103,s2.728764955,s6.022769044,s72.657295627
153_104,s-7.321871169,s5.258953991,s98.957268064
153_105,s-4.152199006,s6.641102996,s202.064502239
153_106,s1.107220519,s2.181768186,s256.682677634
153_107,s-2.411535253,s0.833920707,s61.804796598
153_108,s-6.889763557,s5.998235762,s195.117707852
153_109,s2.978845306,s4.782265498,s142.360859742
153_110,s-0.317415226,s7.376989797,s356.912824695
153_111,s5.159547827,s2.658736948,s6.207709253
153_112,s0.171248028,s7.185200684,s222.899437019
153_113,s1.228281060,s5.488058894,s297.646713538
153_114,s-0.130088342,s6.387379982,s264.170096403
153_115,s5.365432038,s6.763296246,s141.173552205
153_116,s6.640139492,s3.379331217,s150.085267425
153_117,s7.585337664,s2.579178958,s201.803982771
153_118,s-4.005740291,s2.062874034,s118.296178923
153_119,s1.089987105,s3.851110738,s119.483393341
153_120,s-1.650619881,s4.313280610,s127.067972819
153_121,s0.055095319,s1.070385394,s177.412696358
153_122,s-6.176487163,s4.440840599,s278.784193072
153_123,s1.931888558,s5.667705274,s156.638864488
153_124,s-1.217792844,s4.196392721,s252.002931300
153_125,s1.905440706,s3.939714540,s120.485929243
153_126,s5.236165129,s6.523982884,s168.050930741
153_127,s7.566751929,s7.266439344,s124.195133296
153_128,s3.562807018,s-0.830837506,s351.325704000
153_129,s5.700354695,s7.392089429,s250.350875965
153_130,s-7.598724453,s1.370005338,s4.403592948
153_131,s-5.542086735,s5.328450265,s326.330747200
153_132,s-7.604047003,s-0.430499340,s181.391741065
153_133,s-2.046044813,s3.199600168,s66.724468190
153_134,s1.330430412,s-0.291516651,s37.408515324
153_135,s-2.731119852,s4.617883409,s223.285768027
153_136,s2.307335260,s4.630916129,s137.413413464
153_137,s4.346835661,s2.525582060,s83.734815933
153_138,s-2.617019708,s4.048633916,s222.809700210
153_139,s-2.325944703,s7.392089429,s39.136670389
153_140,s5.660811891,s3.841820210,s46.937393649
153_141,s5.305461110,s5.595847954,s22.538922334
153_142,s3.022162171,s2.188611367,s349.408503750
153_143,s-6.770147451,s4.204551343,s73.560423149
153_144,s-4.844882707,s7.317275774,s118.513788970
153_145,s-5.758934483,s6.521604159,s162.871235473
153_146,s-2.834290035,s5.001502374,s17.970660668
153_147,s-6.381922222,s7.330617806,s5.218513172
153_148,s-5.145810973,s5.169536876,s262.385704139
153_149,s1.484471962,s6.170538149,s351.641216941
153_150,s-6.648889392,s7.104126056,s277.332150786
153_151,s2.440777843,s4.582935020,s225.369866643
153_152,s4.786303676,s7.326851651,s357.610366843
154_0,s-4.531483894,s-1.082857523,s297.390065585
154_1,s-2.921821990,s-6.945359955,s290.718583328
154_2,s-2.821495743,s-1.019309472,s93.188213562
154_3,s-4.628050032,s-6.266001446,s57.425561167
154_4,s-6.887786888,s0.581491258,s89.237709239
154_5,s4.965433973,s-1.808401346,s154.590133988
154_6,s0.810671998,s-6.988214325,s167.735015861
154_7,s-0.717730810,s2.098690714,s73.558122861
154_8,s6.274176218,s1.707228000,s317.408850664
154_9,s3.348963069,s-2.434030767,s66.292265855
154_10,s-0.707886158,s0.691108297,s40.893902760
154_11,s3.789086305,s-6.972502868,s114.700968821
154_12,s6.743637001,s-6.844488075,s301.741265474
154_13,s-4.166609641,s-4.286400337,s187.247648444
154_14,s-5.140828843,s-3.687359279,s223.429646743
154_15,s-6.266477844,s-3.750438065,s76.758461982
154_16,s-6.364214566,s-5.292234031,s56.364973492
154_17,s-6.897661038,s-4.209202694,s168.223038394
154_18,s0.597078336,s-3.935966375,s72.715624427
154_19,s-0.181654712,s-6.839021486,s161.491137194
154_20,s5.230964812,s-5.210696964,s338.437944350
154_21,s-0.100467210,s0.280600944,s158.533146754
154_22,s6.893533267,s-0.423268183,s276.913730257
154_23,s6.741099074,s-3.981933849,s230.218988960
154_24,s3.540173035,s-1.485454530,s289.345450092
154_25,s6.417603511,s-1.815430639,s144.435278277
154_26,s-4.814119635,s-0.086103433,s280.156809823
154_27,s-5.940262754,s-6.238919260,s207.909523609
154_28,s1.814325859,s0.568907556,s101.367527413
154_29,s-4.822622398,s-2.322379563,s344.740625183
154_30,s3.531496223,s-3.970284974,s6.298146953
154_31,s-2.830606356,s3.659520674,s8.286878997
154_32,s0.412695557,s-6.132042687,s109.002808390
154_33,s5.847353267,s-1.255789405,s258.796212169
154_34,s-4.180738958,s-3.239991088,s35.407862821
154_35,s0.619405825,s6.931422400,s253.752066409
154_36,s5.237883769,s-4.252756518,s246.033193778
154_37,s6.223916338,s-3.119188875,s187.665974577
154_38,s5.071753088,s-1.196056361,s147.058342192
154_39,s-5.193199248,s2.648628180,s94.288444733
154_40,s-2.563678150,s-3.501509817,s157.648673050
154_41,s0.878718607,s0.096061980,s359.864750175
154_42,s0.738679909,s3.996816978,s88.930689960
154_43,s-2.811217939,s-2.504092069,s285.850734740
154_44,s-6.436010621,s-1.012141084,s352.921387943
154_45,s1.722948784,s-6.404436204,s40.746790033
154_46,s-2.038444053,s5.054798820,s179.030059595
154_47,s1.692386066,s1.928741048,s328.787247627
154_48,s-0.384031997,s1.483349089,s297.575328189
154_49,s6.857770651,s-1.110672752,s5.847016314
154_50,s5.251807051,s-6.229208127,s212.308347648
154_51,s5.626814378,s3.295985865,s102.066605379
154_52,s-5.827139608,s-1.723572843,s283.900231834
154_53,s-5.840306135,s3.936050069,s45.147337138
154_54,s-4.874362568,s-4.703306981,s282.128804312
154_55,s-1.843583315,s-1.460265866,s201.777686725
154_56,s-5.113879109,s-1.583958116,s240.657475569
154_57,s-1.282510133,s-2.544441656,s86.913109775
154_58,s1.717171102,s-0.294505766,s232.932847240
154_59,s1.440989637,s4.754246889,s175.407182931
154_60,s-6.227931102,s2.429138966,s312.049139601
154_61,s-3.833503269,s0.910989582,s151.954206544
154_62,s3.691076812,s-5.148895297,s207.641920334
154_63,s5.519261285,s5.805455868,s27.018053103
154_64,s6.871857661,s0.546821238,s10.241525714
154_65,s-6.708546682,s5.708389346,s249.733343240
154_66,s-4.617653706,s0.857713924,s106.987571516
154_67,s-4.146139941,s6.462047410,s198.612978314
154_68,s1.085221664,s5.411841303,s293.366539766
154_69,s-3.324724082,s-3.767438010,s208.714656845
154_70,s-2.723205733,s2.460523723,s18.161470679
154_71,s1.136917835,s6.339795179,s292.852210801
154_72,s3.784078112,s0.095610488,s172.768652905
154_73,s3.588832465,s-0.369266437,s106.976889684
154_74,s4.807060134,s-4.333272481,s285.080017560
154_75,s2.195364828,s0.821804933,s68.724161699
154_76,s5.120562232,s3.275041202,s305.796922520
154_77,s4.712203810,s-0.911531448,s128.187782484
154_78,s-6.979829981,s0.277048062,s358.781040155
154_79,s-6.937047899,s2.485322451,s41.332190650
154_80,s-3.578246876,s-0.847168717,s111.191945317
154_81,s2.438044560,s3.272789759,s285.337428136
154_82,s-5.510908844,s6.765129504,s80.520671102
154_83,s5.570692365,s1.003143229,s31.750464216
154_84,s-3.162327059,s-0.061305072,s63.810407516
154_85,s3.959920285,s5.479539358,s34.830838159
154_86,s1.173777663,s-1.175236680,s244.809159817
154_87,s6.809366141,s1.720457854,s42.127378871
154_88,s1.990031633,s-0.283917773,s332.285007375
154_89,s6.889034965,s6.541050625,s227.073493427
154_90,s1.725399345,s3.740944519,s262.785774109
154_91,s-3.466164727,s3.090247436,s254.332191552
154_92,s-3.954228520,s3.426752782,s45.068367602
154_93,s-2.362955528,s-4.661809246,s292.757559244
154_94,s4.830960071,s4.126388793,s343.429244176
154_95,s-4.315958766,s-6.746430771,s19.691563212
154_96,s5.459296218,s1.798056127,s288.990221797
154_97,s-1.697364591,s0.596879576,s65.854815320
154_98,s-6.991843363,s3.973460701,s301.233202658
154_99,s-0.789084236,s6.294158508,s346.755574592
154_100,s6.736159668,s0.224446568,s344.987247642
154_101,s3.567647615,s5.046877794,s189.235069591
154_102,s6.931993620,s3.858310231,s169.580037627
154_103,s5.408845598,s-0.232824744,s199.532851457
154_104,s-1.546378850,s0.010718336,s37.730642169
154_105,s-6.698637976,s0.949317170,s331.778306966
154_106,s-5.802153549,s1.326683975,s67.903707466
154_107,s-1.824111338,s5.891883270,s35.629050436
154_108,s-1.698315877,s6.953153051,s223.236499045
154_109,s-4.804362566,s4.039212102,s222.024974552
154_110,s0.520227055,s3.869179684,s346.884857605
154_111,s-0.613486000,s5.158558370,s116.506725350
154_112,s-1.933098452,s2.995072585,s169.127951450
154_113,s-0.139700614,s5.071771586,s147.929316956
154_114,s3.164327029,s5.289931771,s45.003458469
154_115,s5.471158655,s2.724022998,s254.567654332
154_116,s6.042955261,s4.304759712,s94.521453659
154_117,s-2.516525991,s5.009943718,s9.752777980
154_118,s-4.688318924,s6.191747580,s315.625317294
154_119,s-5.928921039,s6.560004503,s292.305075826
154_120,s-4.015281710,s4.468106912,s279.139111013
154_121,s-3.166393329,s1.098205429,s220.678680228
154_122,s4.087952205,s1.137114495,s351.927020929
154_123,s6.906949665,s7.034253294,s23.128405882
154_124,s-4.262974783,s0.076908251,s55.126603070
154_125,s-1.085594531,s1.041654603,s200.656751696
154_126,s4.938399802,s6.672434631,s352.782793846
154_127,s6.496969139,s6.418398005,s90.781608265
154_128,s4.929095471,s4.661531146,s79.959800880
154_129,s2.480984140,s6.405681480,s287.413136486
154_130,s-6.731472461,s6.959348852,s250.504084353
154_131,s-4.969839901,s-1.278232817,s253.689591390
154_132,s-5.782925301,s2.990475619,s6.262479197
154_133,s-4.661715924,s2.651631934,s55.159915005
154_134,s4.028323525,s1.445982557,s209.534505544
154_135,s-6.022088860,s6.561118748,s196.036205953
154_136,s1.848967458,s6.969002870,s92.895097764
154_137,s-0.832312519,s3.296880165,s79.296078982
154_138,s2.975589807,s4.668658617,s15.591071726
154_139,s3.443430949,s3.951050123,s306.118097074
154_140,s-2.110141659,s-6.959906761,s248.177301754
154_141,s5.913073549,s6.895871706,s136.560857606
154_142,s2.946399747,s1.570568282,s284.012127129
154_143,s-6.864152731,s1.184663293,s241.776110796
154_144,s-5.395289175,s4.843946301,s121.927464150
154_145,s-2.838298248,s6.967809922,s115.057685172
154_146,s2.196309345,s5.631449506,s230.081437921
154_147,s-2.409401929,s6.169064579,s95.593657959
154_148,s-2.500245289,s1.001993116,s286.814586078
154_149,s-0.123929148,s5.570763204,s114.708148826
154_150,s-1.991366692,s7.014860836,s284.611194822
154_151,s2.537196794,s2.314308588,s34.073977160
154_152,s4.047562090,s6.132052304,s11.116294161
154_153,s6.579928995,s5.654947648,s300.906846597
155_0,s-5.234839627,s-4.451882639,s111.330068576
155_1,s-3.974222241,s-7.120753572,s41.134821870
155_2,s0.778121301,s-7.233344596,s213.558920190
155_3,s-2.297447872,s2.709176402,s202.429046974
155_4,s-3.778886820,s-7.608849871,s43.299921249
155_5,s-3.061551630,s-6.961551061,s201.121273187
155_6,s-3.039989301,s-2.228416501,s111.158572853
155_7,s6.718358442,s-7.580850882,s232.021345024
155_8,s7.334479816,s-7.643319175,s199.385946823
155_9,s2.200274148,s-6.992962945,s302.477790219
155_10,s2.610147694,s-5.772217247,s215.396463637
155_11,s2.880538779,s-1.747583768,s278.573109355
155_12,s5.195421126,s0.480431414,s30.467205652
155_13,s6.952935199,s-5.667053547,s9.807094048
155_14,s-7.173790336,s-1.629514879,s340.854443474
155_15,s-6.274683667,s3.291633629,s281.155311962
155_16,s-7.644338076,s-5.123023261,s180.038694567
155_17,s-7.645197300,s-3.915544545,s156.568279016
155_18,s-3.333676230,s2.028846424,s347.356718265
155_19,s-1.960185029,s-5.582813115,s105.379045968
155_20,s-0.037761186,s-3.891036570,s130.183575630
155_21,s0.694627392,s-4.346168980,s295.927161848
155_22,s-0.973649761,s2.284260578,s320.784723250
155_23,s5.832282919,s-6.022437140,s156.842675440
155_24,s1.505463938,s-7.148201848,s133.596704178
155_25,s3.931293286,s-1.916856247,s41.227638508
155_26,s6.763817602,s-6.269306687,s182.261294101
155_27,s6.720757149,s-3.288200613,s77.526705031
155_28,s-5.132759914,s-1.040173490,s339.896542108
155_29,s-7.341109463,s0.299303897,s138.270306155
155_30,s-5.960300342,s-5.623052281,s267.466228656
155_31,s-7.635060100,s6.376465739,s347.483998183
155_32,s-7.385279169,s-7.229915880,s336.137220817
155_33,s-1.265144966,s-3.120422802,s84.724752606
155_34,s6.274095433,s1.514433799,s216.717482384
155_35,s-3.378269472,s2.859476442,s107.730692284
155_36,s7.094141943,s-3.612621424,s287.116980778
155_37,s1.117798437,s0.897393817,s313.281932922
155_38,s2.406208863,s-3.599200474,s174.933879567
155_39,s1.420309179,s1.439332970,s244.933991945
155_40,s5.758481270,s-3.990094763,s67.200675755
155_41,s7.592279127,s-2.639194694,s185.191866551
155_42,s-6.690450867,s-6.473691134,s83.113093098
155_43,s-7.490091437,s-0.487352715,s31.140645406
155_44,s-1.267799355,s-4.190391641,s253.507376637
155_45,s-4.798278270,s1.205994005,s107.900598365
155_46,s-5.842100014,s-6.616632001,s10.752689084
155_47,s-2.356597794,s-3.526419290,s352.164417262
155_48,s1.010300500,s2.931067909,s187.472788242
155_49,s-6.053134440,s5.294430035,s347.816293631
155_50,s4.974480463,s-0.849638943,s43.748808618
155_51,s0.671756580,s-2.677469671,s287.135688595
155_52,s4.008309426,s-6.796369995,s160.696856860
155_53,s7.497624192,s2.040545927,s251.028491869
155_54,s7.354964925,s5.134712302,s33.997499103
155_55,s4.136068121,s7.296963246,s205.555669616
155_56,s-3.278505203,s-1.634010362,s71.078309981
155_57,s-6.451950839,s6.486365594,s150.480464376
155_58,s-2.597979772,s7.474802654,s57.428020926
155_59,s-0.748754340,s-1.936611212,s351.981472948
155_60,s-5.882382657,s3.886530172,s122.160399844
155_61,s-2.765718848,s-6.491742798,s215.145134141
155_62,s1.345031921,s7.616467029,s201.404778216
155_63,s-4.844937047,s-5.023072138,s304.571692444
155_64,s1.532808403,s-4.811040377,s329.827210482
155_65,s1.247847040,s-1.122767149,s176.293867879
155_66,s-1.351956408,s1.852444456,s238.595841470
155_67,s4.764734394,s3.574910736,s87.706148718
155_68,s0.407532918,s3.898845033,s174.300827534
155_69,s-2.216752013,s0.738276829,s64.192780894
155_70,s-7.387849891,s3.741143495,s155.110333873
155_71,s-4.549653143,s-2.043208937,s220.605745509
155_72,s-4.482534167,s2.476471650,s190.774515233
155_73,s2.682564204,s3.182266593,s235.071166091
155_74,s-6.586854939,s1.595424871,s172.699343994
155_75,s-7.641226611,s3.143436838,s173.358912428
155_76,s-1.050560375,s7.672023287,s330.756329814
155_77,s3.725058680,s1.326408932,s345.952522106
155_78,s4.110186312,s0.304138174,s355.195441884
155_79,s6.080842651,s0.690771510,s355.811945693
155_80,s-0.433374735,s-6.875413643,s85.920289764
155_81,s7.540796308,s3.297661744,s230.736025455
155_82,s6.967446332,s-0.030735341,s309.146099700
155_83,s4.757142691,s1.648221624,s241.225826627
155_84,s-6.644871208,s4.704329735,s306.240849126
155_85,s-7.568472863,s5.369144722,s168.934175674
155_86,s-0.362253165,s5.796901375,s111.059781690
155_87,s-5.943086178,s5.608740798,s310.402641524
155_88,s-1.474115173,s-2.526461254,s17.352076029
155_89,s-6.628210092,s6.054822973,s225.695369761
155_90,s-3.799206278,s-3.555476553,s267.648884515
155_91,s3.055797620,s2.782218267,s223.430251409
155_92,s1.858862494,s1.156063253,s322.488025144
155_93,s1.358282769,s5.320700651,s141.436849159
155_94,s4.197100879,s-0.486345342,s160.668875015
155_95,s5.812049388,s3.915256904,s270.708078086
155_96,s6.532225972,s7.017632882,s149.692050024
155_97,s4.349873711,s4.976574041,s11.921904977
155_98,s-6.117108429,s7.648072755,s181.980132400
155_99,s-2.540406016,s3.423232801,s131.197116096
155_100,s0.204190225,s2.922624415,s234.684316550
155_101,s-5.060297169,s-0.157768884,s249.493233198
155_102,s-5.970544250,s-3.611279817,s108.652537638
155_103,s1.858618147,s3.811015977,s42.633736491
155_104,s3.598798325,s5.347781529,s204.127835095
155_105,s-3.691647117,s4.496137143,s100.436039213
155_106,s7.457038788,s-1.177626108,s18.058423499
155_107,s4.740316290,s4.630045858,s165.602605011
155_108,s2.170170110,s0.074250177,s227.541359779
155_109,s7.626984464,s7.165995163,s312.896051888
155_110,s2.012739455,s1.822554234,s92.584609650
155_111,s6.618938533,s6.486421993,s183.402657794
155_112,s-7.663696110,s5.948638101,s103.836478339
155_113,s-6.831811346,s0.845735027,s56.906490986
155_114,s0.789672535,s1.114934115,s355.850150248
155_115,s-6.345739624,s2.044463266,s357.433683601
155_116,s-1.784377501,s-1.530895571,s68.194009535
155_117,s4.282806621,s2.346386401,s358.358475434
155_118,s-0.623562669,s-0.595997144,s262.133577417
155_119,s0.118667203,s5.850877650,s55.554560896
155_120,s3.344401672,s4.203758570,s107.308932292
155_121,s-2.277213869,s3.826514745,s186.676948325
155_122,s1.933972565,s5.807169200,s267.850521431
155_123,s7.547403020,s6.634038366,s66.278624754
155_124,s2.830787351,s6.170141156,s242.005871496
155_125,s7.618552798,s5.997358814,s52.261229064
155_126,s-5.747278026,s4.920577779,s201.183692040
155_127,s-1.892833119,s6.722880170,s230.597359890
155_128,s-3.365178867,s6.757672958,s93.656853457
155_129,s-6.999741270,s7.361542656,s81.115283922
155_130,s-5.288240522,s7.324554062,s2.385642421
155_131,s-4.297793291,s7.598835926,s155.074463572
155_132,s-1.944550818,s5.100757687,s164.526507250
155_133,s2.543680523,s4.404265375,s230.506047297
155_134,s7.286931784,s7.625097529,s345.034424851
155_135,s2.933648635,s6.970315677,s281.605185551
155_136,s3.010900924,s0.220895692,s312.364959214
155_137,s1.741567135,s4.536845603,s337.815271106
155_138,s5.558295739,s5.622822638,s273.832160801
155_139,s6.305821291,s5.402579158,s82.510739387
155_140,s-3.695538134,s6.711051860,s316.187762856
155_141,s-6.795795180,s5.367129775,s341.549167840
155_142,s-4.053100658,s-1.467454033,s67.202802318
155_143,s-5.634336508,s6.262381782,s120.259187794
155_144,s-1.409818364,s6.287626717,s164.251519408
155_145,s-1.669975665,s7.553162360,s178.413444055
155_146,s-0.458352112,s6.623637864,s95.772055534
155_147,s-4.199754631,s4.008858125,s311.854543086
155_148,s7.644608574,s3.773011782,s275.822110329
155_149,s2.303456977,s6.120414087,s154.475246884
155_150,s6.913685469,s7.538356957,s280.935973005
155_151,s1.226868473,s7.473837184,s101.712738210
155_152,s5.392304200,s7.278446939,s289.284173240
155_153,s-0.008650345,s4.837580296,s235.066083851
155_154,s-7.469371086,s7.629470826,s183.848836614
156_0,s-4.458470416,s-6.092748095,s176.896949231
156_1,s-7.213257590,s-6.785394647,s67.507697483
156_2,s-5.828473620,s-6.097280959,s180.801860543
156_3,s-3.073916867,s-7.307105414,s358.854480202
156_4,s2.543339766,s-3.903885151,s63.006244959
156_5,s-3.272337377,s-1.939056619,s64.612285647
156_6,s-2.018746587,s-6.314774622,s302.219850231
156_7,s5.360231314,s-7.456020230,s37.965452749
156_8,s-2.172514515,s-3.915866535,s326.169466438
156_9,s5.605932166,s-3.483539941,s149.916814378
156_10,s7.011677819,s-1.157907444,s111.487518133
156_11,s6.997353649,s-0.063314221,s32.809323967
156_12,s-0.112048317,s-2.508372869,s153.432493920
156_13,s6.428578792,s-7.348576670,s44.434032878
156_14,s-6.544778465,s-3.307128584,s16.004749042
156_15,s-4.266918624,s-5.140749252,s190.127747824
156_16,s-7.421050070,s-4.404177967,s356.267797319
156_17,s-1.920821204,s-4.994067127,s193.346296983
156_18,s-0.921305701,s-1.505327441,s33.243737151
156_19,s-0.401998632,s-6.255107261,s70.637042570
156_20,s-1.730490509,s-2.054420683,s257.178044292
156_21,s4.919229754,s-6.120318313,s12.957091826
156_22,s1.777262254,s-0.424905344,s284.516043274
156_23,s2.109013803,s-5.748966904,s190.726753345
156_24,s4.639329908,s-4.876982213,s148.723123871
156_25,s7.461634618,s-6.265172656,s305.544596213
156_26,s7.105496898,s-5.392237348,s354.110217714
156_27,s7.667065576,s-7.539390278,s106.255893164
156_28,s-4.745475406,s-6.530569174,s8.263520999
156_29,s-6.936304634,s1.082671263,s156.651635391
156_30,s-5.598451247,s-4.816135274,s163.752973197
156_31,s-3.188395236,s-3.557211620,s227.172999956
156_32,s-2.694510484,s3.503820156,s182.890365547
156_33,s-1.131505032,s3.801688263,s24.082372404
156_34,s-2.828428378,s-6.033412958,s12.038176116
156_35,s-4.822416527,s4.864490798,s140.801265409
156_36,s5.940106877,s-5.344770923,s101.128070550
156_37,s-0.507964149,s-3.554916332,s336.432223411
156_38,s-3.570514184,s1.496312403,s357.148197691
156_39,s2.375379443,s7.070321259,s290.458597268
156_40,s3.509697363,s-5.206056178,s152.362970471
156_41,s7.361579462,s0.500997265,s95.959656576
156_42,s-5.239370175,s1.266350360,s44.188494472
156_43,s-4.704731841,s-2.366499791,s322.475439865
156_44,s-6.056972534,s-0.899482186,s90.237451361
156_45,s3.479844271,s-0.426517602,s213.020676149
156_46,s-1.349448219,s-3.037983499,s195.515347704
156_47,s2.929555921,s3.315755371,s326.645606732
156_48,s-2.504030814,s0.540485045,s256.103166064
156_49,s3.604487739,s-3.111242259,s230.702566869
156_50,s-2.576988203,s-7.478055217,s187.742113437
156_51,s7.228760385,s-2.944038474,s56.455741468
156_52,s-0.268339425,s2.418965995,s54.628697338
156_53,s7.541779534,s-2.540567820,s111.961303677
156_54,s1.458938909,s6.023273662,s236.933127572
156_55,s7.606887972,s1.532044265,s109.731328744
156_56,s-7.330959915,s1.979679877,s13.017894917
156_57,s-5.143141035,s-2.580973839,s295.714593705
156_58,s-7.162696374,s4.173913126,s318.797179612
156_59,s0.019771407,s-1.373315699,s278.477120226
156_60,s-6.160394221,s1.300483360,s21.537779539
156_61,s3.142678217,s0.998001644,s300.938065149
156_62,s-5.536390246,s3.650374935,s219.753405995
156_63,s-1.303495367,s-6.238908199,s28.266498830
156_64,s2.973161831,s0.310794987,s263.043535445
156_65,s2.158414617,s1.865798581,s274.714278612
156_66,s6.866490113,s-4.364186839,s60.197914249
156_67,s1.118365243,s-6.051990537,s202.357218980
156_68,s6.637061173,s7.414162701,s341.996338708
156_69,s3.675473382,s3.163296903,s172.926682072
156_70,s-3.625238728,s4.565092130,s328.635999599
156_71,s-0.828721792,s2.326693509,s340.071868550
156_72,s-2.154979530,s2.829171839,s120.912317729
156_73,s1.058819128,s5.188215402,s121.548381799
156_74,s2.383035337,s-3.136898290,s124.817886899
156_75,s-5.500492516,s-3.429399431,s163.959845109
156_76,s0.646043152,s4.010647659,s178.820930063
156_77,s-3.776008556,s6.782165345,s26.623041945
156_78,s5.174420969,s-1.866618771,s353.484581282
156_79,s4.208043390,s7.109717957,s72.317236363
156_80,s3.391682609,s4.474151503,s284.511685916
156_81,s5.443582334,s2.201401660,s275.156396550
156_82,s1.339485523,s3.751748634,s237.080876650
156_83,s5.076503992,s0.681635821,s263.852348433
156_84,s-7.138749388,s-0.963289511,s134.156502837
156_85,s-1.988057515,s-0.740736004,s153.245085299
156_86,s-3.584515151,s-1.469950915,s150.132696875
156_87,s-7.327614949,s-2.656944352,s227.151608263
156_88,s6.178660626,s4.427170718,s351.527370999
156_89,s-6.142554001,s5.685613118,s261.690339938
156_90,s-2.702957490,s6.604400162,s251.608945900
156_91,s-0.636905854,s4.421523994,s229.107595278
156_92,s0.331824922,s6.622520700,s356.854247812
156_93,s-4.299748384,s7.024070523,s29.653208048
156_94,s5.586984825,s5.215211376,s4.193153276
156_95,s2.756394998,s2.090775985,s282.930481366
156_96,s6.709063199,s-0.950998312,s317.037441825
156_97,s4.980271948,s4.421277806,s110.770052325
156_98,s-2.303118139,s2.067525219,s345.549124948
156_99,s-7.484141850,s4.575242145,s356.157671550
156_100,s-2.878968310,s2.691566615,s293.218418251
156_101,s-4.831147859,s-0.399598758,s66.176379387
156_102,s-4.553876941,s5.455709305,s134.619080748
156_103,s-7.126202990,s5.363809057,s283.632050737
156_104,s1.039378436,s4.275643674,s10.751315560
156_105,s4.202736805,s-2.778339751,s207.591403100
156_106,s6.632789568,s-3.312533429,s242.428616579
156_107,s5.622155444,s7.105937380,s101.844675195
156_108,s-1.820648475,s7.135549327,s27.199118861
156_109,s6.438515780,s2.349730644,s346.628720610
156_110,s3.508043492,s0.912990797,s174.081105023
156_111,s5.724133889,s1.273982479,s307.480852146
156_112,s-6.055615169,s7.413304673,s112.636326742
156_113,s-4.957228003,s6.315357601,s247.355045723
156_114,s-6.970278699,s2.780008200,s200.399961001
156_115,s-2.049480415,s7.593571731,s327.831801805
156_116,s-5.087202885,s6.998341190,s335.367804544
156_117,s-6.129613046,s6.505624596,s240.656308287
156_118,s-7.333987884,s4.636434248,s103.289329674
156_119,s-5.290589567,s2.804212936,s321.039426502
156_120,s1.315930828,s7.130860825,s274.806139677
156_121,s-0.560737660,s5.860380507,s218.001806458
156_122,s2.277926865,s4.203714276,s157.784252096
156_123,s5.061626224,s3.647062700,s320.868339220
156_124,s3.945314004,s3.573196277,s346.737720580
156_125,s6.178065929,s6.591917967,s58.426530971
156_126,s-2.953653164,s5.419488442,s209.106898093
156_127,s-2.652245367,s6.602756511,s110.122016750
156_128,s0.359546336,s4.666190966,s41.738323824
156_129,s4.368650320,s5.941947430,s312.934268670
156_130,s-0.831797286,s7.427159646,s42.740163034
156_131,s-4.522558290,s2.939388025,s188.158160834
156_132,s1.515477852,s5.415057163,s142.364632232
156_133,s0.533942227,s1.402051768,s223.834927192
156_134,s3.699832178,s4.754930563,s162.741059048
156_135,s3.179907718,s5.524565453,s13.647618017
156_136,s7.519342271,s4.807354414,s203.389196856
156_137,s2.737697538,s7.593571731,s189.307028181
156_138,s7.416282283,s2.568711361,s349.849278280
156_139,s7.659594138,s1.363269031,s131.147555309
156_140,s-4.825856575,s7.463178071,s228.829716312
156_141,s-2.415834841,s5.201994042,s4.989437460
156_142,s2.416387425,s7.525569122,s68.131370524
156_143,s-7.484141850,s6.785768752,s341.956067917
156_144,s-2.978783843,s-0.913530136,s67.356170217
156_145,s-2.182137641,s4.403175736,s310.302073862
156_146,s5.036778663,s-0.284265064,s153.585714658
156_147,s4.922865540,s4.720562294,s97.621369169
156_148,s5.115552630,s5.830818400,s204.440123173
156_149,s-0.606295837,s6.859818011,s338.682076417
156_150,s5.665757459,s0.226716737,s57.604273038
156_151,s4.469604426,s5.830143926,s62.740706216
156_152,s3.150721819,s7.402741915,s352.338897544
156_153,s7.337861944,s5.245327203,s213.394799555
156_154,s-3.371128459,s7.341467954,s10.211420077
156_155,s-7.361177433,s5.643940950,s184.119892597
157_0,s-7.188211496,s-5.688199285,s289.648725598
157_1,s-3.328974082,s-4.300575145,s18.353593554
157_2,s-6.351561486,s-6.884095873,s323.375412008
157_3,s-2.408667625,s-7.397836302,s170.885050647
157_4,s-2.284334163,s-5.608254399,s214.776085578
157_5,s-4.080328876,s-7.161039376,s85.596758251
157_6,s-6.174335153,s-4.793721589,s352.021249802
157_7,s-4.400110490,s-3.386030986,s29.059698015
157_8,s-0.515932347,s-7.818735438,s222.430709161
157_9,s-0.593777364,s-3.329305263,s159.690139977
157_10,s1.718556413,s-3.643089552,s76.708290665
157_11,s7.327825798,s-6.213398498,s179.691630424
157_12,s1.589642248,s-2.328182858,s329.717941022
157_13,s4.807664854,s-0.707852866,s240.812009524
157_14,s-6.714986721,s-3.330041821,s65.464794588
157_15,s-6.373158858,s-4.253154992,s219.749769112
157_16,s-7.673512722,s-7.686813506,s108.640463899
157_17,s-2.722377928,s-2.396095460,s264.190333665
157_18,s-7.914908626,s-3.354954260,s267.818013934
157_19,s-1.822697335,s-4.624045668,s159.016805453
157_20,s4.420806434,s2.065668661,s257.013853923
157_21,s7.092654090,s5.886770879,s331.500756557
157_22,s-1.843999605,s3.782674050,s253.889210066
157_23,s0.275278002,s-4.439158669,s332.925580024
157_24,s6.028837138,s-7.329380504,s103.343690602
157_25,s7.283616232,s-3.011309898,s112.109611816
157_26,s7.513472313,s-5.378071984,s101.100310305
157_27,s6.849088534,s-7.014062502,s61.049910854
157_28,s-6.239035907,s0.252790369,s10.300910314
157_29,s-7.423958669,s-0.847841241,s194.260476821
157_30,s-3.252509598,s4.191309314,s322.900693528
157_31,s-4.173324270,s-0.967998742,s39.028210728
157_32,s-5.963104683,s-7.673453851,s113.919387921
157_33,s1.376427193,s-6.129076236,s197.041060978
157_34,s0.903611602,s-2.900865542,s147.353173017
157_35,s3.133144246,s-3.494244001,s306.130341910
157_36,s3.626356560,s-3.310694044,s244.125285531
157_37,s-1.369222737,s-7.366153615,s8.154537264
157_38,s3.173257840,s-2.132611244,s78.632611028
157_39,s-0.059448008,s4.486308851,s90.476609663
157_40,s5.344948084,s-5.343408386,s347.781827992
157_41,s7.153507684,s-1.726960314,s260.337489222
157_42,s-6.606267368,s-0.684309790,s190.659810756
157_43,s-4.250807185,s-1.867594574,s356.453097047
157_44,s3.238275398,s-6.969455779,s127.408050959
157_45,s-3.706478838,s0.057349410,s201.750828490
157_46,s-0.431759431,s2.044624756,s354.148634893
157_47,s-7.183072032,s-4.745176054,s316.800390074
157_48,s-4.076728909,s-5.252071726,s111.822705067
157_49,s2.162384162,s0.824348345,s72.802166574
157_50,s-0.253297936,s-2.264931766,s257.408347448
157_51,s1.711012094,s5.170804738,s267.685415191
157_52,s4.738859688,s-4.309446805,s214.157838585
157_53,s7.713043367,s-0.302202028,s306.317861558
157_54,s6.829744648,s-4.904863054,s146.194011267
157_55,s5.967056302,s-1.800995345,s142.679019252
157_56,s-6.643019293,s5.508747911,s52.373376664
157_57,s-7.916743231,s3.632390949,s131.836177720
157_58,s-7.353978586,s1.233503382,s173.549550138
157_59,s-2.790085235,s2.837920417,s153.690412718
157_60,s-2.758192979,s2.088883369,s270.031451775
157_61,s1.043930169,s1.201547621,s269.428944849
157_62,s1.046073573,s7.390157270,s30.850275202
157_63,s0.534111832,s0.746233188,s28.502700648
157_64,s-1.318252896,s2.555392846,s270.905794787
157_65,s0.893995868,s5.454546334,s78.404676786
157_66,s7.689664955,s-1.927480805,s100.683633835
157_67,s5.132194900,s0.601234690,s244.339725912
157_68,s3.599956381,s1.994217423,s18.694629506
157_69,s3.681998343,s-0.883771752,s2.430303733
157_70,s-7.901181540,s3.054709697,s230.321739372
157_71,s-5.660541262,s3.387180601,s315.610627174
157_72,s-1.488639384,s-1.687855726,s64.801184274
157_73,s-5.015212576,s-1.028605567,s87.470772790
157_74,s-2.579429849,s-1.442485573,s106.758455543
157_75,s-4.538836574,s0.336924846,s2.653883158
157_76,s1.829479210,s3.641766342,s329.199336303
157_77,s-4.553473518,s1.766934953,s232.521269737
157_78,s-3.463725428,s-6.586099478,s232.300760032
157_79,s5.619563298,s4.859281865,s32.725572222
157_80,s3.860580176,s-7.342321238,s126.822223333
157_81,s-0.045221974,s-6.175207866,s175.080569304
157_82,s6.567644786,s1.880744954,s223.847441730
157_83,s6.934507660,s3.408551672,s172.088522810
157_84,s-3.112552977,s2.407476168,s212.988162910
157_85,s-2.911611496,s4.135548535,s116.645736039
157_86,s-5.107264607,s3.239793149,s336.113018215
157_87,s-5.584597495,s1.931520003,s218.971708365
157_88,s-7.042397844,s7.074175911,s217.835258755
157_89,s3.055867251,s4.129850860,s119.564252597
157_90,s-6.984902146,s5.387531123,s51.891453020
157_91,s5.585785112,s2.432894048,s89.326956301
157_92,s2.697665298,s7.197707978,s205.954222344
157_93,s-0.842143900,s6.413715152,s95.487257700
157_94,s4.922756958,s4.073186436,s342.191467797
157_95,s7.519338664,s3.705917345,s255.814178235
157_96,s3.005406749,s6.562502751,s4.288454092
157_97,s7.296685972,s7.086055794,s218.845037181
157_98,s-6.880518027,s2.093835285,s282.348849040
157_99,s-7.265087562,s6.055693031,s6.694454074
157_100,s-0.531959557,s-0.758627696,s69.025968027
157_101,s-4.211842145,s3.680013303,s234.020945672
157_102,s0.273862631,s3.790778040,s115.895433717
157_103,s-2.149724797,s3.286810875,s84.659225564
157_104,s-0.767150494,s7.340861679,s95.063599139
157_105,s2.390576357,s6.313080503,s24.782611279
157_106,s-5.127474784,s6.250796521,s7.658170025
157_107,s-0.119373691,s2.010002453,s53.615445779
157_108,s7.713043367,s6.698768601,s268.550068914
157_109,s3.460110624,s0.892457250,s97.591963979
157_110,s-0.306157131,s6.512629224,s269.180822131
157_111,s7.598975637,s1.075981945,s240.453079742
157_112,s-4.103285950,s2.690932453,s31.234547097
157_113,s-6.375971696,s4.152071075,s248.231480453
157_114,s-3.667302711,s7.046681217,s273.345552125
157_115,s0.964508156,s1.842343610,s79.689091426
157_116,s5.903783703,s-0.855524071,s253.380719046
157_117,s-0.919994795,s5.644711525,s355.896512465
157_118,s-5.284700699,s5.029490308,s150.549620574
157_119,s0.069992179,s7.627706281,s347.655619374
157_120,s4.738372011,s-0.198963556,s151.539565930
157_121,s5.992382951,s7.605219847,s42.100179999
157_122,s6.345693595,s0.852172498,s282.618523414
157_123,s-1.871427863,s7.011376861,s358.478963125
157_124,s1.944330983,s7.731825391,s163.906244573
157_125,s-0.156901521,s5.250340607,s247.656648260
157_126,s-7.382978893,s3.993547384,s8.348421256
157_127,s-5.631826283,s6.603387029,s354.689414810
157_128,s-1.287961278,s6.990182793,s14.657620428
157_129,s4.139237900,s4.864958864,s227.211867635
157_130,s-3.253464372,s6.623020469,s38.045970589
157_131,s-2.070527197,s7.592879749,s335.037060403
157_132,s0.190516031,s2.798779916,s222.896127723
157_133,s0.752350037,s5.964664866,s54.786323925
157_134,s5.606616216,s6.695057118,s330.201837299
157_135,s-5.534224942,s5.338101136,s72.786729470
157_136,s6.517913759,s5.082109324,s324.988403926
157_137,s4.318644274,s7.239533581,s138.048530847
157_138,s7.297373995,s5.012298210,s126.971901640
157_139,s7.016252961,s7.689650779,s252.684132624
157_140,s-7.815668783,s5.423819471,s1.244224530
157_141,s-2.127588825,s5.743930900,s107.854785546
157_142,s-5.647623716,s-3.917549984,s320.037109899
157_143,s-5.120988554,s7.364208321,s227.263272427
157_144,s-3.438596916,s5.296567438,s7.016552290
157_145,s-5.246078102,s7.579823208,s152.954546152
157_146,s-2.438421439,s5.044552550,s204.750631554
157_147,s-4.069308022,s7.120378182,s110.741402059
157_148,s4.546167523,s4.442490423,s21.801721734
157_149,s-2.201559958,s7.656919640,s267.427666052
157_150,s-0.862893984,s4.702817592,s291.255269649
157_151,s7.575172139,s4.381206281,s234.236295378
157_152,s5.637134881,s4.236267497,s139.701740893
157_153,s5.107089158,s6.670529463,s172.822096944
157_154,s-6.294896237,s6.807550230,s307.787743309
157_155,s-7.514478358,s7.746429877,s58.794352803
157_156,s-7.054457312,s7.701093318,s38.444974402
158_0,s-5.519168036,s-7.699075544,s276.462790127
158_1,s-6.782139036,s-6.066023914,s178.810305546
158_2,s-7.708084680,s-7.443484912,s160.384990100
158_3,s-7.944116072,s-6.285605511,s158.289425791
158_4,s-2.386903434,s-6.926286071,s71.667980201
158_5,s-0.356502228,s-1.353390982,s312.423282800
158_6,s1.521558577,s-7.096320961,s168.528383060
158_7,s-2.748582135,s-2.117236904,s251.220052633
158_8,s2.485918619,s-5.994785531,s77.733471500
158_9,s0.385001874,s3.781518081,s322.442872406
158_10,s1.820278970,s-4.117345859,s237.321389339
158_11,s5.367675386,s-7.712723890,s57.275566452
158_12,s3.798860266,s-0.361023061,s332.339504849
158_13,s7.504560851,s-5.611892085,s228.467311805
158_14,s-7.969031912,s-1.988765838,s338.793734605
158_15,s-7.593743013,s-3.860065190,s338.058802281
158_16,s-7.713607534,s-2.846797196,s33.883418778
158_17,s-8.026876807,s3.393348373,s182.517839518
158_18,s-1.426307228,s-6.681884098,s120.461572385
158_19,s-0.357563234,s-7.295797722,s68.361387286
158_20,s-4.113293922,s-4.361900630,s284.685572814
158_21,s-0.751601487,s-4.458037265,s9.142708803
158_22,s2.469648462,s-7.705695881,s350.680987725
158_23,s4.677806538,s-6.965869909,s30.301860523
158_24,s-3.940744044,s-3.052367269,s264.601958336
158_25,s5.058323295,s-3.417071850,s146.679329226
158_26,s5.936025446,s-1.599168755,s127.667410897
158_27,s2.961493450,s0.453511314,s24.360456061
158_28,s-7.071179501,s0.246902342,s268.535529564
158_29,s-5.386126411,s-4.129632782,s71.587930243
158_30,s-1.838338146,s-1.540670944,s333.892838961
158_31,s-7.146033345,s-3.301134984,s220.578764861
158_32,s0.454751709,s-5.347939242,s85.040812993
158_33,s-1.408538791,s-3.966265746,s252.298462069
158_34,s-4.480734538,s-6.518817863,s174.082273535
158_35,s2.815492676,s-1.687248205,s276.071679914
158_36,s5.854012925,s-4.605715774,s168.715409473
158_37,s3.189575934,s-3.098282616,s43.270160164
158_38,s7.131195950,s-6.745982464,s242.365686900
158_39,s-1.518419434,s0.850906301,s307.202693166
158_40,s5.358680619,s3.530156536,s114.700434135
158_41,s6.676851727,s0.553403268,s122.568943401
158_42,s-4.803235222,s-6.518905600,s192.208441703
158_43,s0.712350479,s0.114275708,s80.935592419
158_44,s2.253100006,s-1.459893747,s78.204118301
158_45,s-3.589248698,s-1.421890442,s349.895427376
158_46,s-7.525954949,s4.550283806,s155.279043825
158_47,s-7.621358882,s3.107457020,s305.967077606
158_48,s-3.801771620,s-7.868116707,s143.226118877
158_49,s-1.938830375,s-1.204283907,s349.868473595
158_50,s3.893004416,s-1.060470696,s180.071224908
158_51,s4.703070310,s-4.282705676,s65.503705223
158_52,s3.882199372,s-2.146178244,s318.097377780
158_53,s3.191791732,s1.071223176,s9.685860879
158_54,s7.538559137,s-0.179430064,s12.293805899
158_55,s7.510443705,s1.167765456,s124.781255254
158_56,s-5.487077396,s0.334146681,s325.310902761
158_57,s-4.464058540,s-0.129132848,s73.837410909
158_58,s4.246174069,s0.016749739,s132.724035199
158_59,s-2.928501318,s0.627713197,s237.957013266
158_60,s1.486589960,s-0.519274729,s234.503932807
158_61,s-2.373360795,s1.657556300,s32.123225144
158_62,s1.583861647,s2.005013605,s57.020765845
158_63,s1.191848477,s4.713440982,s288.090513890
158_64,s7.245721712,s-2.445834333,s32.945452167
158_65,s0.154402336,s4.997309052,s14.705006237
158_66,s7.581188358,s-7.484968871,s276.180217296
158_67,s6.864130397,s2.753810197,s282.174135203
158_68,s4.568828264,s6.409482371,s32.379200791
158_69,s7.150925918,s-4.029661503,s191.551993912
158_70,s-6.092553547,s6.400000246,s262.817974241
158_71,s-4.544936557,s2.744063267,s45.874012764
158_72,s-8.009504830,s7.329852160,s188.599478604
158_73,s3.049445784,s6.621995903,s93.706720699
158_74,s0.551478852,s1.600599130,s318.706607715
158_75,s2.493793563,s-0.095036673,s245.800885010
158_76,s3.692294644,s-6.410512459,s170.689801049
158_77,s4.259827583,s2.272772800,s105.021066680
158_78,s-4.956803298,s4.238669944,s203.704439444
158_79,s7.140108707,s3.970225046,s33.578502143
158_80,s-4.989736337,s-2.013110610,s348.344642457
158_81,s4.554594245,s3.783343314,s44.588226919
158_82,s4.657117168,s1.055706601,s94.103462488
158_83,s6.447179579,s6.307231843,s88.522875375
158_84,s-5.214832517,s3.141598698,s86.494747120
158_85,s-6.799143453,s-0.665969198,s272.598529248
158_86,s-5.670856902,s-1.349650961,s95.388270823
158_87,s-7.326301833,s5.031784661,s130.888055316
158_88,s-5.269332643,s2.042817044,s89.255289416
158_89,s-6.111684610,s-4.358075196,s272.412582823
158_90,s-4.597483730,s7.731318564,s327.205954181
158_91,s4.398117388,s5.863783988,s157.605051169
158_92,s3.273747607,s1.850147642,s227.908111090
158_93,s-0.725130255,s2.563515634,s184.416842572
158_94,s-1.159934197,s5.604137427,s206.851491180
158_95,s-2.992941706,s7.300725291,s78.844578061
158_96,s3.253616965,s4.084480764,s160.174756366
158_97,s7.488054488,s5.320992079,s341.168048659
158_98,s-7.047533840,s-1.991621539,s319.152799355
158_99,s-6.951581507,s3.437080807,s21.921312534
158_100,s-6.980557937,s-3.981403384,s131.083582883
158_101,s-7.510336553,s0.721746867,s251.152487988
158_102,s-5.741428695,s1.221161737,s115.400913603
158_103,s6.694481150,s3.628213022,s183.404520203
158_104,s7.536834212,s7.278851765,s333.523688309
158_105,s5.162449521,s5.996878950,s250.536814203
158_106,s-7.829517064,s-1.504311250,s18.443754440
158_107,s4.430242474,s5.248413041,s145.982932700
158_108,s3.514747299,s3.161608470,s24.173117735
158_109,s4.340444715,s1.755137119,s53.464700055
158_110,s1.454352788,s6.122448610,s246.910442534
158_111,s4.125724980,s7.199936151,s171.446288758
158_112,s-6.737860067,s0.726790522,s198.968558631
158_113,s-6.567580249,s7.369425720,s343.267208665
158_114,s-0.776532219,s3.342581526,s3.979532609
158_115,s-2.859834943,s7.727968741,s292.978214430
158_116,s-2.796170406,s1.209884139,s124.384246275
158_117,s1.407473258,s6.672593367,s170.990976056
158_118,s-1.115709763,s6.037300039,s316.993785220
158_119,s1.718836123,s4.515969004,s50.730751026
158_120,s0.478595499,s5.136576929,s263.300384840
158_121,s1.058676492,s5.311177496,s258.119342327
158_122,s3.800055163,s7.485389461,s160.206952536
158_123,s6.191130031,s4.908474069,s112.759928307
158_124,s6.463223998,s4.109609608,s115.925922503
158_125,s5.003786337,s7.515736092,s59.585376927
158_126,s-4.695267789,s6.058977146,s186.396600337
158_127,s-6.110432346,s4.432027220,s101.486397814
158_128,s0.504254200,s7.432852940,s241.545752498
158_129,s-7.485292651,s6.025437995,s292.456923641
158_130,s2.722521467,s2.991271818,s229.492807923
158_131,s-7.456078926,s7.562980871,s56.964086255
158_132,s3.091939877,s5.638972121,s10.564310943
158_133,s-2.548762274,s4.506666433,s22.144599880
158_134,s-0.934713229,s6.799903265,s13.074459726
158_135,s-2.116732477,s4.608836816,s255.430764658
158_136,s4.289489912,s7.731318564,s13.589997261
158_137,s2.486120113,s5.483642238,s145.614310005
158_138,s5.717362855,s7.012143967,s105.920314295
158_139,s7.519892211,s3.389185004,s127.223088827
158_140,s-4.105252110,s6.505683204,s299.623727122
158_141,s-3.891069893,s4.741730650,s63.347473833
158_142,s0.486222224,s2.501491727,s52.947769148
158_143,s-0.538722949,s2.799319087,s332.904120493
158_144,s-0.699118826,s4.682421168,s159.066588465
158_145,s-1.926357513,s5.805934740,s127.760901499
158_146,s-1.791554375,s5.528783666,s152.671600035
158_147,s-1.241052577,s7.501038863,s225.499797644
158_148,s4.041132737,s4.569916758,s14.226313400
158_149,s3.442207319,s5.004094048,s37.614349131
158_150,s6.378105026,s7.248739715,s353.515967769
158_151,s7.370570299,s6.792385119,s277.566120604
158_152,s7.133171368,s5.261730960,s47.466581945
158_153,s6.188795672,s6.414622442,s154.744227111
158_154,s-2.460617849,s2.385697376,s192.493295269
158_155,s-5.532833201,s7.676307643,s359.952180492
158_156,s-5.981234831,s6.437407485,s188.492708442
158_157,s1.396591167,s7.704703568,s64.465959730
159_0,s-1.923117309,s-1.555037773,s129.443842965
159_1,s-7.121105613,s0.242075135,s171.884410623
159_2,s-7.373260452,s-6.683284918,s180.210660870
159_3,s-5.839511738,s-3.077492148,s110.607921809
159_4,s-4.104285277,s3.539748834,s170.247554251
159_5,s3.215823163,s-3.495613194,s235.200935990
159_6,s3.129123233,s-6.088544364,s98.305165297
159_7,s-3.349903653,s-6.393613421,s307.422572940
159_8,s-3.502298015,s-7.455453043,s44.949413107
159_9,s3.835268877,s-7.569414264,s315.366609472
159_10,s3.194390543,s-1.241989160,s238.602995909
159_11,s0.405115994,s-1.053259423,s49.876483242
159_12,s5.331625308,s-4.308096366,s237.463746172
159_13,s5.162053142,s0.185788912,s347.840394445
159_14,s-6.431411865,s-6.454870496,s319.166660798
159_15,s-7.199671582,s-7.483649182,s134.499590847
159_16,s-3.299249185,s-1.900285943,s139.196911419
159_17,s-2.024771879,s-1.138902313,s182.481469591
159_18,s-1.724374817,s0.829464237,s97.712112111
159_19,s-2.516758859,s-3.865380259,s310.776029788
159_20,s-1.496612137,s6.824395070,s345.125530000
159_21,s-4.515769617,s-0.890007731,s340.217022783
159_22,s-1.510929382,s-7.343130463,s83.638119013
159_23,s4.190259955,s-7.406118616,s311.727183195
159_24,s-0.974308356,s-3.798087345,s102.770173494
159_25,s-4.140940722,s-1.928915841,s173.881871567
159_26,s2.216601384,s-7.516193768,s0.573435808
159_27,s6.967888246,s-3.722669762,s81.337628908
159_28,s-7.324135995,s0.874740719,s176.124449338
159_29,s-6.361945228,s0.341946226,s282.258555343
159_30,s-4.679455866,s-7.302214383,s338.418806127
159_31,s-0.709387578,s-3.345664928,s249.069231383
159_32,s4.940069796,s3.755749273,s151.092223658
159_33,s3.153224252,s3.927519030,s111.689292200
159_34,s3.593859690,s3.927192951,s233.540931270
159_35,s-6.520199320,s-2.966780882,s44.974625884
159_36,s5.052376419,s-5.691688960,s260.394911854
159_37,s2.850333086,s6.227542762,s204.398574880
159_38,s2.367577444,s-5.951589166,s306.545859843
159_39,s2.316720442,s2.489461100,s342.378122426
159_40,s4.736402872,s3.606630359,s231.244373027
159_41,s5.970683004,s1.030167609,s126.273590495
159_42,s-6.959489571,s-4.715283287,s269.439203802
159_43,s-4.988444527,s-5.080005980,s178.647460230
159_44,s-7.063224020,s6.205532287,s290.400712172
159_45,s-4.162998989,s1.428796403,s224.069162398
159_46,s-5.503182774,s-7.460809592,s223.436904249
159_47,s-4.880379591,s-4.281831430,s303.268709412
159_48,s7.415670799,s-7.263848586,s115.265424249
159_49,s-6.826633406,s-2.076781644,s127.999238931
159_50,s-4.305049451,s-1.371039322,s198.386327826
159_51,s2.753882515,s0.434411342,s87.160771901
159_52,s7.415622838,s2.825882828,s12.664675676
159_53,s4.422478125,s-1.523711031,s170.816442767
159_54,s5.867733838,s-6.756764140,s49.416392913
159_55,s7.159616936,s0.190732084,s73.359217467
159_56,s-6.698137928,s3.802338299,s2.105344227
159_57,s-7.174271660,s1.130204463,s15.766132909
159_58,s-6.198068797,s2.870154639,s87.040627322
159_59,s-0.384335739,s-5.209383624,s283.731870067
159_60,s-7.133831876,s3.020127979,s83.244020810
159_61,s-3.804349637,s2.324922020,s328.685213952
159_62,s1.033761086,s2.600415910,s243.747971937
159_63,s-0.129329839,s1.627992526,s3.167058775
159_64,s0.434141730,s-0.515679438,s80.210415831
159_65,s-2.671822249,s0.325600326,s19.433309198
159_66,s3.769880113,s1.730777490,s63.212945541
159_67,s3.968825476,s-4.211000948,s13.826572701
159_68,s2.712951704,s-0.681377567,s339.519848978
159_69,s-0.746634284,s0.524628604,s189.202034269
159_70,s-5.087514579,s5.138698023,s308.782506050
159_71,s-3.996629708,s3.729438607,s143.132540969
159_72,s-1.033084132,s-0.233432599,s329.298168378
159_73,s-5.307435244,s3.435841741,s212.159638388
159_74,s-3.570637954,s-4.639174460,s91.023635246
159_75,s-2.741187261,s1.319182765,s213.522583638
159_76,s0.865045459,s-5.573582350,s67.555274689
159_77,s1.963350491,s-0.496508098,s308.645249868
159_78,s7.532341610,s4.321056844,s189.995580208
159_79,s-0.449309677,s5.210543659,s289.693059643
159_80,s2.545607739,s6.411092249,s25.818823526
159_81,s6.465188514,s-4.100359836,s25.360870310
159_82,s6.994168043,s7.186331065,s241.371944083
159_83,s6.117842232,s-0.653280161,s5.353472647
159_84,s2.120552568,s7.245007140,s2.282330578
159_85,s-4.867411120,s-2.270776694,s160.275296913
159_86,s-3.820203530,s-0.008989596,s256.436891580
159_87,s-4.647599659,s-0.103018994,s2.683365992
159_88,s-2.299483264,s5.847645340,s187.532302118
159_89,s4.529330158,s0.435473473,s262.662781900
159_90,s-0.391169111,s0.504881906,s191.524834837
159_91,s-5.164469561,s6.924782878,s347.726770178
159_92,s-0.753440336,s2.681939816,s262.602451282
159_93,s5.729627233,s4.894382611,s334.547059300
159_94,s1.689479657,s-5.498430176,s312.914058179
159_95,s-1.225649883,s-1.433748043,s349.994949991
159_96,s5.128967493,s6.121721143,s294.335816424
159_97,s5.887053872,s7.001149457,s10.798248945
159_98,s-4.064195285,s7.296083006,s323.574000422
159_99,s-5.904667542,s6.143567803,s33.211632740
159_100,s-6.714177386,s5.708105474,s308.227205358
159_101,s-0.345472405,s2.962640741,s66.384733088
159_102,s-1.633606162,s2.246613342,s357.008475507
159_103,s3.354696223,s4.286503814,s283.689013122
159_104,s3.603226430,s3.170034640,s247.216510878
159_105,s3.349679284,s1.310927077,s83.361166145
159_106,s3.037082230,s4.721148263,s122.862027879
159_107,s6.312869240,s5.555816570,s37.501716051
159_108,s1.872739569,s3.542446298,s56.955321379
159_109,s4.735816094,s1.635203234,s279.579989486
159_110,s4.990384469,s7.264204249,s17.621522684
159_111,s7.377306334,s1.658095674,s349.685836702
159_112,s-7.373260452,s5.002089729,s167.503364895
159_113,s-1.052340444,s4.759292643,s305.967844216
159_114,s-5.682275102,s-5.376410144,s240.401583922
159_115,s-3.715199280,s5.440345917,s38.114480855
159_116,s-0.674251064,s3.028766053,s252.219437374
159_117,s-4.811804104,s2.236270187,s188.481096865
159_118,s2.324341363,s7.274576008,s196.478608670
159_119,s1.236888179,s1.102386905,s300.384769732
159_120,s1.274041199,s5.176583134,s286.605987639
159_121,s2.232122856,s3.959357168,s285.008285687
159_122,s2.171879143,s5.589905243,s280.565821193
159_123,s6.482464395,s2.130030878,s126.071898173
159_124,s5.492757989,s3.666703253,s292.455549305
159_125,s4.131135564,s4.410466000,s115.281431901
159_126,s-3.553948105,s4.824471006,s210.239641598
159_127,s-5.672197202,s7.018539632,s147.587412611
159_128,s-2.791926946,s3.225383379,s100.397182718
159_129,s1.214153029,s4.601347073,s17.483975614
159_130,s0.612057263,s3.608022280,s64.855394650
159_131,s-5.175054353,s2.317834348,s126.100363667
159_132,s0.149964358,s6.613848573,s174.931822524
159_133,s3.076605092,s7.242707577,s45.728581327
159_134,s7.198281987,s5.376955446,s294.147751872
159_135,s2.426813706,s6.981707665,s170.907315882
159_136,s3.316710044,s7.200831244,s13.918684822
159_137,s-1.910957275,s6.421669095,s233.914661760
159_138,s4.790314794,s6.245295610,s61.797929492
159_139,s7.555598635,s6.337240343,s130.386682782
159_140,s-4.787166162,s0.423664897,s150.993644913
159_141,s-2.004802268,s4.831483078,s333.465818202
159_142,s-5.550900982,s6.207218621,s277.678206611
159_143,s-6.377096460,s7.210628728,s218.547904694
159_144,s1.561674600,s5.120974872,s179.104261525
159_145,s-3.208536444,s4.600888307,s45.409791857
159_146,s1.792470316,s6.355231265,s359.977838200
159_147,s-1.143790277,s5.497898698,s301.545231815
159_148,s4.494219817,s6.985622668,s285.896836687
159_149,s3.957085783,s5.273191399,s113.098595480
159_150,s1.271169312,s1.554125863,s338.611445149
159_151,s6.386133152,s4.233769629,s321.369277148
159_152,s4.281342390,s3.960679054,s318.544928794
159_153,s7.561731897,s7.262683558,s36.500141247
159_154,s-7.357742567,s7.333761706,s268.880483073
159_155,s-2.474216329,s6.955043159,s172.862680840
159_156,s-1.348114611,s3.245582303,s99.543761842
159_157,s-3.750521551,s6.673955740,s61.467500516
159_158,s-5.405513542,s-1.035566237,s337.997315564
160_0,s-6.042974014,s-5.872167476,s113.214601377
160_1,s-6.726292256,s-6.932314691,s105.004261922
160_2,s-4.877797763,s-3.127252327,s261.097629941
160_3,s-2.670545544,s-7.147773231,s355.034231505
160_4,s3.155767015,s-7.107281242,s220.316183249
160_5,s-1.422295619,s-1.461995189,s349.349553631
160_6,s3.892483705,s-5.864203864,s176.539640440
160_7,s-2.289431723,s-5.083580065,s278.009283760
160_8,s-1.201516889,s-5.630842878,s57.727657381
160_9,s6.209009836,s-4.031234169,s182.547359757
160_10,s6.334227844,s-4.657909293,s252.286046763
160_11,s1.204574892,s-4.817113508,s311.912519207
160_12,s2.998341525,s4.443301118,s255.053969767
160_13,s1.927583297,s-4.242761933,s143.483181697
160_14,s-7.126009259,s-0.662403808,s51.305101437
160_15,s-6.522260107,s-5.020239950,s153.072618194
160_16,s-0.423975210,s-1.284842260,s53.632178347
160_17,s-1.296144375,s-6.829342262,s186.301068776
160_18,s-6.899140870,s-2.795268188,s171.134851407
160_19,s0.379542089,s-1.229305275,s319.691116064
160_20,s6.602079929,s-6.733656287,s25.673221559
160_21,s1.922227664,s2.826011092,s117.275928945
160_22,s-0.157716481,s-2.659952836,s274.234570210
160_23,s0.689854755,s-4.768338442,s131.871426317
160_24,s5.603410815,s-7.291242347,s245.336599406
160_25,s7.161751513,s1.272915507,s123.969992668
160_26,s1.562093085,s-2.693035461,s65.505355998
160_27,s7.281908329,s-3.621145462,s186.780461930
160_28,s-6.808091414,s1.723311538,s261.439424784
160_29,s-5.538648898,s3.493614749,s207.555405728
160_30,s-3.995630958,s-6.009093699,s43.793551800
160_31,s-7.039471789,s-4.495502526,s337.067650848
160_32,s-3.681091870,s-2.012369197,s22.059556511
160_33,s3.386354647,s-2.726880933,s105.728230677
160_34,s-0.136846721,s-7.027845915,s203.471552500
160_35,s-4.429197780,s-5.342755049,s349.870834085
160_36,s4.906747523,s-3.158897060,s13.157484299
160_37,s-1.784892408,s0.566430462,s207.834521366
160_38,s-2.589134270,s-3.678570986,s181.521863392
160_39,s-5.303447729,s-4.268777949,s345.839460383
160_40,s4.897684551,s0.489968470,s285.011987509
160_41,s3.434773037,s-3.968285788,s321.779916272
160_42,s-7.121290946,s0.180442906,s41.692472075
160_43,s-3.986140237,s-3.746941801,s349.635199846
160_44,s-3.538939788,s3.035794784,s125.257443050
160_45,s-0.588140183,s3.948531039,s45.458279329
160_46,s-4.662807895,s1.263681389,s327.831112595
160_47,s-0.800055263,s-0.235667232,s197.152308560
160_48,s6.999313451,s-3.461209245,s20.508153946
160_49,s3.642415340,s2.395155715,s79.545376551
160_50,s5.725936168,s3.238250685,s93.813053087
160_51,s-0.901557598,s7.022125988,s36.029230837
160_52,s-2.923228874,s0.759157820,s270.919418778
160_53,s5.528547887,s2.211446630,s273.613535891
160_54,s5.393711980,s-0.909211406,s181.356464286
160_55,s6.954507141,s-2.127035587,s44.134230910
160_56,s-6.712875552,s1.159454942,s88.198069308
160_57,s-4.478344076,s1.755203296,s39.683565592
160_58,s0.457773417,s-3.717734154,s42.735675618
160_59,s-2.608515427,s-0.662934602,s84.047586823
160_60,s-5.948187870,s2.696858759,s125.910607621
160_61,s-1.602110329,s5.711657694,s22.650822623
160_62,s-5.135353890,s-4.056043868,s176.730739511
160_63,s1.644734321,s6.843312588,s210.701063450
160_64,s0.025567681,s-0.744384943,s20.828669066
160_65,s1.581310422,s-6.112414137,s41.153717105
160_66,s-1.818886299,s-3.681457098,s257.407985708
160_67,s4.731012671,s4.677261965,s56.558303144
160_68,s5.619454421,s0.647771016,s196.905491491
160_69,s7.088432329,s0.493498796,s174.290217653
160_70,s-4.892549650,s0.359245197,s21.474728768
160_71,s-2.738549542,s1.364666739,s150.601685047
160_72,s-0.789285066,s6.910358596,s102.757970964
160_73,s-2.689851744,s-5.420822112,s168.575252535
160_74,s-0.288048977,s2.156191366,s98.443513628
160_75,s2.479824704,s-1.409059126,s125.358195173
160_76,s-1.745669880,s-6.102085979,s69.742961470
160_77,s-6.383006476,s-3.780879018,s270.231155752
160_78,s2.128004748,s1.820584842,s105.772308770
160_79,s1.884287199,s5.043410801,s63.675321644
160_80,s2.645983172,s0.040462847,s35.079328500
160_81,s2.100321652,s4.456033670,s335.456875292
160_82,s6.996545184,s-0.587063641,s26.234234480
160_83,s-1.148838608,s-3.421369912,s262.805521479
160_84,s-6.144288359,s2.062418287,s309.395155297
160_85,s-2.189370954,s0.497375251,s125.097205576
160_86,s-3.865507871,s1.820752963,s105.558854146
160_87,s-2.419567468,s-2.048799658,s92.717273846
160_88,s-1.682632833,s3.608928233,s331.777229107
160_89,s-3.578028488,s0.537836453,s223.616955564
160_90,s7.332632027,s3.066456225,s235.219823042
160_91,s-6.963836734,s4.620876333,s254.713088251
160_92,s5.300082693,s-0.771081898,s263.735689809
160_93,s-0.519496087,s5.756684243,s351.863279757
160_94,s1.872323193,s-2.067887306,s182.853098463
160_95,s6.915587170,s-4.372048119,s32.262192348
160_96,s5.561884334,s5.758200171,s84.225376506
160_97,s7.330782080,s6.982359002,s110.843715271
160_98,s-5.403532752,s0.550104351,s350.089356183
160_99,s-6.209764760,s3.330491566,s304.115361038
160_100,s-5.150818264,s7.008014036,s19.601650323
160_101,s-1.838802211,s3.998791166,s126.856412729
160_102,s-3.475997922,s7.072018677,s86.474899458
160_103,s-5.912616527,s6.517259538,s125.205848823
160_104,s1.880645257,s5.995472951,s89.245878674
160_105,s0.884580760,s4.970738644,s209.296981447
160_106,s0.703341298,s2.775681849,s339.891806497
160_107,s7.261256949,s2.508940246,s112.866043523
160_108,s-6.981725572,s2.686844110,s282.725001301
160_109,s1.381864813,s0.526407975,s303.804926929
160_110,s4.569209847,s6.996683032,s168.092367722
160_111,s6.505573958,s2.147371489,s67.837962384
160_112,s-2.460597680,s4.970929743,s312.723567505
160_113,s-4.660857019,s2.823747025,s331.431487577
160_114,s-6.773634221,s5.197745383,s129.141249434
160_115,s-6.766456923,s3.059201913,s261.912515245
160_116,s4.960387895,s2.728759714,s133.287126421
160_117,s-1.671407913,s6.188618716,s340.084469290
160_118,s3.899510147,s2.589005706,s247.876099668
160_119,s3.022174356,s1.369344721,s36.804062379
160_120,s5.669175135,s1.244349805,s336.437568551
160_121,s0.429274741,s4.126764447,s18.440111207
160_122,s0.181596133,s2.686430066,s84.326062401
160_123,s5.051296155,s3.692155789,s168.329930416
160_124,s3.509427858,s5.524764968,s267.865337356
160_125,s7.239089914,s4.561583920,s121.636602544
160_126,s-7.199040562,s6.836550742,s98.759623442
160_127,s-5.071455440,s4.870743531,s291.308586397
160_128,s-3.430961133,s6.082194862,s171.292627112
160_129,s-1.779727947,s2.511414055,s273.450392132
160_130,s2.289078211,s2.778814088,s112.596651951
160_131,s-1.333368492,s0.674570171,s343.788629140
160_132,s-0.716544869,s0.273464875,s359.479081499
160_133,s6.579504226,s4.278455958,s107.679898138
160_134,s2.157976294,s7.089418017,s99.787220849
160_135,s0.822335679,s0.084999642,s280.660011477
160_136,s7.288633758,s-5.666104866,s90.398481690
160_137,s5.921266649,s6.977318355,s326.543559642
160_138,s5.811158451,s3.499471885,s135.757341474
160_139,s3.051216440,s6.269273636,s213.392324728
160_140,s-5.288951601,s4.880621874,s298.747900704
160_141,s-4.121589962,s6.515769032,s65.040670803
160_142,s-2.450328746,s6.876838013,s341.477113062
160_143,s-7.199400872,s5.726056079,s203.991302339
160_144,s-5.106802570,s3.908521846,s286.457818083
160_145,s-4.013473959,s5.408715476,s193.338763505
160_146,s-1.212085051,s4.961872396,s102.053996690
160_147,s0.988140381,s6.903921593,s345.356788437
160_148,s-4.134793335,s3.561351764,s257.948998079
160_149,s4.844798017,s6.631527831,s80.300586123
160_150,s6.534903136,s6.765216821,s211.556813477
160_151,s4.522929024,s5.613569895,s339.497466337
160_152,s7.132293310,s5.798726481,s141.591407019
160_153,s7.080644387,s5.043009854,s72.324974706
160_154,s-6.833913537,s7.039993477,s183.904538493
160_155,s-5.877581554,s5.376279496,s326.249352210
160_156,s-0.199297418,s6.681443335,s12.757088710
160_157,s-0.981475288,s6.800060488,s163.429054680
160_158,s1.871384245,s3.899534036,s50.332230086
160_159,s4.154842702,s-2.811451772,s22.749020820
161_0,s-6.588737746,s-7.155814256,s122.950664959
161_1,s-5.113977932,s-5.655374888,s324.617021653
161_2,s-6.079658083,s-2.873012948,s125.180243865
161_3,s-6.634390049,s-4.620640088,s49.662857421
161_4,s-0.667051599,s-7.049969973,s273.320951865
161_5,s0.611425483,s-3.935495730,s122.888410470
161_6,s2.057954990,s-6.718774661,s319.398353628
161_7,s3.840086832,s-2.392019330,s247.350197315
161_8,s-3.641223880,s-7.576679389,s264.941347169
161_9,s2.735352725,s-7.578775026,s57.352279154
161_10,s2.106616831,s-2.424243899,s249.807486168
161_11,s6.042764103,s-4.307496138,s39.440803479
161_12,s3.267985403,s-5.095950465,s83.410007614
161_13,s6.877442688,s-7.653506017,s30.127157867
161_14,s-7.475855522,s-5.084282989,s312.576967358
161_15,s-0.265648656,s0.520825123,s243.315114460
161_16,s-3.540504737,s-1.845471061,s265.055841993
161_17,s-1.867230411,s-4.233478802,s161.030578359
161_18,s-1.896184318,s-5.703986993,s193.472711413
161_19,s-2.479204644,s-7.188250658,s107.528407948
161_20,s1.282622839,s-0.356302165,s150.456275473
161_21,s4.948324886,s0.298515042,s79.114667257
161_22,s3.648554280,s5.196916382,s302.946287245
161_23,s2.081961207,s-4.666913010,s231.753476477
161_24,s5.148210333,s-1.988534645,s97.139914509
161_25,s6.836270367,s-6.347170452,s89.990063828
161_26,s7.230326705,s-3.515430533,s217.579202390
161_27,s7.788533688,s-7.008568998,s202.713778081
161_28,s-7.196380829,s5.074243966,s146.777995852
161_29,s-4.165179888,s-7.611001151,s167.235553303
161_30,s-5.854246678,s3.576875874,s292.567560919
161_31,s-6.389445806,s-1.343824428,s295.198080006
161_32,s-0.803200048,s2.683397908,s281.494434281
161_33,s-1.698163037,s-6.462076787,s62.233820775
161_34,s-3.152590287,s-1.821224694,s245.539692787
161_35,s-3.607383947,s3.728637804,s286.856868178
161_36,s0.794098086,s-1.784175259,s322.422683853
161_37,s2.403034239,s-0.645982035,s126.696018878
161_38,s4.648716774,s-7.124747292,s97.967496514
161_39,s0.416106814,s2.103413638,s284.771563609
161_40,s7.414546127,s1.199718925,s148.232272105
161_41,s4.444420363,s-4.345702088,s5.166912615
161_42,s-7.294512450,s-1.697560361,s241.326106486
161_43,s-1.050936155,s-1.400806902,s343.310107741
161_44,s-3.864556303,s1.826142118,s300.684302571
161_45,s-5.618101231,s4.467876919,s20.166187937
161_46,s-4.748439777,s6.405885410,s107.399113386
161_47,s2.763455254,s0.176468165,s98.705796684
161_48,s4.247213297,s-6.173514112,s240.384542638
161_49,s-2.386122436,s-4.980431256,s98.883428563
161_50,s1.271648740,s2.138463559,s88.949144634
161_51,s5.987818855,s-6.078674369,s83.378768409
161_52,s-3.742830710,s1.053531080,s104.541760957
161_53,s5.633419606,s0.807622064,s88.097822815
161_54,s7.517404794,s5.589213978,s88.173273279
161_55,s5.174911694,s-3.903765340,s36.005964235
161_56,s-7.334529215,s-0.686028279,s71.361216334
161_57,s-2.412099830,s3.498096500,s309.436039111
161_58,s-2.272294621,s-2.760861379,s339.022962211
161_59,s-4.968189850,s-1.981133535,s141.911588158
161_60,s-3.577882631,s2.108618259,s299.497857828
161_61,s1.759950233,s-3.196735083,s221.431846407
161_62,s-3.707282450,s-6.399933418,s68.513176976
161_63,s-0.744038723,s0.824780648,s47.514863716
161_64,s2.737882353,s1.835132877,s225.603744297
161_65,s-0.231824444,s-5.090149613,s192.468702537
161_66,s1.355091625,s5.660355411,s149.099448132
161_67,s5.155810737,s1.884333248,s54.158332213
161_68,s6.843098658,s-2.437679134,s332.090657706
161_69,s6.828052403,s1.157751052,s3.621821571
161_70,s-6.521004597,s1.521766140,s293.889115797
161_71,s-6.636360927,s-2.255423680,s331.855290915
161_72,s-3.724152021,s-1.387603328,s45.220235434
161_73,s-4.162839342,s-4.935954742,s349.573993585
161_74,s-6.064352906,s6.619092789,s332.594048609
161_75,s-2.618729556,s-0.848491635,s353.886571375
161_76,s5.643406712,s7.063169629,s305.489967341
161_77,s-0.084184840,s2.679116164,s189.198393834
161_78,s-1.386300677,s-0.023200691,s321.470555206
161_79,s4.783539608,s2.405000200,s126.183753200
161_80,s4.593320219,s6.346950718,s142.367440363
161_81,s5.349548547,s-0.764267645,s143.854532282
161_82,s7.556247665,s-1.822225333,s86.445372416
161_83,s7.267741312,s3.631371448,s259.162205990
161_84,s-7.320608307,s0.240064692,s81.293427426
161_85,s-6.443449032,s-0.729639765,s265.575313440
161_86,s-4.919546625,s4.003095853,s304.624627616
161_87,s-2.878892446,s6.203627724,s308.342584164
161_88,s3.622896924,s-0.692506710,s230.243951144
161_89,s3.182482046,s1.264088375,s341.139593855
161_90,s-5.998267438,s4.377736222,s209.878669543
161_91,s1.625540920,s2.453916735,s112.178779832
161_92,s-3.042179584,s5.131153824,s261.618736646
161_93,s0.807143079,s0.509604247,s293.693195634
161_94,s-0.781233633,s1.391532671,s157.704260327
161_95,s4.149512655,s2.273446975,s141.919821635
161_96,s6.077289701,s3.034532460,s237.274636324
161_97,s3.860352144,s7.355275027,s256.175276684
161_98,s-6.424787823,s0.689320876,s111.678862775
161_99,s-7.121465065,s3.533121213,s91.205584641
161_100,s-7.521205783,s-0.057178208,s327.270962131
161_101,s-7.011529461,s2.395759444,s119.331643852
161_102,s-0.401326764,s2.864400697,s197.375815553
161_103,s-6.019437663,s2.175063812,s273.481880218
161_104,s-0.414569393,s3.173979651,s157.234091467
161_105,s-2.050654696,s5.146022144,s142.063159677
161_106,s7.045260706,s5.850656110,s243.157143988
161_107,s5.739357537,s1.489495278,s93.473261479
161_108,s3.461784832,s2.517795045,s54.903407635
161_109,s-1.238539446,s4.859635397,s298.989190992
161_110,s2.250147542,s6.212455216,s244.502047846
161_111,s4.175464978,s3.843825417,s177.535674841
161_112,s-4.580015674,s5.390759273,s2.699481560
161_113,s-5.576259395,s7.434303679,s269.773067715
161_114,s1.922823842,s7.216768431,s196.178713268
161_115,s5.809193209,s3.697952334,s270.750174820
161_116,s1.625201312,s0.401597214,s319.630595586
161_117,s-2.789585617,s4.086367175,s348.531096858
161_118,s3.201504843,s3.013062176,s271.100800566
161_119,s0.464396630,s3.298019837,s295.653592718
161_120,s7.256997813,s-0.580117540,s287.344268657
161_121,s1.458772643,s4.213342094,s194.517886654
161_122,s4.619208891,s1.174640164,s195.295409659
161_123,s7.606683493,s6.368669724,s187.752332320
161_124,s6.184746482,s4.764591566,s147.569788423
161_125,s4.488938438,s7.585567783,s335.765590090
161_126,s-1.522841132,s6.612585363,s286.052673980
161_127,s-5.302361900,s4.854006634,s31.989276558
161_128,s0.623242837,s5.287178690,s249.308526698
161_129,s-5.100514061,s0.423102159,s236.225309194
161_130,s-1.150271299,s6.628026573,s69.658361124
161_131,s2.353892793,s7.638579611,s271.823404656
161_132,s-0.625065085,s5.752417265,s67.449507504
161_133,s-4.243381924,s6.918678553,s246.166081139
161_134,s-3.577580595,s7.638579611,s276.134384569
161_135,s2.771772170,s6.195764476,s248.569283870
161_136,s6.761575888,s7.008284927,s247.113001246
161_137,s-1.768984766,s2.370222720,s225.904765016
161_138,s-1.699086480,s3.013556090,s230.718176849
161_139,s4.053553105,s6.677559480,s13.091097380
161_140,s-6.555299536,s7.638579611,s106.000108963
161_141,s-2.383434460,s5.134894469,s133.146937013
161_142,s-4.013097149,s7.473971149,s229.410033256
161_143,s-5.118731064,s-0.107132419,s51.204441658
161_144,s1.508625525,s3.919289229,s53.192145838
161_145,s-3.648141992,s-0.866282394,s298.167456630
161_146,s0.349235006,s4.252797802,s9.281855514
161_147,s3.026859429,s7.507343777,s265.824136997
161_148,s0.538872333,s6.003608170,s258.903612846
161_149,s2.631542497,s7.508707019,s279.362832607
161_150,s3.032638386,s7.591232703,s0.135541570
161_151,s7.788533688,s7.608601855,s123.168084020
161_152,s3.758689935,s4.182065502,s45.740318839
161_153,s6.349341582,s2.460926750,s357.288879413
161_154,s-5.857793985,s5.686671399,s196.005859649
161_155,s-7.045535550,s7.404968324,s122.747915003
161_156,s-3.452415587,s0.133694178,s167.063439761
161_157,s3.224130204,s4.355958711,s290.443381153
161_158,s-5.388763981,s6.835578117,s289.979920546
161_159,s-7.437300581,s6.244595671,s214.785145282
161_160,s-3.750614229,s6.554522432,s302.096665819
162_0,s-2.682066546,s-5.685627513,s161.920374812
162_1,s-5.778678536,s-5.301200420,s148.968600314
162_2,s-6.416272940,s-4.235110690,s124.002198255
162_3,s3.192234691,s-6.652053683,s191.038503163
162_4,s-5.439901589,s-4.564587137,s10.109969069
162_5,s-6.032669310,s-3.221021430,s283.544339552
162_6,s1.916847539,s-5.303745751,s340.757102639
162_7,s4.150916801,s-1.503422383,s253.590777373
162_8,s4.539480019,s-7.226991036,s130.546100253
162_9,s2.833045391,s-6.082933757,s189.186808108
162_10,s6.879230690,s-7.238521896,s75.046712895
162_11,s6.126724075,s-0.036150646,s192.725865442
162_12,s7.100090059,s-4.035485276,s262.072011952
162_13,s7.143768091,s-4.864489367,s182.757968001
162_14,s-6.993213745,s-2.664462608,s189.686031580
162_15,s-4.786658875,s-6.165888491,s203.694459336
162_16,s-0.224798821,s-4.964369169,s202.681077033
162_17,s-6.056996137,s2.588498687,s62.959050532
162_18,s3.086965944,s-2.488019222,s160.051132762
162_19,s-4.433847638,s-3.254690312,s160.132131606
162_20,s0.913246201,s-3.210461097,s276.652099161
162_21,s-1.802691911,s2.704305074,s237.409682368
162_22,s3.789833866,s-4.825230840,s180.785818973
162_23,s-0.763767813,s-0.652646098,s1.898257922
162_24,s6.828806344,s-1.107692235,s275.621608593
162_25,s-0.749773363,s-1.621542979,s108.768805798
162_26,s4.988152941,s-0.366483110,s38.583356028
162_27,s5.212737784,s-7.072898218,s267.200528237
162_28,s-6.805964755,s-3.687189126,s123.801596247
162_29,s-5.029173083,s2.247668576,s312.113437766
162_30,s-3.702467230,s-1.281189049,s91.734872714
162_31,s-2.274377860,s-2.323575940,s71.404021354
162_32,s-6.223000139,s-6.754484620,s33.749036174
162_33,s-1.112831265,s3.372210502,s116.723459866
162_34,s0.205955607,s-4.476458840,s155.378279548
162_35,s-2.598940632,s-3.878365390,s230.243708587
162_36,s3.296717169,s2.014189070,s224.444353744
162_37,s0.758420293,s-2.141506021,s152.411393302
162_38,s5.301792020,s4.116751052,s299.898875150
162_39,s2.879691008,s-2.649941984,s129.581205947
162_40,s0.854561571,s1.060521033,s103.364594207
162_41,s3.005496316,s0.269484112,s204.298007402
162_42,s-5.985540220,s-0.988146565,s270.484315562
162_43,s-7.223825473,s-6.747597682,s278.333648514
162_44,s-0.258117512,s-2.429851163,s104.443307849
162_45,s-2.077890734,s-7.284097705,s318.175335272
162_46,s3.272393631,s-7.257786193,s25.649655039
162_47,s0.455436703,s-0.955837521,s195.267323719
162_48,s-0.721714826,s0.279120225,s58.860437195
162_49,s5.909211465,s-7.067770667,s280.723203357
162_50,s-5.561263688,s0.347901217,s270.312074402
162_51,s7.067411741,s-2.584022788,s24.633917284
162_52,s6.308374037,s1.649773977,s200.294200581
162_53,s2.615258565,s-3.555593308,s301.958818533
162_54,s4.334199213,s-5.146609436,s145.699735003
162_55,s6.213217814,s-2.278530671,s298.267999753
162_56,s-4.458047327,s2.688929430,s158.932255816
162_57,s-7.134119953,s5.621277207,s93.522322022
162_58,s-3.208767837,s0.647091457,s297.884565263
162_59,s-3.338725355,s6.781454697,s47.148214495
162_60,s-1.997894243,s0.239088623,s244.208142505
162_61,s-1.896180631,s5.358665377,s165.838625872
162_62,s-4.852402524,s2.445554569,s62.838034629
162_63,s-2.625888273,s1.353181495,s195.719261228
162_64,s-3.488154025,s5.483555849,s338.115701496
162_65,s5.323594037,s7.016071902,s227.668490741
162_66,s2.063943985,s-2.451530876,s352.699117139
162_67,s0.544403885,s0.588725980,s155.829896358
162_68,s5.222684159,s-2.385955372,s295.880489424
162_69,s1.923296354,s-1.883677054,s240.639885966
162_70,s-7.141470096,s6.477892919,s333.441254855
162_71,s0.556141262,s-4.345619553,s97.280070344
162_72,s4.956149741,s6.480417174,s35.743724590
162_73,s-4.550561333,s-0.566096889,s116.032597407
162_74,s2.200171451,s2.996766788,s220.697347896
162_75,s-1.153602403,s0.404120805,s358.646972478
162_76,s5.707815325,s-3.431244289,s152.761642142
162_77,s-3.313953201,s-0.139002773,s57.449883360
162_78,s2.494082626,s4.862522900,s19.073304265
162_79,s-0.259410580,s0.386308721,s54.723427778
162_80,s1.714951378,s6.349598419,s242.268249096
162_81,s6.471527444,s1.206054925,s88.082808115
162_82,s3.233556373,s-1.038850774,s337.378265614
162_83,s7.003697116,s0.570702018,s211.912491752
162_84,s-5.192541068,s0.577608648,s71.423658539
162_85,s-2.581904687,s6.916506017,s210.478227028
162_86,s-4.075444246,s6.347553446,s12.989217006
162_87,s-1.279802376,s7.062828639,s102.807620889
162_88,s4.287180008,s4.087580551,s312.878563972
162_89,s-6.703548869,s5.551511630,s327.962871753
162_90,s5.949929624,s0.513820045,s16.095870202
162_91,s-5.636729686,s5.692887984,s193.597319704
162_92,s-1.352265669,s-0.849947058,s202.641902097
162_93,s4.586742518,s1.530634711,s300.370390172
162_94,s3.237136782,s0.286604136,s137.853590890
162_95,s2.113517429,s-0.220998653,s227.910507163
162_96,s-6.079294301,s4.043442233,s358.603781342
162_97,s5.332156264,s2.845657291,s260.893138701
162_98,s-6.113740712,s3.239586117,s51.807178427
162_99,s-3.896245017,s1.174000063,s92.699483910
162_100,s-2.558616768,s-1.519965245,s49.638452499
162_101,s-0.700703619,s-7.145615697,s244.376837677
162_102,s-3.381975398,s2.264866095,s135.127219218
162_103,s-3.454857490,s2.976412823,s69.826180521
162_104,s-2.063980624,s3.754848802,s21.110954070
162_105,s5.524410379,s2.138851920,s197.936371150
162_106,s3.019547532,s-1.875102502,s296.942355480
162_107,s5.258719895,s0.934898067,s45.022414366
162_108,s0.961910236,s-0.584512803,s252.342536746
162_109,s-2.545614287,s5.128400619,s39.804654184
162_110,s-3.494113594,s3.533910318,s141.658119282
162_111,s2.880788554,s5.394720364,s156.734203905
162_112,s-5.246838627,s1.779849211,s114.259487843
162_113,s-1.314508541,s-0.482332291,s83.933136854
162_114,s-6.415411880,s1.810664179,s308.036129940
162_115,s-3.428155367,s-0.539139711,s198.678455911
162_116,s-2.892961133,s4.347294641,s103.345180283
162_117,s-2.377371860,s-0.761617581,s158.331057759
162_118,s-0.917294747,s2.537884041,s90.368140586
162_119,s-4.662110083,s3.483116542,s211.976160333
162_120,s6.530480434,s3.917339986,s188.093836212
162_121,s-0.106135750,s5.502975395,s195.928814551
162_122,s-1.798437237,s0.741344809,s31.306902505
162_123,s6.517471589,s6.373449231,s95.936436079
162_124,s3.161150695,s7.032658983,s198.532892346
162_125,s7.122041179,s3.280643441,s28.415474820
162_126,s-6.751246837,s-1.645279923,s124.837455552
162_127,s-6.692667332,s-0.094319347,s240.469444504
162_128,s0.374575524,s3.032849608,s357.001381236
162_129,s-1.034600941,s6.596400718,s296.323111963
162_130,s0.965113501,s6.961724787,s59.174383474
162_131,s-1.857925247,s2.461198305,s137.649105887
162_132,s1.323111576,s6.383432961,s252.316476895
162_133,s6.390256138,s5.956528847,s217.127567521
162_134,s-4.476688643,s1.868204281,s214.896178310
162_135,s3.239990083,s1.315159766,s317.016431471
162_136,s0.550346362,s6.902589850,s228.120291446
162_137,s1.666010838,s4.078317521,s253.812903559
162_138,s3.096329425,s3.417015471,s300.455582736
162_139,s7.138075614,s4.807267943,s276.702104947
162_140,s-2.099949449,s6.115186440,s151.387138460
162_141,s-6.913061026,s6.980942678,s343.259694266
162_142,s-4.730847634,s7.034892027,s156.266755695
162_143,s-3.986922002,s2.578017199,s75.223345662
162_144,s0.577970727,s1.353470867,s210.417410058
162_145,s4.423046691,s6.780515556,s98.960304684
162_146,s3.751449173,s6.234750744,s120.913502339
162_147,s5.449667605,s5.602630876,s291.011023649
162_148,s-3.458477528,s6.542725908,s235.948950218
162_149,s4.139841146,s5.290692808,s91.649977794
162_150,s0.053813804,s6.778664259,s296.665963311
162_151,s1.674306440,s4.943616473,s232.661880822
162_152,s2.546492795,s6.378884754,s326.534963959
162_153,s0.392251540,s4.621555210,s132.470964287
162_154,s-5.778114312,s7.045755172,s220.862985416
162_155,s-5.705854794,s6.291111534,s42.310702768
162_156,s-0.853053365,s5.544674151,s159.994164026
162_157,s3.420858562,s4.857053279,s34.965788064
162_158,s0.615795582,s-2.552165990,s219.499159143
162_159,s7.019360219,s4.038927508,s235.088662170
162_160,s7.077891246,s6.730732437,s209.775194142
162_161,s-0.849967848,s1.730838641,s329.433366347
163_0,s-7.237228172,s-4.416233429,s314.779848283
163_1,s-7.651944681,s-7.503894744,s233.562676487
163_2,s-5.260760664,s-6.426917544,s51.071660485
163_3,s-6.062185180,s-5.467938800,s113.231511813
163_4,s-4.231215392,s-7.616354787,s249.595959265
163_5,s-1.985225007,s-3.875828428,s339.799183532
163_6,s0.912986164,s-6.030956999,s200.565384815
163_7,s1.835856862,s-2.806401585,s231.193183010
163_8,s6.520683768,s-6.739527622,s18.210937368
163_9,s4.837474739,s-6.596639900,s87.174809347
163_10,s6.403893615,s-7.510272480,s1.189557953
163_11,s7.676062705,s-7.844135520,s39.088391726
163_12,s6.331724358,s-2.396890257,s169.900305346
163_13,s7.633579919,s-3.099930953,s235.805457916
163_14,s-3.841435472,s1.492037851,s50.357690189
163_15,s-4.179996775,s-3.176232482,s71.704984386
163_16,s-2.441841234,s-0.850835549,s160.007095702
163_17,s-5.961871496,s-7.756557086,s113.560163087
163_18,s-7.465451981,s2.679739614,s323.929528770
163_19,s-5.566803648,s-2.168441238,s259.553977112
163_20,s2.358601563,s-6.247821721,s316.237786352
163_21,s-4.322834032,s0.382669589,s48.383432202
163_22,s0.995155462,s-3.778047808,s238.338380035
163_23,s7.485221370,s2.269447491,s69.310588646
163_24,s2.667310203,s-1.370526868,s176.617491208
163_25,s7.222929115,s-4.958553766,s288.956713802
163_26,s7.534514101,s-3.806372223,s134.345198491
163_27,s7.637500430,s-0.265756706,s114.849040897
163_28,s-6.448595591,s-3.150746190,s38.011261390
163_29,s-6.412002401,s-1.942222092,s155.161251044
163_30,s-7.355118425,s0.716944406,s104.572648669
163_31,s-1.343997006,s-1.579612806,s242.382697899
163_32,s-3.898304266,s-6.695322534,s18.776047956
163_33,s-1.860879500,s-5.914852887,s348.036232089
163_34,s5.287859109,s-3.417004135,s164.160241762
163_35,s-3.591298613,s-0.818795682,s156.050669344
163_36,s4.569572213,s3.179270847,s250.505725807
163_37,s5.689808055,s-3.920943837,s225.051743180
163_38,s6.247704698,s-1.380787409,s185.226194423
163_39,s3.955555621,s2.269335727,s206.898471964
163_40,s2.552376727,s-7.230688448,s337.223733271
163_41,s0.286840727,s-3.124530500,s217.442310398
163_42,s-7.051954977,s-6.210691422,s102.242836095
163_43,s-0.826571804,s0.184032147,s53.484539776
163_44,s0.992088546,s-0.291728408,s316.303436564
163_45,s-6.410554309,s4.688956783,s265.412257993
163_46,s-6.127465684,s-4.809003924,s59.119109121
163_47,s-2.161861456,s5.762194751,s251.446825540
163_48,s-2.389750782,s-3.280373026,s149.452458615
163_49,s-4.977184022,s-5.654737053,s225.746260471
163_50,s-1.986087867,s0.410411725,s58.734912562
163_51,s4.786823014,s0.272659990,s319.567920410
163_52,s7.521824666,s-7.244930126,s238.094492555
163_53,s0.399391328,s-0.555942087,s13.209584161
163_54,s6.987959065,s1.127522888,s208.570576034
163_55,s5.663916740,s4.207748040,s2.936810351
163_56,s-3.275828700,s0.975302147,s77.021856571
163_57,s-3.853645768,s2.464563994,s53.972152165
163_58,s-6.371838926,s-0.192363271,s178.946004273
163_59,s-0.638653351,s7.281986838,s258.994441439
163_60,s-0.898191570,s-3.657908650,s223.371525140
163_61,s-0.406219662,s-2.953984511,s342.182489280
163_62,s-0.227237590,s0.376854976,s42.753307061
163_63,s0.904650616,s-6.665302011,s312.288889954
163_64,s-2.470524349,s6.804190611,s99.406352998
163_65,s2.671837019,s2.449585981,s116.105402890
163_66,s2.620152669,s6.781290343,s179.846466591
163_67,s-0.449477394,s3.075969409,s62.226892780
163_68,s2.897017275,s-2.384451543,s63.678983618
163_69,s5.614539561,s-6.062501724,s110.127959561
163_70,s-6.809957674,s0.984416111,s190.651187944
163_71,s-4.705791958,s3.210760730,s18.344316633
163_72,s-4.500124629,s3.976452475,s76.420449082
163_73,s-5.919174665,s7.184538006,s81.924283478
163_74,s-1.306567302,s4.116893467,s88.833209629
163_75,s-0.625234447,s6.110035598,s321.727880962
163_76,s-0.623448743,s-6.093099062,s181.715341223
163_77,s4.832596303,s-4.211766846,s338.147951432
163_78,s-0.561513485,s5.119859681,s224.385905327
163_79,s4.701204023,s4.939780782,s246.773845947
163_80,s0.190436815,s1.268672905,s315.000883809
163_81,s6.496643609,s2.008222071,s147.079474735
163_82,s3.862951304,s-7.844135520,s123.239093056
163_83,s4.086036467,s-1.024968795,s219.266909708
163_84,s-6.049220076,s3.212023718,s282.894383755
163_85,s-5.321784735,s0.675822467,s0.576981833
163_86,s-5.481180908,s5.538089528,s227.122983123
163_87,s-3.223789616,s-4.688426960,s235.413870397
163_88,s7.534418507,s7.413040965,s74.940740812
163_89,s1.727095996,s-1.813685128,s152.229924320
163_90,s-0.781807445,s5.800683300,s346.885028194
163_91,s4.018017133,s-4.733689071,s127.533484785
163_92,s1.013406027,s3.006021815,s158.450956203
163_93,s-1.500745066,s1.978688527,s206.895048368
163_94,s1.953532745,s5.342363365,s93.129574620
163_95,s5.943684339,s5.580862394,s70.243196630
163_96,s6.711466091,s-0.024813580,s344.096094592
163_97,s7.362120367,s3.867451039,s123.760769435
163_98,s-2.937471337,s-1.788662186,s140.785880389
163_99,s0.601660130,s3.722372656,s357.464061687
163_100,s-5.383621967,s-1.485470356,s135.478759787
163_101,s-2.396852367,s-2.250127062,s48.136096440
163_102,s-6.355161134,s5.800394669,s160.684965762
163_103,s0.042231081,s7.430795643,s104.534991959
163_104,s-0.770335737,s-2.871212699,s130.436280570
163_105,s-7.019126028,s6.161260833,s71.293236790
163_106,s0.131303472,s7.216824884,s66.545694033
163_107,s5.869729247,s6.006731321,s117.290181791
163_108,s7.466816028,s3.696767548,s343.397958938
163_109,s4.044785021,s4.744988188,s236.384157888
163_110,s6.333331848,s0.984604670,s303.652815958
163_111,s2.222348746,s3.380899762,s80.172295486
163_112,s-4.511965781,s1.037569485,s215.385523952
163_113,s-1.047186250,s1.453255893,s317.828738962
163_114,s-5.436561489,s4.994650041,s358.635867832
163_115,s-2.433627546,s7.393693757,s67.121646550
163_116,s-4.407895480,s4.926239171,s216.056604668
163_117,s-6.625651910,s3.180824614,s343.459179993
163_118,s-2.531640711,s3.953462085,s28.819082924
163_119,s-3.595849896,s2.725475387,s196.640891920
163_120,s5.869680818,s3.597815045,s332.912270413
163_121,s2.493558030,s0.545978330,s242.892067165
163_122,s6.788449332,s6.734395097,s201.318576453
163_123,s1.588495733,s4.043781476,s274.131551597
163_124,s6.378376101,s4.515332583,s331.961228771
163_125,s3.537847465,s4.318451396,s113.955322622
163_126,s-7.653752378,s7.030991282,s126.686298039
163_127,s-6.100523014,s3.637921396,s198.924834154
163_128,s-4.841575727,s7.281787211,s5.494399587
163_129,s-1.373527697,s7.407416203,s296.731526460
163_130,s3.767606255,s2.074576627,s14.318185112
163_131,s-4.536321986,s7.459966552,s298.055795260
163_132,s1.226090315,s7.446541716,s235.831193479
163_133,s-4.138429790,s3.535787602,s154.022488753
163_134,s0.510863180,s4.785317758,s236.034669318
163_135,s2.179309189,s2.771501835,s87.824487173
163_136,s2.965835665,s7.496438309,s20.077807299
163_137,s6.850770442,s4.921892728,s221.847029441
163_138,s5.362990222,s2.103551549,s141.563656456
163_139,s4.555286350,s7.468442047,s77.542632930
163_140,s0.026716713,s4.327720534,s333.889872304
163_141,s-1.625065085,s3.402296664,s247.947041749
163_142,s-4.942023571,s5.283475469,s231.608381153
163_143,s-4.244073846,s5.831585757,s58.744344333
163_144,s-1.944479165,s4.100224931,s61.276526408
163_145,s-7.530463931,s7.496438309,s349.344138904
163_146,s-0.700159583,s1.265853482,s203.537833037
163_147,s5.733663256,s5.050019992,s301.795723209
163_148,s3.482210746,s7.080368972,s206.290006813
163_149,s1.180490801,s5.654081850,s272.576714552
163_150,s-0.759550193,s-1.164900092,s357.715759645
163_151,s7.142273134,s5.942553075,s299.146422162
163_152,s4.560052585,s6.880999925,s96.924377305
163_153,s2.223895958,s-5.790177290,s102.814808449
163_154,s-6.615934348,s7.426628172,s290.030421109
163_155,s-3.273710574,s7.316825224,s216.595434991
163_156,s-0.845895953,s6.498926906,s313.796505728
163_157,s-7.089031828,s4.788365498,s357.463170057
163_158,s-5.312868372,s4.556327132,s214.162567378
163_159,s4.228768454,s7.496438309,s19.707876103
163_160,s1.591919307,s7.153203330,s193.349305582
163_161,s3.600822003,s6.002042631,s156.831442729
163_162,s7.235934031,s6.522676976,s314.718414017
164_0,s-7.143148508,s-0.796383738,s349.672725391
164_1,s-5.756055074,s-5.236861934,s31.002333732
164_2,s-4.106661076,s-4.834482383,s312.044582319
164_3,s-5.101380487,s-7.195436549,s113.950468235
164_4,s2.798583212,s-2.764959886,s25.971289725
164_5,s1.657272281,s-4.602788467,s5.263461842
164_6,s-7.251590771,s-4.992444294,s45.131135148
164_7,s0.782714096,s-5.151994572,s93.622726218
164_8,s0.084692904,s3.112170442,s358.097898249
164_9,s6.882475345,s-0.986947443,s66.564988154
164_10,s0.794661767,s-1.317470437,s189.250045021
164_11,s6.408715612,s-6.270280193,s332.371033923
164_12,s6.762161115,s-3.907947015,s238.175613390
164_13,s4.092462232,s-6.983952417,s316.851090207
164_14,s-5.826101708,s-2.341893603,s166.927361644
164_15,s-6.659488156,s-4.087581445,s308.725549458
164_16,s1.471693737,s-6.143562722,s220.825003651
164_17,s-7.142525924,s-2.854043388,s183.972417155
164_18,s-3.163258515,s-4.622208498,s50.487830347
164_19,s-3.524226044,s-3.976165826,s128.787621684
164_20,s1.668172908,s-6.992557386,s265.706352524
164_21,s1.059385707,s-2.601279887,s223.586205736
164_22,s-2.804871627,s1.238176413,s325.453763455
164_23,s5.002557690,s-6.006549709,s355.366204105
164_24,s6.006308902,s-1.681021320,s61.509239958
164_25,s6.715556184,s0.934836714,s35.085506666
164_26,s5.571850091,s2.270406353,s58.285704715
164_27,s6.004108062,s-0.082189111,s191.632186064
164_28,s-6.222214444,s1.430027008,s80.914506689
164_29,s-0.116450037,s4.795017929,s91.128200431
164_30,s-1.245629579,s0.561069099,s235.434644641
164_31,s-1.771111978,s-7.180365109,s7.369457469
164_32,s-4.235692792,s-3.506401838,s192.698660289
164_33,s-1.247010050,s-1.364795080,s281.480660142
164_34,s-3.591473309,s6.956990458,s65.691007102
164_35,s1.500533008,s0.378867147,s266.069922415
164_36,s4.119885998,s-0.754380457,s243.077141980
164_37,s-1.140996604,s-4.351161852,s276.417047935
164_38,s2.732573610,s-7.171582422,s78.999400045
164_39,s-3.913370708,s1.832862835,s209.918431933
164_40,s3.929452089,s-3.037716864,s76.404734145
164_41,s1.180339321,s-0.890305443,s314.717736708
164_42,s-4.249366649,s3.063547449,s60.928917699
164_43,s-6.382959629,s-6.564131395,s239.528589263
164_44,s-5.364844998,s5.111358446,s51.826831914
164_45,s-4.143460330,s0.390822577,s280.641513208
164_46,s-7.136345919,s-7.030418728,s171.030897824
164_47,s0.738331484,s4.462955098,s317.762551005
164_48,s-1.800108836,s1.472001284,s1.457178956
164_49,s2.994027173,s-6.298314997,s194.895584715
164_50,s2.560709958,s2.598307210,s15.027206020
164_51,s1.047472292,s1.341512494,s35.812703402
164_52,s4.341438419,s-1.524851568,s302.243171656
164_53,s2.011561525,s2.564704507,s128.104969746
164_54,s4.017258024,s3.172783465,s85.100454741
164_55,s6.306518147,s-5.927603793,s97.224242924
164_56,s-3.623416346,s6.390803539,s109.383846903
164_57,s0.907762423,s-3.113652370,s274.156049617
164_58,s-6.834301204,s-1.308548424,s52.833301353
164_59,s1.909669367,s1.669938376,s227.468979846
164_60,s-0.080055311,s-6.379291829,s89.243814064
164_61,s-0.770195520,s5.513730073,s5.720895662
164_62,s-6.168761852,s-0.327490017,s343.980547023
164_63,s3.163086871,s5.751428956,s28.525874143
164_64,s-5.261759863,s-3.071831722,s153.951002452
164_65,s3.760779206,s0.105770959,s248.598625182
164_66,s6.450500993,s4.740496622,s41.457981110
164_67,s-2.325586454,s-2.118912369,s82.952662210
164_68,s6.117788465,s-2.696149015,s358.477758430
164_69,s6.958155877,s3.584319169,s121.360147690
164_70,s-5.704179861,s-4.240273381,s169.525396521
164_71,s-1.432824723,s4.171697019,s262.828261186
164_72,s-5.108582289,s-0.735091520,s185.783438469
164_73,s-2.717452885,s3.673813883,s8.390827699
164_74,s-3.451268108,s-0.153447362,s116.817829009
164_75,s-6.342574934,s4.081684152,s59.471599713
164_76,s3.709878956,s1.610988826,s183.640090212
164_77,s-0.617971069,s-3.490119303,s141.476170832
164_78,s1.452570858,s3.166974435,s290.427310456
164_79,s6.064583242,s3.755621887,s359.334295249
164_80,s-0.497494785,s-6.174938148,s350.082020310
164_81,s5.813781831,s4.288709968,s83.526156968
164_82,s3.583219325,s0.516471600,s59.195446596
164_83,s6.959209498,s-0.549856687,s7.621867110
164_84,s-6.643475681,s0.280636584,s51.203053825
164_85,s-4.686040070,s0.203824773,s338.808127776
164_86,s-2.901692179,s-3.434703335,s94.461166287
164_87,s-4.022780421,s-2.381555499,s155.392406281
164_88,s0.306048557,s5.548048083,s162.607038904
164_89,s2.281567972,s7.087583724,s23.606642138
164_90,s-2.542365208,s7.087583724,s153.238075117
164_91,s1.143167184,s1.882728237,s276.874139088
164_92,s-4.192710456,s4.739978763,s200.828787928
164_93,s-2.290138607,s-3.611216351,s163.779889954
164_94,s-0.429323694,s1.225414088,s172.708400608
164_95,s4.555345218,s0.172775818,s114.461391170
164_96,s4.705734316,s3.681372190,s128.335591987
164_97,s4.968790872,s1.502838961,s259.054966631
164_98,s-6.661628696,s1.803670150,s33.853458583
164_99,s-1.016079764,s2.638128575,s339.278994051
164_100,s-5.692946629,s4.277505109,s214.505678677
164_101,s0.252447062,s3.911859631,s351.501216072
164_102,s2.340104801,s-6.517558170,s132.465796238
164_103,s-0.297386427,s6.260708208,s55.815551729
164_104,s-2.332136909,s6.337914499,s347.835436678
164_105,s-3.462088013,s-6.483600073,s38.863264797
164_106,s-0.183567683,s1.986574999,s301.290867381
164_107,s5.920980309,s-0.688429668,s288.329587569
164_108,s4.656409427,s6.924700573,s192.086481299
164_109,s0.431699359,s-3.732476628,s189.726922560
164_110,s6.492175223,s6.010668386,s359.639015155
164_111,s2.267328870,s6.792443711,s203.072615078
164_112,s-5.583912977,s1.316571653,s219.234972641
164_113,s-4.816360924,s3.203241160,s332.062058055
164_114,s-1.487134412,s6.799095752,s311.855268247
164_115,s-3.430596830,s5.432443402,s205.702308863
164_116,s-1.142593885,s6.822660613,s80.055509231
164_117,s5.422509805,s6.815946581,s99.234987098
164_118,s3.579215900,s6.971283784,s2.139488848
164_119,s2.688299994,s5.249424798,s162.953602925
164_120,s-4.862823411,s6.854741938,s42.738091105
164_121,s0.209336109,s6.071627984,s248.598944254
164_122,s6.986588797,s5.450768104,s170.268184411
164_123,s6.983725723,s2.845213945,s311.246486130
164_124,s5.122741758,s-0.596074042,s321.691695170
164_125,s5.234089517,s3.804729800,s180.026100191
164_126,s-6.275446083,s2.064188768,s77.013081978
164_127,s-7.155610859,s4.275801755,s134.691568742
164_128,s-5.630359237,s5.222129219,s14.321010164
164_129,s2.705374879,s6.134670992,s38.392774106
164_130,s-7.158676735,s1.900195197,s298.800521264
164_131,s-5.115063830,s3.652043788,s278.700114023
164_132,s5.358912986,s4.894602607,s99.575193354
164_133,s6.423534822,s2.312223661,s294.980820419
164_134,s2.584920329,s-4.848839994,s335.119285136
164_135,s6.814377156,s3.857584648,s128.379270198
164_136,s-2.842800181,s4.464763055,s141.695618398
164_137,s7.035055831,s1.402646065,s281.652104475
164_138,s6.939686697,s6.984089223,s73.434388076
164_139,s6.975687649,s6.510004747,s8.687701219
164_140,s-7.196659570,s7.087583724,s330.021367517
164_141,s-6.983521381,s6.260201188,s358.247309958
164_142,s-1.412823842,s3.769246272,s129.108776728
164_143,s3.338366715,s2.773068795,s43.521074458
164_144,s2.639664299,s2.202770394,s72.632152355
164_145,s-4.891838926,s6.283292263,s315.301889974
164_146,s1.927782513,s4.587235647,s336.493244966
164_147,s5.580983345,s7.087583724,s224.885854031
164_148,s-1.859250867,s-0.595237203,s232.660339985
164_149,s-0.105113018,s6.969069208,s250.396898588
164_150,s6.381953321,s6.951823922,s86.827659936
164_151,s4.309624113,s5.354638573,s44.721752637
164_152,s6.359690606,s0.779901498,s193.988708462
164_153,s0.398234486,s6.923433858,s153.547285045
164_154,s-5.476348555,s5.945803891,s77.245330570
164_155,s-6.127138565,s5.708444062,s256.830725384
164_156,s-5.015430791,s-2.839183046,s147.953193990
164_157,s-0.790955946,s2.716611371,s262.389479988
164_158,s-6.741453019,s5.450100431,s247.875455857
164_159,s-3.019959166,s5.119991325,s128.974337254
164_160,s-4.421168654,s6.504345977,s120.357752288
164_161,s5.224435719,s3.032010465,s329.788869410
164_162,s-0.244529051,s-0.898606365,s244.491901231
164_163,s4.689075197,s5.652810764,s295.262638628
165_0,s-2.398210088,s-7.103911298,s24.583881262
165_1,s-1.215437729,s-7.248803032,s29.000341608
165_2,s-2.893565433,s-5.248314498,s76.783848002
165_3,s1.737441807,s-5.848850535,s32.060532903
165_4,s-4.562268719,s-2.908079193,s232.352995435
165_5,s-3.362356180,s-3.041155497,s287.411697346
165_6,s-4.945364213,s-3.526834697,s92.331488598
165_7,s-1.039047865,s-5.126286341,s269.454603646
165_8,s1.080355232,s-1.790669150,s187.277638111
165_9,s0.525036793,s-5.215010512,s202.977965651
165_10,s5.829290923,s-5.612999072,s313.398712499
165_11,s-0.830299042,s-4.169357035,s228.434348908
165_12,s4.853073807,s-4.950675102,s318.155063060
165_13,s7.040981244,s-5.641511544,s206.269914529
165_14,s-7.135053832,s1.759264119,s15.822559557
165_15,s-4.968738889,s1.478222156,s278.790539865
165_16,s3.834503172,s-3.693014294,s283.159220299
165_17,s-7.100851767,s-6.717977164,s62.248287526
165_18,s-5.113677267,s2.797729659,s61.296392177
165_19,s2.602379837,s-2.625026021,s298.968577237
165_20,s4.207541186,s-0.849616305,s171.999413137
165_21,s7.051676346,s-7.235011464,s321.874889111
165_22,s3.328458201,s-7.244489438,s294.406867688
165_23,s-2.113890416,s-2.558547524,s256.658573913
165_24,s5.989790561,s-6.879597080,s240.879828070
165_25,s5.020268157,s0.076599780,s13.694822348
165_26,s5.603858743,s-1.044005814,s11.377633116
165_27,s0.448438063,s-4.771759053,s252.927632823
165_28,s-6.219187035,s-2.935522958,s277.748309681
165_29,s-1.733662017,s-1.265508981,s292.854041211
165_30,s-7.066085489,s-5.639704206,s6.007860995
165_31,s-6.783751060,s-1.642273488,s140.908894048
165_32,s-4.049075700,s-7.190996310,s122.398360176
165_33,s-1.069469869,s-6.845377020,s121.196636456
165_34,s-4.146928833,s2.050988211,s272.488691260
165_35,s-5.045701152,s0.163585993,s7.599272910
165_36,s-5.390362682,s-1.004446459,s310.224097833
165_37,s5.287927440,s-2.509242971,s184.805174788
165_38,s6.188113488,s-0.127718633,s13.343827806
165_39,s-3.271973414,s-2.234273762,s334.636901752
165_40,s4.631245003,s-6.130229512,s117.095640366
165_41,s3.050506925,s-1.435866967,s308.427064302
165_42,s-0.316065809,s-5.585930140,s23.640299085
165_43,s-1.915363000,s0.252968442,s54.843373788
165_44,s-4.913330815,s5.364830967,s225.600753556
165_45,s-4.967927094,s6.007182130,s228.089363278
165_46,s-1.702172814,s-1.723552051,s1.132846742
165_47,s0.168820682,s-3.204820760,s356.428262244
165_48,s-6.253580141,s-4.539095162,s125.375441968
165_49,s6.803370471,s0.741090931,s119.660261299
165_50,s-0.123172667,s0.771134879,s2.214762003
165_51,s-3.837706471,s-0.448932646,s213.407155653
165_52,s-0.190655840,s-6.290970197,s193.827538059
165_53,s6.846920198,s-4.737402614,s281.760286221
165_54,s5.557784515,s-4.240147272,s300.983286883
165_55,s6.287373896,s1.787331190,s25.037100111
165_56,s-1.100207863,s3.424718134,s203.560778917
165_57,s-2.631043092,s0.144368514,s335.673806599
165_58,s-3.884679030,s2.295580769,s220.441738598
165_59,s-0.886409079,s-0.526339854,s49.666707911
165_60,s-1.079950402,s6.784826636,s290.936149899
165_61,s4.174818097,s-3.158128063,s43.225455376
165_62,s5.792035261,s6.879676201,s57.805173274
165_63,s3.465848641,s3.537953176,s330.614664039
165_64,s-4.995078435,s-6.037786785,s60.594914919
165_65,s3.664060299,s-2.509427908,s277.875807874
165_66,s1.335720533,s-2.462928993,s11.056645340
165_67,s0.525217476,s-0.525672910,s90.276345915
165_68,s-0.301856164,s2.583776605,s110.046308176
165_69,s5.996777254,s-1.563989384,s154.629324722
165_70,s-2.607791679,s5.552479752,s282.245523512
165_71,s-3.741691623,s1.273631689,s274.731799743
165_72,s-4.739592199,s-4.260196605,s318.583559626
165_73,s-7.053639393,s-0.322225563,s329.363082552
165_74,s1.244373785,s-0.609216624,s331.097430886
165_75,s-6.293489085,s5.316952492,s76.196994607
165_76,s-2.493149140,s-0.219893606,s119.795507699
165_77,s0.065195479,s1.477340561,s89.875305183
165_78,s1.671315568,s-3.157673545,s142.782002267
165_79,s3.217993740,s4.713934532,s267.313640834
165_80,s-1.972085439,s4.416097181,s352.439598428
165_81,s2.333706714,s2.062260583,s182.072702215
165_82,s1.091034195,s0.582612224,s41.677352917
165_83,s1.928426900,s0.472057248,s314.486313999
165_84,s-6.543323442,s0.879323990,s74.605318166
165_85,s-0.687146076,s0.253238741,s335.736775811
165_86,s2.677450188,s5.222295569,s205.160018879
165_87,s-4.542566776,s6.513616794,s35.526755714
165_88,s-7.081999795,s0.001648713,s166.480155522
165_89,s-5.705554167,s0.447428231,s190.581744225
165_90,s-0.974434593,s-1.568899694,s333.255950865
165_91,s-6.567849013,s3.048160909,s257.580249108
165_92,s-5.698430398,s3.994902353,s350.861759490
165_93,s5.812472255,s3.445323086,s48.898096502
165_94,s1.214306161,s3.848824955,s259.152711828
165_95,s3.774164481,s5.840955461,s266.073718421
165_96,s-0.827672016,s-3.398283468,s310.560244134
165_97,s6.635248353,s0.205814844,s103.406873160
165_98,s-6.699295053,s0.216576981,s282.979623927
165_99,s-2.068889394,s1.535856515,s207.020450538
165_100,s-0.337831398,s3.230652322,s0.483648119
165_101,s-2.931018381,s0.727819445,s322.608189362
165_102,s-4.017034215,s4.415206525,s96.597752029
165_103,s2.077373851,s-0.313785892,s150.892492090
165_104,s0.687749933,s4.940406047,s179.831258042
165_105,s1.832724818,s1.466207721,s6.188326105
165_106,s0.939380785,s1.407947624,s14.246714894
165_107,s0.444517775,s-1.494949139,s62.769175324
165_108,s4.064502593,s0.585876635,s341.115610977
165_109,s-1.809947267,s5.618568952,s68.437002066
165_110,s6.879709557,s-1.778037209,s225.890130871
165_111,s4.349131791,s1.521302536,s13.697854530
165_112,s-2.059639243,s4.042297760,s128.210133086
165_113,s-7.079926484,s5.478788786,s196.185132717
165_114,s-4.712897168,s4.122994013,s113.483350648
165_115,s-1.352531944,s4.799996479,s94.977356062
165_116,s-2.381660958,s6.776145309,s208.745560438
165_117,s2.510982046,s6.381547330,s176.083638816
165_118,s-3.915267868,s6.525832017,s177.024451915
165_119,s-1.170912882,s-2.797279849,s64.909028636
165_120,s5.769738681,s0.627610948,s82.895089458
165_121,s4.807470533,s4.283072160,s137.878328904
165_122,s-5.783110245,s5.584610280,s338.071502320
165_123,s5.506098458,s5.041844436,s28.452954218
165_124,s7.036411216,s1.673029289,s120.547431169
165_125,s6.608796258,s3.219892755,s69.802130561
165_126,s-3.977132982,s5.161437286,s59.661412899
165_127,s-7.102654009,s4.081089833,s15.853568026
165_128,s2.750460056,s5.852033878,s268.360181667
165_129,s-0.112592432,s6.256995309,s223.361277082
165_130,s-4.021793458,s6.133933167,s227.072457195
165_131,s1.051434465,s5.469656360,s71.352972847
165_132,s-0.214115090,s5.616262168,s83.239224158
165_133,s3.412185160,s0.069899099,s37.469209683
165_134,s0.031522512,s4.666934878,s19.649652543
165_135,s1.669598042,s6.537450704,s175.420687179
165_136,s6.582583823,s5.583389210,s63.460320578
165_137,s4.475249154,s-1.510952549,s41.907848834
165_138,s4.815376662,s3.327263814,s137.564671824
165_139,s4.565971138,s5.273023407,s50.200987270
165_140,s-3.193981110,s3.216325658,s271.679712541
165_141,s-2.490370897,s-1.271662953,s238.760005231
165_142,s-5.313397904,s1.833899109,s90.138583586
165_143,s-6.895936263,s6.544609936,s129.990931393
165_144,s-2.611878039,s-2.731289267,s95.902840179
165_145,s1.444780582,s2.410929394,s226.764329283
165_146,s-1.821930410,s4.787599613,s61.291249874
165_147,s0.024679810,s2.481246286,s112.086273727
165_148,s2.718092365,s6.891314071,s304.478324703
165_149,s-4.161668269,s6.918338660,s288.516161498
165_150,s1.021669065,s2.621131261,s203.272518256
165_151,s4.390986774,s4.144403999,s65.598393791
165_152,s6.941082998,s6.580078744,s302.296075680
165_153,s4.634032557,s0.808228014,s1.468312958
165_154,s-5.541085777,s6.894886647,s267.028036168
165_155,s-2.097366408,s2.422052560,s284.897713834
165_156,s-6.151646272,s4.303087428,s216.741790968
165_157,s-3.018490765,s6.674203160,s76.521571524
165_158,s4.860284831,s4.869810941,s342.918465552
165_159,s-3.196521050,s6.084868976,s11.713066091
165_160,s5.864192155,s5.858838542,s203.026132148
165_161,s4.591698261,s6.735205745,s229.343872443
165_162,s0.717464417,s6.827618431,s8.099462675
165_163,s3.931057377,s4.851635367,s36.063048548
165_164,s7.014704943,s4.927763611,s263.052427528
166_0,s-6.926086396,s-4.103566554,s180.539746194
166_1,s-5.240008124,s-4.745740018,s110.671454051
166_2,s-3.729859124,s-0.006377582,s256.441346738
166_3,s-3.090245790,s-6.185206674,s160.874805046
166_4,s-6.222817853,s-7.158390469,s210.049990185
166_5,s3.005518214,s0.578866559,s285.712351249
166_6,s1.626992390,s-1.585819185,s5.442373255
166_7,s3.050869927,s-7.110113554,s280.388494036
166_8,s3.003292118,s-5.381217879,s335.903943730
166_9,s-5.862275668,s-2.980518275,s297.886750014
166_10,s7.226230707,s-5.236194852,s187.761877952
166_11,s6.562379432,s-4.904476275,s162.108949068
166_12,s5.149857004,s-6.634201157,s70.100767027
166_13,s6.251530684,s-1.546593247,s242.547193545
166_14,s-1.455905393,s-6.295984111,s79.867050773
166_15,s-6.750259766,s-2.288148741,s351.897317391
166_16,s-1.044798107,s-3.227312207,s182.293503893
166_17,s-1.993898492,s-7.034664495,s121.864628931
166_18,s-2.228797447,s-3.563191233,s102.470547035
166_19,s-1.367472220,s-4.694858346,s141.041959225
166_20,s2.882980334,s-1.019556228,s150.344126973
166_21,s7.190686425,s-3.313402700,s94.190165017
166_22,s-0.057168536,s-3.844183207,s58.464157530
166_23,s-0.185729344,s-5.883802330,s100.578205935
166_24,s5.338335543,s-7.183387720,s157.165072876
166_25,s6.194453503,s0.902962788,s255.363694353
166_26,s4.136068843,s-6.444375832,s350.366644720
166_27,s0.365602733,s-6.295252776,s37.923206602
166_28,s-6.302602384,s-0.350008677,s139.532239790
166_29,s-4.192665078,s-1.896102490,s288.771529310
166_30,s-7.243035872,s0.251205018,s81.369110244
166_31,s1.178899752,s-2.692878176,s225.939643124
166_32,s-5.152963908,s-1.436010560,s242.894701500
166_33,s-3.218961284,s-0.201438023,s84.343070817
166_34,s-3.975103866,s-6.840887542,s247.064460422
166_35,s-3.262916695,s-2.480037959,s338.466811206
166_36,s0.259134412,s-3.471384254,s276.788660064
166_37,s-1.139463513,s4.300441980,s36.365236881
166_38,s6.309273235,s-3.584361034,s292.967602380
166_39,s6.131152126,s3.590505201,s238.558799748
166_40,s5.606770772,s-0.868566528,s89.613740187
166_41,s6.026691656,s0.159387649,s207.017496581
166_42,s-3.950127693,s-4.472353272,s213.841333922
166_43,s-2.375957198,s1.547620673,s86.074839961
166_44,s-1.865138232,s-1.168634199,s96.859017592
166_45,s-3.436136018,s-7.190145313,s32.245703110
166_46,s-2.708496561,s5.302488509,s140.719010977
166_47,s-0.511455245,s0.124809371,s148.050340566
166_48,s-0.694420065,s-0.751976935,s65.256462161
166_49,s0.080454317,s2.705544643,s203.710078563
166_50,s-2.500016897,s0.666289555,s205.458597312
166_51,s2.695153817,s-4.682727326,s301.188191594
166_52,s2.961873932,s1.655950048,s33.441460009
166_53,s7.254550860,s0.184574458,s283.022441033
166_54,s4.188479121,s-4.559887817,s297.374072549
166_55,s5.302308861,s0.128906502,s20.835705066
166_56,s-6.750329206,s1.019367744,s293.902380661
166_57,s-6.929082069,s2.823220577,s241.850037103
166_58,s1.962719985,s-0.245813201,s71.202933965
166_59,s-3.082724360,s2.016205065,s267.627041063
166_60,s-1.204878832,s0.199273837,s267.100216903
166_61,s-6.959228887,s4.528857549,s248.217789483
166_62,s1.754642054,s1.375295292,s309.527644036
166_63,s-1.104272403,s-3.969952620,s150.320274293
166_64,s1.070154907,s1.705648469,s149.202519889
166_65,s3.377676249,s-2.851106483,s150.979143241
166_66,s6.957722754,s-5.864355519,s33.325711608
166_67,s-0.697446241,s-4.440945637,s180.352932824
166_68,s7.202125984,s7.058211672,s259.004364061
166_69,s7.106316874,s-1.164657523,s293.133632901
166_70,s-7.226359892,s-4.946913922,s332.051527389
166_71,s-6.179982074,s0.359464658,s48.275994784
166_72,s-1.098651453,s2.550655845,s121.636125328
166_73,s-6.729138066,s1.744231252,s42.098129596
166_74,s0.327487529,s0.518854449,s308.046765370
166_75,s-4.384405990,s6.103900259,s347.223181621
166_76,s2.093041867,s-3.151228857,s244.711972270
166_77,s-7.265612163,s-0.882475969,s330.111924644
166_78,s4.694250920,s-0.560088763,s36.886777435
166_79,s0.232231115,s-1.200058401,s90.640696792
166_80,s-0.884040640,s7.154937368,s60.354536180
166_81,s3.390461093,s-1.508352303,s45.444713285
166_82,s3.243924531,s2.905492885,s184.986194687
166_83,s1.701100669,s-4.861706456,s329.760599988
166_84,s-2.051118509,s-1.584892990,s145.506086443
166_85,s-5.947292464,s5.288743585,s308.124912573
166_86,s-4.742455492,s-0.157339236,s136.425267460
166_87,s-6.132609429,s2.718627247,s112.037873438
166_88,s-2.140503977,s6.895355347,s320.838033617
166_89,s-3.850861467,s-5.983524278,s1.349701797
166_90,s3.515131243,s4.626508963,s295.115273902
166_91,s-0.363607732,s3.522841169,s226.754909361
166_92,s-1.450884355,s6.672508247,s171.194454776
166_93,s2.480879647,s5.854289348,s190.237085037
166_94,s-2.713472899,s3.512322684,s54.550943440
166_95,s4.533295561,s2.090346392,s46.034019201
166_96,s7.221770146,s5.588055295,s77.652452249
166_97,s5.407766261,s1.903183302,s274.221383058
166_98,s-5.550200686,s3.233668524,s49.830906701
166_99,s-1.886230197,s5.625516495,s24.651425151
166_100,s-0.774296665,s6.385501289,s340.761113332
166_101,s3.768472830,s7.176857269,s248.385226801
166_102,s-1.728107595,s1.507976761,s334.138338088
166_103,s-2.451546642,s0.997136071,s292.288107265
166_104,s2.423215071,s4.934689242,s125.438698857
166_105,s5.452478350,s4.200710416,s255.420834535
166_106,s6.832271592,s1.761542229,s325.283630589
166_107,s0.052690925,s4.645879745,s281.051229639
166_108,s3.192037282,s4.868886407,s90.813993344
166_109,s3.882717167,s0.628187035,s90.158604879
166_110,s4.355859107,s3.943116531,s267.746756104
166_111,s6.726205647,s6.782897001,s152.901679087
166_112,s-0.604431467,s3.807975572,s313.891325794
166_113,s-3.686533637,s4.002464844,s43.226490573
166_114,s-4.366513673,s0.504760861,s119.656383853
166_115,s4.329327321,s-2.229359058,s4.277236390
166_116,s-7.091952829,s3.452660955,s115.345951604
166_117,s-4.528073292,s4.471545811,s169.633935266
166_118,s-3.751793392,s4.666550206,s141.543976553
166_119,s-5.301228724,s2.603308596,s258.858105483
166_120,s1.885189854,s7.133547869,s10.286683897
166_121,s3.850769923,s5.462172843,s56.008408147
166_122,s4.706162641,s0.321026886,s222.674983495
166_123,s2.505837278,s4.024269129,s185.989363795
166_124,s5.222399909,s5.067518088,s71.720744872
166_125,s7.255643418,s2.574978198,s154.336771679
166_126,s-6.234393531,s4.231527514,s315.994670583
166_127,s-6.589224416,s5.177721085,s306.369798711
166_128,s-7.148069106,s5.408197013,s131.569422606
166_129,s1.625106293,s6.807684828,s134.035170731
166_130,s-0.979215981,s-1.590226031,s13.803737242
166_131,s-1.825003883,s-0.369435253,s130.783679771
166_132,s4.897103280,s3.428047093,s143.256128585
166_133,s0.733017003,s6.527349509,s19.388479546
166_134,s-2.792303612,s4.735040489,s96.390877113
166_135,s1.883243504,s2.252674338,s345.703071373
166_136,s-1.075978955,s2.038894874,s328.677879102
166_137,s1.368574189,s1.403315360,s203.117513754
166_138,s-0.808988977,s7.176133847,s42.140144565
166_139,s4.904792394,s5.870438632,s36.582213403
166_140,s-5.554342153,s4.443793983,s52.965520321
166_141,s-3.382229051,s3.916519642,s204.844112422
166_142,s-3.196133811,s6.880985907,s190.492785710
166_143,s3.102955504,s2.152032739,s257.988531655
166_144,s-6.480747463,s6.746751408,s229.987781064
166_145,s0.258125237,s-0.264256091,s95.761369928
166_146,s-1.498681228,s4.836781931,s60.372962563
166_147,s0.712289204,s4.356736762,s72.338435626
166_148,s4.471474652,s4.993046884,s247.721230843
166_149,s-6.056499241,s4.557601448,s115.987085604
166_150,s2.568775019,s6.930950006,s217.732923951
166_151,s3.461671988,s2.189867777,s161.279971511
166_152,s5.091167307,s6.079084143,s287.086296801
166_153,s6.134958904,s7.235346170,s276.018148965
166_154,s-7.116003575,s6.335764995,s36.132252636
166_155,s-5.244030117,s7.253006682,s130.458796616
166_156,s-5.467109237,s1.011971555,s317.513945554
166_157,s-0.716151669,s5.552758353,s178.488578443
166_158,s-3.913719164,s7.159762226,s306.413299697
166_159,s0.904513066,s5.500783597,s220.928506045
166_160,s0.151091091,s5.736743898,s296.218826238
166_161,s6.138852933,s1.676425762,s340.393845004
166_162,s-5.789536001,s6.287876996,s147.709133404
166_163,s5.808067975,s7.219121639,s209.898154736
166_164,s1.428531779,s6.011299291,s136.847135660
166_165,s3.079597120,s3.052846107,s34.928873209
167_0,s-6.432724013,s-2.582119749,s2.977745922
167_1,s-4.629407845,s-2.641345135,s241.469973385
167_2,s-5.814115770,s-7.242356853,s136.266014565
167_3,s-6.903137120,s-5.878158271,s16.340666923
167_4,s-1.685845977,s-6.438790371,s144.831345022
167_5,s-6.428542539,s-6.271218646,s118.662032348
167_6,s2.382554883,s-3.545151886,s164.599735513
167_7,s1.930418619,s3.497969119,s345.579354213
167_8,s2.071500388,s0.566408495,s115.085709574
167_9,s-3.877802218,s-5.055521114,s41.874037941
167_10,s-1.401444396,s-5.000274705,s5.272902965
167_11,s7.109427778,s-0.045152366,s115.458503680
167_12,s2.866276742,s2.229777728,s91.093624481
167_13,s7.210905992,s-7.123847781,s87.205048621
167_14,s-1.631164895,s-0.030139404,s200.179006041
167_15,s-5.059065062,s0.390662646,s256.125605117
167_16,s-3.013641929,s1.918404898,s120.377554269
167_17,s-3.222326902,s-1.231193572,s146.481414404
167_18,s0.245309402,s-4.289283135,s268.252673119
167_19,s-0.633005359,s-3.436902044,s134.668921994
167_20,s-6.641785307,s0.180814277,s270.887629051
167_21,s0.504859406,s-5.646869401,s277.236953194
167_22,s3.977546786,s-2.966953677,s5.974875687
167_23,s5.319102259,s-0.101338240,s348.683126135
167_24,s7.307236776,s-2.395116513,s320.495161764
167_25,s2.918117657,s-5.376988193,s118.871487786
167_26,s4.797162673,s-7.469276804,s268.567763884
167_27,s2.859177754,s-0.918668153,s141.433217997
167_28,s-6.173030542,s-4.054589035,s337.086551166
167_29,s-7.160027670,s-2.202253985,s118.907439344
167_30,s-3.079593801,s-5.832248092,s324.100230244
167_31,s-4.254770147,s-4.223153909,s260.860592633
167_32,s0.558580397,s-1.662578264,s11.183555683
167_33,s-2.203173735,s-7.021735301,s75.262349930
167_34,s-5.545014582,s-6.054792007,s309.459768561
167_35,s-1.504269993,s4.765008858,s264.872573651
167_36,s6.541332485,s-5.174430688,s344.781269570
167_37,s-3.544072210,s-0.324993038,s338.130065926
167_38,s-2.341457460,s-3.440729590,s121.930645412
167_39,s5.596240825,s-6.601624560,s355.166072524
167_40,s6.429923028,s-0.781972094,s203.072821136
167_41,s5.945022365,s-3.339593896,s46.022421009
167_42,s-1.876006411,s0.100141674,s105.731961772
167_43,s-0.784659884,s3.444156361,s80.019413671
167_44,s-4.316455894,s0.874387651,s287.842003896
167_45,s2.895627035,s-4.196533864,s356.851181541
167_46,s-5.170644925,s-5.691237957,s18.210492853
167_47,s0.123908973,s0.646905909,s2.007670900
167_48,s6.989707320,s0.957732868,s326.332130676
167_49,s1.594682560,s4.884576411,s170.511714950
167_50,s-1.098642769,s-0.157771249,s312.147377408
167_51,s1.075775726,s2.179909508,s165.296523258
167_52,s5.728535299,s3.799874789,s30.148092668
167_53,s6.436071243,s3.540504846,s28.684080638
167_54,s3.969183399,s-1.500329060,s140.890971694
167_55,s3.771928922,s0.407010476,s69.518163674
167_56,s-6.972719365,s1.953351230,s257.157921842
167_57,s-5.019621251,s-3.184034116,s308.694680435
167_58,s3.438357700,s2.903401067,s118.685218684
167_59,s0.104382509,s-7.044616618,s345.794939986
167_60,s-3.291161977,s1.775400992,s290.213534420
167_61,s-5.150244184,s3.586139946,s42.847163643
167_62,s0.006021264,s4.086739013,s83.229655120
167_63,s-0.509035648,s2.581960483,s24.222076750
167_64,s3.998440160,s-7.081901960,s105.930083384
167_65,s-4.334645234,s-3.871367628,s144.367666475
167_66,s1.661354214,s3.323097645,s309.799866775
167_67,s4.859666306,s-4.326327019,s68.479039844
167_68,s4.798012430,s-3.251972478,s215.122910942
167_69,s5.622169914,s1.055762403,s108.441470912
167_70,s-1.501309065,s-1.292643854,s231.208760410
167_71,s-0.954658099,s2.476138437,s195.110445725
167_72,s-4.140878036,s1.130965698,s344.904710503
167_73,s-3.680988615,s4.595580166,s312.657106708
167_74,s-3.787657876,s6.375106156,s37.882495136
167_75,s-0.880298608,s-2.430534645,s114.730450522
167_76,s2.097487410,s-0.751443224,s87.456491082
167_77,s-0.069461650,s0.184257872,s266.338477680
167_78,s4.026120543,s-3.642421614,s262.922296600
167_79,s1.381094315,s-0.879857502,s236.030539916
167_80,s4.059744544,s3.208111985,s15.788672093
167_81,s-3.988721362,s-5.360302585,s320.263244492
167_82,s7.253166105,s1.111194840,s357.770386498
167_83,s5.557369682,s5.593934312,s68.166315922
167_84,s-4.869594008,s2.999931585,s340.325522479
167_85,s-7.142980997,s-0.959589069,s125.061342926
167_86,s-6.833679164,s1.189817447,s59.375820357
167_87,s1.427483431,s-3.183634098,s194.528428425
167_88,s1.420485945,s1.780413764,s252.325750630
167_89,s-5.197252873,s1.545768689,s11.934187922
167_90,s-0.898481116,s4.114377248,s308.802917099
167_91,s-1.398559625,s0.664518799,s201.878967600
167_92,s0.064196245,s3.713848090,s345.886870829
167_93,s2.235729672,s2.050698072,s252.681910002
167_94,s2.811830369,s7.060920763,s118.892778443
167_95,s7.297911091,s4.218095228,s353.337352418
167_96,s-3.706474246,s6.757288491,s93.170392024
167_97,s6.189130778,s1.646080985,s150.832749457
167_98,s-3.726279263,s3.531927687,s191.284159557
167_99,s-2.478912775,s3.142394053,s186.721532682
167_100,s0.836853392,s7.033411893,s266.074574542
167_101,s-1.132537084,s6.986087317,s42.918854519
167_102,s-4.159666447,s2.378531829,s44.813175332
167_103,s5.907528663,s2.635431468,s8.390442282
167_104,s-5.472053802,s5.095035618,s192.176516903
167_105,s4.436108583,s1.367051935,s271.935503671
167_106,s-5.653347065,s7.043428376,s83.971534128
167_107,s-0.447127036,s5.461762406,s115.631662930
167_108,s1.371152603,s0.682812997,s110.020327574
167_109,s6.060737327,s-1.695408332,s194.536016518
167_110,s6.810770721,s-4.756774744,s298.812194885
167_111,s7.174340595,s2.785035053,s186.265819931
167_112,s-1.677570710,s2.819525291,s194.580779536
167_113,s-4.361724473,s-0.389670294,s74.686584432
167_114,s-6.538774719,s2.994101291,s144.474827762
167_115,s5.668241543,s5.961451174,s189.946659048
167_116,s-5.857053719,s-1.838073847,s191.140694779
167_117,s5.154628866,s2.080888082,s287.652759202
167_118,s4.870271292,s1.813461023,s356.091364423
167_119,s-4.351851234,s-1.634050691,s240.126602957
167_120,s-0.384325662,s-1.145646711,s292.137916074
167_121,s-2.466083093,s6.032266409,s141.414105583
167_122,s0.263068293,s6.226735027,s50.950663701
167_123,s5.679403293,s4.656471012,s252.894590025
167_124,s7.317158031,s6.816373040,s110.452150984
167_125,s4.437298808,s6.140959584,s238.916724650
167_126,s-6.012960642,s3.687183539,s2.959566752
167_127,s-4.734829995,s-1.612440086,s324.792339357
167_128,s4.665779271,s4.205569963,s199.525122972
167_129,s-4.085720321,s4.823693983,s213.984157461
167_130,s-5.846485584,s6.127899697,s270.307296899
167_131,s2.350230468,s6.410163615,s329.550622627
167_132,s6.110525010,s4.057324843,s224.760427149
167_133,s-6.988639542,s4.744826608,s60.128347358
167_134,s5.664838786,s4.060648230,s210.921990961
167_135,s-0.551995058,s6.928470848,s326.929638036
167_136,s7.073779175,s4.299679494,s280.513360040
167_137,s1.368278975,s3.775562220,s287.428433824
167_138,s3.755645167,s6.491691380,s77.315458759
167_139,s3.807607586,s5.339994700,s229.659990376
167_140,s2.022792707,s1.533150269,s170.857448509
167_141,s-5.824501576,s6.199704760,s206.597738350
167_142,s-6.207313887,s4.995957562,s355.561657013
167_143,s-2.328034649,s-0.527279774,s84.027151619
167_144,s-6.495249415,s6.960203433,s326.322390709
167_145,s-2.843198402,s5.386352657,s191.609130707
167_146,s-2.206819665,s5.302061156,s349.436003308
167_147,s3.662772433,s-5.135843103,s247.431362233
167_148,s4.939914472,s5.950285462,s243.413869708
167_149,s4.146211550,s-0.862338232,s157.034216462
167_150,s3.096825099,s5.456832081,s186.485207372
167_151,s2.869300589,s7.044065628,s346.029759210
167_152,s2.198797767,s3.902334330,s186.817043482
167_153,s6.180033595,s6.969751598,s15.155527745
167_154,s-7.037527268,s6.938670722,s183.405700443
167_155,s0.431695880,s6.849487993,s202.164366414
167_156,s0.577130211,s5.953113210,s59.077521057
167_157,s-3.108693984,s2.631319941,s275.469913201
167_158,s0.705701192,s4.069420287,s68.135704449
167_159,s-1.918657351,s2.211486413,s85.522406443
167_160,s-6.382021781,s5.439976198,s22.594459042
167_161,s1.287283290,s5.094054607,s189.946128779
167_162,s3.237209927,s4.566528123,s35.076979512
167_163,s2.687093045,s6.433182760,s151.197410876
167_164,s-4.970476368,s6.637665925,s250.027971371
167_165,s2.065577232,s5.650367593,s342.729138564
167_166,s6.711635870,s5.771213898,s14.816346436
168_0,s-6.361822085,s-4.926577161,s81.578008010
168_1,s-5.347014226,s-3.911423599,s251.489936847
168_2,s-7.624780299,s-4.134770084,s203.414853545
168_3,s-6.596255683,s-6.939849819,s17.834561454
168_4,s-7.619977467,s-7.676964740,s222.336384062
168_5,s6.350732693,s-6.320232150,s323.350138076
168_6,s-5.674209757,s-7.700392827,s344.891486821
168_7,s0.123813343,s-0.423258095,s172.003418835
168_8,s0.891608979,s-7.204580930,s348.669338293
168_9,s1.554687195,s-2.386434025,s137.782878281
168_10,s4.742914756,s-4.776998530,s51.083223298
168_11,s7.741762710,s-8.049767004,s93.534888414
168_12,s7.642123853,s-7.072340929,s110.105127355
168_13,s3.023226792,s-1.745012392,s177.956878857
168_14,s-3.836405684,s-3.742407153,s73.749301857
168_15,s-5.707377045,s-2.743339507,s28.157355900
168_16,s-3.635149491,s0.359780945,s294.125829473
168_17,s-3.139346168,s-7.290336131,s145.952799080
168_18,s-6.529160169,s-7.738261401,s233.578806105
168_19,s3.547832088,s-4.564166192,s139.891575579
168_20,s-1.783945304,s-6.124432409,s310.016484384
168_21,s6.002101830,s-0.027454658,s288.136831079
168_22,s5.355319189,s-4.108373402,s106.892887546
168_23,s-0.101803778,s-3.887444507,s57.514570695
168_24,s-1.022015059,s-4.610749908,s193.068819990
168_25,s-2.269249788,s2.106131728,s9.510539608
168_26,s6.551761482,s-0.462069518,s49.680429944
168_27,s6.775952107,s-7.634607512,s103.564019427
168_28,s-7.777187887,s-2.809505623,s94.782090784
168_29,s-6.987660383,s-1.938034940,s65.374746959
168_30,s-2.886840977,s-4.042296565,s316.771329889
168_31,s-1.941550651,s-5.871448084,s197.974194288
168_32,s6.819490335,s-3.590593781,s261.691505573
168_33,s-7.042470659,s-0.405949204,s65.072087079
168_34,s1.967915959,s-0.143430167,s325.031211061
168_35,s0.918469919,s0.153719527,s355.197695977
168_36,s2.069455745,s-5.833047812,s248.880429335
168_37,s2.081680382,s1.203937057,s127.851148932
168_38,s5.185934977,s3.188552260,s240.621373025
168_39,s7.066736248,s-5.251074401,s6.664971344
168_40,s3.994786512,s-1.536313329,s86.166824109
168_41,s6.976305000,s0.657029651,s311.899344247
168_42,s-4.449613524,s-5.665579145,s50.668825040
168_43,s-3.769100015,s0.752484855,s56.304917324
168_44,s-0.320673382,s5.689061496,s238.541261377
168_45,s-4.180003713,s-4.560151317,s225.849384036
168_46,s0.390715260,s2.443484297,s209.665810057
168_47,s-2.742458840,s2.990890272,s104.719606618
168_48,s1.266505845,s-4.482602607,s329.521656262
168_49,s-0.446821551,s0.818096374,s237.226738821
168_50,s-3.554074562,s6.991526120,s204.492722128
168_51,s-0.157164559,s0.579357330,s345.237240520
168_52,s7.204258908,s-1.316568014,s299.395765115
168_53,s7.653609834,s0.771320116,s71.775135732
168_54,s-0.247246146,s1.946249245,s36.338894311
168_55,s7.891414687,s-2.868330700,s355.739203714
168_56,s-5.426881282,s3.065218911,s184.508788450
168_57,s-4.822717063,s-1.220081803,s0.844678919
168_58,s0.987979658,s-1.253102244,s35.853521032
168_59,s4.326996068,s-6.085262883,s297.504420705
168_60,s-4.581692915,s5.504207364,s218.484722569
168_61,s-4.018369433,s4.344326328,s97.523648164
168_62,s-4.757279066,s-3.108971158,s240.148632758
168_63,s3.653001392,s-0.595094733,s83.059280096
168_64,s4.284744908,s2.267830411,s350.502161497
168_65,s-3.609851489,s5.334971972,s72.181447586
168_66,s3.933876674,s0.675480475,s206.730200555
168_67,s2.333414044,s-2.480801224,s257.236958921
168_68,s1.944060388,s4.287486955,s158.153226097
168_69,s3.653870194,s-3.329981103,s54.286365560
168_70,s-6.438182000,s-3.718001316,s122.483200567
168_71,s-7.786480544,s-0.350974014,s160.259004930
168_72,s-5.068508097,s0.619245524,s320.639880804
168_73,s-6.958218357,s2.972130542,s178.073554176
168_74,s1.996576680,s5.059880381,s84.570230826
168_75,s-2.764105590,s-2.184912843,s126.592030270
168_76,s2.955271861,s0.805105720,s9.121278448
168_77,s5.129236542,s-7.914766483,s320.960172452
168_78,s6.805222978,s0.073829211,s8.001087316
168_79,s-0.600052820,s2.895980097,s359.993732110
168_80,s7.195749151,s-0.789707190,s259.006849434
168_81,s2.910505426,s5.880370856,s70.365497314
168_82,s4.415589077,s4.546041708,s161.625350356
168_83,s6.065432711,s3.194434248,s83.622869118
168_84,s-7.554748964,s3.583306100,s282.425507712
168_85,s-3.692386255,s2.335949126,s300.132342868
168_86,s-1.259882165,s7.521235886,s299.637382713
168_87,s-5.736899661,s1.742840957,s46.285503351
168_88,s-2.924234931,s7.657118192,s294.801346064
168_89,s-6.038727431,s0.353903749,s252.566931029
168_90,s-4.054558916,s-1.040689116,s282.848833334
168_91,s-4.816699122,s3.503772885,s89.891251791
168_92,s2.835194152,s6.815098648,s57.704186515
168_93,s2.165306497,s6.715550869,s225.994203787
168_94,s6.076051705,s-2.267048258,s294.578776459
168_95,s5.735483255,s5.715329858,s71.388422061
168_96,s7.894389616,s5.341357528,s310.852164671
168_97,s7.965212242,s2.725262988,s29.098211204
168_98,s-6.245859885,s-0.024469863,s140.874759275
168_99,s-1.052301713,s1.154128763,s194.370337363
168_100,s-6.668489652,s4.361637358,s128.295494216
168_101,s5.155235284,s-6.738549732,s327.133579870
168_102,s-5.930670153,s-1.045155727,s299.024756281
168_103,s0.757371628,s7.592816174,s202.152914138
168_104,s-1.811898882,s4.234397940,s143.472202005
168_105,s-7.351993556,s1.162853907,s18.574504350
168_106,s0.334734903,s7.475073258,s23.603898103
168_107,s6.333285745,s1.896372244,s278.153117679
168_108,s3.537369458,s4.408901587,s47.829971231
168_109,s6.860688921,s2.777697253,s163.127002960
168_110,s3.213225018,s7.663212664,s313.399898559
168_111,s4.969783978,s1.294948262,s208.002580849
168_112,s-7.601813746,s4.008368346,s240.311593074
168_113,s-0.386367267,s0.267884500,s9.805129145
168_114,s0.108428470,s4.238635212,s203.805529093
168_115,s-7.041812530,s6.594678056,s103.449890954
168_116,s-6.514086749,s5.410592245,s149.798240350
168_117,s-3.733991269,s4.553770709,s42.383354942
168_118,s-6.192105338,s7.147884799,s276.299498506
168_119,s6.636120147,s1.902975617,s264.691826686
168_120,s1.708510637,s5.589603107,s113.831458657
168_121,s5.021056132,s2.237843405,s84.681831024
168_122,s5.506657442,s0.537723137,s69.949976434
168_123,s5.309504973,s5.540480724,s104.895926000
168_124,s8.021118171,s-5.052761266,s198.328068768
168_125,s5.024965100,s4.764229174,s169.082850506
168_126,s-5.722880985,s4.512732614,s272.029161287
168_127,s-4.482736481,s4.041468409,s260.282616304
168_128,s-7.499739946,s6.334321128,s124.710133207
168_129,s-1.867591362,s6.450198038,s265.548769315
168_130,s2.423451032,s-3.840060217,s104.559873373
168_131,s6.316687240,s7.530137731,s222.100208603
168_132,s1.734722677,s4.029042981,s100.182072660
168_133,s0.667096255,s5.032390283,s31.742867858
168_134,s1.101000018,s2.673333972,s352.359864524
168_135,s-2.151035501,s0.841579181,s310.308166193
168_136,s1.481625554,s2.088837841,s34.616412341
168_137,s7.431299674,s7.615376702,s11.577108924
168_138,s6.884990667,s7.631765259,s159.729536841
168_139,s7.328272725,s1.963946010,s285.117209515
168_140,s-4.224838706,s6.922676746,s187.460430023
168_141,s-5.492301373,s6.408310573,s96.363177786
168_142,s-2.621061445,s5.600664976,s201.878430305
168_143,s0.754726325,s5.970010515,s295.448637981
168_144,s-5.884473841,s7.587426135,s206.827822889
168_145,s-1.294473172,s5.245245452,s50.289722379
168_146,s-2.643660758,s4.536084598,s181.907292325
168_147,s-1.249610319,s7.228948123,s322.960238222
168_148,s6.461237225,s7.114891374,s197.565201540
168_149,s1.013310254,s3.916879199,s297.723693247
168_150,s0.810556472,s6.562842015,s157.973373618
168_151,s5.091823305,s6.663011162,s166.342002188
168_152,s6.653659109,s3.931009276,s84.197887328
168_153,s7.181146961,s5.279031309,s357.532480277
168_154,s-6.900012699,s4.876363563,s7.859311679
168_155,s-7.569602542,s7.440913622,s60.602894510
168_156,s-2.476912138,s6.909275659,s269.038738906
168_157,s-4.909781566,s4.641533113,s356.076354765
168_158,s-7.738741181,s2.398449467,s58.165322190
168_159,s3.825716624,s4.989318411,s140.397530196
168_160,s0.413980051,s7.669272718,s119.617500656
168_161,s7.822928867,s6.910560670,s188.212898242
168_162,s4.066707595,s5.879732858,s262.311951606
168_163,s8.005265403,s5.839526447,s314.649262868
168_164,s5.622976683,s7.438762177,s202.277527841
168_165,s7.421085648,s3.435393483,s118.235676563
168_166,s6.108535542,s5.120970621,s317.553856994
168_167,s1.852555311,s6.526706608,s98.510923489
169_0,s-6.333380287,s-5.128006107,s313.808365514
169_1,s-6.487032026,s-6.792280648,s225.635962708
169_2,s-3.852757281,s0.305075775,s333.986936832
169_3,s-7.057484334,s-2.050343218,s79.425065100
169_4,s-4.281648950,s-7.077946696,s65.135923313
169_5,s2.256753850,s-1.502959549,s179.824002927
169_6,s2.076177315,s-6.765905911,s257.900093907
169_7,s-0.160986098,s-5.148015988,s221.760499735
169_8,s3.166858139,s-4.215104478,s251.901012107
169_9,s7.276788287,s-6.211772415,s262.238306842
169_10,s2.739281981,s-2.262027640,s275.176246644
169_11,s4.866407502,s-6.386567567,s49.448164376
169_12,s6.809878328,s-7.214946941,s294.842357504
169_13,s3.381853375,s-0.169590876,s132.938123076
169_14,s-3.484555540,s-4.078176438,s149.125420800
169_15,s-6.667948966,s1.727673323,s206.895825499
169_16,s-0.066423459,s-6.437787237,s351.311127978
169_17,s-5.759056960,s0.219927662,s306.037580579
169_18,s1.818483052,s-4.828398335,s226.728783522
169_19,s-2.654562216,s1.666311595,s332.608143668
169_20,s-3.103491952,s-1.996941434,s259.724202493
169_21,s-3.856602852,s-1.410781360,s273.521190489
169_22,s3.867140826,s-5.318385455,s126.251177305
169_23,s4.554479723,s0.885667260,s137.739936356
169_24,s-2.064070095,s-1.483813347,s83.287884184
169_25,s4.390254268,s-1.557586960,s33.516501694
169_26,s3.594175565,s-4.147090956,s216.346312274
169_27,s7.305631368,s-3.445214932,s200.027218845
169_28,s-3.568887336,s-5.141176922,s132.287864640
169_29,s-4.965057337,s-7.545359141,s297.914374444
169_30,s-6.215465215,s2.971337430,s205.261465223
169_31,s-6.965457978,s-1.039545987,s141.067700399
169_32,s-0.618511420,s-7.102605222,s14.186877709
169_33,s-7.340882274,s-4.787101196,s294.569065871
169_34,s1.446504511,s-1.921204344,s297.176373878
169_35,s2.871120671,s-7.484911085,s120.342748974
169_36,s-4.196865895,s-0.626368325,s275.358175032
169_37,s1.177652308,s-7.576104501,s35.221920900
169_38,s6.605361893,s-5.330789337,s303.573757548
169_39,s5.924345745,s-2.386666062,s281.749063591
169_40,s6.045606838,s-1.340400882,s265.617723359
169_41,s-3.042502897,s-1.166466379,s309.247945205
169_42,s-2.330159934,s0.018336103,s355.260840809
169_43,s-2.601955860,s0.552745221,s134.024821381
169_44,s-5.737875422,s2.383768584,s268.326149282
169_45,s3.583783701,s-5.623379632,s175.016926326
169_46,s-2.227228401,s-0.720996947,s61.780544832
169_47,s2.849845464,s-6.784380969,s120.605927773
169_48,s5.372160124,s-0.140014049,s196.493983751
169_49,s2.092145523,s0.375850523,s270.155843404
169_50,s1.469923996,s-3.963467868,s71.949275074
169_51,s0.611164552,s6.384415056,s194.146318441
169_52,s0.696945841,s4.474767852,s142.434261542
169_53,s6.701181867,s-4.638126576,s131.164315243
169_54,s4.894308559,s-1.583215881,s328.403089459
169_55,s4.846349695,s-4.023108606,s216.276725118
169_56,s-4.400667723,s-1.340989866,s296.150998474
169_57,s-2.858056324,s-6.477119480,s182.828174760
169_58,s-5.721536954,s-3.088257078,s195.570777593
169_59,s-7.189222455,s2.128495342,s269.768837238
169_60,s-7.130129186,s4.072555849,s302.901869833
169_61,s-6.208086439,s-3.002267333,s291.451564401
169_62,s-0.268995723,s-4.242431075,s105.518016016
169_63,s0.297151147,s-3.236604906,s80.602457526
169_64,s1.107585910,s-1.363604162,s335.538505566
169_65,s1.339258113,s-2.551500393,s25.500846870
169_66,s2.236174671,s1.780506603,s195.761997398
169_67,s3.831821301,s0.299263737,s211.323100840
169_68,s6.914050767,s-2.092767296,s201.191799849
169_69,s7.285281423,s-0.827628466,s274.237155081
169_70,s-5.812588073,s-4.635965240,s77.135895566
169_71,s-2.248834551,s-3.892875851,s210.732655682
169_72,s-5.608881614,s5.924524767,s219.834898724
169_73,s-2.494014960,s-5.348812322,s297.243462934
169_74,s-3.335602045,s5.427586479,s152.815719092
169_75,s1.796478969,s3.606416153,s149.974464616
169_76,s6.528452561,s-1.267331258,s185.092614307
169_77,s-2.340076980,s5.679276457,s195.893489196
169_78,s-5.877585232,s-0.550745960,s39.160401084
169_79,s5.318006699,s2.519028564,s207.378741227
169_80,s2.944326130,s-6.400682325,s223.886395552
169_81,s5.410771345,s4.292708152,s342.222302564
169_82,s1.433980212,s4.571718994,s279.521147886
169_83,s6.214964266,s4.033764676,s356.635870722
169_84,s-6.771486814,s4.347556344,s122.941818591
169_85,s3.581907017,s2.520298528,s340.240799847
169_86,s-7.299938926,s-0.270433949,s78.221735374
169_87,s1.753777050,s6.825805244,s200.443402854
169_88,s-0.320760308,s0.853927688,s92.477130011
169_89,s-3.590744770,s6.208687140,s33.747884890
169_90,s-0.472515979,s3.571627147,s10.708990847
169_91,s4.997359019,s4.735748730,s15.645902690
169_92,s1.751424792,s-0.499471882,s300.290334964
169_93,s1.259538562,s3.977188568,s252.818413742
169_94,s2.241474453,s-0.400904821,s328.724367964
169_95,s1.289162103,s2.713839915,s84.631780967
169_96,s7.331608100,s-2.509448276,s53.522008910
169_97,s5.532530853,s0.668498358,s318.076622286
169_98,s-1.981927653,s5.140621029,s74.785711718
169_99,s-2.651171224,s3.943194105,s303.441654127
169_100,s-1.447522902,s6.112464965,s88.816468309
169_101,s2.819584063,s3.642372304,s272.692669827
169_102,s-4.577773968,s1.670514176,s298.462276878
169_103,s-1.036797911,s-1.167014223,s247.157067831
169_104,s-5.193068807,s-2.036392291,s69.737383283
169_105,s6.973156005,s3.213057276,s91.836216248
169_106,s2.926725935,s1.340283537,s193.437605371
169_107,s5.112207971,s6.436233675,s119.402192743
169_108,s5.938585077,s6.593561172,s22.908153922
169_109,s6.041921787,s2.422183576,s126.756762760
169_110,s3.239390133,s-2.112789691,s178.713910949
169_111,s7.170088302,s6.738386670,s333.964757989
169_112,s-6.608430668,s2.355154222,s78.534954399
169_113,s-2.668927678,s2.464193883,s336.165105869
169_114,s-0.917344902,s-1.433919695,s144.276003031
169_115,s-1.369947138,s3.731780210,s84.025071710
169_116,s-2.385808044,s2.600334557,s247.775130183
169_117,s-1.986490802,s3.809238137,s292.212451914
169_118,s-3.065454347,s4.854099811,s119.154319370
169_119,s1.648681182,s1.692817191,s210.097502744
169_120,s5.807765260,s3.492575989,s70.161971971
169_121,s7.261076600,s5.033417770,s331.100650449
169_122,s3.144926215,s6.947846481,s207.918148173
169_123,s-0.848275981,s-0.151058690,s106.077041793
169_124,s3.612043394,s6.738755599,s261.430492402
169_125,s7.175826309,s-0.311202501,s211.550268695
169_126,s-2.479200050,s7.112608609,s346.060293184
169_127,s-4.186052536,s5.609910265,s215.303561724
169_128,s-4.654243257,s4.855201774,s18.056752448
169_129,s-1.798734920,s7.131982559,s25.011735596
169_130,s-5.174299027,s5.389840882,s166.447229564
169_131,s-7.395598416,s3.135174296,s18.567419252
169_132,s-1.195478473,s1.486499535,s72.268455003
169_133,s-4.684662634,s1.868685764,s322.953124897
169_134,s-0.243214699,s2.154995464,s233.734984299
169_135,s2.481555652,s2.809670287,s139.478297413
169_136,s6.197006857,s6.800402080,s95.022943259
169_137,s0.078058033,s7.131982559,s68.581618565
169_138,s-0.521578340,s2.648410496,s352.823731613
169_139,s7.093855582,s1.500863837,s327.047132503
169_140,s-4.097127015,s2.550946843,s322.485583084
169_141,s-5.589896079,s3.078570771,s301.293570739
169_142,s-7.335109755,s4.154543797,s123.655417193
169_143,s-1.533596723,s4.514829051,s328.107463935
169_144,s6.676075970,s-0.757305788,s306.396945566
169_145,s-0.435902777,s4.322665438,s94.192390056
169_146,s1.079304072,s7.066151951,s225.118296943
169_147,s7.331608100,s4.079220805,s98.631929718
169_148,s1.852251992,s3.925189374,s19.037084722
169_149,s2.180653314,s5.785793720,s317.162752998
169_150,s4.729253702,s7.055447708,s16.540801648
169_151,s3.827971359,s1.076325011,s345.252251724
169_152,s0.162057898,s-0.260998044,s2.349365753
169_153,s6.460535621,s4.832695480,s271.184482804
169_154,s-5.764191223,s4.049748930,s34.588411624
169_155,s-0.811924386,s1.439279936,s279.047950390
169_156,s0.836045893,s5.303419908,s314.603292398
169_157,s-4.079290474,s7.069329760,s84.496531869
169_158,s-6.991604684,s6.925566023,s271.703683999
169_159,s-5.066638796,s7.131982559,s218.830503087
169_160,s-0.811772505,s6.839670062,s317.858994963
169_161,s0.721193699,s7.098002758,s147.896379402
169_162,s-6.757557474,s4.615838006,s319.354694511
169_163,s7.038825423,s6.081279030,s231.248646256
169_164,s3.904080017,s4.862600311,s212.007145260
169_165,s4.292992493,s6.991181513,s86.846421603
169_166,s3.757303220,s2.206716020,s83.298127188
169_167,s1.283157251,s5.680649332,s149.144498934
169_168,s-3.539292780,s3.270293453,s322.606183586
170_0,s-6.535114941,s-5.191133279,s301.834238254
170_1,s-4.012885569,s-6.657796830,s39.486367255
170_2,s-4.141615921,s-5.540845663,s81.580012682
170_3,s-7.794515310,s-6.606937095,s270.733016055
170_4,s-4.929319903,s-1.674711184,s189.291222186
170_5,s1.246573972,s-0.149270944,s258.108620078
170_6,s-1.339386631,s-6.364992381,s352.708140019
170_7,s-2.124578712,s-2.624154572,s100.457739342
170_8,s0.697601704,s-4.966840904,s342.212538567
170_9,s4.330650609,s-7.969933126,s85.715247662
170_10,s6.209168315,s-2.305174712,s340.921658664
170_11,s7.855318500,s-7.969978041,s213.369822555
170_12,s6.963737063,s-6.872686443,s327.860263829
170_13,s7.501275309,s-6.448752169,s254.355515283
170_14,s-7.703617157,s-7.668913874,s150.120869419
170_15,s-2.840477094,s-7.087273392,s287.508541737
170_16,s-6.386379488,s-3.746527481,s287.276474745
170_17,s1.282701928,s-4.138973444,s47.441977996
170_18,s0.972615570,s3.515079816,s109.134622333
170_19,s-5.042185146,s-2.866700349,s124.110355966
170_20,s1.152045412,s-5.752106622,s177.448930920
170_21,s-3.803635501,s-7.873116558,s211.934764467
170_22,s1.281256407,s-4.669396862,s258.223923841
170_23,s0.012390610,s-2.878073448,s332.218586683
170_24,s-0.903464966,s-2.309960006,s224.602763728
170_25,s1.451185054,s-1.271728689,s338.494772012
170_26,s5.227324624,s-5.574957557,s280.801531240
170_27,s5.388933519,s-4.914609751,s45.481845879
170_28,s-6.603759875,s2.454796336,s138.831490204
170_29,s-4.243778772,s-1.097338048,s138.270398729
170_30,s-5.797791312,s-7.494454664,s218.758528373
170_31,s-5.750150803,s1.160480696,s316.032481301
170_32,s-1.939969511,s-5.351102371,s28.135182266
170_33,s-1.752270990,s-1.080934544,s65.220764643
170_34,s-3.685117716,s0.822783337,s225.296026147
170_35,s7.396462769,s-3.527104401,s291.003844453
170_36,s6.500199688,s-6.599879807,s331.846372539
170_37,s6.262412018,s1.156290735,s120.108611526
170_38,s7.653701181,s2.091919347,s141.860651006
170_39,s5.366782648,s-7.300524625,s250.775444988
170_40,s1.200616555,s-2.105555402,s109.631698841
170_41,s3.582513453,s-5.950022036,s91.299473365
170_42,s-7.464480032,s-3.933653929,s15.088583807
170_43,s-5.476504409,s-1.646324581,s250.201517798
170_44,s-7.613586940,s0.582701663,s354.764099571
170_45,s-3.176039147,s-5.878056208,s279.392128030
170_46,s-2.143205949,s-0.347984246,s227.041983859
170_47,s-6.522836223,s0.796604337,s12.744848451
170_48,s0.707302917,s4.621726782,s300.642587510
170_49,s1.231818803,s2.053678470,s242.939845228
170_50,s-0.599994301,s6.663191183,s116.313932926
170_51,s5.631185934,s-5.992089926,s183.985003727
170_52,s2.914169561,s-7.962810848,s162.815817060
170_53,s2.841807353,s3.791472534,s118.997504910
170_54,s5.491620469,s-0.791103206,s180.115947072
170_55,s7.193158087,s-4.555441600,s250.921742560
170_56,s-8.037667586,s-0.585528402,s149.873708350
170_57,s-7.946716350,s2.959564010,s274.275266927
170_58,s-7.193997846,s1.940639020,s133.446901800
170_59,s-7.041935102,s-6.607552011,s241.106871100
170_60,s-2.162412705,s-4.227063444,s10.820488217
170_61,s-5.581561579,s-0.565392547,s330.388957027
170_62,s-0.219139852,s-4.219036918,s148.786612913
170_63,s7.540132722,s-0.257043046,s161.604810542
170_64,s-4.267141669,s-3.624771086,s347.706636547
170_65,s7.241829296,s3.337671537,s94.529810191
170_66,s5.752787754,s0.157433495,s127.691618339
170_67,s6.386158100,s1.690262675,s137.584475044
170_68,s-0.762173155,s-0.799304591,s76.078264303
170_69,s6.359476833,s-1.156074632,s137.474055889
170_70,s-2.310396701,s6.162588128,s302.241171712
170_71,s-5.921609223,s2.019755548,s133.479063633
170_72,s-0.560582840,s1.032466412,s227.299600544
170_73,s3.287386919,s4.857900868,s116.931124949
170_74,s3.339389099,s6.385123461,s48.389218557
170_75,s-4.710007939,s0.257382658,s353.921646254
170_76,s-2.787431236,s7.782248926,s349.094563765
170_77,s2.844377379,s2.091724507,s334.834168347
170_78,s-3.285271937,s2.794279167,s210.458633246
170_79,s3.440647162,s-3.942754917,s170.239322309
170_80,s7.405291948,s3.669799939,s165.719613008
170_81,s3.643294846,s2.585720218,s7.692163631
170_82,s2.035293408,s-0.347543578,s83.232957341
170_83,s7.815898726,s1.442708892,s341.376616999
170_84,s-7.590999510,s2.200171690,s192.195879576
170_85,s2.625308033,s5.262348876,s277.564435382
170_86,s-6.702499121,s5.358100356,s155.194124615
170_87,s-1.548097216,s5.215083173,s297.428319519
170_88,s-8.048781013,s0.754695294,s25.045959411
170_89,s-6.501010621,s3.087960232,s313.137802009
170_90,s-0.803234674,s7.168700780,s206.969365963
170_91,s3.635631880,s4.159855940,s25.909200982
170_92,s3.149345929,s-1.844827655,s243.460199024
170_93,s6.575490403,s0.942294570,s332.376258147
170_94,s5.624483930,s3.341961026,s116.283906293
170_95,s0.154441301,s5.349433810,s215.155393310
170_96,s4.165785410,s3.369361176,s249.148989462
170_97,s7.769419572,s-3.724220066,s85.423229144
170_98,s-8.105982393,s7.502338058,s221.043790586
170_99,s-7.571366793,s-2.182104556,s351.166117239
170_100,s0.245677885,s1.762891571,s67.835983623
170_101,s3.045428630,s7.526456374,s174.042857433
170_102,s-6.234320688,s5.879511922,s63.662083265
170_103,s-6.020285656,s-0.081840419,s92.997141475
170_104,s-5.347485108,s-6.207881836,s255.572115484
170_105,s-3.452814315,s-1.294929674,s107.861516342
170_106,s1.804222317,s3.842666045,s338.660032674
170_107,s2.988368805,s0.756527421,s196.147753126
170_108,s7.413089552,s0.497198673,s278.550165308
170_109,s5.079767843,s7.672545638,s215.924191157
170_110,s7.895052878,s4.808221304,s258.671788036
170_111,s7.041832961,s7.052029638,s8.477783056
170_112,s-7.926799019,s-1.243759084,s70.192324442
170_113,s-5.595662376,s7.505656947,s95.633850169
170_114,s-7.568747703,s4.918198661,s32.792371338
170_115,s-4.341883181,s4.280599420,s148.988221079
170_116,s-3.271385014,s5.195559496,s139.252361628
170_117,s0.777279125,s1.606361361,s116.263014617
170_118,s-0.991378202,s5.202842792,s44.929837120
170_119,s1.879334085,s7.990830091,s81.891844176
170_120,s-4.400529454,s3.100884958,s114.054597778
170_121,s-3.214430807,s0.088113901,s64.120423510
170_122,s-2.199053947,s7.397444347,s320.930472242
170_123,s4.767385194,s5.928647703,s7.230142505
170_124,s3.272733373,s3.331174125,s268.333266169
170_125,s3.814285378,s4.944244779,s338.004731951
170_126,s-7.999411276,s4.075808103,s344.036923525
170_127,s-2.576788083,s0.628372457,s100.870571026
170_128,s-6.376732757,s7.821208852,s66.205500589
170_129,s-4.638158397,s7.556778058,s3.311092557
170_130,s-1.549944576,s0.988959157,s312.700988968
170_131,s-4.782902012,s6.316382448,s18.332170676
170_132,s3.551075721,s7.885103092,s319.599361207
170_133,s5.343998832,s-3.952681650,s89.483475688
170_134,s5.500028235,s1.719557643,s97.565698641
170_135,s6.519237366,s3.958667339,s3.536746635
170_136,s7.558189901,s-2.212992214,s64.524991043
170_137,s7.853813934,s7.451165711,s1.215544049
170_138,s6.606012618,s2.600794258,s256.208733279
170_139,s7.587561737,s8.027139142,s188.914958334
170_140,s-1.306115846,s8.027139142,s265.187470236
170_141,s-2.172519483,s6.883805685,s47.860558588
170_142,s-0.653726606,s7.986334132,s286.743449753
170_143,s-4.945575050,s1.502646421,s229.057136592
170_144,s-1.480647205,s3.397705735,s33.248622051
170_145,s-7.479771215,s3.174132545,s167.254114174
170_146,s-1.729997198,s6.089733515,s265.073322577
170_147,s-1.016313262,s6.275840062,s15.200024056
170_148,s-1.023431904,s4.402367551,s173.578165680
170_149,s-0.059922275,s5.896769005,s311.727816527
170_150,s0.017141830,s7.902616694,s265.178076221
170_151,s5.184504921,s6.720391919,s61.710752042
170_152,s7.423981405,s5.990260841,s34.691924298
170_153,s6.417869828,s6.404222768,s270.232454185
170_154,s-8.111008158,s5.147889307,s242.685465254
170_155,s-0.271125464,s3.706919656,s350.850442235
170_156,s-6.536603672,s4.996992668,s7.738356447
170_157,s-3.586803620,s6.059555740,s65.246565655
170_158,s2.978032565,s7.996396607,s335.976387872
170_159,s-3.646005279,s7.787341436,s237.192118660
170_160,s-6.396123753,s6.643069923,s353.242461680
170_161,s2.327194792,s2.866197442,s291.543487444
170_162,s3.780115226,s6.969556470,s44.910919867
170_163,s2.610234912,s4.800007004,s150.413378199
170_164,s5.053734605,s7.108775121,s189.118423139
170_165,s5.949765647,s4.656508361,s84.422146519
170_166,s6.096065137,s5.468045681,s204.208034135
170_167,s4.974605962,s5.132224117,s305.628535365
170_168,s-8.018507374,s6.923637181,s285.380823352
170_169,s-5.357872245,s3.165971649,s11.900932735
171_0,s-7.934097754,s0.344636893,s90.023476198
171_1,s-5.683931927,s-2.385372231,s45.806796292
171_2,s-2.204956210,s-3.318924185,s235.832894667
171_3,s-7.866794621,s-5.578719575,s57.830269535
171_4,s-2.156469292,s-1.582419079,s104.803940762
171_5,s-1.649040155,s-2.004919296,s230.486410208
171_6,s2.084146356,s-5.557587446,s76.622196165
171_7,s-1.322805879,s-2.944167485,s54.316716019
171_8,s5.241045548,s-6.704599193,s293.495065617
171_9,s2.812876807,s-3.418080362,s169.758433447
171_10,s4.426229857,s-4.476355343,s108.096919678
171_11,s2.346476858,s-4.930885543,s334.195396313
171_12,s7.955413329,s-7.370662457,s22.613530575
171_13,s7.911977692,s-5.931274476,s288.709134738
171_14,s-4.659682542,s-4.612905935,s245.681481157
171_15,s-5.145484624,s-5.317308536,s220.197592308
171_16,s-6.491371327,s-5.766551742,s330.494295495
171_17,s-0.209836654,s-7.825974695,s16.639777708
171_18,s-4.518621026,s-0.402174717,s123.645658853
171_19,s-0.940353313,s-4.655354853,s190.459735579
171_20,s0.835394792,s-4.247587613,s51.844449907
171_21,s0.014635260,s-2.464190120,s68.563074649
171_22,s7.172206648,s-7.094352532,s47.629052968
171_23,s1.625873096,s-4.241900565,s67.660734852
171_24,s4.188375463,s-3.405576134,s254.845325018
171_25,s5.804699755,s-7.809968862,s201.892292730
171_26,s5.511369528,s-0.129703048,s118.906027022
171_27,s5.500615761,s-2.650430098,s174.895209482
171_28,s-7.766554403,s-3.656460227,s237.396502563
171_29,s-6.394389577,s-3.563648545,s199.410555308
171_30,s-7.856734223,s-2.678936951,s263.294259318
171_31,s-6.669328978,s4.382306381,s54.638950172
171_32,s-1.959865065,s-4.343546498,s62.405748350
171_33,s-5.661956116,s-4.578790858,s256.977984204
171_34,s-2.127087143,s1.853713161,s139.010410895
171_35,s3.261910732,s-5.132094524,s44.091648849
171_36,s3.454395927,s-1.430532518,s210.901258440
171_37,s3.452051516,s-4.058556253,s80.792415437
171_38,s6.476704044,s-5.565684972,s13.463806157
171_39,s1.137265214,s-1.946268847,s80.645829717
171_40,s7.803635435,s-2.947230976,s309.484999622
171_41,s7.644948132,s-4.817378634,s94.061849508
171_42,s-5.665463583,s1.084481035,s112.139429420
171_43,s-3.690644889,s-7.554320016,s116.328799883
171_44,s-0.833122736,s-5.932691130,s222.238203857
171_45,s-4.896002197,s-7.028055523,s77.935881672
171_46,s-3.672805906,s1.588053178,s285.904157804
171_47,s-7.059614902,s0.874688022,s49.367627952
171_48,s2.483630513,s6.783696801,s130.727907611
171_49,s6.860116791,s-0.107709859,s224.305435361
171_50,s0.084920710,s-1.896361581,s313.963428869
171_51,s7.869915345,s3.462885461,s288.599543131
171_52,s4.115435385,s-1.969206091,s96.058898165
171_53,s2.595345065,s1.062437689,s327.797293392
171_54,s4.599011164,s-0.943853350,s87.967661370
171_55,s7.288236395,s-2.726227279,s293.486919878
171_56,s-3.511706759,s-4.407204748,s205.796912226
171_57,s-1.004620966,s5.374785843,s183.366771049
171_58,s-4.737423391,s-2.289443684,s172.138155450
171_59,s0.299974659,s1.007486688,s142.680004220
171_60,s-2.490661259,s5.997677982,s126.139322214
171_61,s-0.153186553,s-6.638267028,s187.981581151
171_62,s2.901746219,s0.421090063,s15.869779069
171_63,s-7.170942716,s-5.100148447,s262.344579545
171_64,s7.958360409,s0.832238435,s14.572108609
171_65,s7.290384817,s-1.044348510,s91.467506230
171_66,s0.589293812,s4.339203887,s43.117636778
171_67,s1.979514056,s0.844173813,s246.979917783
171_68,s6.941748436,s3.335901734,s46.249605555
171_69,s7.089553371,s1.334712330,s356.193593742
171_70,s-6.675130607,s0.174907864,s59.908493667
171_71,s-7.770889168,s2.114097311,s354.216276336
171_72,s1.775439481,s-0.454601978,s38.607761214
171_73,s-7.228015831,s3.239569267,s131.323540942
171_74,s-2.415299871,s-1.219954693,s97.694505795
171_75,s-0.044450269,s2.722804771,s334.957813783
171_76,s-1.996276384,s1.026216771,s165.839677106
171_77,s2.432559372,s7.626130166,s228.334332938
171_78,s4.606526709,s4.150606836,s5.422267399
171_79,s4.567051726,s0.774855153,s56.840879087
171_80,s4.668828415,s3.194728987,s79.867155315
171_81,s2.988896455,s1.934042545,s75.624906573
171_82,s7.876251096,s-0.410136089,s29.090889347
171_83,s-0.046086057,s1.980170785,s156.259697390
171_84,s-5.982174461,s3.688320640,s326.053861108
171_85,s-4.481867869,s2.005656674,s318.723668036
171_86,s-4.654153040,s4.206991444,s176.007382327
171_87,s-7.655225936,s1.016302625,s117.469811047
171_88,s-5.821185208,s2.699338465,s287.998339013
171_89,s-3.851787185,s6.672298880,s8.432624524
171_90,s-2.286380270,s-0.253958996,s196.482758003
171_91,s-7.955994835,s7.998774285,s100.372721274
171_92,s1.238944337,s3.213518588,s286.329279518
171_93,s0.130872585,s7.093898153,s47.571300645
171_94,s4.202322115,s3.294411379,s342.936050660
171_95,s4.632019804,s6.289687233,s178.740665814
171_96,s7.861616812,s3.845940448,s281.078368853
171_97,s4.992031564,s4.604109266,s101.582279698
171_98,s-7.034468580,s-1.593377647,s56.414952806
171_99,s-4.130630302,s6.864933946,s268.676724381
171_100,s-7.194525702,s1.941066058,s163.892788593
171_101,s-5.794759787,s3.054865077,s112.469488585
171_102,s-0.953102132,s7.836858306,s277.510576074
171_103,s2.885013433,s3.947679156,s337.895726354
171_104,s-5.891662895,s1.065416732,s148.613611631
171_105,s6.930877506,s3.196936834,s14.340199064
171_106,s-6.951014591,s-6.747704591,s37.363088286
171_107,s3.194063118,s7.669631180,s223.571630152
171_108,s6.366757899,s4.855847747,s96.653135108
171_109,s6.405895755,s-4.200254115,s83.100861084
171_110,s6.508007738,s5.628810665,s71.283765505
171_111,s5.552084759,s5.164641261,s63.697718440
171_112,s-5.888696870,s7.180121159,s262.089156955
171_113,s-5.800459434,s7.137978394,s110.030187452
171_114,s-6.563321641,s7.967635899,s285.627237999
171_115,s-5.767965468,s2.296892672,s69.877107568
171_116,s0.063634824,s3.215945108,s204.043168824
171_117,s1.256588751,s-3.918817177,s180.876342181
171_118,s1.744131500,s1.351060326,s129.318863874
171_119,s-0.766408089,s4.945311925,s304.689939062
171_120,s-0.388287535,s1.133906120,s172.776616355
171_121,s3.444148670,s2.799701670,s90.941180585
171_122,s7.894669572,s5.870559856,s80.791700751
171_123,s4.144235108,s8.085197257,s153.875016216
171_124,s5.920418179,s5.282955406,s101.913050005
171_125,s6.876669442,s6.731032836,s318.697507839
171_126,s-5.309850833,s4.210077953,s166.768126391
171_127,s-6.961668808,s6.549363833,s191.316708997
171_128,s-1.476681245,s5.539443989,s189.619039572
171_129,s1.654139226,s5.219279953,s289.259762448
171_130,s-3.583280852,s2.095013397,s269.597917275
171_131,s-7.232423276,s7.683115808,s295.374225088
171_132,s-1.344933281,s1.799053927,s19.879208230
171_133,s-4.226915829,s7.883345452,s247.391336922
171_134,s1.768626721,s6.245593016,s137.460481563
171_135,s4.930084530,s7.926002056,s110.113372194
171_136,s0.297963920,s4.273432986,s324.696561135
171_137,s7.944457286,s4.202327501,s266.448240037
171_138,s-3.539169601,s3.898512909,s160.126454255
171_139,s4.010130312,s-3.824238438,s315.406725638
171_140,s-2.494693851,s3.159413617,s350.135501063
171_141,s-6.261492465,s6.470287056,s152.191128954
171_142,s-4.932897686,s5.898591441,s322.822912646
171_143,s-2.022615006,s7.021872395,s220.861227014
171_144,s3.063616373,s3.481262704,s298.649150326
171_145,s-6.752010171,s4.997351066,s142.586622317
171_146,s-0.784645474,s2.648044842,s211.968169307
171_147,s3.461088558,s7.996136406,s301.846946756
171_148,s0.653274655,s7.160282034,s245.070561502
171_149,s1.550735205,s7.983850474,s73.104878798
171_150,s6.672430106,s8.090982593,s293.669766729
171_151,s2.063840489,s6.591207067,s60.875247806
171_152,s7.930129780,s6.925161940,s43.730193540
171_153,s5.163534667,s6.753388349,s116.938636520
171_154,s-2.998504217,s4.460967107,s250.940494379
171_155,s-7.367433670,s7.068663575,s119.545565365
171_156,s-0.701528134,s3.129336235,s142.145442884
171_157,s-6.937744767,s8.078479412,s84.320882799
171_158,s-5.665264495,s7.640145867,s22.147396951
171_159,s4.903847912,s5.911412537,s79.507786785
171_160,s-0.577137948,s7.610432842,s252.403730696
171_161,s-3.239236052,s7.324578890,s36.363674770
171_162,s5.207638458,s7.849854166,s302.056220449
171_163,s7.960962453,s4.631568772,s289.464730905
171_164,s6.283604826,s7.948666867,s189.257140246
171_165,s2.197006653,s3.925034396,s324.532122287
171_166,s7.325478609,s7.893054129,s34.509745614
171_167,s7.960962453,s7.760805545,s74.592847726
171_168,s-7.867197672,s4.881431887,s325.720556923
171_169,s-5.837196285,s5.626063212,s86.976799156
171_170,s-5.112880276,s7.877671242,s52.829586914
172_0,s-6.606219685,s-7.239829604,s131.277786598
172_1,s-3.882098827,s-2.270698779,s5.271506599
172_2,s-0.003256450,s-5.014485059,s233.612195013
172_3,s-5.343561507,s-3.944127914,s190.811981792
172_4,s-5.338167871,s-7.241319648,s2.662908727
172_5,s0.025160941,s-7.625493305,s240.606839254
172_6,s-2.730151239,s-3.441060547,s331.910729736
172_7,s1.874334865,s-7.476957678,s278.592682780
172_8,s-0.963238220,s-2.065405439,s252.687905119
172_9,s-1.999131098,s-6.978194575,s28.444282021
172_10,s0.101675239,s-4.149777528,s308.115258568
172_11,s5.566251790,s-1.489771786,s120.027134326
172_12,s3.540526036,s-3.190863800,s223.978678694
172_13,s7.320188987,s-1.902365040,s255.107959225
172_14,s-4.989690969,s-2.048668714,s107.089430567
172_15,s-6.046570417,s-6.268301643,s241.996603634
172_16,s-5.189191228,s2.376659220,s201.454059268
172_17,s-3.694642323,s-5.841926960,s228.986644066
172_18,s2.162242534,s-1.967359086,s29.248337514
172_19,s-3.410579867,s-4.605425468,s316.889476654
172_20,s1.116658041,s1.470386892,s139.881063037
172_21,s1.327524649,s-6.878937082,s18.863377914
172_22,s1.274811934,s-0.297628194,s148.197919105
172_23,s1.382239940,s-1.402370641,s109.508164984
172_24,s4.184885097,s3.006784302,s89.491974270
172_25,s6.036793675,s-3.266203751,s220.416455966
172_26,s7.430649222,s-1.290245909,s300.854652355
172_27,s7.374335169,s-5.407092510,s253.493976576
172_28,s-7.419975832,s-3.446585321,s115.612393256
172_29,s-4.701600817,s-5.403586298,s152.062628685
172_30,s-3.915242547,s-2.568371416,s309.047270498
172_31,s-5.775405476,s-2.732694641,s211.186758004
172_32,s-1.018945885,s1.475437545,s218.384346611
172_33,s-0.598690081,s-4.133525230,s18.891769412
172_34,s-1.190139386,s-4.986362088,s300.385896884
172_35,s0.405616779,s-4.524051996,s14.221246301
172_36,s-7.172673940,s5.250812214,s194.935970229
172_37,s6.238598857,s-5.258733168,s262.692966499
172_38,s4.217983889,s-3.826940151,s109.419351366
172_39,s4.420553828,s-6.515566409,s271.377216936
172_40,s4.728711849,s-7.240472567,s46.326989713
172_41,s7.285118745,s-3.809578187,s253.460612388
172_42,s-7.387142477,s0.447732885,s17.371869225
172_43,s-7.186937074,s-5.699819888,s130.888526982
172_44,s-2.849128188,s-0.459964544,s245.946202957
172_45,s-5.050374792,s-0.881275625,s263.050793793
172_46,s-4.360502725,s6.782958617,s266.823062962
172_47,s1.940416950,s3.772905016,s348.163463799
172_48,s-2.365475685,s-2.478746126,s177.160945149
172_49,s0.587991248,s-3.585048863,s176.968351916
172_50,s3.926926091,s-7.596548079,s322.107233272
172_51,s-2.007093012,s5.788594357,s267.453711705
172_52,s2.967666882,s0.829981777,s280.694167657
172_53,s5.578271073,s1.641697554,s75.554816260
172_54,s6.606342413,s-6.360292224,s53.160613996
172_55,s6.247547176,s3.917765084,s59.394859126
172_56,s-1.992510539,s7.220017466,s356.066678785
172_57,s-7.401347235,s-0.660285335,s230.481432941
172_58,s-6.383862758,s4.249121234,s325.107883857
172_59,s-3.998932864,s1.009056719,s140.736101234
172_60,s0.566798453,s0.081859708,s254.940569836
172_61,s-6.496074282,s-2.386138438,s336.270954927
172_62,s4.883472139,s-2.783099868,s29.185133555
172_63,s-2.696666415,s3.295645971,s245.095262683
172_64,s-4.941754985,s2.994768535,s149.175976915
172_65,s3.442830863,s-0.592806110,s290.591390553
172_66,s5.722110100,s-5.642685717,s220.772604619
172_67,s6.735974525,s7.197995612,s162.769759445
172_68,s5.357721720,s-3.698108527,s77.644922030
172_69,s5.646673454,s1.212145807,s46.985617306
172_70,s-1.378145790,s3.564325039,s99.483088070
172_71,s-4.803377435,s0.818193741,s198.427538979
172_72,s-6.085287494,s-4.245573124,s347.288908012
172_73,s0.840177570,s3.597634382,s84.941552711
172_74,s-2.758805947,s1.130597296,s93.507733760
172_75,s-6.782875770,s1.957131137,s168.613085754
172_76,s5.287782322,s-0.755938788,s341.159339812
172_77,s-1.051970510,s0.227726177,s314.600460135
172_78,s-1.898699205,s3.705982779,s182.200384347
172_79,s-1.721653363,s-0.848985727,s311.513387028
172_80,s5.608160281,s-0.243268921,s248.844615313
172_81,s5.455479355,s2.348647922,s14.643518510
172_82,s7.456160619,s2.885286954,s326.433948770
172_83,s6.750822802,s1.065323142,s255.031639329
172_84,s-2.273851019,s5.098842094,s110.246197517
172_85,s-7.261650785,s2.797278313,s232.955690413
172_86,s-6.838564466,s1.114859771,s254.344996609
172_87,s-5.496467144,s4.001523378,s101.833129053
172_88,s-6.221036783,s-0.151837352,s164.162389793
172_89,s4.732789543,s-0.799349004,s320.078584661
172_90,s0.135938028,s7.159006546,s98.867493683
172_91,s0.161606485,s-1.924646496,s204.360124628
172_92,s2.951555569,s4.108060328,s183.287493509
172_93,s-0.351934772,s-1.794405436,s138.231405693
172_94,s-0.512008140,s5.803209781,s93.357555105
172_95,s1.567432202,s2.502841183,s153.699918127
172_96,s4.248405130,s4.586740177,s277.567492210
172_97,s2.248163437,s2.499042102,s50.118024858
172_98,s-2.610877969,s2.989342573,s265.122215467
172_99,s-7.384407590,s1.362576309,s303.511526177
172_100,s1.245118881,s-0.066395850,s284.353294190
172_101,s-4.590716869,s1.065595073,s150.732100469
172_102,s3.807157230,s4.109528794,s219.658681045
172_103,s-0.600859530,s2.867943326,s194.289656136
172_104,s3.052762858,s0.030851753,s319.094566817
172_105,s2.435438239,s-0.533565490,s86.845281932
172_106,s-2.293787728,s2.326967722,s93.903234986
172_107,s-5.700012015,s0.275801203,s163.315681932
172_108,s2.631878082,s6.125577339,s201.800729887
172_109,s3.042553340,s-1.895089522,s58.731636755
172_110,s5.258804040,s4.843153837,s319.845571877
172_111,s6.860375702,s5.769345579,s57.802839754
172_112,s-5.962596032,s5.870303741,s245.972096262
172_113,s-6.901626443,s7.036742806,s241.828300256
172_114,s-1.501565163,s0.342589770,s107.934129046
172_115,s-3.355799889,s6.263080987,s54.198195705
172_116,s-5.564905615,s3.192688525,s161.776301433
172_117,s-2.846525451,s7.135222815,s294.199912313
172_118,s3.431547372,s5.680413946,s286.616873178
172_119,s4.497748919,s2.141009819,s172.691908488
172_120,s7.028382819,s1.953232797,s167.658644313
172_121,s-0.729800651,s6.419750659,s109.695223512
172_122,s3.873887556,s6.054609421,s67.673988211
172_123,s6.584820500,s6.345142063,s138.929972852
172_124,s4.123014121,s0.741292159,s108.105749501
172_125,s7.203902908,s5.657352342,s157.817292224
172_126,s-7.310225647,s5.782725433,s88.453632728
172_127,s-4.265591638,s-4.134908513,s341.627751550
172_128,s-6.531490706,s2.865516900,s278.363487374
172_129,s-3.316875278,s0.958366406,s296.613003099
172_130,s-3.227138043,s1.968605803,s184.215396836
172_131,s-4.788221110,s6.091583351,s23.518820653
172_132,s-4.994275787,s5.904211929,s162.302159622
172_133,s1.367077252,s2.236433735,s36.074003229
172_134,s5.379784958,s6.193242313,s333.170798387
172_135,s3.134154132,s6.694203062,s131.284027974
172_136,s-0.077085199,s3.862952665,s116.192262672
172_137,s0.622344338,s5.980268452,s308.288335279
172_138,s2.329283986,s3.435255696,s61.248386474
172_139,s4.644374394,s3.382332301,s93.106187029
172_140,s-2.826062888,s4.443237506,s21.034026945
172_141,s-1.314655258,s1.927914504,s27.256841611
172_142,s3.459784118,s2.620541044,s142.882025269
172_143,s-0.999779807,s3.623550845,s125.724358765
172_144,s4.245050420,s6.999655627,s81.117069760
172_145,s-1.264593510,s7.122857162,s243.389152759
172_146,s-2.939171429,s7.192909698,s77.190929021
172_147,s-1.472326335,s4.576884102,s226.036289587
172_148,s-1.208759484,s4.350759771,s114.636257620
172_149,s-2.959014430,s6.178734818,s39.230983445
172_150,s6.198057703,s3.952155704,s344.526810907
172_151,s4.512396925,s6.913560382,s187.992086557
172_152,s6.785424414,s2.646484439,s288.051592171
172_153,s4.030606463,s-0.962811200,s64.590522935
172_154,s-0.269422243,s5.766123932,s183.113170174
172_155,s-6.345251800,s6.339367278,s346.177286016
172_156,s-4.254752060,s2.758184282,s34.171995007
172_157,s-6.306888291,s1.254312183,s225.907560453
172_158,s1.273544546,s6.926423503,s279.036340704
172_159,s-6.150035885,s5.363097996,s218.109275537
172_160,s3.538128774,s5.798432602,s242.094392870
172_161,s1.240348553,s7.192101282,s277.029299908
172_162,s4.046959990,s4.013667778,s160.417947210
172_163,s-0.266286432,s4.038156565,s8.453860422
172_164,s1.572109598,s6.916858779,s60.513182060
172_165,s1.336826421,s4.033100249,s321.861718840
172_166,s7.368322042,s6.786226221,s114.410544115
172_167,s3.952375578,s5.806471666,s169.113542061
172_168,s-7.393386571,s7.067392404,s154.539713396
172_169,s-3.380348109,s4.760047074,s359.030004453
172_170,s0.360184148,s4.574292421,s82.053755863
172_171,s-5.407227321,s7.221364084,s255.450879677
173_0,s-7.182495677,s-4.665590509,s284.834379309
173_1,s-6.344340126,s-3.440304825,s4.544157342
173_2,s-3.731340934,s-2.886470107,s251.515048951
173_3,s-6.462128891,s-6.597975271,s111.596027433
173_4,s-3.516730907,s-7.185673895,s98.492748008
173_5,s0.226878763,s-6.517425514,s46.912692912
173_6,s2.509142568,s-7.483175357,s259.155661226
173_7,s-3.053480179,s-2.767623797,s173.699860892
173_8,s2.469744434,s-3.348763120,s178.790224099
173_9,s5.688160030,s-7.476176322,s41.085385430
173_10,s5.788397665,s-5.989688600,s211.583942218
173_11,s6.287007359,s0.581501717,s160.603110448
173_12,s6.999961519,s-4.430559845,s41.180713278
173_13,s5.933640149,s-3.835346999,s101.542349427
173_14,s-3.039175333,s-1.034724014,s346.923720057
173_15,s-3.411097971,s-5.454042519,s225.950282225
173_16,s-1.933129150,s-6.836356921,s275.077117904
173_17,s-3.541696177,s-4.861049145,s331.799902522
173_18,s0.570326597,s0.075955571,s323.046946104
173_19,s-0.720296429,s-5.299697483,s277.364074226
173_20,s-5.289684278,s-6.359236087,s343.714145903
173_21,s0.119333927,s1.297213000,s129.617068645
173_22,s-0.146678058,s-3.571357743,s283.178479487
173_23,s3.229414467,s-3.408756550,s131.993587671
173_24,s3.771330158,s-5.057492142,s152.013481352
173_25,s3.249851275,s-5.273654621,s115.800392220
173_26,s4.694792683,s-6.980661686,s72.201145833
173_27,s7.235267651,s-1.627966423,s133.195715171
173_28,s-5.613631192,s-4.536203521,s151.373335533
173_29,s1.728918289,s5.148940330,s127.913684154
173_30,s-0.648277376,s3.887933623,s82.954216596
173_31,s-5.649173204,s1.429691117,s344.505056106
173_32,s1.847771284,s0.964648325,s259.560767716
173_33,s3.483160321,s0.067230425,s299.837284202
173_34,s-1.480614391,s-5.436910531,s113.444985982
173_35,s2.285469698,s-6.411223104,s166.964629740
173_36,s3.590425017,s-2.221195366,s317.302708616
173_37,s-7.140500930,s5.375432750,s13.170137967
173_38,s6.795097008,s-6.057999090,s355.521823674
173_39,s3.330549507,s4.412491243,s274.589918514
173_40,s6.676311015,s-3.202191279,s114.834111990
173_41,s3.278951223,s4.847935918,s333.267101765
173_42,s-5.255412438,s3.760244936,s199.987700769
173_43,s-5.957010997,s-1.774229233,s273.474039963
173_44,s-6.947462032,s-2.126789319,s321.486410724
173_45,s-0.138399907,s-1.891812438,s72.983361423
173_46,s-4.796422619,s-3.945115501,s5.811426499
173_47,s-0.953643627,s-4.235725774,s4.071759394
173_48,s5.148560533,s-1.031550901,s116.586874369
173_49,s7.347595311,s-7.225315950,s155.420053036
173_50,s0.954738646,s-4.902909822,s309.308242308
173_51,s4.351184160,s2.849783341,s213.659419242
173_52,s4.732973602,s-2.585866651,s232.666580170
173_53,s7.431169368,s-3.661910452,s65.984298185
173_54,s4.235120588,s-1.168638083,s283.648556596
173_55,s5.650112691,s0.782933653,s57.784626323
173_56,s-6.906179707,s0.143835463,s343.376237496
173_57,s-1.940010750,s0.292313223,s47.001987168
173_58,s-3.617858966,s2.262238587,s277.784204919
173_59,s-5.670846385,s-1.363211184,s152.743280336
173_60,s-1.130652679,s-1.045890634,s333.432846807
173_61,s-4.213052885,s3.352714676,s29.720579856
173_62,s-3.409936886,s4.024664907,s61.394147846
173_63,s1.299505672,s5.983210141,s217.121627277
173_64,s-4.688644869,s-0.773098332,s198.931000076
173_65,s1.612988495,s2.487231239,s66.940011275
173_66,s7.129430978,s-2.560358861,s306.795507198
173_67,s0.391809919,s7.111627985,s98.542545168
173_68,s3.884851314,s5.317621503,s329.371407038
173_69,s7.131048801,s-0.326144616,s53.903611113
173_70,s-6.421790334,s-4.508136012,s321.672285646
173_71,s-6.771272409,s-0.468173048,s293.758974569
173_72,s-1.394548647,s5.912614696,s37.308482414
173_73,s1.485428092,s0.618428282,s57.277970013
173_74,s2.222053320,s0.089317213,s200.389208915
173_75,s1.183906549,s3.713349663,s194.810671350
173_76,s0.401805215,s-2.696120961,s359.050922985
173_77,s5.895247279,s-3.035606267,s104.118723770
173_78,s0.108769470,s2.322396351,s185.505280692
173_79,s6.677862031,s1.420612705,s268.033013645
173_80,s3.721606263,s1.419717630,s210.307339413
173_81,s5.076683434,s0.588257826,s117.243821837
173_82,s2.884463575,s-0.394017206,s39.947320182
173_83,s7.432423486,s3.031667641,s347.496218478
173_84,s-6.177432517,s-0.011327783,s37.178339969
173_85,s-2.724909626,s6.376577452,s328.508358653
173_86,s-5.485035768,s0.735912788,s137.635757009
173_87,s3.386030301,s6.343171120,s115.402408297
173_88,s-3.242757493,s0.132653254,s318.653016670
173_89,s-2.476906287,s1.781603806,s98.728065366
173_90,s0.825541165,s4.083443122,s287.925662889
173_91,s2.350674781,s0.978917145,s76.709983181
173_92,s4.294197800,s3.855928907,s288.993264270
173_93,s6.209965997,s2.615055559,s106.040936119
173_94,s2.836678560,s7.308372978,s170.907710995
173_95,s5.713212113,s7.315595649,s312.135828013
173_96,s5.182916092,s6.151871521,s77.020589349
173_97,s7.313696157,s0.282639876,s340.395185963
173_98,s-6.093380310,s1.376223549,s81.156505624
173_99,s-5.331551720,s-3.477812764,s325.332883339
173_100,s-7.285443178,s-0.851767487,s305.614517649
173_101,s-7.354365219,s-3.017771198,s179.558965036
173_102,s-7.382180847,s3.554100143,s165.285920511
173_103,s-7.204111209,s1.884221010,s134.560201577
173_104,s0.904870197,s1.322262991,s236.848985324
173_105,s-6.354482600,s2.112989929,s68.812237519
173_106,s-1.083055758,s1.155894315,s3.198461957
173_107,s-7.195668291,s3.883737141,s4.071858626
173_108,s7.465425662,s1.163254505,s148.547210869
173_109,s4.825221298,s-0.675350493,s253.823107425
173_110,s6.171093597,s4.087376140,s1.903077889
173_111,s5.014578073,s6.125959535,s220.095753227
173_112,s-4.851537492,s7.386803905,s260.973601231
173_113,s-5.872944470,s4.225148025,s161.072052647
173_114,s-0.545232378,s2.071134369,s276.492889112
173_115,s-1.037413220,s4.636258620,s291.079550014
173_116,s-7.243585846,s5.574099157,s325.004592318
173_117,s-2.623989354,s4.684957296,s128.356673040
173_118,s1.770615070,s6.669595849,s43.899734004
173_119,s6.459609476,s1.640630933,s158.427912762
173_120,s-2.190260996,s3.805810967,s313.336146173
173_121,s-3.006329354,s0.284741184,s243.691363751
173_122,s-2.712621649,s7.300327330,s183.945724135
173_123,s2.249986461,s5.638912443,s216.285382609
173_124,s4.832105367,s7.322255345,s190.599705634
173_125,s2.676634009,s1.464919519,s317.056692994
173_126,s-2.504943613,s6.382697345,s265.958790122
173_127,s-0.711394597,s0.516421310,s21.026422023
173_128,s-5.467157032,s-0.268994566,s134.286084250
173_129,s-6.676933451,s3.261822426,s291.477730923
173_130,s2.282712764,s6.457094172,s305.075771858
173_131,s-2.543249351,s2.367276284,s6.257648946
173_132,s-3.661847024,s3.546627043,s139.416869390
173_133,s6.586379796,s7.270606218,s234.686673683
173_134,s6.471384525,s3.537501132,s57.845472429
173_135,s4.436392936,s2.161478602,s267.106794019
173_136,s4.402145680,s4.774321426,s246.410327758
173_137,s1.826071194,s3.544746589,s149.914310493
173_138,s5.341609668,s2.989992893,s178.491497209
173_139,s2.467221060,s-1.499601901,s223.890939710
173_140,s-6.133152821,s5.489818973,s240.543816461
173_141,s-4.506054885,s5.591190489,s150.524330879
173_142,s-0.343100955,s5.818956241,s335.164267756
173_143,s-3.483380572,s7.196755469,s340.923378493
173_144,s6.739239524,s5.669353261,s154.828979810
173_145,s-3.194535683,s2.173669783,s125.397514650
173_146,s-1.691399616,s4.833763296,s258.368602555
173_147,s-1.863391600,s5.977736218,s97.951311344
173_148,s0.063199879,s2.710725555,s114.964104505
173_149,s2.474977912,s5.756839893,s96.958529380
173_150,s6.625890634,s6.461967411,s161.329399618
173_151,s5.498344476,s1.953612420,s109.138411518
173_152,s5.749475636,s6.694511940,s84.125914035
173_153,s1.695480835,s7.265141236,s242.347326355
173_154,s-7.314188946,s6.990212313,s225.642259703
173_155,s0.114828602,s3.629101615,s221.278872791
173_156,s-7.103962217,s4.785873820,s344.400561108
173_157,s-0.054124180,s4.812157658,s182.455130942
173_158,s3.649367705,s7.386803905,s58.266942249
173_159,s-4.725214579,s6.496001551,s48.831085184
173_160,s5.956636751,s5.916404552,s312.995862130
173_161,s-0.932429122,s5.792583722,s121.636827740
173_162,s1.126927568,s7.128946868,s126.048607812
173_163,s0.273455238,s6.380879117,s240.465313861
173_164,s2.577405708,s3.556956474,s87.924738225
173_165,s7.479179354,s2.054861787,s44.248180354
173_166,s6.684608979,s3.166768584,s303.559074559
173_167,s3.496379078,s6.904013853,s192.863227912
173_168,s-5.276546990,s5.821427137,s38.372902188
173_169,s-6.247377140,s7.083857159,s269.561823882
173_170,s-7.331086365,s5.943440941,s25.996244055
173_171,s-7.390799908,s7.382335328,s159.405131841
173_172,s0.959721536,s5.352743633,s71.929147192
174_0,s-5.674117161,s-1.463369952,s11.116401661
174_1,s-7.794992369,s-1.357690646,s130.201516447
174_2,s0.005982127,s-6.327825501,s337.310765337
174_3,s-5.503288294,s-5.410417601,s343.878691254
174_4,s3.081256969,s-7.840134897,s198.861158131
174_5,s-6.203163746,s-0.555090954,s61.003311541
174_6,s-1.094553658,s-5.266235185,s307.071994501
174_7,s0.344793789,s3.766248829,s238.306749615
174_8,s5.613180392,s-1.490303933,s309.154508868
174_9,s5.040066223,s-5.753417317,s196.901510044
174_10,s3.276765568,s-2.631271718,s204.376521690
174_11,s6.178333246,s-7.518686397,s346.936632885
174_12,s4.655044047,s0.466801187,s66.485675802
174_13,s7.746473427,s-5.212599800,s276.173825375
174_14,s-7.005659189,s-4.553953123,s92.789458837
174_15,s-1.113023022,s0.488824815,s75.097171355
174_16,s-5.832683830,s1.468810475,s49.553597406
174_17,s-1.303673068,s1.262436051,s103.442651796
174_18,s3.248709134,s-5.016017687,s82.487701470
174_19,s-5.437618656,s-7.190196476,s279.034783908
174_20,s3.329701655,s-3.807676082,s256.155114935
174_21,s1.262501434,s-4.487963705,s38.723824627
174_22,s2.471682729,s-0.083664589,s292.345818160
174_23,s5.311289537,s-7.655251419,s128.353346735
174_24,s7.675818920,s-1.528894482,s92.613339034
174_25,s6.459661220,s-0.415341477,s129.927733955
174_26,s7.494766454,s-3.871551587,s187.837508774
174_27,s3.773324423,s-6.576638221,s152.611173079
174_28,s-7.897455209,s-4.488072106,s152.127944277
174_29,s-2.870896439,s-3.109112224,s321.538437410
174_30,s-6.813180746,s-3.667857051,s312.254119692
174_31,s-4.644852652,s-0.397473504,s93.122544694
174_32,s-1.515800714,s-3.455440166,s319.846936733
174_33,s-3.089763856,s-6.821331743,s219.849147551
174_34,s3.223949777,s3.755523826,s47.593845513
174_35,s2.187742893,s-7.039254847,s331.952138194
174_36,s-3.190166310,s-5.684334934,s166.782833493
174_37,s3.096953507,s-1.246618945,s341.894355833
174_38,s6.453329770,s-0.875884339,s83.261007136
174_39,s-2.282245255,s-4.116774416,s45.320245279
174_40,s5.292672290,s-2.776336458,s349.568699343
174_41,s7.233815689,s0.994029181,s280.461351079
174_42,s-7.556061156,s-2.443556145,s60.966966181
174_43,s-7.505472197,s2.854199566,s150.331494067
174_44,s-4.503492538,s-7.782495242,s223.874997361
174_45,s-0.149014258,s-3.493583289,s155.144228180
174_46,s-7.567170889,s-6.741750686,s24.426339237
174_47,s-1.794471891,s1.818347385,s250.763422621
174_48,s-0.991457825,s5.016656750,s11.276443031
174_49,s3.288597310,s2.409839879,s290.442822729
174_50,s-4.455304211,s0.395432832,s308.973322277
174_51,s7.282275757,s-6.873103263,s91.298119460
174_52,s5.830465798,s0.370896929,s140.127811574
174_53,s-1.592775458,s-4.437967789,s114.130591156
174_54,s6.271324475,s-6.323086247,s349.578710950
174_55,s3.346086451,s1.228492740,s292.566955850
174_56,s-7.726886139,s7.559663815,s347.697366240
174_57,s-7.160338574,s1.887814866,s189.919840063
174_58,s-7.146838855,s3.253414234,s51.353195490
174_59,s-4.577584424,s-5.992214362,s269.240453889
174_60,s-6.288428500,s6.037786342,s313.170847829
174_61,s-4.848284729,s-2.960573238,s271.510026591
174_62,s-3.563465290,s-1.016899361,s214.461423469
174_63,s-6.694905643,s-2.646215269,s62.891189620
174_64,s7.706870017,s0.342352742,s154.032214736
174_65,s7.632859906,s-0.309926245,s330.763776623
174_66,s2.316908105,s0.764344176,s44.663447875
174_67,s4.116321834,s-5.098106830,s223.188406912
174_68,s7.623222342,s2.418990089,s269.613651723
174_69,s2.079176348,s-2.946302491,s204.403640698
174_70,s-3.304181066,s1.055089788,s326.459644383
174_71,s-7.906534022,s-0.179717545,s230.881575995
174_72,s-7.630406349,s4.091029620,s357.168906688
174_73,s-1.709703500,s-6.561480576,s37.391122663
174_74,s-2.760154290,s2.224945458,s95.622502083
174_75,s-0.287982530,s6.286332542,s233.207225282
174_76,s4.772950130,s2.184703463,s190.685806166
174_77,s1.145048642,s1.065525537,s222.259779736
174_78,s0.524800073,s0.820262096,s301.870268218
174_79,s5.479187129,s7.667217284,s267.865942868
174_80,s-2.818430308,s4.766298265,s358.190298100
174_81,s2.919473875,s1.512114765,s55.380899556
174_82,s1.760335146,s-6.443010873,s35.905623431
174_83,s1.683153384,s2.528299037,s198.669664656
174_84,s-6.720619343,s6.239636131,s296.184614711
174_85,s-4.726575774,s1.385536727,s123.741522482
174_86,s-3.960910946,s-2.052426038,s133.879211345
174_87,s-0.367230241,s-1.995735105,s131.870440902
174_88,s-4.519004983,s3.992837134,s257.457191228
174_89,s-7.054734574,s-0.474200346,s264.299035522
174_90,s2.125579316,s1.655377930,s245.158442001
174_91,s-1.089818163,s7.479607008,s167.033370366
174_92,s7.165290901,s3.468230146,s237.259000501
174_93,s-2.245544021,s6.737104007,s324.826632350
174_94,s4.671708895,s2.724228520,s138.535421505
174_95,s6.183796029,s7.193345240,s131.952426714
174_96,s4.107871560,s7.376577978,s161.302459633
174_97,s4.053027508,s7.640192064,s290.173445455
174_98,s-5.559017955,s-4.504698601,s32.701268013
174_99,s-2.273367486,s5.296267953,s1.432125098
174_100,s-2.204926488,s-2.240366363,s334.968254055
174_101,s-5.672844303,s6.541015934,s303.224636753
174_102,s-3.057394751,s5.555407634,s137.686820018
174_103,s-3.799817153,s-4.684219031,s285.080712459
174_104,s4.136700977,s2.527829466,s32.586684610
174_105,s-0.527454425,s4.480313660,s338.209208178
174_106,s-1.460855995,s2.461226302,s87.055979939
174_107,s-0.296744043,s0.506679866,s145.153086419
174_108,s-3.053600615,s1.990840586,s244.567590837
174_109,s4.423927967,s6.002475959,s157.726731549
174_110,s6.886167510,s6.179374339,s112.243525212
174_111,s4.946229651,s-1.454351792,s64.350032368
174_112,s-7.730026160,s6.570455821,s3.424096750
174_113,s-7.976233236,s6.396896060,s37.498136646
174_114,s-0.565892847,s-0.312087479,s222.115469439
174_115,s-1.556280349,s3.389097314,s196.059898502
174_116,s-1.734787923,s7.801405552,s5.892417348
174_117,s4.579289637,s4.505573866,s285.103365330
174_118,s2.197335401,s3.760496875,s22.538827856
174_119,s5.435865074,s3.059857894,s161.973879965
174_120,s-3.793233772,s6.835115846,s346.814755684
174_121,s3.008525107,s2.686536313,s12.590235170
174_122,s3.311971278,s6.209186790,s46.333012169
174_123,s-7.408156970,s5.695921688,s350.450237398
174_124,s6.079007873,s3.387755224,s205.586957860
174_125,s4.334840044,s7.162016636,s236.106035173
174_126,s-7.706703963,s4.688077600,s145.463555105
174_127,s-7.466346935,s5.051692354,s348.170895860
174_128,s3.516552578,s4.934098767,s7.540014098
174_129,s-5.633931037,s2.247742485,s263.343281997
174_130,s-2.754854605,s4.261725558,s297.201207158
174_131,s0.496911957,s5.731368286,s328.602103392
174_132,s-1.158330072,s6.341812258,s289.703952741
174_133,s2.645206534,s3.835771972,s10.676125343
174_134,s1.456220716,s6.777053603,s148.857062515
174_135,s2.736168687,s7.528818482,s96.780549327
174_136,s6.743807853,s3.171682636,s229.741144279
174_137,s2.605144900,s5.122171040,s335.408197134
174_138,s3.410471128,s3.826756037,s334.339451229
174_139,s6.106363414,s6.017053562,s50.199979139
174_140,s-7.753713076,s7.745343580,s99.886223877
174_141,s-4.459218558,s3.178114042,s224.998569748
174_142,s-5.137521628,s7.430223868,s161.239187065
174_143,s-1.321880309,s5.505882411,s278.959339428
174_144,s-4.223871981,s6.384732538,s103.369571985
174_145,s-7.041956413,s6.912329730,s315.053017141
174_146,s1.987276861,s5.516192345,s4.643290214
174_147,s-1.041056647,s7.027533082,s345.709117605
174_148,s0.497620871,s7.661909313,s210.743351198
174_149,s4.578851123,s7.716648904,s301.717008550
174_150,s6.912502044,s1.923783394,s266.697776760
174_151,s1.434662491,s7.690728985,s225.278713298
174_152,s4.219892192,s6.362325704,s100.786410688
174_153,s5.294232841,s4.755418589,s285.255912072
174_154,s-3.646167768,s4.885234626,s28.658638802
174_155,s-2.224215368,s3.010690275,s232.338397447
174_156,s-1.320445488,s3.730791542,s21.580391136
174_157,s-0.806407730,s6.536911178,s221.271898867
174_158,s1.912089865,s7.724258094,s319.364099652
174_159,s-0.756098947,s-2.928330924,s108.300110739
174_160,s7.448543828,s6.397024732,s293.999835402
174_161,s0.941718821,s4.818815063,s326.983540196
174_162,s0.109694979,s7.720914634,s171.063086901
174_163,s1.202818838,s6.056337373,s275.874559301
174_164,s7.170475542,s6.497309702,s44.576355772
174_165,s6.045720887,s6.964000587,s25.893813365
174_166,s7.608809846,s7.529236792,s38.611555338
174_167,s7.679643596,s5.600150432,s232.195819187
174_168,s-3.584347122,s7.098539866,s41.593513139
174_169,s-6.236981843,s7.767546133,s70.300317737
174_170,s-0.451129331,s5.008194533,s66.795373720
174_171,s-3.999018549,s7.819554162,s330.478673090
174_172,s-6.897370119,s2.702559936,s57.324127165
174_173,s-3.261752798,s6.353848413,s350.267256653
175_0,s-7.409865587,s-6.278685141,s286.886444736
175_1,s-7.268969759,s-2.790578244,s141.580152552
175_2,s-4.392923432,s3.031941196,s273.458175394
175_3,s-7.131179007,s-7.375801833,s150.344898936
175_4,s-4.259433122,s-6.073340515,s174.472588790
175_5,s4.000109647,s-7.330460777,s28.657738527
175_6,s-2.574115167,s-7.105442990,s93.090494860
175_7,s-0.741602608,s-5.371875363,s55.018677883
175_8,s4.957491896,s-6.264242501,s202.414546403
175_9,s1.318300127,s6.352608531,s221.386709337
175_10,s-6.088102038,s-6.580915252,s193.285666284
175_11,s6.126822455,s-2.461480837,s85.195656128
175_12,s5.445654942,s-0.372710963,s122.481500909
175_13,s6.225810963,s0.510985181,s109.123894715
175_14,s-4.566013832,s-0.615628557,s313.609501185
175_15,s-3.452517654,s-0.293517051,s359.062278526
175_16,s-2.065247474,s-5.241790786,s128.518954262
175_17,s-0.761196428,s-4.103652535,s312.465874369
175_18,s3.933319927,s-6.459139714,s344.353490434
175_19,s2.182434441,s-6.559167382,s193.725175376
175_20,s2.215874618,s-3.771222200,s279.179270043
175_21,s0.774515719,s-4.323415380,s280.357196763
175_22,s7.431137184,s-7.517733257,s278.108546102
175_23,s-0.510664271,s-6.987867371,s276.694663438
175_24,s6.223860524,s-4.554295433,s15.880738392
175_25,s4.697775298,s-1.088485561,s217.944575507
175_26,s7.545608399,s-5.938857373,s125.772469139
175_27,s5.622617828,s-7.197077531,s176.077616033
175_28,s-7.461055125,s1.602958324,s75.272415052
175_29,s-6.796740585,s-0.877233224,s330.121093402
175_30,s-4.695343071,s-1.528693113,s14.401963663
175_31,s-6.117026159,s-4.931699491,s267.521142918
175_32,s-5.087361224,s-1.835502763,s27.362248102
175_33,s-5.063589351,s-4.158964768,s135.140463743
175_34,s-2.428139084,s-0.642169257,s70.932350755
175_35,s2.903392831,s-1.481446240,s83.825515200
175_36,s-1.965724916,s0.195676679,s78.905859884
175_37,s-4.727552599,s-4.530381145,s294.014740366
175_38,s-3.555141878,s-1.395835444,s357.240929651
175_39,s0.975110840,s-5.439734241,s225.717316707
175_40,s7.545608399,s-1.040149292,s239.480218107
175_41,s7.455087031,s2.339764653,s172.060786813
175_42,s-7.590217786,s-3.999852666,s135.581799792
175_43,s-7.606323799,s-2.840458456,s134.348566265
175_44,s-2.404177829,s2.739442037,s244.322679943
175_45,s6.988528169,s-5.728055968,s237.099616846
175_46,s-2.400882931,s0.561671926,s112.038124157
175_47,s-1.574513221,s4.164920851,s102.626151351
175_48,s0.808324836,s-1.092563462,s212.840640685
175_49,s7.208263468,s1.508056105,s109.951859233
175_50,s-4.563929722,s6.799671098,s1.948335616
175_51,s7.545608399,s-3.213640498,s164.375122987
175_52,s7.487699602,s0.427106535,s138.016510508
175_53,s-1.088822307,s-6.053995970,s38.124625455
175_54,s7.058292393,s-4.299312363,s319.332758620
175_55,s6.605149834,s1.486200324,s41.749363412
175_56,s-1.750967159,s3.486101261,s54.731137484
175_57,s-7.144940568,s-1.645704192,s242.801473059
175_58,s-4.730261417,s-2.362389481,s79.815404609
175_59,s-5.159247160,s-3.587850279,s18.213925614
175_60,s2.708681938,s-0.727163727,s71.886581653
175_61,s-0.825374157,s-0.695415355,s188.806228596
175_62,s-0.815146215,s-2.722973746,s90.551722568
175_63,s-0.113983806,s-1.098211113,s277.736282040
175_64,s4.538935515,s3.063196182,s29.303267558
175_65,s4.159255010,s0.779217970,s194.618882544
175_66,s0.255485917,s-7.108839903,s338.959786556
175_67,s4.733146207,s4.496299369,s59.178872416
175_68,s3.565921129,s2.595619858,s17.062957026
175_69,s7.161587756,s1.065994234,s298.922235333
175_70,s-7.505278880,s2.326929302,s327.431732887
175_71,s-3.777509469,s0.652026596,s257.840531339
175_72,s-5.614486844,s-2.099150521,s72.265236858
175_73,s-6.524032650,s-0.003940019,s314.906048714
175_74,s-2.493961436,s-1.727082042,s21.720152297
175_75,s-4.257658323,s7.486187725,s139.265985327
175_76,s-4.053656082,s-6.503783225,s266.854275300
175_77,s1.658613185,s0.282328545,s208.911734538
175_78,s3.364641347,s5.350159624,s160.533556194
175_79,s5.605222536,s-1.124257355,s251.234230092
175_80,s0.400552264,s4.674202595,s108.931597278
175_81,s4.494055296,s7.217600417,s293.732789787
175_82,s-0.994664451,s-3.520440576,s36.334388644
175_83,s4.604564918,s-0.384100295,s282.969977732
175_84,s-1.684458399,s-6.427848915,s309.648237682
175_85,s-7.504872687,s4.245643525,s29.333030617
175_86,s-6.112709854,s2.437324439,s22.204708100
175_87,s4.407125580,s2.419416702,s174.175951051
175_88,s-6.494184112,s2.214558472,s91.767161608
175_89,s-5.253623662,s7.192816298,s272.595512603
175_90,s-3.874730772,s1.965797553,s180.971973914
175_91,s2.975494664,s6.382706893,s260.070385491
175_92,s-4.401311130,s2.242545372,s16.532387099
175_93,s3.999518105,s-5.963132994,s348.460648444
175_94,s6.344321869,s7.466948545,s290.841219031
175_95,s1.246631584,s-2.742337694,s120.813143943
175_96,s7.417364375,s3.718048303,s179.648125980
175_97,s6.642487311,s6.343960031,s75.486156950
175_98,s-6.704213719,s4.219159032,s151.622113446
175_99,s-7.503766395,s7.544516239,s311.157145008
175_100,s-7.026807998,s0.835182551,s82.735628530
175_101,s0.020667235,s0.220685390,s67.051193779
175_102,s-6.426799920,s6.358701833,s293.730978124
175_103,s-3.347034793,s4.764002677,s243.675361970
175_104,s-0.845779382,s1.877953271,s183.915115594
175_105,s5.482749729,s4.885735285,s48.818057716
175_106,s7.481181702,s6.925467183,s216.147375704
175_107,s1.192529374,s4.550680001,s137.493957142
175_108,s6.704186798,s5.377413848,s53.882090372
175_109,s2.242470901,s-0.293662929,s45.595735951
175_110,s5.268524080,s6.473513337,s47.908377081
175_111,s2.482272281,s6.591560709,s275.273371835
175_112,s-6.621566269,s1.452490249,s38.547219061
175_113,s-6.882731475,s5.139360790,s166.050748260
175_114,s-5.791565986,s0.197506506,s291.229954894
175_115,s-0.851714650,s0.695405753,s335.790544705
175_116,s-7.223183072,s5.272967177,s18.068310370
175_117,s-5.178705295,s1.092588386,s333.145412086
175_118,s5.584724026,s4.391016790,s282.893492943
175_119,s1.763488657,s2.130376328,s44.004913761
175_120,s0.060770635,s5.856049092,s127.869202304
175_121,s6.103638632,s2.828223476,s23.963780403
175_122,s-0.276516266,s6.140357344,s288.372885266
175_123,s5.125961119,s-5.033503783,s237.716364267
175_124,s7.545608399,s7.579107855,s81.497892138
175_125,s2.328219868,s7.259549473,s118.505380063
175_126,s-4.829835718,s2.571686203,s74.782933090
175_127,s-5.478303389,s1.418821355,s357.041231726
175_128,s-5.497372507,s6.712146565,s115.586145633
175_129,s-5.141434398,s3.767225658,s125.376522220
175_130,s0.410617630,s7.589080352,s67.124256622
175_131,s-4.181603780,s-0.080041940,s343.276568762
175_132,s2.763728617,s5.224604009,s147.617045271
175_133,s0.267974162,s7.186443106,s18.212381141
175_134,s-5.953785189,s4.399319662,s341.056567856
175_135,s3.884895112,s5.143975496,s32.240656803
175_136,s-1.127495938,s5.319679661,s134.731658779
175_137,s5.197339478,s5.134122808,s58.362851223
175_138,s0.757889558,s-0.770283826,s100.444459329
175_139,s6.113096878,s7.419848977,s91.046887922
175_140,s-6.418382678,s7.070506903,s43.603518405
175_141,s-1.447454891,s4.553540651,s63.025320054
175_142,s-3.798227948,s0.747865128,s242.066490200
175_143,s-6.094216817,s3.795436414,s195.125448119
175_144,s-2.923506896,s6.921488724,s252.802258073
175_145,s-2.563385776,s1.386439775,s57.108014120
175_146,s0.211377663,s4.377444684,s330.249161638
175_147,s6.689338688,s4.627122137,s208.765054369
175_148,s3.039242702,s0.300133593,s220.007030804
175_149,s3.593306933,s3.341120736,s285.565536783
175_150,s1.488659993,s7.579358533,s229.914467523
175_151,s3.135761107,s4.385858787,s332.264030496
175_152,s3.546163099,s7.515755891,s293.306731072
175_153,s5.971299050,s4.271590873,s168.204137397
175_154,s-2.823742726,s3.611421678,s81.258322300
175_155,s-3.376355490,s2.651409583,s224.261789883
175_156,s2.880617120,s2.658135540,s279.645299215
175_157,s-4.957110550,s5.826043345,s93.063182371
175_158,s-0.595365419,s7.563750199,s221.342388166
175_159,s-0.148808503,s4.404292536,s83.079812314
175_160,s-1.727046347,s5.905061963,s326.823139261
175_161,s0.750402351,s6.214054612,s257.462907125
175_162,s6.113239132,s5.399702861,s154.097384527
175_163,s2.361287733,s7.120369662,s94.859001664
175_164,s0.792569970,s0.768288166,s231.010371549
175_165,s7.488862739,s4.121617828,s5.777872849
175_166,s6.570813391,s2.785285628,s315.705426543
175_167,s6.161239303,s5.904571708,s65.544832769
175_168,s-5.337791588,s5.212114703,s13.146792154
175_169,s-5.699767887,s7.430743179,s321.525281535
175_170,s-6.125006823,s7.516709331,s290.277004291
175_171,s-2.499246756,s5.772830046,s2.392833568
175_172,s-7.617010039,s6.215833145,s242.116292258
175_173,s-4.364917645,s6.103139614,s238.318035859
175_174,s-2.197924755,s6.571247181,s199.608627645
176_0,s-6.350510678,s-2.090668007,s291.182735557
176_1,s-5.518561775,s-4.344709675,s92.991561297
176_2,s-6.479389461,s-6.635433136,s50.751675048
176_3,s-2.626406348,s-5.812642557,s36.783306109
176_4,s-0.163695594,s-4.653765798,s322.591179270
176_5,s2.804660938,s-5.833978589,s148.271115801
176_6,s-3.782496036,s-3.126572234,s179.585256784
176_7,s2.753603561,s-7.169147504,s320.776353620
176_8,s0.445985762,s-3.376012465,s180.298913613
176_9,s0.793271759,s0.273257634,s23.715501105
176_10,s2.981460700,s-0.446300348,s146.334833208
176_11,s1.406579869,s-1.871702724,s64.696950689
176_12,s0.210523331,s-1.806543930,s358.819180517
176_13,s2.074747028,s-2.260646010,s138.406049097
176_14,s-6.373824884,s-4.448742109,s113.505459252
176_15,s-6.926969961,s-4.682717787,s158.061186666
176_16,s-7.072167345,s-2.177844431,s261.355219032
176_17,s-5.732570437,s-3.657344451,s354.589817830
176_18,s-6.788565888,s0.260341358,s144.002829546
176_19,s-6.321398032,s-6.196330308,s64.552279067
176_20,s-1.150945586,s0.112824845,s273.532664068
176_21,s-2.936857513,s-6.922920007,s80.968088978
176_22,s-2.738865130,s-0.613174293,s157.683810618
176_23,s-0.930142839,s-3.193087638,s231.277194740
176_24,s7.145483001,s1.279261142,s323.327897388
176_25,s6.508275614,s-5.264903004,s225.478436043
176_26,s6.689540800,s-6.735452943,s87.639728308
176_27,s6.978387406,s0.662268225,s92.894547038
176_28,s-0.812480906,s1.217747975,s77.298220002
176_29,s-4.242555577,s-6.228997400,s201.272484571
176_30,s-1.343506719,s0.440906731,s269.259161804
176_31,s4.321431215,s-3.728433483,s297.491186210
176_32,s-2.956127251,s-2.267634012,s249.841175117
176_33,s5.956771955,s-7.147103411,s158.804423381
176_34,s1.438806378,s4.081257783,s14.407733673
176_35,s-3.374046530,s-0.245018068,s228.707901867
176_36,s-0.207970681,s-2.305966865,s332.092000172
176_37,s0.264722113,s-1.301411513,s41.511168351
176_38,s2.796938458,s2.184155874,s318.039699428
176_39,s3.794090031,s-2.616147702,s152.626319928
176_40,s6.089266490,s-4.756648764,s348.371599752
176_41,s2.198613054,s-0.786690981,s43.118939812
176_42,s-2.979723546,s0.793750300,s103.983740833
176_43,s-1.797683218,s-5.035134369,s157.332207433
176_44,s-1.302168926,s2.710154890,s39.618828689
176_45,s-7.029284672,s0.606612016,s156.050340367
176_46,s-4.601014473,s1.478834884,s53.593598494
176_47,s-1.688877591,s1.396227895,s53.028801474
176_48,s-2.559429799,s-3.757902559,s213.557997718
176_49,s0.577165046,s-6.270709186,s294.514423456
176_50,s0.941797935,s0.216908198,s187.043648783
176_51,s-4.583610903,s-1.284255639,s217.779956428
176_52,s3.309524652,s-4.386940387,s50.365432495
176_53,s-0.395843655,s5.360572932,s15.463585988
176_54,s3.125495649,s-2.555868686,s255.195095967
176_55,s4.759568201,s-1.891224989,s304.997647692
176_56,s-7.072167345,s5.411270767,s235.139281766
176_57,s-4.249321204,s-4.933012981,s355.111830975
176_58,s4.462933806,s0.140113021,s264.713826945
176_59,s-6.869936204,s-1.124601938,s100.377664366
176_60,s-3.988760034,s3.497148957,s5.332381467
176_61,s-5.845995567,s2.964059935,s108.970554650
176_62,s0.647963270,s-0.235726263,s147.211639819
176_63,s-4.570962496,s2.147548889,s240.327846956
176_64,s-0.073800661,s0.976138826,s51.210668005
176_65,s6.727601346,s3.289326581,s185.754025543
176_66,s2.252028137,s0.111247349,s280.471890762
176_67,s0.304635672,s4.348924275,s58.129699243
176_68,s5.908334382,s1.431701892,s224.525267284
176_69,s1.749584647,s1.897701143,s59.966582745
176_70,s-6.263524825,s1.931215376,s163.603883040
176_71,s-6.541996125,s-1.758774550,s39.098037717
176_72,s-2.313823129,s2.144269636,s19.243838674
176_73,s-1.881047650,s4.261885574,s236.064220366
176_74,s-1.726311462,s-1.965106243,s200.306885191
176_75,s-2.201979625,s3.267403668,s148.337086742
176_76,s-3.902110423,s2.062097769,s226.884265566
176_77,s6.631759452,s1.428290066,s43.893888267
176_78,s-0.174709052,s-3.195802121,s221.447828678
176_79,s4.016982567,s4.637314456,s73.445277993
176_80,s0.447109165,s5.104060133,s46.265565653
176_81,s3.789636321,s-0.740047497,s85.165412118
176_82,s5.617779546,s-5.767787433,s157.672299114
176_83,s7.084253044,s-4.405506724,s86.775754583
176_84,s-6.747470302,s-5.595142242,s152.109003271
176_85,s-5.646049517,s-1.296109030,s54.947506617
176_86,s5.346189478,s2.258425180,s294.326622503
176_87,s-5.235990169,s-2.979789760,s203.340394666
176_88,s-0.973736581,s-1.338290573,s213.805897631
176_89,s5.377656511,s4.444075609,s62.954639504
176_90,s-2.485440390,s5.064112442,s349.113781157
176_91,s4.298891025,s-4.457481503,s106.739998302
176_92,s5.318606013,s0.815062684,s346.126006596
176_93,s-0.154953787,s3.787108737,s53.053248362
176_94,s4.044526277,s4.316754532,s341.763680920
176_95,s6.182115537,s6.972932320,s249.206297696
176_96,s2.219663138,s6.969439391,s134.984501318
176_97,s5.856721583,s4.986367807,s4.730840845
176_98,s-4.687540157,s5.984849576,s141.617055052
176_99,s-6.924662183,s5.746358168,s113.128838986
176_100,s-6.190479779,s2.984447547,s41.803473829
176_101,s-5.511145068,s0.419149172,s345.705195907
176_102,s-3.188223684,s2.974139550,s13.930412920
176_103,s3.452327067,s6.500822239,s13.229091708
176_104,s7.210462121,s-1.871034903,s135.803237111
176_105,s1.251803086,s2.671435740,s210.306053148
176_106,s2.554086469,s0.381610882,s224.969208271
176_107,s5.630040870,s-2.576025872,s296.323035150
176_108,s-3.433690149,s7.002092823,s2.029839868
176_109,s7.216924839,s6.914502119,s71.480724139
176_110,s-1.475174349,s4.885574479,s116.537342776
176_111,s4.234684461,s4.949229593,s53.297748320
176_112,s-2.213207238,s-2.778822420,s227.159298816
176_113,s-0.377829062,s3.382970394,s68.399800775
176_114,s0.890052593,s6.151172175,s303.789903873
176_115,s-3.925212405,s1.060064560,s340.202723952
176_116,s5.633008399,s6.300708234,s84.074101349
176_117,s0.819671885,s1.691528189,s275.344161822
176_118,s4.976679728,s1.783373072,s299.463882029
176_119,s4.776505516,s6.605098447,s156.210976141
176_120,s7.047407285,s-2.916564441,s235.882864410
176_121,s-6.942772076,s-0.156048952,s105.649062771
176_122,s3.398017411,s5.440686607,s196.183861213
176_123,s4.354975484,s3.934309711,s128.627432425
176_124,s6.446626915,s-1.547872097,s85.076707404
176_125,s-1.464502955,s3.416477687,s359.303120918
176_126,s-6.653001289,s6.376200807,s225.856115783
176_127,s-5.714652620,s6.902274862,s186.198271227
176_128,s-4.272316307,s6.851182604,s270.032838250
176_129,s-6.888028017,s4.907040943,s250.453326090
176_130,s-2.987547256,s2.668470983,s257.819919479
176_131,s-7.030637475,s3.730722676,s243.738809567
176_132,s-4.026389310,s5.759257750,s260.207824337
176_133,s2.056193397,s3.110880795,s107.260396934
176_134,s0.997931036,s6.841041257,s233.389561792
176_135,s0.265322179,s5.916098535,s153.031267075
176_136,s5.940222346,s0.619242888,s350.378876054
176_137,s4.664646022,s6.653957393,s51.762147984
176_138,s2.461353712,s5.431342386,s303.376462125
176_139,s3.887443556,s2.494048504,s37.580113459
176_140,s-3.007541586,s4.558673505,s349.154671018
176_141,s-4.184468513,s-0.135630322,s161.578377548
176_142,s-0.251034021,s1.308212171,s268.007486225
176_143,s5.889416719,s-0.229279455,s93.444356829
176_144,s-3.885601964,s5.255518956,s29.378425730
176_145,s1.829635172,s4.365416614,s95.832835707
176_146,s-1.090614262,s4.521022019,s71.257966172
176_147,s2.094487253,s6.505063951,s247.597060608
176_148,s5.948191539,s3.856707577,s23.977540110
176_149,s-1.486166670,s6.942035679,s145.031506502
176_150,s7.198480823,s4.710607877,s220.038035491
176_151,s6.030934973,s6.928451623,s194.042229141
176_152,s3.248751242,s1.919765472,s129.306303675
176_153,s7.238519480,s2.771437944,s30.785736423
176_154,s-5.424151715,s-0.351765399,s27.686842161
176_155,s-6.966519722,s7.101713519,s8.471571109
176_156,s-1.725038826,s7.101713519,s81.824568729
176_157,s0.162583170,s7.013744595,s112.436111640
176_158,s-1.763312794,s5.953248365,s331.877334362
176_159,s-5.751218285,s5.752939000,s227.697915264
176_160,s-6.704918089,s0.887171435,s40.296075933
176_161,s0.924309663,s5.217104131,s171.820608848
176_162,s2.732178244,s7.071679631,s299.669223888
176_163,s5.233114041,s6.640734044,s113.293723855
176_164,s0.442515073,s1.184107669,s345.149133118
176_165,s6.050762110,s2.339510929,s304.246141222
176_166,s2.571562690,s4.044510704,s158.009354542
176_167,s6.968284358,s6.312490299,s50.561304880
176_168,s-2.440612996,s6.857372347,s213.506979180
176_169,s0.434414769,s6.803556100,s1.144068765
176_170,s-3.339529640,s4.893941037,s198.024316440
176_171,s-4.583157991,s5.199510330,s68.604110953
176_172,s-0.577947906,s7.006130241,s175.402021078
176_173,s2.366391452,s5.721792657,s32.824776025
176_174,s4.066515820,s6.914065212,s293.020607208
176_175,s-1.900944335,s5.247834556,s170.153311564
177_0,s-5.805914596,s-5.985618090,s292.187407187
177_1,s-6.854259835,s-7.003731287,s49.382210633
177_2,s-3.366757532,s-4.889339253,s150.302978335
177_3,s-3.025135119,s-7.735868229,s86.997594477
177_4,s-0.354294816,s-4.235569351,s346.281705794
177_5,s-2.700595204,s-6.968622218,s233.187923901
177_6,s4.810790570,s-6.421203546,s44.370780929
177_7,s-4.523216352,s-4.533141481,s290.877567305
177_8,s4.839726447,s3.337015651,s43.291512734
177_9,s6.945411184,s-5.184524195,s47.069050783
177_10,s6.925527737,s-4.013358216,s287.776065404
177_11,s1.600583029,s-2.245681593,s290.704633436
177_12,s6.778737469,s-6.834658223,s91.969555490
177_13,s4.530094585,s-4.688194796,s62.986981248
177_14,s-5.497696306,s-7.460158262,s270.802743932
177_15,s-5.177249952,s-2.188724405,s221.233815728
177_16,s-8.039428120,s-6.196558801,s39.665468497
177_17,s-4.186646985,s-2.026835584,s54.462729463
177_18,s-2.372519716,s-5.053192641,s231.560048652
177_19,s-1.531467238,s-1.405596414,s319.740553019
177_20,s-7.440688600,s4.552415984,s34.838891052
177_21,s-0.904739533,s-4.095231591,s174.920838113
177_22,s1.193280126,s-5.482672017,s4.045002569
177_23,s4.084407303,s-5.612457775,s36.964323091
177_24,s8.059689935,s-3.556411974,s228.784273773
177_25,s6.427357864,s-2.110334117,s323.819802432
177_26,s-0.610383659,s-2.430547006,s222.742871896
177_27,s4.790359024,s-5.157981883,s290.454657949
177_28,s-5.405105084,s-4.692576090,s72.552441953
177_29,s-4.592491478,s-5.867636900,s31.373657867
177_30,s2.426052027,s-7.639593414,s163.910289771
177_31,s-7.744475283,s-7.773651961,s0.256546803
177_32,s-3.313306343,s1.226762093,s5.989816376
177_33,s-0.055172339,s-8.077221286,s182.347277743
177_34,s-0.135389110,s-5.509964558,s166.211514116
177_35,s2.933715968,s-1.567256893,s73.581376618
177_36,s-1.147812628,s0.320505719,s63.407880770
177_37,s1.752857623,s-6.476429591,s347.201949659
177_38,s5.464387928,s1.911707622,s354.691353820
177_39,s6.001521051,s-7.223581223,s70.362815855
177_40,s6.503228344,s-0.107901023,s36.075111948
177_41,s7.979522396,s0.579923641,s307.164569823
177_42,s-7.987669611,s-2.176764854,s90.153348875
177_43,s-2.126027956,s-0.161360940,s21.410145159
177_44,s-6.787479059,s-4.275473796,s49.184071078
177_45,s-4.160970095,s-2.446694227,s248.693690680
177_46,s-7.889072265,s6.222014161,s350.080171543
177_47,s-0.301248226,s-0.075675384,s51.596223655
177_48,s-6.584610812,s-8.050981423,s328.435612029
177_49,s4.344021722,s0.776066917,s270.586683647
177_50,s0.833934787,s-1.769723028,s214.332766852
177_51,s8.002139336,s-5.969463448,s203.758498359
177_52,s7.813365435,s1.354728342,s59.809835584
177_53,s4.910002245,s-1.025187152,s271.667824340
177_54,s7.933182963,s-1.760500652,s81.769602195
177_55,s6.904686294,s-2.881410738,s242.132033146
177_56,s-5.955203735,s1.670130445,s134.418500730
177_57,s-1.697992414,s0.812341725,s140.977866832
177_58,s-3.218642224,s-6.475091803,s271.344205910
177_59,s0.872183724,s3.274205712,s94.017225652
177_60,s-3.236671259,s6.600468191,s233.686880765
177_61,s-4.933198589,s-1.685382279,s354.217060464
177_62,s-1.565849309,s4.385315095,s295.473463947
177_63,s4.387206021,s2.614915508,s222.402915054
177_64,s0.599801248,s8.204784261,s190.004373804
177_65,s-2.357848619,s-3.533821221,s175.717930833
177_66,s-3.144888078,s-4.243751761,s106.380043854
177_67,s3.804835532,s-0.214347496,s182.042559202
177_68,s7.815056047,s-0.380674724,s186.901942487
177_69,s5.915172627,s-4.620637376,s133.409396936
177_70,s-6.198047081,s-3.947538383,s9.185966253
177_71,s-5.841562340,s-1.051410114,s39.609614803
177_72,s-7.342290705,s-3.330131267,s329.448020699
177_73,s0.759152553,s0.916974211,s333.391022534
177_74,s-4.170679634,s-0.227033518,s257.778938917
177_75,s5.162857138,s5.157313796,s203.114956832
177_76,s2.486629383,s1.724876419,s87.020132314
177_77,s4.071636820,s8.095220605,s150.679405723
177_78,s-3.174169507,s1.005961564,s32.363063319
177_79,s-7.124570358,s3.764637620,s23.189602728
177_80,s5.592975772,s-0.542005464,s140.401534207
177_81,s3.041304874,s5.528236888,s201.075548239
177_82,s3.005393304,s3.772942445,s343.632686087
177_83,s3.664812839,s-3.023796591,s15.555497036
177_84,s-7.793997538,s2.101910508,s316.660987367
177_85,s-1.839859983,s2.645135100,s283.832118166
177_86,s-6.871698117,s1.469163652,s35.233775194
177_87,s-5.638992733,s3.657038282,s335.017594265
177_88,s-5.536262799,s2.477912540,s4.683893396
177_89,s6.574370182,s5.667700622,s352.712094024
177_90,s-8.144119171,s8.193519491,s82.385463654
177_91,s4.478604656,s6.897423723,s286.116087154
177_92,s3.580233436,s-3.878863232,s252.290337444
177_93,s4.829500135,s4.491268509,s87.288722458
177_94,s-0.807136761,s-6.309938855,s154.348680514
177_95,s-0.715850161,s0.155790644,s15.209004144
177_96,s3.264904566,s1.733124135,s278.667369569
177_97,s6.056256921,s3.233356973,s301.045297017
177_98,s-3.482970164,s-0.781779096,s323.864268709
177_99,s-4.029295555,s0.938214069,s85.257194953
177_100,s-5.942879438,s5.371455905,s15.511428238
177_101,s-5.648148841,s7.915239843,s24.528739967
177_102,s-0.521833036,s8.129815104,s338.974153236
177_103,s-4.004065196,s-1.040854727,s341.246626751
177_104,s-3.436133014,s6.937554186,s75.507244106
177_105,s1.515365350,s2.386538741,s330.132613397
177_106,s-2.826217890,s3.828072646,s304.732377411
177_107,s5.478156596,s6.091273688,s132.574574580
177_108,s-4.999465415,s4.587606354,s73.238364119
177_109,s6.267817230,s3.689996384,s11.273250505
177_110,s8.137437566,s3.307966066,s268.250693754
177_111,s7.917984584,s4.437295863,s179.572253092
177_112,s-8.107438705,s3.314918804,s107.266406645
177_113,s-8.115546309,s4.887349545,s43.566355856
177_114,s-8.093740851,s0.509526716,s99.022916714
177_115,s1.174288072,s-0.238593094,s133.587958861
177_116,s3.677081607,s8.092677776,s84.691853919
177_117,s-1.453510639,s6.359396347,s172.429443600
177_118,s-4.434577470,s1.488785161,s115.238808173
177_119,s2.376878120,s6.370649340,s140.023692016
177_120,s2.399340628,s6.967264549,s336.514072205
177_121,s4.181076050,s5.388512886,s249.263265008
177_122,s3.486231891,s7.774275490,s74.019116932
177_123,s-1.117533310,s4.495841441,s266.820147987
177_124,s7.237664433,s2.979032837,s17.163936363
177_125,s4.643062778,s8.196919652,s253.286800927
177_126,s-2.955156015,s2.816276722,s172.481908195
177_127,s-6.360514119,s4.680747307,s43.696334056
177_128,s-6.971946257,s7.673152664,s294.299150423
177_129,s0.778318539,s4.506979560,s104.403478367
177_130,s0.264181810,s1.349400911,s166.285459602
177_131,s7.087640172,s0.494004031,s296.763168016
177_132,s1.190121699,s3.860526794,s210.259711774
177_133,s0.313469487,s7.474919641,s268.015321694
177_134,s4.041964315,s3.691572642,s289.149747293
177_135,s6.002712164,s7.489334091,s222.480007645
177_136,s4.038279147,s6.901076467,s166.207569112
177_137,s7.985401710,s8.222445259,s57.992573410
177_138,s8.098215863,s6.648981055,s223.671850075
177_139,s5.902035503,s7.171632463,s358.319543874
177_140,s-0.292949115,s6.905823836,s254.820955906
177_141,s-3.556548386,s6.033686892,s327.442546177
177_142,s-7.933070317,s4.210194563,s22.187997125
177_143,s-0.774458153,s0.902911866,s115.181278153
177_144,s-6.830217937,s6.713950156,s154.937583153
177_145,s-2.881932557,s8.222445259,s93.343894528
177_146,s2.196866590,s4.109329781,s189.795677905
177_147,s3.221506871,s6.299434415,s133.414422367
177_148,s4.988735805,s7.262232495,s131.566689699
177_149,s6.659195296,s4.460641651,s171.097889538
177_150,s0.051721665,s5.223360182,s150.902180504
177_151,s5.726349499,s6.187205190,s349.341451760
177_152,s8.031422961,s6.413808767,s30.406146323
177_153,s7.667573557,s5.549740610,s303.723195677
177_154,s-4.070059080,s8.000616733,s333.841285169
177_155,s-5.673540678,s6.769612899,s109.951286323
177_156,s-5.301634118,s7.574303683,s113.497101181
177_157,s2.356862926,s7.995594453,s340.452468090
177_158,s-4.372384814,s5.254291621,s129.688900124
177_159,s-8.087945750,s7.575649714,s257.019029337
177_160,s7.302342355,s6.854969715,s215.865059153
177_161,s-2.558462829,s4.383550750,s205.389327693
177_162,s1.356883718,s7.737648811,s106.595463972
177_163,s6.831042616,s8.181347209,s52.488201538
177_164,s-3.022154804,s6.100636884,s285.168065761
177_165,s6.169833245,s7.799944771,s352.006536778
177_166,s7.749359798,s7.947523856,s13.066357585
177_167,s5.964722517,s8.084461530,s63.528192233
177_168,s-3.208187961,s4.904095453,s80.584578201
177_169,s-7.052627492,s5.741617818,s89.889553237
177_170,s-8.000180524,s7.200860206,s6.773611924
177_171,s-3.093658153,s6.524305785,s352.409575625
177_172,s-7.916887202,s6.445616739,s222.200103875
177_173,s-0.838023916,s7.922751719,s56.290118170
177_174,s-2.349357210,s6.932759789,s34.944026014
177_175,s-4.211904860,s3.638149760,s195.307574533
177_176,s7.805309751,s7.227217945,s137.668716881
178_0,s-5.022707757,s-7.121841142,s190.055352533
178_1,s-7.027884941,s-6.156967298,s99.357981853
178_2,s-6.556212339,s-7.623221363,s278.542898382
178_3,s-7.750185043,s-7.325792559,s115.529613099
178_4,s-3.177094494,s-5.540992752,s133.994857256
178_5,s-6.890446530,s-7.090075163,s74.198048553
178_6,s-1.865958572,s-5.478046458,s156.796184512
178_7,s-4.387646569,s-7.611863832,s9.173026175
178_8,s3.693619758,s-5.993027179,s152.961094677
178_9,s3.583782859,s-4.731542846,s48.147776716
178_10,s8.081714688,s-2.149576980,s209.905486541
178_11,s2.589142685,s-5.839544081,s229.448593594
178_12,s4.724236375,s-7.787572711,s307.195865307
178_13,s6.351506331,s-8.223830625,s22.598977135
178_14,s-6.980076720,s-3.519766015,s286.574261066
178_15,s-3.293434714,s-0.179407955,s356.878394036
178_16,s-8.177575396,s-5.350079392,s353.735671050
178_17,s-3.506664621,s-2.373887009,s338.555053789
178_18,s-6.402518428,s-4.970542517,s307.905621948
178_19,s-2.787332782,s-7.753870060,s278.432942844
178_20,s1.860493490,s-7.241568090,s192.477292801
178_21,s1.268822640,s0.720655423,s218.718145554
178_22,s-1.164424148,s-4.742917137,s206.280668693
178_23,s4.830330998,s-6.732979868,s57.916355030
178_24,s5.701993685,s-5.587072779,s123.787952814
178_25,s6.295596156,s-6.519138518,s98.111928524
178_26,s6.978123442,s1.078738504,s269.185665847
178_27,s3.164377895,s-3.994447277,s230.832345112
178_28,s-7.406825274,s-8.133558419,s138.964932189
178_29,s-2.589213730,s3.471293680,s296.356650782
178_30,s-4.496111601,s-2.179065290,s169.618522001
178_31,s-6.723535942,s-4.591827592,s174.579737423
178_32,s-3.793655289,s-0.270532647,s242.386552959
178_33,s-0.459986480,s-4.990467308,s321.792763889
178_34,s-3.082790069,s-7.264413084,s19.868400791
178_35,s5.712341894,s-2.158601627,s103.847676105
178_36,s-4.801571722,s-5.942933604,s232.068782132
178_37,s7.284335332,s-5.777425890,s99.621015086
178_38,s2.769888642,s-3.839525516,s338.817058506
178_39,s7.772871765,s-6.064827894,s152.043679831
178_40,s-5.249999183,s4.473151246,s244.161652918
178_41,s6.216313510,s-3.026636333,s50.624649316
178_42,s-6.437334685,s-3.718226797,s186.964921334
178_43,s-7.766440622,s-2.634054991,s233.891938590
178_44,s-1.968288728,s-0.411682973,s7.626991165
178_45,s-4.002203677,s-3.917357347,s182.938800993
178_46,s-7.908174900,s1.924202461,s151.412105812
178_47,s-3.450631818,s-3.333241412,s315.060411874
178_48,s-3.345270316,s-4.938352176,s273.157390888
178_49,s2.013787430,s-6.382415276,s166.011843038
178_50,s-0.322958304,s-6.748097184,s188.260978269
178_51,s-0.895435274,s-1.494193711,s131.563300483
178_52,s0.730003483,s-5.945999829,s161.385325232
178_53,s4.218554823,s-2.513350126,s58.061616415
178_54,s7.978724030,s1.506108455,s7.733156687
178_55,s7.668501903,s-1.657514729,s86.109013035
178_56,s-8.055203442,s-5.818381691,s299.177359403
178_57,s-4.606532997,s4.134115245,s29.281491752
178_58,s-8.042022049,s-0.034952676,s161.097640868
178_59,s-6.741054388,s2.824952956,s139.293359991
178_60,s0.498282507,s6.761223496,s73.975825676
178_61,s-8.040602327,s-1.922748961,s152.556858774
178_62,s-7.145376050,s1.212318073,s295.266744465
178_63,s0.980914642,s0.354448577,s97.112787747
178_64,s3.893579513,s-1.433292660,s192.459118852
178_65,s-1.908450187,s-3.034507454,s305.016145928
178_66,s6.184804649,s2.839664441,s215.273855310
178_67,s6.967237458,s0.288330256,s232.563555346
178_68,s8.179091597,s0.215894869,s8.231735919
178_69,s7.715538811,s-4.671990528,s186.527077427
178_70,s-4.454106221,s-1.261722813,s306.228186876
178_71,s-5.058298490,s2.568103005,s260.283159417
178_72,s-3.496515133,s-0.733018855,s150.920786432
178_73,s-5.941752814,s0.843733070,s34.008034954
178_74,s0.606818756,s2.968196167,s297.045590052
178_75,s2.252472034,s-2.009100150,s214.169029407
178_76,s-1.509686944,s0.889414312,s172.037395931
178_77,s0.373671170,s-4.659743459,s247.296026108
178_78,s4.439134346,s6.823473957,s282.001307256
178_79,s3.789599458,s5.624932936,s300.385807349
178_80,s6.932223298,s-1.220027256,s321.378359821
178_81,s2.586665102,s3.693904998,s158.595009297
178_82,s7.850778467,s6.038483818,s13.236917029
178_83,s7.470044715,s2.363781801,s195.389757931
178_84,s2.087667170,s1.585507764,s214.977867401
178_85,s-8.031951449,s2.988852205,s203.553914442
178_86,s0.732497186,s8.020084258,s249.434026981
178_87,s-6.764991396,s4.571271782,s43.159265773
178_88,s-1.283486786,s-4.440266919,s185.075205683
178_89,s-1.761105154,s5.030712725,s316.160674342
178_90,s5.154450801,s-0.618277560,s175.010941133
178_91,s1.775165742,s-3.836259982,s253.882667752
178_92,s3.121514716,s4.740074783,s0.378982617
178_93,s0.326448375,s5.435432795,s199.214941185
178_94,s1.936032857,s2.153188618,s222.409550555
178_95,s5.002613287,s5.936937227,s41.446626943
178_96,s3.288781234,s0.494743790,s88.012503602
178_97,s8.175342651,s6.268431382,s74.328594001
178_98,s-5.628911580,s1.882968824,s264.603348903
178_99,s0.351161911,s4.300483182,s330.591329539
178_100,s-0.238640251,s3.897289310,s159.341475140
178_101,s5.631380792,s5.202189315,s168.139892746
178_102,s-4.774832015,s7.361397156,s274.386481533
178_103,s2.489006891,s0.119567761,s88.369818976
178_104,s3.434308804,s4.228905089,s72.682830487
178_105,s1.851466149,s3.098905646,s8.770507021
178_106,s7.582271872,s6.769984596,s163.625048860
178_107,s5.617764496,s4.521088113,s9.032800888
178_108,s-2.456755647,s5.836545519,s75.166988874
178_109,s4.295444966,s2.337942979,s90.424282736
178_110,s7.652530254,s2.853223406,s358.042540418
178_111,s3.937122106,s1.860428542,s78.181503687
178_112,s-3.498580519,s4.320334350,s93.569973649
178_113,s-1.306707194,s7.782610532,s318.179033146
178_114,s-3.440666640,s2.348084139,s136.725279462
178_115,s-6.438584396,s4.361223402,s328.641829823
178_116,s-7.488231751,s-0.956792737,s159.059334183
178_117,s0.471604022,s7.316431757,s193.789871478
178_118,s-2.789541672,s8.010796067,s236.050740477
178_119,s4.454598114,s2.360670828,s288.340496084
178_120,s6.761579402,s6.038641031,s175.926345056
178_121,s3.388495717,s-0.026311789,s255.935354791
178_122,s1.398373018,s6.747550607,s185.192590182
178_123,s5.362576993,s1.562442818,s231.815453163
178_124,s-1.538377446,s1.965905503,s237.654243955
178_125,s7.102776876,s5.098173321,s91.884573353
178_126,s-6.466729256,s4.944009379,s119.323482975
178_127,s-6.298247548,s5.748293453,s60.865491148
178_128,s-7.050093251,s6.892818019,s232.213491287
178_129,s-3.488501930,s1.099926466,s168.531541105
178_130,s-7.476575471,s-0.285884307,s252.327079979
178_131,s1.749652198,s7.623318477,s227.639198460
178_132,s-0.186280773,s7.948986441,s154.377281541
178_133,s-7.281650946,s7.062993962,s249.524413548
178_134,s6.808230366,s3.298052744,s46.374633157
178_135,s4.684908564,s6.329223477,s62.808262449
178_136,s8.089843134,s4.060338372,s159.140494223
178_137,s8.078708167,s8.024945371,s332.882573344
178_138,s3.431564243,s7.059433668,s120.262164934
178_139,s5.672123781,s1.822751902,s269.853935924
178_140,s-6.046697447,s5.985758914,s201.866364808
178_141,s-6.528054599,s3.250881542,s178.617580384
178_142,s-2.879578152,s6.753844317,s3.369874605
178_143,s-7.829495976,s3.092404485,s31.437935330
178_144,s-5.759849502,s7.121752965,s38.848346684
178_145,s-7.993718974,s6.275495490,s152.980668748
178_146,s4.327178889,s7.725607481,s16.517194086
178_147,s2.664916673,s7.211144901,s51.848970396
178_148,s3.485957576,s8.024945371,s71.493283118
178_149,s-2.248535522,s2.308336967,s318.759502004
178_150,s4.225669985,s-0.582888108,s358.936938576
178_151,s-4.108109123,s6.916377090,s138.947354578
178_152,s5.344112203,s7.922188093,s3.839447868
178_153,s2.352877423,s7.287839615,s345.433151472
178_154,s-8.138576647,s7.428274520,s7.361898668
178_155,s-6.586724594,s7.933582922,s88.570525541
178_156,s-8.078426291,s8.024945371,s290.373107161
178_157,s-0.817410346,s6.374122937,s123.572536715
178_158,s-0.156167876,s6.150158454,s46.044751824
178_159,s1.050885301,s4.160865398,s342.327381485
178_160,s-0.504881057,s7.411068664,s336.380999662
178_161,s1.588359990,s8.024945371,s34.020390958
178_162,s-2.157289563,s4.048296223,s344.209687974
178_163,s-1.881604745,s6.346465865,s129.422501214
178_164,s0.886426092,s7.095520172,s200.595055106
178_165,s4.862013247,s7.651283213,s184.516693687
178_166,s5.833290991,s7.393223574,s52.190913643
178_167,s8.005057582,s7.424588272,s182.494602478
178_168,s-7.000656605,s5.248882548,s184.363005684
178_169,s-7.556802746,s5.807459214,s88.515597855
178_170,s-1.775315643,s7.152521146,s297.538840382
178_171,s-4.064016002,s7.819943520,s269.376111223
178_172,s-7.204570621,s2.058160463,s276.614133383
178_173,s-5.357904177,s5.892577711,s234.493038888
178_174,s-3.377971466,s2.984565352,s192.247256794
178_175,s6.365277507,s6.059625229,s142.965692860
178_176,s1.740840114,s5.000749504,s179.558335493
178_177,s7.679565042,s5.056126922,s53.212529351
179_0,s-4.051688849,s-1.371473281,s211.280203005
179_1,s-1.314322552,s0.464074991,s50.739238976
179_2,s-0.915285904,s-4.634611088,s241.190051008
179_3,s-3.064583858,s-7.927982345,s292.012182987
179_4,s-6.064167356,s-7.651696373,s63.649195726
179_5,s3.649376771,s-1.067952671,s319.952828107
179_6,s-2.204741698,s-7.291983324,s121.288612552
179_7,s-1.388733563,s-5.429053491,s76.728381402
179_8,s-1.803543391,s-1.170068046,s91.969244148
179_9,s0.838078668,s-8.189070751,s31.172622785
179_10,s2.153419086,s-7.583796062,s218.629836006
179_11,s6.117452596,s-4.848838965,s77.216191840
179_12,s4.277705723,s-7.870741516,s156.353269182
179_13,s7.499794694,s-8.189131534,s70.644303734
179_14,s-4.900194391,s-6.188820596,s263.131594889
179_15,s-5.138936215,s-4.566450065,s164.737181510
179_16,s-3.730929219,s-6.729398672,s26.224188116
179_17,s-1.099786293,s1.234246706,s170.146417721
179_18,s-4.688410088,s-0.769727330,s269.492496802
179_19,s-4.378269560,s-4.506644461,s52.623878597
179_20,s1.813170179,s-2.626782098,s205.222415100
179_21,s-2.444219398,s5.547815852,s272.290201756
179_22,s2.315058456,s-1.423777710,s172.884576769
179_23,s4.231862525,s-6.337432019,s256.930963510
179_24,s6.821298255,s-3.322722824,s196.307034569
179_25,s6.103063964,s-1.995213824,s17.506498130
179_26,s6.953765998,s-6.705858329,s37.920809710
179_27,s6.045831306,s-8.011910223,s105.348509765
179_28,s-6.702048648,s-7.645688191,s211.087815442
179_29,s-7.865258820,s-7.413562384,s271.009004720
179_30,s-4.860569268,s-7.201281778,s215.848325768
179_31,s-3.017690839,s-1.054253701,s162.352052821
179_32,s-0.121633986,s-2.627622665,s107.748585817
179_33,s0.420159575,s-6.575916775,s51.910619826
179_34,s-0.941061278,s3.786583575,s53.512572370
179_35,s-0.677248136,s-6.631960887,s42.321178083
179_36,s2.137107617,s-3.159786502,s53.184243473
179_37,s0.173403479,s7.047786059,s134.517005842
179_38,s2.063269751,s0.351404495,s101.455920333
179_39,s6.301247659,s-1.051821857,s156.129200934
179_40,s5.270620931,s-6.608432603,s157.654555894
179_41,s6.203067011,s0.665604161,s250.998680586
179_42,s-7.640661701,s6.390730371,s119.774291449
179_43,s-3.725601980,s1.852767051,s131.534480371
179_44,s-7.186261157,s-2.947431890,s204.343448389
179_45,s0.360013647,s3.021932257,s214.468846840
179_46,s-2.824272334,s1.016251634,s67.596043395
179_47,s0.079266827,s-4.127518592,s145.342152869
179_48,s7.317434956,s-5.508871894,s178.562805019
179_49,s1.789809762,s2.378509327,s117.952888360
179_50,s5.171587362,s1.935055918,s110.549953817
179_51,s-6.072004093,s-4.449410046,s150.319607035
179_52,s1.333734170,s4.427028088,s139.141228889
179_53,s8.151324729,s-4.562921263,s165.208176838
179_54,s7.693339749,s-1.476377286,s337.717759296
179_55,s1.562377359,s-6.318873920,s251.908424791
179_56,s-6.161205452,s-0.813816907,s131.075737059
179_57,s-6.011648802,s-0.176239084,s359.618753614
179_58,s-7.397838803,s-1.239506596,s186.056450858
179_59,s-4.937671175,s3.047532313,s187.303050757
179_60,s-5.040031867,s-0.192664049,s252.699884403
179_61,s-4.193480924,s2.528148752,s263.873766692
179_62,s7.828592262,s-0.180141642,s44.014070688
179_63,s-5.726989934,s-2.953592869,s249.524949610
179_64,s-3.772783214,s3.537477314,s143.437160504
179_65,s7.235850754,s-0.430568444,s19.083002863
179_66,s4.361433729,s0.546724853,s88.777234002
179_67,s8.087561690,s-3.599254708,s193.292420398
179_68,s-1.665271838,s1.411146921,s268.961401717
179_69,s3.752002359,s7.477510508,s70.333466214
179_70,s-6.676432430,s0.302507001,s80.877068961
179_71,s-5.208827014,s7.137742002,s223.906431527
179_72,s-5.483398417,s3.981107341,s59.639304822
179_73,s-2.446078911,s-3.709206280,s177.930635404
179_74,s-4.312150795,s0.888857457,s158.794119618
179_75,s-0.078996018,s1.474491916,s168.395423009
179_76,s-2.746279988,s2.983067772,s160.909365095
179_77,s4.527426514,s3.131807658,s161.534941640
179_78,s3.382009988,s-2.094863987,s352.782602406
179_79,s2.567171747,s1.100390801,s67.398038451
179_80,s-2.217647954,s-2.587727325,s211.034562957
179_81,s5.506381472,s-3.785733276,s218.342630342
179_82,s-0.643746441,s5.277261391,s126.782525795
179_83,s8.117552150,s-0.607685685,s111.239872903
179_84,s-7.348076904,s0.116884648,s58.081848995
179_85,s-5.958085365,s1.488899099,s26.614233707
179_86,s-6.678247158,s-2.148123566,s150.094666516
179_87,s-7.420618815,s-4.717667980,s202.612131020
179_88,s-3.890845504,s-2.334863320,s243.145283228
179_89,s0.825030736,s3.833974300,s247.886167164
179_90,s-2.604128239,s5.007902207,s338.079497123
179_91,s3.786294509,s4.849361658,s227.464423182
179_92,s-4.123034171,s7.578538108,s62.529867685
179_93,s4.184771806,s7.057066907,s278.784697482
179_94,s6.198929206,s5.628947549,s131.830229987
179_95,s0.842325108,s6.540698761,s34.684602863
179_96,s5.447476665,s2.528786341,s286.819681210
179_97,s8.113349855,s2.334164118,s326.435153438
179_98,s-7.390686617,s-0.568157338,s111.214554694
179_99,s-5.556335200,s4.497361971,s356.771639567
179_100,s-6.197475051,s4.199828575,s103.350056072
179_101,s-5.254459163,s7.674884035,s261.375254959
179_102,s-2.233979299,s5.828230550,s5.696752022
179_103,s-4.510802494,s4.449508600,s78.834246018
179_104,s1.794523663,s3.154118272,s278.087918771
179_105,s1.028863838,s-0.122862231,s27.854466118
179_106,s7.056161791,s3.276579679,s351.554823596
179_107,s6.051663483,s5.931227651,s212.663362577
179_108,s7.347587027,s1.669155019,s37.006093297
179_109,s7.980367939,s-1.343427441,s320.254200922
179_110,s5.829421587,s7.720456168,s212.046710002
179_111,s8.100045364,s1.049784536,s51.841672951
179_112,s-7.882290823,s5.486009714,s162.982075015
179_113,s-4.989475944,s2.267550834,s148.853519338
179_114,s-2.425948839,s-0.538499756,s154.401504394
179_115,s3.741285108,s6.909838555,s249.433488872
179_116,s3.122199703,s6.924373596,s179.812069979
179_117,s0.400719602,s4.413210838,s331.007555180
179_118,s-7.226180703,s1.681132518,s273.898749046
179_119,s6.434414022,s-0.197846893,s94.784559112
179_120,s-1.171100600,s4.774909484,s322.957741922
179_121,s3.187526940,s-4.816555280,s351.506571498
179_122,s3.391777586,s-3.613434147,s332.262150089
179_123,s7.021700302,s7.773929779,s89.146352285
179_124,s8.102291134,s7.410270049,s161.438731397
179_125,s7.503657039,s0.422146672,s95.260962690
179_126,s-5.566422687,s5.415014688,s71.292129594
179_127,s-5.314774517,s0.204561950,s197.351897398
179_128,s-1.775897567,s7.760124275,s0.780862784
179_129,s5.085861726,s-0.963701681,s46.401360539
179_130,s-3.085185847,s7.308920362,s121.754933279
179_131,s-2.465700519,s6.445816362,s196.267161053
179_132,s1.431903419,s7.808808013,s353.440005499
179_133,s3.955545429,s4.854636487,s185.709236124
179_134,s0.858602778,s-0.864444134,s186.157896323
179_135,s4.104893039,s2.594863692,s215.859065802
179_136,s2.974437501,s6.158772294,s101.448612458
179_137,s3.036208354,s4.103056464,s99.555661236
179_138,s5.533524102,s3.949621187,s227.100350183
179_139,s8.011367472,s4.366512837,s187.341978128
179_140,s-3.805564144,s4.767389479,s354.460963650
179_141,s-5.533394204,s7.670753178,s39.318230499
179_142,s-7.212461824,s4.157548974,s304.578125350
179_143,s-2.492139346,s2.617904952,s298.884676743
179_144,s-6.556364945,s7.171808924,s339.125594173
179_145,s-6.403864674,s6.306635247,s153.763671747
179_146,s-1.567846712,s5.365160306,s162.572502129
179_147,s0.777440871,s-0.295318597,s331.458107600
179_148,s0.857529376,s5.422599994,s28.747166357
179_149,s6.800663342,s5.095870894,s346.775622388
179_150,s8.083880891,s4.725024941,s39.287233985
179_151,s4.728913820,s4.030362151,s75.275949728
179_152,s7.016450054,s4.217231646,s277.683465743
179_153,s7.470156035,s2.667353760,s184.497532799
179_154,s-7.220727299,s5.790420380,s146.294330236
179_155,s-6.399403903,s3.253781515,s299.167195136
179_156,s-1.173520249,s6.815641399,s266.388071438
179_157,s-5.152099360,s5.224034977,s321.566889110
179_158,s-2.915398101,s6.849374549,s188.099825613
179_159,s2.505114533,s1.918950311,s191.331829742
179_160,s7.252742477,s6.062033792,s231.051257035
179_161,s-2.928184624,s4.245097772,s185.954380868
179_162,s-0.189498342,s5.510866103,s317.850127972
179_163,s3.281468191,s7.616885150,s73.094979860
179_164,s2.482992750,s7.656599093,s187.377603250
179_165,s7.678754386,s0.959453990,s114.957026329
179_166,s6.372126887,s6.936927746,s162.274662307
179_167,s6.645824281,s7.479551057,s264.130276779
179_168,s-6.721125883,s0.807581913,s116.469519550
179_169,s-7.816553612,s7.774983229,s288.250813542
179_170,s-7.843719392,s1.460403840,s117.136993823
179_171,s-7.217418483,s7.400176144,s282.278637985
179_172,s0.378552249,s6.286385504,s353.844084577
179_173,s-0.922761798,s7.571280665,s284.585297893
179_174,s5.717207093,s6.639361277,s161.388280957
179_175,s1.877881250,s7.668266739,s294.548276838
179_176,s4.150724737,s1.465504076,s30.314118302
179_177,s-6.207275680,s2.540806650,s0.150943910
179_178,s5.724525037,s7.594150875,s318.189993185
180_0,s-3.084689875,s-5.897136006,s195.903855658
180_1,s-7.544324305,s-4.257659249,s94.856499424
180_2,s-2.382648151,s3.790587400,s175.097763031
180_3,s-0.045152055,s-1.964628592,s158.812008441
180_4,s-3.668651438,s-6.910047085,s65.138003015
180_5,s-6.837164320,s-5.122881352,s55.737216255
180_6,s-6.995354654,s2.570388877,s32.638469499
180_7,s3.590943743,s-7.154625690,s257.491291266
180_8,s1.931681702,s-6.034800438,s9.634876779
180_9,s-0.159473231,s-5.248499610,s212.339770091
180_10,s1.204438002,s-7.704311164,s217.643728410
180_11,s5.374894416,s-7.732644233,s55.237657933
180_12,s7.727174483,s-3.217437607,s322.204298204
180_13,s3.598140205,s-2.127838487,s316.626272718
180_14,s6.204990966,s-7.734852948,s28.174728947
180_15,s-6.339314480,s0.770536314,s219.147764019
180_16,s-6.827136941,s-7.024635513,s281.727518825
180_17,s-7.472177597,s-6.478373424,s233.728706410
180_18,s-2.572065894,s1.927463710,s202.844150311
180_19,s-2.951931033,s-7.155517830,s53.034779079
180_20,s-4.209073382,s1.074594247,s319.882880145
180_21,s-1.845438882,s-3.525416734,s92.008380387
180_22,s7.180012733,s-0.405914095,s95.969711433
180_23,s-6.504505097,s-6.502476149,s207.492099726
180_24,s-1.029725395,s0.123499802,s76.012131480
180_25,s-1.353686721,s-6.828979543,s295.523334347
180_26,s1.124359722,s-4.083861139,s186.921216970
180_27,s4.626058694,s1.554689290,s299.762698520
180_28,s5.513022453,s-4.735354246,s87.229167436
180_29,s3.956698209,s-4.830005585,s230.371131080
180_30,s-2.499498894,s-4.614503402,s200.170208167
180_31,s-7.197466245,s-0.661616046,s210.669985511
180_32,s-4.355972248,s3.138581332,s350.326695258
180_33,s-4.717249880,s-7.067609202,s292.887406582
180_34,s-6.513282236,s-2.065135682,s284.247758138
180_35,s0.052190626,s-7.174548176,s318.950876126
180_36,s5.267976828,s-3.476439569,s211.073111906
180_37,s5.295139183,s-6.085756502,s251.934596637
180_38,s-2.852624803,s-3.297870613,s100.818173420
180_39,s3.279825046,s0.022394121,s38.683925444
180_40,s0.816916056,s-6.930622527,s357.519491609
180_41,s2.655449705,s-6.981932673,s33.264586565
180_42,s0.889357929,s-1.996712306,s212.277635562
180_43,s7.370292054,s2.251329164,s199.455829967
180_44,s5.496079065,s-2.337891223,s149.941642217
180_45,s-2.284690528,s-5.025680594,s52.833408605
180_46,s-5.365064210,s6.567426186,s251.234625738
180_47,s-4.784900994,s1.638994876,s156.824264366
180_48,s-6.156656324,s-4.576422859,s304.327583542
180_49,s-1.091310390,s-2.679205786,s352.995603437
180_50,s-5.814993879,s-6.921986752,s319.112869496
180_51,s-5.300491903,s-0.557662788,s17.753334012
180_52,s2.989841643,s3.699286562,s318.676745176
180_53,s7.024077431,s-2.188797585,s161.426760165
180_54,s7.670645772,s-6.586995243,s96.045372060
180_55,s6.496877183,s0.573211944,s14.935529281
180_56,s5.627073199,s-2.797543976,s150.279732800
180_57,s7.437364206,s1.747684065,s5.038162709
180_58,s6.668037366,s-0.595217122,s206.618881027
180_59,s-1.561974892,s-4.770041885,s236.892914263
180_60,s0.259521828,s0.117841585,s271.383664709
180_61,s-6.299238746,s3.890835768,s17.135660438
180_62,s-3.200698730,s6.343607502,s137.627318078
180_63,s-7.602630024,s-3.160560636,s221.300197655
180_64,s4.552291783,s3.479807143,s311.987545941
180_65,s0.118647837,s1.836124463,s28.771939635
180_66,s7.102455003,s7.094293645,s12.083576342
180_67,s0.562437816,s-4.556992139,s223.508145197
180_68,s-2.493356873,s-6.099934624,s148.070953954
180_69,s-1.534289205,s1.365852634,s156.720900041
180_70,s0.798040234,s2.631288639,s173.532553552
180_71,s7.518785088,s0.385370407,s349.954470160
180_72,s4.332450268,s2.847688711,s352.277019240
180_73,s7.129500789,s-1.470354945,s280.801672557
180_74,s6.329646297,s-0.897173930,s147.537663722
180_75,s-6.046207558,s5.306207206,s257.797055418
180_76,s-0.844045403,s1.761367972,s286.527707899
180_77,s-5.272448984,s1.304758723,s296.006805424
180_78,s-2.521110527,s2.083260999,s120.842487717
180_79,s-5.721012763,s3.973412567,s275.452634999
180_80,s-1.711857424,s0.344480720,s315.793162969
180_81,s5.912536512,s4.634621014,s351.798279035
180_82,s0.296072448,s1.237192185,s24.671239824
180_83,s-3.379053094,s-3.692617069,s229.854873275
180_84,s1.215163807,s1.160466375,s56.871659643
180_85,s4.526863522,s0.570941444,s301.427531638
180_86,s7.057191927,s-4.765197640,s135.995314830
180_87,s5.983828112,s5.772742677,s322.736077206
180_88,s2.217852316,s-0.969007124,s161.192601796
180_89,s4.461566515,s2.437187413,s281.629310595
180_90,s-7.677024420,s2.281187661,s232.293666021
180_91,s3.667205520,s0.458614994,s49.498637477
180_92,s-7.369762102,s5.645369875,s236.274633789
180_93,s0.996330651,s7.607837480,s184.964019309
180_94,s-7.360458638,s3.828138771,s155.740348170
180_95,s-5.728357082,s-5.228051383,s232.590708505
180_96,s-1.647754177,s3.612495172,s87.971763762
180_97,s1.773909241,s1.846468131,s171.895161783
180_98,s-0.341672545,s7.527577802,s350.399493944
180_99,s-0.260315153,s4.369466185,s115.486927530
180_100,s-3.338671146,s1.821716487,s272.855284277
180_101,s2.211512857,s0.975307358,s232.421628817
180_102,s1.665494852,s5.315957117,s350.524786356
180_103,s-4.840758196,s-2.058606257,s165.050381330
180_104,s2.266242974,s6.023725536,s47.532933870
180_105,s-1.805003394,s3.703997659,s106.877335284
180_106,s-5.481790468,s0.565377064,s47.900166476
180_107,s-7.530716404,s3.059736059,s173.291590710
180_108,s-3.134450091,s-2.047660276,s35.566820197
180_109,s3.936711166,s2.319434206,s22.930055153
180_110,s1.153018668,s3.021442194,s168.021611650
180_111,s-3.244318280,s5.596654498,s5.342841605
180_112,s2.408171134,s4.127724324,s71.815655220
180_113,s-6.414229781,s2.460830259,s335.839675777
180_114,s7.655429365,s5.904820390,s204.858262619
180_115,s7.548281281,s3.717342475,s277.491752544
180_116,s7.015871524,s5.174403822,s84.275792631
180_117,s2.618749739,s5.638830839,s48.977202176
180_118,s7.741493548,s-1.816392310,s197.248696947
180_119,s6.089914273,s4.371081531,s359.744624913
180_120,s-6.869418075,s4.257388339,s283.227961093
180_121,s-6.885119348,s-0.059892815,s236.897049046
180_122,s-6.326516513,s6.157058607,s137.027456989
180_123,s-0.588532723,s2.700944637,s82.891727523
180_124,s0.444678825,s4.722344118,s51.038763549
180_125,s-7.665384004,s6.257926264,s8.627544192
180_126,s3.274329970,s2.388732261,s239.799106978
180_127,s0.785081334,s7.225239192,s81.380736369
180_128,s-3.065527733,s7.211839055,s83.169947362
180_129,s0.976682295,s5.445012577,s58.025850924
180_130,s5.388106360,s2.571754326,s55.962664889
180_131,s-1.315874251,s-2.145246779,s191.580146809
180_132,s7.420041807,s5.281230069,s18.445249776
180_133,s3.423964467,s-3.872575956,s324.046490670
180_134,s1.162460276,s5.382911525,s326.305156368
180_135,s-6.409725966,s4.790429291,s146.205665480
180_136,s-1.387627767,s6.854370899,s26.908934723
180_137,s-5.358745618,s5.961304862,s102.835278654
180_138,s-2.718366091,s-2.562742897,s312.679531855
180_139,s-0.794498618,s3.475638289,s218.066161422
180_140,s-1.819421951,s7.666771469,s327.008185261
180_141,s-2.799989215,s7.593697520,s308.367502917
180_142,s1.509231804,s2.102660483,s281.447045484
180_143,s-1.923312812,s2.373620705,s211.248469913
180_144,s-1.674155193,s4.255578308,s249.378680664
180_145,s2.470410613,s6.540241591,s227.923412465
180_146,s4.891013511,s7.633153080,s253.832409303
180_147,s-0.504839097,s7.578703740,s59.801773976
180_148,s4.951653363,s5.587580867,s16.266600472
180_149,s3.897096025,s5.560054661,s298.052821180
180_150,s-5.204054027,s7.429073635,s300.378885940
180_151,s-6.002176634,s7.686817616,s219.634935908
180_152,s-7.077591903,s1.470395995,s21.156915210
180_153,s4.490582674,s6.139585937,s101.301266515
180_154,s-4.771333240,s3.907648146,s46.623621163
180_155,s-3.321499321,s4.782821296,s246.785438198
180_156,s-1.294168603,s7.600226941,s148.111647304
180_157,s0.576565443,s4.996294812,s265.371603785
180_158,s-3.961547318,s7.688600366,s65.323329497
180_159,s0.590849172,s4.901186173,s100.615977802
180_160,s5.722473169,s6.700027601,s265.984270845
180_161,s4.763726287,s-2.581414731,s297.059124045
180_162,s3.436369485,s3.171559916,s161.256586885
180_163,s6.353636616,s5.649639395,s262.616755672
180_164,s6.861699155,s7.612286546,s307.879957177
180_165,s-4.039902896,s5.600681253,s331.475771538
180_166,s-7.329741264,s7.040906612,s137.229090908
180_167,s2.678479918,s0.449402934,s272.729442566
180_168,s-4.054853963,s4.049704736,s161.388633899
180_169,s-0.052188013,s7.345452626,s309.023494930
180_170,s-6.937741969,s7.509272749,s320.307344021
180_171,s-4.480227245,s7.661024938,s252.051365806
180_172,s5.259889548,s6.451505852,s252.345512150
180_173,s0.936678212,s6.472383226,s139.547751209
180_174,s7.116608899,s7.629552715,s277.024657625
180_175,s7.489880358,s2.577227796,s346.015925062
180_176,s5.702590454,s0.038191522,s93.320150860
180_177,s0.823786548,s3.142945572,s58.414448299
180_178,s2.818848451,s7.384926191,s327.986310150
180_179,s5.877163265,s6.371178236,s121.239763299
181_0,s-8.138680847,s-7.669572109,s144.894105825
181_1,s-5.684536008,s-7.101746735,s69.016894810
181_2,s-7.748951478,s-6.840719594,s152.073514277
181_3,s-2.440648257,s-4.477906515,s155.904338950
181_4,s-3.945785396,s-2.266581479,s110.462706151
181_5,s-6.181162414,s-3.427055671,s167.422454325
181_6,s-1.247713430,s-0.482846783,s180.935170522
181_7,s2.229024770,s-5.669957361,s238.161026933
181_8,s-0.101931516,s-0.299526675,s205.878458476
181_9,s-4.347596993,s-0.015968943,s189.934538031
181_10,s7.931640982,s-8.293934042,s332.786268471
181_11,s2.399161783,s-7.080308119,s134.682251903
181_12,s6.882107906,s-3.514992054,s128.930451568
181_13,s6.340287744,s-4.873723464,s333.215402465
181_14,s8.109234393,s-4.721041791,s139.411860592
181_15,s-7.957928115,s-4.248809415,s348.966893797
181_16,s1.606974680,s0.613148583,s323.281124133
181_17,s-7.718015575,s-4.992469700,s59.564179133
181_18,s-5.354082433,s-7.750078032,s291.193920859
181_19,s-2.983778996,s-3.434235851,s193.043820302
181_20,s-2.217810643,s-5.750275521,s173.675603665
181_21,s2.223993369,s-2.450640135,s59.095130609
181_22,s-6.919367536,s-0.488596375,s147.049777318
181_23,s7.860163127,s-3.777984044,s97.123994086
181_24,s4.147383330,s-5.744839329,s114.731609280
181_25,s-2.254213518,s-7.665529682,s186.216232002
181_26,s5.324568361,s-6.819987478,s145.809577212
181_27,s5.077778523,s1.157419252,s291.747852510
181_28,s8.004065476,s3.797993951,s324.844158665
181_29,s7.939264014,s-1.009895298,s192.657566456
181_30,s-7.845560229,s-0.466029489,s172.516214947
181_31,s-3.867238513,s6.311134799,s93.358670403
181_32,s-4.342723275,s2.314272452,s200.222812767
181_33,s-5.535608755,s-3.600642127,s287.741443690
181_34,s-8.163925927,s0.258509383,s194.345726482
181_35,s7.343695917,s-7.022462069,s340.717955287
181_36,s-1.103168380,s-4.364457352,s44.514250704
181_37,s3.034239462,s2.393173041,s157.066216725
181_38,s-3.107888829,s-8.001538227,s271.716738028
181_39,s5.549318607,s-5.585781993,s182.649763032
181_40,s5.292130599,s-1.133139404,s191.511995273
181_41,s6.052210448,s-1.381225562,s38.887416882
181_42,s5.883728861,s0.385130743,s319.627408834
181_43,s3.848417025,s-1.161124233,s13.512698496
181_44,s6.993342989,s-2.659788100,s303.470849725
181_45,s-6.076863530,s1.538951169,s30.866261058
181_46,s-8.179900558,s-2.905795928,s316.871705142
181_47,s-7.170231729,s-0.559239888,s309.804293853
181_48,s-4.248504789,s4.721017167,s310.284783246
181_49,s-5.682128496,s0.252764542,s351.610070556
181_50,s-4.808745718,s-7.018541010,s303.758475869
181_51,s-7.072664436,s-4.641678874,s98.330585578
181_52,s4.520325472,s6.552070849,s265.486372762
181_53,s1.443367084,s0.017786276,s239.871353193
181_54,s-0.390356219,s-4.361206984,s142.011943895
181_55,s5.074896696,s-4.332891300,s24.710446458
181_56,s3.345500660,s-3.789994667,s327.846738633
181_57,s3.450624160,s-5.632016273,s162.825377713
181_58,s7.145413702,s-0.250004046,s10.584850488
181_59,s8.204617703,s-2.706810133,s75.066296983
181_60,s-5.788499654,s3.150926723,s98.285358486
181_61,s-8.125759643,s1.425580754,s87.606371815
181_62,s-3.135845863,s7.016616566,s261.172630053
181_63,s-0.654912707,s-2.959827524,s191.875106616
181_64,s0.053649763,s0.932565284,s358.915886704
181_65,s-4.804755892,s-5.411967227,s261.768489667
181_66,s-2.049287647,s3.608277904,s334.518116045
181_67,s-3.806864545,s1.425354325,s272.294518312
181_68,s-3.303717305,s4.780026709,s301.446849897
181_69,s3.921025440,s-8.124384797,s11.593610366
181_70,s3.461332881,s1.159883373,s58.190489191
181_71,s4.946005272,s-3.193324919,s32.267002868
181_72,s1.843554918,s1.447051187,s270.134442563
181_73,s1.522574171,s1.956599691,s212.717264011
181_74,s4.972697042,s-6.968067960,s213.123917341
181_75,s-6.845409588,s2.419487364,s18.314990293
181_76,s-4.660203028,s4.633652365,s250.496473796
181_77,s-6.378986930,s-5.287237249,s79.776147479
181_78,s-7.639385672,s-1.906905385,s33.221257815
181_79,s-0.221562779,s6.091672621,s103.138732209
181_80,s-6.799492115,s3.118809676,s352.176033648
181_81,s-0.057059692,s-3.222505419,s205.967730257
181_82,s0.317836283,s-2.242772586,s338.280961259
181_83,s-0.636503649,s2.306684814,s107.158938080
181_84,s0.209330332,s3.793186949,s263.368140397
181_85,s6.872882743,s1.576505135,s253.741161107
181_86,s7.743840323,s5.411621798,s327.610378941
181_87,s2.738070721,s3.156191910,s257.696437212
181_88,s7.982869496,s6.966687850,s7.123260038
181_89,s3.809809609,s0.051088265,s236.871825161
181_90,s-7.157823168,s3.665120442,s77.937823664
181_91,s-4.278424480,s-1.529112753,s27.156939098
181_92,s-0.104489363,s7.388957101,s54.796077809
181_93,s-5.252297231,s0.528499540,s14.039092111
181_94,s-4.225680864,s-4.896446981,s246.417745516
181_95,s-4.892966518,s7.651784471,s195.839444034
181_96,s-1.480867907,s3.914701806,s328.322847481
181_97,s-1.158503891,s-2.415595279,s323.429648454
181_98,s-3.922229061,s5.211722337,s205.784882101
181_99,s3.607763793,s0.752556176,s330.531592420
181_100,s6.137471558,s-0.659350886,s253.858758886
181_101,s-2.616973067,s-0.231279494,s47.458470056
181_102,s8.233358644,s-1.069390236,s115.435395135
181_103,s8.178424237,s2.970628762,s280.901460222
181_104,s3.450032466,s2.331102173,s120.413073156
181_105,s-1.573469563,s0.120963816,s31.218539237
181_106,s-6.567126154,s5.660747581,s318.236689960
181_107,s-8.182712884,s0.804668426,s67.028881283
181_108,s-5.162814965,s4.953107036,s138.271753522
181_109,s6.878194780,s2.263518430,s9.331424837
181_110,s-0.827111986,s7.985232253,s182.514314110
181_111,s0.698655211,s-0.369530580,s307.923338541
181_112,s-2.193003350,s8.079712880,s234.297973446
181_113,s0.571238800,s1.280579685,s292.182483758
181_114,s6.081611504,s3.698176587,s70.033090249
181_115,s5.983822212,s4.882731728,s277.353265196
181_116,s4.188716440,s6.582531420,s0.291257743
181_117,s6.022905181,s6.759288042,s164.815719631
181_118,s1.874603251,s8.104747754,s260.728834667
181_119,s7.150576595,s4.863318706,s140.055664612
181_120,s-8.023853599,s7.074809309,s318.346572085
181_121,s-7.509622748,s-2.621939433,s317.206349243
181_122,s-4.842983104,s1.426107719,s18.328804132
181_123,s-5.610940662,s-1.081611595,s9.726386432
181_124,s-5.817387515,s3.533257571,s353.722627313
181_125,s-2.792134369,s6.465277134,s257.526981438
181_126,s4.540134999,s3.126580267,s27.619160077
181_127,s-1.398459591,s6.382835850,s62.471994333
181_128,s3.314309074,s7.538089786,s22.155281479
181_129,s1.405540349,s4.182629905,s140.604499635
181_130,s5.430020739,s5.929122411,s32.998045553
181_131,s5.416045811,s-1.959827860,s16.430280866
181_132,s8.091944118,s-0.062040948,s208.805477316
181_133,s2.673766252,s7.913059157,s121.020355602
181_134,s7.188489646,s3.831392478,s29.138419814
181_135,s-6.638457718,s4.275270596,s80.069080704
181_136,s-5.709515364,s2.069073438,s301.228259018
181_137,s-2.461683905,s2.559656771,s145.951664542
181_138,s-7.844460591,s3.650499150,s335.784093412
181_139,s-3.380067095,s3.176615440,s129.021984142
181_140,s0.908330022,s6.603725412,s92.687241790
181_141,s-7.685191613,s4.615122174,s46.302040224
181_142,s1.837008582,s5.474804418,s162.954969833
181_143,s3.679691256,s4.984429584,s292.044701158
181_144,s2.162962488,s4.269653295,s347.993232664
181_145,s4.750888708,s-0.592664014,s57.006838903
181_146,s4.902699762,s4.554712956,s261.154915773
181_147,s-7.075166632,s7.700215781,s58.414980416
181_148,s5.866876025,s4.468747086,s260.977615023
181_149,s3.022961761,s6.127579157,s31.274097685
181_150,s-6.490354999,s8.104747754,s118.819511647
181_151,s-6.338814336,s6.655358277,s343.625641455
181_152,s0.397898901,s8.030340319,s138.892533740
181_153,s-6.715557571,s6.870003338,s298.034664298
181_154,s-3.316298601,s3.208822022,s135.653437596
181_155,s6.922062457,s6.440055683,s188.252488649
181_156,s-1.647341942,s2.270545691,s14.302354810
181_157,s1.428235089,s7.694738657,s252.793523015
181_158,s-3.210776232,s8.034541788,s298.696259806
181_159,s0.069082840,s4.495425290,s322.103614985
181_160,s7.920721879,s7.769208114,s228.485467569
181_161,s1.926027576,s7.161518026,s240.052423823
181_162,s6.637518402,s7.946051784,s45.568788994
181_163,s0.879058652,s5.841850272,s359.011137337
181_164,s5.361090737,s5.607318258,s33.771233081
181_165,s-5.989762370,s7.812899093,s226.958746963
181_166,s-5.655039846,s7.917742416,s265.976871545
181_167,s-5.482682953,s4.756334864,s60.867912244
181_168,s-7.086725493,s5.990076442,s333.256136803
181_169,s-2.038267007,s7.293677024,s314.206120445
181_170,s-4.563346302,s5.810101142,s339.595126346
181_171,s-8.182712884,s6.557152653,s77.578887226
181_172,s-1.224989385,s5.282487262,s269.796667591
181_173,s2.209517891,s4.498698109,s27.608137386
181_174,s-1.118229997,s6.956952036,s8.093675619
181_175,s1.635404224,s6.125360150,s272.123471757
181_176,s6.176519671,s7.653127690,s107.534104578
181_177,s7.255908185,s3.216735834,s32.345089128
181_178,s5.812162558,s8.099027103,s218.239402542
181_179,s3.808260637,s1.825410114,s209.476279743
181_180,s-5.288263501,s6.543799551,s11.437785899
182_0,s-5.268580980,s-7.530981331,s7.973306651
182_1,s-7.848978962,s-7.133813797,s59.783164547
182_2,s-7.924756970,s-5.396185953,s150.187968837
182_3,s-6.084763046,s-5.709316382,s181.024142039
182_4,s-4.846476132,s-6.494338739,s50.863668787
182_5,s-3.689554253,s-5.944400050,s329.342556132
182_6,s2.692789648,s-1.240749844,s57.625147290
182_7,s0.640452376,s-3.012718475,s32.806793530
182_8,s-0.102458901,s-5.491529183,s347.841709815
182_9,s-1.374155055,s-5.358833476,s285.605321163
182_10,s1.269646268,s-7.057227658,s187.250147441
182_11,s6.652411136,s-3.286850665,s289.524967901
182_12,s4.117197364,s-5.419339882,s277.626821405
182_13,s7.835537030,s-7.473263610,s96.310329601
182_14,s7.380342243,s-3.929874822,s86.231218677
182_15,s-5.369508219,s-6.707482153,s79.124942830
182_16,s-4.021407778,s2.535478307,s114.376837337
182_17,s-4.381035511,s1.563142998,s59.314148726
182_18,s-7.932729955,s-2.699480922,s276.226813836
182_19,s-0.295004843,s-3.540709669,s156.521226462
182_20,s-6.089324792,s-0.360549410,s295.276015428
182_21,s1.337080597,s-7.728874927,s231.588197191
182_22,s-2.844471808,s-0.544347077,s94.509267687
182_23,s2.521995556,s-7.121870635,s351.729375257
182_24,s5.932995128,s0.877004255,s74.401229924
182_25,s6.237940994,s-6.126212563,s156.502987463
182_26,s7.562889573,s-1.259547716,s13.664058672
182_27,s5.447400989,s-5.053449607,s116.464047677
182_28,s4.165558798,s-6.905611448,s91.183347975
182_29,s7.117330965,s-5.884826953,s166.674188779
182_30,s-5.181018201,s-5.375337024,s245.093305831
182_31,s-6.763563827,s0.794831052,s310.714585315
182_32,s-0.303000766,s-7.395180672,s315.704445130
182_33,s-1.859597146,s-1.355210354,s50.487467545
182_34,s-4.391616986,s-3.803904689,s356.052595990
182_35,s0.325032331,s1.264309003,s158.309717631
182_36,s-3.666006487,s1.793490783,s269.260277617
182_37,s4.652698438,s-7.877066361,s349.569916849
182_38,s7.277579878,s-0.865945772,s342.098406147
182_39,s2.474896037,s-0.519017652,s315.383410258
182_40,s6.837677099,s0.659277386,s324.798207665
182_41,s6.415495068,s-4.508824298,s102.131985063
182_42,s-4.410042683,s-7.877066361,s149.969732174
182_43,s0.139174872,s6.638416745,s193.939910440
182_44,s2.833485331,s1.420065249,s338.574271255
182_45,s-3.737957427,s-0.141551045,s91.543153036
182_46,s-5.881088273,s-1.891578975,s332.334654575
182_47,s-1.477338448,s-4.725511300,s285.450641652
182_48,s-5.867640224,s7.291940016,s276.051358484
182_49,s0.276200426,s-1.533936118,s253.412299338
182_50,s-7.286052205,s1.534212153,s255.330454923
182_51,s0.613751937,s-3.932284136,s136.500302559
182_52,s0.165404525,s2.080930638,s150.011279427
182_53,s-5.607054172,s2.360648236,s347.750571268
182_54,s0.433140980,s-6.296987878,s152.432082659
182_55,s3.268984557,s-6.518837835,s244.888243351
182_56,s-1.830148977,s-3.263611820,s47.015335050
182_57,s5.740367065,s-7.599905418,s197.263078939
182_58,s0.856418724,s5.357780560,s209.272634417
182_59,s4.459007688,s-0.825076530,s253.296577272
182_60,s-4.112905382,s3.240348651,s333.223846917
182_61,s-6.127099358,s1.377252027,s31.790010048
182_62,s-3.896178535,s4.413857361,s244.811039111
182_63,s-4.442870505,s-1.671393550,s329.641722695
182_64,s-3.242835679,s0.144758339,s188.473356465
182_65,s-6.035979323,s-4.494735111,s31.548252677
182_66,s-2.478410742,s3.108300182,s312.777535051
182_67,s-4.839452704,s3.064745388,s266.057191569
182_68,s4.543414889,s0.303124344,s261.747948563
182_69,s1.156896901,s-1.198006948,s142.821898235
182_70,s5.277041351,s1.489215459,s149.447367256
182_71,s2.337149438,s-3.565255603,s169.964661783
182_72,s1.860850917,s2.654426202,s76.608088672
182_73,s8.002512640,s-0.779025019,s134.167907778
182_74,s2.431931853,s-2.496061037,s181.137189700
182_75,s-7.891934956,s-1.194172785,s96.760791908
182_76,s-5.536082128,s1.704011533,s239.016144923
182_77,s-7.939273019,s7.614817188,s100.808016567
182_78,s-7.710603512,s3.573735853,s315.721064389
182_79,s1.628103469,s1.756245195,s2.939162210
182_80,s1.679842906,s-1.921148883,s344.751268094
182_81,s1.585697671,s6.967194796,s91.091194194
182_82,s3.197708443,s1.468257998,s129.202137352
182_83,s-1.394216805,s1.161940131,s330.808632564
182_84,s7.072289476,s-1.642007772,s213.898706677
182_85,s-4.850814455,s5.766971639,s68.889696165
182_86,s3.839096182,s-1.505107771,s24.166462305
182_87,s7.332575300,s1.306783600,s9.715929744
182_88,s1.018689529,s-3.899391035,s336.774758689
182_89,s7.636162941,s0.595958981,s85.526539916
182_90,s-5.713527298,s3.122735260,s73.070802127
182_91,s-7.168987403,s-1.877196496,s239.976776854
182_92,s-2.361976384,s7.338834033,s347.358445574
182_93,s-8.055462014,s7.840593607,s38.130993109
182_94,s-6.313754234,s8.047663114,s167.212800556
182_95,s8.070755018,s-3.299807306,s116.285847253
182_96,s-5.031107813,s-0.653824184,s105.100938293
182_97,s7.210258290,s6.921534872,s269.703529543
182_98,s-6.964819071,s5.214741865,s120.476200616
182_99,s5.085848643,s2.803234706,s55.769853962
182_100,s5.672742031,s-1.083777027,s356.798963054
182_101,s4.873369270,s4.793822818,s318.591144931
182_102,s4.859179431,s2.065200399,s99.490815175
182_103,s2.776510750,s4.829381464,s87.990780888
182_104,s1.163984761,s4.388493562,s78.318260148
182_105,s-4.409685917,s-5.603643135,s93.985189388
182_106,s-1.536190965,s4.364902004,s178.818599915
182_107,s1.980368736,s-2.600430254,s289.154405067
182_108,s-3.427411061,s4.818108138,s240.671161222
182_109,s4.176116064,s6.597871639,s259.860648347
182_110,s-1.393229702,s3.625396774,s315.923836028
182_111,s-5.189965622,s8.198800768,s141.993639266
182_112,s7.247133511,s2.920565111,s242.058503844
182_113,s-0.075428769,s3.242315007,s65.940361910
182_114,s6.715301930,s4.773139422,s282.978377862
182_115,s-3.779496263,s7.373507517,s45.143005157
182_116,s8.064485859,s-6.624283864,s218.441410539
182_117,s-0.099694832,s4.113679687,s180.437292197
182_118,s7.997397289,s3.720916774,s262.156850173
182_119,s6.823077608,s2.249159557,s218.846189970
182_120,s-7.535805989,s4.500644118,s58.463006689
182_121,s-8.055462014,s2.471002375,s113.355262629
182_122,s-7.709168608,s0.265682797,s313.086991396
182_123,s-0.396520309,s-0.094141751,s222.185269263
182_124,s4.440227614,s4.381810414,s124.703285206
182_125,s4.677355385,s7.867361778,s221.345621892
182_126,s-3.177071116,s8.055425014,s302.569384106
182_127,s5.619200510,s3.333212946,s297.977131352
182_128,s-6.782630036,s-0.791708093,s115.163553626
182_129,s1.989942887,s-0.026881058,s108.852357918
182_130,s-0.807809590,s7.323158094,s51.116781954
182_131,s8.006477962,s-0.165413392,s348.223648257
182_132,s6.655967475,s7.533366320,s171.063371667
182_133,s2.467791182,s-0.858468742,s209.649774056
182_134,s-6.097578090,s6.336227821,s91.191648790
182_135,s-1.472820606,s5.690713162,s191.488924280
182_136,s-1.142227958,s1.718749847,s316.831293146
182_137,s-1.269616024,s2.803539824,s49.032644824
182_138,s-3.350062623,s1.264760080,s227.805695581
182_139,s-7.982614043,s4.214057865,s108.263589632
182_140,s-0.276168330,s3.820011943,s317.475574259
182_141,s6.055732388,s7.991931503,s160.339624696
182_142,s2.411439908,s6.927415420,s121.548050209
182_143,s2.826238396,s5.134378090,s175.977598075
182_144,s6.822055049,s6.617946853,s21.368274196
182_145,s-0.602616315,s6.082753267,s267.005288035
182_146,s-6.691042776,s6.762210819,s203.514722610
182_147,s8.029813496,s1.708745128,s137.374585507
182_148,s7.961354809,s2.569363356,s0.890335146
182_149,s7.996748844,s4.381045108,s326.654259112
182_150,s-4.826540169,s7.538060505,s284.697637059
182_151,s-7.446879929,s5.863528745,s189.894320553
182_152,s-5.828711123,s4.321797385,s314.299466646
182_153,s-0.269669533,s7.969575533,s255.614612322
182_154,s2.560025410,s3.624258256,s212.039460785
182_155,s-1.795006960,s7.254913573,s321.839064886
182_156,s-1.963572314,s-6.780768517,s309.123392633
182_157,s4.370296055,s5.434841947,s223.073459856
182_158,s6.095605501,s3.765852988,s131.874474486
182_159,s-3.367234995,s-0.414175456,s141.274137742
182_160,s0.096112914,s2.476806938,s304.135923204
182_161,s8.035746609,s5.123693338,s180.572485721
182_162,s8.070755018,s8.225235377,s79.773630077
182_163,s3.927080358,s5.774588528,s305.308756926
182_164,s5.978108814,s6.874173148,s310.247861156
182_165,s-4.189188579,s8.232210356,s126.772920057
182_166,s-0.156360181,s7.477985835,s322.997259726
182_167,s4.115277476,s3.228831797,s287.013397755
182_168,s-5.173094160,s4.166657570,s292.512169890
182_169,s-6.640628665,s4.802844518,s74.929855082
182_170,s5.797125867,s5.363479190,s320.234669658
182_171,s-1.327997045,s8.173498012,s117.463292816
182_172,s0.475277649,s8.093999681,s192.228621012
182_173,s1.094428866,s1.507746572,s184.973692300
182_174,s-3.961511128,s6.450234746,s231.813131369
182_175,s2.470183147,s8.212502391,s122.382825873
182_176,s5.204487959,s7.433355458,s294.584449553
182_177,s6.665268138,s8.202861205,s236.395476948
182_178,s0.845506422,s3.843856148,s333.373300166
182_179,s7.322977007,s8.185484886,s121.505279814
182_180,s-7.992022473,s5.622862260,s317.441292046
182_181,s-6.998661875,s6.981412756,s172.302786217
183_0,s-4.414795139,s-4.700928052,s199.106982181
183_1,s-6.806187811,s-7.652767463,s80.298695533
183_2,s-7.481834154,s-3.020951131,s220.092576014
183_3,s-5.319795214,s-6.734402070,s16.366894117
183_4,s-5.565067656,s-3.196829165,s300.844136004
183_5,s-7.524126761,s-6.722289302,s141.333333437
183_6,s-1.639162049,s-7.681619934,s279.148525858
183_7,s-2.409344988,s-5.271061196,s188.594323070
183_8,s-1.136876151,s-1.638669347,s264.385132995
183_9,s4.448800506,s-6.045708678,s209.553837487
183_10,s5.414081284,s-4.043532552,s206.907465076
183_11,s4.371852342,s-7.544397987,s315.967556050
183_12,s6.531589686,s-6.443839913,s234.299780055
183_13,s6.298248000,s-3.428701123,s206.952023124
183_14,s5.067447618,s-2.537953638,s247.813183105
183_15,s-4.887288931,s-2.068281975,s82.034867398
183_16,s-3.553061152,s0.214794959,s123.797574885
183_17,s-3.951420402,s-5.010655681,s179.856703136
183_18,s1.997853402,s-5.750536434,s314.946000998
183_19,s-0.206362922,s-1.910536853,s187.839833716
183_20,s1.319461483,s1.841619289,s137.804044938
183_21,s-3.087769224,s2.447560594,s296.187990763
183_22,s1.472468482,s-2.561502833,s252.575679154
183_23,s-3.188454099,s-7.022596375,s118.404055786
183_24,s3.971597280,s-3.962045499,s141.446234558
183_25,s6.696437969,s-4.094082227,s173.481380769
183_26,s5.525706829,s-6.525182308,s15.992261081
183_27,s6.940057845,s-2.020423671,s320.110321300
183_28,s7.117949027,s-2.875998642,s358.698039414
183_29,s7.534415993,s1.631008706,s172.799890230
183_30,s0.378038238,s1.810951678,s246.088021168
183_31,s-1.257534864,s-4.713877493,s163.995686541
183_32,s-7.379049928,s2.048038878,s61.032524330
183_33,s-0.052995747,s-6.884159657,s8.614195688
183_34,s3.800714906,s-4.891656375,s54.379903350
183_35,s-1.771611348,s-0.338633711,s171.960373745
183_36,s5.757750706,s-0.823516432,s108.768289261
183_37,s-3.182323685,s-1.776949501,s118.394571461
183_38,s-4.911244266,s2.540309799,s268.132053303
183_39,s-1.840450291,s-2.290498541,s217.877832463
183_40,s2.468059970,s-5.775520207,s169.843032317
183_41,s2.079568392,s-7.622956297,s346.683615008
183_42,s7.389078353,s-6.792930136,s125.247821118
183_43,s5.552157262,s-7.817037979,s341.334365634
183_44,s6.785948342,s-6.326266295,s313.821639608
183_45,s-7.136578284,s-2.353728658,s105.036413062
183_46,s-6.064029264,s-2.342274719,s214.465568119
183_47,s-6.774075729,s7.275492684,s21.590485655
183_48,s-7.125862569,s-5.769145417,s273.292484268
183_49,s-7.613951780,s1.018597390,s49.243625138
183_50,s2.602199109,s-0.113009913,s317.241669331
183_51,s3.840755288,s7.488560062,s75.414402582
183_52,s1.350215229,s-6.192123083,s30.018412482
183_53,s-4.579647925,s0.585932103,s125.877065558
183_54,s5.552606701,s2.168002325,s284.191407143
183_55,s-0.529069510,s-0.561359770,s345.917659884
183_56,s3.806443917,s5.266321061,s111.436586799
183_57,s4.678697831,s-4.858905598,s204.273950359
183_58,s0.150288916,s-3.757108756,s306.683774875
183_59,s7.111694815,s-5.474245463,s142.238455222
183_60,s-7.525839701,s-4.967248253,s171.709415355
183_61,s-7.659668657,s2.663428384,s54.901341865
183_62,s1.840560441,s-0.168767211,s41.708024725
183_63,s-5.310012267,s-4.223832647,s46.037884576
183_64,s-0.611516390,s-4.055935882,s154.213604126
183_65,s-6.069255485,s0.491867209,s23.371141852
183_66,s2.141937522,s-1.715717891,s326.250253437
183_67,s3.178200590,s-2.147510246,s38.634282734
183_68,s0.920347829,s7.110670502,s342.999459821
183_69,s0.335913736,s-4.719587056,s215.263061649
183_70,s-0.264569225,s0.395889924,s270.861077975
183_71,s3.070508746,s3.494873362,s314.848304528
183_72,s7.565794929,s-2.342418234,s131.643400017
183_73,s7.362895371,s-0.841899826,s32.093219435
183_74,s2.679485938,s2.814388800,s134.324992134
183_75,s-2.767898978,s4.241447614,s31.277804278
183_76,s-1.048078221,s1.036760485,s73.458586030
183_77,s-7.543392366,s4.478845352,s96.546538390
183_78,s-5.373267021,s-0.960418001,s208.641626638
183_79,s-6.682971615,s1.898469566,s241.900344586
183_80,s-2.256448797,s5.328540473,s258.462868537
183_81,s-2.356654909,s5.876983679,s142.056934351
183_82,s2.085686635,s3.213160027,s342.496001223
183_83,s0.203229037,s-3.118715282,s187.824969896
183_84,s5.129630187,s-1.707358870,s311.870524272
183_85,s1.989046526,s4.931231358,s132.827951059
183_86,s-1.229175662,s2.364272677,s194.722403515
183_87,s-2.589670502,s1.757445873,s153.726905052
183_88,s4.172273606,s2.494573838,s242.752819983
183_89,s3.944142185,s4.738569091,s35.132371405
183_90,s-0.746617460,s4.747155080,s345.209719866
183_91,s-3.109646095,s1.202753191,s147.851325757
183_92,s-4.233468902,s-1.868123952,s245.764266071
183_93,s-4.386759165,s7.488560062,s83.294201057
183_94,s1.438857431,s-0.527515738,s205.859416896
183_95,s-1.115017461,s5.722598938,s131.814645916
183_96,s3.777272582,s2.659318066,s142.708517210
183_97,s-2.185513810,s3.031771730,s143.378530124
183_98,s4.778323577,s-2.803871252,s229.540143580
183_99,s3.807391083,s3.619744654,s226.202714085
183_100,s0.420766563,s-0.794514038,s11.921033719
183_101,s-7.111971016,s5.796465280,s337.290066345
183_102,s6.549113861,s0.170532873,s282.130836985
183_103,s5.854324199,s0.449158841,s111.261420421
183_104,s2.818082285,s1.188863473,s277.063024978
183_105,s-4.818302875,s5.380184056,s262.750396869
183_106,s-4.454927156,s-2.853429913,s324.545470233
183_107,s-7.609483345,s7.308319347,s69.780365005
183_108,s0.688404623,s6.058926481,s184.922083297
183_109,s-3.233522554,s5.966746425,s132.558187661
183_110,s-5.138137941,s-1.009321902,s70.362010779
183_111,s2.914729071,s1.976515046,s63.100046740
183_112,s-5.931301302,s4.220708526,s150.513865645
183_113,s3.016013090,s4.831810217,s96.190160596
183_114,s2.424135414,s7.135198508,s297.220930135
183_115,s0.977357263,s5.502915403,s58.534158252
183_116,s2.115589376,s5.397468582,s80.697458970
183_117,s4.079840073,s6.555379081,s20.630931007
183_118,s7.233649656,s2.155833156,s173.999167937
183_119,s6.386803767,s4.743619318,s199.262621340
183_120,s-6.535357240,s4.103562172,s117.307100602
183_121,s-5.434856365,s-2.114869437,s64.273615675
183_122,s-7.472905382,s3.377259557,s77.928112889
183_123,s-4.869932895,s3.920422452,s308.516702086
183_124,s-7.535753882,s6.251074937,s198.435651679
183_125,s-3.368323207,s7.030763729,s324.190455700
183_126,s4.992449932,s0.965953537,s132.828952514
183_127,s5.276697653,s6.332247375,s269.175288237
183_128,s4.167821004,s0.632924999,s307.530507451
183_129,s7.582214632,s6.122668083,s256.522255928
183_130,s4.379684413,s4.192102007,s124.719512508
183_131,s5.277674712,s-1.780761430,s252.800878484
183_132,s5.938789916,s3.453837562,s339.388553132
183_133,s0.868216346,s-0.775277007,s10.942412318
183_134,s5.250521588,s7.300317906,s70.668926688
183_135,s-6.473369087,s-1.263864678,s144.238277925
183_136,s-5.284636936,s6.990215704,s142.240799943
183_137,s-5.464581579,s0.232889860,s343.093555644
183_138,s3.655856544,s7.486273737,s291.287261246
183_139,s0.497497872,s3.803782333,s220.570622837
183_140,s-3.570058113,s3.363016366,s169.468117019
183_141,s7.498178914,s3.277627091,s322.672382243
183_142,s2.131801414,s0.176404067,s184.869338668
183_143,s-2.267677152,s7.069180559,s168.752116832
183_144,s0.088428123,s4.794060569,s336.311913913
183_145,s-3.420331476,s4.024005870,s160.076283235
183_146,s5.892114952,s6.432698476,s0.383330663
183_147,s3.595296957,s5.644836220,s158.903963100
183_148,s2.532247593,s7.001411688,s12.854976884
183_149,s7.391632334,s7.108296671,s346.369246027
183_150,s-5.128494927,s2.953341791,s326.230952986
183_151,s-3.205460263,s5.248120155,s61.772332280
183_152,s-3.029037654,s3.358276410,s235.112054982
183_153,s-4.224068184,s2.711615524,s154.939882677
183_154,s0.205884432,s2.531578158,s205.387912714
183_155,s-1.408523333,s7.407940957,s321.098442641
183_156,s-1.053660539,s6.716918672,s56.990500331
183_157,s-5.643586528,s2.480335913,s235.379248479
183_158,s4.727100653,s4.899836848,s260.930241324
183_159,s6.154443360,s5.486830660,s46.243902303
183_160,s1.360690922,s3.604006669,s160.019852000
183_161,s1.395592002,s3.242595521,s357.679618430
183_162,s7.074181068,s5.273734575,s227.943982320
183_163,s5.101688192,s2.571208505,s352.390705216
183_164,s6.603659128,s1.074294988,s351.363029335
183_165,s-6.416072003,s5.910537556,s326.608505852
183_166,s-4.673861935,s0.633297638,s141.373953778
183_167,s-3.429737406,s4.597233881,s3.238944736
183_168,s-4.787680088,s6.094243675,s5.718545981
183_169,s-4.178639671,s1.922565064,s175.915518053
183_170,s-1.581174739,s6.814080392,s20.655860900
183_171,s-0.583975453,s5.473085163,s347.490366279
183_172,s2.274791028,s6.587355488,s330.837225012
183_173,s-1.942079888,s4.711916231,s81.813735739
183_174,s-0.106337649,s3.310362434,s125.106303777
183_175,s7.139018471,s1.250627568,s7.249097505
183_176,s1.919763568,s3.075727110,s153.045391888
183_177,s-1.011959200,s3.842821787,s133.211230987
183_178,s4.918404556,s7.414877441,s181.250294342
183_179,s6.892789026,s6.253986345,s169.032881464
183_180,s-7.606972893,s5.502872025,s158.992145072
183_181,s-2.606047137,s7.182916426,s168.167238741
183_182,s-5.920420663,s7.421825148,s248.759023966
184_0,s-6.998272495,s-0.042524921,s29.748257718
184_1,s-5.933977784,s-4.891395514,s196.294733951
184_2,s-3.731437028,s-5.526079437,s123.176867802
184_3,s-2.463535032,s1.423099187,s240.148342818
184_4,s-6.432445511,s-6.385592029,s258.147332614
184_5,s-0.433759760,s-4.513268155,s31.589704589
184_6,s0.556566553,s-2.726148482,s225.001564955
184_7,s-1.514916439,s-4.428309704,s341.068238528
184_8,s3.810103773,s-4.485073772,s81.269840762
184_9,s5.483994117,s-6.350478595,s168.917390178
184_10,s4.573112653,s-3.537413697,s292.462882632
184_11,s3.289122298,s-4.970706253,s89.931915349
184_12,s5.727719098,s-6.924088531,s271.305394581
184_13,s0.473552962,s-4.013145090,s48.532232190
184_14,s7.287347917,s-7.081794659,s203.941546881
184_15,s-7.792833765,s-4.848341400,s83.741622642
184_16,s-4.736949250,s-5.766054768,s190.043324563
184_17,s-3.368714998,s-2.590483892,s82.352640226
184_18,s-1.227917118,s-5.328022430,s50.689435734
184_19,s-2.840589672,s-3.793248976,s118.770771192
184_20,s7.478393182,s-3.620732748,s36.679610758
184_21,s-6.897514950,s-7.514386025,s131.167197869
184_22,s2.174551234,s-2.919209587,s201.091040729
184_23,s2.093906831,s-0.131809559,s24.047925167
184_24,s4.827516105,s-7.491031759,s13.926135181
184_25,s3.193122199,s6.819599571,s338.034600732
184_26,s0.890046724,s-0.996722631,s247.647957972
184_27,s5.918912937,s-4.781133803,s330.579826634
184_28,s7.883361270,s-1.151267363,s230.764928050
184_29,s3.095125134,s-2.234138332,s235.805147940
184_30,s-6.137932205,s-1.916913212,s43.496309574
184_31,s-4.883743110,s-0.704063195,s14.533019239
184_32,s-0.352166555,s-6.145964339,s169.495836456
184_33,s-3.895050788,s-3.975371065,s352.319011894
184_34,s-4.290185697,s-0.704684093,s246.404319356
184_35,s-7.486214760,s-5.877448118,s298.174125657
184_36,s-5.491554441,s-2.418977931,s280.121969755
184_37,s0.764997060,s-7.855404339,s203.620953633
184_38,s-4.100835855,s7.187270709,s83.434616422
184_39,s1.610381006,s-6.820109012,s233.681725185
184_40,s1.036570163,s-6.045585377,s208.500617907
184_41,s5.943448368,s2.221557386,s157.487701472
184_42,s3.981820988,s-6.811120832,s267.120930221
184_43,s3.617132298,s1.373277182,s170.398288056
184_44,s7.883361270,s-3.171354279,s227.541650289
184_45,s0.962240625,s2.881217671,s48.258674804
184_46,s-3.006578177,s-1.632363177,s183.963196395
184_47,s-0.457798613,s-2.956757033,s77.031579080
184_48,s1.974545720,s0.752321564,s197.910100632
184_49,s-5.414672436,s0.810727228,s300.760168802
184_50,s-4.612439351,s3.924387923,s218.967692548
184_51,s5.261499945,s-4.772315212,s171.760960670
184_52,s-6.186095248,s5.137915988,s73.497676708
184_53,s4.903467900,s7.524839558,s345.320517671
184_54,s-0.826402321,s-7.681504271,s302.731414445
184_55,s2.696707098,s1.932203200,s344.189562477
184_56,s2.712912972,s-6.071286499,s289.003934817
184_57,s3.978109555,s-0.196141587,s67.620691695
184_58,s6.900543697,s-5.665001269,s86.228163487
184_59,s6.283329652,s-5.536761646,s285.238813002
184_60,s-7.868686932,s4.113077491,s231.961873318
184_61,s-6.023469942,s-0.611174347,s4.157857547
184_62,s-5.896069258,s-3.908334268,s22.767837403
184_63,s-3.926885913,s2.396560679,s219.087201126
184_64,s-5.045816564,s-4.909618792,s268.685742035
184_65,s1.675989860,s1.907332016,s302.605210263
184_66,s-1.631006735,s-3.145924314,s353.663480021
184_67,s-6.918866981,s5.295703069,s208.934541879
184_68,s5.808853831,s-2.546511965,s248.533009188
184_69,s-3.673411639,s-0.682645516,s244.465500617
184_70,s4.134988479,s2.935947929,s92.368525903
184_71,s1.072077174,s2.027111973,s192.837664316
184_72,s-2.981817227,s-0.893635001,s247.693534023
184_73,s4.534995441,s2.041990653,s272.310448945
184_74,s7.041112699,s-4.641275573,s6.920482005
184_75,s-6.174802169,s1.156582495,s175.280817253
184_76,s-7.787216285,s-3.899216114,s112.058383428
184_77,s-0.452649903,s5.108469364,s323.068710299
184_78,s-1.667654557,s1.758223111,s2.153367816
184_79,s4.944971106,s6.656730575,s189.886691760
184_80,s-3.755033298,s5.236954352,s310.603401156
184_81,s2.912607696,s-0.137056250,s80.865331222
184_82,s2.989150313,s0.980153708,s343.455174391
184_83,s-4.189450587,s-1.728969903,s26.751709590
184_84,s4.427358272,s2.099492180,s287.705583181
184_85,s1.894349468,s1.308860896,s245.573631213
184_86,s7.801637898,s0.422294602,s349.787647344
184_87,s3.813785697,s4.074315115,s330.995717181
184_88,s3.296666874,s-3.488318022,s215.082805759
184_89,s5.760791861,s5.321298268,s97.460937690
184_90,s-7.857324989,s-1.391680986,s96.439986749
184_91,s-1.555040804,s5.639440209,s165.773910231
184_92,s-0.592818221,s6.503732151,s242.881612761
184_93,s-0.983878460,s3.170624996,s2.974181522
184_94,s6.626933575,s1.969232250,s163.438491134
184_95,s-2.146529009,s-1.951659426,s15.523196404
184_96,s-0.890346600,s0.820021144,s7.145658016
184_97,s1.170907768,s2.994143644,s238.859010974
184_98,s-1.663413517,s6.777021378,s314.521126850
184_99,s0.070477163,s4.555923058,s219.780177877
184_100,s7.726833929,s2.085492741,s154.338508660
184_101,s2.602428610,s5.247771527,s307.928060309
184_102,s6.204250538,s2.534980737,s280.637079383
184_103,s5.267614103,s-0.683126983,s82.202130013
184_104,s5.192960157,s1.312453060,s145.395395376
184_105,s-7.554146600,s0.666278443,s212.593949025
184_106,s-0.452595223,s-1.400556254,s20.274741177
184_107,s1.203128935,s0.604416571,s299.882754116
184_108,s-3.521210743,s7.746454963,s317.547663066
184_109,s-4.142650298,s0.881719137,s57.137779577
184_110,s-6.428733130,s6.090355896,s243.987645755
184_111,s5.407394106,s-3.823003703,s89.303544799
184_112,s-1.659252735,s3.564037936,s146.910148408
184_113,s2.425639551,s3.784837743,s42.823373980
184_114,s7.867858446,s3.783618023,s258.673247881
184_115,s-1.596201088,s1.350640528,s286.260207698
184_116,s-0.010894644,s7.835300882,s145.777949876
184_117,s3.571305004,s7.861164545,s48.797249299
184_118,s0.048256973,s6.911212715,s97.321409855
184_119,s6.056062568,s5.863797297,s229.620988321
184_120,s-7.905336257,s2.978530111,s145.882885169
184_121,s-3.533076735,s0.381372182,s303.176276047
184_122,s-7.905336257,s0.115667578,s125.817549780
184_123,s-0.491848546,s7.558956602,s200.887977733
184_124,s-1.961215162,s3.680015849,s201.641905427
184_125,s-0.660694371,s1.295278265,s326.320815218
184_126,s-2.612359416,s3.466674894,s62.593526445
184_127,s-1.189912776,s5.513029732,s120.978547608
184_128,s5.952912628,s7.162502995,s282.618095373
184_129,s-0.698070258,s4.255354710,s317.498407600
184_130,s7.869442895,s7.540317002,s335.968651615
184_131,s5.420505701,s6.161997047,s265.001668805
184_132,s6.286243205,s-0.261829371,s347.518412999
184_133,s1.414792996,s7.228231659,s286.522042698
184_134,s7.120184121,s-1.407427897,s62.650076850
184_135,s-7.639544648,s7.146653562,s350.880260327
184_136,s-7.174773031,s3.419712557,s75.067679157
184_137,s-7.599328988,s5.562919723,s282.979808680
184_138,s1.183197228,s1.526381043,s0.354961011
184_139,s1.774350491,s4.781259188,s246.419024945
184_140,s-7.833246532,s1.943164241,s43.103946090
184_141,s-4.746394770,s6.311888344,s273.911071856
184_142,s2.675154948,s4.719736441,s279.937131547
184_143,s1.755095443,s-1.440510447,s114.860528351
184_144,s3.146403459,s7.866385684,s73.477281921
184_145,s0.752901841,s3.807815936,s5.467822939
184_146,s3.428947696,s2.910694334,s171.815757992
184_147,s2.426350954,s3.066052395,s28.374106492
184_148,s7.734422659,s4.433633717,s119.573940878
184_149,s7.197027587,s4.289985278,s78.003856934
184_150,s-7.830133702,s5.795839502,s225.167840228
184_151,s-5.699296885,s7.276102224,s290.437141676
184_152,s-5.850286722,s6.458639491,s277.651197230
184_153,s-3.937289661,s3.102291555,s156.715694527
184_154,s0.809094938,s3.401223411,s36.366162545
184_155,s-7.636121809,s2.033892890,s33.084943611
184_156,s-3.017619422,s5.501768622,s223.784591803
184_157,s4.943644111,s6.963795894,s134.769859700
184_158,s4.276136719,s7.771965927,s255.215570735
184_159,s2.470024740,s6.220699619,s47.697560519
184_160,s-1.504969920,s4.075180997,s210.284024777
184_161,s1.135630008,s7.789157647,s2.530810570
184_162,s5.648256332,s3.771783040,s214.539522063
184_163,s-1.005024277,s5.591832084,s153.515006479
184_164,s7.830172381,s1.006751203,s230.139639946
184_165,s-1.317179611,s7.564542290,s317.571134560
184_166,s-2.864553804,s5.585515203,s101.066133833
184_167,s-6.798682800,s7.773846579,s252.256316089
184_168,s-3.659976478,s6.777165690,s109.507064487
184_169,s-7.196495316,s7.778357284,s173.135051707
184_170,s-6.983034541,s2.006654715,s24.604126734
184_171,s-1.451788095,s7.083567031,s328.553242101
184_172,s7.675587705,s5.517433181,s19.168754632
184_173,s-2.669520095,s6.428899527,s241.241949194
184_174,s6.120672949,s6.314077018,s359.478368622
184_175,s-0.629584235,s2.385269176,s270.953910216
184_176,s4.349201693,s5.309420277,s287.720050745
184_177,s6.193591017,s4.583091097,s273.419569228
184_178,s7.724971151,s6.175680422,s265.261847527
184_179,s-1.457729270,s6.077282162,s202.598397205
184_180,s-4.516857049,s5.241585857,s161.149909272
184_181,s-3.748501581,s3.804394091,s177.564606310
184_182,s-1.510397802,s7.838155989,s68.602406243
184_183,s-3.217034798,s7.425376689,s31.657601502
185_0,s-8.648034186,s-1.144196263,s276.005643319
185_1,s-2.811424851,s-5.414919596,s306.017242625
185_2,s-7.576893133,s-8.341264476,s125.554457297
185_3,s-7.468410336,s3.341367793,s140.176728495
185_4,s-2.401927201,s-0.846684392,s350.365650691
185_5,s-8.423988242,s-7.172549121,s127.537964490
185_6,s1.370113454,s-7.212685434,s99.476097807
185_7,s-4.230679640,s-6.642379390,s274.823382472
185_8,s-2.295646392,s-8.140680005,s83.580740924
185_9,s3.466229285,s-7.396744684,s358.587479920
185_10,s5.376277829,s-4.052493966,s46.724962954
185_11,s6.720885747,s-5.485503363,s65.958384570
185_12,s4.052683271,s-5.695988714,s77.921570110
185_13,s8.468027246,s-5.736506488,s274.223001980
185_14,s8.427291241,s-3.533391324,s30.978047747
185_15,s-8.423935853,s-7.738589942,s200.346512903
185_16,s-7.148846128,s-7.083169685,s293.241747149
185_17,s-4.962630826,s-3.852848354,s127.622781258
185_18,s-3.433448716,s-4.200991538,s234.899894578
185_19,s-5.725614467,s-8.495478759,s163.231989061
185_20,s-5.988822879,s-0.906167216,s85.292406898
185_21,s-6.139825040,s-3.252294708,s102.560243699
185_22,s-0.815097183,s2.603347533,s108.753403222
185_23,s-4.080403865,s-0.827899804,s16.679488487
185_24,s7.459877455,s-3.544333635,s309.885210432
185_25,s5.029729800,s-3.809029753,s120.244482385
185_26,s8.408960849,s2.772926713,s269.233594811
185_27,s7.352728164,s-8.258434967,s111.533786385
185_28,s8.558611087,s-2.142826957,s287.811769029
185_29,s7.025486302,s-5.807842643,s69.964141972
185_30,s-7.874907860,s-6.244381987,s71.243919321
185_31,s-8.155119649,s-2.804296312,s172.380194652
185_32,s-3.318879007,s-3.413956323,s121.816213094
185_33,s-7.391362570,s-3.311724283,s107.861804109
185_34,s-5.265022569,s1.946329428,s96.646747833
185_35,s-0.547701909,s0.181714862,s91.930263336
185_36,s-3.455375204,s0.412634129,s7.777123011
185_37,s1.537288853,s1.246095786,s31.735947208
185_38,s2.945547840,s-6.432073517,s225.026466295
185_39,s8.297336320,s-4.229972443,s293.816565873
185_40,s1.896994691,s-2.357595868,s18.044558936
185_41,s4.809990722,s-0.091391989,s186.303315122
185_42,s-2.197231021,s1.849415009,s194.007498026
185_43,s1.056832485,s-4.195727741,s154.632234094
185_44,s5.496073068,s-7.491978134,s229.723291551
185_45,s-4.790825719,s0.347197931,s345.063129882
185_46,s-7.497445744,s8.484923095,s69.144272299
185_47,s-6.937224359,s-6.637491049,s219.582861321
185_48,s-5.434543632,s6.010137841,s243.511621734
185_49,s-6.047477185,s-6.565242016,s271.219485389
185_50,s4.313728552,s2.158217982,s318.799716165
185_51,s1.421498280,s-0.800370706,s226.520436027
185_52,s3.866771851,s1.299455115,s338.986125567
185_53,s3.624083085,s-0.396483921,s328.178060186
185_54,s1.329069157,s-6.210877419,s323.206008171
185_55,s-1.384566397,s-4.821020922,s140.296339614
185_56,s-0.599887860,s3.086527175,s175.051830908
185_57,s7.627728539,s-0.683643154,s39.158268668
185_58,s5.806378437,s-1.042841037,s42.921373876
185_59,s8.053197695,s-0.851392169,s330.127664046
185_60,s-8.318310691,s7.562875327,s226.596965614
185_61,s-7.292822207,s-1.025741555,s74.988666862
185_62,s-7.675659134,s4.433319351,s45.806039322
185_63,s-8.459763729,s-1.693400820,s294.911219833
185_64,s-0.569699216,s-7.414616738,s330.953973958
185_65,s-1.358949917,s6.908049569,s302.786125043
185_66,s-4.732270054,s4.371666203,s262.293433272
185_67,s2.291616553,s-2.869862903,s249.266018008
185_68,s-1.012845114,s-0.618368770,s283.901431768
185_69,s3.243303744,s-1.772279804,s22.527065799
185_70,s1.195161484,s3.030449864,s61.825613001
185_71,s2.654127052,s4.356067505,s225.464462213
185_72,s6.944500895,s-2.606456310,s193.518654252
185_73,s4.127437672,s-2.034086652,s35.366270556
185_74,s2.716002839,s2.591838342,s133.549474274
185_75,s-7.760135572,s-5.698806872,s293.197012283
185_76,s-6.756808868,s-2.277109077,s293.107182589
185_77,s-4.454606277,s-2.057608582,s9.094370187
185_78,s-4.587973313,s1.687832822,s131.070929095
185_79,s7.450907886,s7.325434634,s159.987804851
185_80,s5.591427101,s5.814591219,s298.976591480
185_81,s-5.355650396,s1.028532525,s299.066831881
185_82,s-2.625256806,s4.765100216,s279.630988177
185_83,s6.296377878,s0.210239088,s175.993995857
185_84,s-0.344563459,s1.661403003,s48.593039670
185_85,s6.943211237,s-0.014102452,s24.359098718
185_86,s0.840888519,s2.121942891,s223.336670909
185_87,s4.732764660,s-5.610981063,s317.923691711
185_88,s4.844987722,s-2.004674247,s38.131127090
185_89,s3.919362238,s8.529604795,s162.654032648
185_90,s-6.591276084,s7.653665420,s78.069281560
185_91,s-3.884747954,s2.279276864,s253.148109784
185_92,s-1.891072242,s-0.577613658,s53.966666921
185_93,s-0.495355750,s-4.314175048,s168.922378918
185_94,s-1.960315337,s3.311676128,s69.102705189
185_95,s-8.603821873,s2.885703796,s63.579562153
185_96,s2.512208086,s6.882758163,s190.641429281
185_97,s6.991308884,s0.452060278,s146.255615137
185_98,s3.466115631,s3.525938656,s189.381344123
185_99,s4.945189652,s7.695543267,s175.478631935
185_100,s-1.401611084,s6.386425585,s72.085411424
185_101,s8.160323178,s4.128711822,s229.640320674
185_102,s6.168952453,s5.100932087,s320.719673816
185_103,s8.364099361,s6.089693226,s95.267648432
185_104,s6.011387037,s5.902105854,s96.975082196
185_105,s-8.533297244,s4.234800462,s69.958933635
185_106,s-4.856068981,s-2.711795578,s112.485120319
185_107,s-7.689110175,s0.798827298,s259.382383029
185_108,s1.170866581,s-5.290794586,s32.788076863
185_109,s-5.764954247,s3.933712715,s146.647558010
185_110,s-0.278242666,s-1.619585400,s332.398987385
185_111,s-4.123158615,s5.244037852,s135.516074649
185_112,s4.031004791,s4.390043563,s307.441786835
185_113,s0.072027568,s7.592981806,s10.014089415
185_114,s4.141806228,s3.429114908,s210.250161369
185_115,s3.495961330,s5.705691171,s6.168399238
185_116,s6.712480214,s2.953780662,s306.472859191
185_117,s2.859637790,s6.739475283,s49.838808447
185_118,s5.386377301,s-3.112733747,s206.316291686
185_119,s7.958231086,s7.711248191,s298.561903029
185_120,s-6.082967054,s6.599629567,s141.459935122
185_121,s-8.329198434,s1.058911396,s103.686274604
185_122,s-6.848645064,s-0.105743674,s254.986769758
185_123,s-4.915928738,s8.112871913,s147.939026460
185_124,s-3.502534112,s5.840692638,s63.517309908
185_125,s0.584990279,s6.223801845,s58.696675606
185_126,s0.607455125,s6.123141439,s108.433448516
185_127,s-5.887101384,s5.623326058,s202.658260348
185_128,s6.284816630,s6.809740678,s83.454868879
185_129,s0.736837269,s8.515451472,s169.911630449
185_130,s7.740321760,s3.358293466,s127.645655873
185_131,s4.941711058,s3.997433005,s298.305500128
185_132,s7.588469663,s8.718762426,s312.716878539
185_133,s8.513740158,s3.204552736,s303.839601704
185_134,s8.542826287,s4.673529856,s298.843558344
185_135,s-4.846096420,s4.433319042,s314.312938397
185_136,s-3.037758518,s7.812297815,s84.350594162
185_137,s-2.156040739,s5.123513133,s322.703675969
185_138,s3.447878480,s6.399730916,s130.304575219
185_139,s-2.630759285,s8.312220251,s332.500860916
185_140,s-6.863265741,s4.668338789,s42.986586964
185_141,s1.429958476,s7.801830392,s331.841565161
185_142,s-3.028194148,s6.593456979,s292.958550647
185_143,s5.755026816,s1.456939910,s29.177000487
185_144,s3.052102159,s4.911390992,s246.875457763
185_145,s-5.914218190,s7.875703335,s37.516723646
185_146,s4.943558706,s3.518308999,s44.607038057
185_147,s0.627714475,s4.904765449,s127.662233500
185_148,s4.163694481,s7.526980938,s294.889286634
185_149,s4.587132185,s6.957146484,s35.152983087
185_150,s-7.689264788,s6.221538420,s211.130413742
185_151,s-5.297591768,s6.865777801,s290.201182176
185_152,s-8.564155391,s2.276329031,s306.636424912
185_153,s-7.209319810,s8.682377058,s305.095096395
185_154,s-8.430665884,s4.872015226,s42.598082012
185_155,s0.591557270,s3.335506054,s63.790228370
185_156,s-6.429274284,s4.402304477,s332.843137300
185_157,s1.360298767,s8.710773974,s82.925903910
185_158,s-1.887734409,s6.584905245,s116.999553243
185_159,s4.411038501,s8.626219630,s150.480163761
185_160,s8.441774051,s7.222474289,s79.536297633
185_161,s-4.550805348,s8.705345392,s120.001798356
185_162,s2.420953030,s7.195577152,s314.944504921
185_163,s0.717076098,s8.687158907,s161.781085898
185_164,s6.727264020,s8.673921003,s171.796545864
185_165,s-4.827762980,s6.965272303,s255.937291641
185_166,s0.053628669,s2.983249891,s290.964494174
185_167,s-8.622527688,s6.531579785,s151.626881585
185_168,s-3.163123058,s8.191729570,s97.194868479
185_169,s-6.691366929,s5.035472454,s319.814050377
185_170,s-6.446548794,s2.086529077,s323.546681376
185_171,s0.775638154,s7.663654730,s308.564652497
185_172,s-5.079229479,s2.661296480,s284.671404765
185_173,s0.672981145,s2.361956222,s86.470496162
185_174,s8.458060908,s0.877563136,s70.038749406
185_175,s5.997091596,s4.494641639,s169.276099133
185_176,s4.751703865,s5.667429251,s164.095387657
185_177,s1.898468859,s7.954455091,s89.756634950
185_178,s8.380231899,s6.392775035,s219.785004915
185_179,s8.477990293,s8.543352935,s133.480403641
185_180,s-1.553904169,s5.650535942,s276.566891097
185_181,s-8.081298340,s8.451276639,s123.736757541
185_182,s-6.957181633,s6.161581636,s36.714478793
185_183,s0.265805778,s7.283506971,s215.712270634
185_184,s-0.370269232,s5.334971455,s166.209633547
186_0,s-4.257869003,s-7.364389979,s219.827327609
186_1,s-3.025712457,s-6.087996401,s16.764353751
186_2,s-5.775282950,s-5.046885059,s43.561918136
186_3,s-0.170352832,s-3.958952405,s12.072711314
186_4,s-7.146832970,s-0.815959322,s140.207655415
186_5,s-1.178163584,s-7.078043496,s224.436256282
186_6,s3.406945378,s-3.929851913,s150.292774814
186_7,s-2.723508917,s-1.250257452,s190.114942602
186_8,s-2.399923718,s-6.696551831,s119.872499203
186_9,s1.259347292,s-5.216585784,s231.642512775
186_10,s-0.547828033,s-3.111489096,s260.787238033
186_11,s2.225244516,s-4.816011293,s71.683819539
186_12,s7.819756656,s-5.335128092,s347.344411911
186_13,s5.699696161,s-5.381758924,s131.450943220
186_14,s5.258889086,s-4.109175572,s14.160200695
186_15,s-7.863307971,s-3.084164155,s148.260144396
186_16,s-0.404543842,s0.137276217,s329.692073311
186_17,s-6.796648266,s-3.879844375,s130.393064360
186_18,s-1.337959323,s2.864592044,s343.122370624
186_19,s-0.956919922,s1.488252936,s356.426432049
186_20,s-5.576000953,s-7.168616774,s321.286127030
186_21,s-7.891529201,s1.441161775,s259.277286522
186_22,s6.166281312,s-2.560609854,s352.324444128
186_23,s2.596282893,s-2.390830571,s155.824570127
186_24,s-0.057741641,s-6.888475964,s125.210134141
186_25,s7.281929124,s-0.341301428,s319.886438688
186_26,s4.093230655,s-7.763504511,s93.749642812
186_27,s4.792922108,s-7.740942358,s58.674800361
186_28,s5.655418613,s-3.151395104,s263.991438423
186_29,s4.560987326,s-5.319420298,s175.416354909
186_30,s-7.744423247,s-2.476796013,s14.378706290
186_31,s-2.741277183,s4.351696620,s349.557461310
186_32,s4.211299237,s-1.704938955,s224.178955027
186_33,s-8.018536280,s-7.241386782,s126.433109725
186_34,s-1.639306246,s2.076045932,s142.142084172
186_35,s-6.874580478,s-2.987067499,s115.496571004
186_36,s-5.681861252,s-1.413664072,s106.677348076
186_37,s-0.001888799,s-5.661066431,s80.785109276
186_38,s3.241699061,s-7.859129933,s153.386797919
186_39,s-1.646477886,s-7.852725947,s35.091835157
186_40,s-7.258455778,s6.672657837,s47.948537744
186_41,s6.616457189,s-6.189717444,s16.983840941
186_42,s5.901596251,s-0.743534881,s114.508128751
186_43,s7.733410962,s1.822258358,s131.224875789
186_44,s5.859039278,s-6.240366653,s179.143065128
186_45,s-7.531396553,s-7.705831897,s49.776284118
186_46,s-2.390565921,s-2.342817066,s212.153343098
186_47,s-2.962353808,s-7.259725915,s215.547944662
186_48,s-0.366971939,s-0.347322933,s17.849147986
186_49,s-4.422225735,s0.660819171,s241.167665858
186_50,s-0.131000193,s0.776368175,s355.389406361
186_51,s5.910014571,s3.602692025,s106.944484908
186_52,s2.676293956,s-1.361033005,s273.908205170
186_53,s-0.689353418,s-1.104601351,s82.128459844
186_54,s3.772405554,s-6.175587608,s94.509660891
186_55,s6.755819490,s-0.908565229,s106.983096165
186_56,s-4.635984790,s-3.284930105,s134.262805025
186_57,s5.512684902,s-7.309985998,s217.935787126
186_58,s7.828248453,s-0.274683451,s8.622422723
186_59,s7.043465003,s-5.542617993,s265.414996784
186_60,s-3.527654023,s2.643793370,s63.214544975
186_61,s-7.960119087,s2.375409745,s26.585690314
186_62,s-7.876905806,s-6.429052653,s99.531017920
186_63,s0.426870258,s6.040944967,s38.846242817
186_64,s-6.264549878,s4.712990163,s291.371072784
186_65,s1.519131894,s3.347309348,s32.751868835
186_66,s1.027542194,s-3.946077837,s148.679298895
186_67,s6.017268608,s7.643622856,s145.350371386
186_68,s-1.720740380,s3.804200215,s71.670781833
186_69,s3.898857742,s5.771071146,s99.243304756
186_70,s5.103658616,s0.274480098,s264.708359260
186_71,s1.162979086,s1.414663314,s235.792683643
186_72,s7.254217757,s-3.422601298,s280.288528146
186_73,s5.039974662,s3.444209854,s303.660181301
186_74,s7.339833320,s1.977785260,s282.347679718
186_75,s-6.715828133,s3.069454329,s286.302887146
186_76,s-5.846689161,s-5.770026286,s234.142968935
186_77,s-5.076460499,s-6.116848376,s314.425473410
186_78,s-5.848554613,s3.483240924,s219.900515789
186_79,s-5.274828436,s-3.004402411,s13.142443358
186_80,s1.383017825,s6.132228337,s140.061061919
186_81,s0.043509559,s6.995406720,s64.955172592
186_82,s-0.333421380,s4.149383683,s55.495119802
186_83,s4.592715144,s3.975486435,s167.308992135
186_84,s2.705013535,s2.797458058,s338.824203240
186_85,s5.558762837,s-1.503391213,s49.788780984
186_86,s3.648312125,s1.937289779,s288.603844945
186_87,s6.593903788,s-2.997305728,s109.944928934
186_88,s6.537696759,s3.907302212,s327.553006359
186_89,s5.876461171,s0.999326586,s253.139787118
186_90,s-3.819412956,s-4.409999134,s240.932311039
186_91,s-3.584899023,s4.132924626,s30.891328447
186_92,s-2.398205434,s5.523682796,s226.387706680
186_93,s-7.835270594,s5.228361467,s44.790600432
186_94,s-4.261312557,s5.508962732,s279.086139377
186_95,s1.086410205,s4.047838149,s39.643885221
186_96,s4.152423367,s5.572336411,s347.956039691
186_97,s0.098581454,s2.892211201,s304.764366846
186_98,s1.029115110,s7.622968822,s128.622655692
186_99,s3.244732093,s0.767527961,s72.710488606
186_100,s5.716882304,s7.923113344,s242.358417401
186_101,s6.912999204,s4.052126136,s250.458120345
186_102,s3.278127908,s-5.140106156,s120.702780535
186_103,s3.533665365,s3.080759749,s351.407739210
186_104,s7.725991110,s2.171494503,s303.378380038
186_105,s-5.393692265,s0.247978558,s5.042997289
186_106,s-5.538794061,s-4.440853712,s147.351071929
186_107,s-5.322404949,s4.668384228,s52.027583113
186_108,s-0.257245827,s2.217592547,s85.098477753
186_109,s-0.134308779,s3.750767979,s180.124368089
186_110,s-0.316387599,s7.942380577,s272.702869578
186_111,s-7.403871864,s-0.379154593,s203.562510389
186_112,s3.603078663,s6.719810325,s176.183668840
186_113,s1.670862389,s6.981622926,s121.137122528
186_114,s6.782005043,s0.982877305,s75.422575172
186_115,s-8.034652902,s6.595812399,s201.243630944
186_116,s3.909662492,s-3.937934742,s71.732856333
186_117,s-0.035724996,s1.607704913,s304.801134856
186_118,s7.869016028,s-2.308902645,s264.911138384
186_119,s6.723414582,s7.189565707,s98.883326693
186_120,s-4.818524217,s2.481298806,s219.595842731
186_121,s-7.911821342,s3.614420238,s185.199083403
186_122,s-7.172999361,s3.902064661,s108.996491562
186_123,s-3.096972909,s6.385112974,s189.689813388
186_124,s-1.720511104,s6.240306341,s237.369662630
186_125,s-7.695086366,s4.752873649,s295.980432065
186_126,s-1.688339963,s1.049221746,s290.995604090
186_127,s4.957670602,s1.065170090,s171.073827499
186_128,s0.037786267,s7.705740018,s209.333661299
186_129,s-3.464676494,s1.399367436,s89.760110570
186_130,s0.162628548,s-3.311371273,s39.892250972
186_131,s5.216897818,s7.813688698,s18.037773509
186_132,s-0.973044337,s5.951803848,s105.697807090
186_133,s0.926748412,s2.026452505,s307.483063614
186_134,s6.668612506,s6.975752561,s349.070619524
186_135,s-4.019923208,s4.219366674,s338.114918591
186_136,s-3.007992204,s6.727996953,s333.207860825
186_137,s-1.778853223,s4.427039458,s139.390735187
186_138,s-3.156862911,s7.727814031,s24.876804082
186_139,s-4.063839078,s7.085971668,s280.976296261
186_140,s-2.296166045,s6.119215651,s117.114598265
186_141,s0.581999474,s-2.113822051,s257.989104720
186_142,s-0.843912639,s-6.344076980,s328.563195083
186_143,s3.255123126,s7.643205598,s14.475981461
186_144,s0.959736118,s4.468313290,s242.675386999
186_145,s-6.041881815,s1.861967270,s240.372405913
186_146,s7.799837408,s6.814015035,s229.947723526
186_147,s3.839166537,s2.789682336,s27.026635497
186_148,s5.001348697,s4.729203408,s324.658063858
186_149,s1.843128149,s4.209935079,s23.567900864
186_150,s-7.147164365,s4.577683906,s105.193210552
186_151,s-6.315981828,s3.099035044,s266.720126717
186_152,s-6.207823149,s4.323436049,s52.923458374
186_153,s-1.920031505,s1.615847665,s45.002439079
186_154,s-4.127852578,s2.659723351,s61.571427490
186_155,s-0.525890787,s5.061925027,s221.819939975
186_156,s-1.708787075,s0.028758184,s231.823656609
186_157,s-3.042376283,s3.777257557,s61.139755408
186_158,s0.437085108,s6.032778236,s294.017369868
186_159,s3.151023019,s3.933592912,s48.546538597
186_160,s-0.882464355,s7.409646262,s21.436257623
186_161,s6.203293413,s7.343484880,s33.212132350
186_162,s1.167003122,s7.586877526,s282.093749361
186_163,s7.577816926,s5.665055892,s171.524193178
186_164,s1.531426635,s2.305181686,s58.741457834
186_165,s-7.763180290,s7.875632415,s160.901709250
186_166,s-6.242162252,s5.318350814,s259.490936430
186_167,s-5.783142743,s7.305565543,s67.001735934
186_168,s1.942752822,s6.935553528,s228.231154386
186_169,s5.224865904,s5.308968390,s45.501247147
186_170,s-6.669390719,s2.037884811,s144.123699565
186_171,s2.874468884,s6.502719522,s310.332984079
186_172,s-2.761252033,s7.801120423,s39.898824906
186_173,s-0.859411569,s5.602323549,s47.351794599
186_174,s3.509345009,s6.894796227,s272.385176682
186_175,s4.144726009,s3.110739376,s262.257227479
186_176,s5.942678032,s5.856181351,s268.957664229
186_177,s4.846426317,s6.749597308,s172.992721191
186_178,s-1.576029347,s7.917447924,s114.732653631
186_179,s7.792358630,s7.851878144,s327.022448595
186_180,s-3.423168053,s-0.197989669,s102.249664164
186_181,s-7.948784417,s7.310980325,s221.218948556
186_182,s-3.199010922,s2.587851666,s272.018487448
186_183,s-6.841607789,s7.902859595,s244.281376862
186_184,s-0.442208716,s6.936554561,s303.901176143
186_185,s5.035705598,s1.697695093,s123.163182156
187_0,s-6.594533710,s-5.736119126,s258.960939587
187_1,s-2.966191273,s-4.401135387,s332.432900581
187_2,s-7.126940121,s-4.524848127,s130.635629450
187_3,s-1.110640468,s-7.805941968,s216.001856358
187_4,s0.261121759,s-5.356219189,s300.625525424
187_5,s-1.182845840,s-3.758990027,s264.200687507
187_6,s0.303963906,s-4.693631214,s305.342224392
187_7,s-5.192841364,s-7.526380429,s93.834891898
187_8,s1.047373455,s-7.714188689,s179.765930026
187_9,s0.339617650,s-6.865150326,s57.327726590
187_10,s4.907800501,s-6.705320553,s67.200194193
187_11,s-3.925735632,s-7.303765904,s248.695045505
187_12,s4.350770911,s-3.240575411,s200.854128824
187_13,s7.276006358,s-6.665471064,s275.572916182
187_14,s2.777978688,s-5.438877656,s205.879659793
187_15,s-1.545145710,s0.602694242,s118.545639520
187_16,s-4.245883321,s-6.325965794,s53.566363782
187_17,s-1.676796784,s-7.902784667,s150.217068848
187_18,s1.663272443,s-0.868193551,s292.596872068
187_19,s-7.786419482,s-2.655574852,s80.861196427
187_20,s7.294109452,s-1.959843383,s100.503951915
187_21,s-4.843722791,s-4.508778751,s310.178452026
187_22,s-5.871656153,s-1.077083079,s331.600318597
187_23,s-1.663879357,s1.576819811,s132.749800401
187_24,s6.916944428,s-7.852633449,s44.047888397
187_25,s-0.917149552,s5.416158118,s137.344056146
187_26,s6.468227982,s-6.458695722,s123.288086191
187_27,s7.650091974,s-5.849678464,s20.623615050
187_28,s4.914021300,s-4.022908368,s238.775179763
187_29,s7.537386298,s-3.405789554,s271.755104955
187_30,s-5.069839997,s-2.400575711,s237.540491381
187_31,s-2.270907762,s-7.476225834,s285.539806978
187_32,s-3.381763610,s0.860784932,s104.722425263
187_33,s-4.912275740,s0.252329578,s325.795897443
187_34,s3.980695853,s1.407961255,s294.630047291
187_35,s-3.152428180,s-2.450850838,s334.563200057
187_36,s-0.212644582,s-7.729705152,s183.771504819
187_37,s-0.989016945,s-5.940629803,s189.713866468
187_38,s1.375847627,s-3.502444932,s80.180771415
187_39,s1.989622187,s-2.989364926,s171.722050348
187_40,s4.432710656,s-5.465115286,s356.464948992
187_41,s3.916000733,s-1.431497091,s355.519987302
187_42,s5.696411006,s-5.624937568,s169.211604840
187_43,s3.711818740,s1.083630572,s218.064676055
187_44,s6.804100943,s1.927074169,s313.042729846
187_45,s-6.117414146,s-3.545802731,s0.190576553
187_46,s-7.568264123,s-6.487137075,s190.532253077
187_47,s-7.797098698,s0.018915977,s50.429416203
187_48,s-5.232726461,s0.715354011,s226.484014339
187_49,s-3.736842457,s-7.509253168,s351.008860561
187_50,s-5.613320538,s3.263937856,s51.145616958
187_51,s0.355785522,s-1.406673651,s335.483394257
187_52,s5.779665797,s0.855862256,s100.707937956
187_53,s1.888930604,s-6.612472749,s202.231056762
187_54,s1.654688366,s-5.040894709,s343.143545497
187_55,s-0.329567098,s4.023991451,s249.436398352
187_56,s1.245182682,s-5.743310647,s93.222749411
187_57,s4.158925442,s2.919528663,s155.009890563
187_58,s7.800842898,s1.163129131,s251.768956993
187_59,s1.218870685,s0.657188795,s5.783042290
187_60,s-5.129109336,s4.500717194,s174.378455440
187_61,s-6.410031566,s-2.032078144,s6.006226647
187_62,s-2.885132122,s2.553769253,s198.024938319
187_63,s-2.561807867,s3.194477199,s344.001980075
187_64,s-5.431357356,s7.024030332,s336.628294036
187_65,s-7.424801326,s-2.490812027,s322.262866930
187_66,s-1.843993586,s-1.930672793,s131.021813215
187_67,s-4.530161004,s-1.654236867,s84.596805263
187_68,s4.420984401,s-4.752573525,s85.104649684
187_69,s4.371247338,s3.661497876,s112.265926158
187_70,s7.431667905,s4.418228795,s181.795977587
187_71,s6.729126913,s-4.011059112,s100.064401017
187_72,s-1.703483683,s0.253920604,s337.680442029
187_73,s2.436572626,s1.900411362,s45.843415012
187_74,s6.973082758,s-0.830313078,s212.872891920
187_75,s-7.743635795,s7.191213634,s182.415216332
187_76,s-6.116152890,s7.092015358,s128.702123770
187_77,s-2.355684693,s0.956055685,s346.826697990
187_78,s-0.310008844,s-2.392201649,s288.710225476
187_79,s-2.167233557,s6.421214618,s171.564668394
187_80,s-0.075193189,s2.601754946,s23.900509012
187_81,s4.283872506,s5.007346274,s53.441847254
187_82,s0.802733894,s-2.935433194,s182.475250126
187_83,s-5.117413594,s-2.965397139,s11.945988369
187_84,s-2.479998740,s-4.617686102,s102.483342211
187_85,s-0.049298598,s6.127371673,s284.643023245
187_86,s7.392788214,s6.591422254,s252.609153922
187_87,s6.329458887,s1.904528168,s50.897501946
187_88,s5.398366552,s-0.526753627,s358.666472356
187_89,s6.891322205,s1.351374567,s181.996265266
187_90,s-6.786672613,s-0.912252427,s233.301171374
187_91,s0.480596983,s4.125555512,s323.339980982
187_92,s-2.874698957,s-3.354967486,s290.237923636
187_93,s-7.762328030,s3.253894387,s254.048801574
187_94,s-6.922948043,s2.121769590,s225.058750461
187_95,s7.844283914,s-1.631917809,s246.202308655
187_96,s-6.832537340,s7.309094513,s23.614171439
187_97,s-3.596569241,s-0.547156710,s345.276344919
187_98,s-1.005207667,s1.359163251,s17.757322238
187_99,s-0.263972763,s0.401136923,s248.022061267
187_100,s6.506397473,s-3.068649556,s171.369400766
187_101,s7.692475072,s-0.276045858,s87.392404772
187_102,s1.056485275,s-2.054884707,s200.753496811
187_103,s6.331792200,s2.503896226,s343.556708441
187_104,s4.781474906,s1.443663859,s185.114863641
187_105,s-7.293858758,s5.453311310,s22.428672114
187_106,s-6.910550644,s6.934081248,s171.434348965
187_107,s-2.940933835,s6.513374058,s85.534587282
187_108,s-1.433397585,s4.098884383,s248.123781564
187_109,s-4.360886428,s2.324696438,s229.677870684
187_110,s-7.176185190,s0.919596940,s193.359935074
187_111,s-5.698803488,s0.057681780,s198.937625629
187_112,s0.880732361,s5.101848501,s95.480161417
187_113,s5.993831400,s1.207943236,s221.756730776
187_114,s-4.061729515,s4.763123463,s125.566387119
187_115,s-2.652977262,s-1.884074641,s337.303809098
187_116,s0.525980833,s-0.959897998,s281.960158438
187_117,s6.558101736,s6.120544669,s95.262827693
187_118,s7.493751583,s2.582249362,s222.828477150
187_119,s5.919938409,s7.821671955,s345.767105908
187_120,s-7.752113782,s-1.306596031,s53.763235419
187_121,s0.112737846,s4.946330771,s285.424125756
187_122,s-2.812617183,s7.691848981,s82.316537595
187_123,s-0.904611841,s7.717460488,s199.461879776
187_124,s-4.496884586,s-3.416476649,s294.104748303
187_125,s-7.720518125,s4.840930246,s283.759657493
187_126,s3.767766159,s6.041607243,s129.546547501
187_127,s-0.811747989,s2.515043011,s229.761584282
187_128,s-1.245538605,s2.478271065,s209.655656739
187_129,s2.195464942,s6.539588048,s115.521049851
187_130,s5.344719676,s6.098966433,s52.214879993
187_131,s0.216860305,s1.531841409,s117.943334673
187_132,s6.882291483,s4.704659471,s101.708515122
187_133,s7.905222116,s0.464328127,s48.568201976
187_134,s7.865147234,s5.823897375,s71.152192178
187_135,s-6.736382604,s7.787583969,s36.598008388
187_136,s-3.825915678,s1.496789822,s160.028265346
187_137,s-5.062888748,s7.774825774,s7.059662938
187_138,s-1.264145828,s4.803441343,s263.675931637
187_139,s-1.602838696,s5.377356614,s126.005404371
187_140,s-4.365743952,s7.458000632,s113.692238197
187_141,s2.164258761,s2.800946127,s16.207775629
187_142,s1.387423505,s3.844088021,s355.337580371
187_143,s-7.859613846,s1.263887835,s306.988886333
187_144,s-0.061062453,s3.626604131,s39.518815265
187_145,s2.109090596,s4.832923646,s216.359168256
187_146,s-0.394689161,s6.520444356,s356.866326340
187_147,s3.117977289,s4.474369851,s316.867492065
187_148,s5.991508313,s6.623346970,s115.571675705
187_149,s5.400558792,s2.929139173,s274.960611157
187_150,s-7.441786958,s1.218507914,s281.611354699
187_151,s1.662564257,s5.486815944,s173.516568040
187_152,s-5.433731559,s3.713618277,s64.043040516
187_153,s-6.460037809,s5.062052086,s19.124189891
187_154,s-3.480337784,s3.299464899,s273.185389548
187_155,s-1.894185519,s7.492969255,s135.838216090
187_156,s-3.409441076,s4.191836746,s273.912480480
187_157,s1.212438945,s-2.342096289,s259.515934815
187_158,s6.094428575,s5.594285845,s175.712969615
187_159,s0.428764543,s3.821044937,s242.457194431
187_160,s3.296057782,s6.234765490,s245.820653318
187_161,s1.296184766,s3.426922603,s169.868695330
187_162,s7.013988074,s2.503758688,s239.916845148
187_163,s-2.423002295,s3.068240302,s324.943788163
187_164,s3.961951143,s7.593071076,s184.865078001
187_165,s-7.755874419,s7.781237554,s50.711705454
187_166,s-6.711966730,s3.396904078,s138.323162629
187_167,s1.135096935,s6.131784919,s233.083620324
187_168,s-5.118043664,s6.808297492,s269.909085794
187_169,s-3.649429201,s4.474679602,s187.961888875
187_170,s-1.987321790,s6.827212553,s70.742605808
187_171,s-4.475428426,s6.279876713,s241.116656534
187_172,s2.546422519,s7.348751314,s109.249659871
187_173,s2.646916893,s6.945274781,s269.283868838
187_174,s0.311335818,s7.585089351,s142.973330860
187_175,s2.376067809,s3.510354346,s152.931698287
187_176,s5.428586938,s7.319674385,s354.671970600
187_177,s5.032458553,s6.733120685,s191.224060031
187_178,s7.732025568,s7.809632039,s128.525564106
187_179,s2.150715600,s1.948280018,s266.765734316
187_180,s-6.393539585,s0.337321156,s38.330285808
187_181,s-5.947019703,s7.743031581,s234.890452329
187_182,s-2.850331658,s1.939664268,s135.999776818
187_183,s1.679025214,s7.709384037,s350.800851192
187_184,s6.295304918,s4.398417067,s265.465484449
187_185,s3.847624123,s6.568731495,s166.097026517
187_186,s7.078056395,s4.920379073,s68.895378892
188_0,s-8.396591098,s-7.243394022,s149.920951672
188_1,s-6.832435317,s-4.470430074,s96.792484409
188_2,s-6.034384770,s-5.164892395,s285.663811425
188_3,s-3.010688305,s-0.525295045,s147.697485271
188_4,s0.542117612,s-3.509447388,s86.149391022
188_5,s2.800706878,s-2.550314683,s114.440033002
188_6,s3.429512941,s-3.292640416,s248.139237676
188_7,s-8.236012045,s-6.062269620,s293.004068949
188_8,s1.683427255,s-8.275920320,s170.542244136
188_9,s2.188579405,s-6.310574121,s354.229842170
188_10,s6.249489563,s-5.157342243,s162.958596016
188_11,s2.986755487,s-5.166306358,s293.036437665
188_12,s-5.243308332,s-7.961158901,s0.335168051
188_13,s8.371639683,s-7.128534933,s151.549754871
188_14,s5.604503968,s-8.108507124,s292.956178482
188_15,s-7.802614054,s-5.848138942,s80.896346627
188_16,s-6.260843526,s-6.538851808,s99.263656297
188_17,s-5.555286913,s-3.797845113,s170.633702286
188_18,s0.965883208,s-4.427356920,s166.196609201
188_19,s-7.904431673,s-8.277411426,s23.338507323
188_20,s-1.036151114,s-2.485129421,s332.664598129
188_21,s4.031408941,s-8.188501629,s199.493045190
188_22,s-4.583769466,s-6.186917439,s140.894354071
188_23,s7.108776559,s-3.327383607,s238.057952681
188_24,s2.232930855,s-3.261454162,s2.791944959
188_25,s1.578179576,s4.651232069,s214.539065087
188_26,s7.002531910,s-4.577762296,s131.061181655
188_27,s7.430261899,s-6.912371866,s210.968667397
188_28,s5.017672528,s-8.171618903,s48.782319074
188_29,s6.250081052,s-2.394236911,s134.862697238
188_30,s-8.332611898,s-6.827803352,s61.293103102
188_31,s-7.827466690,s-2.260765172,s72.805292004
188_32,s-0.382689237,s-7.837713415,s317.286580559
188_33,s-6.129857696,s-3.621545757,s120.560452755
188_34,s-2.308196312,s0.589221167,s261.673915638
188_35,s-5.199552667,s-7.360666324,s205.227971879
188_36,s0.131175225,s2.389792709,s264.669256376
188_37,s-5.324764361,s-5.641399928,s169.827382580
188_38,s-0.376515389,s2.714883406,s88.160563081
188_39,s4.278331604,s-6.632904394,s192.765569286
188_40,s2.121250545,s0.800138095,s338.471942718
188_41,s1.404212537,s3.198207715,s164.924940367
188_42,s8.380898462,s-8.161746599,s215.786083404
188_43,s4.856272935,s-5.834728712,s128.425828603
188_44,s6.389741557,s2.412987182,s59.987557691
188_45,s-5.480126386,s0.638854595,s163.721488105
188_46,s-1.905590803,s-5.137089679,s210.313914373
188_47,s-7.287312743,s-1.957102981,s57.007506490
188_48,s-4.459780426,s0.671994308,s277.898997171
188_49,s-5.149002023,s-1.506692691,s0.570326406
188_50,s2.582566569,s-8.289406385,s272.507147027
188_51,s-5.667782309,s1.570629838,s235.218682744
188_52,s-2.152464652,s3.551806947,s236.932621462
188_53,s5.661411275,s1.798611984,s280.874513917
188_54,s2.259461207,s-5.264250245,s277.684589128
188_55,s6.255179832,s5.357297758,s304.745089152
188_56,s4.922797923,s-0.376586979,s106.064452116
188_57,s6.254161274,s-7.544877830,s345.382798966
188_58,s7.708533502,s-6.323816123,s301.747290902
188_59,s7.905474842,s-1.999010329,s351.971808897
188_60,s-8.313111980,s-0.880594923,s281.821258942
188_61,s-4.542472289,s1.500358670,s194.392676160
188_62,s-3.771370574,s6.416993400,s242.354107656
188_63,s-5.821399173,s4.797253762,s87.589994114
188_64,s-3.663926119,s-0.926648028,s91.540665154
188_65,s-6.205852018,s7.294034501,s292.788423988
188_66,s-3.052967620,s0.504916072,s325.383055243
188_67,s0.866365369,s-6.098572357,s166.568914999
188_68,s0.992417498,s1.778269501,s111.015921542
188_69,s2.679751726,s-0.939230223,s342.420923308
188_70,s-4.861942143,s-4.490720773,s154.553738598
188_71,s4.544324079,s-3.709295649,s108.161890993
188_72,s5.000761951,s6.666708737,s3.605291954
188_73,s8.097638180,s-3.861133042,s286.454287978
188_74,s4.337454772,s-1.760829138,s318.410537630
188_75,s-8.328703029,s2.778794599,s24.637042869
188_76,s-1.936278843,s2.131356534,s128.857003828
188_77,s-4.943655645,s6.021874130,s303.935662531
188_78,s-8.425324090,s-5.173037864,s20.673948103
188_79,s-0.371963824,s4.973288488,s32.350838222
188_80,s-6.635876812,s2.595564900,s30.573768413
188_81,s-5.181719474,s-2.477344380,s223.981960714
188_82,s-4.210722932,s4.934235780,s285.281634601
188_83,s-1.106877741,s3.238224269,s345.348421708
188_84,s8.339689780,s4.464473366,s323.135453874
188_85,s8.114464221,s-0.824797176,s280.329760799
188_86,s8.377991885,s0.545197889,s18.634002829
188_87,s1.356829577,s3.560522593,s0.536225327
188_88,s5.877065508,s4.118447622,s202.341316149
188_89,s7.903005943,s1.999459280,s65.399139788
188_90,s-3.228847674,s-5.818965860,s103.877607564
188_91,s-8.160490099,s1.020108517,s27.532077015
188_92,s-8.398316010,s0.934061074,s90.738534679
188_93,s3.130255118,s1.500633498,s18.473710125
188_94,s-8.263999759,s6.863224964,s131.186146688
188_95,s3.428498865,s3.853016384,s257.976999152
188_96,s6.278821746,s0.927164442,s136.979577300
188_97,s-6.154094390,s4.909425792,s27.085503484
188_98,s5.497632565,s-6.346017972,s4.440060234
188_99,s2.885885899,s-1.892862404,s297.610812479
188_100,s1.094798146,s-2.020161912,s180.016133080
188_101,s7.866107286,s3.555189635,s306.272320433
188_102,s-3.543446571,s1.089991758,s274.071841053
188_103,s7.306406216,s6.805948434,s64.004582637
188_104,s6.830806245,s0.410121440,s139.897274127
188_105,s-3.761395329,s-2.992271926,s262.507419465
188_106,s-7.136226901,s-0.280034579,s302.996450982
188_107,s-6.050378757,s4.161479367,s249.942562410
188_108,s-2.838655730,s3.898457329,s130.100684107
188_109,s3.293287570,s-0.907075876,s341.214834999
188_110,s-3.170993230,s6.613870581,s297.737933663
188_111,s-3.362036552,s5.059841806,s303.745813458
188_112,s-4.242136959,s3.823165143,s244.242835797
188_113,s2.658147332,s5.919284029,s20.503100418
188_114,s-1.661982525,s1.465469338,s335.030035406
188_115,s4.588569543,s3.909791181,s298.898440687
188_116,s3.971035603,s5.248209600,s335.142876938
188_117,s6.455692481,s2.394252537,s39.140294645
188_118,s7.190046949,s4.195209442,s303.065559215
188_119,s8.052686941,s4.936268941,s127.681666243
188_120,s-3.725809962,s2.705960073,s144.648969318
188_121,s-7.340778330,s2.641924930,s331.865601216
188_122,s3.279825115,s2.860339776,s94.735308973
188_123,s-3.005090431,s8.227937664,s277.493257486
188_124,s-4.636314691,s5.610133407,s262.590788979
188_125,s4.783578230,s6.280067394,s261.066340677
188_126,s-0.133058268,s7.547251373,s6.077457063
188_127,s1.291697152,s7.473764127,s10.315916050
188_128,s0.016673547,s5.933146915,s251.901040251
188_129,s-1.308898789,s5.816308396,s25.639478724
188_130,s0.505776738,s7.084531853,s102.228880401
188_131,s0.726971742,s5.635869623,s26.624544068
188_132,s5.994243066,s6.835086541,s215.311371879
188_133,s7.172678264,s8.186726461,s178.141803850
188_134,s3.864771635,s1.682609577,s34.610811350
188_135,s-6.801615940,s4.838694486,s130.757584161
188_136,s-8.372427936,s8.031732280,s210.424618931
188_137,s-1.800702241,s4.005710964,s182.806043750
188_138,s-3.510232780,s6.291387567,s202.986081857
188_139,s-4.740274615,s8.250857075,s188.752941371
188_140,s-0.503867993,s3.676354539,s107.138103832
188_141,s7.736404176,s4.486682814,s353.219972232
188_142,s-6.551920375,s5.439439829,s336.763828906
188_143,s-2.091022953,s7.384222195,s156.172682027
188_144,s-0.913705863,s8.406308658,s57.006240376
188_145,s1.870405922,s6.766112280,s211.620464212
188_146,s1.790308804,s8.038670055,s39.411796433
188_147,s6.148145457,s-2.703307723,s173.331476273
188_148,s-0.109866856,s8.346279412,s252.327712438
188_149,s4.102377433,s3.784150754,s232.497174259
188_150,s-5.658899508,s6.086190671,s313.811086849
188_151,s-8.141835822,s8.253322191,s296.571804642
188_152,s-7.571336954,s3.461771126,s296.231522549
188_153,s-4.968557639,s4.190043122,s333.576612425
188_154,s3.757747339,s6.505016487,s1.641139697
188_155,s-1.308524671,s5.142072060,s318.931971447
188_156,s3.812876307,s8.258671020,s243.320866201
188_157,s-1.685782755,s6.924460556,s344.995021346
188_158,s-6.901906560,s6.688913443,s167.048330782
188_159,s-0.126189239,s7.613827479,s161.090525906
188_160,s5.493284713,s1.287249212,s9.035219681
188_161,s7.667659387,s8.267713590,s355.319653841
188_162,s2.460108056,s6.906384710,s296.080912561
188_163,s6.337118248,s5.194495984,s282.358029615
188_164,s6.693865025,s7.421520903,s169.870782190
188_165,s-4.672599305,s8.045453553,s191.599682833
188_166,s-7.121507811,s7.467862748,s215.402308538
188_167,s-6.579460844,s7.877531781,s119.546390581
188_168,s-2.061577412,s7.120106814,s353.662953470
188_169,s-4.531408352,s7.408398751,s317.092970854
188_170,s-0.497341233,s6.440854086,s212.280870333
188_171,s-2.858816867,s6.353880554,s97.423772440
188_172,s5.431279612,s8.221240360,s178.565319798
188_173,s5.746395064,s5.627020628,s317.017218422
188_174,s6.310509872,s7.187813710,s108.047909963
188_175,s3.242091685,s8.011237469,s86.198626947
188_176,s6.432234906,s3.255059476,s231.737136973
188_177,s8.422685469,s7.988399702,s37.303208660
188_178,s8.402700663,s6.423513990,s276.046839644
188_179,s7.945970703,s7.423713350,s293.299528144
188_180,s-7.815488674,s4.521993603,s353.875807972
188_181,s-6.367823181,s8.406308658,s304.984369317
188_182,s-3.963447806,s5.790615166,s357.083071037
188_183,s-7.707527717,s7.962925282,s241.955059425
188_184,s-5.717826341,s8.212670804,s193.037651966
188_185,s2.857648400,s3.973778400,s112.875196034
188_186,s-2.794594179,s7.739604376,s311.296744695
188_187,s0.036274561,s8.277252927,s232.858122082
189_0,s-0.470004524,s-5.209705128,s240.476777385
189_1,s-6.991954818,s-4.040779099,s330.345485015
189_2,s-5.212432969,s-7.205956442,s264.512739075
189_3,s-2.713207590,s-4.589068037,s123.341194141
189_4,s3.780414299,s1.240892761,s224.392343920
189_5,s0.576652363,s-7.761454476,s291.253267319
189_6,s1.335549519,s-7.901757034,s134.169129642
189_7,s0.283962146,s-4.447099373,s354.947889167
189_8,s-1.710562674,s-1.624797208,s207.570997893
189_9,s2.841104749,s-7.674824906,s260.716634876
189_10,s4.180750878,s-2.087994142,s307.925240763
189_11,s6.415267295,s-5.816669281,s70.559325946
189_12,s8.148090720,s-2.263528759,s194.971315367
189_13,s4.485533066,s-7.067173588,s338.002780171
189_14,s8.245506701,s-6.095186384,s193.326908036
189_15,s-7.969952299,s1.699649437,s121.350923451
189_16,s-2.654612435,s-1.571685975,s190.462720754
189_17,s-7.005914953,s-0.695262370,s311.461436562
189_18,s-5.344751973,s-4.702325803,s49.415672935
189_19,s-7.612164492,s-5.763338710,s347.458622367
189_20,s-2.303058063,s-5.118388217,s310.637070299
189_21,s-0.922489559,s1.621653577,s249.771841247
189_22,s-1.327556385,s-7.474809242,s284.015024517
189_23,s5.403677413,s-2.454792506,s214.949968198
189_24,s6.512550967,s-3.484032964,s286.090251500
189_25,s1.369277863,s-3.739520326,s156.998923272
189_26,s1.437466076,s0.395932097,s64.379308785
189_27,s7.570963923,s-6.621774106,s19.717961201
189_28,s4.126898332,s-5.370539391,s24.959584305
189_29,s7.594027419,s0.040586761,s300.219064351
189_30,s-6.482250367,s-0.446298329,s205.022006849
189_31,s-7.021405076,s-5.986078041,s156.163943368
189_32,s-4.236107397,s-8.006772251,s104.556175825
189_33,s-7.396184483,s-3.107880714,s248.669777931
189_34,s-0.352118663,s-8.079343981,s278.606490161
189_35,s-3.492764831,s-7.032822962,s37.414744799
189_36,s-0.900787587,s2.550107171,s42.053801843
189_37,s5.431610771,s-7.585008393,s319.626532311
189_38,s2.237799743,s-5.699967721,s20.368484331
189_39,s3.207217303,s3.797429250,s26.101388344
189_40,s-0.574864269,s-2.013185226,s94.042399982
189_41,s6.792230807,s-8.011068813,s168.191123633
189_42,s4.903919756,s1.791344254,s30.262609609
189_43,s4.192023416,s-6.218281447,s344.418519936
189_44,s3.611594991,s-3.093167115,s80.958716187
189_45,s-7.914921421,s-0.581330985,s6.603646457
189_46,s-4.033651799,s2.873227789,s252.588805222
189_47,s-3.403097037,s-3.439978928,s141.833074392
189_48,s-4.501826398,s6.436701580,s318.049818418
189_49,s-6.222117415,s0.694568551,s338.987722454
189_50,s-3.287737748,s-6.003133930,s16.326551327
189_51,s-2.197931036,s6.487785983,s57.417536254
189_52,s-4.567001269,s0.794239441,s109.594087156
189_53,s2.634500860,s-0.458796061,s216.780700412
189_54,s5.626915924,s6.761357746,s152.709207331
189_55,s7.340805738,s-4.546653999,s103.066694143
189_56,s-0.080172127,s-5.848268994,s189.597311205
189_57,s7.906352373,s-5.613922277,s291.660695221
189_58,s4.393531396,s-4.765553299,s81.675506737
189_59,s8.212136859,s-0.365153444,s172.706113314
189_60,s-7.969952299,s-4.890756090,s330.402844071
189_61,s-3.147304478,s1.735650841,s29.867550620
189_62,s-6.533333165,s-2.123481964,s339.415069746
189_63,s-2.427797506,s-0.606138124,s203.655253703
189_64,s-2.383836865,s4.777239250,s280.920468351
189_65,s0.134589862,s1.050068618,s35.912639457
189_66,s-1.080653417,s-0.824400572,s105.956307668
189_67,s3.324969223,s-0.455243755,s104.503381352
189_68,s4.354767114,s0.003229201,s184.316512934
189_69,s5.454816719,s-3.298624758,s308.334855784
189_70,s6.745750814,s2.257019254,s199.147371403
189_71,s1.051612543,s-1.090623167,s295.965547778
189_72,s1.382908543,s6.656344928,s212.619490643
189_73,s6.631914118,s1.367432052,s199.895987008
189_74,s6.695774296,s-1.103638509,s356.441911997
189_75,s-5.451203534,s4.025510498,s261.105044059
189_76,s-6.298907606,s5.821023620,s161.766973062
189_77,s-3.966615342,s7.225768339,s224.704873351
189_78,s-6.572359110,s-1.459589789,s199.083617219
189_79,s-5.918309459,s2.152244360,s301.167393812
189_80,s2.721944063,s2.634421707,s43.369233215
189_81,s-1.585979188,s-0.339580318,s270.758152050
189_82,s4.205688356,s2.917304029,s172.079034788
189_83,s-4.377169370,s5.954790810,s323.657697862
189_84,s2.543635826,s2.069835754,s168.146350884
189_85,s0.500423837,s-5.604246340,s222.601589915
189_86,s7.924395355,s0.635680188,s285.472046672
189_87,s6.748524397,s-2.768026137,s238.765336723
189_88,s3.128260208,s1.113102304,s123.470795259
189_89,s4.510667963,s-1.197213537,s53.916452971
189_90,s-7.223963303,s-0.196269423,s33.963087337
189_91,s2.298752559,s3.891289320,s357.159984799
189_92,s-5.081940437,s3.163008220,s60.101698886
189_93,s-0.587021605,s4.376472841,s58.691541502
189_94,s-0.707008703,s-3.333759503,s76.907891647
189_95,s-1.271018905,s2.668348725,s132.080590462
189_96,s-4.601122626,s-1.074167837,s310.228739376
189_97,s5.756231771,s4.000005847,s19.339242041
189_98,s4.614456605,s6.962930683,s215.420953478
189_99,s8.209202080,s-4.349735433,s318.465849437
189_100,s2.296616413,s6.260409506,s293.944528539
189_101,s2.139240517,s1.067580109,s304.171036746
189_102,s4.979312010,s3.443792010,s135.884132742
189_103,s0.061326311,s3.620585600,s268.435551375
189_104,s5.494993544,s6.614519587,s21.535755207
189_105,s0.792117493,s2.503842787,s268.655973987
189_106,s-6.221658361,s5.028998898,s121.334077834
189_107,s-2.169410435,s-4.524911837,s186.926210729
189_108,s1.303396264,s5.396492754,s21.249132981
189_109,s-5.739101499,s-3.282423047,s342.125376995
189_110,s-7.892460264,s5.461897893,s218.145311163
189_111,s-1.092626755,s3.772481377,s5.679141212
189_112,s7.398422217,s1.687610039,s159.844353690
189_113,s-7.899374303,s4.293070880,s308.473057129
189_114,s5.386429294,s4.779813199,s338.340754333
189_115,s6.356279091,s5.842847626,s349.435207060
189_116,s6.355901814,s6.417885984,s126.826186383
189_117,s3.348217874,s6.210717692,s350.230226383
189_118,s4.952966337,s5.142764080,s296.599177253
189_119,s7.455377966,s6.844269694,s161.583619872
189_120,s-7.674895783,s1.309591127,s253.891126795
189_121,s-2.523641535,s5.706262418,s76.492969611
189_122,s-3.005423444,s5.805072645,s216.779477901
189_123,s-4.743656935,s3.459996673,s357.521027620
189_124,s-5.284761625,s4.865596279,s300.150765351
189_125,s-5.325961152,s-0.229304577,s285.329566921
189_126,s-2.471721931,s3.914637483,s273.498042497
189_127,s6.476116569,s3.079862396,s302.790152790
189_128,s0.732425607,s7.521844610,s72.795553077
189_129,s4.529892179,s3.087855874,s98.133627338
189_130,s6.085967259,s5.122760545,s24.555518099
189_131,s7.746592598,s3.007987152,s69.425619968
189_132,s-2.464066187,s7.212242281,s270.417015803
189_133,s-0.162018138,s-1.338269205,s312.551808378
189_134,s8.194365691,s1.246094145,s353.333516848
189_135,s-7.546310467,s7.590624765,s338.425513027
189_136,s-5.380514741,s7.844531732,s255.551971804
189_137,s-7.909444222,s6.827010244,s85.742290012
189_138,s-3.329265926,s2.942589675,s288.576220779
189_139,s7.901558562,s7.414414123,s32.567011706
189_140,s-5.260761152,s5.366692503,s290.436683912
189_141,s-4.803752440,s1.621009201,s122.396360129
189_142,s-0.197264308,s7.837989863,s157.063537236
189_143,s3.029832406,s3.470553129,s235.421454226
189_144,s7.940908305,s3.372640373,s182.295533797
189_145,s8.019153764,s7.897763375,s151.669520359
189_146,s7.998681423,s6.558036140,s159.068451606
189_147,s8.125872290,s3.929579350,s195.982430987
189_148,s4.053291255,s4.763540889,s285.430429073
189_149,s4.076573139,s1.550858862,s19.633922492
189_150,s-1.096868297,s4.179191110,s216.052356318
189_151,s-4.972531560,s8.023566489,s269.088449838
189_152,s-4.372378585,s-5.931756865,s21.698926430
189_153,s-5.420306453,s7.129654473,s120.365714963
189_154,s-1.164777964,s7.779109480,s301.884986972
189_155,s-1.090202438,s5.899548434,s61.562176010
189_156,s-2.856143634,s0.733415448,s165.887369170
189_157,s-1.788100684,s8.019626171,s117.283432909
189_158,s6.980220149,s4.680988819,s281.612221050
189_159,s4.402349121,s5.064237903,s35.644596041
189_160,s-0.218770519,s2.029672084,s344.227256891
189_161,s0.679641289,s5.973380187,s14.797672964
189_162,s6.107417323,s-4.796323264,s283.567637153
189_163,s4.007116462,s7.495086465,s313.792215098
189_164,s1.961260128,s3.225620283,s143.973739191
189_165,s-3.652454131,s3.652262546,s264.196314337
189_166,s-7.464120256,s6.277502133,s271.923829500
189_167,s-5.975706395,s7.774939485,s259.981313058
189_168,s-3.209923835,s7.827972362,s180.913180171
189_169,s3.346562004,s4.701255263,s213.806368430
189_170,s-0.176326329,s7.869763358,s347.403362443
189_171,s4.034606828,s8.016125946,s51.523653761
189_172,s-2.893610666,s7.751812780,s108.372336380
189_173,s2.651235657,s5.102826497,s353.953636091
189_174,s3.083767629,s8.012767952,s347.610542465
189_175,s-2.734126887,s7.515867015,s242.751359659
189_176,s5.023051277,s6.137927506,s227.581185607
189_177,s6.217130273,s3.361761421,s144.761369837
189_178,s5.611415338,s7.964895051,s357.316354315
189_179,s6.808760715,s7.810580715,s40.393542147
189_180,s-7.415106661,s8.023566489,s246.477947525
189_181,s-7.941012343,s7.968497959,s93.337911248
189_182,s1.100106535,s4.436958932,s268.377971507
189_183,s-7.167980108,s6.496604316,s64.446576942
189_184,s-7.850759347,s2.931302558,s37.938655443
189_185,s-6.119056276,s6.104469691,s303.980280571
189_186,s1.062045743,s7.017781396,s78.409385030
189_187,s-2.462982699,s2.265235261,s356.743824261
189_188,s5.065415677,s2.370748989,s121.117722668
190_0,s-7.244905391,s-5.072132403,s188.610091685
190_1,s-4.561668307,s-5.747288929,s154.869811740
190_2,s-6.398130551,s-6.666819458,s163.652514534
190_3,s-4.204855975,s2.141274316,s352.015270187
190_4,s-5.044748073,s-3.414529559,s349.428545458
190_5,s1.714460064,s-1.205364410,s178.434764148
190_6,s-1.331773311,s-6.231998779,s277.542623620
190_7,s3.880406817,s-1.906156011,s311.687953312
190_8,s-1.627772328,s-7.807145517,s324.579078729
190_9,s0.200757460,s-7.355292708,s157.738187379
190_10,s6.955286416,s-7.794389288,s245.329059335
190_11,s5.096715677,s-2.961924371,s152.642479614
190_12,s1.838855456,s-6.746492762,s262.150288881
190_13,s3.773450916,s-4.935618743,s58.918726076
190_14,s5.779584055,s-7.248198794,s247.802616800
190_15,s-3.429594431,s-1.565774911,s98.106526930
190_16,s-3.083625877,s-5.819877050,s277.553414839
190_17,s-2.003205114,s2.412914971,s109.772127631
190_18,s-7.440361659,s-7.752012499,s24.557872046
190_19,s-5.213881864,s-4.567034125,s73.983921632
190_20,s-5.250215437,s-7.514669032,s130.550585278
190_21,s-1.516321364,s4.816004973,s233.398827079
190_22,s-1.697568962,s-3.688477330,s31.723875115
190_23,s-0.277965717,s-7.620058287,s254.759142288
190_24,s7.762993589,s-5.200383461,s205.252930461
190_25,s3.493941003,s0.166247111,s108.792206721
190_26,s0.530736793,s-3.585530256,s218.196990302
190_27,s7.684082534,s-1.580145453,s136.200059070
190_28,s7.594179099,s-6.686598607,s124.135809972
190_29,s6.562177609,s-4.320983596,s201.596694516
190_30,s-6.673853421,s-6.098831252,s76.014728739
190_31,s-2.653883815,s-2.972084698,s316.173975717
190_32,s-6.628187302,s1.029548024,s284.550418580
190_33,s-5.903504796,s-2.568520724,s152.844703872
190_34,s-3.984261880,s-1.490184873,s15.877309495
190_35,s-0.780268804,s0.227865005,s218.517515465
190_36,s-3.004971619,s-7.451662535,s324.627090327
190_37,s4.005120734,s3.720011689,s327.651212183
190_38,s-3.586106847,s5.480828627,s34.263873103
190_39,s-1.345206286,s-5.711175818,s242.206629239
190_40,s0.352643357,s-2.655544308,s277.153321852
190_41,s5.997216906,s-2.601288541,s100.124627239
190_42,s7.573222780,s3.805443980,s40.687769693
190_43,s7.518557993,s4.087320332,s289.004578650
190_44,s4.823738375,s-6.535744971,s245.890449862
190_45,s3.934326909,s2.363363514,s341.237271176
190_46,s-2.055533345,s-3.340541612,s330.463087667
190_47,s-3.025475433,s-0.473826754,s246.448625169
190_48,s-5.400082048,s1.398395345,s338.389379381
190_49,s-3.690560499,s-5.054257413,s68.749645698
190_50,s-5.942404906,s-3.923611675,s25.991945461
190_51,s-0.046189347,s-3.019969287,s156.444898264
190_52,s3.386366557,s-5.520732309,s353.899837815
190_53,s2.825440006,s-7.023596480,s191.824349773
190_54,s4.291888616,s-3.419816511,s163.435586172
190_55,s4.692383543,s-1.471999598,s43.392624296
190_56,s6.564100591,s1.190497289,s314.503213203
190_57,s5.462989384,s-0.948849546,s218.094467323
190_58,s6.484781127,s-0.247225596,s233.803898391
190_59,s3.838725302,s-7.261068774,s276.362585076
190_60,s4.018143955,s-3.475816823,s6.173149416
190_61,s-5.472236164,s1.762413706,s317.198013396
190_62,s2.338884786,s5.568059077,s235.062931571
190_63,s-7.375107500,s-4.135891825,s265.923805524
190_64,s1.426898322,s-2.730072703,s67.956946504
190_65,s-3.590147548,s-2.579339103,s160.510616858
190_66,s-3.305085808,s-4.820778518,s122.249500122
190_67,s-0.380803959,s5.129882801,s199.647221614
190_68,s-1.049048895,s-7.106882317,s338.329425601
190_69,s-0.192274695,s-4.949385733,s45.380494873
190_70,s6.666559835,s-6.011820365,s46.606665678
190_71,s7.762993589,s-7.656290363,s108.668062475
190_72,s1.352129304,s-4.571371057,s121.855753689
190_73,s-0.465806789,s-0.950619267,s187.612267435
190_74,s7.024044340,s-4.240935402,s208.880863005
190_75,s-6.894844413,s-2.851814661,s317.988325215
190_76,s-7.105494228,s6.118182147,s163.257428848
190_77,s-7.481310044,s-0.622205716,s320.887847928
190_78,s-4.170752844,s7.294265313,s297.410371224
190_79,s6.515028599,s2.858272831,s259.692297516
190_80,s-4.300915186,s-0.626969136,s51.844956865
190_81,s-0.861008737,s-2.360452647,s326.394632376
190_82,s4.266680895,s-0.898993727,s219.773752020
190_83,s2.080105027,s1.306257142,s232.535828673
190_84,s0.960364157,s0.269791477,s309.705075872
190_85,s3.591571215,s4.789943093,s347.304394701
190_86,s4.056003738,s1.592511511,s310.186349425
190_87,s7.460212897,s5.837576631,s143.809148195
190_88,s5.409526430,s3.883830396,s187.921932833
190_89,s0.902599782,s1.550010790,s113.082405982
190_90,s-5.390278539,s-1.447938310,s190.204507067
190_91,s-4.343407292,s0.969889183,s222.541583776
190_92,s-6.252314018,s3.844383265,s238.671581693
190_93,s-5.886270228,s7.269821796,s231.287322224
190_94,s-4.866689315,s-0.418250884,s262.586615385
190_95,s-6.287377922,s-7.707785106,s339.212105994
190_96,s6.294284697,s7.416190862,s188.455319436
190_97,s2.014361937,s-2.873257332,s279.171097781
190_98,s-5.590666573,s5.503345197,s12.649086616
190_99,s5.165345251,s-5.756898706,s291.895709848
190_100,s-5.337983931,s0.161423912,s249.312822214
190_101,s5.559070929,s0.185032838,s12.889536600
190_102,s2.115765463,s3.266044413,s173.412949568
190_103,s7.745903164,s-4.647742227,s125.568740236
190_104,s7.532782908,s4.969448160,s205.307778412
190_105,s-7.147467947,s4.116770685,s73.404808236
190_106,s-7.369582425,s-2.472652224,s29.774327050
190_107,s-0.608719890,s1.841589433,s59.012107275
190_108,s-4.915345446,s7.311299516,s110.777957548
190_109,s-5.271885317,s2.183518029,s255.233450994
190_110,s-2.447464000,s5.685624039,s82.226224989
190_111,s4.845049652,s4.562182616,s251.603833505
190_112,s-2.732943802,s7.328476613,s286.301323423
190_113,s-1.835484948,s0.637379480,s190.443181904
190_114,s-3.185216963,s4.957411644,s248.988945607
190_115,s2.974610266,s5.971303464,s278.749721824
190_116,s0.280178422,s7.351840886,s164.472161984
190_117,s3.269224869,s7.109505944,s42.672007340
190_118,s1.706422850,s0.317431034,s84.511173947
190_119,s6.395049688,s4.160919642,s243.098727252
190_120,s-2.515162661,s2.906707058,s111.111973957
190_121,s-6.768420469,s-0.749900016,s233.832536614
190_122,s-7.481310044,s4.518965598,s62.536486479
190_123,s3.919072236,s5.986288665,s23.035977859
190_124,s-3.592310656,s2.414863976,s339.618399537
190_125,s2.352186702,s5.079355526,s348.991169253
190_126,s-6.804006598,s7.404901799,s192.066809678
190_127,s4.599391544,s-1.831481228,s317.117434461
190_128,s1.384261903,s7.221076901,s59.516503695
190_129,s1.567574188,s-0.912278016,s235.870717605
190_130,s3.028340009,s-4.448311345,s162.798919793
190_131,s5.158811716,s-0.159694227,s30.488288431
190_132,s-0.080164064,s0.333458282,s101.075336601
190_133,s5.259172929,s6.585105353,s194.934009971
190_134,s4.298242991,s0.696880076,s273.926426730
190_135,s-3.585851540,s3.470699874,s119.880248931
190_136,s-1.094379852,s2.060781643,s222.447243820
190_137,s-3.745799401,s7.005691207,s312.880184374
190_138,s-4.937226929,s-2.154715634,s17.946143912
190_139,s-2.569020806,s-1.720147597,s247.159817106
190_140,s-7.466968382,s1.001869408,s90.981047917
190_141,s1.962846350,s4.146096865,s261.634423406
190_142,s4.298700303,s6.446975431,s166.789303868
190_143,s-7.481310044,s4.955254866,s82.771616825
190_144,s5.844895039,s4.741596726,s354.487820055
190_145,s7.585613052,s2.304075856,s307.633887040
190_146,s1.568536744,s2.815737223,s214.535884939
190_147,s7.614648555,s-0.825323184,s6.172030778
190_148,s7.714092291,s6.840405275,s98.119135149
190_149,s5.441916222,s1.022470131,s357.673491195
190_150,s-0.179944264,s5.549265723,s331.879793808
190_151,s-7.481310044,s6.075603303,s119.362504137
190_152,s-7.250693274,s1.903877622,s219.493403916
190_153,s-4.232301132,s6.235781217,s340.511259897
190_154,s-6.786804570,s2.459885414,s331.347524393
190_155,s1.016366711,s2.568281969,s18.747462257
190_156,s2.927349134,s0.528213661,s63.967240244
190_157,s0.541525007,s3.766278215,s206.432983613
190_158,s-3.459136291,s5.893401208,s222.969592329
190_159,s-6.842166913,s5.028947876,s225.223159916
190_160,s-3.218493607,s4.101558449,s299.641738972
190_161,s2.973277322,s7.309229038,s106.946714279
190_162,s6.973311428,s6.446332902,s194.938378291
190_163,s1.487880499,s3.218210581,s343.267750830
190_164,s4.618023687,s7.196164214,s35.904058294
190_165,s-1.089862695,s6.806855651,s69.185169147
190_166,s-4.213115875,s4.323526997,s137.011147746
190_167,s0.321844566,s6.708577733,s269.669594516
190_168,s-6.524833233,s1.555671024,s308.964933606
190_169,s-0.661932887,s0.477081257,s169.410274319
190_170,s-1.185098921,s3.106994063,s176.906702706
190_171,s0.210801201,s6.802827340,s291.468129497
190_172,s1.824828124,s6.248853050,s210.656048922
190_173,s6.233325808,s6.302131077,s347.387173886
190_174,s4.364245121,s2.740172725,s51.115334681
190_175,s7.549887491,s7.365700673,s17.585528012
190_176,s5.255718415,s7.363032868,s170.534105660
190_177,s5.644714287,s5.844027647,s138.575151385
190_178,s4.314207100,s3.562972624,s249.365964338
190_179,s5.451352190,s6.887248851,s286.620854883
190_180,s0.487223626,s5.763400197,s169.295655040
190_181,s1.142168582,s4.796712882,s219.156178590
190_182,s-0.643489839,s2.795011905,s281.770292733
190_183,s-2.664398136,s3.709810812,s117.099666505
190_184,s-6.362613460,s-1.860411500,s344.240738187
190_185,s-1.802945875,s7.393732554,s102.531952708
190_186,s2.854830369,s6.716874698,s271.099571500
190_187,s-1.675303057,s5.461538525,s196.125910064
190_188,s1.777731448,s5.381114169,s169.702562544
190_189,s4.285474645,s4.315788672,s279.018764191
191_0,s-8.161696607,s-3.666211778,s197.050509615
191_1,s-8.153204027,s-6.654164876,s99.337500835
191_2,s-8.019275527,s-7.808635463,s146.374460057
191_3,s-3.700520912,s-8.454949153,s189.581400525
191_4,s0.997236455,s-4.892235725,s275.843103824
191_5,s-0.019248564,s-2.975596312,s280.405127567
191_6,s-8.006544723,s-4.330441785,s272.451734994
191_7,s2.408296988,s-6.113652546,s83.914957360
191_8,s2.069876639,s-7.359984489,s293.452147843
191_9,s0.304916694,s-4.087211529,s3.821277389
191_10,s5.184621366,s-2.951817821,s264.860784047
191_11,s3.034470223,s-2.759025283,s215.600856257
191_12,s0.823698713,s-7.047829736,s328.601511795
191_13,s7.239161177,s-7.458264340,s268.054847234
191_14,s7.448157876,s-1.670596251,s290.034418575
191_15,s-8.481604002,s-8.107091875,s217.486317250
191_16,s-3.796701004,s-1.636712770,s40.858471946
191_17,s-7.302943333,s-1.388934515,s216.548749451
191_18,s-6.775019819,s-4.934168804,s326.033631649
191_19,s-2.402682280,s-7.759148805,s79.984945648
191_20,s-3.002763676,s-4.315463090,s191.537978389
191_21,s5.353275281,s2.909779690,s344.841360125
191_22,s-2.356640449,s-6.999302242,s88.982407596
191_23,s-0.717465438,s-2.774464543,s14.954544748
191_24,s5.033067815,s-4.757515701,s192.916813506
191_25,s-0.989289361,s-6.664627615,s154.987595200
191_26,s5.505153036,s-6.327305519,s243.539112269
191_27,s7.813035837,s-3.671504484,s141.108199058
191_28,s8.407127324,s-6.224126165,s8.380812466
191_29,s3.589322962,s-4.573547398,s95.512362949
191_30,s-7.264981867,s-2.619164287,s48.175936639
191_31,s-5.633468143,s-4.229115972,s304.527415039
191_32,s-7.446181253,s0.959059244,s239.792317035
191_33,s-5.233511864,s-6.317219898,s61.980695864
191_34,s-8.436753175,s1.593896147,s247.643486680
191_35,s2.812204948,s-8.371467625,s282.391213496
191_36,s6.084807530,s5.150219148,s113.681611675
191_37,s-5.809685820,s-8.159220396,s7.207666759
191_38,s3.212833004,s-5.510529671,s81.981903822
191_39,s3.842907949,s0.564198831,s166.226647717
191_40,s1.720288161,s-0.626190268,s98.036709088
191_41,s5.686142910,s-1.921056768,s300.870404545
191_42,s3.798121948,s-2.201063589,s281.138082727
191_43,s6.773294281,s-4.083801853,s158.770440924
191_44,s8.138816773,s0.436403336,s147.878999905
191_45,s-6.843232393,s0.461925838,s119.750204565
191_46,s-3.520518707,s1.078144369,s132.625127216
191_47,s7.835806178,s-5.192838642,s75.182556904
191_48,s-0.778419971,s-3.563966911,s40.222460127
191_49,s-4.826565730,s1.773103889,s82.954075846
191_50,s-2.178851821,s1.026777093,s101.510426732
191_51,s-1.641974609,s-4.150418791,s133.398659876
191_52,s8.008192370,s-7.289174899,s239.854627785
191_53,s-1.859034791,s-0.899230900,s164.572419555
191_54,s4.795335211,s-8.505898416,s54.328854353
191_55,s5.738593054,s-4.447242340,s137.094835194
191_56,s7.967374593,s1.730525977,s195.937817792
191_57,s4.338581478,s-3.137073113,s16.474830854
191_58,s8.382794794,s-1.539494451,s106.514976066
191_59,s6.984673906,s1.543130567,s133.958984585
191_60,s-8.451529365,s-2.249794978,s14.889391711
191_61,s-2.682654473,s-5.615546357,s103.348293741
191_62,s-5.267266818,s0.917230085,s165.702489052
191_63,s-3.704737255,s1.524581605,s312.398901556
191_64,s-2.755984997,s-0.058702908,s174.407458676
191_65,s-3.232379687,s2.633176426,s258.433141222
191_66,s-6.974707067,s-3.973282295,s59.729384834
191_67,s-4.911101728,s-2.335995662,s290.540868736
191_68,s5.581876127,s-8.152574167,s289.755557800
191_69,s2.479105894,s3.212421164,s53.095968690
191_70,s-3.821578271,s-0.849948135,s268.178970984
191_71,s-4.263348570,s-7.422376916,s4.044253527
191_72,s8.041574622,s3.382212442,s117.011936647
191_73,s7.121693124,s2.819207865,s124.244228290
191_74,s7.175021894,s-6.606611901,s123.441778907
191_75,s-8.360880781,s2.291379349,s189.564471202
191_76,s-7.778626550,s6.071627482,s231.417244736
191_77,s-0.568433590,s7.471607371,s20.545572831
191_78,s-4.035710297,s-5.763363236,s154.839964452
191_79,s-5.700649118,s3.430745926,s19.457496822
191_80,s-1.477045135,s3.016110982,s352.002719022
191_81,s-2.051356596,s0.188119715,s309.754000606
191_82,s4.130868273,s5.662867178,s41.676945350
191_83,s-5.702960859,s-0.214643758,s49.950850086
191_84,s-1.751960829,s6.301917474,s204.367162250
191_85,s1.167417255,s1.494137107,s62.161070565
191_86,s4.462165716,s7.097729153,s11.146774001
191_87,s3.413796826,s-0.716090307,s82.638657551
191_88,s1.091894267,s-2.258105597,s204.628997820
191_89,s6.201018420,s0.683371561,s272.503091542
191_90,s-8.465321171,s-1.432403895,s153.740274799
191_91,s-8.333039848,s5.655222055,s268.928477517
191_92,s-6.724363946,s7.882165291,s190.957023665
191_93,s1.060789653,s5.325136744,s163.570578817
191_94,s-6.262866413,s6.777453191,s151.418569927
191_95,s-4.607636595,s7.484088103,s260.593761439
191_96,s1.366308552,s7.756757706,s278.414052368
191_97,s-0.115852736,s6.955585834,s224.930873585
191_98,s1.818194991,s0.872439886,s277.803550153
191_99,s4.484253006,s0.338792134,s172.006581904
191_100,s2.192457633,s-2.693250013,s21.337570713
191_101,s3.172328136,s5.207596908,s50.309062603
191_102,s5.135534393,s6.848143934,s89.340500690
191_103,s8.227939488,s-3.078154193,s232.255125436
191_104,s6.790681080,s8.402709852,s318.432978890
191_105,s-7.448744150,s4.711823567,s233.656519262
191_106,s-6.683426550,s4.053844532,s125.331976179
191_107,s-8.429937117,s4.193984053,s41.698333121
191_108,s-0.906148033,s1.400243279,s197.303893643
191_109,s-0.227789848,s8.385131143,s125.436948898
191_110,s-1.370578103,s5.636433711,s84.680687792
191_111,s-6.686752912,s2.333509825,s97.004131621
191_112,s-0.740242960,s-0.290501904,s319.117010030
191_113,s-2.154429019,s-3.938957226,s48.703138198
191_114,s-0.976156029,s0.976102366,s325.199802077
191_115,s1.999121583,s5.398287508,s185.577536053
191_116,s2.234470919,s1.998820332,s4.225166333
191_117,s7.009956103,s0.298056118,s181.761690142
191_118,s7.567796638,s5.488134762,s123.735371336
191_119,s7.778878714,s7.331003962,s160.454147652
191_120,s-7.186779656,s3.414992203,s298.953337019
191_121,s-6.496285907,s3.797784911,s112.291136105
191_122,s-5.675424082,s2.347116672,s36.956849954
191_123,s-5.931190777,s-3.354899853,s0.727143156
191_124,s-8.204840539,s5.118039249,s249.193275189
191_125,s-8.511765625,s7.187788880,s8.370584437
191_126,s2.709023474,s7.566169826,s195.083558600
191_127,s8.221674588,s6.357156329,s156.347958681
191_128,s2.502871725,s3.333453257,s242.909803826
191_129,s6.254516437,s7.495227382,s148.432183623
191_130,s4.062153480,s2.505452902,s203.882800954
191_131,s2.194230988,s6.356291288,s132.075652263
191_132,s3.827936202,s7.373181941,s246.536127508
191_133,s8.247175805,s4.397705287,s296.663138751
191_134,s8.052320982,s6.088867125,s319.388868655
191_135,s-1.394071038,s1.235606583,s43.468707024
191_136,s-2.892896935,s4.672319655,s73.535240589
191_137,s-8.279412549,s4.285784393,s356.920418176
191_138,s-0.483002798,s5.680615289,s137.728385233
191_139,s-6.005606988,s7.801420883,s269.685599082
191_140,s-1.091059469,s3.902365344,s326.821104846
191_141,s-5.063057141,s6.015191974,s207.941326694
191_142,s-1.921281143,s8.298772027,s320.631923780
191_143,s4.232353876,s0.510035329,s140.549765360
191_144,s-2.303571397,s8.396807159,s345.036138294
191_145,s1.406508636,s4.196784321,s160.727410781
191_146,s3.972562644,s2.908673280,s244.152565453
191_147,s3.337999251,s7.419081662,s125.453710577
191_148,s4.618492127,s2.924490061,s102.514747826
191_149,s2.086967106,s8.127405949,s92.502056957
191_150,s1.584579093,s3.070899271,s150.160088717
191_151,s-6.542960346,s6.121415699,s352.701114330
191_152,s-3.050795341,s6.983596749,s161.456120702
191_153,s-6.610396469,s-0.895846470,s138.275958402
191_154,s-2.293441428,s3.861925926,s351.673159243
191_155,s-2.626771949,s4.701434783,s134.132005584
191_156,s-3.788401031,s3.228866599,s102.526276309
191_157,s-1.639349987,s7.808237584,s270.221850727
191_158,s6.920935644,s5.195776927,s128.924365817
191_159,s-2.628102661,s8.402475321,s321.040509559
191_160,s6.162707296,s6.351092844,s226.429575495
191_161,s3.010631763,s4.232702466,s50.879083177
191_162,s5.965417180,s2.490639556,s26.900049770
191_163,s6.338087614,s7.227422197,s151.496168186
191_164,s5.476880885,s5.069435267,s66.193430113
191_165,s-8.454083880,s7.817471661,s348.521073567
191_166,s-7.918040396,s2.698506004,s268.555249631
191_167,s-7.309010045,s6.281173742,s50.232445082
191_168,s-5.054651800,s6.829859521,s42.676268308
191_169,s0.947589008,s5.028427226,s284.420623310
191_170,s-2.207790895,s5.112461020,s94.058696334
191_171,s0.183202019,s3.965858848,s246.514140036
191_172,s5.240721137,s7.979076340,s54.317130990
191_173,s7.638091497,s6.979212906,s272.614414985
191_174,s4.853092472,s-1.442570592,s162.807208009
191_175,s7.229029702,s8.180996198,s116.590290779
191_176,s8.239702055,s7.623425096,s10.529422686
191_177,s4.041280534,s8.260772823,s354.049886107
191_178,s4.711563779,s4.006802004,s141.578513873
191_179,s8.432295772,s8.404502596,s161.187458707
191_180,s-6.660860726,s8.456363695,s10.172027759
191_181,s-2.888712228,s5.810725247,s30.867558688
191_182,s-4.865626712,s2.812347707,s336.622742015
191_183,s-6.545620133,s8.318122721,s254.431889525
191_184,s2.641488514,s4.731006387,s197.523219272
191_185,s-3.717913164,s8.357574095,s197.994459417
191_186,s7.049597595,s5.786682185,s115.151751580
191_187,s-5.057837480,s8.100530500,s262.111263571
191_188,s-5.852134788,s4.506396968,s182.785154895
191_189,s-0.068928432,s8.141662056,s287.405472309
191_190,s1.229378676,s8.463693196,s288.857270751
192_0,s-6.610790920,s-1.167912821,s347.431804894
192_1,s-5.515430365,s-4.056630319,s149.322853567
192_2,s-3.609006614,s-3.038077841,s321.312200709
192_3,s-7.363025582,s-7.326632580,s309.370648346
192_4,s-7.943152960,s-4.062257340,s339.727671464
192_5,s-0.487988259,s1.925460876,s342.416478431
192_6,s1.297405870,s-3.677825614,s322.712157946
192_7,s-7.308627268,s-2.229715817,s79.731773482
192_8,s-3.426037648,s-7.948380207,s359.797093999
192_9,s0.113478120,s-4.602559898,s233.176710876
192_10,s5.194584838,s-5.761601454,s271.773765330
192_11,s4.863360158,s-4.788436957,s128.779523384
192_12,s3.705661586,s-0.185568796,s14.704957884
192_13,s6.843807775,s-6.010207315,s62.804471044
192_14,s7.549330932,s-1.967207606,s227.988992771
192_15,s-7.946077878,s-7.848576791,s329.682180388
192_16,s-7.810551285,s-4.646377789,s6.337606348
192_17,s-7.192110418,s-2.844697980,s272.271005775
192_18,s-3.062446507,s-6.049742936,s127.566548406
192_19,s-0.607603822,s-3.840546241,s251.797278983
192_20,s-0.104902250,s0.467970703,s33.982638516
192_21,s-1.786975761,s-0.255135202,s192.640723789
192_22,s-2.060946794,s-1.102897734,s227.315318651
192_23,s2.379265917,s-4.735649469,s178.907301446
192_24,s4.224655166,s-2.746032622,s108.267987025
192_25,s-1.730888521,s-1.659187201,s98.263879014
192_26,s-0.230403524,s-1.336374438,s107.674019946
192_27,s6.664052032,s-7.529653869,s82.799026188
192_28,s7.666487842,s-5.233029714,s248.976385874
192_29,s2.401051518,s1.752778130,s115.275116327
192_30,s-5.283821377,s7.152561949,s177.866771396
192_31,s0.225205876,s-7.792764484,s16.448902681
192_32,s-5.832312025,s-2.626453980,s5.178028737
192_33,s0.628190658,s7.528573673,s319.842379685
192_34,s-1.096305597,s4.834284144,s219.861736839
192_35,s6.730389997,s-2.798481749,s288.720008846
192_36,s2.939361444,s-7.375906459,s123.722831370
192_37,s-2.420545381,s-6.709598327,s322.571862176
192_38,s-0.797246996,s-0.364454370,s343.117211327
192_39,s0.467252008,s2.184080308,s209.863289739
192_40,s-2.308950397,s1.023595068,s275.657022975
192_41,s1.571339669,s-6.255470536,s144.716455209
192_42,s7.696974443,s-5.951467413,s356.051709591
192_43,s2.952315706,s-0.561251315,s98.409849237
192_44,s3.613267326,s-5.541764686,s6.917232526
192_45,s-6.303825705,s-4.999793563,s97.011684182
192_46,s-3.466627356,s-0.179882762,s108.384688359
192_47,s-4.444291056,s-3.351447197,s55.604674427
192_48,s0.834455649,s-6.428712281,s116.353869534
192_49,s-1.624070552,s2.519754032,s205.157015748
192_50,s2.676747617,s-0.046422131,s356.561502521
192_51,s-5.107773266,s-6.435927695,s64.030581005
192_52,s3.884865476,s-3.935613963,s241.504061371
192_53,s-5.519051384,s0.928225966,s6.548133764
192_54,s0.877177367,s-7.801771054,s355.787743679
192_55,s3.982988751,s-5.409231637,s238.862162212
192_56,s6.616549893,s-1.598638667,s194.374932804
192_57,s6.009030894,s6.258303352,s114.562132703
192_58,s7.623897736,s-7.044212499,s194.924008579
192_59,s3.426226154,s3.256392237,s163.821895544
192_60,s-2.626823336,s-5.070647702,s110.873295527
192_61,s-2.524871693,s4.181427479,s304.581517205
192_62,s-3.915488141,s-5.458285538,s284.346866373
192_63,s-2.845515546,s6.493028832,s283.653190214
192_64,s-1.361791220,s-5.413975410,s172.609080266
192_65,s-4.843972969,s6.223212243,s73.505871586
192_66,s-3.505674830,s-4.649253589,s59.797985976
192_67,s5.656791539,s-5.545174763,s73.359365984
192_68,s3.940323058,s2.321950773,s293.356364014
192_69,s1.948786608,s-8.167204301,s8.403747867
192_70,s3.217430010,s6.843998561,s19.326529186
192_71,s2.248153056,s-2.632520650,s343.715730461
192_72,s7.049803696,s0.582768631,s81.381677002
192_73,s6.601675976,s0.395483902,s291.617897056
192_74,s7.734066746,s-0.948245798,s205.823864486
192_75,s-4.740975858,s7.017904142,s127.326824952
192_76,s-7.254306786,s1.102089964,s233.341545865
192_77,s-8.011346857,s-1.981909453,s325.663218472
192_78,s-2.995264958,s-2.167558708,s302.109401637
192_79,s-2.733926748,s3.889687058,s3.875339843
192_80,s4.887042321,s-2.690128089,s320.299502821
192_81,s-3.621787743,s1.496528318,s170.440115682
192_82,s-2.134499289,s2.683607500,s261.860568595
192_83,s5.385276159,s5.052535602,s14.016833834
192_84,s6.339601600,s6.403409935,s69.581109792
192_85,s3.654112567,s0.935588507,s348.748558347
192_86,s4.831655295,s5.349258187,s291.722914610
192_87,s7.351037069,s-3.677142429,s189.829326452
192_88,s2.182885711,s-1.627521186,s243.916454384
192_89,s6.874741642,s-1.818414533,s173.828321692
192_90,s-7.796335449,s-0.647339125,s127.700473917
192_91,s-7.346658574,s-6.527801817,s206.685503404
192_92,s-3.842277630,s4.663522834,s186.749699425
192_93,s-6.854186250,s3.078413852,s81.477552845
192_94,s-4.338982716,s-0.471683964,s215.760749089
192_95,s-1.241888117,s2.871067238,s53.940919875
192_96,s1.194528653,s7.205207216,s53.901839080
192_97,s1.508653408,s-0.738496454,s17.594396871
192_98,s-1.562836342,s0.503925118,s184.053178864
192_99,s0.928371787,s0.483200554,s13.551028131
192_100,s5.769126613,s-0.250049301,s347.074266996
192_101,s4.054938509,s2.766938084,s15.443658565
192_102,s6.079052304,s-5.401464727,s113.489718294
192_103,s-0.733265598,s2.927382089,s282.950184935
192_104,s7.768700033,s0.479729129,s20.189739793
192_105,s-4.675302999,s-2.587285374,s163.910457372
192_106,s-7.527601180,s-0.035543604,s308.305140983
192_107,s-6.077764657,s7.156260003,s131.105802760
192_108,s-8.011265136,s0.806252588,s316.497944384
192_109,s-1.988447454,s-4.827306246,s305.617643176
192_110,s-7.427750751,s0.034498622,s327.199309186
192_111,s-2.755876362,s-0.064089495,s297.683004183
192_112,s-6.213241158,s-6.721233429,s74.764432275
192_113,s-2.021250491,s4.742682384,s294.049579865
192_114,s4.358752577,s1.449289863,s80.358393579
192_115,s-5.705184792,s-0.135104674,s43.380393467
192_116,s0.781705758,s-2.057874001,s208.292539717
192_117,s7.164270654,s5.372671327,s145.113630944
192_118,s7.651813013,s2.715399033,s109.699717484
192_119,s7.544853631,s4.532214702,s319.204255482
192_120,s-8.060011470,s5.211102031,s310.269555789
192_121,s-6.372211300,s4.517207690,s308.939894205
192_122,s-4.029362461,s5.845489033,s191.165263982
192_123,s-5.767504610,s3.107855088,s346.773057465
192_124,s-1.170008802,s7.452094508,s352.218854322
192_125,s0.642859814,s1.700997514,s188.164939709
192_126,s3.548601391,s6.500759811,s324.393746427
192_127,s-4.731011513,s0.238216847,s115.920637091
192_128,s-0.187802714,s4.412404538,s300.333391727
192_129,s2.754469118,s3.736149092,s198.827288129
192_130,s0.515661135,s3.111958066,s279.574890660
192_131,s5.079509801,s3.103062844,s88.851433109
192_132,s7.671995474,s5.741705676,s268.497632198
192_133,s5.860892711,s7.170516840,s241.229837858
192_134,s6.121410089,s3.031496448,s117.216151630
192_135,s-7.993407441,s3.085698589,s17.565787428
192_136,s-6.394098671,s1.740725017,s40.183489788
192_137,s-0.709342154,s7.654844542,s107.442033395
192_138,s-3.009699176,s7.608507184,s252.190966420
192_139,s-3.304508101,s7.320819711,s237.743100399
192_140,s-3.983775517,s1.290046196,s205.985683744
192_141,s2.771182922,s6.425791288,s195.935154342
192_142,s-2.834550826,s0.964805654,s180.125789774
192_143,s4.786357745,s0.660887474,s64.209934545
192_144,s2.048449214,s5.253703401,s19.791013267
192_145,s3.213413968,s3.765215139,s104.373247811
192_146,s1.354878113,s5.894307258,s109.283026604
192_147,s5.255318705,s4.273535780,s262.373252436
192_148,s7.334298116,s3.661392058,s288.159059133
192_149,s3.932657368,s7.233882645,s322.448747556
192_150,s-2.527449807,s5.805054154,s118.908620501
192_151,s-7.690236130,s2.255061763,s312.226237097
192_152,s-2.737566164,s5.354180652,s237.000638118
192_153,s-7.081086910,s6.340755841,s55.414912408
192_154,s-3.494491606,s2.000059817,s248.747595065
192_155,s-6.700096391,s7.636641584,s219.478965968
192_156,s1.064013284,s2.829234105,s12.938164618
192_157,s7.312320750,s5.170276131,s348.567907955
192_158,s-7.743119488,s4.339930270,s65.609372504
192_159,s4.921667213,s4.007907258,s40.902748543
192_160,s3.948765410,s4.955628129,s280.762006488
192_161,s7.098559370,s1.037316360,s78.771872334
192_162,s3.576922680,s4.091668232,s118.321593959
192_163,s7.672249084,s7.649677509,s197.851684148
192_164,s1.723495450,s-0.044553027,s193.921651111
192_165,s-3.107387232,s7.374645901,s194.876939988
192_166,s-4.131278026,s7.291266213,s332.914210466
192_167,s-2.936186422,s3.419817879,s323.784190396
192_168,s-1.894898707,s5.620258191,s89.102131722
192_169,s-0.313382944,s7.059731098,s296.929503875
192_170,s-5.840740088,s3.346956750,s103.746724414
192_171,s2.216537543,s6.159189389,s241.427799616
192_172,s0.219179868,s5.431065321,s25.648985004
192_173,s2.860496081,s7.575086253,s63.490822916
192_174,s2.275909277,s4.575113737,s335.277553935
192_175,s4.928079930,s2.760822404,s6.321882584
192_176,s5.707363890,s6.521634648,s358.852444766
192_177,s0.909524954,s6.206399099,s92.317518499
192_178,s6.661115274,s7.255252934,s176.076088481
192_179,s4.948858774,s1.814222356,s239.280796131
192_180,s-7.906363555,s5.600446474,s359.291877233
192_181,s-7.490010405,s3.345068501,s229.603906396
192_182,s-6.259503637,s2.707745972,s269.081898595
192_183,s-6.959153415,s2.322303285,s357.970574004
192_184,s-2.105737890,s7.580848289,s353.700576286
192_185,s-1.126511870,s7.378377903,s267.086603920
192_186,s-0.285285704,s2.949983387,s340.213787025
192_187,s-0.961677224,s6.039809197,s241.221845245
192_188,s0.323466864,s6.711595146,s32.948969797
192_189,s4.569763903,s7.331410790,s301.819702656
192_190,s1.380376230,s4.018980232,s324.041882506
192_191,s6.183846960,s-0.566771013,s191.796376832
193_0,s-8.158088372,s-8.168404714,s88.857419787
193_1,s-6.024134213,s-7.801513859,s208.584419651
193_2,s-4.278899964,s-5.625091644,s328.822234525
193_3,s-4.827677344,s-2.902504876,s341.148413584
193_4,s-5.698138843,s-2.696592693,s115.631193170
193_5,s-2.160733013,s-5.733800153,s260.249111753
193_6,s-5.555853347,s-4.425679331,s53.624952008
193_7,s-3.499082944,s-5.553642667,s99.482410939
193_8,s-0.295281372,s-5.499784043,s220.681486168
193_9,s5.566117838,s-2.628071357,s292.523604142
193_10,s-0.023933797,s-2.101125379,s90.711459654
193_11,s3.998296350,s-4.196239319,s24.054194208
193_12,s2.282712731,s-4.442170545,s300.619262224
193_13,s-0.320705856,s-7.323438736,s50.586817840
193_14,s6.783084701,s-6.302386961,s35.530219199
193_15,s-1.725085140,s6.136996519,s125.372516867
193_16,s-5.937304600,s-6.981988657,s21.595198052
193_17,s-2.722276128,s-7.456083866,s327.629233431
193_18,s0.574176552,s-1.379631519,s298.920205811
193_19,s-4.012941595,s-4.533498581,s48.374613395
193_20,s-2.526086866,s-3.025386492,s166.775888381
193_21,s-3.102379404,s-3.586080935,s115.642116342
193_22,s-4.007865081,s-0.680423024,s84.558251590
193_23,s2.522370619,s-6.578879057,s144.430920291
193_24,s6.410705442,s-0.397085373,s274.598110940
193_25,s7.057458153,s0.273237289,s333.186626241
193_26,s7.299217425,s3.808432357,s283.330302947
193_27,s5.121484393,s-0.811357479,s1.202066552
193_28,s6.852629428,s-1.707198743,s48.060814325
193_29,s5.121588309,s-7.950511985,s262.708340972
193_30,s-1.306420240,s-7.665071535,s113.592318113
193_31,s-7.636865548,s-5.999235344,s115.769244832
193_32,s-7.715335317,s6.697582476,s330.154628612
193_33,s-5.649408111,s-5.102412034,s52.509383077
193_34,s-6.145481960,s-2.229490734,s351.518900856
193_35,s1.737074872,s-2.974301014,s18.579996263
193_36,s-0.543248866,s-3.349799980,s57.419400745
193_37,s3.293096664,s-6.678713580,s255.141212645
193_38,s3.878466655,s-5.051204083,s81.616738236
193_39,s2.233201346,s-3.387272579,s22.524261746
193_40,s-0.452753425,s-6.990677744,s77.842833231
193_41,s3.984460157,s-3.635540270,s193.727050278
193_42,s2.148294102,s-1.474574547,s212.608540752
193_43,s6.679066977,s-8.226894138,s202.731300125
193_44,s8.145995384,s-6.519151456,s212.113862775
193_45,s-8.145787604,s-4.847476992,s46.762337810
193_46,s-5.876874624,s-2.994330017,s128.968100954
193_47,s-2.452886117,s1.212865711,s43.837230441
193_48,s4.347656517,s-5.685512717,s267.883344610
193_49,s-2.573699973,s-2.302863610,s62.543431303
193_50,s2.488717380,s4.558729794,s63.374867334
193_51,s-2.011398010,s3.803552497,s300.589897606
193_52,s-1.227478721,s2.065243759,s213.150190028
193_53,s-4.041422003,s3.249116778,s119.545206407
193_54,s0.790129572,s0.280281159,s284.436448543
193_55,s4.544139779,s1.034051227,s271.524434481
193_56,s1.254121866,s1.505887836,s243.011568735
193_57,s8.041354003,s0.878755600,s56.438232608
193_58,s-3.503656425,s-1.344821301,s232.497329896
193_59,s4.323096423,s-7.959295615,s321.107532270
193_60,s-6.189977867,s1.718955251,s170.766410328
193_61,s-1.310448346,s4.120253942,s239.194324713
193_62,s-6.681457090,s-5.204587305,s80.080342530
193_63,s-4.749511573,s-5.072137256,s117.682734965
193_64,s-6.921744009,s-3.791204572,s281.486951812
193_65,s-7.965728959,s0.233032184,s173.605982897
193_66,s-3.028051845,s3.855996350,s207.282158031
193_67,s7.462485061,s-5.311242743,s284.607618587
193_68,s-0.239852544,s2.403439179,s292.369078692
193_69,s-0.041366047,s5.986776000,s35.683722729
193_70,s-2.497920463,s-4.478658710,s225.611075850
193_71,s5.268284410,s0.771284519,s237.892220438
193_72,s5.367511957,s2.187665458,s232.196417051
193_73,s3.069872430,s1.415779740,s134.653173088
193_74,s7.977271693,s-7.536126788,s307.240197908
193_75,s-6.279656493,s2.756965905,s314.827784380
193_76,s-6.710908339,s6.198882505,s116.570189502
193_77,s-7.233856446,s-2.119347555,s202.558398558
193_78,s-7.093850562,s-1.406013438,s185.770325167
193_79,s-3.401191881,s-2.111454795,s174.728774668
193_80,s5.017003093,s4.163830263,s328.921169879
193_81,s1.722585034,s-1.860788262,s278.770675610
193_82,s-4.552397383,s1.054008969,s66.368542845
193_83,s-0.367853974,s3.980178595,s226.280146177
193_84,s5.032109732,s-3.102560587,s107.700181883
193_85,s8.254100487,s4.357025746,s65.558399262
193_86,s7.749578581,s5.447145145,s90.125395776
193_87,s5.703950305,s-4.726376035,s117.133417921
193_88,s3.199772111,s2.554766929,s149.007875599
193_89,s4.016833301,s-1.518534823,s224.829404003
193_90,s-8.068312861,s3.406913696,s104.203694940
193_91,s1.918383181,s-0.244039727,s301.061183101
193_92,s-7.959647659,s-3.090525558,s291.709149545
193_93,s-6.847899957,s8.243168871,s46.718116910
193_94,s-1.715059308,s6.661552237,s35.223890239
193_95,s-3.659468206,s-2.802076944,s131.049028256
193_96,s-6.109005895,s3.745733228,s90.928209163
193_97,s-4.764376915,s6.057041858,s229.685301827
193_98,s-6.440902450,s5.439174080,s168.816433748
193_99,s-3.138120511,s-0.652333391,s172.594462377
193_100,s3.502814673,s1.019072292,s278.713138787
193_101,s7.819037706,s1.828059789,s165.479603469
193_102,s-7.941542166,s3.869350531,s287.994722089
193_103,s4.476455247,s6.201422813,s49.868199275
193_104,s4.017327318,s4.756453694,s29.949416460
193_105,s-7.834936523,s1.684177438,s86.790415882
193_106,s-3.971222780,s7.957931723,s283.585971218
193_107,s-7.178168370,s5.792354136,s349.564232395
193_108,s1.361335395,s3.458626694,s197.212928264
193_109,s-0.243025667,s6.129480938,s353.907681221
193_110,s0.217317703,s-0.699392843,s210.395851224
193_111,s4.459657567,s3.309370567,s327.855899785
193_112,s3.642522395,s3.000981858,s167.380833380
193_113,s4.277403355,s7.275656961,s212.476325097
193_114,s-1.497546574,s3.079067306,s112.169109843
193_115,s5.943002045,s0.727910636,s186.275328150
193_116,s7.637034537,s-2.974733784,s197.058031818
193_117,s2.930032600,s6.794314819,s311.018784940
193_118,s6.172719283,s3.555242484,s136.666378450
193_119,s3.386647757,s4.210607039,s22.576320870
193_120,s-7.713843982,s2.209014294,s356.395987470
193_121,s-3.983636758,s4.096254486,s180.617142885
193_122,s-7.485753282,s3.269508206,s48.628213072
193_123,s-7.322394206,s0.708788297,s86.580449689
193_124,s-4.487703402,s4.320112323,s280.381813992
193_125,s3.239544329,s5.238269882,s134.310595758
193_126,s3.500485699,s-3.311581823,s77.666621857
193_127,s2.307236551,s7.732546723,s130.007062545
193_128,s-0.068463558,s4.425731483,s104.087203064
193_129,s0.208560651,s4.797625532,s344.987932736
193_130,s6.133109982,s6.815269244,s118.441669195
193_131,s4.289580500,s8.207574505,s340.501828029
193_132,s1.279806153,s5.211059802,s340.832613465
193_133,s4.310965034,s3.931344889,s132.481801949
193_134,s8.076768774,s3.551990683,s277.587751710
193_135,s-5.056940890,s1.681874431,s40.184035839
193_136,s-0.178711647,s7.991006603,s215.803855400
193_137,s-4.854640271,s3.653799607,s227.637597931
193_138,s-7.577332581,s-3.268696983,s171.750781615
193_139,s-4.565772720,s3.537448375,s306.942696113
193_140,s2.260753036,s2.383741414,s315.539856656
193_141,s-1.288166456,s5.118006591,s190.537332668
193_142,s0.461710326,s7.194396801,s248.264516618
193_143,s-0.284043426,s1.878319301,s185.623612008
193_144,s5.369567920,s6.908984938,s295.509371597
193_145,s5.587491229,s3.611837124,s213.378120855
193_146,s7.401677565,s5.698900637,s202.108064822
193_147,s8.254100487,s7.319081424,s98.798367924
193_148,s6.065549300,s4.491526348,s119.775143318
193_149,s5.625626847,s4.923695653,s104.583194961
193_150,s-5.377172000,s6.466818337,s129.755988968
193_151,s-3.421222204,s8.243168871,s25.579944081
193_152,s-8.193989027,s6.496527909,s165.192664477
193_153,s-4.990990706,s8.054956808,s25.037946662
193_154,s-7.172037185,s6.042437105,s230.148241996
193_155,s-1.841752995,s7.721755659,s204.369480309
193_156,s-5.435601595,s7.609799642,s48.515320713
193_157,s6.069653520,s6.988932053,s252.870646750
193_158,s1.231954962,s6.157118375,s180.713149883
193_159,s3.575505847,s7.513585933,s114.285411828
193_160,s5.356925273,s4.513992347,s308.381468742
193_161,s7.343251971,s4.901859268,s34.630486895
193_162,s7.197885329,s8.117200169,s15.794275980
193_163,s3.330195872,s-1.982238447,s320.311634287
193_164,s4.450838423,s7.218762776,s342.392504183
193_165,s-4.526059721,s0.410809621,s318.367988024
193_166,s-5.217807413,s4.910616623,s85.697809961
193_167,s1.037746356,s6.547467690,s264.579108615
193_168,s-7.649186041,s8.243168871,s191.418303060
193_169,s-5.803985117,s-1.279024320,s38.105877798
193_170,s-1.039978980,s5.249292706,s148.412157352
193_171,s-0.933016488,s6.902858587,s132.074205121
193_172,s0.660016474,s4.205740828,s156.633334708
193_173,s2.364378050,s8.243168871,s41.911247667
193_174,s-3.209218818,s8.103418047,s301.793413679
193_175,s3.849763814,s5.344668717,s117.765884246
193_176,s2.272265693,s5.766297226,s202.963013276
193_177,s5.304947112,s5.815025593,s356.742357436
193_178,s7.958348690,s8.086606168,s336.645560635
193_179,s2.918298402,s8.238467421,s266.721732847
193_180,s-7.221976260,s4.487341098,s46.670302914
193_181,s-6.292378107,s7.244633178,s345.200208359
193_182,s-8.204878770,s5.049851335,s291.555754266
193_183,s-4.794168798,s3.495516852,s91.289296648
193_184,s-0.725979304,s6.040532367,s195.485612271
193_185,s-2.878097450,s7.077923307,s147.577196480
193_186,s1.946350133,s7.968163090,s355.923646277
193_187,s-1.383696886,s7.315336298,s14.001371381
193_188,s-1.343408956,s8.243168871,s313.424667680
193_189,s6.786003305,s7.360702706,s99.224734927
193_190,s5.618959706,s2.947844035,s81.365843992
193_191,s5.101891159,s8.177277950,s110.619456408
193_192,s8.158214217,s2.806970354,s271.529180819
194_0,s-8.260453389,s-8.192542513,s359.093887858
194_1,s1.074965319,s-0.706082068,s193.295447204
194_2,s-3.011523403,s-7.859363828,s172.557250713
194_3,s-3.337653579,s-5.123028473,s294.038049062
194_4,s-0.025627422,s-8.273934028,s177.664281896
194_5,s-7.347452210,s-7.310752657,s74.257915783
194_6,s-1.706423196,s-7.443626049,s232.108865892
194_7,s0.656296474,s-7.294713146,s319.793873353
194_8,s1.344579423,s-5.418529526,s239.628312376
194_9,s-3.995797118,s-7.658081591,s262.598982638
194_10,s3.218677068,s-5.906284041,s271.837151161
194_11,s3.016885119,s-6.721037263,s151.144381785
194_12,s7.616526505,s-1.779686016,s74.863044595
194_13,s6.332517477,s-6.516199084,s38.656867939
194_14,s8.458589939,s-7.704940051,s303.470210808
194_15,s-7.547139370,s-5.278630277,s117.441221713
194_16,s-5.140056739,s-3.625440436,s252.374951069
194_17,s-8.343979375,s-3.665190508,s135.083871336
194_18,s0.175461866,s-7.001171140,s228.287605098
194_19,s-2.015322154,s-4.562214020,s20.240339243
194_20,s-3.904740653,s-2.540189364,s328.110183757
194_21,s-5.549172628,s-8.314769121,s286.912091303
194_22,s-4.557733570,s-3.622604406,s24.629114941
194_23,s7.633434892,s0.817150070,s177.810648279
194_24,s7.024818854,s-3.059803662,s158.910322750
194_25,s-2.314863943,s-7.478188095,s314.089085802
194_26,s4.152540281,s-6.316762371,s187.408793272
194_27,s4.891460555,s-5.812744447,s225.312848489
194_28,s5.796141430,s-8.398110434,s227.270908516
194_29,s8.507612247,s-0.768408157,s110.109671428
194_30,s-8.627012246,s-2.504906188,s144.913143432
194_31,s-6.695237907,s-1.935278794,s129.736430112
194_32,s-6.955761285,s-6.971954574,s267.935709160
194_33,s-4.899097831,s1.612369455,s224.578171024
194_34,s-4.358861620,s-6.688677109,s109.260123803
194_35,s0.167217539,s-5.440665437,s94.087244107
194_36,s3.129562679,s0.695599979,s3.474056277
194_37,s3.559703541,s1.495113269,s301.787830724
194_38,s3.090653725,s-1.350507130,s267.171265769
194_39,s-5.058126235,s-2.292132762,s166.391933402
194_40,s1.086330231,s-4.383510477,s135.775751136
194_41,s5.298441345,s-4.968705452,s94.911111228
194_42,s7.010956907,s-3.961543154,s198.922312848
194_43,s8.471635657,s-8.381328038,s10.644334096
194_44,s6.515786127,s-1.646407442,s325.447749005
194_45,s-7.590524663,s4.878985237,s212.826236040
194_46,s-7.418688838,s-3.219120222,s267.372678021
194_47,s-8.320175250,s-7.109713026,s257.014263081
194_48,s-4.982751433,s-6.134847553,s299.305346023
194_49,s-0.972089945,s3.013653086,s283.880961146
194_50,s-6.413125297,s-2.805967882,s229.996887669
194_51,s-1.861972616,s0.970794594,s260.700278212
194_52,s-3.190877774,s3.655983867,s346.172348229
194_53,s5.969652469,s3.536075581,s213.566580187
194_54,s3.841623408,s-2.123629660,s223.513328517
194_55,s6.126193324,s6.934435195,s282.450043157
194_56,s4.459062360,s-1.358675382,s310.217077934
194_57,s-1.434646547,s6.666748601,s73.620216161
194_58,s8.367516543,s-3.972293109,s107.144347831
194_59,s7.981521937,s-4.988878039,s32.978821844
194_60,s-8.597520899,s-4.407850648,s134.723166867
194_61,s-3.271379100,s1.892226382,s26.751554047
194_62,s-4.497050022,s-1.126247498,s336.660633077
194_63,s-7.471763870,s-1.841542152,s208.678218557
194_64,s-4.839765623,s0.520591242,s342.114566393
194_65,s-5.585008289,s-4.993607886,s33.423036521
194_66,s-4.380624735,s3.878691440,s270.136369532
194_67,s2.491843917,s7.873330404,s285.919249781
194_68,s6.800611448,s-0.128377912,s11.654389540
194_69,s0.847475010,s-2.788998099,s30.448165228
194_70,s1.133254514,s7.338317478,s105.759701214
194_71,s5.219806320,s-3.882020067,s358.139857212
194_72,s8.455939665,s-6.862441133,s334.198229455
194_73,s3.520138907,s4.319942269,s164.443386004
194_74,s1.607581812,s2.585200139,s157.578555123
194_75,s-8.402363813,s0.719583484,s22.952221797
194_76,s-6.729476040,s4.293459153,s232.069459970
194_77,s-7.313652074,s8.156803550,s106.093192923
194_78,s-0.609261197,s-4.380116665,s8.560994353
194_79,s-5.879044470,s7.667549682,s162.913287125
194_80,s-2.934228588,s0.042772255,s94.488496427
194_81,s-7.034801396,s-5.297467646,s242.008416420
194_82,s-1.442974243,s3.496718933,s140.541339165
194_83,s0.455897816,s3.584223522,s11.745261207
194_84,s4.493959060,s-1.728046357,s141.669067946
194_85,s1.801779947,s-2.144593833,s149.086375260
194_86,s3.643486602,s-4.538574567,s130.170569585
194_87,s3.813177562,s2.641834925,s72.073777739
194_88,s5.635659632,s0.599599516,s202.207471044
194_89,s5.544282721,s-1.027879267,s25.623830790
194_90,s-7.237363127,s-1.126358408,s167.329884720
194_91,s-1.365598453,s8.117288042,s117.901514872
194_92,s-3.712889772,s-1.987005567,s279.469703206
194_93,s-3.039106407,s6.737711611,s130.307415135
194_94,s-5.853910942,s-1.368230313,s357.844922903
194_95,s-0.096845769,s2.404957706,s108.318071477
194_96,s-0.965009539,s3.729490212,s171.953533820
194_97,s0.402771488,s1.235582571,s176.812216229
194_98,s2.724067317,s7.860684735,s332.074680847
194_99,s5.909402765,s4.403735671,s273.438292896
194_100,s6.948038214,s-5.655400521,s151.689801943
194_101,s7.331089145,s3.478342369,s194.037691539
194_102,s8.241942157,s-2.870137006,s70.745179789
194_103,s4.286345292,s1.483519360,s123.899217566
194_104,s8.499529366,s0.814372536,s173.088031452
194_105,s-7.826148499,s3.457762798,s318.099644552
194_106,s-8.624562169,s4.425042327,s31.195408543
194_107,s-8.000713735,s5.781631137,s220.641357098
194_108,s-7.387004403,s6.375544991,s75.838073319
194_109,s2.201392367,s-0.939364221,s297.016860361
194_110,s-4.792167683,s7.984827548,s140.233098291
194_111,s0.119347873,s4.051328604,s98.601685539
194_112,s-4.425357498,s4.728480546,s4.743781980
194_113,s-2.917966408,s4.613865522,s18.686847153
194_114,s7.014762820,s-0.708813557,s189.932453627
194_115,s3.823503097,s7.883131868,s351.134779738
194_116,s2.685547677,s2.931261643,s44.218754450
194_117,s8.489404342,s3.726185781,s212.126553568
194_118,s6.020001040,s2.202372602,s110.629337505
194_119,s8.506615234,s5.611920791,s304.497885916
194_120,s-8.499320730,s2.897548472,s36.526352755
194_121,s-4.514209728,s0.174112345,s280.395482339
194_122,s-6.607142973,s0.158327602,s204.548911840
194_123,s-5.471427305,s3.068708632,s249.204454090
194_124,s-7.453296896,s7.359417792,s20.885921652
194_125,s6.526181105,s5.486497025,s25.314236138
194_126,s-2.362794499,s5.964041569,s312.003119458
194_127,s4.651888690,s0.392048475,s159.167684606
194_128,s7.506630751,s2.738885188,s281.593311392
194_129,s1.255499241,s7.613798517,s326.420372129
194_130,s-4.982415246,s7.223201819,s111.503038311
194_131,s0.364619883,s2.562384224,s29.027771121
194_132,s-0.446065387,s6.259255377,s247.529521072
194_133,s-4.089029898,s7.693453821,s105.334186981
194_134,s4.842625072,s4.133045539,s21.198017427
194_135,s-4.448740752,s2.322040667,s127.774729721
194_136,s-7.130269232,s-0.014269828,s327.519034017
194_137,s-7.747917316,s7.054954659,s50.498550305
194_138,s-6.340323524,s1.664363432,s99.905756292
194_139,s-3.918158164,s2.885222298,s45.939577987
194_140,s-7.774058939,s5.081940504,s28.334369508
194_141,s-2.938681681,s7.456939464,s95.052040622
194_142,s-5.762849194,s8.132375371,s118.982845693
194_143,s8.384840110,s1.760084882,s113.907571291
194_144,s5.899404913,s7.974828256,s96.842616226
194_145,s8.085348608,s8.182821789,s7.567413998
194_146,s2.861834154,s7.442236175,s91.291497482
194_147,s8.309957880,s4.689771102,s106.260753587
194_148,s4.993737274,s5.807023203,s59.537627632
194_149,s6.399731395,s8.281738978,s214.933521695
194_150,s-2.507331115,s5.016422281,s181.650493377
194_151,s-8.325556202,s8.125564717,s288.095709904
194_152,s-2.301303838,s7.182941502,s66.428027973
194_153,s-8.534580290,s7.808693495,s166.738394299
194_154,s2.002522465,s-3.846759498,s223.873101532
194_155,s-2.407579086,s5.401000036,s299.449556344
194_156,s1.234712672,s3.942892063,s64.871422312
194_157,s2.693392742,s5.543903034,s234.058706222
194_158,s3.200623937,s5.190241688,s307.547013639
194_159,s6.534165419,s3.475202561,s171.134834338
194_160,s2.102439718,s4.421151946,s67.711537324
194_161,s6.971176549,s7.784999645,s280.675777255
194_162,s8.519418900,s6.925250243,s77.298229755
194_163,s5.318194149,s7.550918783,s193.716442762
194_164,s4.501270535,s0.193830643,s70.180013092
194_165,s-8.572185065,s5.724655708,s4.153918082
194_166,s-6.425101938,s7.738980560,s19.958166537
194_167,s-5.969931647,s5.847100007,s291.930773211
194_168,s-5.988432578,s6.909151935,s335.172078485
194_169,s-3.629580812,s3.971591449,s286.415109541
194_170,s7.213780221,s6.773500877,s170.196461252
194_171,s4.323459246,s2.150544057,s286.749636891
194_172,s0.345344454,s1.483332379,s74.385981155
194_173,s-1.434436808,s7.565120290,s196.085331685
194_174,s1.384053699,s3.513694628,s164.020656999
194_175,s3.509451525,s5.754556244,s257.804491324
194_176,s-4.982691613,s8.270238972,s175.547303149
194_177,s8.232955438,s5.600074033,s141.772745274
194_178,s7.775309413,s6.764418462,s116.724659880
194_179,s4.317986922,s7.692468720,s290.521704623
194_180,s-6.258289752,s4.994961460,s17.076974097
194_181,s-6.441314838,s3.824719408,s220.265003883
194_182,s-8.286498977,s1.585783189,s357.684114694
194_183,s-2.768163047,s6.796504694,s191.986120195
194_184,s-4.459269543,s5.690769098,s108.399839234
194_185,s-0.938200941,s8.189145435,s5.364086876
194_186,s0.119491634,s7.915943641,s225.336181013
194_187,s-1.438019749,s4.870174643,s322.717823813
194_188,s-3.469424625,s8.188717618,s338.358795417
194_189,s4.697891652,s8.336570568,s22.945881280
194_190,s1.229171238,s5.213725357,s243.652653037
194_191,s-3.258875856,s8.179189991,s89.986015423
194_192,s6.373581463,s5.983490963,s244.785630587
194_193,s8.519418900,s8.044969132,s53.320099858
195_0,s-7.118899025,s-8.101341230,s121.852127613
195_1,s-6.710530997,s-6.686006023,s11.303186490
195_2,s-4.928264283,s-3.985632797,s314.748716469
195_3,s-4.093391890,s-5.558109552,s136.356318094
195_4,s-1.515770885,s-7.619065282,s208.230294299
195_5,s-0.705618987,s-5.810162895,s3.567659390
195_6,s-4.311169135,s0.294480989,s310.395376745
195_7,s1.616378562,s-5.408187248,s278.543470846
195_8,s1.826160104,s-6.784558863,s311.114243408
195_9,s0.062854465,s-4.663909006,s248.026230814
195_10,s2.970728755,s-6.299662393,s260.472156863
195_11,s7.434965071,s-3.309147698,s245.820219999
195_12,s5.122604633,s-7.456258017,s326.166895134
195_13,s8.198935965,s-4.684097087,s311.231909566
195_14,s8.191563930,s-7.105806304,s193.321642894
195_15,s-6.166814097,s-5.349957492,s91.877042293
195_16,s-6.736013760,s-1.363213514,s172.656720955
195_17,s-7.101897470,s-4.032473684,s193.394133920
195_18,s-1.815015246,s-3.829336962,s110.778463815
195_19,s-5.229429722,s-5.893264111,s46.663659506
195_20,s-6.466200966,s0.150928018,s39.091001803
195_21,s-6.421237491,s-2.314643354,s157.874395047
195_22,s4.900468400,s-4.624694717,s334.597820664
195_23,s1.316097480,s-7.900320191,s188.533924346
195_24,s3.376237001,s-7.570741623,s47.130935882
195_25,s7.469036034,s-6.191261336,s344.270750778
195_26,s3.990775723,s-0.152246337,s265.365350701
195_27,s6.224992522,s-0.867351972,s58.020377139
195_28,s6.600177355,s-0.780925969,s39.269430908
195_29,s7.802757333,s-8.098849253,s138.587884985
195_30,s-6.037378864,s-7.724767563,s321.228057685
195_31,s-8.116856356,s-7.765973580,s351.651054456
195_32,s-7.853652146,s-6.273336065,s93.579477386
195_33,s-4.706848566,s-4.546355573,s68.160721492
195_34,s-1.811484849,s-1.364631939,s191.894155575
195_35,s-7.597809758,s-6.919825032,s259.464021122
195_36,s-5.812176146,s-4.353597915,s191.046224110
195_37,s0.618606313,s3.950818760,s347.074146189
195_38,s7.057405206,s0.289332902,s60.936250962
195_39,s-0.576066074,s-7.460487724,s5.163908355
195_40,s2.085599640,s-5.944122637,s253.836316081
195_41,s6.151010181,s-5.734478162,s0.927251810
195_42,s-0.202706862,s7.260814972,s326.432969694
195_43,s2.887409516,s-5.415665531,s148.425602344
195_44,s6.797149065,s-2.795006455,s111.829527797
195_45,s-2.348287346,s-5.102744093,s239.144817117
195_46,s-2.106271392,s4.955058526,s327.964868256
195_47,s-3.410831146,s-7.791761743,s64.325774712
195_48,s-8.164557652,s2.842394111,s281.249442224
195_49,s-7.583977388,s0.696529383,s77.035252480
195_50,s4.954269268,s1.038684513,s218.886271481
195_51,s-0.479242175,s5.131759352,s6.377159643
195_52,s8.130464621,s4.761310900,s340.048493401
195_53,s0.502715740,s-6.857654630,s336.644024998
195_54,s1.346284532,s-4.090510085,s160.004019465
195_55,s0.325618924,s-3.805614817,s214.350721960
195_56,s4.104096151,s-5.502258918,s14.919777509
195_57,s8.179324377,s-6.411575825,s201.900844636
195_58,s0.464207919,s2.773627896,s83.364054091
195_59,s5.120451179,s3.749759607,s332.784910029
195_60,s-5.066028529,s-1.536383010,s118.939350113
195_61,s-4.715931806,s1.397840112,s180.050909683
195_62,s-7.813634165,s-0.537188512,s204.753319579
195_63,s-5.255378612,s0.561628179,s38.272911426
195_64,s-6.877530325,s1.054585232,s348.112834061
195_65,s-1.702133359,s-2.404613810,s199.878467175
195_66,s-5.257275051,s2.355243895,s247.770287739
195_67,s-5.822092578,s-0.096666398,s114.190988658
195_68,s1.581100797,s4.994738875,s268.831357857
195_69,s-3.404636547,s-5.715657836,s93.721794623
195_70,s7.298620227,s5.134596230,s187.262575727
195_71,s5.434868416,s-3.071921660,s117.364070802
195_72,s6.525993426,s-4.957958277,s305.028886655
195_73,s5.030287777,s2.522892134,s217.999281047
195_74,s8.221916570,s0.343803572,s122.670291366
195_75,s-7.901653913,s4.005586424,s71.297717401
195_76,s-5.113810223,s6.230766142,s248.645916162
195_77,s-6.470404466,s6.607256325,s148.636118040
195_78,s-1.099192432,s7.782173860,s230.469875870
195_79,s2.292319786,s1.920390690,s306.017709554
195_80,s-0.279342597,s0.828538762,s163.849175298
195_81,s-0.172675918,s-0.359871967,s239.244976129
195_82,s1.104218750,s1.448109317,s78.228837068
195_83,s5.740940384,s2.004286188,s307.294229917
195_84,s1.645163027,s-3.082076016,s162.818230178
195_85,s0.930325962,s7.413893789,s290.212019270
195_86,s8.020461379,s-2.191169750,s227.446546586
195_87,s2.196749623,s3.665988483,s97.182454730
195_88,s7.184116591,s-1.602312347,s359.603211592
195_89,s7.977262689,s6.269970734,s142.770441077
195_90,s-7.996275656,s-2.451971718,s114.041602333
195_91,s-2.266498771,s-2.179473652,s259.088759224
195_92,s-8.102849185,s2.258461509,s286.773500166
195_93,s4.523833127,s0.687533313,s193.949401908
195_94,s-3.871061281,s-2.612684003,s344.589847610
195_95,s-1.815057966,s1.185094780,s244.249886620
195_96,s5.085055003,s0.179105643,s51.530552453
195_97,s-2.709707778,s3.663458101,s195.059036805
195_98,s-2.708749894,s7.966856536,s96.740712622
195_99,s-0.150576040,s2.622335213,s280.661192852
195_100,s5.130355775,s-1.252031084,s215.029033690
195_101,s3.880159952,s-2.131080366,s292.936369899
195_102,s8.266273257,s-0.443303638,s206.508471782
195_103,s2.465359575,s5.670529991,s345.647995498
195_104,s5.535216621,s3.583257586,s6.218970299
195_105,s-4.469869097,s-0.074475506,s356.936987220
195_106,s-6.774021969,s7.518620134,s240.906725342
195_107,s-5.555412745,s4.427946292,s38.858684482
195_108,s-0.006098995,s-2.374265591,s25.253767351
195_109,s-0.968485869,s2.244914549,s170.445394178
195_110,s-5.266617368,s-2.037181566,s230.002309010
195_111,s0.091700907,s4.642301610,s150.465577934
195_112,s-1.569467826,s8.135054712,s129.669602307
195_113,s7.621140540,s8.214074335,s243.724029005
195_114,s-3.565552919,s4.435030919,s314.855649882
195_115,s-3.882550395,s5.813912424,s104.343561101
195_116,s5.768669553,s5.433479902,s163.145777964
195_117,s7.476867466,s3.406492301,s4.909235275
195_118,s7.398370434,s2.791479477,s299.767700966
195_119,s7.812347537,s3.013921665,s110.970528919
195_120,s-6.900999997,s3.036635383,s289.277572148
195_121,s-0.960626241,s4.885854660,s258.387910012
195_122,s-5.907634806,s5.408606630,s197.184156100
195_123,s1.448771328,s6.409569108,s56.897245872
195_124,s-4.488316635,s6.251681863,s76.541874726
195_125,s6.544591671,s4.159163697,s212.818078586
195_126,s-0.717117883,s-2.798636053,s15.184789855
195_127,s5.810424981,s1.492613168,s298.399253349
195_128,s4.682521298,s8.133716796,s188.665335721
195_129,s3.715234072,s7.392445504,s100.910593243
195_130,s0.880109816,s0.181716328,s334.510338499
195_131,s4.408920708,s5.086633160,s252.331551351
195_132,s8.241218662,s-1.527635676,s328.155434687
195_133,s8.085434421,s1.583875176,s120.988858118
195_134,s7.846588442,s5.077857182,s75.394635220
195_135,s-4.494402749,s8.114546212,s67.983121252
195_136,s-6.687502760,s6.337628373,s154.921224149
195_137,s-7.463215951,s7.876865258,s276.014922962
195_138,s-4.271979780,s2.077893443,s104.933419303
195_139,s-8.049905010,s7.244122534,s19.607909748
195_140,s-8.114062663,s7.832347875,s94.017067488
195_141,s-1.895257914,s6.622400850,s269.940765820
195_142,s-1.120471520,s1.597352237,s64.689044222
195_143,s1.982641727,s7.587204300,s169.068325791
195_144,s3.789710880,s5.650553717,s126.247420019
195_145,s-0.087937083,s3.512943725,s15.226714342
195_146,s6.457536830,s7.987055257,s202.418264142
195_147,s6.461906134,s6.059585513,s64.969764574
195_148,s5.472003999,s5.842855577,s154.622237715
195_149,s3.863550120,s3.759606005,s9.587459604
195_150,s-6.537673552,s4.381471858,s103.554562701
195_151,s-7.571398122,s7.434679347,s47.479912814
195_152,s-5.107370101,s3.671784357,s92.888410811
195_153,s-4.953691067,s3.548430934,s149.238600228
195_154,s-4.893204895,s6.959559270,s241.643013101
195_155,s1.921044534,s8.214980484,s206.680385434
195_156,s-6.148093462,s2.948907319,s160.625532485
195_157,s-7.006053563,s3.653187317,s169.724383561
195_158,s-0.668949646,s7.199616495,s70.396815923
195_159,s2.850451480,s4.867752339,s194.610566082
195_160,s-0.624466642,s6.133380582,s339.670859432
195_161,s1.417465729,s7.020027421,s191.443797595
195_162,s2.722832495,s7.613058220,s213.085176962
195_163,s5.314918554,s4.788379685,s69.367877393
195_164,s7.536641120,s2.227785101,s268.951653827
195_165,s-6.711093527,s4.122730944,s113.997038991
195_166,s-7.241107724,s0.806886714,s355.213172520
195_167,s-8.097663341,s5.552416211,s355.048054462
195_168,s-0.197651239,s2.130036331,s109.042952279
195_169,s-6.233680276,s7.608599447,s84.847223473
195_170,s0.263365258,s5.163776341,s263.975110746
195_171,s6.932700512,s3.677630677,s89.117368248
195_172,s-4.002684582,s3.016300858,s75.574806241
195_173,s-0.660684646,s8.180594762,s49.624866265
195_174,s-1.584996875,s3.342345184,s196.522556601
195_175,s7.434862696,s7.537058276,s199.748336261
195_176,s-2.411271592,s6.963375760,s308.050329449
195_177,s6.428623469,s7.233967274,s69.251617878
195_178,s8.079763209,s0.743035774,s33.236186310
195_179,s8.151843352,s7.943484074,s288.136547617
195_180,s-7.897552463,s4.587843920,s223.410387491
195_181,s-5.951586592,s6.920424495,s351.432354372
195_182,s-2.927825784,s8.143305422,s51.886218211
195_183,s-1.542503534,s5.540220609,s263.192915002
195_184,s-3.982550401,s8.152488543,s201.622338449
195_185,s-2.626771726,s6.950787121,s348.736513101
195_186,s1.725908648,s8.249250792,s214.291452888
195_187,s-3.355111661,s3.215958605,s166.126950899
195_188,s-1.639783130,s-0.544816651,s339.336056826
195_189,s-0.028486581,s4.436907507,s112.015179891
195_190,s2.640661523,s1.931668206,s68.421096209
195_191,s8.266273257,s6.684211323,s38.600907289
195_192,s3.594665019,s4.935192684,s252.694781915
195_193,s5.903137766,s6.789090802,s351.927811376
195_194,s2.453939656,s6.921609261,s315.018258280
196_0,s-7.473895240,s-1.078465829,s120.055386703
196_1,s-8.284174970,s-5.988259477,s336.956371816
196_2,s-2.563363018,s-3.774435846,s90.835825039
196_3,s-6.837810025,s-6.123891135,s246.757898444
196_4,s-6.704173710,s-8.291683550,s194.466474085
196_5,s2.275356081,s-6.044244875,s228.805202039
196_6,s3.030015874,s-4.537424533,s104.081120206
196_7,s-2.695167383,s-6.830240783,s326.736279276
196_8,s-0.509866470,s-4.814846947,s3.050303295
196_9,s6.602236515,s-5.387859581,s171.547802986
196_10,s6.754263904,s-6.615810727,s218.177495230
196_11,s2.250175438,s-6.540059783,s194.261916890
196_12,s5.618582095,s-5.512351761,s260.447529150
196_13,s-2.557214382,s-4.873838715,s280.347078218
196_14,s5.522766519,s-3.414574849,s215.820604429
196_15,s-7.902414395,s-3.907567197,s327.997374994
196_16,s0.447742809,s-7.261534722,s313.584556125
196_17,s-7.043221103,s-2.053211365,s211.709721472
196_18,s-4.600019364,s-3.986025520,s165.426931760
196_19,s-0.006698708,s-8.122542516,s157.942662284
196_20,s-6.658671502,s-4.203568204,s208.692060799
196_21,s-3.949891967,s-6.628695606,s65.350106364
196_22,s3.200060924,s3.226642200,s206.868687744
196_23,s1.224178138,s-5.086251163,s114.721822161
196_24,s4.393836987,s-3.183998405,s116.295334886
196_25,s7.917075256,s-4.689393762,s336.989776319
196_26,s3.195493101,s2.930292665,s312.864123037
196_27,s8.264797467,s-7.596346117,s140.015122228
196_28,s3.956536521,s-3.762451305,s55.676865499
196_29,s8.205885790,s-3.893793823,s22.373758534
196_30,s-7.347670089,s0.459453409,s188.187301733
196_31,s-8.155079821,s-7.049850507,s315.435655304
196_32,s-8.246858441,s-1.197890110,s11.552144550
196_33,s-4.361633618,s0.144125453,s2.083966114
196_34,s-5.948528082,s-3.110352252,s9.535108214
196_35,s-2.147565002,s-0.366720094,s111.601362552
196_36,s-7.020221386,s-7.002880069,s304.230784810
196_37,s3.425134326,s5.770651705,s155.495844243
196_38,s2.913260323,s2.265243305,s332.088916734
196_39,s8.333190085,s-1.532229225,s147.698462458
196_40,s0.043428409,s-4.654393960,s158.731135278
196_41,s-5.624281565,s-5.721914486,s240.603974526
196_42,s2.590332093,s-7.399054757,s125.744839337
196_43,s5.031617972,s-2.465667617,s100.911463343
196_44,s8.308544800,s-6.733475273,s228.803598281
196_45,s-8.228005054,s1.711376935,s39.433017074
196_46,s0.831360035,s5.964936893,s215.172326889
196_47,s-4.677259368,s-4.773585420,s178.442351725
196_48,s-7.475055850,s-4.581202944,s313.633856434
196_49,s-0.590407072,s-6.000846422,s232.731386166
196_50,s7.544465000,s-1.095351156,s282.401800745
196_51,s-7.503427224,s5.188886585,s73.450809636
196_52,s-1.464741487,s-7.833999418,s131.418559175
196_53,s-0.384975563,s-1.136824147,s335.227729849
196_54,s-2.982192632,s-2.109913214,s243.598782661
196_55,s3.151443016,s-1.402868293,s122.196541409
196_56,s8.333190085,s-3.225207626,s315.926028908
196_57,s7.124136745,s2.373121259,s74.839373493
196_58,s7.113491684,s-6.258420568,s191.913363103
196_59,s4.409818168,s-5.394725966,s212.003973386
196_60,s-5.117791700,s3.320527376,s223.856310640
196_61,s1.577700650,s-0.658833338,s321.528346343
196_62,s-3.308191580,s-1.838737872,s261.174404727
196_63,s-4.873260777,s-7.996971972,s92.035286599
196_64,s-4.017513640,s-0.983962770,s328.869388601
196_65,s-6.495793800,s4.339386963,s250.898600652
196_66,s-8.068816110,s-8.212814403,s149.535248992
196_67,s-2.292327261,s-1.611515798,s107.445381824
196_68,s1.325572407,s5.967292637,s153.018769634
196_69,s8.235889899,s1.287715708,s43.940404134
196_70,s3.963656975,s-5.404285572,s85.579551689
196_71,s3.907679497,s2.085747524,s258.967970003
196_72,s5.454291224,s0.571341786,s274.987555724
196_73,s3.065713079,s-0.077185751,s222.804340754
196_74,s7.224389397,s1.500294254,s269.498357173
196_75,s-8.239276003,s3.186323321,s351.753322784
196_76,s-7.254242013,s-3.182397193,s338.767985297
196_77,s-6.739674907,s0.707112134,s160.367032008
196_78,s-0.864489091,s3.476440318,s237.745181291
196_79,s-7.142855414,s1.710617765,s280.201866330
196_80,s-5.004901990,s4.366833332,s225.556631799
196_81,s-8.097947726,s0.593147221,s40.371310235
196_82,s4.942581845,s5.057166031,s167.661834531
196_83,s2.447113251,s7.080515060,s217.089918015
196_84,s-5.158459697,s2.309370897,s166.629983392
196_85,s8.197603335,s3.828737179,s193.719488710
196_86,s5.164895668,s-5.426653601,s27.829279272
196_87,s-0.772481461,s4.321677228,s327.216354126
196_88,s2.411671195,s-0.798310487,s358.798862784
196_89,s6.662353874,s0.676951519,s52.470748006
196_90,s-6.682102241,s-0.630813893,s181.256774102
196_91,s-6.091424775,s5.408615769,s73.046784114
196_92,s-3.946196527,s8.180206053,s166.304567626
196_93,s5.444936276,s4.449363245,s211.247122309
196_94,s-1.300444580,s-3.257469115,s68.030199845
196_95,s1.385484278,s4.329517284,s293.300811895
196_96,s-1.541828579,s1.109147793,s278.572337728
196_97,s8.333190085,s6.047928590,s62.992794415
196_98,s2.185024932,s-7.908885636,s55.773490975
196_99,s3.254965757,s-2.918651092,s327.961548922
196_100,s2.374133319,s8.346721810,s266.319279147
196_101,s5.655637218,s1.888476180,s129.943053417
196_102,s6.658980577,s3.028309931,s251.873618526
196_103,s5.341111608,s3.424104426,s267.417887471
196_104,s8.208697039,s1.713542472,s315.580459468
196_105,s-8.000187101,s3.923677536,s189.031885094
196_106,s-1.233550302,s4.451551017,s164.878447956
196_107,s-5.402524794,s1.470566831,s190.304470905
196_108,s1.905785571,s5.135769902,s17.429834288
196_109,s-6.655852074,s5.772628778,s153.301875473
196_110,s-0.562458127,s7.181012765,s259.570342965
196_111,s-6.216959316,s3.785096647,s221.478458777
196_112,s4.898694138,s-0.914667798,s268.938831030
196_113,s4.033115846,s5.077093391,s309.239905875
196_114,s6.754560047,s6.466658658,s248.820045984
196_115,s8.020646692,s5.870171862,s61.339662131
196_116,s6.451944794,s2.077544258,s215.143641772
196_117,s7.024602003,s-8.112072688,s201.545144875
196_118,s8.295664095,s0.531202342,s195.470718223
196_119,s5.294087979,s2.822419035,s102.123684891
196_120,s-1.201246000,s2.949839636,s65.213043918
196_121,s-7.066233520,s8.175087654,s156.422304781
196_122,s-3.825699768,s6.158004636,s177.777111329
196_123,s-2.512034338,s1.354393245,s98.389440798
196_124,s-5.914789799,s7.495258616,s182.090027020
196_125,s3.175106615,s-6.158214652,s144.417320845
196_126,s6.426768751,s8.222011986,s290.295754628
196_127,s-4.561300803,s2.645957876,s152.627034642
196_128,s0.849287614,s0.478724257,s56.725726780
196_129,s-1.969223818,s7.741886381,s296.019615231
196_130,s2.382879654,s4.307603966,s48.455551674
196_131,s6.876414063,s-1.373661851,s270.406935901
196_132,s-1.162711492,s6.457592803,s176.012575479
196_133,s8.296458266,s6.822411672,s95.449880791
196_134,s8.278465069,s0.032477302,s277.269159596
196_135,s-3.537273324,s6.771125784,s91.966509972
196_136,s-6.441813626,s6.320133796,s52.656578603
196_137,s-7.290789996,s7.112993977,s88.174951762
196_138,s-3.385463500,s3.892528276,s3.371077401
196_139,s3.678964231,s8.365265991,s128.273578943
196_140,s-1.805164610,s7.544353996,s357.506216906
196_141,s0.248913081,s8.307035810,s238.442660160
196_142,s-5.227139758,s-1.326577566,s248.543134682
196_143,s-7.345054544,s2.496426812,s48.499606311
196_144,s6.380947292,s5.386314215,s340.387566299
196_145,s8.260998026,s3.961542024,s214.984426241
196_146,s5.561786057,s7.007609541,s242.786309849
196_147,s3.355520682,s6.117910040,s209.260568855
196_148,s0.362207957,s2.536587827,s108.128234187
196_149,s7.385896387,s4.486716341,s117.782113770
196_150,s-8.259313717,s8.301492268,s17.053158624
196_151,s-1.875089447,s5.619415482,s57.514228739
196_152,s-8.333972204,s5.274147874,s301.701608180
196_153,s-2.910733655,s5.388680240,s67.012499537
196_154,s2.221679534,s7.677762940,s275.845635051
196_155,s-3.917004220,s4.608073291,s43.889936069
196_156,s-2.803595488,s5.640559923,s250.363661625
196_157,s-2.868949928,s7.486875760,s157.982325626
196_158,s1.977781880,s1.699733885,s282.312356746
196_159,s2.758110507,s5.825775765,s214.100582722
196_160,s7.085671901,s8.107085798,s118.046408397
196_161,s-1.667214405,s-0.658546358,s123.572222555
196_162,s3.195836194,s7.296278204,s242.138055752
196_163,s5.077679407,s5.699662089,s136.386791355
196_164,s5.224728586,s6.638681700,s137.859668690
196_165,s-8.347353186,s6.168756610,s115.061647314
196_166,s-8.323838546,s5.342467840,s238.982085400
196_167,s-5.492419041,s8.312947638,s279.267956848
196_168,s-2.785494339,s-0.219148901,s260.325153650
196_169,s-5.124562161,s7.523459941,s57.472115725
196_170,s3.497491527,s6.968528381,s138.060590523
196_171,s0.335392829,s7.807207985,s296.083501816
196_172,s-2.615578388,s2.350724505,s83.015393568
196_173,s1.658411769,s2.503427239,s140.783037830
196_174,s-0.836063590,s8.289702369,s66.834990128
196_175,s-0.132160816,s7.308140851,s354.585979372
196_176,s6.220501186,s3.565568703,s3.773411065
196_177,s7.740583246,s7.322922226,s205.635454783
196_178,s6.478687110,s4.084641301,s312.348990406
196_179,s4.577837013,s8.030079156,s94.863933447
196_180,s-7.924135872,s8.311121738,s130.046801835
196_181,s-8.298365719,s7.668299264,s120.298355753
196_182,s-3.704098006,s7.905996968,s136.633269512
196_183,s-2.351903677,s6.933365521,s156.505233087
196_184,s-1.143970348,s5.278085928,s235.740581781
196_185,s-0.725469409,s1.886399693,s256.009116170
196_186,s0.568539829,s2.737901296,s228.564451356
196_187,s-0.535992324,s5.678042382,s57.724316290
196_188,s-0.066172111,s5.680999408,s96.783833134
196_189,s-3.844357321,s2.509874877,s352.381360155
196_190,s4.517410822,s7.342494556,s149.586249566
196_191,s6.672087146,s5.006153804,s107.120772094
196_192,s7.122268301,s5.940430366,s265.137428680
196_193,s2.761286410,s8.314885618,s46.850872797
196_194,s-1.538227221,s4.462125567,s358.395747090
196_195,s-5.560643978,s4.846248758,s46.177625971
197_0,s-6.148594698,s1.014055601,s316.160048928
197_1,s-4.017406301,s-0.933100735,s17.826426983
197_2,s-4.316196184,s-8.067405148,s169.423238909
197_3,s-1.886501819,s-7.090061260,s343.320632823
197_4,s0.768833391,s-5.388783536,s194.495878720
197_5,s-0.805738123,s-2.081223780,s322.210081246
197_6,s-4.590038703,s-3.027894443,s323.997690254
197_7,s-3.361524883,s-5.948365087,s123.429157135
197_8,s5.259019859,s-0.221707639,s138.912439096
197_9,s1.354671782,s3.079939573,s339.381475975
197_10,s3.691292605,s-5.850883794,s147.751146848
197_11,s5.757714280,s-7.839047590,s227.894016723
197_12,s8.209346351,s-7.002266910,s171.018920351
197_13,s-0.598494776,s-7.574848697,s99.655121773
197_14,s2.179692303,s-7.017022636,s63.101326145
197_15,s-8.039672513,s-5.914119279,s226.134050085
197_16,s-5.303121660,s3.987372938,s101.571639150
197_17,s-4.731067874,s-4.098893441,s314.395413563
197_18,s-7.819118883,s-6.708588532,s48.156720128
197_19,s-0.689394050,s0.232838493,s47.348888481
197_20,s-4.096173110,s0.627757971,s330.051188400
197_21,s4.157647242,s-7.029763166,s79.310021443
197_22,s-1.979854597,s-3.775588280,s70.860919995
197_23,s1.382045447,s-2.677609210,s26.206366450
197_24,s1.741959354,s-6.427271158,s309.499587194
197_25,s0.899651424,s-0.515697978,s327.496945853
197_26,s-0.374806699,s-5.257928042,s85.291251121
197_27,s7.759155034,s-3.196024439,s136.302468446
197_28,s0.649634738,s-4.125060190,s267.022093346
197_29,s6.257124485,s0.446710412,s275.326916370
197_30,s-5.101593489,s1.610869831,s142.156577808
197_31,s-2.017243192,s-2.929630692,s46.000679920
197_32,s-3.858534792,s2.158713161,s352.995490089
197_33,s-7.235410613,s-1.034827049,s229.477972305
197_34,s-6.936859779,s-5.362712239,s223.268956194
197_35,s1.035676852,s6.397868753,s87.284782961
197_36,s7.265840918,s-7.899231985,s83.148131001
197_37,s0.078757758,s-3.719279558,s312.514712034
197_38,s6.035050391,s-7.234006280,s51.407883059
197_39,s-4.805062610,s-4.940156822,s188.133684699
197_40,s5.536159055,s-3.857268192,s25.868614141
197_41,s-5.005956674,s7.502141353,s46.698061772
197_42,s6.085016876,s-5.102377635,s51.829702287
197_43,s6.821977093,s-4.021408580,s137.578353537
197_44,s5.304579270,s-4.967479220,s161.346726416
197_45,s-7.141870353,s5.964411241,s10.219217785
197_46,s-5.870574972,s2.027520865,s286.148775466
197_47,s2.493901061,s4.765374948,s340.499985262
197_48,s-0.655474305,s-7.010161075,s176.958627199
197_49,s0.220190972,s4.878915861,s39.345249610
197_50,s-0.043530638,s-0.762452733,s12.453991349
197_51,s5.141828850,s2.469003043,s265.744947031
197_52,s4.581483943,s-3.265207209,s249.988077101
197_53,s2.337657736,s-4.430139915,s159.531289548
197_54,s7.462167031,s-1.964504575,s28.321127908
197_55,s6.203117935,s2.419745049,s46.917190180
197_56,s4.121502666,s0.145374661,s311.446352396
197_57,s6.295331249,s-1.878093891,s156.762569972
197_58,s5.284847121,s1.471857308,s317.063522484
197_59,s7.607126585,s1.343877413,s199.218736354
197_60,s-6.533506985,s4.118679515,s271.437097144
197_61,s-4.309080162,s3.924595697,s59.012510357
197_62,s-5.228058992,s-4.087652283,s3.359209343
197_63,s-5.712281633,s-2.176584253,s218.876304263
197_64,s-5.787847119,s0.783888838,s310.813304877
197_65,s6.812030289,s-0.132813435,s266.343342510
197_66,s-6.316679620,s-3.597263916,s207.647494635
197_67,s8.137019375,s-2.139923748,s169.380865099
197_68,s-2.826669340,s-4.171701038,s93.757334543
197_69,s-2.142357785,s2.259944137,s180.003704050
197_70,s4.359541676,s0.920433748,s104.810530294
197_71,s-3.881290792,s-3.011932791,s352.697892100
197_72,s4.565998218,s-5.122257178,s268.159873178
197_73,s8.236125937,s-4.405422786,s93.226438066
197_74,s6.898889267,s4.960099975,s6.018966823
197_75,s-7.990910949,s1.311074611,s247.430936357
197_76,s-4.030604264,s-0.412816640,s44.421954409
197_77,s-2.334846160,s-6.257281361,s12.855320855
197_78,s2.973836960,s-2.523710184,s293.268017426
197_79,s-8.103770274,s-2.727506418,s244.401194372
197_80,s-3.486013625,s-2.175929345,s253.993587363
197_81,s0.063159995,s-1.619537920,s108.647382099
197_82,s5.306568959,s3.145167414,s186.707627857
197_83,s-0.645533153,s1.093257279,s313.886913892
197_84,s-3.279271783,s4.841660157,s189.679626733
197_85,s7.334980213,s0.456438667,s125.035539296
197_86,s-2.580918769,s-0.525932144,s233.241259984
197_87,s7.882931795,s6.567866306,s342.427404828
197_88,s1.099802781,s6.869992031,s143.786941562
197_89,s2.465370078,s-0.025239267,s276.530457992
197_90,s-8.082713959,s0.619373537,s236.262102178
197_91,s-6.562491411,s1.429640619,s179.032325496
197_92,s-5.004305623,s5.814671575,s149.317545137
197_93,s-1.272247416,s-5.874127444,s98.374084598
197_94,s-5.633947992,s2.637538493,s236.121202882
197_95,s2.471458269,s2.096606735,s90.529121240
197_96,s3.594631441,s1.117216568,s157.732705971
197_97,s3.180650928,s7.987202500,s242.157182983
197_98,s6.515745405,s3.265195120,s214.075789396
197_99,s7.695999503,s4.523690610,s328.497480310
197_100,s2.591544547,s2.913614071,s279.251382790
197_101,s3.196614828,s1.887905742,s306.216386990
197_102,s-2.410149324,s4.929581566,s280.490978745
197_103,s8.036463801,s-1.262568410,s306.380630766
197_104,s7.901809931,s6.021197036,s32.574110603
197_105,s-8.099891683,s4.848119943,s119.934476652
197_106,s-8.029919541,s4.031050211,s320.045771480
197_107,s-2.835624193,s5.786748781,s327.604918631
197_108,s-5.119714054,s6.654294101,s327.124091240
197_109,s-7.943686331,s5.954668885,s55.625999467
197_110,s1.613043113,s4.151233057,s167.866234776
197_111,s-3.695582497,s7.811547718,s309.621481143
197_112,s3.422176801,s4.632496283,s250.578729759
197_113,s2.773959357,s5.552753365,s331.168360112
197_114,s4.128646696,s-1.901107522,s49.943258349
197_115,s2.427674848,s0.718066397,s187.253517250
197_116,s6.714548404,s-3.004762222,s207.762471574
197_117,s3.111598598,s3.328628230,s284.522927767
197_118,s5.318928971,s7.900371502,s134.809890719
197_119,s4.633338848,s6.724740346,s31.137674255
197_120,s-7.485134557,s1.975600105,s25.475520397
197_121,s-6.304016931,s-0.177201078,s176.477209095
197_122,s-4.789762954,s2.592738422,s221.670649059
197_123,s1.604840257,s-1.540134252,s186.110974068
197_124,s1.036014340,s3.853362002,s184.107863582
197_125,s0.197546332,s6.495716911,s98.601215799
197_126,s-3.183738810,s1.729714633,s341.669147032
197_127,s-2.740635733,s-0.748110519,s277.717057508
197_128,s0.252656261,s7.265144038,s321.975217501
197_129,s2.908785620,s2.342540754,s183.346934977
197_130,s3.913126548,s6.802491074,s344.400746095
197_131,s4.627739832,s5.636612497,s123.091289129
197_132,s8.144169132,s2.781363171,s342.021326416
197_133,s7.054741696,s5.272776345,s161.237890538
197_134,s8.228195007,s5.197052308,s62.257842421
197_135,s-5.560302312,s4.433823455,s353.878988717
197_136,s-2.711981453,s7.634802966,s251.238209866
197_137,s-0.570947956,s3.259267593,s168.070786909
197_138,s0.153823878,s8.113478090,s211.341130443
197_139,s-7.667899631,s-1.012027633,s118.217531229
197_140,s1.113294513,s7.880976194,s56.854252558
197_141,s4.576298244,s4.468704017,s284.334850097
197_142,s-3.519844067,s-4.649836850,s8.140599402
197_143,s6.366462152,s3.940536827,s283.432746325
197_144,s8.232407019,s6.686025542,s126.437919107
197_145,s2.502155443,s8.308343378,s246.652113960
197_146,s7.062127057,s7.000986867,s58.991903943
197_147,s4.355922005,s7.586053872,s10.433797752
197_148,s3.008772709,s6.816109508,s72.195936691
197_149,s7.143797889,s1.059661820,s206.948490230
197_150,s-1.457517995,s2.722574055,s86.790429439
197_151,s-2.027154272,s8.338450522,s121.883279715
197_152,s-8.066247779,s7.341674558,s291.278329926
197_153,s-7.198471914,s5.025940051,s84.346762448
197_154,s-3.406164371,s5.966388722,s283.573005149
197_155,s-7.948114279,s2.083853143,s92.544054144
197_156,s-4.515326764,s7.618446004,s157.011028792
197_157,s2.757074832,s7.801014397,s263.109158304
197_158,s1.548257383,s6.252061973,s129.769621948
197_159,s-6.420691641,s3.119341340,s214.236725592
197_160,s1.641536541,s7.065274927,s26.753303240
197_161,s4.379785444,s-4.097140652,s143.349298559
197_162,s1.659293890,s4.573446616,s346.938482926
197_163,s5.291738584,s6.395494705,s146.938789951
197_164,s4.160031619,s3.258217176,s256.913986412
197_165,s-5.589518234,s7.229748345,s39.151287264
197_166,s-7.432294052,s4.845772957,s239.776507096
197_167,s-7.142008674,s7.172114757,s183.882273705
197_168,s-2.824149688,s6.585045276,s87.803326714
197_169,s-3.592510902,s3.826340405,s248.304181338
197_170,s0.120311184,s3.867874989,s253.523118497
197_171,s-0.883630045,s8.246272871,s80.517863238
197_172,s6.199066893,s6.184057350,s164.752204067
197_173,s-5.000755635,s8.256226129,s167.782849042
197_174,s-1.815921973,s5.997166899,s27.498919328
197_175,s4.478629542,s2.279221590,s49.059611377
197_176,s-2.665263922,s0.633267402,s29.273621163
197_177,s6.629886975,s8.313648320,s92.459614742
197_178,s8.160305370,s8.027121119,s72.550855573
197_179,s8.206025991,s7.386427363,s312.783225654
197_180,s-4.609161261,s3.523652531,s131.266274382
197_181,s-7.505966235,s8.304671568,s46.652075365
197_182,s-4.726216278,s5.746143682,s104.906488620
197_183,s-6.921266600,s6.394146384,s201.650830197
197_184,s-0.904831333,s5.320074336,s252.344719738
197_185,s-4.465135642,s4.850418836,s276.562896890
197_186,s1.194191122,s4.143272834,s249.031302354
197_187,s-6.054497536,s8.052835128,s84.062652277
197_188,s3.283084203,s4.926868854,s280.324060337
197_189,s-1.614950386,s7.083270300,s84.479964651
197_190,s7.119720289,s8.079079371,s42.139865986
197_191,s2.530678156,s4.265430969,s348.322631337
197_192,s1.752221322,s5.641152682,s23.345750816
197_193,s5.860089630,s7.647944813,s176.894910237
197_194,s6.023081719,s8.324023002,s208.608005169
197_195,s-6.532507786,s4.382485721,s244.110542644
197_196,s-6.597228023,s8.162042065,s220.633847885
198_0,s-5.153562960,s1.238210756,s105.911818557
198_1,s-6.949425961,s-1.524181119,s177.969892270
198_2,s-6.604897501,s-4.322885897,s80.460435133
198_3,s-5.892127566,s-5.693891834,s340.813513251
198_4,s-2.251364538,s-5.133106015,s89.949541501
198_5,s-7.162650941,s-3.279444286,s7.611689262
198_6,s0.789626812,s-6.163212008,s193.012802033
198_7,s1.081655078,s-7.712530208,s102.986947483
198_8,s-3.599139071,s-7.027546573,s169.482526873
198_9,s3.573918795,s-6.715475832,s66.430866599
198_10,s2.142464665,s-4.042956456,s330.889073264
198_11,s5.948748353,s-4.523763400,s110.957386051
198_12,s6.927549478,s-4.085501823,s72.404173596
198_13,s7.564383010,s-7.520319456,s157.024209278
198_14,s4.634887753,s-4.499562705,s182.074077336
198_15,s-4.863400290,s-6.713647519,s157.252742940
198_16,s-7.443457776,s-4.484870235,s253.172140546
198_17,s-1.940245313,s-3.961005518,s186.962525275
198_18,s-3.856128561,s-6.247113112,s303.030605537
198_19,s-0.818527506,s-0.480701911,s318.341339482
198_20,s-5.518528512,s-3.165407739,s42.810229835
198_21,s-1.450467636,s-6.375600962,s74.229341140
198_22,s2.999625315,s0.002023598,s152.222717710
198_23,s-0.657808861,s-6.868622062,s73.538240545
198_24,s-0.541303248,s-3.570465022,s308.012312046
198_25,s-3.945973373,s-1.479321321,s334.429221238
198_26,s7.157370048,s3.837337683,s351.114595514
198_27,s4.160222766,s-7.446750765,s305.324732456
198_28,s6.265669891,s-7.325062629,s85.696620226
198_29,s3.184871678,s-3.710803482,s108.803782078
198_30,s-5.057407042,s1.701359995,s161.150833319
198_31,s-5.916461402,s-6.613744267,s188.226677014
198_32,s-3.023745731,s-6.089785259,s10.960114096
198_33,s-4.631397608,s4.348858185,s44.840486058
198_34,s-4.451720794,s-4.147694446,s9.606574452
198_35,s3.322638450,s3.373487095,s157.378965958
198_36,s0.048911340,s-0.972154589,s96.705586101
198_37,s-7.402836468,s-7.361713858,s93.040870126
198_38,s4.144446581,s-2.209529113,s311.770743310
198_39,s-2.307184664,s3.030379140,s2.968409779
198_40,s4.406076003,s1.185300611,s310.395587121
198_41,s1.991821707,s-2.098216268,s350.055419842
198_42,s4.917986299,s3.888436767,s2.425816378
198_43,s6.032282140,s-6.384981912,s255.387413355
198_44,s7.638864571,s-0.028397361,s149.945809507
198_45,s-7.361753085,s0.286052759,s109.559712148
198_46,s-6.195922884,s-0.021051962,s296.292024641
198_47,s-4.217620470,s-7.593817201,s271.437499596
198_48,s-1.328795084,s-4.063714120,s270.547960235
198_49,s1.137285942,s5.481851212,s105.916102651
198_50,s2.974718202,s-6.210250484,s206.220807429
198_51,s-1.022634189,s-4.969543206,s192.927097785
198_52,s-0.078300724,s-7.674143554,s335.905132829
198_53,s-0.011006654,s0.684977762,s347.956159947
198_54,s2.110874721,s-5.552141765,s336.228374850
198_55,s3.065019038,s4.191043710,s98.118422780
198_56,s6.870193837,s-4.794633071,s289.720933033
198_57,s6.295555592,s-1.662411018,s130.099155573
198_58,s7.698686625,s-0.892492944,s142.420216166
198_59,s7.727740200,s-6.448267457,s151.951320708
198_60,s-7.443457776,s2.184236690,s10.600750889
198_61,s-4.663074268,s2.650451776,s139.034403063
198_62,s-2.168589574,s3.541172713,s27.812515369
198_63,s-3.175687892,s2.343364995,s75.048382505
198_64,s-4.739647353,s3.362412803,s348.270113993
198_65,s-4.623701944,s7.101974113,s183.694232720
198_66,s-1.631873246,s1.239495459,s283.220711373
198_67,s7.542972991,s1.583926997,s197.519439599
198_68,s5.857679173,s-2.600961369,s125.550606891
198_69,s2.460488887,s2.953256563,s144.923972929
198_70,s0.089780796,s-0.212201370,s280.087535928
198_71,s5.411580910,s-1.723958178,s221.081961076
198_72,s7.554850913,s-3.810320793,s306.058661269
198_73,s7.075388655,s7.317124036,s131.277026568
198_74,s5.702404936,s1.590123317,s323.475308051
198_75,s-5.178321297,s-1.661787169,s323.248993145
198_76,s-3.781206514,s2.038288241,s40.650818388
198_77,s-1.100013595,s4.659325215,s2.921217162
198_78,s-1.070394106,s-2.632445395,s191.792823677
198_79,s-0.138730801,s2.386233575,s316.299335508
198_80,s-0.698573435,s0.709194648,s190.755980637
198_81,s-1.776826343,s-7.664623870,s115.257846264
198_82,s-6.941882249,s4.815627497,s46.181504001
198_83,s0.016813607,s1.538349140,s150.642226258
198_84,s1.171216576,s7.252088174,s218.089527670
198_85,s4.077807902,s0.037274421,s314.863582904
198_86,s4.029367958,s4.955537943,s72.682297979
198_87,s-1.608592154,s5.979316914,s109.838825383
198_88,s5.872314976,s-5.676328484,s250.106126082
198_89,s5.925544040,s-0.109816998,s67.882066739
198_90,s-7.134754020,s4.735327316,s218.304458151
198_91,s-1.717487006,s-1.911653521,s145.023709335
198_92,s-1.144905830,s-1.912231390,s306.974211287
198_93,s-0.768471957,s-2.100531893,s336.410107735
198_94,s-5.122318225,s-0.716923569,s11.552507932
198_95,s-3.282160134,s3.129764877,s158.514006718
198_96,s-4.262572606,s5.366972142,s329.617031624
198_97,s1.436492585,s6.600609393,s129.227362816
198_98,s1.537607330,s-2.014800426,s145.307454576
198_99,s0.959808199,s3.406650307,s262.434916626
198_100,s-0.090657941,s-4.620190931,s169.722053874
198_101,s-2.258807328,s4.135223756,s49.807910432
198_102,s7.532597649,s2.984691891,s160.517610486
198_103,s6.377631514,s1.324482085,s80.070080756
198_104,s2.011586171,s1.612101656,s202.257474633
198_105,s-1.513487331,s5.341744549,s308.941020822
198_106,s-7.341003573,s-1.666932278,s40.763257283
198_107,s-1.301321977,s6.645729058,s146.148612275
198_108,s-4.427992260,s0.406190079,s162.014046616
198_109,s-1.157735419,s0.207305523,s58.269698176
198_110,s-0.546413709,s5.690592448,s32.847223016
198_111,s-4.140486646,s-4.003553502,s242.759326309
198_112,s2.689271793,s0.711259159,s53.314836242
198_113,s7.446453473,s4.498470297,s152.885432705
198_114,s0.772475637,s-2.576685579,s216.757125384
198_115,s-5.802800742,s3.027163684,s257.371877891
198_116,s7.530404793,s6.220544983,s237.048525962
198_117,s1.382100028,s3.305619226,s215.408884767
198_118,s0.052284354,s5.638027476,s308.254792248
198_119,s5.709538229,s0.465409557,s290.058390537
198_120,s-1.886679894,s1.003461604,s16.315829362
198_121,s-1.592896867,s0.180417256,s281.690646949
198_122,s-6.393468245,s6.414898917,s161.948003103
198_123,s0.997831765,s6.366502490,s33.837246853
198_124,s-5.128461639,s5.369826628,s80.150256865
198_125,s-1.747255706,s3.714151693,s277.622847651
198_126,s-0.857812281,s6.798977211,s293.837137099
198_127,s-6.823661860,s2.752830574,s19.091385874
198_128,s-2.431336896,s-1.326904799,s60.566462117
198_129,s-7.366272917,s1.323884733,s164.718982601
198_130,s7.727740200,s2.131613491,s138.125730346
198_131,s4.401661580,s2.024117962,s102.970619115
198_132,s6.059876682,s6.696022394,s249.105457725
198_133,s3.855284556,s5.709553761,s274.834330467
198_134,s7.125753824,s-0.854276002,s170.342092932
198_135,s-2.487987160,s0.249360789,s95.054190728
198_136,s-0.494749346,s1.943246217,s174.815594060
198_137,s-2.235196251,s4.591225383,s94.196201357
198_138,s-6.420048310,s3.055361812,s97.143565331
198_139,s5.205029825,s6.474654100,s10.249706552
198_140,s6.003002793,s3.260037576,s214.614809294
198_141,s6.026892948,s7.429685812,s65.566617085
198_142,s3.772347437,s-5.850497257,s97.945253457
198_143,s-0.476171677,s5.834350314,s240.999420920
198_144,s-0.599674912,s3.978335998,s117.415738579
198_145,s0.798153067,s7.377266892,s263.349556261
198_146,s6.851857280,s3.694413457,s155.125510923
198_147,s5.905776344,s-4.533423649,s323.393570956
198_148,s3.010355097,s5.760569884,s297.402641322
198_149,s5.678578159,s2.268527032,s341.434005762
198_150,s-2.492785981,s-4.247225434,s141.494358094
198_151,s-4.099260947,s4.413291884,s190.277047240
198_152,s4.841651758,s6.535661173,s135.035074808
198_153,s-3.309126291,s2.367932013,s287.400536090
198_154,s-5.806891683,s4.084170041,s210.295440582
198_155,s-1.998294988,s2.413421154,s216.598073380
198_156,s-7.345207862,s3.553967713,s175.652445361
198_157,s-0.337033504,s7.354072324,s238.425167387
198_158,s-3.011886890,s7.090503607,s330.149077788
198_159,s5.717303344,s5.891769840,s339.576099463
198_160,s3.530687885,s-1.354046123,s244.755293230
198_161,s6.604739048,s2.114549769,s71.070047268
198_162,s3.943274319,s7.458451624,s356.379916551
198_163,s6.151435706,s5.396099933,s252.132064896
198_164,s6.916061888,s-0.265409505,s282.350971119
198_165,s-5.162166053,s4.302683612,s94.440496621
198_166,s-4.240524033,s5.484120722,s23.839374953
198_167,s-6.136540539,s-0.651104825,s78.015919909
198_168,s-5.675378286,s2.536925178,s314.179388293
198_169,s-3.640769669,s0.718652305,s87.759784691
198_170,s2.897093670,s3.308291416,s303.816799354
198_171,s2.275526426,s5.500901518,s297.013379634
198_172,s1.618282530,s5.314155517,s138.342451330
198_173,s-3.247105217,s-3.017454235,s167.081923076
198_174,s-7.356892627,s7.269687563,s263.885536706
198_175,s6.001739243,s4.631531062,s54.637041880
198_176,s4.634113707,s1.780922706,s104.356354942
198_177,s-0.703007477,s2.338656576,s300.648439834
198_178,s0.356129458,s4.291215351,s281.012313169
198_179,s4.705076263,s7.359114903,s121.588898132
198_180,s-1.863979893,s7.258603495,s317.296288100
198_181,s-5.904234381,s7.427143803,s45.337136946
198_182,s-2.825709559,s5.803936795,s244.269209742
198_183,s-2.011074877,s7.345046295,s167.231135341
198_184,s4.782527759,s0.672936916,s335.463716874
198_185,s-4.499463348,s7.452949412,s219.314952226
198_186,s0.124646749,s7.019559159,s206.881660716
198_187,s-7.058387536,s1.186908441,s77.384882811
198_188,s2.464829058,s5.726161028,s303.111267916
198_189,s6.025704683,s4.746659488,s106.318822133
198_190,s2.689493004,s7.276498930,s65.887823731
198_191,s5.022961294,s4.374564530,s316.882707596
198_192,s3.169246628,s5.392210850,s73.516056660
198_193,s7.691251639,s5.164618987,s149.676079915
198_194,s1.529443760,s7.441134814,s162.613590402
198_195,s-5.268312746,s6.073496131,s166.600477249
198_196,s-7.202449327,s5.956871271,s307.388573958
198_197,s-7.082275660,s-1.120760110,s279.056593129
199_0,s-4.222291378,s-0.814232837,s293.943364024
199_1,s-7.227781903,s-7.855542252,s190.589730398
199_2,s-3.824445787,s-7.743865439,s100.526988036
199_3,s-5.351881781,s-2.600655661,s183.697870837
199_4,s-6.549828303,s-4.406579705,s313.708480869
199_5,s0.543910250,s-3.618474753,s21.921639954
199_6,s-4.519980182,s-3.630442709,s297.153813257
199_7,s0.318493130,s2.985118529,s117.897347670
199_8,s-2.375195692,s-7.058785104,s224.521826335
199_9,s3.146229304,s-4.266666913,s345.035262295
199_10,s4.990151648,s-4.023006526,s320.944453323
199_11,s4.386920719,s-7.707146470,s122.361615427
199_12,s6.241851749,s-5.149306774,s178.649117492
199_13,s2.972474461,s-2.030238169,s68.217105317
199_14,s7.560363045,s-4.322401414,s304.653179520
199_15,s-6.812859242,s-7.110066845,s304.164157345
199_16,s-5.305790736,s-0.401918281,s80.189003819
199_17,s3.287475995,s-6.873421734,s45.596446355
199_18,s-0.230747801,s-4.368141328,s12.915664015
199_19,s-4.174390537,s-6.617874439,s270.938814295
199_20,s-5.306582394,s-1.201327041,s345.091270836
199_21,s3.513090745,s-4.766770085,s100.383001776
199_22,s1.557058588,s-6.697751281,s310.066701924
199_23,s-1.629068151,s-5.704809704,s127.406970330
199_24,s-0.711519008,s-6.994417433,s173.906404550
199_25,s4.106048582,s-6.468863224,s144.880159378
199_26,s2.622098066,s-2.949883962,s117.046694986
199_27,s2.592119999,s-4.848192838,s356.757668251
199_28,s4.139295130,s-2.834302910,s329.890344301
199_29,s5.197206286,s-7.500687761,s270.886571931
199_30,s-6.896868697,s-6.099763267,s278.262977856
199_31,s-5.342255730,s-4.999216301,s105.125225458
199_32,s-7.802628789,s-1.105173823,s258.174980391
199_33,s-3.164631909,s-1.194617930,s116.862805345
199_34,s-4.878438711,s-0.774294346,s22.289293628
199_35,s-1.957971592,s-0.025497149,s113.201454179
199_36,s2.507912012,s-3.605464084,s245.489611909
199_37,s7.852996980,s-2.170821641,s166.903219031
199_38,s0.065566117,s-7.120899647,s222.786017783
199_39,s-2.081860560,s-5.489308889,s309.620985510
199_40,s4.187164968,s-5.398755522,s294.201280749
199_41,s-0.836264636,s-4.091109350,s193.669493399
199_42,s6.417102007,s-7.366776796,s142.140832035
199_43,s7.658829842,s-3.001239994,s39.414684137
199_44,s6.789683156,s-5.446822272,s145.080187455
199_45,s-3.299211000,s1.052985761,s198.836371344
199_46,s-5.558111200,s-3.414593951,s327.951566160
199_47,s-7.428926651,s0.475031175,s8.264051016
199_48,s-7.611651732,s-5.767190871,s222.194729747
199_49,s-6.512073811,s-3.630272406,s176.867871362
199_50,s-2.509148351,s-4.928322644,s302.665827627
199_51,s6.209306654,s-0.742502708,s142.261723321
199_52,s1.508539949,s-0.272715256,s356.535470444
199_53,s-2.698538184,s-2.751776467,s168.281579693
199_54,s-0.507382124,s-0.735146155,s277.211943647
199_55,s2.110476490,s-0.621028270,s162.034689250
199_56,s7.656244169,s-7.366395227,s46.863126615
199_57,s7.707072035,s-5.219756141,s10.356750268
199_58,s7.425351910,s-0.559842411,s236.080713603
199_59,s7.886206313,s-6.028529764,s307.610580123
199_60,s-5.250871446,s6.939732870,s269.004070714
199_61,s-7.794005014,s-2.070354699,s88.346219172
199_62,s-3.090130376,s1.505688557,s42.618925988
199_63,s-4.631531499,s-7.782724644,s213.476039142
199_64,s-4.280505175,s-0.626549020,s354.061676549
199_65,s-6.773749457,s-1.373228894,s178.687748236
199_66,s1.623908553,s2.885034057,s152.260483917
199_67,s0.829083495,s1.837664791,s350.833500652
199_68,s-2.850625240,s-3.337840669,s34.410803702
199_69,s6.086185144,s-6.288435518,s201.893770677
199_70,s5.726336192,s7.730993410,s140.768409611
199_71,s4.544373904,s4.468099384,s248.437484073
199_72,s5.862625954,s1.899383499,s345.676818828
199_73,s2.541887454,s1.232678938,s27.821516085
199_74,s3.426979799,s2.771954403,s106.128161287
199_75,s-7.038057501,s3.547012129,s328.898302678
199_76,s-3.975096084,s0.563135470,s176.924634005
199_77,s-0.786346114,s3.437160054,s172.928056833
199_78,s-0.550871547,s4.047677121,s68.321238301
199_79,s-2.463160301,s3.937271907,s157.381305517
199_80,s-5.318434918,s3.817167182,s224.772026576
199_81,s-2.593597150,s2.047181588,s203.247204927
199_82,s-3.908750211,s6.141757947,s334.735352373
199_83,s-0.458547362,s1.039680058,s216.309693236
199_84,s3.855418404,s-0.866395402,s104.652189560
199_85,s1.741893168,s1.582343791,s4.140300765
199_86,s6.739599968,s-1.826884758,s316.362408419
199_87,s7.465638962,s1.323277272,s99.556284040
199_88,s7.898269245,s2.038704989,s58.087891661
199_89,s5.992628447,s2.774462301,s16.548966081
199_90,s-0.404732475,s7.845970944,s154.190415862
199_91,s-3.509102659,s2.828956943,s206.137624066
199_92,s-4.146948728,s0.975159751,s184.266994935
199_93,s-3.329114206,s3.489618348,s176.222345258
199_94,s-2.370622585,s0.943916246,s218.589635730
199_95,s-1.802743748,s1.806561669,s311.512086048
199_96,s5.926707391,s0.864009751,s264.281792881
199_97,s-6.523479380,s-5.458152913,s287.731748258
199_98,s3.786435363,s0.929760981,s131.566461673
199_99,s5.442483999,s6.051208612,s182.111297326
199_100,s1.925896205,s0.336150162,s252.584413621
199_101,s4.319151730,s7.169979218,s311.869221948
199_102,s4.474182769,s-1.859478898,s46.429941596
199_103,s7.126087808,s7.096763010,s259.099929556
199_104,s7.839201126,s0.444547346,s250.576841919
199_105,s-7.201672702,s7.384343552,s131.968188271
199_106,s-4.390974732,s-2.273740047,s280.363866519
199_107,s0.648025239,s6.594256218,s167.453945830
199_108,s-5.712838963,s-4.295240917,s253.572778303
199_109,s-3.499950282,s4.399169184,s73.587265938
199_110,s-4.927246930,s2.836211503,s290.242382131
199_111,s-7.586631834,s5.686249118,s57.547714457
199_112,s-1.969590878,s0.953756058,s68.233959048
199_113,s1.920401992,s6.723806301,s118.811025348
199_114,s-0.894988402,s-2.768960063,s262.476869732
199_115,s6.086798107,s-0.489892037,s268.250217899
199_116,s1.197095295,s7.731916755,s105.641131901
199_117,s5.194941208,s6.925228046,s243.259739066
199_118,s4.736361968,s2.541183120,s43.861848217
199_119,s5.553508593,s2.254527766,s249.088206570
199_120,s-4.974184460,s4.926309126,s190.540746311
199_121,s-7.686254428,s2.882264648,s139.049525832
199_122,s-7.823977691,s4.431950306,s349.288400966
199_123,s-4.683464696,s0.063015895,s3.881158051
199_124,s-4.646734298,s4.319361275,s227.207636482
199_125,s-1.895548614,s5.097325656,s41.549317275
199_126,s-1.210417101,s-0.463384661,s241.220543150
199_127,s1.319925961,s4.494567585,s173.922322174
199_128,s-0.063254156,s-2.373481850,s232.158553333
199_129,s3.825132280,s5.353321835,s347.209850130
199_130,s2.208731164,s3.864133431,s339.192703285
199_131,s3.126188663,s4.681606317,s207.761202151
199_132,s5.623500566,s5.096655722,s74.699407202
199_133,s7.216490422,s4.333335016,s154.569233338
199_134,s6.916064167,s0.374206971,s249.141964402
199_135,s-5.398227824,s6.444536118,s281.637851729
199_136,s-7.767385882,s1.495703327,s174.736187103
199_137,s-0.708403451,s6.026698857,s176.632339537
199_138,s4.315273581,s7.734646895,s37.587270443
199_139,s-1.571031647,s-3.990391537,s191.486713843
199_140,s-2.544058423,s7.844681262,s4.764480369
199_141,s2.501001463,s-2.191228575,s353.751676719
199_142,s0.127445423,s5.005245840,s272.479349635
199_143,s1.864475819,s7.180527014,s271.946196792
199_144,s0.880713577,s5.927943464,s55.640028584
199_145,s4.956694805,s6.782352148,s42.210792541
199_146,s3.914289590,s6.016363789,s301.886191241
199_147,s-0.595019846,s5.739760296,s151.475842478
199_148,s5.495107375,s7.828432606,s249.555588427
199_149,s7.800611256,s7.811562879,s349.157528459
199_150,s-6.379916766,s0.718576477,s297.876517026
199_151,s-6.564604421,s3.917904077,s301.704460880
199_152,s-6.839963464,s3.046375766,s231.720370916
199_153,s-2.482114950,s6.628691399,s218.779229205
199_154,s-6.379203023,s4.485286508,s21.301662202
199_155,s1.426615078,s4.657384979,s315.112027497
199_156,s-2.904889203,s5.928248509,s300.197166824
199_157,s-1.400949712,s5.534749132,s269.698198105
199_158,s1.204348275,s3.823828626,s316.772879519
199_159,s0.250479284,s4.464273950,s242.232758820
199_160,s-2.235403178,s3.665489418,s65.120361368
199_161,s6.493735531,s4.879831568,s22.124688431
199_162,s6.426657079,s6.341137965,s166.848131131
199_163,s7.682139636,s3.857671004,s339.739746835
199_164,s2.761847401,s5.197287273,s320.303022880
199_165,s-6.115208737,s7.802877584,s225.783209751
199_166,s-7.759438725,s7.846369701,s173.572057070
199_167,s-4.144250342,s5.553912677,s280.242986020
199_168,s-1.255294759,s7.864947764,s262.325721156
199_169,s-2.652902090,s7.428957342,s5.933633522
199_170,s0.114986069,s3.162235321,s78.479651037
199_171,s-4.842877179,s5.223958562,s214.084841585
199_172,s-1.925294517,s7.223980649,s171.417438683
199_173,s6.413783940,s7.293743123,s175.057398619
199_174,s2.508637828,s6.442620205,s102.372322609
199_175,s1.079859302,s2.376967141,s335.851411993
199_176,s3.084294165,s7.811693364,s2.259487292
199_177,s7.951830229,s4.938243753,s194.905042264
199_178,s-4.569783142,s2.076386291,s81.613070928
199_179,s2.455399285,s5.412368590,s50.513454066
199_180,s-7.422197670,s1.588249370,s233.901121725
199_181,s-7.823977691,s7.273911118,s108.987851456
199_182,s-7.123365734,s6.654133486,s153.514812769
199_183,s-5.009786234,s7.870467870,s31.356545523
199_184,s3.357771769,s1.725770653,s227.519576140
199_185,s4.170814482,s6.416419469,s327.571030964
199_186,s-5.816081952,s7.841086572,s185.034519048
199_187,s0.769259345,s7.920265668,s38.885440252
199_188,s6.628643427,s5.786238289,s315.635664883
199_189,s0.961629775,s7.247360820,s353.494513585
199_190,s3.552832644,s3.393357582,s263.290168764
199_191,s4.524529092,s2.583224909,s299.280014859
199_192,s3.689350512,s4.462548240,s221.177464775
199_193,s7.580463439,s6.731247760,s261.049189516
199_194,s7.240639973,s2.746071197,s263.280745574
199_195,s-6.260204792,s2.851296325,s55.518060531
199_196,s-7.583620430,s6.190489545,s236.062766174
199_197,s-5.600046047,s5.684537998,s186.928994902
199_198,s-1.411388409,s6.144908285,s305.162696879
200_0,s-5.035658918,s-6.098763026,s186.313131962
200_1,s-4.947555013,s-4.665954139,s22.682624352
200_2,s-1.269765816,s-5.871387306,s340.878325654
200_3,s5.185557788,s-3.377805573,s10.654232897
200_4,s-4.156297870,s-7.748831802,s48.410615461
200_5,s-2.369964544,s-5.535265402,s252.245126412
200_6,s-1.102707093,s-4.614771629,s256.110633519
200_7,s5.265551946,s-6.046205177,s132.554971913
200_8,s0.943813000,s-0.112457896,s331.879770247
200_9,s1.121716160,s-6.653533268,s35.367313717
200_10,s-1.521258001,s-7.266919452,s135.123366845
200_11,s0.972769418,s4.980157840,s288.252671408
200_12,s6.586509610,s-5.798047148,s197.486560495
200_13,s4.402270252,s-3.029948352,s107.006617369
200_14,s7.792145802,s-6.157961362,s1.911067916
200_15,s-2.147626944,s-3.088500368,s22.620098822
200_16,s-3.310867256,s-1.587373036,s230.202886635
200_17,s-2.733415492,s-3.383538025,s169.399617200
200_18,s-4.995416323,s-7.755959057,s198.679421800
200_19,s-4.299170450,s-6.488847388,s330.932310101
200_20,s2.356945864,s-7.278462540,s353.432189290
200_21,s-0.269355106,s-7.678373612,s95.168479850
200_22,s-5.009388179,s2.823866982,s353.201760261
200_23,s-2.570546313,s-7.047931628,s284.144081795
200_24,s-1.356323017,s-2.038026334,s315.760476385
200_25,s1.595833525,s-7.858771191,s237.423202391
200_26,s7.923741623,s-7.349945579,s181.641374006
200_27,s-2.623743963,s3.607001005,s165.730761816
200_28,s7.798044172,s-3.527392336,s14.802374339
200_29,s6.401236574,s-7.735702851,s310.623282014
200_30,s-5.980892827,s-4.173940163,s352.780096823
200_31,s-7.226032200,s-7.623561786,s91.098468109
200_32,s-7.758089850,s-7.045984496,s71.151959327
200_33,s-6.444014344,s1.175452866,s90.176377911
200_34,s-6.678928244,s-0.210204782,s180.858682626
200_35,s-0.108938756,s-4.028133823,s340.236681457
200_36,s-3.007693186,s-5.085021884,s136.459901242
200_37,s-0.653492824,s-2.888698976,s177.782773569
200_38,s-4.060173505,s-3.140069721,s132.921211841
200_39,s2.921130037,s4.137105211,s202.316539607
200_40,s3.591487324,s-7.810206757,s100.534613130
200_41,s2.320666590,s-4.712910513,s256.236200095
200_42,s6.764759961,s-4.856490454,s173.679720379
200_43,s6.248892386,s-0.997265881,s270.692396301
200_44,s5.401791657,s-2.511363715,s55.559979708
200_45,s-3.774281796,s-0.657856064,s153.714931890
200_46,s-4.987422052,s6.238958683,s157.736566742
200_47,s-3.089638819,s-7.608147038,s246.500519788
200_48,s0.335894215,s1.481294742,s327.879758476
200_49,s-6.893786511,s-4.820973896,s145.549122021
200_50,s0.690205809,s-5.658557630,s56.790861289
200_51,s-3.319514901,s6.810497625,s195.783671575
200_52,s3.542237541,s-7.030660516,s72.396613665
200_53,s0.323285470,s4.047920133,s71.586986698
200_54,s2.730183557,s0.065241289,s328.476081955
200_55,s-1.269664098,s-5.273762989,s46.464791859
200_56,s4.990899127,s1.860213495,s75.828330714
200_57,s2.595594182,s5.785624832,s113.078213244
200_58,s4.707538537,s-4.578737906,s143.225360573
200_59,s6.864450066,s1.176042896,s144.307539578
200_60,s-7.748836979,s-1.878888111,s291.164606613
200_61,s-2.942931898,s4.948561617,s302.374887449
200_62,s-2.490945361,s2.588781925,s263.690614385
200_63,s-7.271425712,s7.064061753,s14.911206933
200_64,s4.631509425,s-7.139113765,s264.221769287
200_65,s1.472956366,s-0.501545505,s239.053469219
200_66,s-4.292129225,s1.839790153,s222.405431667
200_67,s6.355972026,s-4.099503652,s346.645282652
200_68,s-0.635881042,s2.363911920,s185.679136256
200_69,s7.031817118,s2.915370708,s34.770921668
200_70,s6.757188667,s-1.066054393,s263.537919490
200_71,s6.666581505,s0.113333616,s265.965567521
200_72,s7.705675140,s5.492143366,s160.867322815
200_73,s3.569017252,s-6.158563268,s186.554047650
200_74,s1.822494956,s1.685360273,s287.037006109
200_75,s-6.322397185,s-7.782140427,s215.592370769
200_76,s2.500024420,s2.051123710,s26.132401932
200_77,s-7.482718755,s-5.975376378,s2.892881107
200_78,s-6.541899233,s-2.685347417,s131.942967501
200_79,s-7.205461140,s-3.387397642,s76.124524837
200_80,s-4.663238705,s2.799758309,s301.135839637
200_81,s3.032906276,s-6.333320958,s53.436673956
200_82,s7.143297112,s2.345829649,s324.874601299
200_83,s7.010423912,s-2.607407695,s223.170367589
200_84,s7.549546980,s-1.529050466,s14.329135078
200_85,s7.307888938,s-2.459010501,s165.072954041
200_86,s2.976189053,s2.079002703,s266.890990886
200_87,s3.313474618,s0.263259368,s123.504781628
200_88,s-5.009279775,s-1.459140186,s222.058527564
200_89,s7.532439836,s0.771523536,s246.729592089
200_90,s-7.704053298,s1.378375574,s254.825896093
200_91,s-3.077152722,s1.742695181,s230.955371444
200_92,s-0.606294350,s5.756828677,s129.238595437
200_93,s1.547731420,s5.428524197,s27.972524645
200_94,s-6.709746002,s4.620156339,s125.033716339
200_95,s0.638025618,s-1.397369077,s32.355097847
200_96,s-6.145833833,s2.209447958,s27.279143645
200_97,s-5.873441036,s1.559593937,s199.237576041
200_98,s-0.700330916,s2.031807133,s189.194412524
200_99,s-0.119668013,s7.000782124,s119.658237965
200_100,s6.062989892,s5.270176913,s309.390021567
200_101,s-7.767194796,s1.851890491,s214.050270623
200_102,s4.201179600,s-5.840813166,s77.557136068
200_103,s1.387085210,s2.096909422,s184.403862761
200_104,s7.118134556,s0.253224637,s71.767904365
200_105,s-5.344814378,s-1.376617829,s353.322947427
200_106,s-7.012619568,s-1.794450912,s295.725788175
200_107,s-0.640916819,s2.981808987,s355.033691971
200_108,s6.104179149,s3.824099881,s79.054782329
200_109,s-7.247083975,s5.577603871,s346.467788857
200_110,s4.061545497,s2.974831995,s164.630061829
200_111,s-7.264840136,s4.029918109,s172.375864383
200_112,s7.265088298,s7.751746525,s342.286728565
200_113,s3.165064591,s-4.543528788,s359.169296295
200_114,s-2.107682040,s3.656148082,s57.373539731
200_115,s-4.948543203,s1.063487363,s75.654954670
200_116,s4.753772730,s7.897265409,s219.977731853
200_117,s1.872843056,s-3.461323384,s14.795538392
200_118,s1.643976743,s7.698515094,s37.019741391
200_119,s7.622333878,s6.516747380,s41.228331987
200_120,s-4.037978314,s6.642618964,s10.943588730
200_121,s-7.778732439,s5.285536615,s225.609026399
200_122,s-7.759464517,s7.294538042,s239.949708911
200_123,s-4.797598135,s7.190302417,s136.266029995
200_124,s-5.475144401,s3.153113400,s106.572133475
200_125,s1.144105590,s-1.297103384,s334.067645493
200_126,s4.434414197,s3.577046019,s144.185787826
200_127,s2.627221205,s3.781650627,s253.429943409
200_128,s-3.601090446,s7.592520566,s188.834860371
200_129,s1.000225475,s6.183425090,s210.536800113
200_130,s4.063761330,s1.608698304,s253.015295517
200_131,s-4.104685070,s3.353163419,s21.468850609
200_132,s5.322201804,s5.966774936,s122.035244140
200_133,s2.537958420,s4.885910084,s154.932544035
200_134,s5.257961461,s6.918925327,s144.679906313
200_135,s-6.713324082,s6.226336315,s254.748065904
200_136,s-3.033424279,s6.269916369,s134.999520021
200_137,s-4.871799088,s4.238852843,s80.093921836
200_138,s-5.178567222,s0.336758763,s108.723114243
200_139,s0.741015103,s7.822735811,s87.725298304
200_140,s-3.888286749,s6.711324695,s256.894832827
200_141,s-0.152385035,s5.197250239,s86.629016536
200_142,s-5.426737311,s-2.935373053,s280.099766406
200_143,s7.848651343,s-0.203833828,s120.290189665
200_144,s2.636714490,s6.717372670,s203.252933546
200_145,s5.489452519,s4.147194879,s159.642004007
200_146,s4.462582084,s0.229148852,s238.932106991
200_147,s7.645486260,s3.787080830,s65.743302967
200_148,s7.164624400,s6.819731369,s215.658574409
200_149,s7.918039423,s7.217120598,s167.432101428
200_150,s-7.753069970,s4.286051885,s345.266160463
200_151,s-2.394476055,s-1.103660505,s56.506119920
200_152,s-7.145639701,s2.601185911,s236.225439657
200_153,s0.119858375,s3.013343407,s158.390801902
200_154,s4.312240261,s7.872442323,s37.501601535
200_155,s-3.958361575,s7.917698462,s75.225437513
200_156,s-3.702732058,s3.245590066,s203.172731546
200_157,s-1.183487948,s7.665686230,s182.661291834
200_158,s5.651383668,s-0.252423395,s304.998777516
200_159,s-2.535914794,s4.298795501,s222.744381906
200_160,s-1.019498598,s4.814198950,s218.402107863
200_161,s-2.312200860,s7.242111163,s120.131707789
200_162,s4.105207602,s-1.467333314,s130.212452689
200_163,s7.107067109,s5.120415351,s262.375091348
200_164,s2.315415733,s6.338688641,s215.624251077
200_165,s-4.830813885,s6.591422801,s89.586553223
200_166,s-7.002352282,s7.704337849,s331.260665538
200_167,s-3.468479934,s4.069262982,s10.673699386
200_168,s4.662687960,s5.137357691,s348.283133908
200_169,s-1.710012065,s5.718457753,s10.695833052
200_170,s-4.501210705,s0.093491753,s143.003691715
200_171,s-4.194523658,s1.579046073,s316.125009201
200_172,s7.925333684,s4.183366066,s312.496048722
200_173,s-1.318972181,s3.958514462,s178.901826557
200_174,s2.300089488,s5.040768265,s172.806970201
200_175,s7.794887454,s2.334198245,s133.418746636
200_176,s0.057859741,s1.756613435,s166.947266703
200_177,s5.945378514,s-0.633719052,s250.675197813
200_178,s6.048824358,s6.558120443,s193.214200071
200_179,s2.242421075,s-1.524489945,s199.598783487
200_180,s-3.941233769,s7.906869623,s189.275445740
200_181,s-6.835444673,s5.273482431,s249.096886508
200_182,s-2.095244472,s5.131716040,s201.800031110
200_183,s-5.652355225,s7.218319694,s11.484269875
200_184,s2.111575117,s6.734975819,s186.723397736
200_185,s-0.203016979,s7.845382828,s303.621792465
200_186,s0.737812607,s5.253087869,s127.016803970
200_187,s4.756476343,s5.572915795,s119.929732813
200_188,s0.028750846,s7.718853017,s207.542478513
200_189,s4.226342170,s-3.417389918,s226.574220266
200_190,s3.622792693,s3.281450573,s27.663842560
200_191,s3.486629613,s7.303968866,s39.688227175
200_192,s-1.370305672,s6.724227224,s341.041386847
200_193,s7.952687407,s1.194176262,s104.936906133
200_194,s6.666076220,s7.629883539,s213.751067020
200_195,s-7.705876265,s4.335142427,s214.300296774
200_196,s-6.316464806,s7.906085336,s147.248429042
200_197,s-5.245999217,s-2.127532372,s169.610772461
200_198,s2.399578374,s4.137968447,s122.980145967
200_199,s7.584285875,s5.250797946,s343.510372958
