id,x,y,deg
001_0,s0.014796603,s-0.254427794,s25.571505974
002_0,s-1.080397155,s0.374156471,s223.241380876
002_1,s1.122453166,s-0.277404534,s74.051177441
003_0,s-0.354314989,s0.191861134,s145.677715685
003_1,s-0.779518846,s-0.880915034,s347.247530793
003_2,s0.793288138,s0.878937060,s159.389000685
004_0,s-1.240210058,s-0.991459157,s282.102987405
004_1,s0.424706672,s0.014011450,s28.195122276
004_2,s0.875432287,s-1.200086643,s226.060409467
004_3,s0.152099758,s1.542584696,s164.930314637
005_0,s-1.842244432,s-0.337522640,s279.691148361
005_1,s-0.820079376,s-1.734224284,s307.113472904
005_2,s0.450563295,s-0.680432019,s260.040488790
005_3,s1.281437572,s1.676201114,s254.412785088
005_4,s1.551368579,s-0.994066064,s119.468809844
006_0,s-0.400567588,s-1.711064280,s344.193468284
006_1,s-0.424000850,s0.104334815,s110.154207860
006_2,s-0.640179203,s1.720585707,s182.729985990
006_3,s-1.756932622,s0.771279641,s186.784504467
006_4,s1.457055339,s-0.466633932,s234.025938333
006_5,s1.243424230,s1.438544846,s222.924353259
007_0,s-0.864219295,s-2.047949977,s110.063190575
007_1,s0.463773505,s-0.191320159,s356.837020207
007_2,s1.660220494,s-1.568152305,s3.891713883
007_3,s-0.799771721,s1.594524348,s312.547856184
007_4,s0.422857797,s1.082363571,s122.205595725
007_5,s1.316344312,s1.638719410,s139.029829185
007_6,s-1.713821112,s1.701070585,s327.623698806
008_0,s-1.766630607,s-1.740735775,s259.735671331
008_1,s0.188920863,s-1.837370608,s134.220009497
008_2,s1.267849009,s-2.024615121,s89.860881100
008_3,s-1.808422326,s-0.426636406,s63.721070573
008_4,s-0.622571486,s0.364221250,s318.978259595
008_5,s0.473979146,s0.052389179,s132.457162420
008_6,s1.730137351,s1.544371074,s263.991035814
008_7,s-0.549351354,s2.037752337,s296.547415372
009_0,s-2.595527882,s-2.065332697,s292.902799780
009_1,s-1.361882441,s0.572043314,s241.983339208
009_2,s0.052402155,s0.231953508,s282.797514896
009_3,s0.164543134,s-1.241680390,s240.894504033
009_4,s-2.508195524,s-0.874607764,s183.687065362
009_5,s0.697937481,s1.321089348,s283.402021901
009_6,s2.230517202,s-1.526848239,s308.400102345
009_7,s1.447611103,s1.053491041,s276.918823875
009_8,s-2.552597269,s2.050535615,s285.539975654
010_0,s-2.344059496,s-0.108627727,s206.519699355
010_1,s-1.175449319,s-0.275069435,s55.550043987
010_2,s0.685343733,s-2.598827007,s350.363772046
010_3,s2.581638089,s-2.188043297,s75.753270850
010_4,s-2.583830098,s2.338090775,s259.809167772
010_5,s0.233858797,s2.260703505,s50.957411447
010_6,s1.242844125,s0.962211422,s170.659133369
010_7,s2.483723011,s-0.287549423,s61.297884908
010_8,s-0.745004037,s2.602216668,s185.577806607
010_9,s1.971886843,s1.668991480,s50.327716569
011_0,s-2.349129773,s-0.697396652,s358.613849128
011_1,s1.216633112,s-2.058889322,s81.914559633
011_2,s1.239716530,s-0.301184272,s176.087234436
011_3,s2.134450300,s-1.782007265,s139.343562198
011_4,s-1.209640916,s0.572008382,s160.343473507
011_5,s0.198254664,s0.624196377,s142.545881825
011_6,s2.516782870,s2.112997822,s135.562496285
011_7,s2.538056427,s0.885345694,s345.600205171
011_8,s-2.563610072,s0.374690214,s333.582207365
011_9,s-0.446577705,s1.264585181,s265.279211533
011_10,s0.843156668,s1.745782404,s34.458659815
012_0,s-2.474898022,s-2.021115856,s155.935850274
012_1,s-0.915142097,s-2.403786526,s196.682621064
012_2,s0.430927704,s0.888352613,s327.555551020
012_3,s1.486362498,s-1.855459851,s266.574042206
012_4,s-2.306904744,s0.333561217,s319.729517565
012_5,s1.253807115,s2.489456306,s175.786817088
012_6,s0.715805474,s-1.570047894,s220.432860280
012_7,s2.485322553,s1.517336614,s154.453645687
012_8,s-2.202896879,s2.470084448,s133.359893592
012_9,s-2.573421731,s0.911557343,s306.637797058
012_10,s-0.843335047,s1.699861027,s205.213410067
012_11,s1.798134829,s2.393399171,s346.142356355
013_0,s-2.395955885,s-1.357194774,s119.227857588
013_1,s-1.161353978,s-2.117959848,s73.792756611
013_2,s-0.662723343,s-1.459942141,s298.949718749
013_3,s2.331598295,s-0.426862977,s95.353774837
013_4,s-0.804325174,s0.634063608,s88.127085461
013_5,s-0.425279139,s1.688610515,s216.325580335
013_6,s1.147121265,s2.004803411,s59.241339927
013_7,s2.453982938,s2.183145925,s306.855479819
013_8,s-0.328918698,s0.960328962,s228.069109432
013_9,s-1.628715487,s-0.316868633,s89.433813593
013_10,s2.243246743,s-2.573278502,s118.386264701
013_11,s1.107331627,s1.151174755,s333.930050031
013_12,s-1.679198470,s2.154608674,s2.864393083
014_0,s-2.015905083,s-2.500885426,s143.809986291
014_1,s0.970811365,s-2.575722254,s273.904228467
014_2,s1.532830297,s0.476815192,s145.854047107
014_3,s2.462137727,s-1.145159393,s125.318414146
014_4,s-2.109809869,s-0.712797879,s78.586216132
014_5,s0.455203554,s-1.516627962,s227.477833469
014_6,s0.631956400,s1.147774141,s166.669630641
014_7,s2.068707717,s-1.708771812,s78.350260686
014_8,s-1.137677498,s2.354805819,s351.754537138
014_9,s-0.417994032,s0.178923180,s209.949223550
014_10,s0.284236762,s1.895110054,s295.535918464
014_11,s0.881187142,s2.154020273,s253.401512251
014_12,s-2.071151449,s1.999247986,s70.089872048
014_13,s2.584145532,s2.295702327,s27.715686850
015_0,s-3.059049656,s-2.847886405,s206.786138827
015_1,s-0.828850033,s-3.029677789,s136.441119468
015_2,s-0.122490843,s-1.472358645,s294.096425493
015_3,s2.364376159,s-2.811654004,s77.269421846
015_4,s2.492989459,s-1.191968892,s265.915696816
015_5,s-0.109670249,s-0.315605727,s183.237579493
015_6,s0.853272883,s0.714563664,s201.976208658
015_7,s1.230210376,s-0.470708476,s17.381452290
015_8,s-2.862489814,s2.848038524,s342.122620687
015_9,s2.519924691,s0.389650503,s159.789605601
015_10,s-2.377170866,s0.225882943,s116.726051474
015_11,s-1.679404651,s2.197613218,s218.765880495
015_12,s-2.098333056,s1.444059668,s340.217859195
015_13,s3.168428488,s2.056143934,s92.485530720
015_14,s0.096238217,s3.268543021,s180.142426802
016_0,s-2.277307073,s-2.517101869,s90.553538106
016_1,s0.233716692,s-2.894438470,s247.862006976
016_2,s-1.186793797,s-1.781765006,s332.583380387
016_3,s0.567767642,s-1.504227444,s4.049432499
016_4,s2.307746942,s-2.882405526,s256.326220083
016_5,s-1.780285610,s-0.098882254,s164.580123375
016_6,s-0.720443276,s0.327154510,s177.531120216
016_7,s0.823640353,s1.038174727,s17.490670626
016_8,s2.351541500,s3.009558916,s205.106821093
016_9,s2.145499609,s-2.459589446,s16.321090866
016_10,s-0.669280101,s2.243460087,s343.207717376
016_11,s-2.546954634,s0.128142132,s137.728247300
016_12,s0.018803184,s2.657236214,s250.528949357
016_13,s1.366661296,s2.252642357,s123.569153173
016_14,s2.644679005,s0.875540219,s116.661289767
016_15,s-1.748409805,s2.123295869,s143.574974555
017_0,s-2.846758130,s-1.696837936,s76.488045915
017_1,s-0.732597285,s-3.035925557,s58.718615568
017_2,s1.440203974,s-2.580410141,s265.763126384
017_3,s2.827061034,s-2.528496462,s265.518462422
017_4,s2.355900801,s-0.803859027,s225.911384040
017_5,s-2.855470828,s0.658947999,s29.676749542
017_6,s-1.936776462,s0.127315244,s235.063799063
017_7,s0.102068163,s-1.370053490,s54.357895577
017_8,s0.303701499,s-0.245083137,s192.690822765
017_9,s2.258018840,s0.652649581,s165.765289112
017_10,s-1.679643984,s1.213901186,s2.954566230
017_11,s-1.496892998,s2.533025484,s23.971498205
017_12,s0.176450402,s0.530406984,s119.010165417
017_13,s2.104929676,s2.535500664,s358.066536866
017_14,s1.627815163,s1.347877391,s150.720374939
017_15,s-2.868484137,s2.500307764,s226.475318043
017_16,s1.590793708,s2.056864207,s77.702610146
018_0,s-2.962885489,s-1.055220017,s234.924189673
018_1,s-2.794058586,s-2.463475451,s328.904592057
018_2,s1.106496275,s-2.559259309,s202.746555835
018_3,s2.383538665,s-1.364117248,s118.570239280
018_4,s2.553325522,s-2.824456672,s130.559300586
018_5,s-1.324588926,s0.283873311,s92.077144288
018_6,s2.344992341,s-0.709864894,s121.817737735
018_7,s1.491561653,s0.114887270,s276.466526119
018_8,s2.285075663,s2.467491417,s259.213983326
018_9,s2.969286894,s-0.923931472,s178.969723953
018_10,s-2.161067445,s0.000948281,s288.568809438
018_11,s-3.069683401,s2.368014849,s315.478809217
018_12,s-1.600612795,s-2.355525122,s136.928262417
018_13,s0.236490115,s2.695711713,s89.136004108
018_14,s2.580076455,s0.877343980,s2.685952863
018_15,s-2.027054226,s2.647802230,s196.480917522
018_16,s-1.428375091,s1.659274552,s353.004690395
018_17,s-1.054945039,s2.714409655,s321.979784738
019_0,s-3.245428046,s-2.232555534,s318.394334296
019_1,s-2.012148195,s-1.843018826,s191.348555791
019_2,s-0.361429722,s-2.901450892,s143.535168992
019_3,s1.148283052,s-2.624208092,s138.385733722
019_4,s1.479585798,s-2.925722587,s168.838571721
019_5,s-2.955320377,s-0.461461683,s125.196119860
019_6,s0.086514234,s0.212449636,s101.472852097
019_7,s2.056961361,s3.366634702,s259.337059437
019_8,s1.213290375,s-1.316310108,s152.126512457
019_9,s2.789504549,s-1.308832731,s295.321260785
019_10,s-1.712699614,s-0.858563726,s32.454136021
019_11,s-1.835855726,s0.516488167,s123.716591328
019_12,s1.169257076,s-1.108756094,s311.996402961
019_13,s-0.878004271,s3.368536470,s170.418343405
019_14,s2.877134891,s2.471214794,s293.806228890
019_15,s-1.894415277,s1.859530863,s51.807684171
019_16,s-1.715794922,s3.189833216,s112.732632291
019_17,s-0.244109000,s2.427823464,s61.192245948
019_18,s2.859536539,s2.820493798,s236.295274989
020_0,s-3.000725342,s-1.346208489,s156.735967150
020_1,s-1.245937842,s-1.895094767,s6.660782750
020_2,s0.907816912,s-2.747614646,s234.825644559
020_3,s-0.434144831,s-3.023684605,s166.023109758
020_4,s3.035868990,s-0.925272818,s219.320889729
020_5,s-3.111873636,s-0.789239158,s268.880786141
020_6,s-1.706079925,s-0.650523673,s214.833955236
020_7,s0.610122759,s0.777111119,s206.527753714
020_8,s1.948718802,s-1.816889213,s48.903769322
020_9,s2.268559690,s2.466057117,s222.109952881
020_10,s-3.226828580,s1.610158330,s205.474916765
020_11,s-0.761453641,s3.006880853,s174.918603685
020_12,s2.313769633,s0.781160179,s67.228913615
020_13,s2.371371214,s-0.169357600,s56.965637125
020_14,s1.099621917,s2.540471132,s190.238678820
020_15,s-2.026705623,s3.073975223,s150.849154164
020_16,s-0.268139334,s0.853899488,s60.616511068
020_17,s1.730897390,s3.009274248,s8.733162810
020_18,s0.350828793,s1.559473729,s90.688857469
020_19,s2.825388931,s3.045392768,s144.504398929
021_0,s-1.602953425,s-0.372458429,s38.485322056
021_1,s-2.316941374,s-2.712797389,s228.692341216
021_2,s-1.645085521,s-3.127324390,s260.689590409
021_3,s2.307741518,s-2.852841270,s212.280076227
021_4,s1.956675676,s-0.990216997,s13.946855155
021_5,s-2.244412886,s0.758994611,s171.541756006
021_6,s0.587197531,s-2.097442002,s9.487971534
021_7,s-2.021888179,s2.032023647,s259.507513207
021_8,s2.865693567,s2.557640184,s10.089763517
021_9,s3.059608953,s-0.929534025,s122.779668014
021_10,s1.513938039,s-1.789610728,s271.804258233
021_11,s-1.956969485,s-2.255326604,s108.071413762
021_12,s-0.956342402,s2.472351434,s249.560816601
021_13,s0.582874671,s-0.758183792,s50.731388241
021_14,s2.777415982,s-0.141353090,s161.040834649
021_15,s-1.103023550,s1.289179781,s122.825067258
021_16,s-2.700353510,s2.601999152,s45.236231443
021_17,s1.483670198,s2.793983787,s23.216849414
021_18,s0.424310715,s0.799519236,s224.349751633
021_19,s2.612300213,s1.084023735,s339.536131329
021_20,s0.614838095,s2.651218413,s332.464055583
022_0,s-2.780443380,s-3.176032677,s174.847380950
022_1,s-2.282291238,s-2.980137776,s266.125681376
022_2,s-1.651797594,s-0.860780825,s24.837480116
022_3,s-0.782224467,s-1.004271638,s349.421668465
022_4,s1.398756243,s-2.501689330,s47.235492270
022_5,s-3.234950070,s-2.247104942,s17.663572951
022_6,s-2.494978984,s0.630511135,s269.298807877
022_7,s2.023453417,s1.925141731,s305.735163182
022_8,s2.328468320,s-1.828969220,s181.593567802
022_9,s2.669609441,s-0.842691885,s328.584314198
022_10,s-2.904551962,s1.367551386,s125.338977234
022_11,s-3.119085572,s-0.334824748,s91.884299665
022_12,s-0.753979218,s2.195585692,s29.465624071
022_13,s2.159771232,s0.187106400,s29.642471692
022_14,s2.827471553,s2.414733376,s336.278074277
022_15,s-1.457433190,s3.373493390,s314.413901256
022_16,s1.869640385,s2.866959086,s221.627715268
022_17,s-0.581907837,s0.437285063,s57.366556290
022_18,s1.705749657,s3.264468087,s332.302603075
022_19,s3.197486655,s3.136197858,s295.649630377
022_20,s-3.110157393,s3.282672804,s256.215180755
022_21,s0.859473347,s2.854003648,s120.708840675
023_0,s-3.737564767,s-2.340057155,s279.796289491
023_1,s-2.004741017,s3.648277362,s299.224272385
023_2,s-1.142433643,s-3.477301018,s40.769102374
023_3,s-1.000285230,s-3.672807622,s23.237538406
023_4,s2.310799576,s-2.051096977,s151.249444646
023_5,s3.549063963,s-3.690996595,s263.667212050
023_6,s-1.550319219,s0.743170302,s154.159127580
023_7,s-2.122335147,s1.433230716,s32.905372916
023_8,s-2.519260528,s-0.140370616,s58.655934793
023_9,s-1.691488846,s-1.663152875,s76.600385782
023_10,s2.738269374,s-3.060278683,s261.020636722
023_11,s3.647619659,s0.896781412,s240.396158587
023_12,s-3.620087240,s2.105584266,s115.160698417
023_13,s-1.684802455,s2.744078920,s114.470441298
023_14,s0.527761999,s0.228214727,s288.439141451
023_15,s0.724891855,s2.433904645,s196.087715640
023_16,s0.695970153,s-1.551201608,s291.148865439
023_17,s2.652701665,s2.893561691,s263.723100690
023_18,s-3.178810908,s3.550286006,s91.795506318
023_19,s-0.568524079,s-0.198571600,s296.208647974
023_20,s-0.788745788,s2.330796430,s351.103589759
023_21,s-0.659407063,s3.368871746,s258.214381885
023_22,s1.811369855,s-0.385375363,s162.363392820
024_0,s-3.345967388,s-0.008364689,s158.697528701
024_1,s-3.062913790,s-3.209844038,s160.643267340
024_2,s-1.016048018,s-1.605568798,s243.782147379
024_3,s0.268691081,s-2.100432342,s325.661530858
024_4,s0.897982312,s-3.059024187,s239.694121400
024_5,s3.634227192,s-2.298783636,s340.987148811
024_6,s-2.525051413,s2.022831557,s110.039008470
024_7,s-2.087266249,s3.311341220,s178.655349561
024_8,s-0.516369312,s-0.688104647,s172.821005165
024_9,s0.668014387,s0.529569460,s287.453199059
024_10,s2.743533824,s-3.567976845,s148.174396048
024_11,s2.956091388,s-1.069231124,s159.463585137
024_12,s-3.643509163,s2.697256398,s146.701150776
024_13,s-1.746946491,s-3.039245746,s10.292772231
024_14,s-2.565799889,s0.743152645,s97.340932635
024_15,s2.965340686,s1.827970129,s29.517350228
024_16,s1.531098052,s1.156131605,s324.654587760
024_17,s3.319936307,s0.169344624,s252.453406977
024_18,s-2.946028719,s3.568258121,s31.863784764
024_19,s-3.000916272,s2.561099868,s66.354730670
024_20,s0.294014098,s3.440577384,s340.382853569
024_21,s-0.847060389,s2.253725417,s271.827164174
024_22,s1.313960917,s3.281093469,s26.139847491
024_23,s3.393496932,s3.123675711,s155.968932808
025_0,s-3.423140957,s-2.659039723,s346.941329926
025_1,s-2.289708111,s-3.256415809,s137.049859585
025_2,s-0.197158761,s0.676849708,s325.932350620
025_3,s-0.658612156,s-2.586437819,s187.826191997
025_4,s0.840796499,s-1.585289389,s166.358174554
025_5,s1.610443917,s-0.466090828,s254.278115922
025_6,s-3.129680513,s-1.686841537,s357.704942221
025_7,s-1.076181732,s-0.486344657,s92.494185584
025_8,s2.081275764,s1.209793123,s62.811428777
025_9,s-1.583717041,s-2.008286072,s214.204700643
025_10,s2.759562794,s-2.269508301,s295.007202490
025_11,s2.324581635,s0.913625133,s4.917284201
025_12,s-1.964685971,s0.071742509,s307.708428644
025_13,s0.392032431,s1.989977096,s151.250329765
025_14,s1.222267681,s-0.165117814,s263.579480764
025_15,s1.873663138,s1.902065043,s125.457960404
025_16,s3.090213431,s-0.322339364,s282.958371811
025_17,s2.792730560,s1.123927639,s223.121967867
025_18,s-2.318061344,s2.380875713,s170.314569802
025_19,s-3.434294434,s1.384768627,s92.051590059
025_20,s0.772717624,s3.022987274,s119.723960536
025_21,s1.432855794,s3.040792511,s35.775563387
025_22,s2.070335174,s3.503137380,s75.489727139
025_23,s3.512777572,s3.480051376,s244.323534801
025_24,s-3.393526798,s2.264016724,s325.636081099
026_0,s-3.928837444,s-1.013377303,s345.681821792
026_1,s-1.145774302,s-3.594700161,s158.025777683
026_2,s-0.209113839,s-2.266041600,s226.593940160
026_3,s-0.557604890,s-0.901397433,s182.194812737
026_4,s0.354495260,s-2.555163502,s199.106791036
026_5,s2.395164719,s-0.199231366,s14.529479295
026_6,s-2.101440071,s-1.959279390,s224.911965979
026_7,s-2.318744901,s-0.033216319,s60.928275728
026_8,s-0.482533912,s0.657931886,s31.851927984
026_9,s1.827734798,s1.224880880,s231.068579444
026_10,s3.294900652,s0.292012886,s174.355639660
026_11,s3.535699064,s-0.368598753,s293.746930942
026_12,s-2.917727292,s-1.560213172,s133.497922034
026_13,s-0.378559586,s-0.120923842,s58.969629183
026_14,s0.925534438,s1.626653483,s67.617650501
026_15,s1.447140549,s1.795578243,s153.486446461
026_16,s1.910528463,s2.745641823,s171.821219973
026_17,s3.051126914,s1.356833253,s170.925096983
026_18,s-3.043877345,s0.669079667,s292.395240473
026_19,s-2.885595750,s1.231622021,s97.960238694
026_20,s-1.938214961,s1.818748477,s170.886334456
026_21,s-0.064404767,s2.780243708,s133.503289503
026_22,s2.177377976,s3.255913241,s249.856233117
026_23,s3.446477495,s2.131763168,s12.622103892
026_24,s-3.080154126,s2.164763448,s109.738024186
026_25,s-3.466235341,s4.001324009,s286.688535575
027_0,s-2.236532096,s0.091367062,s23.798121485
027_1,s-3.167256451,s-3.048259958,s355.870567580
027_2,s-0.188002580,s-2.928826989,s89.845493739
027_3,s0.278150808,s-2.702044863,s170.900513533
027_4,s-2.210317404,s-3.368363415,s273.572515010
027_5,s1.850986972,s-2.106939077,s344.328517179
027_6,s-3.583055993,s-2.305930983,s14.013230647
027_7,s-0.879098350,s-0.176484739,s332.971236933
027_8,s1.372412601,s0.599879077,s327.206662900
027_9,s2.124437811,s-0.248003525,s246.975487957
027_10,s1.001132487,s-2.780468729,s233.816931687
027_11,s2.839134226,s-1.117765069,s192.751250288
027_12,s-1.163842336,s2.548867101,s318.449068396
027_13,s-0.268998032,s-1.817717121,s286.941650928
027_14,s0.408606441,s0.974421585,s216.136741768
027_15,s0.306131269,s2.823619420,s135.858267147
027_16,s3.088131858,s2.961588682,s335.279101999
027_17,s1.150665349,s1.253050543,s341.922062909
027_18,s-2.983242524,s2.180010655,s231.493376933
027_19,s0.057565237,s2.593899443,s218.661317804
027_20,s-3.269634654,s0.423814326,s313.816707076
027_21,s-0.388743513,s2.792922388,s169.780032554
027_22,s1.977055931,s3.364943389,s88.791802158
027_23,s3.573053482,s0.134926791,s182.785532914
027_24,s-2.675949460,s2.914966451,s263.506425052
027_25,s-3.459922517,s3.505799577,s207.824419480
027_26,s-2.173335147,s3.157382030,s98.156247701
028_0,s-3.147921506,s-2.914998672,s86.267736813
028_1,s-1.252509287,s-2.716974620,s259.586321997
028_2,s0.142715296,s-3.034145342,s180.615065931
028_3,s1.344563336,s-2.314157997,s47.821231340
028_4,s2.090835493,s-3.082218020,s145.252587789
028_5,s2.798887054,s-3.159740443,s291.588574625
028_6,s-2.662892904,s-2.567602354,s41.392562237
028_7,s-1.842875799,s1.274048199,s99.805861567
028_8,s-0.078827386,s-2.408649731,s101.604589949
028_9,s3.377208856,s1.208722133,s225.338334779
028_10,s2.975647941,s-2.447892074,s252.465223271
028_11,s2.995289230,s-0.758179803,s292.263964478
028_12,s-3.003603196,s3.339531640,s308.185500859
028_13,s-2.623819447,s-1.065530126,s200.301369561
028_14,s2.395952186,s1.326568333,s326.750525527
028_15,s-0.277564212,s1.047607726,s339.050653917
028_16,s0.972417149,s-1.131052900,s269.914430989
028_17,s1.971540145,s2.045840420,s238.124236305
028_18,s-2.735762742,s0.421339370,s270.945462638
028_19,s-1.068730517,s-1.567990555,s214.022307507
028_20,s-2.959175499,s1.761524527,s96.089380274
028_21,s0.340251734,s2.814069386,s25.661058074
028_22,s3.213444570,s2.353773273,s188.817992488
028_23,s2.928382208,s3.339531640,s254.410557113
028_24,s-3.294518693,s3.011874124,s41.662890609
028_25,s-1.699017476,s3.010701916,s199.236863314
028_26,s-1.843587606,s2.578702176,s162.365707410
028_27,s-0.854245713,s3.075556090,s95.469175514
029_0,s-3.431322236,s-3.500367430,s44.135780839
029_1,s1.186528675,s-3.064338771,s22.445088571
029_2,s-0.316166719,s-1.125357161,s99.614160939
029_3,s1.620839099,s-2.776487491,s73.658795814
029_4,s2.261919695,s0.860461911,s345.948919785
029_5,s3.031293675,s-2.113496302,s161.963070942
029_6,s-1.870087723,s-2.012026946,s221.548638879
029_7,s-1.586991368,s0.295466896,s320.287372309
029_8,s0.551208208,s-0.504533955,s152.187417085
029_9,s1.592929828,s0.932301834,s96.122250077
029_10,s2.499755740,s-3.077518266,s187.549999990
029_11,s3.677626263,s1.873458815,s138.987105531
029_12,s-2.496163240,s-3.430749016,s27.327313102
029_13,s-1.626394760,s3.085648698,s11.137176628
029_14,s-2.982266477,s1.237717752,s79.266268394
029_15,s-2.747073180,s2.385680342,s287.470397629
029_16,s-0.654837862,s0.905692491,s336.296136033
029_17,s0.954917342,s2.334931020,s110.814764231
029_18,s-3.020695874,s-0.443487039,s256.537185506
029_19,s-1.530612782,s1.747817061,s13.366011578
029_20,s0.386184609,s1.897362394,s221.241686225
029_21,s1.908870258,s3.248163132,s259.868086366
029_22,s2.899945451,s1.959071051,s74.851611639
029_23,s2.312519500,s2.564908441,s226.570626828
029_24,s-3.453909421,s3.228588917,s238.485145743
029_25,s-3.363974705,s2.468523566,s50.794853621
029_26,s-0.487428823,s2.280842237,s181.129081370
029_27,s0.656246899,s3.150524822,s82.580851867
029_28,s3.646869338,s2.937603425,s192.621795244
030_0,s-3.048104703,s-2.432013420,s52.596015149
030_1,s-1.327092722,s-3.532648742,s43.554977017
030_2,s-0.522687253,s-2.723263338,s262.024251320
030_3,s1.436977229,s-2.775337848,s281.849059873
030_4,s2.810190698,s-2.556894757,s109.176761703
030_5,s2.532483161,s-2.978302921,s192.044783972
030_6,s-1.436686950,s-1.843618265,s175.975087075
030_7,s-0.903665312,s-0.997260342,s122.448160554
030_8,s-0.252945060,s-1.582867617,s331.027933097
030_9,s0.623959523,s-1.794551137,s292.172322006
030_10,s1.261202737,s2.676900828,s42.549763444
030_11,s3.871340221,s-0.306932756,s126.257817873
030_12,s-2.789579874,s-0.967684439,s32.260531181
030_13,s-0.882530014,s1.523622179,s315.977866053
030_14,s-0.733755972,s0.712879556,s287.328789299
030_15,s1.713709427,s0.851619343,s148.001187694
030_16,s2.335812564,s-1.052303729,s7.513410418
030_17,s3.330806544,s-2.363021223,s253.335263026
030_18,s-1.858389478,s0.918657954,s31.849470332
030_19,s-1.580439220,s3.450591943,s112.557014167
030_20,s-0.392653402,s2.113319403,s158.635962757
030_21,s2.715234356,s-0.286313833,s238.798294562
030_22,s2.736881603,s1.376322825,s142.921442874
030_23,s3.555512775,s2.576430451,s57.640048023
030_24,s-3.361245418,s2.143056831,s66.918857827
030_25,s-2.567338076,s2.001313463,s231.850216957
030_26,s-0.066181708,s3.250181962,s134.669918725
030_27,s0.730427892,s3.116141925,s244.478589009
030_28,s0.328940447,s1.033834217,s31.243933642
030_29,s1.825414533,s3.222838570,s286.505155614
031_0,s-3.382563100,s-1.260470740,s50.590487587
031_1,s-1.176582743,s-3.727979249,s295.498254347
031_2,s-1.852635210,s-3.578295605,s50.752983962
031_3,s0.802578402,s-3.867288988,s293.322484375
031_4,s2.085447749,s-3.653014677,s300.068056463
031_5,s3.567967501,s-3.405340098,s334.819087645
031_6,s-1.917397668,s-0.741264705,s259.711360303
031_7,s-0.118273953,s-3.204954012,s12.252931436
031_8,s1.950860197,s-0.160543568,s63.431662486
031_9,s1.427465753,s-1.475459107,s282.301483747
031_10,s0.427847656,s-2.230814710,s232.252668845
031_11,s1.737589926,s-2.155563504,s209.189447665
031_12,s-2.514500427,s0.749653431,s213.540144267
031_13,s-2.633460387,s-0.252987813,s308.175216952
031_14,s0.318278294,s-1.499700428,s271.146326152
031_15,s-0.202401824,s1.437648087,s307.668363527
031_16,s1.670587611,s0.572471296,s334.185793953
031_17,s1.944177694,s3.396218222,s352.133982899
031_18,s-0.697966392,s-2.283245948,s206.798712386
031_19,s-1.245692725,s1.873466137,s329.495095136
031_20,s0.489389111,s0.660225949,s77.454713215
031_21,s2.803097243,s0.955096488,s335.552770381
031_22,s3.506363671,s-2.529472421,s307.806851918
031_23,s3.740603873,s-0.638269105,s88.677322464
031_24,s-3.364429682,s0.402431712,s75.352348650
031_25,s-1.228873693,s2.558848732,s78.098965219
031_26,s0.340851461,s3.685734703,s191.814829121
031_27,s1.175424466,s2.770689942,s219.037944885
031_28,s0.926507627,s3.131932600,s119.660294903
031_29,s3.824992990,s1.773705476,s144.694077049
031_30,s-2.079280137,s2.748836715,s16.774836866
032_0,s-2.534675647,s-1.808679222,s84.148702161
032_1,s-2.231083960,s-3.453673439,s123.522504819
032_2,s0.203834833,s-3.457777499,s281.325108117
032_3,s0.696168208,s-1.684651171,s341.651071450
032_4,s1.535503955,s-2.749692822,s133.427077632
032_5,s2.493015078,s-2.078813218,s258.189473471
032_6,s-3.158729927,s-0.313176536,s95.564649826
032_7,s-1.741947193,s-2.247436460,s127.961404582
032_8,s-1.958849869,s1.394749459,s338.956197833
032_9,s-0.880985164,s-2.710950754,s252.062629514
032_10,s3.090728027,s2.407437539,s84.958990156
032_11,s3.605250769,s-0.049085425,s182.336212266
032_12,s-3.128488703,s-0.058126226,s353.941952509
032_13,s-0.560430208,s0.661604185,s249.990007310
032_14,s-0.445176178,s-0.753523768,s343.653063284
032_15,s1.551834312,s0.125015316,s80.283934675
032_16,s1.735564121,s-0.956025365,s210.513913413
032_17,s3.740642819,s-2.206170845,s59.542918216
032_18,s-3.008155423,s0.577620392,s165.999511739
032_19,s0.182209812,s1.574265279,s246.881671910
032_20,s-0.813533764,s2.931268745,s64.686238994
032_21,s0.860464467,s-0.559717273,s118.083265281
032_22,s3.588281650,s2.531315053,s163.986967269
032_23,s3.173890614,s0.894314370,s128.987522065
032_24,s-1.699214320,s2.992480465,s43.583351576
032_25,s-2.584438309,s2.159226629,s177.352847182
032_26,s2.247232215,s0.682670656,s222.860148705
032_27,s1.694830729,s2.363327105,s316.275692255
032_28,s3.133271830,s-1.962441885,s198.385512864
032_29,s0.980805652,s3.398810432,s252.452963615
032_30,s-0.212944773,s3.292884911,s318.872704750
032_31,s1.096180103,s3.339299010,s63.669094777
033_0,s-3.379109642,s-2.057216940,s132.693012699
033_1,s-1.768984337,s-2.249327302,s9.498828568
033_2,s-1.004469074,s-4.344608487,s94.321100660
033_3,s0.303987310,s-3.360592839,s325.008030151
033_4,s1.055798682,s0.581416222,s257.981831256
033_5,s1.763573549,s-3.923727045,s325.848048478
033_6,s3.919779183,s-3.220889053,s257.257585413
033_7,s-3.995796297,s-1.462085720,s127.819356280
033_8,s-1.582944169,s-1.050411159,s337.603676357
033_9,s0.513512704,s-0.086427726,s129.197619540
033_10,s-0.894142937,s-2.743492929,s38.799968587
033_11,s1.057131731,s-1.643909733,s3.275607600
033_12,s2.099849274,s-1.977169512,s106.952842858
033_13,s4.053534330,s1.127736336,s277.674928327
033_14,s-4.047679000,s0.803349346,s86.719045853
033_15,s-2.209648958,s-0.745804370,s294.463076879
033_16,s-1.609194188,s1.392383440,s16.913680675
033_17,s1.240711041,s1.549143515,s212.712537905
033_18,s-0.033751632,s-2.209277282,s37.916825835
033_19,s0.975937308,s1.107669785,s190.197094341
033_20,s2.900483315,s0.138712119,s203.062375836
033_21,s-2.347334140,s1.390554090,s176.342894441
033_22,s-3.729993219,s2.327117692,s148.444497695
033_23,s-1.950185616,s1.837742831,s260.529402633
033_24,s-0.049041570,s1.909231849,s178.182493484
033_25,s2.757797151,s3.000103520,s353.090527689
033_26,s2.499168437,s1.263922619,s266.670374934
033_27,s4.035112421,s2.117334680,s246.370752772
033_28,s-3.658537736,s3.543580462,s15.819745495
033_29,s-1.056951608,s3.369107349,s173.807499446
033_30,s1.088823416,s3.907693190,s50.133601059
033_31,s-1.073169035,s3.907693190,s349.234685461
033_32,s0.827806690,s2.662404301,s74.192755272
034_0,s-2.163240051,s-2.810413648,s353.939843671
034_1,s-2.570830020,s-3.449533835,s26.381718063
034_2,s0.593346341,s-3.936539183,s295.767166796
034_3,s0.649890424,s-1.338810790,s130.080664975
034_4,s1.493138023,s-3.754839368,s5.968013917
034_5,s3.399539792,s-1.343687476,s219.163539734
034_6,s2.872427295,s-3.209140360,s95.436736495
034_7,s-3.361130734,s-1.372795503,s117.485718572
034_8,s0.174448883,s-2.943136691,s109.391375498
034_9,s0.505463128,s-0.091274972,s242.115458332
034_10,s1.352080372,s-0.700192852,s217.986578035
034_11,s0.978256671,s-0.278239890,s325.040686063
034_12,s3.959380291,s-1.277763901,s191.571327358
034_13,s4.076006820,s-3.315747540,s209.112044013
034_14,s-3.666707104,s1.167856666,s93.491647157
034_15,s-1.908676481,s-0.064307429,s354.616780738
034_16,s-1.805975798,s-2.024711293,s264.252119379
034_17,s0.896840242,s1.670549772,s359.184457847
034_18,s-1.317301005,s1.031717064,s153.797427028
034_19,s1.167162014,s0.153987883,s273.708771250
034_20,s3.153380554,s0.244407989,s320.564911508
034_21,s-1.770698790,s2.536003742,s43.381768490
034_22,s-1.476256621,s0.734446787,s287.435483746
034_23,s-0.811646866,s0.562983489,s111.578318351
034_24,s-0.947210247,s2.379656345,s262.118097505
034_25,s2.750082529,s1.459734238,s28.334865916
034_26,s3.902283788,s0.458182580,s180.663988104
034_27,s4.079292637,s2.057310180,s47.743545071
034_28,s-3.876913664,s3.932334572,s203.052766135
034_29,s-2.827405887,s3.944117528,s118.488169498
034_30,s-0.526439956,s3.129518381,s37.776135859
034_31,s0.134454630,s3.711659179,s283.909375262
034_32,s2.058921771,s3.272428047,s293.179612125
034_33,s2.395984713,s2.309240942,s228.258195378
035_0,s-3.564378396,s-2.387390865,s41.092787058
035_1,s0.648812213,s-0.034744523,s16.229368166
035_2,s-2.016128516,s-3.582873892,s55.371296223
035_3,s-0.863744193,s-2.217671449,s326.345436626
035_4,s0.696117544,s-3.742842801,s8.377696524
035_5,s1.743086437,s-3.561190440,s58.652252237
035_6,s4.062375387,s-1.783333955,s165.961480515
035_7,s-3.209256164,s-1.180138747,s187.808751168
035_8,s-2.276584590,s-1.053775136,s356.734239218
035_9,s0.624351920,s-0.968961167,s96.118321790
035_10,s0.886574545,s-2.750085786,s289.768113992
035_11,s1.395420386,s0.692735660,s271.143041012
035_12,s2.264910236,s-2.154773813,s258.225680048
035_13,s4.118088862,s-1.517088151,s137.218402687
035_14,s-3.688248166,s-0.287276748,s63.137334964
035_15,s-1.253820518,s0.473983930,s50.241936689
035_16,s-0.567746287,s0.258907644,s330.510884648
035_17,s-0.047057175,s1.497928061,s98.876162628
035_18,s-0.163683415,s0.407910961,s358.057009644
035_19,s3.467535613,s-1.719144239,s114.824177649
035_20,s3.696981042,s1.912786666,s232.702382757
035_21,s-2.679097745,s2.025462009,s133.219075562
035_22,s-0.980287179,s2.275181516,s82.781278928
035_23,s-0.425934621,s3.146728621,s133.157502239
035_24,s1.027467584,s2.560148174,s242.949105481
035_25,s2.354657028,s0.004014257,s207.245872873
035_26,s2.043283786,s2.065791866,s3.187584009
035_27,s3.876033913,s-0.182342967,s328.144063443
035_28,s-2.846572548,s2.823945104,s4.092127980
035_29,s-2.091234510,s3.561095259,s60.779241588
035_30,s-0.990912270,s3.390942004,s130.384498790
035_31,s0.540709097,s2.492938955,s320.268899069
035_32,s1.963016930,s3.647242040,s234.146204988
035_33,s3.429859949,s3.050491586,s310.265017721
035_34,s2.228656831,s3.016478902,s63.580327517
036_0,s-3.915061653,s-2.043152073,s211.016212377
036_1,s-1.699587317,s-3.567588780,s312.786038491
036_2,s-3.662672103,s-0.886808991,s103.132507384
036_3,s-0.995789371,s0.957963062,s155.182082876
036_4,s0.687980965,s-0.721426161,s26.394345219
036_5,s0.561922822,s-3.709625979,s129.298591159
036_6,s3.819645132,s-1.041979724,s330.383782636
036_7,s-2.796525222,s-0.370484656,s191.442888656
036_8,s-0.257054932,s-2.918273372,s49.745220809
036_9,s1.712541602,s-3.902902933,s304.983577637
036_10,s-0.236128156,s-0.997510686,s120.094605188
036_11,s1.477578583,s-2.672389891,s327.851552450
036_12,s2.147279717,s-1.077343818,s279.251018012
036_13,s3.861516272,s-3.591002353,s354.551544413
036_14,s-3.829265369,s0.149078777,s100.313127158
036_15,s-1.647002398,s-2.126256555,s106.664922181
036_16,s-0.930255810,s-2.587038733,s149.530007492
036_17,s0.028756213,s0.382302131,s328.165334596
036_18,s1.807939140,s0.912171221,s80.830444953
036_19,s3.398106589,s-0.454585407,s100.831506925
036_20,s3.816720099,s1.316801613,s271.764867366
036_21,s-2.395266987,s0.659605201,s357.202274082
036_22,s-0.662208279,s1.811263109,s271.045345143
036_23,s-0.608319933,s1.148932166,s260.675292859
036_24,s1.639518146,s0.008756679,s96.287435344
036_25,s3.383018180,s0.812154989,s40.891029729
036_26,s0.787382148,s2.164536107,s302.051104444
036_27,s3.565102914,s-0.891107435,s106.889752906
036_28,s-3.558883622,s1.488141804,s333.625545010
036_29,s-2.422608322,s2.630020358,s293.059514763
036_30,s0.143213322,s3.481161924,s23.228116341
036_31,s0.064895447,s2.789886531,s4.169870027
036_32,s1.799014785,s3.883622773,s230.889164691
036_33,s1.399553269,s3.246016728,s333.115847933
036_34,s2.974105257,s2.945493655,s249.497490699
036_35,s-3.119167306,s1.579477779,s350.707184532
037_0,s-4.152628771,s-4.180230002,s29.954023850
037_1,s-1.155813757,s-2.480592023,s103.372850154
037_2,s-2.017815213,s-4.231461609,s348.925819828
037_3,s-0.141279763,s-4.118751427,s119.525298505
037_4,s0.893546641,s-2.399191706,s221.968629245
037_5,s-0.415725903,s-3.113297283,s176.082624502
037_6,s1.819209485,s-2.956821266,s278.007216513
037_7,s-3.659770295,s-2.733524389,s112.389158674
037_8,s-2.070349340,s-1.125759087,s356.672154666
037_9,s-0.007463799,s0.697183471,s145.843489357
037_10,s0.727742134,s-0.049694034,s70.118753810
037_11,s0.592946836,s-1.379440237,s70.639463812
037_12,s2.475707429,s-1.639704987,s63.287479567
037_13,s3.155678352,s-1.750440943,s211.550832638
037_14,s-3.722351407,s0.288431456,s330.217089186
037_15,s-3.115718668,s0.395058946,s250.382159393
037_16,s-1.474785413,s-0.139206863,s13.209551913
037_17,s-0.879598136,s-2.146948455,s208.616691218
037_18,s1.827662962,s0.219756546,s136.597001180
037_19,s1.535245592,s-0.518955371,s206.662675727
037_20,s2.976329375,s-0.587776958,s161.896243799
037_21,s-2.397635123,s1.577485765,s114.071587934
037_22,s-1.753836869,s0.448584331,s25.097620055
037_23,s1.066220146,s0.233280898,s312.522295912
037_24,s0.467473915,s3.914389158,s241.707303476
037_25,s1.236022832,s1.306648414,s154.168229577
037_26,s2.245923803,s1.184536808,s224.372593891
037_27,s3.833593461,s-0.311012734,s262.938318335
037_28,s-4.416836865,s1.646455805,s300.027722694
037_29,s-0.149862889,s2.592908068,s269.098811524
037_30,s-1.750538906,s2.500423831,s68.520485596
037_31,s0.254111538,s1.809061148,s86.365461729
037_32,s2.088783118,s3.084101983,s111.768637256
037_33,s3.225135970,s2.671056532,s217.934354436
037_34,s2.889820642,s1.846923754,s235.617755000
037_35,s-3.230679846,s2.110282664,s253.113292432
037_36,s-0.738455058,s4.277837745,s137.787242763
038_0,s-2.893492857,s-1.378585888,s24.778713521
038_1,s-3.999519787,s-3.225487941,s236.715963422
038_2,s-1.369554430,s-3.691068318,s210.344799092
038_3,s-0.041689260,s-3.584375958,s310.595458395
038_4,s0.574183187,s-2.683803930,s148.303878827
038_5,s1.919806375,s-3.062201250,s143.808029172
038_6,s4.003055989,s-3.410948063,s291.487145198
038_7,s-4.126102224,s1.313325878,s129.041313956
038_8,s-0.869491818,s-3.610231211,s253.752059436
038_9,s-2.675725429,s-0.185220105,s120.918921585
038_10,s-0.981457226,s0.178635889,s68.716361227
038_11,s-0.163042931,s-1.882714760,s161.757130241
038_12,s3.142859637,s0.025696203,s355.419760604
038_13,s3.229366512,s-3.310025599,s88.748601808
038_14,s-3.658133732,s-0.565788398,s172.834992260
038_15,s-2.460257122,s-2.198185926,s260.160542587
038_16,s-1.051755562,s-0.968090883,s112.977286409
038_17,s-1.121097397,s-2.197803518,s246.091158695
038_18,s2.001401563,s-0.473778257,s280.845357442
038_19,s2.104992515,s1.015919485,s278.312149682
038_20,s3.595005487,s-1.043113869,s33.216170604
038_21,s-2.987833660,s0.125468141,s99.716482425
038_22,s-2.254278393,s1.117296870,s326.095737985
038_23,s-0.541840224,s1.223914952,s180.419988105
038_24,s0.651653916,s-0.236341291,s90.217738131
038_25,s0.020238298,s1.438924330,s311.030464196
038_26,s2.117078331,s2.531007428,s292.129477297
038_27,s3.357766948,s1.082272907,s318.551424025
038_28,s-3.519941953,s2.728714220,s114.085021550
038_29,s-2.165939359,s2.821462959,s279.981464895
038_30,s-2.245685188,s0.508890955,s269.002089956
038_31,s-1.247474982,s2.524306100,s194.130446444
038_32,s-0.593183033,s3.096233132,s157.801864287
038_33,s2.179430415,s4.001106437,s62.181035490
038_34,s2.886393571,s1.917295824,s96.466379634
038_35,s-3.163634700,s4.041862353,s76.002098594
038_36,s-1.101087127,s3.448275865,s351.641981363
038_37,s-1.653466233,s3.556704789,s168.334775442
039_0,s-2.554336509,s-1.631516705,s39.081667950
039_1,s-2.314700230,s-3.692195537,s298.073780539
039_2,s-0.508144996,s-2.364280519,s27.719435465
039_3,s-0.026463960,s-2.466207000,s347.671211268
039_4,s0.125394718,s-3.301638622,s185.235687155
039_5,s0.028914547,s-2.718847614,s149.469825458
039_6,s1.980784992,s-3.579640312,s205.694819354
039_7,s-2.865661718,s-0.695067163,s219.455187546
039_8,s-2.263469686,s0.105224491,s202.398293109
039_9,s1.664134244,s-2.472919617,s147.593392502
039_10,s1.763753315,s1.699003112,s88.566001425
039_11,s3.259181066,s-0.408687489,s277.596685180
039_12,s1.304690369,s-0.396092268,s250.574947565
039_13,s3.719032469,s-1.497282792,s42.648282900
039_14,s-3.799961186,s-1.622494029,s351.312554845
039_15,s-2.736744482,s0.871138784,s104.777304576
039_16,s-1.333297368,s-1.458696771,s148.826203538
039_17,s-0.301006418,s-1.546829183,s311.451868041
039_18,s2.070192975,s-3.238849707,s102.536300007
039_19,s2.015203352,s1.604942743,s227.274138602
039_20,s3.220402669,s0.782413690,s181.310497074
039_21,s-3.997239651,s3.334257684,s278.519308494
039_22,s-2.271759272,s3.955932579,s291.600333185
039_23,s-0.508380456,s-1.006344541,s46.158374287
039_24,s0.192882637,s1.789243368,s189.726764414
039_25,s-0.525101618,s-0.026131339,s278.242761505
039_26,s3.162312188,s1.832673260,s268.369561048
039_27,s3.861874239,s1.876425749,s349.617515662
039_28,s-1.725791047,s2.313733295,s97.142881691
039_29,s-0.693496613,s0.214295257,s292.562193754
039_30,s0.870153180,s0.759349324,s23.473450916
039_31,s-0.176796707,s3.387762573,s194.822589632
039_32,s1.748021510,s2.811240164,s341.098046076
039_33,s2.964171064,s3.377388865,s143.791368639
039_34,s3.605342539,s3.127913074,s139.867418065
039_35,s-3.158104772,s2.732753427,s51.123406455
039_36,s-1.408766953,s3.608906466,s159.805147419
039_37,s-1.018294906,s3.371140013,s208.573045819
039_38,s-0.065718972,s3.832862505,s305.773923910
040_0,s-2.198003928,s-2.475121280,s269.185841715
040_1,s-0.611572205,s-3.446535051,s75.973438152
040_2,s-0.322123506,s-4.128449932,s79.145787073
040_3,s0.678163081,s-4.153115702,s23.439686695
040_4,s1.984485745,s-3.118689394,s303.997424621
040_5,s2.353018337,s-1.763065558,s162.718036948
040_6,s2.780986672,s-4.272357042,s33.303894978
040_7,s-3.209947138,s1.091453383,s12.318373617
040_8,s-0.250242826,s-3.066137604,s245.783186275
040_9,s-0.926322314,s-0.860617950,s288.063815308
040_10,s0.182991365,s-2.103612011,s111.714158720
040_11,s0.697969222,s-2.455115536,s163.836356531
040_12,s3.501933753,s-1.251740899,s344.087779851
040_13,s4.271092551,s-0.506185008,s43.896721261
040_14,s-3.748542072,s-0.030508296,s104.431435705
040_15,s-1.350002555,s-2.262337755,s26.253961757
040_16,s-0.802983318,s-0.172080407,s34.150322875
040_17,s1.138294048,s-0.837782844,s46.423801644
040_18,s1.666453769,s-0.725980207,s232.315946873
040_19,s1.504084287,s-1.311465923,s313.705644208
040_20,s2.021102133,s-0.466801484,s260.995073024
040_21,s-1.976523573,s2.993724286,s91.866709712
040_22,s-2.164089036,s-0.266569992,s226.038098663
040_23,s-1.792221303,s0.699061364,s21.937520967
040_24,s0.619943638,s-0.635123799,s232.095940587
040_25,s1.451340677,s1.480561438,s244.719539764
040_26,s2.942072117,s0.584497395,s302.037674384
040_27,s3.281808745,s-0.343595920,s162.224232347
040_28,s-3.798039626,s1.503110080,s193.252281589
040_29,s-0.492479167,s3.452169420,s231.955166317
040_30,s-0.678861234,s0.335501668,s325.883931438
040_31,s0.583862919,s2.632850151,s206.522557543
040_32,s0.211599944,s1.482194545,s184.379186961
040_33,s3.041131893,s2.229503142,s117.178301798
040_34,s3.712287883,s2.520450832,s167.600902577
040_35,s-1.876156587,s3.657678208,s127.848110108
040_36,s-0.569568138,s3.839316518,s36.705393789
040_37,s0.634712010,s3.557653812,s31.483936040
040_38,s2.111225639,s2.463234923,s160.817546943
040_39,s2.830161610,s3.220284999,s79.937862606
041_0,s-3.867444433,s-3.233379103,s206.122320524
041_1,s-1.918725072,s-3.618036360,s129.413077007
041_2,s-0.972239222,s-3.420683618,s26.642655094
041_3,s0.093144631,s-1.748869101,s244.692330745
041_4,s0.584586091,s-4.104493166,s5.131851119
041_5,s2.056139669,s-3.916273848,s96.145327243
041_6,s2.940759855,s-4.001933216,s344.518208528
041_7,s-2.513887239,s-1.893207797,s354.291631939
041_8,s-0.853997930,s-1.637085153,s337.461950441
041_9,s0.307131702,s-0.797422241,s280.328233753
041_10,s2.376886767,s-2.654985929,s256.809413060
041_11,s0.266097946,s-2.526704201,s266.684856761
041_12,s3.491498383,s-1.417875943,s245.774872392
041_13,s3.184686159,s-1.995782234,s51.378322581
041_14,s-3.942803705,s-0.159872580,s36.953195949
041_15,s-2.502702392,s-1.212835055,s226.790740934
041_16,s0.067544940,s2.830246970,s321.121393721
041_17,s1.383949667,s-0.049256697,s179.517288550
041_18,s1.828212013,s2.621946054,s356.008487086
041_19,s1.120964355,s-1.800831076,s259.626479741
041_20,s1.592401467,s-1.103069485,s278.429821654
041_21,s-3.380022616,s0.664285110,s231.832042374
041_22,s-1.875304142,s-0.075430460,s128.229079161
041_23,s-2.098101089,s-0.903266408,s228.910946653
041_24,s-1.082999618,s-0.909643173,s242.552423684
041_25,s1.586318016,s0.939227858,s85.758437774
041_26,s3.693382912,s0.789880937,s145.489173433
041_27,s3.756789889,s-1.376424218,s317.787405789
041_28,s-1.915197891,s1.153952359,s76.909823557
041_29,s-0.481465782,s0.485795626,s98.683203796
041_30,s0.601289433,s0.967831367,s252.695776940
041_31,s-2.310148282,s3.531540648,s207.162388798
041_32,s-0.809918090,s1.731166940,s300.205041154
041_33,s2.185727604,s2.191003540,s35.458671472
041_34,s4.031445758,s3.996880905,s149.090747207
041_35,s-4.061683360,s1.116597600,s224.160944707
041_36,s-3.487819293,s3.953270195,s260.028303177
041_37,s1.394732984,s3.502794938,s77.411467839
041_38,s0.314232851,s4.033002398,s232.425842473
041_39,s1.718661726,s3.776730213,s169.198451913
041_40,s3.751031516,s1.829784220,s302.767084692
042_0,s-3.387690237,s-2.842413085,s126.318275654
042_1,s-2.347648862,s-3.229962301,s100.300894473
042_2,s-0.248091381,s-3.319860164,s165.006689280
042_3,s-1.724040353,s-3.900359378,s80.300301994
042_4,s1.254812542,s-3.650313147,s345.695818419
042_5,s1.982932437,s-3.527685615,s205.792803215
042_6,s2.349974060,s-2.169740187,s33.688982251
042_7,s-2.752169994,s-0.971340615,s302.864379799
042_8,s-1.774247438,s-2.395315214,s159.203391854
042_9,s-1.536039641,s2.858072696,s5.792645752
042_10,s0.003860270,s-3.951069666,s248.309839790
042_11,s3.870791974,s-1.181045687,s277.845920562
042_12,s1.195384494,s-1.708996703,s279.865971399
042_13,s3.995467031,s-0.542945732,s282.078289697
042_14,s-4.159398237,s0.038696238,s50.619412795
042_15,s-1.446142691,s-0.560137023,s239.588578272
042_16,s-1.072850228,s-1.553455462,s223.430512206
042_17,s0.677267583,s-0.502025542,s180.225752701
042_18,s-1.081514619,s-2.764733516,s36.562172013
042_19,s1.493428795,s-1.073189271,s127.327019469
042_20,s3.729597555,s0.276528460,s53.448414672
042_21,s-2.493173067,s0.516699466,s309.631720255
042_22,s-0.146977341,s2.411331322,s266.069489933
042_23,s0.254361650,s-1.438635474,s59.381358038
042_24,s0.134160522,s-0.169677474,s199.445936235
042_25,s2.550046229,s1.006538807,s209.890762346
042_26,s1.639860233,s2.261119117,s347.173454918
042_27,s4.077098347,s0.522796597,s312.391857451
042_28,s-3.028732494,s1.042063127,s341.881195797
042_29,s-1.421812870,s0.978148919,s258.787241290
042_30,s0.859710480,s1.087271852,s38.763260717
042_31,s-2.855475251,s3.139927968,s48.040310733
042_32,s1.857931362,s0.012152549,s68.823646852
042_33,s0.530168067,s2.985088234,s319.741249494
042_34,s2.724146096,s1.694261289,s183.788361300
042_35,s-3.652614412,s3.205370054,s196.078640911
042_36,s-2.468185796,s3.858346499,s154.107017656
042_37,s-0.795729556,s3.709719237,s236.810177898
042_38,s-0.407780319,s3.215270974,s269.230366662
042_39,s-0.006415850,s3.658860360,s297.533727757
042_40,s1.572905944,s3.522156391,s340.504012962
042_41,s3.508248296,s2.129873024,s358.214172910
043_0,s-2.901122327,s-2.783150728,s242.685088933
043_1,s-2.968882171,s-3.386133538,s146.331518515
043_2,s-1.456623296,s-3.005200691,s26.584098175
043_3,s-0.231626451,s-4.125392732,s104.860317366
043_4,s1.442351183,s-3.644594751,s40.788256827
043_5,s1.523361047,s-3.109401994,s29.774404526
043_6,s3.408059629,s-3.823964353,s278.381966128
043_7,s-3.189600047,s-0.923127587,s50.055940184
043_8,s-0.788303933,s-1.769680538,s71.941594212
043_9,s-0.714286604,s-1.445045756,s7.648718034
043_10,s1.648106256,s-2.672142419,s94.397555094
043_11,s2.729657938,s-1.547279550,s24.956254463
043_12,s0.656203671,s-1.695394307,s109.789969832
043_13,s2.983504732,s-0.802984164,s353.217430654
043_14,s-3.215778459,s0.396048208,s111.344083678
043_15,s-2.594453186,s-1.288971606,s143.650815101
043_16,s0.731409265,s1.772372398,s117.221229041
043_17,s-0.769565952,s-3.578105602,s324.125449581
043_18,s0.752197016,s-0.519052505,s328.668659833
043_19,s2.998934900,s1.689483056,s2.930317050
043_20,s4.147156358,s-1.159108000,s31.029164743
043_21,s-3.508411986,s1.460175909,s158.183066976
043_22,s-3.131891232,s-0.985747916,s99.806891141
043_23,s1.644953955,s1.836263938,s139.649268364
043_24,s1.000096121,s0.521599521,s22.307451895
043_25,s-0.940804057,s-0.714553792,s57.418576773
043_26,s3.173713293,s-0.362956418,s57.682156223
043_27,s3.936956315,s0.215956910,s182.220291638
043_28,s-1.529448764,s2.055186949,s166.304753265
043_29,s-2.882069772,s0.401042625,s277.049481864
043_30,s-1.438305715,s1.461347734,s350.756979077
043_31,s-2.195278351,s-0.474555324,s343.051859649
043_32,s1.490296463,s2.918587639,s285.578892801
043_33,s2.410307422,s2.477220182,s53.124773724
043_34,s1.963696975,s-0.619564909,s193.270120299
043_35,s-2.934417565,s3.181690990,s67.826787739
043_36,s-2.551829428,s2.984334727,s349.189421553
043_37,s-1.595885681,s3.666654018,s355.063539825
043_38,s-0.126921772,s2.139195109,s191.477517891
043_39,s0.020578600,s3.235586705,s167.933920159
043_40,s1.639224542,s3.150986117,s310.002814622
043_41,s3.367542102,s3.031858188,s264.282328839
043_42,s-3.654402362,s2.890737460,s82.238343966
044_0,s-2.947092144,s-4.108773360,s241.749648205
044_1,s-1.758431074,s-4.009437375,s37.510362647
044_2,s-1.326807734,s-4.078802473,s54.292180320
044_3,s0.257703084,s-2.995485371,s81.547309928
044_4,s-0.493716243,s-2.285264097,s187.855976993
044_5,s0.355143681,s-3.863154220,s193.839903481
044_6,s2.116359967,s-3.223526132,s259.189403488
044_7,s-2.717262919,s-0.270910019,s231.564197381
044_8,s-1.253229960,s-3.809966654,s178.330220198
044_9,s0.166472556,s-1.657381075,s177.123222524
044_10,s1.398939743,s0.943851060,s350.296088651
044_11,s-0.447337685,s-0.543014925,s252.163852173
044_12,s4.114400377,s-0.462986114,s71.366752141
044_13,s4.303676036,s-3.225102776,s148.725564246
044_14,s-4.064867486,s0.101411896,s42.255495319
044_15,s-3.837007418,s-1.066261947,s333.930774343
044_16,s-1.027771473,s-2.129169634,s105.268930508
044_17,s-1.859947287,s0.398851686,s26.830059539
044_18,s-0.814961619,s-1.572126695,s144.509217956
044_19,s0.942814545,s-0.779983049,s256.211932521
044_20,s2.074538028,s-1.303051390,s53.916484362
044_21,s-2.304473881,s1.330171576,s168.598749566
044_22,s-1.509825690,s-0.990181593,s331.281554861
044_23,s-1.148103852,s2.174582934,s31.456500217
044_24,s0.655096063,s3.167679687,s142.217095046
044_25,s0.290013507,s0.859117626,s279.731264910
044_26,s2.606855471,s-0.159915125,s320.476463015
044_27,s4.172733003,s0.925086912,s204.191028312
044_28,s-3.794096752,s0.983859427,s100.502131065
044_29,s-2.732578682,s2.400752989,s322.584004423
044_30,s-1.675880461,s-0.173908308,s94.784778020
044_31,s-0.682373264,s0.432254837,s296.472929332
044_32,s2.703368220,s0.358412535,s166.973559974
044_33,s2.697682755,s2.001950122,s358.004742927
044_34,s3.701880669,s-0.001213346,s175.254703874
044_35,s-2.904247610,s2.937069102,s326.499128219
044_36,s-1.125291593,s4.241241598,s272.357404280
044_37,s-0.307881207,s2.069042392,s180.325013361
044_38,s0.345848030,s4.258123232,s102.100482407
044_39,s0.794819099,s3.925346547,s255.596133230
044_40,s1.465064424,s2.095887513,s142.570265879
044_41,s2.664923181,s3.940420324,s330.972308015
044_42,s-3.694113470,s1.940982944,s36.032246133
044_43,s-2.719406023,s3.809380911,s277.652595315
045_0,s-3.376212496,s-3.874155043,s198.353733965
045_1,s-3.023138509,s-2.360786437,s148.664938794
045_2,s-2.722276809,s-1.640368681,s216.490821074
045_3,s0.525203151,s-4.051633186,s322.107179427
045_4,s1.601790828,s-2.576137380,s328.681684389
045_5,s0.941347232,s-4.254336515,s21.496489215
045_6,s1.953586153,s-1.659581118,s101.517434299
045_7,s3.907570200,s-2.574947494,s125.844112784
045_8,s-3.056700368,s-0.697215758,s52.131255709
045_9,s-0.703458431,s-0.003671336,s354.933803965
045_10,s-1.694383616,s-1.444507656,s303.642938994
045_11,s0.158993570,s-0.453616806,s248.788447327
045_12,s0.717035833,s-1.435187771,s287.467200906
045_13,s-1.672079911,s-2.548628410,s77.043405700
045_14,s2.510004375,s-3.065484769,s154.667306703
045_15,s4.124373606,s-1.725225022,s132.756657161
045_16,s-4.213858782,s-0.139014336,s337.535762856
045_17,s-1.862335809,s-0.976963443,s265.284747966
045_18,s-2.848340123,s0.765303054,s46.810534231
045_19,s0.332810586,s3.833460616,s0.095156805
045_20,s-2.184323871,s0.671786621,s158.060326789
045_21,s0.766753525,s-0.198514367,s244.967853544
045_22,s2.056221131,s-0.780654883,s98.736461080
045_23,s3.289560286,s-1.261003397,s248.109013704
045_24,s-2.148178124,s1.511030923,s199.955543983
045_25,s-4.341649818,s-2.074053058,s144.411292903
045_26,s-3.333020841,s-0.385238105,s282.294031543
045_27,s0.430659329,s0.386662495,s180.195674396
045_28,s1.497045300,s0.445209283,s234.257795247
045_29,s1.484226668,s1.496880934,s337.611781829
045_30,s3.105730718,s1.732509587,s199.143959069
045_31,s4.271749719,s-0.787950861,s317.984021794
045_32,s-3.585970811,s0.772995057,s88.093485121
045_33,s-0.072611352,s1.210041319,s42.786408447
045_34,s-1.951448816,s2.380719283,s316.835040444
045_35,s1.228768656,s3.681942966,s222.522903883
045_36,s0.811835909,s2.153099950,s227.506287896
045_37,s1.232096790,s2.865446743,s167.571099172
045_38,s2.276404587,s2.421797137,s251.837988897
045_39,s2.620421578,s3.692646709,s40.844358441
045_40,s-3.753166253,s1.945818320,s12.461845985
045_41,s-2.616167094,s3.340424891,s314.740454196
045_42,s-0.958834489,s3.551261213,s150.008342420
045_43,s-1.000849502,s4.121773214,s164.958473295
045_44,s0.755303711,s4.122526666,s112.385912288
046_0,s-3.938332881,s-1.345326999,s333.400612829
046_1,s-3.137997730,s-3.143046908,s139.275036526
046_2,s-1.748460788,s-4.246435881,s306.614736435
046_3,s-0.291911312,s-4.615990531,s75.420345280
046_4,s0.844303483,s-1.795826273,s303.842059580
046_5,s2.227530919,s-3.277455787,s129.857713666
046_6,s3.132469979,s-5.036805465,s9.756786100
046_7,s2.144649979,s-3.717796397,s230.313447295
046_8,s-3.555530848,s-0.941201299,s125.436779722
046_9,s-2.745353148,s-1.927695310,s126.976237658
046_10,s-2.425195621,s-1.618911322,s121.713680749
046_11,s-1.728468735,s-2.307015216,s123.362248695
046_12,s1.401650117,s-2.900122015,s183.864750409
046_13,s3.378499192,s-2.618312647,s36.120998171
046_14,s3.834834986,s-2.650061163,s166.530480940
046_15,s4.496447062,s-1.627348996,s197.882025124
046_16,s-4.603796883,s-0.377013984,s195.694765058
046_17,s-2.217580652,s-0.028489547,s297.480609082
046_18,s-2.478558010,s-1.067156900,s178.632762751
046_19,s1.455341667,s-0.620130366,s210.890109534
046_20,s-0.226538104,s-2.436894578,s332.606135862
046_21,s1.498537496,s-0.853514394,s250.464928466
046_22,s3.722905687,s-1.561362207,s25.789144555
046_23,s4.389076274,s-0.679160615,s316.402399499
046_24,s-3.871081129,s0.421850629,s222.460088436
046_25,s-2.125365477,s2.226222109,s189.745982760
046_26,s-1.517797338,s0.941754799,s201.068015923
046_27,s-0.385525704,s-1.660877379,s74.309286694
046_28,s0.209849168,s-0.096072450,s164.412988588
046_29,s2.365398996,s-1.442359217,s225.797140446
046_30,s0.745100556,s1.784060743,s103.773820162
046_31,s4.168684215,s1.783820040,s352.061231162
046_32,s-2.924919586,s2.844510250,s171.618989397
046_33,s-3.470204615,s1.242031554,s92.841623721
046_34,s-1.203146310,s-1.930740439,s250.159011339
046_35,s1.144576184,s3.564823431,s57.295171964
046_36,s-1.322263989,s-0.076691704,s125.423394370
046_37,s-0.215656710,s1.610825673,s224.360906821
046_38,s3.007635168,s1.566160863,s296.354402562
046_39,s3.453460664,s0.741554919,s167.753224908
046_40,s-0.907049299,s1.894473746,s299.233908896
046_41,s-2.523718241,s4.456494578,s350.989650279
046_42,s-0.944625783,s4.456494578,s290.781563506
046_43,s-0.565512072,s2.477458444,s206.158094875
046_44,s2.751639526,s3.083621464,s143.419337800
046_45,s3.789559682,s2.596370850,s319.055928356
047_0,s-3.660155704,s-1.262904410,s333.673908953
047_1,s-2.681356236,s-3.595651051,s205.362492083
047_2,s-2.015771290,s-1.089049920,s232.913768298
047_3,s-0.258274593,s-3.541307168,s227.264694332
047_4,s0.049392581,s-0.487782403,s298.237083614
047_5,s2.359339767,s-3.484694077,s87.182885102
047_6,s2.468773971,s-4.559620332,s83.061264577
047_7,s4.418375546,s-2.705789254,s208.281076558
047_8,s-2.469444478,s-1.758272803,s48.665383554
047_9,s-1.867171644,s2.055884247,s328.239413686
047_10,s-3.341796628,s-0.429676190,s32.045173788
047_11,s-0.931237119,s-2.240120751,s88.480939417
047_12,s2.781671206,s-0.348914797,s323.251011297
047_13,s-0.539454603,s-1.492123134,s8.249554195
047_14,s3.466350866,s-1.953867489,s117.520212219
047_15,s4.566329799,s-1.962274826,s224.413802707
047_16,s-4.541829803,s0.766257214,s332.454958971
047_17,s-4.074799207,s-0.202318357,s245.247957518
047_18,s-1.060521945,s-0.516000311,s158.262514397
047_19,s0.796344695,s0.411354202,s190.122754156
047_20,s0.617692306,s-3.241824646,s329.127929896
047_21,s-0.141683808,s1.926395522,s138.770649335
047_22,s1.962162917,s0.580610859,s193.624369063
047_23,s2.283853909,s-1.586128123,s150.779496727
047_24,s-3.074574089,s0.678036565,s311.630405985
047_25,s-3.637372950,s1.294703297,s295.713379032
047_26,s0.042130769,s-0.526741812,s225.800528002
047_27,s-0.474279744,s2.226092776,s280.537115994
047_28,s1.448740756,s-0.637658705,s266.614244907
047_29,s1.431812497,s0.538293178,s216.895269730
047_30,s3.620253833,s-0.561830574,s7.820277662
047_31,s1.549139582,s1.975425090,s191.753357370
047_32,s-4.382172850,s0.658079955,s68.439745222
047_33,s-1.038189391,s2.616154858,s320.623256587
047_34,s-1.065768516,s1.343090219,s339.537191542
047_35,s-2.722392968,s-0.069373913,s192.833172144
047_36,s1.115743371,s2.419617295,s26.543776109
047_37,s1.047421356,s3.512028336,s2.418022649
047_38,s2.596677738,s2.943717023,s315.331030951
047_39,s3.652731536,s-0.922903023,s147.888177745
047_40,s-2.297965734,s2.788213047,s200.082674016
047_41,s-3.083348761,s4.186810174,s334.198634986
047_42,s-1.359004529,s3.735249188,s93.495553242
047_43,s0.195062230,s2.948108755,s8.547699660
047_44,s1.325271797,s3.769529805,s237.259984011
047_45,s1.419016252,s3.441603530,s81.550602337
047_46,s3.152664256,s4.208447468,s261.878481202
048_0,s-3.137828573,s-3.483696241,s133.946090517
048_1,s-0.770704649,s-3.569262088,s195.675036637
048_2,s-0.139080643,s-4.236726836,s349.535981271
048_3,s0.017008257,s-3.160332137,s277.044680426
048_4,s0.877828506,s-3.960282485,s338.817845515
048_5,s1.137718046,s-1.707792525,s92.839884271
048_6,s1.540128093,s-2.215985481,s187.653694810
048_7,s3.295189107,s-4.429506188,s218.175398359
048_8,s-3.997485574,s-0.204821094,s307.481221356
048_9,s-2.104738340,s-2.844596182,s314.811159773
048_10,s-2.320633686,s-0.445502752,s260.924145664
048_11,s2.178800866,s-1.444391142,s341.487521067
048_12,s-1.648923942,s-1.885780266,s17.651522119
048_13,s1.572388624,s0.193592805,s199.061701517
048_14,s2.203321694,s-2.551593891,s57.657341744
048_15,s3.797753900,s-1.133497439,s165.471108510
048_16,s-3.291447767,s-0.072589371,s114.737697708
048_17,s-3.806375695,s-2.074226337,s164.241644466
048_18,s-0.826357118,s1.234563837,s283.575503020
048_19,s-0.671922895,s0.681895917,s211.518731834
048_20,s-1.872291886,s-0.493047263,s343.339964701
048_21,s0.042328714,s0.282463528,s34.782979620
048_22,s2.369198080,s-0.293191717,s241.429816234
048_23,s2.806841372,s-0.108353868,s322.354852665
048_24,s-1.382113590,s2.030261358,s271.549889738
048_25,s-2.867649333,s0.911385909,s247.933746731
048_26,s-0.993837126,s1.874552708,s231.175756429
048_27,s-0.120659422,s2.267888292,s259.481723275
048_28,s-0.418838502,s3.723110134,s57.819476609
048_29,s1.423116485,s3.451127219,s224.745985136
048_30,s4.595245553,s0.193405374,s13.890671205
048_31,s4.588030900,s1.923776095,s1.030838221
048_32,s-4.272976812,s0.117145625,s115.332339704
048_33,s-0.559502399,s2.805231837,s84.012567789
048_34,s0.859949022,s2.989715948,s271.167884799
048_35,s0.147243733,s-1.093968048,s89.206505409
048_36,s2.443185285,s-1.060641358,s55.974227620
048_37,s2.605886388,s3.778489406,s350.824846486
048_38,s0.825294918,s1.196536834,s330.700835722
048_39,s3.982014866,s2.527996083,s118.237238387
048_40,s-3.053767343,s3.078229179,s80.799355672
048_41,s-2.899205601,s4.799554804,s227.694742173
048_42,s-1.838176609,s3.587030575,s83.164840629
048_43,s-1.105064262,s4.301384432,s294.297467966
048_44,s0.883576308,s4.425723481,s177.008099606
048_45,s0.290036229,s3.911358972,s282.816624216
048_46,s1.192892766,s4.399618946,s173.121419389
048_47,s4.783236412,s4.683873024,s115.475150818
049_0,s-3.972153321,s-3.627190497,s80.893790154
049_1,s-2.465737043,s-3.383806392,s273.966481820
049_2,s-1.535002833,s-4.051526076,s158.496106739
049_3,s0.393753447,s-3.658592774,s197.422505303
049_4,s1.426645076,s-2.460671408,s229.908785508
049_5,s1.081909886,s-4.250087689,s301.118724915
049_6,s2.558888588,s-4.049738410,s160.956208379
049_7,s3.304174016,s-2.684911442,s17.894314266
049_8,s-4.236047968,s-2.515378939,s322.611239050
049_9,s-3.082074426,s-1.476949264,s353.659626419
049_10,s-0.858179599,s-0.242117701,s22.558620513
049_11,s-0.368622867,s-3.671013156,s83.904333944
049_12,s-0.579453028,s-2.230765252,s105.589929832
049_13,s1.799334295,s-2.649505667,s235.410046664
049_14,s2.658198559,s-1.316387373,s0.369022965
049_15,s4.011355154,s-1.745286203,s290.216363384
049_16,s-3.023978124,s0.129240509,s352.748236694
049_17,s-2.571917368,s2.133957059,s168.843041422
049_18,s0.010728950,s0.865671504,s213.088609918
049_19,s-2.661461949,s-2.718267348,s212.014626541
049_20,s0.256086687,s-1.032014926,s173.218309175
049_21,s1.423814100,s0.755800225,s355.338356610
049_22,s1.947564436,s1.642051363,s267.584674482
049_23,s0.861458131,s-0.846502996,s311.320309356
049_24,s-4.333492118,s1.040157750,s209.285651804
049_25,s-0.937961519,s3.047224931,s76.089930309
049_26,s-3.586863848,s0.520330386,s22.820375727
049_27,s0.410461186,s-0.038231849,s305.045478289
049_28,s0.881329640,s1.516006045,s342.970137978
049_29,s0.976318837,s2.006719616,s6.581576741
049_30,s2.893689849,s-0.604749890,s68.255160707
049_31,s4.026302018,s-0.116231416,s64.696833873
049_32,s-3.561613842,s2.456993161,s323.597545053
049_33,s-4.078638713,s1.040125500,s8.566874623
049_34,s-1.726943197,s0.150410427,s46.887057874
049_35,s-1.570033914,s1.679189826,s282.270795967
049_36,s0.546299847,s1.142247688,s9.321379135
049_37,s0.392824933,s4.461160840,s279.895354421
049_38,s2.689829761,s2.026101322,s164.834701243
049_39,s3.837495366,s0.972447582,s306.510106290
049_40,s-2.309453815,s2.478700515,s196.702763691
049_41,s-2.665958050,s4.362471797,s162.812136105
049_42,s0.086752443,s3.886813256,s16.666383373
049_43,s-0.247240865,s1.589085530,s165.165981720
049_44,s1.864414867,s4.194228742,s232.352134466
049_45,s1.874872634,s3.064461813,s24.833618981
049_46,s3.081566331,s4.359700728,s198.534031527
049_47,s4.103213585,s1.963891573,s345.373213907
049_48,s-3.611908339,s3.382076211,s16.036399168
050_0,s-4.140861548,s-3.599612991,s190.044195469
050_1,s-3.343349935,s-2.740695386,s353.655598066
050_2,s-1.950011913,s-4.366778762,s47.481807923
050_3,s-1.002172518,s-4.416727065,s136.990840812
050_4,s-0.842608215,s-4.147160104,s214.883274095
050_5,s0.760011820,s-3.993264469,s210.700867948
050_6,s2.247278495,s-3.545730744,s110.957231601
050_7,s4.222022079,s-4.112577123,s100.875584889
050_8,s-4.206174286,s-2.923146609,s100.302942105
050_9,s-2.069330834,s-1.438671664,s217.592347969
050_10,s-1.605025443,s-2.412643144,s90.839739761
050_11,s-0.182522358,s-0.899743715,s90.184522705
050_12,s-0.535606284,s-2.077606085,s237.558414971
050_13,s1.184112900,s-2.099230654,s255.677349394
050_14,s3.482882232,s-3.040263989,s345.979855845
050_15,s4.253037444,s-1.281340601,s292.286831278
050_16,s-2.289396018,s-1.137899576,s7.825038587
050_17,s-3.936570454,s1.086517945,s56.429342551
050_18,s-1.216329098,s2.172582905,s266.777545892
050_19,s-2.438180819,s-0.414201620,s69.289314081
050_20,s1.863982612,s-0.494041719,s265.791341020
050_21,s0.164489470,s-1.477820517,s158.352739718
050_22,s2.248463706,s-1.386242821,s199.931587751
050_23,s3.856949254,s1.116466891,s359.666150614
050_24,s-4.128786750,s-0.752039108,s200.090485127
050_25,s-1.432727674,s-2.330705120,s43.078021940
050_26,s-2.061703185,s0.778135363,s114.518178447
050_27,s-1.086789850,s0.029236662,s335.392791565
050_28,s0.842606615,s-0.354922115,s211.960417551
050_29,s1.398346774,s-0.909099042,s230.575126705
050_30,s2.698228795,s0.459015005,s103.938089068
050_31,s3.780745516,s2.020634295,s162.790079153
050_32,s-4.555358928,s1.077204730,s22.117248332
050_33,s-3.879146070,s2.022386658,s325.243404437
050_34,s-3.814671308,s-0.871058160,s234.171626744
050_35,s0.816302952,s1.509903197,s108.588528689
050_36,s0.024770930,s1.108689019,s254.692316181
050_37,s0.931558193,s1.925242461,s16.228364116
050_38,s1.480013543,s2.748343510,s159.495917906
050_39,s1.540700162,s1.885930705,s236.487944847
050_40,s-2.165216405,s1.153739385,s13.528111414
050_41,s-3.526802641,s2.309501238,s84.483651093
050_42,s-0.848918433,s4.101287462,s34.979037254
050_43,s-2.761246025,s2.678761564,s321.505585189
050_44,s-0.624886573,s2.306726899,s202.085621481
050_45,s-0.152804612,s4.204209205,s355.481533676
050_46,s2.515136266,s3.108293173,s298.839468097
050_47,s3.560338648,s2.750227285,s30.876805285
050_48,s-4.186918317,s2.667846823,s262.889666493
050_49,s0.557383770,s4.259476203,s25.174797868
051_0,s-3.776321021,s-4.184061989,s252.403524948
051_1,s-2.787829908,s-3.878033029,s314.871596009
051_2,s-1.028693196,s-4.365499071,s288.338966540
051_3,s0.204554153,s-4.601047528,s311.419891230
051_4,s-0.798291951,s-3.556284437,s92.007155059
051_5,s0.572084854,s-4.203656630,s252.296447107
051_6,s2.566891525,s-3.690305731,s82.854308156
051_7,s4.329621402,s-3.967943080,s287.620491199
051_8,s-4.536996873,s-2.219975170,s173.597648922
051_9,s-0.723320999,s-2.631313179,s324.118531112
051_10,s-1.546599348,s-3.945283900,s355.311044472
051_11,s0.110959024,s-2.972803595,s312.504385752
051_12,s0.304563789,s-1.947557060,s138.780730094
051_13,s1.276008983,s-0.636218166,s295.500512341
051_14,s1.353650396,s-2.787384335,s207.110005806
051_15,s2.446022776,s-2.921517275,s328.229680211
051_16,s-4.426894812,s-0.075957447,s56.252175446
051_17,s-3.317113764,s-3.313376297,s35.324933069
051_18,s-2.864715703,s-1.490098624,s144.646639449
051_19,s-0.306940437,s1.239241671,s67.734515766
051_20,s-0.755458110,s-0.922763090,s216.990267786
051_21,s0.735673259,s-0.777088874,s346.506966294
051_22,s2.946718888,s-0.553218925,s62.904510724
051_23,s4.345792643,s-1.677995471,s168.681255189
051_24,s-2.528833847,s-0.939717451,s142.408698331
051_25,s-4.151821167,s1.659349448,s221.479529199
051_26,s-1.916183792,s0.597899218,s332.858200915
051_27,s0.244329212,s-1.756655404,s51.327449656
051_28,s0.899335628,s1.774154269,s260.083167610
051_29,s-0.013278012,s-0.040895603,s29.232390947
051_30,s3.858428675,s-1.124030921,s165.892591745
051_31,s3.165424282,s1.423526809,s159.856559536
051_32,s-4.047042622,s-0.297435168,s167.642865486
051_33,s-0.520223768,s-2.939935806,s301.902026798
051_34,s-1.440448305,s1.445657597,s216.887411958
051_35,s0.018909128,s0.440668140,s86.236926358
051_36,s1.071599973,s3.124991556,s26.426089768
051_37,s2.377776581,s-0.514072252,s298.015707782
051_38,s1.314460769,s1.788069828,s326.952735839
051_39,s3.936844549,s0.163857698,s239.735046115
051_40,s-2.502096188,s2.637689373,s98.678801795
051_41,s-2.110736595,s1.029587641,s3.435844080
051_42,s0.199598061,s1.867129099,s352.145619171
051_43,s-0.491509265,s4.094808911,s16.080930090
051_44,s3.171458996,s2.652484177,s272.757233891
051_45,s-0.100236986,s3.525453825,s359.846777427
051_46,s3.737081425,s3.710247958,s291.027208323
051_47,s4.145175889,s1.943628502,s235.320404606
051_48,s-4.210786528,s3.850762755,s284.317513258
051_49,s-3.786230937,s3.926737489,s17.933160306
051_50,s-1.532559652,s4.043180416,s104.527136271
052_0,s-3.131211570,s-4.372163807,s335.176576455
052_1,s-1.930033889,s-3.952428872,s340.736057826
052_2,s-1.501356896,s-2.767233506,s0.626856596
052_3,s-0.238466016,s-4.573093234,s119.419924806
052_4,s0.052606343,s-3.641806572,s183.699947632
052_5,s0.815031146,s-3.773636933,s202.901173142
052_6,s2.157067487,s-3.345936001,s91.320438683
052_7,s3.682434205,s-4.591979258,s189.270232014
052_8,s-4.426114877,s-3.220212169,s133.791665538
052_9,s-3.947058815,s-1.377580831,s110.145044904
052_10,s-2.255950902,s-1.509827188,s61.490143246
052_11,s0.165218308,s0.200990220,s60.934854136
052_12,s-2.023994255,s-1.887738631,s357.564651078
052_13,s0.910873314,s-1.389743114,s199.429857307
052_14,s3.708687002,s-3.477059134,s232.255427667
052_15,s4.500435597,s-1.163261281,s342.640098529
052_16,s-3.511011299,s0.191231110,s81.669941668
052_17,s-2.635044441,s0.946691122,s88.403580028
052_18,s-1.489326745,s-0.352754655,s314.337220888
052_19,s-1.385152097,s-0.388008790,s73.003356372
052_20,s-0.558175713,s-2.671142591,s239.885475501
052_21,s3.240426337,s-2.653106996,s98.132080153
052_22,s-0.492826257,s-1.237143882,s103.680611704
052_23,s3.794909640,s-1.069834998,s202.938771719
052_24,s-4.981841739,s1.241979338,s300.065031607
052_25,s-2.998336683,s-0.181839281,s145.771506662
052_26,s-0.059725533,s1.330582284,s124.080414094
052_27,s0.281559164,s1.029479250,s353.491310631
052_28,s1.346058801,s-0.886398939,s171.349036499
052_29,s1.502269876,s-0.104152183,s34.839659439
052_30,s2.257752070,s-0.046984104,s31.769005410
052_31,s2.617161542,s0.315100701,s109.697788749
052_32,s-5.141468258,s3.036717392,s287.893599426
052_33,s-1.602925220,s0.398428016,s62.196409591
052_34,s-1.824697332,s1.794220658,s281.375771439
052_35,s-1.429485675,s1.328207808,s30.130234069
052_36,s1.196203831,s0.728177083,s56.087560359
052_37,s1.402373461,s3.764311697,s346.368752631
052_38,s2.642958564,s3.673469831,s90.278455933
052_39,s3.425877273,s1.880448143,s217.788490413
052_40,s-2.889289395,s1.726860258,s11.987549827
052_41,s-2.030753870,s4.142405114,s160.783480693
052_42,s-1.256048597,s3.072854299,s41.385287011
052_43,s0.802979026,s2.859901876,s74.571628994
052_44,s0.353642076,s3.549466202,s343.869626715
052_45,s1.401891653,s5.039200180,s192.322011213
052_46,s4.181417566,s3.304386850,s173.753638722
052_47,s4.594223128,s1.453965731,s252.598563681
052_48,s-5.152384376,s4.173253779,s274.458463750
052_49,s-2.619985875,s4.721546102,s316.569319280
052_50,s-1.169730229,s3.988579534,s78.122902882
052_51,s0.707856914,s5.176954767,s183.842190957
053_0,s-4.483209664,s-1.938357643,s351.079267340
053_1,s-3.543096073,s-3.357799800,s158.149166956
053_2,s-1.040183385,s-3.758771199,s228.343684129
053_3,s-1.988960217,s-3.076755074,s167.767907796
053_4,s0.226830161,s-1.791371841,s214.731022473
053_5,s0.171671384,s-4.326844097,s173.861968366
053_6,s1.652247303,s-3.758299187,s165.386284266
053_7,s3.470803443,s-2.571721902,s33.104447818
053_8,s-4.699169092,s-1.176287368,s326.258156898
053_9,s-3.163608480,s-1.480144237,s294.782515749
053_10,s-1.445169802,s-2.049909733,s294.039118610
053_11,s3.066499395,s-1.173918521,s324.920699308
053_12,s3.819121108,s1.124309244,s103.863406175
053_13,s0.186575643,s-3.580122151,s228.554179204
053_14,s4.492850573,s-1.469233674,s131.060659482
053_15,s4.185045085,s-2.038619629,s114.679778502
053_16,s-2.957824488,s0.929478730,s207.329192609
053_17,s-1.960236765,s-1.154163668,s258.928655232
053_18,s-0.273891888,s0.912745219,s121.661181865
053_19,s-0.327979243,s-1.601237390,s305.124006060
053_20,s-0.784627189,s-1.459084789,s8.697626689
053_21,s0.130084008,s-1.344526153,s129.474061640
053_22,s2.776248241,s-2.551341997,s132.508081675
053_23,s1.724099525,s-0.595334363,s324.842858928
053_24,s-4.481667881,s1.183879242,s13.065406252
053_25,s-2.004839433,s-0.299300576,s307.109510742
053_26,s-1.338525612,s4.005799104,s143.520568512
053_27,s-0.760572899,s0.368796007,s5.090957554
053_28,s1.839770020,s-0.247728236,s155.069996139
053_29,s0.926075784,s1.745584703,s130.938612025
053_30,s4.209946987,s-1.179393614,s257.246850219
053_31,s4.394192584,s1.340066460,s164.204076075
053_32,s-4.572511104,s2.203924124,s351.320359277
053_33,s-3.597132256,s2.857780619,s129.475817202
053_34,s-2.546935252,s0.950224524,s251.459955709
053_35,s-0.288407625,s-0.236542853,s122.874531663
053_36,s-0.785302101,s2.385237065,s320.639146372
053_37,s0.284854022,s0.665936829,s15.801623710
053_38,s2.757496071,s1.545308179,s212.641577228
053_39,s2.389934305,s2.632339337,s46.471113326
053_40,s-3.692845302,s3.771628551,s82.899566385
053_41,s-2.210197256,s3.677729111,s111.884219816
053_42,s-1.512510351,s4.771971358,s230.139500019
053_43,s-0.142982891,s2.462381710,s52.271404870
053_44,s1.201110796,s3.276445670,s296.198444682
053_45,s1.449351506,s2.421146984,s112.990107683
053_46,s3.243599008,s4.124915185,s241.185480869
053_47,s4.023904313,s2.344829582,s44.461497627
053_48,s-4.549731009,s3.661760340,s348.311708960
053_49,s-1.248021791,s1.466265003,s271.559813836
053_50,s-3.248497769,s4.729243757,s100.675468325
053_51,s-1.128313230,s4.882763869,s143.382733474
053_52,s-0.331588230,s4.829188033,s236.860531244
054_0,s-4.559240842,s-4.411257964,s136.887809820
054_1,s-3.380831953,s-3.207203777,s66.722834426
054_2,s-2.502914424,s-2.739718350,s251.883086192
054_3,s-1.526936595,s-2.863491143,s13.356259096
054_4,s0.940009987,s-4.030512336,s248.270394846
054_5,s0.121053873,s-2.914594123,s154.051533510
054_6,s1.124789708,s-4.612116826,s8.141528354
054_7,s4.535863557,s-2.211277581,s120.544168798
054_8,s-3.991446773,s-0.170441725,s79.355896749
054_9,s-2.202483960,s-1.872162196,s81.183999508
054_10,s-0.289154738,s-2.398744878,s336.925606279
054_11,s1.118234682,s-1.553415011,s246.355313378
054_12,s2.409634243,s-1.426693339,s163.735727473
054_13,s3.441462281,s-3.552653967,s288.277575424
054_14,s3.499012790,s-2.473111304,s285.416766496
054_15,s4.895739837,s-0.914317382,s120.725680058
054_16,s-2.624980010,s2.017043411,s263.775235181
054_17,s-3.039837866,s-0.977782258,s337.323252427
054_18,s-1.798625505,s-0.934683869,s348.895029051
054_19,s0.149081786,s0.337317757,s211.052136402
054_20,s0.210559536,s-1.082553167,s161.723353377
054_21,s2.869083791,s-2.107846707,s172.225799723
054_22,s2.781290766,s-0.685725757,s329.625465939
054_23,s3.088996442,s0.616286747,s246.658442018
054_24,s-4.028053650,s0.239494445,s111.198140700
054_25,s-1.064593607,s-0.306645383,s253.616272976
054_26,s-0.498335372,s1.506298661,s149.597795391
054_27,s-0.289907864,s-2.227106015,s340.533864598
054_28,s1.027624475,s-0.132379196,s297.918200981
054_29,s0.256210530,s-0.779771735,s145.477948222
054_30,s2.327085445,s1.568263320,s289.568039107
054_31,s3.883779797,s1.263056194,s20.802179170
054_32,s-4.557918638,s1.318848688,s186.590605453
054_33,s-1.634469307,s0.835038809,s47.032308521
054_34,s-1.292443606,s0.619355779,s83.504912111
054_35,s-1.760399672,s1.590841753,s158.517015173
054_36,s0.441292340,s0.632196524,s242.213245159
054_37,s1.879355716,s2.160320973,s22.155519125
054_38,s1.837596872,s1.776606204,s22.669043427
054_39,s3.618642637,s2.685371762,s7.224894615
054_40,s-3.733737506,s3.087130830,s150.594570467
054_41,s-2.444008896,s2.518976645,s351.360857985
054_42,s-2.797752099,s3.528331386,s326.143270354
054_43,s-1.639023741,s2.860611372,s116.549354250
054_44,s0.362099541,s2.059468225,s228.910429705
054_45,s1.116088128,s2.294089993,s32.859868192
054_46,s1.100691043,s4.458233237,s172.820764359
054_47,s3.241838899,s4.107039673,s354.018579478
054_48,s-3.808507775,s2.058290796,s269.404281003
054_49,s-4.210220177,s4.612447080,s248.229838009
054_50,s-0.960454179,s4.077297095,s55.068304765
054_51,s0.568148851,s2.831411040,s256.801353219
054_52,s-0.052965016,s4.012108115,s354.818882730
054_53,s0.790674780,s4.672960595,s66.241116571
055_0,s-4.034837956,s-3.922979244,s184.021621147
055_1,s-3.154440701,s-3.598028590,s233.169360102
055_2,s-1.818786900,s-3.225457475,s279.927226966
055_3,s-1.292601076,s-3.980015353,s176.046914768
055_4,s0.118018289,s-4.315517312,s105.532512193
055_5,s0.860743980,s-3.432044826,s22.567486462
055_6,s1.911638672,s-4.155172965,s30.813554233
055_7,s4.055004641,s-3.496301212,s100.087375906
055_8,s-4.069290822,s-1.694107526,s278.927943819
055_9,s-0.591717120,s-2.928323285,s157.462971114
055_10,s-1.787895536,s-0.238437957,s129.904614605
055_11,s-1.581699805,s-1.905305117,s333.060436907
055_12,s1.523867354,s-1.681564815,s203.448289356
055_13,s0.977597915,s-2.727338647,s318.761805644
055_14,s1.972120232,s0.259973405,s329.383386596
055_15,s4.066666541,s-2.138800599,s78.394290870
055_16,s-4.392763591,s-2.082048575,s160.105695037
055_17,s-2.969229986,s-2.773776771,s6.720695578
055_18,s-3.756545008,s-0.851095593,s72.741419240
055_19,s-0.831412367,s-0.823458240,s357.095121301
055_20,s-0.404623558,s-4.415036125,s34.136973953
055_21,s1.776674071,s-0.779886650,s134.211738887
055_22,s2.506046380,s-2.654614399,s90.027869965
055_23,s3.861874157,s0.466148271,s86.544429948
055_24,s-4.313389448,s0.592632893,s224.757968120
055_25,s-4.368833190,s2.357991227,s180.074142089
055_26,s-3.934755342,s0.045931567,s48.923918111
055_27,s0.643103052,s-1.650771848,s332.085643466
055_28,s-0.952436433,s0.716601873,s156.629155669
055_29,s2.539803700,s-1.429797503,s2.192957144
055_30,s3.585827174,s-0.561885638,s102.676765645
055_31,s4.106696250,s-0.417993552,s282.679184184
055_32,s-4.582822819,s0.019909169,s251.972769412
055_33,s0.178696545,s4.073996394,s171.932610067
055_34,s-1.413855842,s1.477349953,s138.677808661
055_35,s-0.579118441,s1.853658512,s297.642741937
055_36,s0.427644563,s0.262619515,s96.520885311
055_37,s1.399933655,s0.643326751,s86.342669820
055_38,s0.552129039,s-0.578685590,s341.126153760
055_39,s3.120561737,s1.812723798,s161.457289007
055_40,s-2.642509684,s1.152050872,s342.852872168
055_41,s-3.624306859,s3.927207040,s97.354321521
055_42,s0.721539857,s3.096073535,s215.189837688
055_43,s-1.762052305,s2.214969152,s245.689082089
055_44,s0.835463610,s1.679646917,s1.001061036
055_45,s2.719003526,s3.436952513,s337.777710081
055_46,s1.484777998,s4.012796532,s296.738142806
055_47,s3.992317457,s1.638992852,s18.213834358
055_48,s-4.545854641,s1.765972102,s12.777210314
055_49,s-3.813915318,s3.242364432,s355.428736271
055_50,s-2.295133162,s3.371266669,s161.047162923
055_51,s-2.387444623,s2.453442959,s200.478030190
055_52,s0.678829145,s4.024336898,s19.572405386
055_53,s3.054111392,s1.490010841,s183.691719365
055_54,s4.012833364,s3.122927656,s80.943238332
056_0,s-4.789679242,s-2.820880517,s114.746458737
056_1,s-1.535908769,s-3.565777384,s14.736815039
056_2,s-1.793025261,s-4.508675061,s65.100536436
056_3,s-1.283785260,s-4.691594786,s205.636977404
056_4,s1.024275124,s-4.779502517,s127.789401432
056_5,s0.367663273,s-3.285665324,s114.403709445
056_6,s2.139249445,s-4.670229468,s6.761516968
056_7,s2.237720852,s-2.332946366,s253.480406361
056_8,s-2.882882709,s-3.152744383,s333.079259032
056_9,s-1.993992842,s-1.499369601,s324.847727048
056_10,s-2.435517447,s-2.152888268,s331.448185308
056_11,s-0.272846407,s-2.983063364,s336.333864427
056_12,s0.196873449,s-2.007880729,s86.914712119
056_13,s1.220797737,s-2.401434729,s50.128130981
056_14,s3.034967313,s-1.703499078,s138.625433062
056_15,s4.614280659,s-1.599811318,s312.662822500
056_16,s-4.570275178,s-1.264984692,s193.948952216
056_17,s-3.636479775,s-2.239508311,s137.080381784
056_18,s-0.320391103,s-2.382910316,s77.447817806
056_19,s-0.374540493,s-0.038859762,s51.690566269
056_20,s0.246232203,s-1.690288246,s337.661551293
056_21,s1.456099562,s-1.966229309,s320.899783865
056_22,s4.021055738,s0.297825059,s54.844946885
056_23,s4.101531887,s2.478924709,s127.381506346
056_24,s-3.120609836,s-0.617366866,s52.823107360
056_25,s-2.896385821,s-1.011465034,s229.079149074
056_26,s-2.435091098,s1.577643374,s144.801259134
056_27,s-0.681493622,s0.190338662,s154.217464141
056_28,s2.788179901,s-1.331343393,s242.555500826
056_29,s1.648704684,s1.161767412,s82.266273708
056_30,s-0.220700443,s-0.392023221,s41.031282210
056_31,s3.853212193,s-0.384149888,s340.655369038
056_32,s-3.350778802,s0.278095307,s318.270412196
056_33,s-3.255948822,s3.570813403,s140.836309998
056_34,s-1.361861736,s1.948557946,s206.910998355
056_35,s0.691748079,s0.302448577,s258.095651210
056_36,s0.880048347,s0.708482097,s293.172817437
056_37,s-0.551662270,s2.360431018,s15.451807311
056_38,s4.474320874,s0.026811790,s56.635284155
056_39,s3.994498618,s1.649301398,s295.502378747
056_40,s-4.104474378,s3.911225279,s282.726098341
056_41,s-4.793840560,s1.452540998,s236.215551069
056_42,s-2.435905409,s3.105355563,s284.004116415
056_43,s-1.774510823,s-1.675499424,s88.105448177
056_44,s0.739819626,s3.335539202,s155.855301924
056_45,s3.345489090,s1.896800035,s301.039800164
056_46,s2.378523470,s0.009722461,s224.807712061
056_47,s4.794479349,s3.267671748,s244.444642268
056_48,s-4.670736209,s3.662327728,s174.395479533
056_49,s-2.641900683,s3.738958553,s119.203508564
056_50,s-2.158783835,s4.748645571,s326.123399704
056_51,s-0.410907802,s4.920495027,s195.989232221
056_52,s-1.698082159,s2.395624953,s152.942507956
056_53,s-0.496236030,s3.859893829,s217.705648308
056_54,s1.619262916,s2.876592379,s180.738394672
056_55,s2.147689602,s4.542386731,s242.113056636
057_0,s-4.461463766,s-2.630129047,s40.881088166
057_1,s-2.870222987,s-3.970231576,s77.710666505
057_2,s-1.429124963,s-3.002594404,s224.827211603
057_3,s1.948510612,s-3.339064965,s28.635046114
057_4,s-0.819577605,s-3.950717984,s11.538110051
057_5,s-0.018764361,s-3.609588938,s119.740934178
057_6,s1.861721014,s-4.486143925,s262.416885838
057_7,s3.180675933,s-3.872640891,s125.841774307
057_8,s-2.458162488,s-3.534533582,s171.243589359
057_9,s-1.798532047,s-4.252176695,s159.025203464
057_10,s1.422423707,s-2.523442659,s335.636298741
057_11,s-0.402933818,s-1.386320545,s239.152110078
057_12,s-0.632389798,s-3.353737728,s145.023070236
057_13,s1.864908160,s-2.721983549,s299.220206449
057_14,s1.612352445,s-1.309253594,s129.116245760
057_15,s4.225405164,s-0.922081485,s251.725392976
057_16,s-4.247276468,s-2.326026503,s206.450007109
057_17,s-3.498049755,s1.245867237,s10.162853978
057_18,s-1.439801652,s-1.419278604,s325.910683407
057_19,s-1.364055198,s-2.813789545,s82.801051201
057_20,s-2.047191533,s-0.226188087,s12.136029529
057_21,s1.103317037,s-1.004432993,s279.837861458
057_22,s2.073120015,s0.340688324,s219.254526321
057_23,s3.759004167,s-3.404111213,s186.624171639
057_24,s-3.870405961,s-1.255763780,s211.681448815
057_25,s0.182884449,s2.104241171,s250.476211841
057_26,s-1.118685758,s-0.308520641,s211.215494043
057_27,s-3.121151704,s-0.380078630,s62.812540645
057_28,s0.160038833,s-3.228508516,s269.050134221
057_29,s0.998880716,s3.241601153,s307.782524674
057_30,s3.865398483,s-1.061285842,s209.830015748
057_31,s3.621542320,s1.410053230,s201.705510695
057_32,s-3.826620145,s1.844716828,s128.771935970
057_33,s-1.688258067,s0.755050441,s154.396431407
057_34,s-2.834394703,s-2.640635670,s224.814605409
057_35,s0.629571088,s0.480601992,s24.826744587
057_36,s0.607377879,s-0.418140632,s343.511775084
057_37,s0.435856014,s0.132347123,s285.246838751
057_38,s1.344224996,s0.938202957,s292.436601754
057_39,s2.806844117,s1.235935862,s101.535712680
057_40,s-4.216956286,s4.208428283,s8.726624728
057_41,s-1.267879359,s2.051134279,s344.974741012
057_42,s-0.289212336,s2.428105663,s225.871394853
057_43,s-1.194433170,s0.853317630,s131.699154531
057_44,s1.807181994,s3.814798896,s32.704614528
057_45,s1.249060545,s0.812138806,s222.717498962
057_46,s3.252728777,s3.251826067,s291.241846339
057_47,s4.197279782,s2.086700131,s115.176386029
057_48,s-2.434156830,s3.316060450,s153.295968204
057_49,s-2.072328236,s1.134151016,s289.665839406
057_50,s-1.820164521,s4.009319595,s87.784177664
057_51,s0.652600783,s1.298205550,s154.274839048
057_52,s-0.064323942,s4.197768517,s176.062528518
057_53,s1.791064194,s1.718956206,s93.494033198
057_54,s0.789496640,s3.679321911,s100.778635504
057_55,s3.198981298,s4.103575583,s105.695593734
057_56,s-0.603892190,s3.748385441,s267.342859000
058_0,s-4.946189713,s-4.147914684,s182.369971246
058_1,s-3.492453857,s-3.344034225,s89.606498443
058_2,s-2.130808809,s-4.558202693,s176.883693521
058_3,s-0.531535697,s-2.934250037,s358.931525591
058_4,s-0.653397212,s-4.177258506,s40.752863194
058_5,s1.696307100,s-2.347841975,s328.316707552
058_6,s1.522417687,s-4.905592976,s89.106362017
058_7,s2.638508371,s-4.623033152,s92.191151801
058_8,s-3.866451357,s-2.763946852,s3.905726080
058_9,s-1.122461386,s-2.487229080,s220.525549240
058_10,s-1.337171080,s-0.240662635,s9.949166193
058_11,s-0.073317498,s-2.565706659,s176.872948064
058_12,s1.015019045,s-0.837518128,s240.457221460
058_13,s2.325971671,s-2.703626441,s320.525855601
058_14,s3.154950891,s-3.544818890,s95.049001027
058_15,s5.103506419,s-2.368232728,s145.361601965
058_16,s-5.043171920,s-3.035902337,s185.651135992
058_17,s-3.679883990,s-0.735770970,s126.707899911
058_18,s-2.769567412,s-2.051091314,s110.445093254
058_19,s-0.694011399,s2.567510037,s120.600010016
058_20,s0.913852818,s-0.874169563,s261.507117223
058_21,s0.294311739,s-3.773667344,s344.412800803
058_22,s3.160662903,s-1.479410751,s249.259683664
058_23,s4.994857222,s-0.404079784,s155.296076687
058_24,s-3.979136077,s0.483549553,s103.884660332
058_25,s-2.215852155,s-0.890438506,s278.271272595
058_26,s-2.682603075,s-4.020811625,s257.942175287
058_27,s-0.035310742,s-1.630998052,s135.528775759
058_28,s-1.162446487,s0.502631040,s101.342072417
058_29,s1.692166539,s-0.637251266,s221.494881885
058_30,s2.445236130,s-0.521157491,s172.091789840
058_31,s3.632844498,s-1.138091833,s259.043561608
058_32,s-4.130889528,s1.870341650,s132.198392474
058_33,s-1.864668616,s-0.103291580,s278.744578001
058_34,s-3.484507997,s0.908856057,s152.567600926
058_35,s-0.269605766,s0.950180347,s48.764044690
058_36,s1.500284524,s0.851356027,s145.250423062
058_37,s0.388761692,s3.609043398,s120.271343914
058_38,s1.447878227,s1.431803834,s311.381723530
058_39,s2.327448033,s2.906417107,s339.954084230
058_40,s-4.428871777,s0.246961822,s173.952660550
058_41,s-3.412772301,s1.642069917,s59.002605143
058_42,s-2.480077374,s2.865517275,s23.838461708
058_43,s-1.743935282,s0.542658711,s31.156443603
058_44,s-0.476242230,s1.766848946,s86.029063669
058_45,s1.754060991,s2.002336494,s76.943737693
058_46,s3.614047537,s-0.328500509,s264.739640440
058_47,s4.736045361,s0.052066839,s26.487394089
058_48,s-4.800867618,s3.182139778,s183.828052471
058_49,s-4.276144864,s2.840406526,s232.444609920
058_50,s-0.539757665,s3.122846483,s355.688440661
058_51,s-0.842888109,s4.168928368,s246.682655053
058_52,s1.010568916,s4.181110423,s318.120631053
058_53,s1.650243227,s2.335707062,s9.652689134
058_54,s2.538534364,s4.568850423,s9.865866373
058_55,s4.563355036,s2.378810993,s20.976504043
058_56,s-3.097920793,s3.280927231,s226.282526880
058_57,s-1.141055685,s2.380986393,s104.344961882
059_0,s-4.981211616,s-3.407476538,s327.156697112
059_1,s-2.928293849,s-3.009851575,s47.174133087
059_2,s-1.156480064,s-3.542411478,s145.988412630
059_3,s-1.130006254,s-4.376412909,s7.148251725
059_4,s-0.468505630,s-3.055867949,s347.356790027
059_5,s0.643034996,s-3.441171432,s196.493682245
059_6,s1.352505760,s-2.686217455,s245.400546130
059_7,s3.566602047,s-4.891891297,s111.140032424
059_8,s4.417299772,s-4.935527291,s290.315872978
059_9,s-4.065298528,s-1.290536488,s295.733036685
059_10,s-3.210741228,s-2.331779752,s69.886477756
059_11,s0.476758758,s-2.603640926,s224.845333881
059_12,s-0.967672519,s0.982756374,s357.034961872
059_13,s-0.159783654,s-1.178918111,s30.506119830
059_14,s3.248998271,s-1.592974102,s344.920866703
059_15,s3.523434036,s-4.516749663,s282.953058739
059_16,s4.281836485,s-2.263055002,s93.235556485
059_17,s4.716052179,s0.698458245,s41.476607374
059_18,s-4.435544663,s0.310002659,s150.184591960
059_19,s-3.399924483,s-0.490320877,s183.965948051
059_20,s-2.093226581,s-2.611885888,s310.335313230
059_21,s-2.276423491,s-1.723329373,s125.949478300
059_22,s-1.605048325,s-1.133763565,s219.610674489
059_23,s1.229865086,s0.603036962,s133.822476042
059_24,s0.696238771,s-1.353252789,s282.477783971
059_25,s2.795548646,s0.852571348,s331.266473847
059_26,s2.610040776,s-2.573074649,s77.097261112
059_27,s-4.920642590,s1.342783761,s261.019128263
059_28,s-0.633404793,s-0.269181575,s277.536377216
059_29,s-1.859452830,s0.699622563,s197.663571071
059_30,s0.471610301,s2.051411941,s234.514043046
059_31,s1.995861023,s-1.390704003,s13.270295085
059_32,s-1.105085714,s0.336890761,s0.420867750
059_33,s1.751899931,s-0.985284205,s157.564510281
059_34,s3.217834943,s0.013713570,s269.079983882
059_35,s5.067207568,s1.471627108,s123.635172350
059_36,s-3.795848840,s3.893107229,s254.523408780
059_37,s-3.481675448,s0.950283181,s284.666259566
059_38,s-2.540715088,s2.531321193,s161.026304007
059_39,s-3.255935222,s1.896522372,s335.078848858
059_40,s1.075335039,s1.391321871,s222.440672857
059_41,s1.801719578,s1.731718651,s249.269287047
059_42,s3.276386929,s1.558713737,s217.442825047
059_43,s0.973508190,s3.099028797,s316.264385113
059_44,s4.493063860,s1.770523743,s129.526306054
059_45,s-4.506797621,s3.424714935,s204.982839362
059_46,s-3.745586612,s1.561364944,s112.733579092
059_47,s-0.380780175,s3.759850175,s10.765916986
059_48,s-1.599305179,s3.155637111,s67.126295388
059_49,s0.834451746,s2.259161663,s182.718351542
059_50,s-0.143674828,s4.980991275,s181.062627083
059_51,s2.350457708,s4.928401828,s253.365675207
059_52,s2.831875887,s3.231911339,s155.589864766
059_53,s4.423794757,s3.890565112,s358.137386805
059_54,s-4.729364442,s4.345564669,s17.577100384
059_55,s-3.625315433,s4.694647090,s233.161055133
059_56,s-0.109372508,s1.783006017,s344.055093031
059_57,s-2.628415130,s4.342830222,s284.470352510
059_58,s0.332028610,s3.244050100,s16.422714157
060_0,s-5.072528748,s-3.508393725,s337.359098866
060_1,s-2.111305101,s-4.399769742,s308.118709253
060_2,s-1.507945616,s-4.190312651,s136.349136094
060_3,s-3.143638492,s-1.370866389,s263.297609232
060_4,s0.129662818,s-3.472744757,s302.038516961
060_5,s1.594078350,s-3.914455115,s144.873685332
060_6,s0.886959812,s-4.903818854,s313.319144270
060_7,s2.480917721,s-4.210284201,s256.726988359
060_8,s4.675138164,s-3.829215732,s237.168081211
060_9,s-4.656044095,s-0.127131326,s267.666593521
060_10,s-3.031953900,s-2.593099870,s116.097305111
060_11,s-2.532048930,s-3.557286904,s224.278520060
060_12,s-3.061093479,s-0.437425255,s357.615472179
060_13,s-0.231782699,s-2.249046604,s356.865385134
060_14,s1.879920727,s0.940356955,s83.700594254
060_15,s0.608046000,s-2.694991427,s331.464268323
060_16,s2.939351726,s-1.882735100,s222.347879146
060_17,s4.476576285,s-2.907701207,s74.448627481
060_18,s-3.232546892,s-0.753748936,s323.107504989
060_19,s-3.784831752,s-1.062540332,s238.874610277
060_20,s-2.500902103,s0.931550882,s153.502431498
060_21,s-0.694793972,s-2.635199146,s328.293178615
060_22,s-0.705154595,s-0.573112889,s154.588769357
060_23,s0.388493043,s-1.004424341,s194.645785002
060_24,s2.220105455,s-2.367337443,s287.887395233
060_25,s4.599601562,s-1.367495219,s275.764386844
060_26,s2.215089700,s-0.969517613,s62.614202772
060_27,s-3.083097698,s1.715270084,s164.227204031
060_28,s-2.139075168,s1.598370601,s67.787186924
060_29,s-4.303146140,s-0.609169545,s294.231128012
060_30,s0.743012284,s2.747000147,s341.668027277
060_31,s-1.730722955,s-0.497117866,s246.339179735
060_32,s1.337530165,s-0.886071269,s38.629368849
060_33,s0.859450038,s2.057805348,s107.476060150
060_34,s3.613716011,s-0.282639640,s226.326283873
060_35,s4.931791729,s0.111486867,s75.585347984
060_36,s-4.903423254,s0.325490200,s251.164305763
060_37,s-3.197126713,s2.694739663,s213.230843575
060_38,s-0.422895811,s3.649140162,s53.512490879
060_39,s-0.549990518,s0.157977737,s8.689522291
060_40,s-0.430114025,s0.898312693,s204.768009749
060_41,s0.155268868,s-0.323052794,s264.255635823
060_42,s0.278147174,s0.870337263,s329.506469480
060_43,s2.866908700,s0.818966507,s240.170114157
060_44,s4.457424554,s-0.645567219,s255.462831757
060_45,s-4.398533336,s1.347318950,s149.969150836
060_46,s-1.536951020,s3.186591925,s114.799365935
060_47,s-1.746848171,s2.539983470,s238.817489966
060_48,s1.220379936,s2.876693605,s271.464005557
060_49,s0.611040636,s4.389726472,s94.519909391
060_50,s1.002059386,s3.537211149,s145.511400048
060_51,s2.697604974,s1.393821206,s201.442420967
060_52,s3.392457049,s4.812260315,s81.548017972
060_53,s4.446753215,s2.699838800,s134.240878031
060_54,s-4.713059230,s4.093010696,s333.196210179
060_55,s-3.104124101,s4.012202527,s168.203506775
060_56,s-2.760927012,s4.627892654,s68.654972328
060_57,s-1.486323327,s4.416254137,s296.989835574
060_58,s-0.914861276,s4.495510038,s140.696288210
060_59,s3.209936457,s4.142471185,s262.630756412
061_0,s-5.054343710,s-4.619440775,s248.485678668
061_1,s-2.286029196,s-3.463583950,s314.131408176
061_2,s-0.592385951,s-4.878665492,s106.866881743
061_3,s-3.206829396,s-1.022774902,s196.512942205
061_4,s-0.716185793,s-3.906913460,s240.900590445
061_5,s0.352086418,s-1.121468485,s81.646355510
061_6,s0.377637567,s-4.962333548,s342.314847573
061_7,s3.388486217,s-2.048938057,s178.368687755
061_8,s4.209648034,s-3.779844384,s77.802743211
061_9,s-3.676801013,s-4.358023986,s275.799448626
061_10,s-3.252340100,s-1.745185934,s190.037612792
061_11,s-1.485526919,s-1.749580776,s235.466435357
061_12,s0.518964312,s-1.865588271,s0.847665941
061_13,s0.754313497,s-3.577801851,s153.363613811
061_14,s2.129562946,s-2.854655336,s257.649603406
061_15,s3.572773472,s-4.844052328,s183.599125406
061_16,s1.523135965,s-2.066172052,s155.038409970
061_17,s3.605122299,s-3.334807851,s62.940552086
061_18,s-5.016376088,s-1.806326328,s346.390107445
061_19,s-2.361499353,s-0.489544445,s355.825567647
061_20,s-1.481759897,s-0.712008108,s251.739472456
061_21,s-1.005914019,s-0.200481217,s155.469915030
061_22,s-0.573912530,s-0.593241811,s154.323019303
061_23,s1.144225778,s-1.941717694,s337.301289596
061_24,s3.377645063,s-1.176425438,s146.485096547
061_25,s4.700871547,s-0.292397059,s127.425919829
061_26,s4.447372054,s-1.312039227,s86.870944876
061_27,s-3.816853773,s0.347977653,s342.575510761
061_28,s-2.804685705,s1.847452984,s41.117784923
061_29,s-2.476630729,s0.450330226,s114.699138717
061_30,s-0.397020499,s0.373205307,s124.987412173
061_31,s0.498788640,s0.351803788,s81.225443446
061_32,s1.875754256,s-1.001963648,s39.819629866
061_33,s1.101817345,s0.703263344,s134.673746162
061_34,s2.083193575,s0.891848988,s177.221718937
061_35,s3.693038068,s0.543383067,s216.857598462
061_36,s-4.788037258,s1.695461245,s157.261556315
061_37,s-0.748090796,s1.516581521,s46.202401709
061_38,s0.024457817,s2.864961353,s123.960892756
061_39,s-1.054301037,s0.333056888,s11.345858403
061_40,s-0.196429021,s1.745133487,s248.064107097
061_41,s0.708876186,s1.827762739,s190.213761265
061_42,s2.392149349,s1.346334761,s150.222740699
061_43,s1.360355572,s3.282601610,s314.118295777
061_44,s3.133472050,s1.859084514,s70.266130570
061_45,s-4.939529875,s0.901622313,s262.179780502
061_46,s-3.631598506,s2.257174330,s153.280200339
061_47,s-3.277619555,s3.581627826,s206.750181445
061_48,s0.126086577,s4.716404085,s160.247764262
061_49,s0.460479565,s2.999022660,s51.280527579
061_50,s0.719844301,s1.012820941,s247.657649641
061_51,s2.928413295,s4.534009438,s99.651865559
061_52,s1.775217722,s2.091661154,s330.112268848
061_53,s4.608781508,s1.743776122,s290.818915130
061_54,s-4.233414716,s2.460687906,s169.443328225
061_55,s-4.045995788,s5.037142534,s214.464292854
061_56,s-2.636070745,s5.301224341,s102.838467935
061_57,s-2.312746617,s4.416235616,s235.084045080
061_58,s-0.517108449,s5.258366960,s280.190946571
061_59,s2.127954410,s3.788975974,s187.446258688
061_60,s-0.029748752,s4.030350302,s237.602567023
062_0,s-4.970715168,s-3.983551116,s192.858008412
062_1,s-5.231507433,s-5.067388272,s122.594812699
062_2,s-1.367894029,s-4.175743668,s226.279530250
062_3,s-0.597038664,s-4.395826260,s288.773965883
062_4,s-0.122191275,s-3.132762445,s357.692298716
062_5,s0.681857581,s-4.768815061,s289.852630938
062_6,s2.579598160,s-3.968000005,s337.570719618
062_7,s1.476328962,s-4.896357733,s170.445569946
062_8,s4.432666519,s-3.428771210,s112.254184611
062_9,s-3.907593013,s-2.290567695,s255.220089605
062_10,s-3.738760759,s-3.731138493,s72.142182036
062_11,s-3.006876617,s-1.694957209,s308.665256787
062_12,s-0.998712391,s-2.541791101,s36.507474526
062_13,s0.608451306,s-2.893689602,s169.942870179
062_14,s-0.794273923,s-0.987932472,s50.889029618
062_15,s3.822033600,s-4.542044893,s60.249381901
062_16,s1.809395780,s-1.644524399,s48.800563155
062_17,s5.116356382,s-1.843348750,s5.125610735
062_18,s-4.844559232,s0.086610465,s348.133355950
062_19,s-3.027628457,s-1.132966986,s276.384130037
062_20,s-1.641647344,s-1.396548743,s74.868428387
062_21,s-0.135803805,s-0.319117229,s213.579381592
062_22,s0.328038850,s-0.594012374,s309.327563840
062_23,s1.524168428,s-2.553514801,s345.274667289
062_24,s2.122640712,s-0.592845140,s154.163964558
062_25,s2.486793960,s-1.149783535,s350.665619048
062_26,s4.957074218,s-0.741792676,s29.119093500
062_27,s-3.507296212,s-0.668494566,s0.095533834
062_28,s-2.492327789,s0.431373880,s117.709741341
062_29,s-1.651792064,s0.285498494,s147.999370949
062_30,s0.198475150,s0.806803159,s99.886244466
062_31,s-0.036008675,s-1.888948270,s161.208462989
062_32,s1.422978166,s1.008429638,s138.426678767
062_33,s2.824576998,s0.387337631,s280.103714186
062_34,s4.012946463,s-1.401144664,s340.396469310
062_35,s5.398683634,s-0.109958807,s219.311110507
062_36,s-5.379615040,s0.522557568,s21.320700804
062_37,s-3.783897640,s0.838035207,s223.357123965
062_38,s-2.171435090,s1.281355468,s200.982830173
062_39,s-1.381371863,s2.616247953,s358.931651643
062_40,s-0.505403722,s0.912760950,s240.812008106
062_41,s0.175302006,s1.515555921,s101.854033190
062_42,s3.891509457,s0.939527056,s182.145809109
062_43,s2.241615454,s0.838593647,s62.434932196
062_44,s4.563226103,s1.537663501,s87.640428003
062_45,s-4.041745582,s1.966532089,s154.369245354
062_46,s-2.747476340,s2.909910968,s229.541474275
062_47,s-2.481718636,s3.047360591,s325.255005072
062_48,s-1.129967935,s3.699745477,s307.707264755
062_49,s-0.203943497,s2.193621253,s142.778378072
062_50,s1.555752238,s1.695556757,s304.867588909
062_51,s2.627783091,s2.947135279,s302.400435656
062_52,s2.064854572,s3.962743051,s318.814033421
062_53,s3.070173176,s1.758501441,s272.075397985
062_54,s-4.748322552,s4.993188175,s329.893019209
062_55,s-2.795675914,s4.696994204,s45.700985931
062_56,s-1.555338326,s4.288961510,s77.367131714
062_57,s0.332373314,s4.404481511,s245.674266661
062_58,s-0.023925886,s2.998804907,s343.374444490
062_59,s1.054937168,s3.909000510,s176.482117898
062_60,s1.058620303,s5.177089260,s258.646833711
062_61,s2.890173245,s4.246416307,s241.383575732
063_0,s-5.251242514,s-3.899531848,s271.806749080
063_1,s-4.200785127,s-4.838570728,s173.633791480
063_2,s-2.105402456,s-4.642113410,s36.962810978
063_3,s-1.834571309,s-3.440765069,s152.919290819
063_4,s-0.120233404,s-1.425206786,s198.215437262
063_5,s-0.047050346,s-4.852816920,s69.967581086
063_6,s0.461819749,s-4.052726660,s130.184924194
063_7,s2.426362464,s-4.849152784,s253.102566861
063_8,s2.447379060,s-3.419012229,s253.901346062
063_9,s-3.177418358,s-2.502180768,s31.174906375
063_10,s-4.171167214,s-0.611774394,s328.834482218
063_11,s-2.577432638,s-1.672652925,s209.790049348
063_12,s-2.425940295,s-2.667965221,s113.294659585
063_13,s-0.404663331,s-2.129304741,s197.814728871
063_14,s2.173489164,s-1.242460377,s186.942243908
063_15,s1.410859598,s-2.046100674,s245.772168518
063_16,s4.393706700,s-1.906898727,s353.684944855
063_17,s4.675478393,s-0.349399765,s283.459014902
063_18,s-5.062384473,s-0.711759057,s340.478260374
063_19,s-5.107945057,s-1.810948612,s277.974337028
063_20,s-3.062638702,s-0.439760083,s216.827428561
063_21,s0.697858687,s-1.027578578,s189.971425864
063_22,s1.861629893,s-0.491644181,s93.715336865
063_23,s1.006142573,s-3.493020124,s211.119036434
063_24,s-0.135892553,s0.598863923,s347.839157075
063_25,s3.051893977,s-2.979026591,s327.071507449
063_26,s1.091925688,s0.767360554,s128.545344058
063_27,s-5.000894884,s0.994252833,s294.383321578
063_28,s-4.868521773,s0.543608130,s241.645010377
063_29,s-1.755965214,s-1.751157435,s216.485319314
063_30,s-0.798134008,s-0.244735551,s322.250917112
063_31,s-0.608921708,s1.964177283,s170.777787468
063_32,s1.574356412,s1.863493092,s137.558848239
063_33,s3.413476541,s1.335716951,s180.055729166
063_34,s2.776601559,s-0.790563112,s107.441740354
063_35,s4.502513625,s0.136544995,s90.682908290
063_36,s-4.831071967,s3.653658603,s207.946782679
063_37,s-2.714150816,s0.588401120,s163.919971830
063_38,s-2.124743785,s0.728314683,s186.291866226
063_39,s-1.151586891,s-1.605918864,s90.013338965
063_40,s-1.276069500,s0.407045207,s214.631236122
063_41,s0.818748015,s1.187777055,s116.393391203
063_42,s2.663979734,s1.017930178,s70.383356447
063_43,s4.257117621,s-0.153175024,s244.246227277
063_44,s2.096003641,s2.984688760,s144.567357511
063_45,s-4.664747534,s1.699839440,s164.218829602
063_46,s-2.486384743,s2.354204763,s174.980100149
063_47,s-0.519227473,s3.728422055,s298.661769983
063_48,s-1.254153282,s2.215342264,s275.264615848
063_49,s-0.131846565,s3.388938890,s175.661117089
063_50,s3.193944548,s3.862094805,s78.325643486
063_51,s0.045880321,s1.457960055,s161.798348936
063_52,s3.385852343,s2.543623291,s58.323366192
063_53,s4.565088445,s2.696615785,s18.448237284
063_54,s-3.691874642,s4.009427793,s199.400694608
063_55,s-2.763995737,s4.858254020,s14.250357715
063_56,s-2.767524757,s3.514964242,s107.319686259
063_57,s-1.037334127,s4.545136983,s111.399076872
063_58,s0.222480918,s4.847814539,s39.867687200
063_59,s1.278827913,s4.249759040,s211.730834797
063_60,s0.924161045,s4.261467010,s142.192725968
063_61,s1.755664268,s4.677408083,s183.272638387
063_62,s4.522957446,s3.980970395,s152.617765684
064_0,s-5.026170098,s-2.258488973,s222.883958193
064_1,s-3.839375080,s-3.264173524,s322.937113610
064_2,s-1.302339383,s-4.770058207,s234.976863041
064_3,s-1.898178514,s-1.536522730,s51.276619789
064_4,s-0.213695717,s-3.662559927,s209.940024482
064_5,s0.396847864,s-4.841380619,s109.555294547
064_6,s2.458613541,s-3.673908195,s270.280232491
064_7,s3.053023348,s-4.344740928,s118.391780676
064_8,s4.231254177,s-3.179777985,s179.124925738
064_9,s-4.883859909,s-1.615119390,s320.969591807
064_10,s-2.268081442,s-3.229384702,s310.773505579
064_11,s-2.713311154,s-0.027526813,s190.233364912
064_12,s-0.693679869,s-4.574415807,s186.252182478
064_13,s0.148085789,s-2.889157961,s91.552689808
064_14,s0.911342509,s-2.598765008,s345.045930275
064_15,s1.665075564,s-2.473392521,s282.742625852
064_16,s2.690823246,s-1.518066687,s195.615188215
064_17,s4.732241583,s-0.361380939,s291.034872324
064_18,s-5.155714952,s-0.849531783,s337.439548843
064_19,s-2.357689697,s-1.427517863,s56.646721788
064_20,s-0.589443333,s-1.949676510,s218.179261190
064_21,s-1.619811959,s-1.844358464,s218.944487125
064_22,s1.342155816,s-1.388272641,s135.957376084
064_23,s-0.163855505,s0.733580619,s55.114586805
064_24,s-0.154197926,s-1.716911529,s315.221435145
064_25,s1.407218075,s0.213211451,s303.050586509
064_26,s3.937076681,s-1.524489562,s70.944576689
064_27,s-4.664031825,s2.876524526,s20.234158456
064_28,s-4.025771667,s-0.341006873,s214.944452295
064_29,s-2.474752726,s0.180604599,s127.030697536
064_30,s-1.729988970,s-0.893366777,s291.661502957
064_31,s1.422252090,s0.688553755,s84.654467223
064_32,s0.714541373,s-0.933923720,s245.052613055
064_33,s3.888231179,s0.495928297,s266.026082027
064_34,s3.203206921,s-0.006976144,s262.727353143
064_35,s4.903335782,s-1.837117818,s9.075679417
064_36,s-4.757188883,s-0.170684083,s188.580256161
064_37,s-3.088128881,s1.864912337,s164.303126339
064_38,s-0.111354568,s1.572599428,s331.222088922
064_39,s-1.056371575,s0.745971053,s260.303059487
064_40,s0.716657227,s1.854481867,s155.436095826
064_41,s-0.166409841,s3.034840804,s34.575073807
064_42,s0.811258895,s1.096154846,s275.273744977
064_43,s3.181703246,s1.989566666,s294.255880945
064_44,s3.955735787,s1.468228551,s253.041527219
064_45,s-1.645160806,s1.053240468,s200.389855011
064_46,s-4.295379654,s2.118261345,s123.212166774
064_47,s-1.290872482,s1.654499723,s77.657279795
064_48,s1.249806570,s2.483491777,s303.903004000
064_49,s1.770236134,s2.336863166,s65.106109864
064_50,s1.326465184,s4.251790438,s3.784549810
064_51,s2.671435232,s0.338523333,s66.230266826
064_52,s2.520854100,s2.222560867,s148.235425505
064_53,s4.451941240,s1.010841966,s184.776735953
064_54,s-3.418851716,s4.259957897,s250.354919129
064_55,s-1.974629083,s2.366277078,s46.636048900
064_56,s-1.515924718,s4.791309907,s299.341937926
064_57,s-0.793021591,s2.096690819,s120.731986713
064_58,s-1.830420813,s3.096991884,s68.069999647
064_59,s-0.559871241,s5.084460662,s208.366372282
064_60,s0.888729292,s3.240949009,s129.150383841
064_61,s3.434007254,s3.810310938,s144.923707264
064_62,s4.605790588,s1.982541943,s188.765509219
064_63,s-2.254069846,s5.020013053,s87.417405896
065_0,s-4.807219485,s-3.867642569,s51.537806285
065_1,s-4.402580560,s-5.250676589,s254.389234308
065_2,s-1.067662829,s-5.192457262,s101.414210846
065_3,s-1.482906447,s-3.649226132,s314.921986965
065_4,s1.093352569,s-4.674941863,s42.823443617
065_5,s2.211751167,s-4.530459538,s265.420387739
065_6,s2.442975090,s-2.296551476,s205.676374265
065_7,s3.441521435,s-3.134835565,s348.011772189
065_8,s2.937350325,s-4.815915385,s26.170289373
065_9,s-3.204963671,s-3.519031029,s308.644142198
065_10,s-2.271946655,s-2.818382548,s285.674003539
065_11,s-2.303704207,s-4.519658433,s211.158700964
065_12,s-1.048466187,s-2.683296274,s149.334820301
065_13,s-0.283631574,s-1.319078321,s265.552256173
065_14,s0.825485920,s-2.747892030,s12.086572218
065_15,s1.722878533,s-1.849874460,s13.455521795
065_16,s2.440478283,s-0.678647873,s5.378454950
065_17,s4.698297267,s-2.900539899,s142.879937007
065_18,s-4.191012817,s-2.128366979,s154.143465425
065_19,s-2.955965528,s-2.038498192,s330.958838418
065_20,s-1.386315406,s-1.542437650,s265.045463901
065_21,s0.172862316,s-1.134723892,s148.122384031
065_22,s0.088967346,s-3.589942407,s286.746068866
065_23,s0.750778164,s-1.805626324,s200.921610938
065_24,s2.318444248,s-0.267156206,s319.510766069
065_25,s1.221287984,s-1.223658561,s327.823992783
065_26,s3.038694251,s-2.740827230,s308.212690130
065_27,s-4.410737733,s-0.110726015,s57.320070071
065_28,s-1.353452505,s-0.472557791,s256.532825276
065_29,s0.004124564,s1.268786426,s37.515793839
065_30,s-0.938962741,s0.599182334,s280.958743272
065_31,s0.959277814,s-0.132655601,s20.582092245
065_32,s-0.699247627,s-0.540484164,s129.506887829
065_33,s3.320804983,s1.090902520,s81.496137507
065_34,s2.619482377,s2.157233411,s75.907377302
065_35,s5.220824689,s-0.855889507,s64.513733812
065_36,s-4.180511554,s0.901445042,s349.649794374
065_37,s-3.916023834,s1.589362936,s333.969751292
065_38,s-3.406295125,s1.144561016,s77.056082390
065_39,s0.691590979,s-0.298736868,s264.767186995
065_40,s0.607372694,s1.751363809,s79.832455406
065_41,s0.902192556,s3.008576037,s9.680821330
065_42,s1.534212549,s0.631381615,s185.386708026
065_43,s5.009769008,s2.928602720,s9.656592828
065_44,s4.285970646,s0.802983434,s135.156602799
065_45,s-2.422502125,s3.061542452,s285.735220769
065_46,s0.381047604,s0.894703350,s197.488692225
065_47,s-2.305328896,s-1.794147328,s22.369727147
065_48,s-2.239813110,s0.577015665,s114.358621256
065_49,s0.214204696,s1.745919995,s206.766398108
065_50,s2.098867551,s2.888330280,s15.660193771
065_51,s0.462779201,s1.855512500,s92.688682524
065_52,s2.387294104,s0.796320851,s12.826725652
065_53,s5.064354786,s1.216169316,s132.772635757
065_54,s-3.907729187,s2.196492262,s28.307240834
065_55,s-1.621052236,s0.964150154,s109.569666594
065_56,s-0.707023415,s2.478298441,s122.529878752
065_57,s-0.323092956,s3.315668785,s334.874610674
065_58,s0.143808995,s2.438713672,s322.442640581
065_59,s0.419995682,s4.344378789,s348.908680311
065_60,s1.745387571,s4.151964956,s64.544908117
065_61,s3.131189926,s2.460576359,s161.460403460
065_62,s3.533650581,s3.872262677,s219.723330974
065_63,s-1.582901493,s2.886159390,s196.487710358
065_64,s-1.963913045,s4.960814230,s38.400368824
066_0,s-3.736332779,s-4.020737528,s335.788896696
066_1,s-0.905550325,s-0.738122747,s278.834995248
066_2,s-1.615465740,s-4.135928441,s101.530601878
066_3,s-0.909862756,s-4.566880097,s359.148175546
066_4,s-0.591539568,s-0.030216267,s185.724394318
066_5,s0.390693032,s-2.125338909,s84.950390182
066_6,s1.439084945,s-4.635664950,s210.843561348
066_7,s2.354245830,s-3.415933933,s24.635858441
066_8,s2.636053132,s-4.454771157,s357.739357032
066_9,s-3.692438784,s-1.927631864,s102.369764597
066_10,s-4.709366257,s-2.279596393,s31.528589733
066_11,s-3.266687168,s-3.310104646,s224.563667886
066_12,s-2.295833160,s-3.152250655,s68.733898956
066_13,s-0.508299611,s-2.083556557,s294.388948697
066_14,s0.694294070,s-3.828105346,s229.080658655
066_15,s-0.492876924,s-1.226673225,s87.526925982
066_16,s3.845133209,s-4.025448077,s276.573376792
066_17,s4.223976752,s-2.116048629,s191.872998094
066_18,s-4.621197672,s-0.691743998,s274.611685542
066_19,s-3.115430833,s-2.142659807,s166.081295876
066_20,s-1.529813893,s-1.550031880,s229.275676731
066_21,s-0.025568173,s2.324356641,s219.347397660
066_22,s-0.400306559,s-0.759951230,s166.529419502
066_23,s3.374370217,s-2.111585679,s3.447978448
066_24,s1.414886802,s1.045613626,s30.868874772
066_25,s2.829118525,s-3.453303129,s298.093195340
066_26,s4.596352551,s0.507599938,s351.254844597
066_27,s-4.355408300,s-1.189085178,s161.320006902
066_28,s-2.238158365,s0.403929867,s250.985875672
066_29,s-1.427543354,s-0.608534612,s164.748853705
066_30,s2.737178724,s-0.178088500,s75.694376276
066_31,s1.755530224,s-1.973380197,s307.650649894
066_32,s1.740348024,s-0.870948326,s33.533740389
066_33,s2.425597919,s0.950025720,s193.898357435
066_34,s4.734494653,s-0.600751745,s209.440105523
066_35,s3.538469649,s-0.662668328,s46.822567299
066_36,s-4.468817886,s3.613232268,s314.738505478
066_37,s-3.629643454,s-0.169867507,s268.862384528
066_38,s-1.390533323,s3.353356401,s349.818270925
066_39,s-1.933060311,s1.487392110,s146.831342314
066_40,s1.325427731,s-0.965043858,s295.453777314
066_41,s-0.509221076,s-0.013175963,s215.116223088
066_42,s0.868977405,s2.073541339,s71.157853580
066_43,s1.031666202,s0.952079184,s243.278226047
066_44,s3.187222960,s-0.292227865,s69.099656598
066_45,s-3.305672034,s1.359102946,s212.967428791
066_46,s-4.654855228,s0.334214118,s289.210073940
066_47,s-2.387193610,s-1.179729492,s83.852302450
066_48,s-0.936910789,s2.679856790,s214.778740189
066_49,s-1.211418113,s0.530299505,s104.262594523
066_50,s0.800459348,s2.611192352,s89.045597843
066_51,s2.555781182,s2.155426184,s333.750647606
066_52,s3.454823016,s0.782293050,s114.957726084
066_53,s4.616567736,s2.394705214,s165.089324315
066_54,s-4.582409092,s4.510578808,s213.721831391
066_55,s-3.184534196,s4.144863976,s24.958664276
066_56,s-0.050318062,s3.261070620,s49.978744431
066_57,s-0.934303059,s3.807714044,s39.380732268
066_58,s-0.210378618,s4.982626473,s283.801538728
066_59,s1.051012677,s4.467176486,s3.119693335
066_60,s1.428518131,s4.654633648,s69.265931672
066_61,s1.515961308,s3.550371576,s299.470180354
066_62,s2.408454396,s2.912054810,s113.083508596
066_63,s-3.719240895,s4.296915100,s3.928767125
066_64,s-1.723321199,s3.949018406,s206.386479510
066_65,s-1.308551778,s4.651933035,s38.403832986
067_0,s-3.640545206,s-2.687101906,s349.815299891
067_1,s-2.413692728,s-3.393320034,s327.912622499
067_2,s-2.783240630,s-4.836572052,s214.764733992
067_3,s1.124737432,s-4.812195331,s275.327009122
067_4,s2.078644858,s-3.818895256,s303.446636813
067_5,s-0.380934421,s-1.668933005,s35.879982215
067_6,s0.862734447,s-2.581385608,s225.386043694
067_7,s2.917655877,s-3.564884399,s173.000364861
067_8,s3.829554657,s-4.360278090,s17.211114788
067_9,s-4.199030274,s0.021138547,s121.462312132
067_10,s-4.705284730,s-2.107906263,s338.592422167
067_11,s-1.569622327,s0.127178097,s241.435594721
067_12,s-0.717998754,s-0.473426520,s247.041872609
067_13,s-2.041886942,s-3.142276670,s193.259547758
067_14,s0.000304342,s-3.601136704,s123.036361692
067_15,s2.842019668,s-1.466350308,s149.483012863
067_16,s4.130076608,s-3.167320394,s349.529470638
067_17,s4.559795334,s-3.387195775,s291.809419254
067_18,s-4.517306404,s-0.204554984,s78.972630709
067_19,s-2.239303686,s-2.745153954,s264.872450333
067_20,s-1.419311528,s-1.433653893,s290.162102193
067_21,s-2.015306177,s-4.598978824,s206.134282368
067_22,s1.429535693,s-1.021122180,s102.510273504
067_23,s0.793418257,s0.976510366,s202.902477929
067_24,s1.577666273,s-1.669922679,s173.656619437
067_25,s2.385073246,s0.290620771,s87.280547576
067_26,s4.643510615,s-0.938090445,s218.715489076
067_27,s-2.843530564,s0.895422505,s31.339798390
067_28,s-4.328646228,s-1.650545325,s281.963008331
067_29,s-2.308769998,s-0.639713343,s93.372692698
067_30,s-0.717463830,s0.401422623,s315.484209954
067_31,s-1.303202362,s-3.155950380,s352.792295762
067_32,s-0.019535178,s-0.894098023,s359.553676257
067_33,s1.081472224,s-0.491631658,s149.099328248
067_34,s2.734030778,s1.318013182,s86.436273677
067_35,s3.571061021,s1.670390202,s227.281087497
067_36,s-4.752854644,s0.851258724,s279.729368317
067_37,s-1.125726049,s2.768303323,s35.357688463
067_38,s-1.841639615,s1.132631338,s101.923023203
067_39,s-0.259406528,s0.071716126,s98.356208699
067_40,s1.394466055,s3.349349911,s70.673938887
067_41,s1.367186017,s1.118740100,s139.026760034
067_42,s3.457296441,s-0.429253648,s198.342986559
067_43,s2.444745152,s2.904386564,s152.160802937
067_44,s4.588278377,s-0.024709908,s197.822416799
067_45,s-4.547697318,s2.741394899,s228.501744105
067_46,s-2.023162020,s0.595970032,s351.598502958
067_47,s-2.509263421,s3.823841575,s123.173368342
067_48,s-0.422831859,s1.909685549,s161.003601040
067_49,s0.853619864,s4.731814020,s17.740210925
067_50,s1.439328956,s2.495396142,s113.138849512
067_51,s-1.128059756,s2.581597713,s313.956461068
067_52,s3.540283825,s2.607599544,s266.104040384
067_53,s3.963184966,s3.303268086,s357.735440876
067_54,s-3.310298055,s1.756568768,s3.490402653
067_55,s-1.900237714,s2.675607617,s228.362844565
067_56,s-3.738473576,s4.625435002,s4.052490547
067_57,s0.186389588,s2.718390759,s28.974559558
067_58,s-0.899410340,s4.007639454,s206.248312155
067_59,s0.161128804,s0.469051759,s81.561994438
067_60,s2.943883161,s4.047547257,s9.074343922
067_61,s-0.280229108,s3.864598285,s235.462295355
067_62,s2.632528897,s1.927592477,s126.703731103
067_63,s-2.022702107,s4.454690444,s109.191206577
067_64,s-4.214205485,s3.726258009,s256.200936702
067_65,s-1.041439039,s4.602565843,s77.558991855
067_66,s0.067103971,s4.563328858,s210.761894284
068_0,s-5.184624069,s-5.033532720,s191.482710700
068_1,s-3.538771936,s-3.821895490,s223.571140694
068_2,s-1.130134679,s-4.555318252,s180.161565132
068_3,s-2.379238003,s-3.205757905,s164.398382433
068_4,s1.340830967,s-1.915318293,s133.792948748
068_5,s0.652471535,s-5.120117950,s270.209682574
068_6,s3.834304983,s-2.084609355,s204.592625705
068_7,s4.894104727,s-4.761708097,s301.492416702
068_8,s2.986112151,s-3.211696103,s153.252859754
068_9,s-3.996146458,s-2.951938450,s147.239843963
068_10,s-2.849261556,s-2.017348527,s343.503714940
068_11,s-2.966848432,s-3.229135710,s98.093173438
068_12,s1.155336041,s-3.970887322,s240.540732637
068_13,s-1.802454980,s-1.478813906,s283.683241570
068_14,s2.128363561,s-4.002388070,s211.269317998
068_15,s2.396890966,s-1.663915244,s353.831221133
068_16,s1.515653897,s-4.975627154,s159.852915588
068_17,s4.533015407,s-1.145718751,s77.221865194
068_18,s-5.147498685,s-0.301103111,s245.422824781
068_19,s-5.293096728,s-1.836391795,s199.132718367
068_20,s-2.176496650,s-1.357676053,s123.558429627
068_21,s-2.083088297,s-2.908170072,s199.621350014
068_22,s-0.655316985,s-0.937531978,s197.646627886
068_23,s1.721184458,s-2.890984137,s280.713261047
068_24,s0.537621407,s-1.634552162,s356.366941380
068_25,s3.638998188,s-3.095307732,s174.630293421
068_26,s4.043008156,s0.134253011,s79.546241233
068_27,s-3.056095899,s-1.281320099,s252.092958325
068_28,s-1.980721891,s0.379404163,s276.160628171
068_29,s-1.634627883,s-0.931132786,s16.637359597
068_30,s-0.547169866,s2.185785291,s80.747233047
068_31,s0.593150814,s0.148068445,s208.353104770
068_32,s2.518503474,s-0.763094444,s138.117166560
068_33,s1.306629614,s-1.126832932,s49.028469324
068_34,s2.683918650,s0.731528050,s54.794378657
068_35,s5.120743784,s-1.370384101,s156.450018951
068_36,s-3.529858331,s-0.142343634,s261.697488647
068_37,s-1.918756556,s1.475592730,s173.382477797
068_38,s-3.802075876,s1.367806940,s16.858283229
068_39,s-1.161136222,s0.802994594,s174.513032979
068_40,s0.258843218,s0.810024625,s309.853227598
068_41,s-0.012731660,s2.073655904,s53.482994281
068_42,s1.916376545,s0.013152249,s268.306672870
068_43,s2.356691779,s3.091515706,s57.650682010
068_44,s4.010025700,s1.111079443,s224.697285915
068_45,s-4.898798815,s1.963731380,s51.367911050
068_46,s-3.176173216,s3.311687877,s269.560544034
068_47,s-3.706371234,s0.233898491,s174.068131305
068_48,s-2.631388639,s2.328685705,s28.579801748
068_49,s-0.283873260,s1.821491405,s151.752010505
068_50,s1.221052730,s0.398178581,s96.124566455
068_51,s2.162523039,s1.017656523,s238.650305411
068_52,s3.291216238,s2.811154446,s109.128862268
068_53,s4.981962842,s0.535198324,s8.726556173
068_54,s-5.250266685,s3.507160155,s268.129101251
068_55,s-4.370751591,s3.385003403,s262.596828686
068_56,s-1.267454500,s2.924058122,s207.354324339
068_57,s-2.435587053,s4.285763373,s32.495391216
068_58,s1.927896222,s4.665245461,s171.422974746
068_59,s-1.439765807,s2.110971316,s287.084862016
068_60,s1.968987905,s2.242427243,s104.993356938
068_61,s4.291827432,s4.285472804,s206.172149773
068_62,s5.367033559,s3.136972884,s137.181783988
068_63,s-0.959442711,s5.216344420,s41.282108336
068_64,s-3.470275055,s4.178963050,s71.897723058
068_65,s-0.246620347,s4.680040000,s78.541366057
068_66,s-0.569479686,s3.514406600,s290.160763175
068_67,s-0.705292596,s4.384992943,s294.239201406
069_0,s-4.103389569,s-5.189171052,s93.807075911
069_1,s-2.545052210,s-4.594493587,s154.201959721
069_2,s-1.430284680,s-4.501895063,s108.743053223
069_3,s-0.737731354,s-4.971936402,s45.032284314
069_4,s0.132823644,s-3.897325631,s59.889295101
069_5,s0.737124576,s-4.525642479,s207.510275005
069_6,s1.933625316,s-4.829499929,s50.128897683
069_7,s1.627122820,s-3.044732621,s293.706282148
069_8,s5.040034094,s-4.130758078,s104.441534417
069_9,s-1.410634569,s-0.653968745,s104.101442747
069_10,s-4.185081433,s-3.661790043,s147.525366656
069_11,s-0.793727905,s-0.671495062,s31.780349249
069_12,s-3.017170395,s-3.672720475,s198.276429758
069_13,s1.232155790,s-1.482130301,s101.317347257
069_14,s1.401912254,s0.510713484,s73.418137438
069_15,s1.640646582,s-2.481063868,s346.040167354
069_16,s2.397234414,s-2.739314392,s200.583250667
069_17,s4.932810662,s-2.313661171,s290.347681067
069_18,s-4.632253326,s-1.676973799,s250.655822168
069_19,s-4.101318549,s-1.007603288,s247.873887783
069_20,s-3.648336145,s-2.314621810,s188.862580790
069_21,s-2.011825696,s-1.236271920,s2.590569637
069_22,s-1.085276529,s-3.454427709,s199.352336432
069_23,s-1.084388014,s-2.193287040,s329.473294447
069_24,s0.769229681,s-2.624539435,s20.560285134
069_25,s3.831042852,s-1.859922089,s218.860120940
069_26,s4.301227335,s-3.461333199,s113.704140255
069_27,s-5.336328172,s-0.044281580,s188.036872864
069_28,s-0.589102757,s-0.237421233,s276.630863880
069_29,s-3.605497903,s-0.229531948,s98.245488591
069_30,s-0.694110239,s0.138052373,s58.665667181
069_31,s2.305176855,s-1.886201962,s82.382456528
069_32,s2.878622378,s2.676692614,s293.050613337
069_33,s2.686988807,s-1.389702706,s7.048021775
069_34,s3.563521468,s-0.295064933,s113.260055697
069_35,s3.809656878,s-1.089672518,s147.553539348
069_36,s-4.452558965,s0.313713141,s308.062596991
069_37,s-4.310804716,s1.230302973,s95.154531497
069_38,s-0.426526066,s1.056062706,s131.888909023
069_39,s-1.628785978,s0.932106820,s94.582126873
069_40,s0.041910772,s-0.992578279,s209.044121236
069_41,s1.284816927,s1.256547243,s29.535446629
069_42,s0.160607788,s-1.842862421,s222.761994813
069_43,s2.476267299,s0.945160205,s107.344518558
069_44,s4.655696947,s0.442622594,s38.718212960
069_45,s-5.113606208,s1.773553782,s24.788424423
069_46,s-3.879136917,s1.130060093,s244.532539281
069_47,s-2.395175596,s0.305461062,s221.123729531
069_48,s-2.349118286,s2.567573017,s284.746732194
069_49,s-0.251846757,s0.251474388,s195.041918628
069_50,s-0.987645801,s1.731269420,s170.130867139
069_51,s1.239034277,s1.448896975,s253.778724632
069_52,s3.416456220,s0.928372558,s129.586904091
069_53,s4.722355387,s1.711457128,s296.285123212
069_54,s-4.770975802,s2.953274740,s193.775896876
069_55,s-1.866372453,s3.744357178,s48.990942788
069_56,s-1.835116724,s1.692236688,s293.960109782
069_57,s-1.494640028,s4.086601032,s349.638253749
069_58,s-1.129760909,s3.689025072,s315.244459432
069_59,s0.943353731,s3.681297423,s89.634219035
069_60,s2.873335198,s3.430202240,s236.684533967
069_61,s4.180128552,s1.820465711,s250.289230815
069_62,s4.273465861,s5.065717620,s113.769031050
069_63,s-3.822108784,s4.528231173,s330.654830724
069_64,s-3.827171901,s3.487292885,s171.968467165
069_65,s-2.235882967,s5.076621132,s164.758675816
069_66,s-1.220948327,s4.957565271,s223.876939135
069_67,s1.233162761,s4.430123257,s169.887930927
069_68,s2.358174675,s5.296650969,s136.313836548
070_0,s-5.247412422,s-1.917922103,s100.840246849
070_1,s-2.013672302,s-5.139293816,s241.760243516
070_2,s0.333581344,s-3.200472413,s95.096829407
070_3,s-2.786921503,s-5.284014884,s89.100851111
070_4,s-0.808868062,s-4.701989954,s280.507865557
070_5,s0.895331226,s-2.944386826,s73.234712023
070_6,s2.315869189,s-5.293825790,s237.122473698
070_7,s3.901220910,s-3.431215158,s310.570970547
070_8,s5.309386072,s-4.936660829,s294.582772376
070_9,s-3.148636856,s-2.559820237,s22.779488719
070_10,s-0.982885835,s-2.002253221,s201.851041044
070_11,s-3.125070533,s-3.802037135,s176.316823596
070_12,s-0.639391406,s-2.470594435,s37.892249562
070_13,s0.382136063,s-2.059404722,s138.717385794
070_14,s2.019022118,s-3.357948816,s149.165190402
070_15,s1.857368042,s-4.494801927,s54.530509941
070_16,s2.509804388,s-1.361012140,s348.984800635
070_17,s4.556508338,s-5.132683047,s318.219496084
070_18,s-5.286885809,s-0.358728113,s110.366347134
070_19,s-4.327880420,s-2.360784942,s20.381933493
070_20,s-3.320619189,s-0.453619241,s279.350509182
070_21,s-2.035523904,s-1.050636656,s173.431180543
070_22,s0.871153009,s-1.254630977,s215.281585361
070_23,s3.206502182,s-3.023917780,s227.262313105
070_24,s1.242717756,s-1.788015171,s254.595423937
070_25,s3.100079087,s-0.248943253,s1.173201667
070_26,s4.837521333,s-2.770548830,s240.555980035
070_27,s-2.655559228,s-2.558930513,s215.687257360
070_28,s-1.320069553,s0.581408834,s273.791381586
070_29,s-0.086405934,s1.017125472,s214.930544897
070_30,s-0.534640000,s-0.222197572,s152.870672518
070_31,s0.527432956,s0.168448026,s298.439370620
070_32,s3.376977846,s0.776951031,s81.476991882
070_33,s2.143710909,s-0.906986377,s107.102073981
070_34,s4.136618056,s-0.351612287,s168.936819723
070_35,s5.320752709,s-0.936117772,s67.038178293
070_36,s-4.287570791,s0.068203505,s51.921701683
070_37,s-2.997832097,s0.600326650,s10.198956733
070_38,s-1.439039984,s-0.578719265,s72.137548697
070_39,s-0.771743882,s1.805105061,s275.192596449
070_40,s0.141658153,s3.099211632,s131.218664819
070_41,s1.462260057,s0.410392623,s180.841020280
070_42,s1.430745847,s-0.754351309,s33.990941494
070_43,s1.338664508,s1.335742719,s14.841768271
070_44,s5.210307373,s0.648351129,s110.909393332
070_45,s-4.911198650,s2.991138894,s74.733963531
070_46,s-3.132472910,s3.041250803,s209.227556068
070_47,s-2.341289475,s0.554706172,s311.484911822
070_48,s-1.705448030,s1.201458621,s286.046394735
070_49,s0.562627660,s1.462576062,s6.883576539
070_50,s0.950066928,s2.745202275,s333.836561669
070_51,s2.232772423,s2.605619866,s343.695291136
070_52,s1.764883233,s0.852316708,s321.830505586
070_53,s4.558285748,s2.468523025,s331.608842937
070_54,s-4.887431290,s4.371181736,s28.432868329
070_55,s-2.617466082,s5.175991178,s54.446544202
070_56,s-2.627846677,s2.360569588,s331.639730142
070_57,s-0.045596203,s4.475888747,s243.438807122
070_58,s-0.223790723,s4.199424865,s149.120911352
070_59,s1.816694688,s3.877555025,s307.808700406
070_60,s2.445141443,s2.813821292,s322.255394906
070_61,s2.834552443,s3.597875207,s220.287427758
070_62,s4.216160495,s4.062879770,s219.295465624
070_63,s-4.324911699,s5.011847658,s290.433111616
070_64,s-0.005172518,s3.334062806,s55.466979215
070_65,s-0.933367261,s1.956670985,s323.611898694
070_66,s-1.830077429,s4.889720429,s98.205080920
070_67,s-1.630696660,s5.250918975,s129.659448399
070_68,s0.838244220,s4.741210597,s269.836823071
070_69,s2.886288101,s5.398994622,s289.896929487
071_0,s-3.734122377,s-4.550067472,s317.747145056
071_1,s-4.978217247,s-3.150603915,s102.022091175
071_2,s-2.205984705,s-4.876564450,s319.787379449
071_3,s-1.334259194,s-3.151777401,s201.268681416
071_4,s-0.376553415,s-4.344912791,s339.781443802
071_5,s1.561353265,s-5.185363159,s340.954037397
071_6,s2.773981242,s-1.869817834,s326.888030771
071_7,s4.093391059,s-4.947972850,s114.287587067
071_8,s3.614888537,s-3.669266425,s325.525318205
071_9,s-4.433565271,s-4.047894050,s232.795248036
071_10,s-2.165328513,s-3.546867468,s6.185302745
071_11,s0.064973977,s-3.507862859,s299.992876589
071_12,s-0.182635394,s-2.431238978,s87.582595352
071_13,s1.408505877,s-4.516622710,s323.645876039
071_14,s2.172656060,s-2.663629566,s125.233717739
071_15,s2.062075781,s-0.954635807,s64.789624289
071_16,s3.581280320,s-2.850997802,s38.068323737
071_17,s4.802487361,s-3.825647334,s329.251412612
071_18,s-3.360727028,s-3.237055394,s29.375063710
071_19,s-2.581925017,s0.528274185,s64.001895415
071_20,s-3.993702418,s-0.660182486,s33.713424475
071_21,s-2.090368622,s-3.594504082,s92.735913458
071_22,s-0.107112806,s-0.093108336,s308.696853557
071_23,s-0.652579694,s-1.101974954,s226.318015281
071_24,s1.094927341,s0.187812280,s181.515390825
071_25,s1.041939785,s-1.417748107,s62.328819529
071_26,s3.256554750,s-1.802824426,s242.220961872
071_27,s-4.297101969,s-2.105268936,s82.787285546
071_28,s-2.627992373,s-1.320540546,s107.337690926
071_29,s-1.950027197,s-0.871224490,s22.790177576
071_30,s-1.458284502,s-1.869241249,s59.204792029
071_31,s1.125888769,s-3.040866147,s172.394725600
071_32,s-0.011567180,s0.645308049,s206.186600588
071_33,s4.609484739,s-0.596775150,s71.697454106
071_34,s2.554725940,s0.606514746,s213.095323648
071_35,s4.949807958,s-2.040695470,s330.841099266
071_36,s-4.429616599,s0.729808202,s149.641303874
071_37,s-4.817240673,s-0.020951067,s328.346411482
071_38,s-3.626106635,s0.047277493,s81.764257082
071_39,s-2.235272073,s0.774669017,s211.708737232
071_40,s0.102405740,s-2.110834503,s224.370792637
071_41,s1.289205514,s3.525646551,s105.210055276
071_42,s2.304886146,s-0.686976459,s95.689496703
071_43,s2.459641558,s1.771740635,s33.832353005
071_44,s4.351724819,s3.292124907,s350.026308759
071_45,s-4.914995572,s2.276780999,s326.178931958
071_46,s-3.234801284,s2.174441561,s114.924621161
071_47,s-0.475190991,s2.333467615,s157.739317805
071_48,s-1.175971727,s1.215314625,s339.035516160
071_49,s-1.472037190,s0.110928972,s87.669920572
071_50,s1.918373211,s1.011294873,s218.533230522
071_51,s2.860500211,s3.728337775,s279.375051693
071_52,s4.964401857,s-0.227456805,s264.464488593
071_53,s5.084698987,s0.541178624,s313.826923567
071_54,s-4.978217247,s4.406368713,s142.518458753
071_55,s-3.285286632,s3.019888684,s151.116214434
071_56,s-2.305846713,s2.640811527,s74.524667592
071_57,s1.348853314,s1.291101780,s282.645979344
071_58,s-0.407864813,s3.458527186,s175.008286327
071_59,s2.732067799,s4.333334594,s66.699295355
071_60,s-0.579152090,s-0.020511564,s310.332889053
071_61,s1.570720682,s2.362403389,s169.705281876
071_62,s4.786930698,s4.138912511,s320.750580343
071_63,s-3.696274007,s4.643015472,s155.932873203
071_64,s-2.949906351,s3.619055271,s138.201190643
071_65,s-1.551736241,s4.350381396,s217.369885458
071_66,s-0.370175053,s4.036130171,s100.242731971
071_67,s0.473848017,s3.647521896,s129.623754830
071_68,s-0.587230549,s4.740205111,s222.010277684
071_69,s2.958724102,s2.972627494,s76.284232443
071_70,s3.249177187,s4.612134878,s10.440779213
072_0,s-4.722280895,s-4.821385894,s124.312903063
072_1,s-2.761309789,s-4.096531727,s344.053671505
072_2,s-1.780699827,s-3.071038471,s236.610388175
072_3,s-1.041399590,s-3.683794287,s320.967150482
072_4,s0.293911935,s-4.622224676,s88.419242364
072_5,s2.407527110,s-4.719764434,s68.451524848
072_6,s1.341289883,s-3.582085473,s9.261350965
072_7,s3.114806655,s-3.559185381,s322.815222198
072_8,s4.716857761,s-4.744751121,s96.975842423
072_9,s-4.793326415,s-2.465098072,s227.329887277
072_10,s-2.182221461,s-2.128665356,s349.875909877
072_11,s-0.589219953,s-2.521139856,s242.311414809
072_12,s0.835766955,s-4.020427861,s28.114332817
072_13,s1.095079535,s-0.755376790,s8.966884422
072_14,s0.373847809,s-1.739534773,s262.951749354
072_15,s4.600012938,s-1.820109034,s154.133874009
072_16,s3.691991129,s-1.001642193,s68.451810966
072_17,s4.059045999,s-3.030599430,s102.405580806
072_18,s-4.367400998,s-1.866790506,s267.655199400
072_19,s-2.675758474,s-1.942621885,s346.062204295
072_20,s-0.920384881,s-0.699737239,s48.432396366
072_21,s0.084756185,s-2.234435070,s163.168347731
072_22,s-0.724276662,s1.133220287,s118.157186302
072_23,s0.672651123,s0.393240249,s50.596030676
072_24,s0.884186976,s-2.219199291,s47.095638237
072_25,s3.044461018,s-2.275267473,s92.455275777
072_26,s4.302092535,s0.076664956,s302.472379222
072_27,s-4.583576745,s-0.348734914,s119.494527784
072_28,s-1.603901465,s-1.268494520,s169.165631957
072_29,s-1.514238137,s0.253127218,s323.074142602
072_30,s-1.664139335,s1.997966015,s98.996900422
072_31,s-0.305081083,s-0.754447099,s105.050151597
072_32,s-0.114313355,s-1.066236802,s343.151512795
072_33,s3.387708006,s0.335467652,s172.720990535
072_34,s1.764838506,s-2.753639950,s214.781878832
072_35,s4.170616907,s1.783774174,s236.340284140
072_36,s-4.671677766,s-0.028934552,s350.370183942
072_37,s-3.512810839,s0.869086473,s134.912940369
072_38,s0.201376321,s2.105879227,s230.556306328
072_39,s-0.897603093,s2.677034256,s197.700319011
072_40,s0.723274049,s2.239917949,s96.648259856
072_41,s0.245815293,s0.859323159,s15.051614927
072_42,s1.581426399,s-1.953309297,s291.930262103
072_43,s0.755419359,s1.050840537,s135.842575317
072_44,s1.856626617,s-0.119382048,s303.782929793
072_45,s-4.843818867,s3.119409372,s120.358174938
072_46,s-4.340895324,s0.682814401,s280.769901285
072_47,s-3.685680041,s-0.122664798,s180.043331496
072_48,s-0.057864691,s-0.189850652,s359.095748693
072_49,s1.395875410,s3.563033231,s243.720529551
072_50,s2.014997255,s2.094353044,s68.074276344
072_51,s3.239865625,s3.347202476,s221.995311071
072_52,s3.409133578,s2.231166415,s242.672200226
072_53,s4.734364952,s0.991293543,s271.402952024
072_54,s-3.714348804,s2.494081341,s264.437302527
072_55,s-3.783301271,s4.081183339,s9.809499263
072_56,s-1.658323919,s4.458229398,s223.731520648
072_57,s-1.569284044,s3.565928708,s43.531340759
072_58,s-2.844235261,s2.319946247,s38.371674863
072_59,s0.099099458,s2.676103610,s311.145823175
072_60,s2.523629416,s3.081711334,s226.199479634
072_61,s2.329581055,s0.808537895,s334.707701600
072_62,s4.292774905,s2.919647982,s321.283894620
072_63,s-4.714308575,s4.361061000,s66.457253788
072_64,s-2.201051003,s0.905673250,s88.733894421
072_65,s-0.468148400,s3.648353853,s216.786562471
072_66,s0.662875538,s4.112715292,s353.755594285
072_67,s-0.765813188,s4.535572396,s113.720027077
072_68,s0.788176053,s3.248064170,s115.361093257
072_69,s1.224302829,s4.941568158,s250.927672326
072_70,s2.267077172,s4.009131759,s329.626396417
072_71,s3.590156177,s3.868402576,s129.603207870
073_0,s-4.793802254,s-4.123403155,s312.488424778
073_1,s-2.009786038,s-5.028616572,s333.944606137
073_2,s-2.368930239,s-4.307834879,s310.249805369
073_3,s-0.918208262,s-4.982172804,s61.521399329
073_4,s-1.988706414,s-4.120635165,s10.959409067
073_5,s0.506308363,s-4.939939165,s82.143093207
073_6,s1.770180221,s-3.175287150,s2.234400670
073_7,s4.061372604,s-4.820705755,s308.192622115
073_8,s4.137292494,s-2.685934945,s77.276282740
073_9,s-3.215049667,s-3.363996263,s98.082436072
073_10,s-2.547059237,s-3.280292550,s159.489446657
073_11,s-1.965415892,s-2.065681333,s51.438668230
073_12,s-1.008637348,s-4.413805537,s92.333125042
073_13,s0.561161725,s-2.523919388,s314.269291368
073_14,s0.210208312,s-1.239015546,s235.319163087
073_15,s2.150106946,s-5.040249720,s180.308255950
073_16,s2.445777629,s-3.656745054,s161.858921131
073_17,s4.702373315,s-3.678921473,s273.302337555
073_18,s-4.952144753,s-2.473558006,s194.741966008
073_19,s-2.454447766,s-0.831619905,s333.154468146
073_20,s-1.159470190,s-0.104074258,s96.048772607
073_21,s-0.550300731,s-3.018617192,s339.668872880
073_22,s0.831373075,s0.664779415,s105.502273912
073_23,s-0.842807948,s-1.478070535,s197.129131757
073_24,s0.752420122,s-2.022923303,s64.257335468
073_25,s0.992829941,s-2.622933219,s172.338884346
073_26,s3.884551541,s-2.034587045,s158.429581406
073_27,s-3.953906240,s-1.154596109,s332.366114763
073_28,s-3.000037823,s-0.054432724,s253.270995825
073_29,s-4.630711988,s-2.885618363,s287.509145311
073_30,s-1.435200308,s2.125577106,s146.683273710
073_31,s-0.638653548,s-1.170355570,s335.684212808
073_32,s1.958151119,s-0.744280181,s301.337325757
073_33,s4.336663645,s-0.641461677,s77.147993024
073_34,s1.734177874,s0.380915739,s2.005906394
073_35,s4.911481961,s-1.340123968,s29.116374984
073_36,s-4.317724916,s0.049440822,s319.524313623
073_37,s-4.833401189,s1.674766807,s107.350067041
073_38,s-1.438398246,s-0.227830858,s346.583411905
073_39,s-0.353755737,s0.906026854,s173.690547727
073_40,s1.097825096,s1.829405960,s58.333411309
073_41,s0.580281526,s-1.344579394,s229.515420003
073_42,s0.300930969,s0.808184793,s91.092852332
073_43,s1.551149982,s1.404637618,s142.410214826
073_44,s2.237397819,s1.980655714,s169.515713734
073_45,s-3.004236415,s1.609732504,s39.212654327
073_46,s-1.640048048,s1.012480017,s56.481008461
073_47,s-2.040766997,s2.968579287,s143.903366146
073_48,s-3.731959217,s-3.008562863,s327.037994420
073_49,s1.156518461,s2.966342933,s174.505819773
073_50,s1.156571851,s-0.417113457,s79.599787778
073_51,s2.063463924,s3.396071784,s169.273005785
073_52,s3.590158207,s-0.417392493,s169.660317173
073_53,s4.888537414,s2.191754422,s352.459401160
073_54,s-3.260405903,s2.539912708,s215.721136665
073_55,s-3.268805990,s5.073691084,s124.189374780
073_56,s-1.258386322,s3.933510178,s181.555856749
073_57,s0.415975552,s3.429656634,s285.495246541
073_58,s-1.121527782,s2.496049938,s134.127209985
073_59,s-0.442867732,s1.553497632,s203.360705266
073_60,s1.341090727,s4.067646953,s193.812380608
073_61,s3.090963846,s2.826409672,s281.039300695
073_62,s4.840956105,s3.650674324,s289.081076391
073_63,s-4.574266370,s2.203949183,s257.368018785
073_64,s-2.027562237,s1.185151849,s122.546431462
073_65,s-0.631453175,s5.005858606,s219.888269071
073_66,s-0.353625278,s4.997268038,s179.187068745
073_67,s0.287615197,s2.531087667,s353.247763835
073_68,s0.500346200,s5.105114163,s336.766517965
073_69,s2.882788695,s5.154862209,s86.460494251
073_70,s3.809677841,s5.074055347,s274.238683365
073_71,s3.339545341,s3.218023063,s179.988332994
073_72,s-4.068056540,s4.558605212,s265.700254829
074_0,s-4.199425380,s-5.167103822,s321.152895403
074_1,s-3.104716033,s-4.895530118,s124.628016858
074_2,s-2.474295415,s-3.308880339,s145.515151205
074_3,s-0.292227381,s-4.075169218,s127.058664125
074_4,s-0.661507293,s-2.725341117,s128.930520381
074_5,s-0.018035953,s-5.453925528,s254.953970432
074_6,s1.748431475,s-5.237193893,s21.010413582
074_7,s1.647513651,s-3.709480856,s176.791606035
074_8,s4.058097061,s-4.220064164,s194.301622421
074_9,s-5.304036584,s-2.387958729,s262.086489754
074_10,s-4.003554670,s-2.990983394,s46.755489885
074_11,s-1.808107072,s-5.335928706,s57.906033312
074_12,s-3.482468042,s-1.479497857,s334.318438380
074_13,s0.890783738,s-3.505267838,s353.427631094
074_14,s1.245262509,s-5.545866655,s122.263076985
074_15,s2.366081938,s-3.334537045,s358.612450936
074_16,s3.400829701,s-3.452316349,s353.083502330
074_17,s4.928886688,s-2.122861041,s334.818586198
074_18,s-5.544237076,s-0.762495714,s200.408168423
074_19,s-4.106835455,s-2.343084081,s296.380974070
074_20,s-1.956577149,s-0.984268339,s96.286191434
074_21,s-0.842562633,s-2.140510556,s188.975290053
074_22,s0.214867667,s-2.271547923,s219.153652243
074_23,s1.039168876,s0.289624914,s206.470173026
074_24,s1.847512295,s-2.134562124,s288.346142167
074_25,s2.665586923,s-0.777952894,s73.697023582
074_26,s3.025141793,s-2.853373256,s66.687828309
074_27,s-5.128007406,s-0.915996836,s273.381048758
074_28,s-3.568587512,s0.041733335,s328.585327302
074_29,s-1.237530319,s-2.168526018,s120.839571899
074_30,s-0.793632509,s-0.752394078,s356.751771833
074_31,s-0.085925795,s-1.487785087,s4.780490916
074_32,s1.056165765,s-2.495982903,s213.909517340
074_33,s3.392704667,s-0.185974035,s118.836833444
074_34,s3.977874733,s-0.898295350,s311.899686323
074_35,s5.418678374,s-1.518434635,s82.575223183
074_36,s-3.999448865,s-0.296073400,s236.971855059
074_37,s-2.230272584,s0.529049244,s55.780572736
074_38,s-1.326580793,s1.648573958,s235.607108646
074_39,s-1.445288537,s-0.027597947,s86.612462922
074_40,s-0.323411408,s-0.187393445,s273.739873543
074_41,s1.443358155,s0.977430484,s25.270924554
074_42,s0.828127941,s1.490913405,s257.438128074
074_43,s2.040281964,s0.661939003,s16.831377530
074_44,s2.942592791,s-1.663982944,s94.506515818
074_45,s-4.662090918,s2.467310864,s106.029450874
074_46,s-3.358038277,s1.739753625,s206.850998806
074_47,s-0.604640478,s1.476783351,s333.402224618
074_48,s-0.032178704,s0.869916091,s355.098280559
074_49,s0.464962747,s1.094901418,s266.661404846
074_50,s2.018866755,s1.741316059,s74.446600481
074_51,s3.511177440,s0.249954725,s345.253693274
074_52,s2.299144647,s2.309019491,s130.253315567
074_53,s5.557625905,s-0.425220152,s154.024117294
074_54,s-5.335940812,s4.393631170,s335.764014912
074_55,s-3.601914673,s2.453296977,s218.082070404
074_56,s-1.994595824,s3.533783234,s109.766693030
074_57,s-0.849504921,s4.032353646,s275.938896220
074_58,s-0.682272413,s3.089518184,s268.875916033
074_59,s-0.213025777,s4.462766039,s281.876738261
074_60,s1.033876416,s2.801399841,s176.281253792
074_61,s3.494517799,s1.712311393,s244.093328201
074_62,s4.726177623,s1.407820505,s116.449294852
074_63,s-3.514210125,s5.699880671,s142.080821498
074_64,s-3.181443783,s3.826125935,s337.972770281
074_65,s-3.003711926,s1.671756444,s180.685018551
074_66,s-2.288676497,s4.484688851,s102.519599614
074_67,s0.219314593,s5.076863423,s303.420462968
074_68,s1.773651186,s5.082460516,s45.352643415
074_69,s1.782882656,s3.831379680,s28.945139173
074_70,s4.111818651,s4.657142131,s331.158247588
074_71,s3.984629793,s2.861346177,s338.197954099
074_72,s-3.890039672,s5.413604011,s209.717106038
074_73,s-1.882694610,s5.404265939,s315.300728969
075_0,s-4.621308926,s-4.023082411,s129.266305710
075_1,s-3.714335117,s-5.518601913,s55.029723414
075_2,s-0.908313590,s-2.386907064,s176.357251769
075_3,s-2.017750128,s-4.961674233,s258.963689445
075_4,s0.322124822,s-3.416371207,s54.334184997
075_5,s-0.337159404,s-5.275743668,s340.364886557
075_6,s1.829786276,s-3.234519732,s248.079313119
075_7,s2.779069017,s-5.428198265,s211.641337210
075_8,s3.671856169,s-5.435171394,s253.270106888
075_9,s4.932449894,s-3.410437846,s355.325435445
075_10,s-4.134925906,s-0.734068239,s356.622760079
075_11,s-3.460091118,s-4.476560414,s266.349760349
075_12,s-3.300699810,s-1.721749167,s285.772816827
075_13,s-1.916147099,s-1.912310852,s154.675755867
075_14,s0.064380934,s-2.499979074,s27.427066924
075_15,s0.888074016,s-1.645170744,s318.703207544
075_16,s3.658839993,s-4.266288287,s321.553351042
075_17,s2.941660133,s-3.456552446,s289.380820149
075_18,s4.588063246,s-0.569182902,s246.068534324
075_19,s4.747978467,s-1.875070481,s164.877391552
075_20,s-5.554093634,s-3.725475208,s308.970053089
075_21,s-5.128954368,s-0.843892968,s209.775490203
075_22,s-3.014329721,s-0.327751606,s290.456658208
075_23,s-0.324532379,s-0.889009464,s300.888377174
075_24,s-0.533603341,s-4.219418049,s228.678660572
075_25,s-0.113840205,s-1.214533717,s302.704832613
075_26,s2.968842802,s-0.358883882,s338.536442977
075_27,s1.586805948,s-2.529893842,s346.616100787
075_28,s2.450613421,s-1.919333487,s238.020812582
075_29,s5.378633000,s-0.109233486,s133.992097027
075_30,s-4.857767889,s1.021286879,s183.358113022
075_31,s-4.570095038,s0.792835691,s250.832947303
075_32,s-1.983313869,s-1.118758928,s138.844486645
075_33,s-3.406379712,s-2.766537154,s199.952086958
075_34,s-0.895566550,s-1.164674794,s318.564026547
075_35,s2.030803331,s-1.607888759,s199.283937902
075_36,s2.948285167,s1.082965049,s299.454416466
075_37,s1.241976290,s-0.111911984,s79.971240268
075_38,s3.110853626,s-0.901455529,s94.170031782
075_39,s5.267556859,s0.749266094,s241.640578834
075_40,s-4.709173864,s1.239031182,s358.310744479
075_41,s-1.826505621,s1.722454829,s92.140827996
075_42,s-3.662092472,s0.335238032,s21.437264198
075_43,s-1.007846209,s1.432298820,s278.350744176
075_44,s-0.429993101,s0.075394319,s98.066649051
075_45,s0.849643623,s0.217085146,s97.455623818
075_46,s1.367458355,s1.016330826,s170.167491102
075_47,s4.011405957,s1.415771695,s145.898554588
075_48,s4.079138988,s0.573654448,s161.917722347
075_49,s4.247906811,s-3.161604729,s203.602397739
075_50,s-4.848972565,s2.822310836,s329.549477848
075_51,s-1.444934774,s0.577307854,s102.841916117
075_52,s-1.361962055,s-0.346410618,s55.204010493
075_53,s-0.160035857,s1.223083975,s318.472609063
075_54,s-1.199847618,s0.148050013,s70.082229888
075_55,s-0.179554312,s4.586540150,s341.192053394
075_56,s-0.183549219,s2.316143697,s280.932337655
075_57,s1.275345451,s3.139387703,s175.654493020
075_58,s1.892047239,s1.621520875,s313.875183497
075_59,s3.958297409,s2.263074484,s209.560334341
075_60,s-3.708152001,s1.810962753,s315.439028747
075_61,s-5.065984596,s3.997583073,s125.247033155
075_62,s-3.403509001,s3.669699438,s89.561464498
075_63,s-2.709338946,s2.602804421,s252.029752240
075_64,s-0.499311887,s3.048174334,s345.278600962
075_65,s0.444982564,s1.412473438,s349.836518328
075_66,s2.089398643,s4.378778803,s78.820404340
075_67,s4.025321118,s4.426783157,s122.213356842
075_68,s4.640888314,s4.655889640,s302.545005903
075_69,s5.485030727,s2.538729081,s198.553715734
075_70,s-5.648369327,s3.383078740,s157.422212563
075_71,s-2.337666458,s4.790444512,s58.288219188
075_72,s-1.280746157,s5.392455136,s26.359273860
075_73,s-0.924124079,s4.363271383,s98.094825026
075_74,s1.204155617,s5.153547815,s171.715638465
076_0,s-4.790451002,s-3.070293944,s94.774469196
076_1,s-1.716044088,s-3.693606561,s317.728361944
076_2,s-0.919007786,s-5.387275585,s340.015754837
076_3,s0.100467854,s-4.995280925,s196.327368650
076_4,s-0.614238739,s-3.055612609,s208.153923495
076_5,s1.620962346,s-3.666075302,s209.518296686
076_6,s0.896450598,s-5.378995035,s28.434476044
076_7,s1.966842351,s-1.781490059,s337.190409404
076_8,s2.658965220,s-5.203083756,s155.675045889
076_9,s5.121499082,s-2.388656277,s91.134056397
076_10,s-3.009922926,s-3.736093160,s199.862986504
076_11,s-1.755176289,s-0.906960977,s84.870936349
076_12,s-5.353075695,s-2.252427432,s356.427352651
076_13,s-1.931362858,s-2.888852461,s136.315777960
076_14,s-0.688663653,s-1.274684969,s314.479559482
076_15,s-1.423307295,s0.967908899,s187.940265744
076_16,s2.213660648,s-0.488881750,s8.300546464
076_17,s2.127275074,s-4.723520566,s240.124809013
076_18,s2.725337712,s-1.154817339,s286.613981739
076_19,s5.179851470,s-0.453697745,s267.652510607
076_20,s-5.535616253,s-1.118836011,s224.475303658
076_21,s-3.733046352,s-1.579732225,s351.731885881
076_22,s-3.058716601,s-1.422552963,s286.008329503
076_23,s0.672721803,s-2.115017198,s169.116666194
076_24,s-1.379268638,s-0.520430566,s197.363942543
076_25,s0.884818917,s-1.869579310,s331.481398417
076_26,s-0.121413567,s-4.221237699,s44.400106839
076_27,s3.717483366,s-3.236865325,s15.922976622
076_28,s2.378868702,s-0.870439543,s57.624871708
076_29,s3.772750216,s-2.750595105,s265.100434876
076_30,s-3.648604309,s1.387240230,s17.361659600
076_31,s-2.977413747,s0.376763454,s57.906148085
076_32,s-4.695773724,s-1.187621927,s311.715127583
076_33,s-0.832259126,s1.959995450,s36.675611566
076_34,s0.262550759,s-0.789697533,s334.281520921
076_35,s1.520576606,s-1.563715119,s253.302251416
076_36,s1.214928192,s1.781752293,s194.336303374
076_37,s1.594412117,s0.018383475,s247.080444385
076_38,s3.867553527,s-1.389136544,s30.537113638
076_39,s5.296790299,s1.779782997,s214.640540137
076_40,s-4.887734868,s1.528997495,s348.680718197
076_41,s-4.936313184,s-0.570502402,s333.438104450
076_42,s-2.837418899,s-0.513308863,s330.591158444
076_43,s-2.022762214,s1.089836524,s140.512941599
076_44,s-2.058172936,s0.321012120,s53.581979089
076_45,s-0.024979287,s2.674114018,s305.187358173
076_46,s0.160423882,s0.365952189,s143.951965972
076_47,s3.671908849,s1.653339037,s123.796613516
076_48,s2.824446238,s0.647764896,s303.800247386
076_49,s4.924690152,s-0.176436580,s160.618894254
076_50,s-5.145617730,s1.202899977,s209.987972848
076_51,s-2.018820694,s2.701911899,s103.042984643
076_52,s-1.980520094,s3.655822519,s330.159457295
076_53,s-1.991863703,s1.394449679,s56.737094501
076_54,s0.835782618,s1.148685747,s226.117316481
076_55,s2.676145152,s2.534023648,s186.532953241
076_56,s2.310112476,s1.828608976,s26.957285663
076_57,s2.843853296,s4.855815001,s307.209649729
076_58,s4.367626938,s0.761123625,s28.317388636
076_59,s5.104557292,s2.086982763,s316.185560725
076_60,s-3.010554005,s0.807956211,s185.219567100
076_61,s-3.306471402,s3.087753866,s166.999379087
076_62,s-3.987359394,s1.754312965,s344.558731306
076_63,s-0.814893746,s3.723084534,s326.829978000
076_64,s-0.500441520,s2.207093770,s141.919998392
076_65,s-0.775449706,s3.084150338,s332.217740815
076_66,s2.038429885,s3.691265065,s250.683887222
076_67,s1.921950758,s3.044170936,s119.587326158
076_68,s3.527460722,s2.021487774,s206.023334126
076_69,s4.801874074,s4.521558324,s123.866899023
076_70,s-5.637908748,s4.114264194,s167.177172705
076_71,s-3.455074091,s4.285300449,s136.018479834
076_72,s-1.599162212,s5.588598713,s101.089978407
076_73,s-0.506823284,s5.168097762,s155.439258382
076_74,s0.524376486,s4.050139054,s241.608963349
076_75,s0.841628622,s5.560111471,s283.734580572
077_0,s-5.771648821,s-4.955937641,s36.522520375
077_1,s-5.004765556,s-3.905230573,s196.910044887
077_2,s-3.258800231,s-4.313274682,s5.485646846
077_3,s-1.978477187,s-5.293071097,s207.384644541
077_4,s2.788435915,s-1.825654636,s230.247243413
077_5,s-1.063265620,s-4.763662552,s2.960012356
077_6,s0.849662403,s-4.789022144,s76.729705149
077_7,s2.395574687,s-4.957888560,s55.363931089
077_8,s4.546672374,s-5.404971616,s203.710631098
077_9,s5.487298332,s-4.038529623,s125.765950999
077_10,s-4.806995916,s0.529371885,s307.989979897
077_11,s-3.639540802,s-2.976642381,s107.393565622
077_12,s-2.385464421,s-2.547082368,s248.956866168
077_13,s-0.562983947,s-2.193415670,s19.246200119
077_14,s0.194408552,s-2.152896547,s37.493001117
077_15,s1.848210098,s-0.787290401,s169.860825158
077_16,s-0.778924032,s-4.132220135,s299.363918405
077_17,s3.628015562,s-2.672593225,s302.523767435
077_18,s4.598150022,s-2.610541645,s246.704153901
077_19,s5.452119375,s-1.842863733,s264.015704407
077_20,s-4.906728004,s-1.899296341,s131.600973827
077_21,s-3.706413634,s-0.771517936,s314.737314170
077_22,s-1.403807746,s-1.630667199,s160.916459998
077_23,s-3.357161709,s-1.183956959,s129.560989579
077_24,s1.516924787,s-1.825870690,s148.165234578
077_25,s0.315925870,s-2.553473020,s147.880428503
077_26,s2.545686666,s0.946239702,s194.980972674
077_27,s1.427632447,s-4.090390743,s260.728810995
077_28,s2.871894025,s-1.484264227,s205.428117564
077_29,s2.368493627,s-4.072645492,s304.534201227
077_30,s-5.243539343,s0.897023184,s94.371838057
077_31,s-2.801192179,s-0.018662820,s241.385539248
077_32,s0.021328101,s-1.227939995,s228.830491970
077_33,s-2.240722059,s-0.115194947,s118.899393765
077_34,s-1.550613189,s-0.463089101,s251.521416517
077_35,s-0.382076463,s-0.639856682,s63.727748477
077_36,s2.349586614,s0.020659060,s56.729488947
077_37,s2.638464489,s-0.771866438,s229.995506376
077_38,s3.552614893,s-1.448329840,s160.999151794
077_39,s4.912292809,s-0.041995157,s282.830460081
077_40,s-4.269686299,s1.760714995,s56.591253653
077_41,s-4.404367344,s1.515696494,s87.040792313
077_42,s-1.812753292,s2.468158532,s308.760098855
077_43,s-4.827725938,s-1.608727041,s55.769081266
077_44,s-1.010973348,s1.338448634,s10.409024445
077_45,s0.602680202,s-0.245135534,s48.312346368
077_46,s0.038649536,s0.647767448,s222.196861778
077_47,s1.164369350,s0.362729498,s142.801412343
077_48,s3.046589886,s0.035959218,s164.144082021
077_49,s4.079815731,s1.327936498,s266.646125955
077_50,s-5.912008981,s2.432948390,s217.725769828
077_51,s-3.010121020,s2.215889924,s273.461261915
077_52,s-0.774087913,s2.773265005,s185.454427953
077_53,s-0.270522088,s0.083524810,s188.941797312
077_54,s-0.303467487,s1.663360660,s190.681108288
077_55,s2.330302254,s3.653445498,s232.352277512
077_56,s1.886167117,s1.613563934,s252.981708493
077_57,s3.698873679,s1.566590090,s290.821189583
077_58,s4.183304121,s3.000045060,s203.833908276
077_59,s5.238679381,s-1.526735536,s123.641812802
077_60,s-5.338957743,s3.165690567,s264.705228997
077_61,s-3.611248511,s3.842815628,s170.517014546
077_62,s-2.163288532,s1.925123570,s235.044618635
077_63,s-1.675338038,s3.324002897,s205.673926757
077_64,s-0.635779717,s3.691276300,s306.944304624
077_65,s1.111570982,s2.268493639,s329.396284033
077_66,s1.132773500,s3.953516759,s74.219967608
077_67,s3.469301551,s2.457481436,s301.091126860
077_68,s2.550010923,s3.337162351,s271.336517320
077_69,s3.891238218,s3.866694533,s14.823660859
077_70,s-5.175303283,s4.605949489,s18.540311299
077_71,s-3.038667825,s4.396343903,s125.174601302
077_72,s-2.153194232,s3.171149125,s256.991088163
077_73,s-0.929087149,s5.489374630,s35.895838367
077_74,s-0.366722971,s4.576093873,s334.513669894
077_75,s1.900915101,s5.383992549,s246.965237939
077_76,s2.422100036,s5.587310521,s269.423644086
078_0,s-4.713906133,s-4.077897189,s55.293089373
078_1,s-3.949887674,s-2.505945950,s272.428088652
078_2,s-1.830890000,s-2.764463718,s109.208387647
078_3,s-2.547170553,s-5.140320961,s109.530352075
078_4,s0.309550685,s-5.379341751,s195.997458711
078_5,s1.770928261,s-2.060390791,s259.598565680
078_6,s1.503693415,s-4.692494729,s266.402080325
078_7,s3.896291471,s-2.845879506,s281.701022011
078_8,s2.581377429,s-5.023320263,s277.083722553
078_9,s4.597518110,s-3.805767865,s323.339323516
078_10,s-4.791840761,s-2.880034891,s121.256139359
078_11,s-1.982985100,s-2.069149242,s149.643702764
078_12,s2.662006418,s-0.345574922,s182.590892944
078_13,s-0.237525042,s-4.042048627,s3.255037115
078_14,s-1.215334161,s-3.053170273,s281.478340239
078_15,s1.989772373,s0.907594336,s97.820190554
078_16,s0.267004170,s-1.527880755,s129.705153573
078_17,s3.235735170,s-1.971712402,s66.374842062
078_18,s3.565075404,s-0.971748186,s190.914784955
078_19,s5.618940285,s-0.983780820,s341.744372149
078_20,s-5.576083343,s-1.655537742,s201.758789099
078_21,s-4.705501834,s-1.524790879,s336.015119183
078_22,s-1.677307983,s0.669134015,s174.618375825
078_23,s-0.372962414,s-1.683069119,s86.582057169
078_24,s-2.571000426,s-0.532667991,s277.346165294
078_25,s0.284346778,s-2.873916699,s235.801651855
078_26,s2.279017173,s-2.988130270,s34.115112838
078_27,s1.375332950,s-1.066874097,s152.736184281
078_28,s2.145602309,s0.458464818,s167.104570998
078_29,s4.293195834,s-1.806730642,s109.254783786
078_30,s-5.494659077,s-0.167275847,s255.898474717
078_31,s-2.747587446,s-1.300345428,s335.196823937
078_32,s-1.074362954,s0.969885738,s115.736906817
078_33,s-0.383610265,s-0.577008281,s28.738954622
078_34,s-0.000069008,s1.438082342,s254.058307774
078_35,s0.554060511,s-0.840904641,s85.781203152
078_36,s0.917304949,s0.677698335,s142.173419657
078_37,s5.804209479,s0.490860908,s177.604335732
078_38,s3.762398928,s0.342238253,s150.049106966
078_39,s5.349179271,s-1.437431354,s121.251483497
078_40,s-4.510977136,s1.838358972,s280.806671994
078_41,s-3.472421276,s-1.764802465,s76.787562384
078_42,s-4.481700543,s0.573472142,s97.154136568
078_43,s-3.261711676,s0.999340636,s349.172979753
078_44,s-2.448318198,s2.746939198,s99.232667482
078_45,s1.115113681,s1.318510202,s68.411498108
078_46,s0.587320411,s2.133925436,s71.653760038
078_47,s3.330946439,s-0.119061427,s58.477647493
078_48,s1.113441133,s1.866042926,s13.748660768
078_49,s3.759446646,s1.471618681,s217.854379577
078_50,s-4.520559106,s1.194941730,s95.417328446
078_51,s-3.018339291,s3.285982786,s138.364209047
078_52,s-3.552992895,s1.176851479,s13.901924731
078_53,s-1.326074275,s2.055948877,s323.852644998
078_54,s0.037970102,s0.351051091,s149.403430853
078_55,s-0.687982001,s1.985060367,s3.915901185
078_56,s1.293783051,s2.813620856,s15.375821222
078_57,s2.472928298,s1.305475086,s242.439679285
078_58,s3.435480376,s2.254111361,s230.638199226
078_59,s5.190889607,s1.896606666,s328.823508682
078_60,s-5.444473886,s3.910405210,s117.527747054
078_61,s-4.901431557,s2.477657283,s79.369546715
078_62,s-2.254050461,s3.727751039,s15.176154314
078_63,s-1.045675853,s4.279611417,s358.406431788
078_64,s0.262514054,s5.946724443,s178.711080869
078_65,s-0.705300512,s2.670164454,s319.415772973
078_66,s-0.390510536,s4.790105445,s238.331075506
078_67,s2.387002394,s2.812342248,s227.634997262
078_68,s3.581203285,s3.732892015,s292.089103442
078_69,s5.707257451,s3.504321564,s17.455533282
078_70,s-5.579309805,s4.873140229,s32.186955659
078_71,s-3.882886764,s3.209605893,s15.897152903
078_72,s-2.066810290,s4.895808294,s342.608715536
078_73,s-1.096331796,s5.296224232,s239.103671368
078_74,s1.667556172,s5.026134853,s85.728517339
078_75,s-1.464208703,s5.576731275,s259.604843997
078_76,s2.225474147,s3.930114785,s173.459111020
078_77,s2.503446966,s5.732179073,s142.761339327
079_0,s-4.461691613,s-4.461691354,s201.934255053
079_1,s-5.202564754,s-1.341467273,s325.785190981
079_2,s-1.558632612,s-2.660789428,s262.599938271
079_3,s-1.307459867,s-0.883649597,s304.464103663
079_4,s-0.833711128,s-3.284779139,s83.655593001
079_5,s1.148195918,s-5.169036027,s11.039063674
079_6,s1.660126665,s-3.544641618,s231.853756032
079_7,s1.753488356,s-1.305259151,s54.416919881
079_8,s2.820551258,s-4.867130341,s46.165564290
079_9,s3.969183915,s-2.638338089,s124.545550278
079_10,s-3.040910152,s-3.243821800,s345.003938104
079_11,s-1.264384844,s-4.910604280,s7.139747404
079_12,s-2.436473379,s-1.633795869,s134.539290796
079_13,s-0.854794032,s-2.702612023,s56.367865710
079_14,s0.952232285,s-3.186858214,s101.291449066
079_15,s1.807637023,s-5.052449631,s182.703851465
079_16,s2.742692010,s-0.432861519,s137.922858343
079_17,s3.346838479,s-1.865419257,s160.543458005
079_18,s2.970985566,s-3.161198223,s104.625150528
079_19,s4.532664924,s-2.238047390,s14.378556680
079_20,s-4.959621043,s0.338351390,s291.127679278
079_21,s-4.326155449,s-2.994489953,s233.520705884
079_22,s-3.152992171,s0.254429988,s78.981919000
079_23,s-3.099254581,s-0.308406057,s171.498330257
079_24,s-1.544485977,s-0.299606017,s63.911363967
079_25,s-1.206494817,s-1.890021786,s39.226239614
079_26,s0.023068838,s-2.135749659,s267.774019746
079_27,s2.121504095,s0.157941551,s322.742158494
079_28,s0.694461892,s-1.511894078,s53.918630865
079_29,s3.496926877,s-0.669960526,s210.775395885
079_30,s-4.068728484,s-1.590451939,s29.212924963
079_31,s-4.504543831,s0.424063347,s244.845587295
079_32,s-0.439330943,s0.140204998,s116.085497923
079_33,s0.789060068,s0.193026907,s248.538372882
079_34,s1.319534087,s-0.257242616,s114.485932834
079_35,s1.425905083,s-1.058402966,s162.901747300
079_36,s0.755324397,s1.362069599,s171.332628580
079_37,s4.354479448,s0.275329376,s220.805748063
079_38,s2.556753294,s-1.488789778,s15.862345434
079_39,s5.278684401,s-1.662391196,s107.557757772
079_40,s-4.877802274,s3.314484291,s349.696518431
079_41,s-5.117902277,s-0.794948539,s355.736555673
079_42,s-4.624067167,s2.148318202,s289.037658677
079_43,s-1.811160450,s2.680176692,s282.623419100
079_44,s-0.222732717,s1.143796560,s171.473911737
079_45,s0.535123518,s3.911862262,s206.633171149
079_46,s0.417001632,s3.137556682,s26.871937776
079_47,s1.992461085,s1.472230856,s214.647000425
079_48,s4.554410051,s-1.264219405,s272.072040462
079_49,s4.544782245,s0.439262942,s286.801205766
079_50,s-1.466995906,s1.154029145,s15.803495450
079_51,s-2.295923516,s2.877632757,s242.242352627
079_52,s-2.272092660,s-0.165844781,s290.348955828
079_53,s2.462516638,s3.013105410,s310.522521075
079_54,s-0.225100775,s0.393528491,s296.084186526
079_55,s-2.333536604,s0.210099060,s71.271691724
079_56,s2.596588550,s2.209965525,s233.193470308
079_57,s2.172450439,s3.515574858,s116.471132264
079_58,s3.351975792,s0.654776437,s245.445321052
079_59,s5.172445223,s2.093966741,s91.566481404
079_60,s-4.555944536,s3.151022156,s289.678952378
079_61,s-4.279796884,s4.162894190,s193.646874434
079_62,s-2.917270515,s3.574702839,s199.401894439
079_63,s-0.486323177,s4.308831834,s328.726748086
079_64,s-0.524442135,s2.178546432,s38.497865331
079_65,s0.588256470,s4.677215210,s273.634534756
079_66,s1.247819036,s4.450224489,s105.882424725
079_67,s1.239799609,s1.368647484,s154.860557032
079_68,s3.743758219,s2.723504555,s220.026249147
079_69,s4.172519932,s1.807373073,s259.870096581
079_70,s-4.940565306,s5.146238771,s331.842081006
079_71,s-1.317197810,s4.677908648,s292.796172671
079_72,s-1.362472510,s3.616169584,s114.166559795
079_73,s-2.438312390,s4.908345236,s114.740081150
079_74,s-1.075470243,s2.334285486,s350.197085121
079_75,s2.808527088,s5.372575428,s205.025924729
079_76,s3.249347438,s3.629978272,s144.901612139
079_77,s3.351345445,s4.904805744,s301.200427369
079_78,s4.681694246,s3.266905599,s122.993313270
080_0,s-5.020036080,s-5.065953938,s53.877392202
080_1,s-5.451056224,s-1.434475179,s259.525435017
080_2,s-1.817331866,s-4.460342969,s121.083921523
080_3,s-3.196889089,s-3.195910119,s216.472892476
080_4,s0.036069370,s-5.178005319,s58.565986512
080_5,s-0.847283510,s-1.182542718,s172.121021367
080_6,s0.047236983,s-1.708168706,s226.892102969
080_7,s3.585378843,s-5.410517580,s165.083005680
080_8,s4.577761719,s-5.090639570,s97.003233778
080_9,s4.843832852,s-3.589135141,s50.260010530
080_10,s-3.133367426,s-5.410517580,s190.341135281
080_11,s-4.023586569,s-2.469976909,s93.781901915
080_12,s-2.847096933,s-2.123400948,s294.839738704
080_13,s-0.940977902,s-4.163416094,s89.319784935
080_14,s0.487853894,s-3.310902700,s41.467601242
080_15,s1.581222040,s-5.107911318,s301.520627407
080_16,s1.914686888,s-4.586891877,s310.126419989
080_17,s1.751864835,s-1.852767378,s85.065538596
080_18,s4.089878058,s-2.938186955,s134.883183081
080_19,s2.584032855,s-2.329032906,s19.851290180
080_20,s-5.439237025,s-0.203496522,s216.512151202
080_21,s-3.560523180,s-1.086769071,s131.355834027
080_22,s-2.389420534,s-1.536939021,s194.841260084
080_23,s0.179428310,s-2.712974185,s299.399865712
080_24,s0.910009874,s-1.252686711,s212.866123444
080_25,s1.280439648,s-0.477616457,s63.322030373
080_26,s0.704932840,s-0.744466162,s242.428443073
080_27,s0.021489345,s2.508562055,s190.646383403
080_28,s3.023890278,s-1.323352636,s10.380671014
080_29,s5.220908074,s-0.588528715,s162.705713397
080_30,s-5.084790426,s-1.268815478,s156.804839702
080_31,s-1.994834553,s-0.334943867,s201.574458210
080_32,s-1.353196421,s-3.398402017,s266.876939948
080_33,s-4.081706682,s0.468850749,s318.877360845
080_34,s-0.223438109,s-0.605382368,s116.451637690
080_35,s0.795351789,s-2.094103666,s79.461911747
080_36,s1.742292043,s0.889622831,s191.926869227
080_37,s4.212944573,s0.369173795,s315.877874736
080_38,s3.898715948,s-1.988262307,s301.823320304
080_39,s4.448570534,s0.268425208,s265.556062316
080_40,s-3.483919193,s1.082032641,s51.499458212
080_41,s-1.812742455,s1.923112375,s147.182308818
080_42,s-3.969389386,s2.698223596,s118.251961156
080_43,s-1.568947338,s2.108719572,s71.942653417
080_44,s-0.195985985,s-0.169327967,s74.004464453
080_45,s0.628494104,s0.824958059,s324.563430609
080_46,s0.729520008,s0.190438281,s102.547284479
080_47,s2.170324813,s1.497508257,s214.752599220
080_48,s2.137369826,s-3.934000355,s118.061390538
080_49,s4.581978681,s1.552817767,s168.919446470
080_50,s-5.349752435,s0.303857252,s22.952554637
080_51,s-4.673148085,s1.979637328,s133.240981587
080_52,s-2.067125270,s-0.946822388,s116.653417682
080_53,s-1.046774508,s-0.818198714,s7.872889856
080_54,s-0.621414143,s1.887698880,s36.948816266
080_55,s1.415777468,s2.820155821,s255.180193873
080_56,s1.257071948,s1.842016844,s273.818255111
080_57,s3.402540786,s1.220556933,s141.505512563
080_58,s2.525879983,s2.193514353,s182.563903572
080_59,s5.239395133,s1.218258481,s233.621208358
080_60,s-5.569581470,s1.150552919,s206.250398582
080_61,s-0.905215712,s3.554874164,s149.082169115
080_62,s-1.261677129,s-0.042674128,s6.055020502
080_63,s-3.726837021,s4.221861632,s103.735614411
080_64,s-0.668136815,s2.971159816,s190.218350157
080_65,s1.316345840,s3.451945923,s175.969017407
080_66,s1.881994284,s3.298911226,s270.604295288
080_67,s0.950058405,s4.859415510,s268.181320551
080_68,s2.053329118,s2.250392154,s323.868570450
080_69,s4.215824820,s2.009179867,s12.399559215
080_70,s-4.962998649,s2.746774765,s3.781790654
080_71,s-3.742354914,s3.026349125,s127.157244789
080_72,s-1.198170015,s5.392981322,s281.627968613
080_73,s0.798035039,s2.790631897,s119.287021187
080_74,s-1.753226265,s4.565722172,s83.424614890
080_75,s0.398074318,s4.252627857,s250.241166045
080_76,s3.230607088,s5.329845393,s156.720442486
080_77,s3.344097845,s4.290635010,s47.968015825
080_78,s3.972857737,s5.405460979,s8.078212552
080_79,s5.281638112,s2.889595810,s76.225332910
081_0,s-5.181217211,s-4.220891367,s291.450861575
081_1,s-4.970975210,s-4.600281701,s219.101304268
081_2,s-2.680365518,s-4.284035995,s126.713647084
081_3,s-1.027139930,s-5.107196142,s242.855548095
081_4,s-0.125180216,s-4.965243381,s251.163502000
081_5,s0.371116222,s-4.239160167,s126.683392172
081_6,s2.284278471,s-3.920945355,s147.701828598
081_7,s2.131097166,s-4.911015498,s48.295630297
081_8,s3.344724680,s-4.432139520,s72.624132323
081_9,s4.445486432,s-5.529245157,s64.492778210
081_10,s-2.976890538,s-3.801340358,s349.677758373
081_11,s-3.229343794,s-2.179138304,s289.632385144
081_12,s-2.091722572,s-2.615200079,s32.300518732
081_13,s-0.829512951,s-4.276823159,s331.078383515
081_14,s1.055073507,s-0.932420905,s283.338653468
081_15,s0.759438368,s-0.178126441,s238.944302065
081_16,s0.616031202,s-3.111438066,s357.729765850
081_17,s3.998899449,s-3.548634343,s173.114088918
081_18,s3.078886607,s-0.767748583,s84.365594540
081_19,s5.696438598,s-1.269580753,s173.394002117
081_20,s-5.214053636,s-1.107532042,s100.659628898
081_21,s-4.975566400,s-3.434305138,s154.558334140
081_22,s-0.675804338,s-2.264937448,s284.981551505
081_23,s-3.219339424,s-1.222513718,s269.368307021
081_24,s-2.435936102,s-4.697933138,s306.048734225
081_25,s-0.576994558,s-3.580467112,s175.504608077
081_26,s1.909070679,s-2.157795001,s108.329233519
081_27,s2.777603455,s-2.966864613,s132.101959358
081_28,s1.541637557,s-0.385003821,s42.957983600
081_29,s4.390498369,s-2.459490981,s343.965074976
081_30,s-4.565594954,s-0.502653989,s105.433154753
081_31,s-2.240062149,s-0.369547634,s136.847828136
081_32,s-2.474870109,s1.364246643,s182.812794602
081_33,s-0.517752939,s-1.895289018,s2.336198357
081_34,s0.026524551,s1.861133115,s67.487747045
081_35,s-0.694813226,s-0.330896251,s44.039595565
081_36,s2.185597763,s-2.882048508,s154.494248283
081_37,s2.824432120,s-0.375650776,s31.457327580
081_38,s4.483556619,s-1.040373067,s38.371259827
081_39,s4.753652723,s0.784337615,s247.104614733
081_40,s-2.683966520,s-0.080439322,s254.636584868
081_41,s-2.017320323,s1.079455289,s213.372297619
081_42,s-5.329323433,s-2.047642721,s122.122069795
081_43,s0.081781835,s0.561243532,s334.364243466
081_44,s-1.996287417,s-1.265705658,s263.153903293
081_45,s2.457792401,s0.208767557,s300.002148101
081_46,s0.723478253,s0.312638215,s295.887990058
081_47,s2.335509175,s1.284083666,s142.222871614
081_48,s3.899698001,s0.088120648,s34.559891100
081_49,s3.327996257,s1.825203147,s218.632001936
081_50,s-5.439513706,s1.140164863,s5.508350677
081_51,s-5.506715672,s0.577232920,s100.613308297
081_52,s-1.029529415,s0.864564271,s110.939003832
081_53,s-0.344451407,s2.497066605,s190.600881118
081_54,s-1.105073629,s1.047032537,s35.789866791
081_55,s0.369746646,s0.993144846,s302.274453544
081_56,s4.210036615,s0.467456343,s150.536690478
081_57,s1.814358111,s2.182265069,s163.839711275
081_58,s5.440378884,s3.592367026,s163.371707060
081_59,s5.444089995,s0.547184603,s247.172231585
081_60,s-5.041685145,s2.053900648,s204.390687169
081_61,s-3.122890931,s1.699477377,s318.294607755
081_62,s-1.567617471,s2.334891925,s209.296683878
081_63,s-1.648757343,s4.026686563,s30.398893263
081_64,s-0.100794873,s2.935301037,s165.017906252
081_65,s1.323842200,s1.693729393,s253.150359501
081_66,s0.415879086,s3.664352852,s226.210680784
081_67,s1.935441121,s0.862520162,s235.210446592
081_68,s2.022614500,s3.025004499,s83.322546788
081_69,s4.376783558,s1.036944645,s3.785499969
081_70,s-4.365176885,s4.203538944,s281.040694786
081_71,s-4.148381523,s2.336967350,s269.377949760
081_72,s-1.576449004,s5.016066770,s216.336691170
081_73,s0.190183950,s5.159805791,s116.635608015
081_74,s-0.980002444,s2.801853455,s29.556446937
081_75,s1.348400197,s2.476389247,s150.059327985
081_76,s0.916135461,s4.340861794,s67.145119783
081_77,s4.225306388,s5.372506574,s306.032695575
081_78,s3.369939266,s3.225887537,s4.115335063
081_79,s5.499542080,s5.497980157,s277.315700519
081_80,s-4.321981546,s4.610945656,s53.064242746
082_0,s-4.250338935,s-1.804046764,s282.841543509
082_1,s-4.378127335,s-4.163789588,s112.082253110
082_2,s-0.778461944,s-1.715580334,s37.725938487
082_3,s-2.783708970,s-5.445353753,s299.804796631
082_4,s1.130905886,s-3.880595493,s13.775705253
082_5,s-0.614565068,s-5.256805770,s242.443597202
082_6,s0.708158896,s-2.989594430,s99.971327951
082_7,s2.260494661,s-5.387090668,s246.440238783
082_8,s3.522613115,s-4.050677116,s200.757686621
082_9,s4.542383045,s-3.631731404,s294.040017545
082_10,s-2.486282115,s-2.761521557,s296.789910077
082_11,s-4.666238701,s-5.276247925,s325.587402761
082_12,s-0.246772282,s-5.056037363,s165.591263738
082_13,s-1.387169410,s-3.758485177,s27.081804338
082_14,s-0.962019104,s-2.997024833,s277.653150786
082_15,s0.926123622,s-5.243786753,s0.854816991
082_16,s2.588912149,s-4.034449607,s89.292048943
082_17,s3.189649885,s-2.942843338,s213.417099216
082_18,s4.148583905,s-2.623635449,s72.796486130
082_19,s4.837117701,s-2.454902751,s130.582556802
082_20,s-4.552507992,s-0.815370606,s201.185130384
082_21,s-2.969232149,s-0.315829341,s116.607745841
082_22,s-1.480039959,s0.911574364,s251.093698504
082_23,s-1.721843109,s-3.571089928,s139.207414164
082_24,s1.646337336,s-2.363537586,s190.929698977
082_25,s-2.528031363,s-1.808701643,s132.876070635
082_26,s3.027258813,s-0.839379215,s354.156605118
082_27,s2.273181852,s-1.809485402,s11.965155519
082_28,s4.086988254,s-1.794171980,s61.624611744
082_29,s5.118398784,s-0.103546878,s117.223791025
082_30,s-4.040506931,s-0.670457858,s355.792795421
082_31,s-3.148055851,s-1.955418597,s171.198329999
082_32,s0.594988155,s-2.539053534,s356.138119460
082_33,s-1.547830988,s0.442980954,s139.258324907
082_34,s2.669395272,s-1.061789955,s271.095286562
082_35,s0.221758175,s-0.674783891,s66.298402947
082_36,s1.602736373,s-4.334557340,s22.954788003
082_37,s1.955328731,s1.765880303,s168.982250273
082_38,s4.392454309,s-0.450112118,s46.397557009
082_39,s4.715466188,s0.415825306,s158.611256511
082_40,s-4.555319259,s1.466644345,s84.365144634
082_41,s-3.442811891,s0.019448217,s37.582064484
082_42,s-3.336060391,s3.255298693,s279.337656435
082_43,s-2.506563284,s0.188977916,s266.135824033
082_44,s-0.975950226,s-1.017368011,s25.612668150
082_45,s-1.181583632,s2.088038334,s250.383017353
082_46,s0.074528605,s-0.294846158,s199.348161553
082_47,s1.891467674,s-0.515055883,s262.335360233
082_48,s3.417182957,s-0.977827642,s266.656511182
082_49,s5.372077152,s0.605103172,s127.186451916
082_50,s-4.979295045,s0.240466375,s2.645628139
082_51,s-3.616487080,s0.801882426,s131.673701215
082_52,s0.497964544,s0.535308466,s46.953765380
082_53,s-1.717124982,s3.470667329,s234.928231999
082_54,s0.607755723,s1.436127496,s234.786989090
082_55,s-0.240572297,s-1.954902430,s161.344340042
082_56,s1.401110869,s0.844433491,s15.596626089
082_57,s3.047260568,s1.854669986,s19.219795717
082_58,s2.430760592,s1.068457926,s300.138392882
082_59,s3.998440552,s0.539399746,s204.131034487
082_60,s-5.024055863,s2.012366220,s50.199893792
082_61,s-2.651577207,s1.675922825,s26.090022969
082_62,s-2.050383913,s1.348068843,s237.894153075
082_63,s-0.794934972,s1.880030415,s199.045569057
082_64,s-0.618523457,s3.684880421,s12.966498160
082_65,s-0.460868713,s2.642427773,s240.691251538
082_66,s1.642119165,s1.645736885,s87.852000895
082_67,s2.008107178,s4.695920904,s165.477728389
082_68,s2.119421270,s2.275448462,s359.631312323
082_69,s5.348229855,s1.340672458,s33.915383103
082_70,s-3.340254791,s4.144054419,s325.066885886
082_71,s-2.152018459,s2.081388747,s123.163974740
082_72,s-2.464120387,s5.001138977,s112.195932720
082_73,s-1.345990931,s4.389341308,s174.771943648
082_74,s0.067550414,s5.048453213,s12.033624191
082_75,s0.211229214,s4.496374826,s198.949341085
082_76,s1.933127757,s2.911134848,s177.527836186
082_77,s3.028110064,s4.984066585,s353.466781750
082_78,s4.671118968,s2.264090225,s278.977647040
082_79,s3.857069506,s3.501742567,s185.206026649
082_80,s-4.992746193,s3.043251886,s220.570513394
082_81,s-2.918140972,s4.958396656,s283.439366191
083_0,s-4.396835576,s-4.189880405,s156.007425401
083_1,s-0.518745888,s-3.641575479,s60.600685430
083_2,s-2.585404402,s-5.187073832,s178.783724726
083_3,s-1.311119011,s-5.335918943,s126.912250712
083_4,s0.996641894,s-3.027465667,s42.766588160
083_5,s0.535474460,s-4.811174146,s79.267563646
083_6,s1.857270975,s-5.061753316,s292.197318598
083_7,s2.861188759,s-4.489574711,s195.732241385
083_8,s4.363513482,s-4.701787011,s126.257315821
083_9,s3.641987254,s-3.944917467,s42.234638085
083_10,s-5.527781413,s-3.657361210,s153.102612723
083_11,s-5.314579089,s-1.782829541,s118.216254371
083_12,s-2.691040704,s-1.636188997,s268.617535289
083_13,s-2.747367233,s-0.788674089,s146.736369501
083_14,s-2.078878946,s-3.037857197,s265.853511381
083_15,s0.270997604,s-1.376345645,s122.903848530
083_16,s3.296854321,s-2.374561970,s128.983785294
083_17,s1.492618425,s-0.838940542,s0.258702763
083_18,s2.539288536,s-3.066761783,s78.340992533
083_19,s4.868053182,s-2.504009728,s239.268065929
083_20,s-5.390890940,s0.002001297,s156.483655886
083_21,s-2.367583056,s-3.459903933,s308.788858808
083_22,s-3.240780537,s-4.600782620,s77.569845513
083_23,s-0.642109415,s-3.245307179,s61.318579992
083_24,s0.805882052,s-2.035249463,s31.384252958
083_25,s-0.182255332,s-4.414198840,s354.676717590
083_26,s1.123350105,s-2.812549427,s63.682181090
083_27,s1.589015735,s-4.721314950,s220.169458821
083_28,s4.062214163,s-1.794671748,s327.550857910
083_29,s4.897519546,s-1.671136985,s154.572075799
083_30,s-3.789187276,s-0.797943939,s100.380327300
083_31,s-1.814557066,s-0.398328583,s199.557861518
083_32,s-1.892244317,s1.840873084,s115.986589325
083_33,s2.442880477,s-0.207848257,s279.521860838
083_34,s-0.642476153,s-1.858503219,s346.297957016
083_35,s0.186463282,s1.921773848,s36.719389540
083_36,s-1.270195369,s-0.413814509,s81.909631795
083_37,s0.019938702,s-0.574110628,s154.453155402
083_38,s2.707624677,s-0.675383138,s235.952948403
083_39,s5.488693097,s-1.351096612,s151.395576208
083_40,s-4.841666184,s0.658946212,s231.453455706
083_41,s-2.792167052,s-0.397427217,s273.441242039
083_42,s-3.383155179,s1.313786599,s241.636498261
083_43,s-1.876494096,s0.811234652,s262.785186858
083_44,s-0.787741469,s-1.771900818,s347.666238270
083_45,s-0.653576359,s1.099656625,s309.368186108
083_46,s2.965587085,s-0.125747398,s75.009851844
083_47,s5.112574588,s-0.438556985,s127.204981926
083_48,s1.817527622,s0.831619671,s173.667556803
083_49,s5.690542770,s-0.685153968,s313.347065359
083_50,s-4.097483149,s1.423603172,s6.849122871
083_51,s-2.221294080,s1.812434870,s61.180518420
083_52,s-1.578050864,s4.782155846,s83.563413252
083_53,s-0.787020223,s2.264564939,s40.790514646
083_54,s-0.817936757,s4.448405723,s18.625653157
083_55,s2.169506550,s3.231203790,s184.656405693
083_56,s1.643852989,s1.127115476,s127.651461527
083_57,s3.941610381,s0.950969283,s228.304682934
083_58,s2.487883003,s1.895629949,s240.622928229
083_59,s5.511902814,s0.064365412,s27.866729612
083_60,s-5.443078174,s3.132413366,s206.809979236
083_61,s-3.478887617,s3.626884172,s289.232070358
083_62,s-1.223765675,s3.135074522,s160.534980362
083_63,s-3.985465740,s0.134630604,s60.059757639
083_64,s1.396400753,s2.511766267,s324.831179948
083_65,s0.106070925,s0.058498567,s336.558092095
083_66,s-0.183812958,s3.588030879,s325.923458600
083_67,s3.044308974,s0.886605658,s191.972711600
083_68,s3.504079350,s3.420029589,s281.748260252
083_69,s5.250338958,s1.552865822,s52.676319326
083_70,s-4.951166893,s3.084866765,s328.130627238
083_71,s-3.570845437,s4.508837966,s244.624487570
083_72,s-1.111991936,s4.750496485,s132.364859142
083_73,s0.692665072,s5.122639823,s78.159238462
083_74,s-0.051155471,s4.944691870,s238.091272046
083_75,s1.444530871,s4.060350066,s356.901060220
083_76,s1.541013567,s4.713333055,s263.023571259
083_77,s2.549808424,s3.135281366,s124.177343476
083_78,s2.594058818,s4.865131190,s320.957653361
083_79,s5.092466363,s4.710573675,s242.010083666
083_80,s-5.527781413,s5.661162292,s68.538064099
083_81,s-4.449490805,s5.069071183,s277.385803115
083_82,s-2.538926688,s5.347672966,s241.622250802
084_0,s-5.557597687,s-2.731002806,s78.163367521
084_1,s-4.961007205,s-4.252360233,s81.421417386
084_2,s-1.688568560,s-5.130927595,s340.398476022
084_3,s-0.593664068,s-4.198964376,s3.596689690
084_4,s-1.111276960,s-3.120130096,s139.523999630
084_5,s0.145295912,s-3.178262552,s298.373846134
084_6,s1.061432665,s-5.176634155,s218.794661357
084_7,s2.232458242,s-2.750361921,s208.197400866
084_8,s4.196296674,s-3.184278019,s123.241727160
084_9,s3.468089734,s-5.100205897,s0.764153782
084_10,s-4.365831837,s-3.363086504,s223.638663422
084_11,s-3.906561136,s-4.671941789,s291.442883716
084_12,s-1.905579587,s-3.740064525,s306.562661215
084_13,s-0.532406289,s-5.793909714,s224.602433474
084_14,s-1.030057047,s-1.845341322,s56.909171635
084_15,s2.119326943,s-2.090585716,s159.843785331
084_16,s1.535762449,s-3.646918965,s308.327519030
084_17,s2.453107076,s-3.232166545,s308.119781094
084_18,s0.996159181,s-4.411491359,s231.115951158
084_19,s5.310280722,s-2.959453947,s301.120625849
084_20,s-3.058427888,s-0.161750773,s55.352941210
084_21,s-3.860780650,s-2.398760801,s41.689788988
084_22,s-1.896486808,s-2.117190587,s336.788754353
084_23,s-3.471370810,s1.277525549,s319.022409368
084_24,s-2.635618185,s-1.369862112,s277.056499331
084_25,s-1.421595324,s-1.787573319,s263.807834616
084_26,s-1.424017572,s-0.531392354,s292.548772491
084_27,s0.842741284,s-2.595015678,s147.572165408
084_28,s2.427004902,s-1.572627721,s270.018985102
084_29,s3.730757723,s-1.858452177,s62.650515059
084_30,s-5.210133639,s-0.981274437,s221.419165308
084_31,s-3.284073307,s-5.249191917,s57.019403872
084_32,s-2.609181569,s-0.716641693,s86.508955508
084_33,s0.838613902,s0.052047911,s121.990330780
084_34,s1.696000437,s-0.704866000,s129.576022447
084_35,s1.682985211,s0.967296591,s336.413798195
084_36,s2.554494277,s-1.248633913,s209.076280888
084_37,s4.051719182,s-0.364190685,s270.353629273
084_38,s4.234823931,s-0.355995998,s245.466266510
084_39,s5.441675387,s0.448290437,s253.902679423
084_40,s-5.156558139,s0.194575922,s54.380832266
084_41,s-3.759057869,s0.638923841,s171.116157293
084_42,s-5.257744461,s-1.714087081,s354.538614507
084_43,s-1.963605524,s-0.335918796,s257.807722880
084_44,s-1.890458939,s-1.504819611,s131.342863552
084_45,s-0.393035475,s1.556521953,s31.857990209
084_46,s2.304878983,s-0.506395590,s188.236438947
084_47,s1.424001266,s2.059975999,s241.963329587
084_48,s2.290737637,s0.460253145,s340.308518568
084_49,s5.178418643,s-0.596330910,s302.639815944
084_50,s-4.130622526,s0.918557049,s356.305007356
084_51,s-2.685342849,s0.411344346,s201.588764186
084_52,s-2.265159243,s1.538962481,s278.824178640
084_53,s-0.130377613,s0.130477139,s309.787323681
084_54,s-0.529316970,s2.643868282,s173.014819038
084_55,s0.692895880,s-1.930019321,s230.436300667
084_56,s2.293074669,s0.956199458,s166.929224127
084_57,s3.280854210,s2.966458044,s99.555621014
084_58,s2.895300913,s1.578344848,s319.780188275
084_59,s4.019214287,s1.197265744,s126.307937616
084_60,s-5.874041784,s0.523874232,s203.595514213
084_61,s-1.215435623,s2.117114838,s321.127086181
084_62,s-3.494812816,s4.951969265,s116.500872624
084_63,s0.293102947,s4.436058045,s213.898392869
084_64,s-1.487226347,s2.142134042,s145.995497751
084_65,s0.801216802,s4.638979646,s201.705343641
084_66,s0.826142900,s1.011489604,s125.973621886
084_67,s1.431417802,s3.279588121,s153.211384632
084_68,s2.317736506,s3.116380183,s192.808713104
084_69,s3.781736311,s2.354304388,s258.234190390
084_70,s-4.937098386,s1.414506995,s176.487783857
084_71,s-4.142647257,s3.755738730,s273.758202734
084_72,s-1.099849177,s-0.167981499,s202.993908692
084_73,s-2.446735695,s4.407170098,s269.726421211
084_74,s0.381986055,s0.774498871,s339.743546530
084_75,s1.623769644,s4.423397041,s5.554829832
084_76,s1.934814476,s5.426990795,s107.428817242
084_77,s3.434068610,s4.386488106,s326.874864871
084_78,s3.120462972,s3.864890990,s243.539845554
084_79,s5.714762279,s3.794085327,s231.469871386
084_80,s-5.497523502,s5.500916612,s320.214608135
084_81,s-4.679709498,s3.501238427,s76.741200082
084_82,s-3.596669704,s5.713814792,s187.458432923
084_83,s-2.284093903,s5.652367405,s27.261639166
085_0,s-3.800410010,s-4.907832151,s98.485691593
085_1,s-3.155940131,s-2.474585850,s170.500810422
085_2,s-2.084170245,s-4.828008933,s277.170450919
085_3,s-1.319121866,s-3.412854429,s119.916793672
085_4,s-1.012500874,s-5.140664052,s202.275868579
085_5,s0.004216674,s-4.806954852,s226.262703838
085_6,s-0.221577987,s-2.821990352,s115.268407144
085_7,s0.977595069,s-5.248949547,s148.266034524
085_8,s3.068525827,s-2.236071701,s319.626892161
085_9,s4.766862158,s-4.160529612,s26.402260952
085_10,s-4.567405053,s-3.025534235,s31.154690789
085_11,s-3.613203198,s-1.716168403,s28.881094912
085_12,s-2.479442784,s-1.786724233,s162.085397341
085_13,s-1.766679867,s-2.841687053,s308.889362008
085_14,s0.837772819,s-2.925051945,s200.427046789
085_15,s0.563012880,s-3.964660722,s133.636655954
085_16,s2.630737726,s-3.836843282,s255.097729722
085_17,s2.290730796,s-3.141718003,s277.640317148
085_18,s3.627001169,s-2.151697184,s328.651556617
085_19,s4.534297969,s-2.363066711,s184.344627443
085_20,s-4.931825970,s-1.944262189,s158.724057850
085_21,s-4.441332086,s-0.989221255,s74.727307860
085_22,s-2.194716745,s-1.271490398,s181.029714373
085_23,s1.638486727,s-0.200858657,s188.747933798
085_24,s-1.176364477,s-2.197443674,s237.000520679
085_25,s-0.461864901,s-0.958641667,s133.395671174
085_26,s0.768426537,s0.837541082,s94.021719635
085_27,s0.912436243,s-2.318203416,s11.308542072
085_28,s2.331140168,s-1.040741297,s36.755248768
085_29,s3.350440983,s-1.527809329,s253.476047183
085_30,s-0.998108721,s0.515496811,s102.280415365
085_31,s-4.072824508,s1.546134144,s356.611223877
085_32,s-2.858202779,s0.141028813,s86.154429459
085_33,s0.118959614,s1.605338299,s19.450678163
085_34,s2.174936271,s-1.465725998,s76.647916341
085_35,s0.679634927,s3.367892637,s165.870254904
085_36,s-1.960308285,s-0.449906860,s103.545649186
085_37,s3.404923135,s-0.985896204,s238.904610236
085_38,s4.047757772,s0.099517656,s292.144354499
085_39,s5.128821289,s-2.549102347,s271.729257188
085_40,s-5.580737489,s1.913930027,s6.544222665
085_41,s-4.341538994,s-0.255109497,s0.583699382
085_42,s-2.042379108,s1.854013925,s242.623198824
085_43,s-0.779423608,s-1.574838629,s241.349914820
085_44,s-0.561693590,s1.498416751,s300.078533832
085_45,s-0.297466804,s0.319227278,s306.681718078
085_46,s1.919804180,s-0.239828428,s241.395190446
085_47,s1.813062653,s-0.944910098,s205.485593950
085_48,s2.170057787,s1.302639639,s188.274300478
085_49,s5.345420642,s-0.447404665,s0.091567443
085_50,s-5.622467764,s-0.713410431,s270.638721060
085_51,s-4.436396968,s2.786968224,s55.443485309
085_52,s-2.451590436,s2.734782079,s272.106662570
085_53,s-1.509743707,s1.238548219,s134.617159264
085_54,s1.409608293,s5.426552197,s190.755359827
085_55,s-1.184236016,s1.967816660,s195.209827650
085_56,s1.056933326,s-0.250837401,s16.872207641
085_57,s2.765544635,s1.995074307,s246.552847346
085_58,s5.132011320,s0.517430987,s58.875118348
085_59,s4.579885342,s2.115741760,s321.315059921
085_60,s-4.551145005,s1.149028715,s260.127993741
085_61,s-5.249048557,s4.277154010,s266.858596839
085_62,s-3.726382930,s1.953375706,s256.499998661
085_63,s-0.085726213,s4.861771269,s237.249752378
085_64,s-2.460803442,s-0.649256771,s195.254742341
085_65,s-0.288123508,s3.094567163,s19.069130624
085_66,s1.255789847,s3.121613376,s315.181012191
085_67,s1.493320651,s1.990646858,s328.256686276
085_68,s3.113238784,s2.417647233,s277.048613785
085_69,s4.012489099,s2.809409524,s284.008187629
085_70,s-3.528869933,s3.438978757,s283.066504544
085_71,s-2.519074349,s4.808837795,s278.147318481
085_72,s-3.254675832,s2.379889658,s65.034230904
085_73,s-1.926976364,s3.399827551,s187.730932812
085_74,s0.987225645,s4.256893493,s297.067483474
085_75,s0.333524427,s5.514581697,s171.470806793
085_76,s2.373251410,s2.631467826,s313.880114351
085_77,s2.149218124,s5.718938859,s149.529623884
085_78,s2.879253968,s4.712976827,s257.856143324
085_79,s4.443544721,s4.298026709,s236.656671912
085_80,s-5.071450437,s5.009932253,s231.093389441
085_81,s-2.093815325,s3.630340263,s40.768421356
085_82,s-3.856269379,s4.807411091,s338.195964331
085_83,s-1.004221970,s4.576121087,s238.166535289
085_84,s-0.529593290,s5.612249625,s224.427346435
086_0,s-4.868818765,s-2.807306776,s185.947920348
086_1,s-4.729824669,s-4.976769176,s69.718816994
086_2,s-1.798824088,s-4.503338290,s37.592394056
086_3,s-0.365580111,s-5.736366673,s136.107108705
086_4,s-1.657508625,s-2.356569844,s180.717289698
086_5,s0.168061903,s-4.751039655,s213.273951015
086_6,s0.928919814,s-4.209626820,s11.728181490
086_7,s2.745669728,s-4.500473972,s276.997876247
086_8,s5.150763623,s-3.302186076,s0.324759613
086_9,s5.038768306,s-5.472231189,s165.739972550
086_10,s-3.453517172,s-3.106791040,s303.515566031
086_11,s-4.274688500,s-4.150405125,s128.821434114
086_12,s-2.657444404,s-2.603363391,s223.513620498
086_13,s-3.860309540,s-3.661578028,s73.486313339
086_14,s0.019102542,s-2.647677900,s120.827431140
086_15,s0.025303087,s-4.020920575,s80.421558560
086_16,s-0.272536548,s-2.854379109,s88.919289341
086_17,s1.031812436,s-2.923597205,s55.704144399
086_18,s3.016058717,s-3.793005975,s9.552142440
086_19,s2.980891844,s-2.736546016,s267.308324177
086_20,s-5.667524215,s0.113223588,s143.004252657
086_21,s-5.535762707,s-2.231685258,s248.104018240
086_22,s-1.644425367,s-3.276664429,s56.492482929
086_23,s-1.783562189,s-2.246290549,s329.294049774
086_24,s-0.523851032,s1.963522367,s37.212554492
086_25,s0.981835871,s-1.117292653,s288.087847172
086_26,s1.181907039,s-3.723553550,s14.665812464
086_27,s2.178243020,s-3.327731137,s161.898061276
086_28,s4.440651976,s-1.401051135,s193.465230148
086_29,s4.656749080,s0.721071730,s38.896089231
086_30,s-2.314924167,s-0.642624021,s184.714378200
086_31,s-2.175723676,s-1.442130574,s323.968779805
086_32,s-1.274191330,s-1.031624035,s83.508268962
086_33,s-1.334346539,s0.420441581,s192.796389697
086_34,s-0.492522243,s-2.588077641,s170.609198026
086_35,s0.840619087,s-0.402675752,s326.273923118
086_36,s0.669063427,s-2.169175189,s275.418137127
086_37,s2.275496548,s-1.662844327,s305.640914380
086_38,s2.674274059,s-1.317359239,s313.819578368
086_39,s5.914432840,s-3.609820158,s47.933823767
086_40,s-5.132975370,s0.511799919,s166.894329899
086_41,s-5.612080222,s-1.113254691,s178.479949604
086_42,s-3.551096027,s1.340843242,s66.159246373
086_43,s0.247354425,s-1.836669322,s84.614755207
086_44,s-1.340228297,s2.785523860,s322.794897941
086_45,s0.315228323,s1.141405779,s107.835336164
086_46,s-0.249527055,s-0.112417064,s201.373342089
086_47,s3.642235097,s-1.206030376,s68.655243394
086_48,s3.575288878,s1.283669373,s255.304028735
086_49,s3.491870205,s0.167304909,s267.291087260
086_50,s-3.932436540,s0.116111893,s278.850310308
086_51,s-1.293582640,s-0.517395643,s266.429478315
086_52,s-3.863814806,s2.385052357,s75.332465521
086_53,s-2.195991570,s1.067119185,s19.462959801
086_54,s-0.756186972,s3.184012595,s307.517659035
086_55,s2.306674438,s0.887139445,s267.277990286
086_56,s1.393108720,s0.561990270,s268.322079655
086_57,s2.778149652,s2.505428182,s299.424976154
086_58,s3.242497542,s3.142230810,s135.018094595
086_59,s5.594108714,s-1.634717683,s14.719101908
086_60,s-5.364402518,s2.146980244,s23.937345487
086_61,s-4.637729968,s1.146395129,s291.170872096
086_62,s-1.273514526,s1.796260193,s234.803097423
086_63,s-1.483985745,s3.241848489,s4.171485673
086_64,s-1.914007385,s2.601223459,s307.132901697
086_65,s-0.414021062,s2.154417821,s71.184579057
086_66,s-0.383345950,s1.488134101,s319.896446821
086_67,s2.257207826,s2.339950510,s214.559386423
086_68,s3.995839023,s4.682412148,s208.474377756
086_69,s5.432847876,s2.494348325,s297.800907400
086_70,s-3.928641622,s2.578183610,s280.672423515
086_71,s-3.612602259,s3.922777617,s114.757584129
086_72,s-2.526528446,s2.343526988,s135.940927711
086_73,s-1.229526914,s5.310841681,s61.012711506
086_74,s0.684304882,s3.398524260,s39.895024077
086_75,s1.623825702,s3.791137511,s344.631858938
086_76,s2.481149268,s4.325292353,s50.867249989
086_77,s2.350004132,s3.075784627,s198.973436346
086_78,s5.389611274,s4.753311082,s196.225186451
086_79,s4.531096872,s2.630548583,s146.787987514
086_80,s-4.204101466,s4.353351184,s128.046021139
086_81,s-0.945443837,s5.736797536,s43.937381878
086_82,s-2.299947047,s3.164847454,s330.497669199
086_83,s-4.070890045,s4.697758428,s30.214083260
086_84,s-0.242072728,s3.692799225,s304.303689655
086_85,s1.585033147,s4.986830588,s315.428609560
087_0,s-4.525876993,s-4.651234886,s34.668506675
087_1,s-1.643438403,s-3.698178984,s201.439614132
087_2,s-3.470588581,s-4.933278059,s358.796281039
087_3,s-1.664109229,s-5.503750957,s287.442222215
087_4,s-1.606899880,s-4.460038585,s27.589873332
087_5,s-0.321551453,s-5.212670489,s107.660148958
087_6,s0.429573255,s-3.948836707,s185.993101474
087_7,s0.631176361,s-4.993623220,s162.940984225
087_8,s1.887828489,s-5.203938188,s77.029308585
087_9,s5.066805238,s-4.091674418,s229.895110812
087_10,s-5.342383675,s-3.722781738,s196.075184888
087_11,s-1.538671864,s-2.465836640,s189.298448704
087_12,s-1.749758705,s-0.266327834,s100.287051895
087_13,s0.200540593,s-5.007002358,s65.878474527
087_14,s-0.842224438,s-3.021699391,s163.600960657
087_15,s2.024106131,s0.230322474,s355.500116754
087_16,s0.838690318,s-3.273187768,s103.242088172
087_17,s2.390571420,s-2.055064610,s356.029076610
087_18,s3.222705226,s-4.739112426,s40.723177287
087_19,s4.968053317,s-3.586638223,s306.556841071
087_20,s-4.441388344,s-3.188986081,s116.389011870
087_21,s-2.723359216,s-3.214593313,s1.826715582
087_22,s-3.106204193,s-1.860621240,s326.045844687
087_23,s-1.693780784,s-2.101721113,s216.858095094
087_24,s-1.406197849,s-0.066162348,s141.476107420
087_25,s-0.120687334,s-1.983321604,s74.364692136
087_26,s1.564860649,s-2.128424603,s211.994905408
087_27,s3.813783457,s-5.314030370,s60.905757757
087_28,s-0.249776637,s-0.298163127,s201.651856993
087_29,s3.903737421,s-2.698205517,s335.027195808
087_30,s-2.620663673,s-0.724692549,s67.513113684
087_31,s-4.157657653,s-1.751507318,s170.798658152
087_32,s-2.755281739,s-2.655013360,s59.688458490
087_33,s-1.803638403,s1.949601084,s52.036558503
087_34,s-0.883338552,s-1.681981415,s14.195955079
087_35,s0.786334682,s-0.514755552,s346.133076391
087_36,s3.153861632,s-2.828000038,s179.996023252
087_37,s3.907194286,s0.146074426,s25.208413844
087_38,s2.921381981,s-1.721033987,s70.405008474
087_39,s5.185948181,s-2.165266306,s45.637543268
087_40,s-5.181470110,s-1.571350847,s211.630696035
087_41,s-4.671470969,s1.232512221,s342.042404230
087_42,s-2.780885832,s0.351654711,s350.537023824
087_43,s-1.540376693,s0.094946787,s167.259608075
087_44,s0.752358233,s-1.940262539,s100.820718595
087_45,s2.442428704,s1.083083766,s163.365853646
087_46,s2.328339084,s-0.578593156,s179.889904956
087_47,s2.710834805,s1.132196321,s60.336712243
087_48,s4.487119713,s1.652112133,s118.951828126
087_49,s5.067526121,s-1.028079775,s317.618185113
087_50,s-4.066119114,s-0.500863935,s145.871143854
087_51,s-2.941609020,s0.798099401,s187.048876620
087_52,s-0.122882025,s-1.788423368,s209.316409722
087_53,s0.373131687,s0.738076753,s168.817375492
087_54,s-1.595525755,s0.825328118,s242.932308677
087_55,s3.034203650,s2.921886592,s234.430403880
087_56,s0.831841602,s1.781850914,s22.133909546
087_57,s2.456872447,s5.251124614,s91.557043194
087_58,s4.572003300,s2.026335404,s225.060815554
087_59,s4.900154330,s-0.104142774,s313.025113103
087_60,s-3.376728671,s2.680477002,s267.726705286
087_61,s-2.882753946,s1.322963446,s350.371474652
087_62,s-2.464656330,s1.836840634,s180.789396253
087_63,s-2.714503886,s3.565246450,s105.123965521
087_64,s-1.553130054,s3.664428556,s315.009096442
087_65,s-2.000018443,s2.696262689,s62.518083351
087_66,s0.473985831,s-0.307516391,s185.212997726
087_67,s1.457909663,s1.113763162,s105.826443247
087_68,s4.097175910,s-0.532185183,s239.451131299
087_69,s2.511368055,s1.691209990,s227.122341304
087_70,s-4.919404268,s1.997742146,s144.175467179
087_71,s-5.104329175,s4.348142485,s197.974181996
087_72,s-4.096215816,s3.165194998,s220.396731134
087_73,s-1.644059933,s3.596684690,s104.614913511
087_74,s2.125187913,s1.964157107,s145.428717934
087_75,s-0.431812807,s4.747331292,s149.915314518
087_76,s-0.510769571,s1.961614418,s68.666062210
087_77,s1.798793395,s3.225869551,s60.564337189
087_78,s2.400009425,s3.433557348,s158.791774408
087_79,s4.293083103,s2.694313618,s198.775851328
087_80,s-4.806057718,s5.107191101,s335.934999755
087_81,s-4.239339840,s4.397720378,s110.441505368
087_82,s-2.587597997,s4.369201257,s208.665294720
087_83,s-1.456375615,s4.894748154,s185.518497177
087_84,s0.074389142,s3.164804369,s87.165741090
087_85,s-1.480453399,s4.989025754,s181.870544463
087_86,s1.461265136,s4.248072589,s267.079823810
088_0,s-5.246919891,s-4.402497148,s352.478380202
088_1,s-3.625860706,s-5.346025258,s13.049716224
088_2,s-2.211482406,s-5.544902239,s267.740492962
088_3,s-2.230902619,s-3.845448390,s143.584233199
088_4,s-0.504246958,s-4.749452054,s284.877071829
088_5,s-0.289284491,s-2.688497009,s158.284276086
088_6,s1.373430586,s-4.791045469,s357.309521749
088_7,s2.593050659,s-5.055665496,s196.149437777
088_8,s3.941098730,s-5.458025552,s53.567409587
088_9,s4.709894357,s-2.557354724,s253.537501071
088_10,s-2.041952709,s-2.128680511,s329.629318528
088_11,s-5.046891417,s-2.635738891,s91.312701413
088_12,s-3.277472742,s-2.836060357,s339.065620157
088_13,s-1.477660809,s-4.682540578,s357.287026338
088_14,s-1.523333874,s-3.581252015,s107.943130188
088_15,s0.440285906,s-5.170208831,s264.247181559
088_16,s1.557258047,s-2.861221110,s85.843417741
088_17,s2.805294565,s-2.199158996,s282.098886086
088_18,s3.440446690,s-1.773791252,s303.146266146
088_19,s5.415661406,s-5.267925602,s313.805473378
088_20,s-4.242495030,s-1.667565587,s308.313131705
088_21,s-3.930988215,s0.452237625,s26.644311924
088_22,s-1.581101604,s-2.826968232,s300.736331896
088_23,s0.588994226,s0.108397268,s117.302020627
088_24,s2.702461220,s-4.112679048,s45.105620195
088_25,s-1.239571292,s-2.170099359,s34.024438676
088_26,s0.552302267,s-2.087662476,s305.074567947
088_27,s1.073310463,s-3.322931003,s267.487143067
088_28,s2.345753361,s0.400787553,s172.966657215
088_29,s5.497697885,s-2.794842080,s62.163648787
088_30,s-5.040576670,s-1.362442711,s208.512202861
088_31,s-0.605346730,s-1.033843693,s324.808736890
088_32,s-3.284863364,s-0.603773180,s228.663781757
088_33,s-0.006689248,s-4.607343321,s248.900594729
088_34,s-1.342113846,s0.214837828,s344.418673012
088_35,s0.115255030,s-0.949446834,s39.869786740
088_36,s3.326947538,s-4.578291831,s311.005236441
088_37,s3.372251612,s-1.900774637,s346.873688926
088_38,s3.229828673,s-0.454335435,s71.736134901
088_39,s5.434629144,s0.238517435,s102.129295779
088_40,s-3.838830181,s-2.737020348,s1.623679620
088_41,s-3.185716350,s0.769653793,s149.336094106
088_42,s-1.815782797,s0.402451197,s344.805994784
088_43,s-1.863490866,s-0.835587178,s358.808928522
088_44,s-0.997158654,s0.984927361,s309.459177130
088_45,s0.136300776,s-2.050881935,s280.954869673
088_46,s3.355248382,s1.163273863,s296.979683017
088_47,s2.387026438,s-2.264741540,s222.296488716
088_48,s0.776808842,s0.818176925,s93.310916091
088_49,s4.749272337,s1.234614815,s211.667326711
088_50,s-4.214502716,s1.102779580,s198.668571309
088_51,s-3.394043457,s2.316255517,s88.575815779
088_52,s-1.144012559,s1.881251579,s337.269821016
088_53,s0.638814368,s1.395599574,s332.564952720
088_54,s1.951685321,s0.925225346,s191.705030070
088_55,s0.067261824,s0.020733871,s92.136943517
088_56,s1.134074144,s-1.027022912,s201.861225161
088_57,s5.024961047,s0.221499839,s28.646795426
088_58,s2.164831354,s1.350316233,s132.042714275
088_59,s5.333776034,s-0.700357134,s128.529566452
088_60,s-5.278469415,s0.258855959,s63.276126688
088_61,s-4.999884401,s1.496714087,s44.888789275
088_62,s-2.265790066,s2.604043631,s236.437096221
088_63,s-0.879544719,s3.013678321,s134.986724700
088_64,s-2.977889278,s0.407918458,s165.654268981
088_65,s-0.396551498,s0.661327488,s235.441679432
088_66,s1.168288182,s2.071474144,s346.585939856
088_67,s2.652132712,s2.929482248,s250.300994478
088_68,s3.810283583,s3.181068347,s123.533803303
088_69,s5.427127310,s1.817324450,s109.578789242
088_70,s-2.567616714,s3.133819425,s120.963915667
088_71,s-4.898918929,s2.076666996,s236.103009013
088_72,s-2.033220817,s4.325710493,s96.752015023
088_73,s-1.059909623,s3.692580269,s142.676558866
088_74,s-0.059382762,s2.034588604,s87.990275622
088_75,s1.212601078,s3.394816884,s337.204801965
088_76,s1.169802388,s2.773656826,s98.623691900
088_77,s2.263332118,s4.147485686,s29.072912679
088_78,s4.229002750,s1.535179410,s47.430005217
088_79,s4.122269903,s3.930631710,s240.007932180
088_80,s-4.163834337,s4.922895569,s237.426552422
088_81,s-3.187498234,s5.309090227,s317.048005614
088_82,s-1.135441438,s5.215084555,s209.628981671
088_83,s-1.750425218,s3.548569820,s320.130742730
088_84,s-0.909013748,s4.497946444,s350.250909195
088_85,s-0.106012500,s3.281170274,s286.037924371
088_86,s0.260599972,s5.183136771,s222.824096086
088_87,s0.661714112,s4.253037106,s224.481858961
089_0,s-1.970045752,s-3.254037835,s204.518652137
089_1,s-4.287903134,s-4.954886767,s138.464618172
089_2,s-1.978511431,s-5.199138785,s123.012948218
089_3,s-0.966488958,s-2.996118242,s147.351808195
089_4,s-0.664658166,s-5.300197178,s218.071567978
089_5,s0.646838002,s-4.210191212,s125.345972615
089_6,s0.261138969,s-4.825880922,s138.186477451
089_7,s2.607622927,s-5.337277726,s331.433726102
089_8,s3.739730289,s-5.116287565,s46.493327560
089_9,s4.287617342,s-5.308685491,s358.500597383
089_10,s-4.405344321,s-3.171012420,s357.633333291
089_11,s-5.111911476,s-2.267825098,s117.978338468
089_12,s-4.233171325,s-0.995156448,s114.450247546
089_13,s-2.149941861,s-1.460666713,s283.263544789
089_14,s-0.035935689,s-2.852958574,s203.357570441
089_15,s1.160129127,s-2.360590238,s153.522658285
089_16,s2.922060856,s1.406095426,s198.662505523
089_17,s2.872377842,s-1.623158470,s351.572501477
089_18,s4.005132387,s-3.517774012,s135.396168746
089_19,s5.045259939,s-4.273156062,s44.608941787
089_20,s-5.027489812,s-1.037353337,s87.820199869
089_21,s-3.563523429,s-2.881370230,s155.971472767
089_22,s-2.471447541,s-4.207909407,s259.013978281
089_23,s-0.672575141,s-2.215620056,s291.196979947
089_24,s0.031009786,s-1.445903829,s31.617152334
089_25,s-1.840158703,s-5.070097739,s151.336804294
089_26,s1.444733774,s-0.450315646,s10.681961044
089_27,s2.355794058,s-4.634682628,s268.489083571
089_28,s2.004496921,s-2.848595506,s40.337941255
089_29,s4.984228051,s-2.263511735,s322.540121341
089_30,s-2.884364683,s-1.447951953,s354.151145551
089_31,s-1.391504149,s-0.008407379,s197.964353645
089_32,s-2.922219946,s-2.187373040,s16.981763544
089_33,s-1.830825759,s2.185253434,s83.670415856
089_34,s0.023588149,s-1.270504827,s57.160829282
089_35,s0.071084377,s-2.278855119,s200.543752360
089_36,s1.040810186,s-0.144922693,s180.960125373
089_37,s0.978309246,s-3.677995901,s344.705665036
089_38,s4.877124147,s-1.488666898,s20.240234970
089_39,s5.215262830,s1.425988991,s186.952051428
089_40,s-4.936548359,s-0.670650070,s322.614704756
089_41,s-3.717191666,s0.614186621,s2.181553438
089_42,s-3.577211470,s2.553635064,s245.369638780
089_43,s-1.508676264,s-1.151291553,s355.599182022
089_44,s-0.549952904,s-0.859044590,s356.835269158
089_45,s-1.191212062,s1.891648249,s204.625723683
089_46,s0.073356452,s-0.602227524,s45.563706346
089_47,s0.591970050,s1.391460481,s304.841852097
089_48,s4.044303661,s-0.316487331,s336.977153228
089_49,s5.184978536,s-1.122010696,s295.671068172
089_50,s-3.783800857,s1.572802928,s340.354384805
089_51,s-2.639743884,s2.784223441,s340.545360265
089_52,s-1.693794911,s2.911011784,s12.963044933
089_53,s0.367934120,s3.176795036,s285.534278931
089_54,s-0.747586534,s-0.461195179,s116.751902703
089_55,s1.639805078,s2.176251964,s89.287126345
089_56,s1.786183228,s3.012142900,s47.488846706
089_57,s1.950098681,s0.725333512,s321.663174227
089_58,s2.796271124,s-0.323986923,s172.153302705
089_59,s5.087083447,s2.279829702,s239.656031472
089_60,s-5.040817548,s3.046226267,s186.704813186
089_61,s-5.027033177,s-0.085792904,s42.414815412
089_62,s-1.877478559,s0.522951786,s219.012674473
089_63,s-0.978194022,s3.678578302,s153.919511889
089_64,s-0.012126333,s1.432399933,s34.058411775
089_65,s0.599991773,s0.248754082,s275.099781980
089_66,s0.452626884,s1.875260921,s185.596225854
089_67,s4.938676853,s3.857176905,s227.624500687
089_68,s3.944185128,s0.913891220,s133.281036761
089_69,s3.594565006,s2.009532638,s123.186885518
089_70,s-5.030893991,s4.107615998,s39.111235112
089_71,s-4.699345967,s1.883551730,s356.787339699
089_72,s0.863346856,s3.159452818,s190.250544394
089_73,s-1.138923504,s4.610682301,s229.411417922
089_74,s-1.117371078,s2.431369552,s196.283086507
089_75,s1.011259070,s4.150728165,s1.781585294
089_76,s2.687634108,s4.062474583,s172.576501706
089_77,s3.071705476,s1.878591632,s98.046829768
089_78,s1.478180104,s4.487621693,s244.188959643
089_79,s5.306349147,s3.824042111,s60.322088145
089_80,s-5.111911476,s5.042189749,s96.960605386
089_81,s-3.686731661,s4.266182663,s148.756314338
089_82,s-2.190628949,s3.325988760,s216.515879247
089_83,s-2.552446756,s5.143603584,s10.585113097
089_84,s-0.662826733,s4.786053464,s241.493605527
089_85,s-0.068255873,s4.925628427,s180.158002138
089_86,s0.797277866,s3.266260508,s87.529906801
089_87,s2.625560975,s4.521044501,s121.146074325
089_88,s4.299787110,s5.018463647,s276.271386477
090_0,s-5.266947602,s-5.190878893,s11.601635985
090_1,s-2.337409639,s-5.234801970,s108.643187399
090_2,s-1.855877814,s-4.478143415,s328.623760650
090_3,s-2.016013604,s-2.916073838,s27.921355970
090_4,s-0.634864511,s-5.447349276,s358.990180259
090_5,s-2.256330322,s-5.595925462,s55.423252065
090_6,s0.023646638,s-2.518559253,s267.577023538
090_7,s4.359192714,s-5.526470202,s351.069606844
090_8,s0.183118798,s-4.578301524,s185.244796444
090_9,s3.825612746,s-4.294603391,s199.094546999
090_10,s-5.370432218,s-3.350695141,s261.795773797
090_11,s-2.843166511,s-2.547858346,s293.771753254
090_12,s-1.665154065,s-2.251813493,s78.339505130
090_13,s0.438530491,s-1.451168100,s71.265806466
090_14,s-0.514519548,s-5.066219428,s37.403264095
090_15,s2.227531803,s-3.419376272,s138.031095733
090_16,s2.482785664,s-4.721622604,s146.821309594
090_17,s2.794970794,s-2.677618722,s84.728084508
090_18,s3.916889519,s-1.586674227,s63.502780288
090_19,s5.089214251,s-2.374708175,s202.133330032
090_20,s-3.282957204,s-2.182286176,s159.770015291
090_21,s-4.947286290,s-1.374025660,s157.280455829
090_22,s-1.914638991,s-1.641532934,s135.600903729
090_23,s-1.020570507,s-1.210863779,s324.181351903
090_24,s0.333283076,s0.912800278,s285.953441672
090_25,s-0.874113249,s-3.109425365,s275.372069504
090_26,s1.723923432,s-2.527954308,s159.691217849
090_27,s0.779792494,s-1.725730111,s248.757739173
090_28,s3.732340099,s-3.592127408,s44.720869352
090_29,s4.212739068,s-1.397374930,s34.024661384
090_30,s-5.534458846,s-0.745832162,s192.803616729
090_31,s-2.635376732,s-2.237764931,s113.135626776
090_32,s-3.780305793,s-1.716980675,s109.573247024
090_33,s-0.535438380,s-1.954403335,s100.597509496
090_34,s-0.431903924,s-1.180884181,s327.578639640
090_35,s2.730327138,s-0.699885960,s249.039294122
090_36,s-0.268110197,s-0.812413337,s18.876546873
090_37,s3.228679653,s-2.470564176,s9.037068313
090_38,s2.363661711,s0.000056386,s156.675430514
090_39,s4.882501707,s-1.234928852,s258.433455638
090_40,s-4.807232853,s0.141900702,s274.845296323
090_41,s-3.306073952,s-0.252322269,s240.930379458
090_42,s-3.449336728,s0.618768245,s178.648055154
090_43,s0.172425513,s2.100893993,s120.251830902
090_44,s-1.437764167,s0.050520473,s1.127991826
090_45,s1.227018871,s-0.821434676,s282.005706630
090_46,s1.259588715,s-0.444791179,s309.570712919
090_47,s4.696574679,s-0.322497717,s269.949967257
090_48,s2.104544827,s0.218194005,s181.476208175
090_49,s5.204670737,s-0.325639263,s237.019602873
090_50,s-4.227178316,s1.197320974,s178.535897160
090_51,s-2.323170706,s1.410622149,s167.029450240
090_52,s-2.435623598,s-1.384306471,s354.392830888
090_53,s-1.104309575,s1.727096395,s20.942946291
090_54,s-1.087080876,s0.813641640,s116.303863498
090_55,s0.816129951,s0.360216645,s279.843294442
090_56,s2.250648054,s0.813522637,s244.323847326
090_57,s3.550057674,s0.336974781,s104.669839407
090_58,s4.081446318,s1.421472441,s239.227368242
090_59,s5.203832534,s1.873252937,s27.338601172
090_60,s-3.699766570,s3.116148496,s258.801838859
090_61,s-4.669306019,s1.922918024,s284.092775978
090_62,s-1.809754896,s2.000879476,s20.019155157
090_63,s-1.482672850,s3.168655506,s317.543190041
090_64,s1.459289690,s2.094582962,s277.295345754
090_65,s0.724834736,s0.902940449,s221.307538927
090_66,s1.859420768,s1.462975363,s55.089587657
090_67,s2.954638082,s3.766007145,s237.050785412
090_68,s2.329310024,s4.424353003,s273.741183394
090_69,s4.307459014,s3.648282168,s66.789917873
090_70,s-5.300769853,s2.877622359,s315.640852733
090_71,s-2.884608573,s3.741868062,s230.290568524
090_72,s-3.098279294,s1.576878383,s40.094157458
090_73,s-2.860159730,s4.478756077,s225.677853185
090_74,s0.748544534,s4.158719446,s314.291484994
090_75,s1.743843310,s3.809992060,s145.550823725
090_76,s0.402066763,s1.240022226,s324.483320264
090_77,s1.213752337,s2.751400292,s326.654159980
090_78,s2.937069434,s1.795117715,s56.350709256
090_79,s4.984986360,s2.641625820,s164.514390245
090_80,s-5.263004676,s4.599116898,s274.097613764
090_81,s-2.844397244,s5.216885165,s325.633204046
090_82,s-2.089247769,s4.697114756,s242.792297848
090_83,s-0.156183201,s5.227503866,s293.798172211
090_84,s1.091846960,s4.501821908,s66.944367424
090_85,s-1.414267614,s3.804512121,s6.631520961
090_86,s1.331485466,s5.094510290,s9.251586160
090_87,s3.262612740,s5.266286616,s256.674308968
090_88,s4.305360353,s4.466336988,s158.712050855
090_89,s4.586621697,s4.835607540,s70.655165178
091_0,s-4.803630123,s-5.039444862,s356.871776130
091_1,s-2.799176967,s-5.087432039,s327.577632944
091_2,s-2.636805158,s-4.530957865,s176.376187456
091_3,s-1.412690381,s-4.884870840,s44.090484157
091_4,s-0.609896901,s-4.032359378,s82.316198494
091_5,s0.313345049,s-5.098506835,s260.920348816
091_6,s1.374919960,s-4.558706671,s29.687040644
091_7,s3.021409870,s-3.731038806,s86.719405960
091_8,s3.415429641,s-5.260303973,s139.067617552
091_9,s5.044827066,s-4.530391489,s297.186990499
091_10,s-3.968470460,s-1.040616915,s132.528849474
091_11,s-3.978926948,s-4.260568626,s128.791465628
091_12,s-1.285164395,s-1.496012078,s346.030668682
091_13,s-1.959416010,s-5.269515255,s268.553927876
091_14,s-0.299172425,s-3.593305054,s196.281490388
091_15,s1.391096483,s-0.655834164,s147.294972681
091_16,s-0.125828198,s-5.256777907,s121.804996412
091_17,s3.627602472,s-0.886907297,s349.385734943
091_18,s1.206232805,s1.414125921,s125.107103595
091_19,s5.126193146,s-2.658251071,s132.798518084
091_20,s-4.929099204,s-0.664132913,s331.394533024
091_21,s-4.886686056,s-1.939914675,s139.300138340
091_22,s-1.793182880,s-3.550751773,s3.325335750
091_23,s-0.814067445,s-3.593692788,s123.730357702
091_24,s-1.513527599,s-2.656527489,s336.722146973
091_25,s0.957985291,s-3.518981650,s48.973121041
091_26,s-0.062935570,s-2.862778114,s179.898581283
091_27,s2.326789334,s-2.621836138,s226.243868504
091_28,s4.494952403,s-4.245920156,s42.358597252
091_29,s3.383423356,s-1.783183637,s191.516337678
091_30,s-5.406460284,s-0.067223298,s359.433518371
091_31,s-2.535436967,s-1.862399331,s224.177857517
091_32,s-3.776692270,s-3.278239178,s24.290994049
091_33,s0.476984678,s-1.096021641,s37.111598746
091_34,s-0.509456369,s1.214372891,s295.434734633
091_35,s-1.053855466,s-2.212230486,s260.677544036
091_36,s0.622379632,s0.837220654,s310.962562892
091_37,s1.185550165,s-1.301201322,s315.931071086
091_38,s1.734957362,s-1.318610860,s240.606360352
091_39,s3.189729366,s-0.039191397,s223.195493902
091_40,s-5.019738846,s-1.233745263,s246.808443864
091_41,s-2.698728676,s-0.780974582,s41.728730107
091_42,s-1.690005203,s-0.992892418,s246.894377299
091_43,s-3.257511190,s0.395062715,s187.495642177
091_44,s-0.746749575,s-0.673723729,s184.109136754
091_45,s-0.191354846,s-0.653703743,s337.709718071
091_46,s-1.078036040,s0.687428843,s13.291924499
091_47,s0.113023759,s0.228543329,s240.459336075
091_48,s1.850646780,s-0.642593854,s217.236483876
091_49,s4.871686385,s-2.102582608,s324.238573915
091_50,s-4.060241701,s0.944908035,s281.841207353
091_51,s-1.526691172,s1.713635033,s264.791176357
091_52,s-2.341984885,s-0.053257635,s121.864251944
091_53,s-1.442123036,s-0.539477394,s319.570314808
091_54,s-3.530573290,s1.230880574,s14.432886653
091_55,s-0.074825326,s2.987676503,s69.725752546
091_56,s3.560435602,s0.665340930,s211.066807201
091_57,s2.854935944,s1.108098940,s285.306247484
091_58,s4.656000542,s1.459604910,s148.022939344
091_59,s1.629818293,s2.753619155,s80.679213969
091_60,s-5.406460284,s1.475608637,s339.492218920
091_61,s-4.961218691,s2.932622297,s140.018456267
091_62,s-4.378070590,s0.040446799,s349.549391874
091_63,s-0.630135695,s2.569608839,s282.416859735
091_64,s1.206773808,s3.292811142,s356.838994052
091_65,s0.596637770,s1.729845439,s155.003684643
091_66,s1.921253164,s0.392261624,s222.045943217
091_67,s3.601740274,s2.483462271,s221.316122450
091_68,s5.126193146,s-1.416796598,s176.309810530
091_69,s4.242008533,s-0.945134858,s93.592534832
091_70,s-3.366289454,s5.055475973,s117.589034200
091_71,s-3.853423734,s2.144808514,s79.906379706
091_72,s-2.787912636,s2.069891368,s160.302036172
091_73,s-0.164904247,s2.993238684,s72.235244974
091_74,s0.232179315,s4.988656378,s128.459440683
091_75,s1.209401193,s4.026582625,s148.358685593
091_76,s1.629903195,s2.726646947,s243.740358222
091_77,s1.125282373,s0.936508055,s216.619907863
091_78,s3.731731175,s4.898900140,s152.137621477
091_79,s4.444869454,s0.450899276,s120.402030992
091_80,s-5.078714208,s3.721335010,s263.556755249
091_81,s-2.816298513,s4.083779261,s332.574584695
091_82,s-1.563754207,s4.085670032,s17.527064694
091_83,s-1.132957201,s4.879082108,s146.625409536
091_84,s-1.671898119,s5.157347066,s203.647922943
091_85,s3.141189306,s4.167735587,s270.244834195
091_86,s-0.467960248,s5.065620797,s2.763240209
091_87,s2.873752077,s4.919438689,s172.417073520
091_88,s3.268226591,s3.304350398,s47.275383579
091_89,s5.021626909,s3.876097415,s143.102259132
091_90,s-1.967716852,s4.665730073,s216.456904607
092_0,s-5.252711712,s-4.891633746,s219.965009809
092_1,s-3.904323212,s-3.237066874,s83.662636598
092_2,s-4.323405296,s-5.155915669,s73.184758367
092_3,s-1.446018540,s-3.390022621,s251.838222953
092_4,s-0.924546806,s-5.108231900,s132.263416693
092_5,s1.114492593,s-3.086472874,s100.208434616
092_6,s-0.952431766,s-5.514170042,s191.040506572
092_7,s1.874439908,s-5.022016976,s150.548761719
092_8,s2.626824729,s-4.551098081,s295.854391684
092_9,s3.657066415,s-3.746142681,s129.381373067
092_10,s5.422554523,s-2.489276384,s312.854127963
092_11,s-5.939797576,s-2.520399976,s162.894755230
092_12,s-3.045758340,s-3.580059009,s125.573197304
092_13,s-2.246023801,s-3.228355564,s26.130995743
092_14,s-1.351669628,s-2.847194714,s90.737344302
092_15,s-0.160405648,s-2.626480465,s109.335193868
092_16,s1.731750188,s-3.162779763,s42.138533494
092_17,s0.735922014,s-5.640925451,s108.617529976
092_18,s1.464361532,s-1.360606723,s50.594192974
092_19,s2.470627215,s-3.758858962,s246.652073636
092_20,s3.226273378,s-1.744202576,s54.685822770
092_21,s5.746292839,s-3.235930438,s242.054450930
092_22,s-5.940643064,s-1.238000666,s328.933945426
092_23,s-4.067611260,s-0.104659473,s14.351993568
092_24,s-4.406073124,s-1.372988152,s345.314863326
092_25,s-0.924215341,s-0.875788248,s79.958677083
092_26,s-2.172810098,s-2.083028194,s233.657898188
092_27,s-0.231979220,s1.508593183,s12.493928620
092_28,s-1.633133146,s-1.949065513,s179.291790526
092_29,s2.479104213,s0.176046012,s118.191173864
092_30,s0.929718276,s-1.172205064,s318.343674144
092_31,s2.142909083,s-1.946909256,s259.100887527
092_32,s5.503117985,s-1.248853260,s317.490912481
092_33,s-5.653613510,s0.801248280,s92.230239723
092_34,s-3.772193711,s0.572620958,s144.845152078
092_35,s-2.327342940,s-0.573990327,s251.068047486
092_36,s-3.591416673,s-3.001826374,s36.644604794
092_37,s-1.306060997,s0.223133233,s232.571593350
092_38,s0.888175697,s-2.380402759,s161.571719306
092_39,s0.507698046,s-0.876626394,s160.796441062
092_40,s3.126362559,s-1.127106336,s169.178544301
092_41,s2.910740236,s0.177866163,s233.162975825
092_42,s3.922282591,s-2.874005482,s115.011076975
092_43,s4.148702759,s-0.078806629,s92.857444623
092_44,s-5.532784460,s1.145866662,s350.391879331
092_45,s-3.875127724,s1.563168384,s300.207703791
092_46,s-2.382796007,s0.426104868,s119.946510486
092_47,s-2.904806377,s0.865208619,s50.706442949
092_48,s-2.448281939,s1.362734834,s100.681121425
092_49,s0.589311670,s1.133501921,s326.051736273
092_50,s2.064418572,s-1.193235086,s145.752123102
092_51,s2.880185748,s0.677285907,s57.046554175
092_52,s4.421727496,s2.989376200,s278.964425719
092_53,s3.501097930,s0.530225430,s77.301720956
092_54,s5.186613017,s2.186069775,s135.047085668
092_55,s-3.289506377,s2.006016220,s293.624412251
092_56,s-3.487965507,s3.032564082,s162.779710027
092_57,s-2.433902870,s3.419644884,s345.863242658
092_58,s-1.514396359,s1.324369802,s195.567436733
092_59,s0.192072958,s2.304164467,s151.121247420
092_60,s-0.682550418,s-1.214605382,s300.156269825
092_61,s1.212082007,s0.858256380,s218.082770917
092_62,s1.918800311,s2.482101971,s264.032046441
092_63,s1.867055758,s1.331350137,s106.686910923
092_64,s4.971159877,s-2.370368037,s266.036933925
092_65,s5.474011530,s2.753159592,s188.354762109
092_66,s-5.848345935,s3.114628905,s239.819064023
092_67,s-5.704758677,s4.517412450,s146.810756596
092_68,s-3.427172966,s3.064049367,s345.367184026
092_69,s-2.465083598,s0.809336845,s76.232376069
092_70,s-0.437905273,s2.582944187,s57.849541678
092_71,s0.674804576,s2.709368776,s42.394420012
092_72,s1.262667186,s1.447944513,s173.470250819
092_73,s0.493880680,s4.271456682,s57.473384014
092_74,s2.948640941,s1.807434043,s211.551793657
092_75,s2.845052694,s2.756553212,s254.591649551
092_76,s5.598514968,s4.586603386,s184.052134777
092_77,s-4.503374566,s2.609944647,s335.858842081
092_78,s-4.304638555,s4.094212059,s285.088624555
092_79,s-1.521508115,s4.111330779,s320.001858877
092_80,s-0.766120427,s4.560284055,s239.553450279
092_81,s-0.569109717,s3.623024875,s157.975183427
092_82,s1.241717100,s5.035567734,s89.393483392
092_83,s3.051262655,s4.671526407,s289.561469810
092_84,s1.456754520,s4.423264122,s136.047045758
092_85,s4.113670942,s4.739309736,s67.974173471
092_86,s3.474784579,s3.399366966,s127.314524416
092_87,s5.731348121,s1.341358563,s17.027938149
092_88,s-4.260095965,s5.740624239,s75.910170521
092_89,s-1.831996717,s5.972756636,s68.933357998
092_90,s-3.196742975,s5.890437101,s132.609612675
092_91,s-1.341463625,s4.938853148,s110.632809880
093_0,s-5.676134486,s-5.283187447,s20.163320268
093_1,s-4.153613917,s-5.780140039,s190.836144486
093_2,s-1.776588790,s-4.519416701,s184.657344140
093_3,s-1.811643742,s-3.626163238,s99.587375307
093_4,s-2.427859912,s-6.170540733,s117.724724525
093_5,s-1.125813914,s-2.658957238,s40.067601041
093_6,s0.400964546,s-4.113462536,s72.123817244
093_7,s0.558781971,s-3.152579761,s131.000782562
093_8,s1.349881962,s-5.341182651,s196.160077373
093_9,s3.320230777,s-3.394133068,s325.356329359
093_10,s2.865448215,s-5.824978262,s309.405183797
093_11,s-4.886237721,s-2.490879744,s180.400798336
093_12,s-3.620230951,s-4.294857907,s185.890342762
093_13,s-2.769264912,s-2.727477627,s353.589811969
093_14,s-1.354273181,s-2.356983155,s15.405219418
093_15,s-0.414896744,s-3.706469726,s342.395676885
093_16,s0.911062696,s-2.320917535,s257.512720742
093_17,s2.475565771,s-2.979464073,s319.503962964
093_18,s2.316158935,s-4.593190853,s88.085694348
093_19,s3.036986647,s-2.392829234,s235.497212274
093_20,s4.484741783,s-2.951108852,s116.745220904
093_21,s5.987544671,s-3.132408349,s141.588635638
093_22,s-3.667176237,s-3.120934718,s44.785724468
093_23,s-3.563751933,s-0.326074352,s355.622134113
093_24,s-3.121928874,s-2.132175717,s238.068746679
093_25,s-0.761922748,s-1.512467201,s266.461456729
093_26,s-1.798662598,s2.129229293,s215.527197359
093_27,s-2.292834008,s-0.477860181,s300.090734935
093_28,s2.002653391,s-0.321657732,s199.067531000
093_29,s1.183625249,s-0.487204187,s220.960580991
093_30,s2.715636229,s-0.428105054,s148.038115392
093_31,s4.114030243,s-2.372185422,s142.736261534
093_32,s5.311853827,s-1.939524021,s205.138437609
093_33,s-5.950556848,s-1.769364347,s114.287905418
093_34,s-3.031447662,s0.544412262,s307.901305058
093_35,s-1.537786736,s-1.978563670,s219.336372985
093_36,s-3.062261595,s-0.864240003,s119.593861638
093_37,s-0.790368355,s-2.502474546,s266.523969553
093_38,s0.863547481,s-1.283409648,s284.867389130
093_39,s-0.431922899,s-0.362709183,s265.019872067
093_40,s0.688657571,s-0.018220133,s33.387781472
093_41,s2.752033068,s-1.210215400,s240.997756487
093_42,s5.889620729,s1.831740057,s226.378062411
093_43,s4.272459774,s-0.792324235,s155.147361450
093_44,s-4.885192419,s-1.382398728,s247.544979277
093_45,s-5.605290477,s1.821731447,s2.398389589
093_46,s-4.555762284,s0.105970962,s232.368815969
093_47,s-4.048899483,s0.962893380,s339.427963236
093_48,s-2.503977118,s0.287517661,s140.984269486
093_49,s0.127171023,s0.378674615,s316.771909277
093_50,s0.193431305,s1.475795485,s41.844833973
093_51,s2.150451007,s1.098730849,s264.785307258
093_52,s2.519381172,s0.379791580,s27.734634603
093_53,s3.959024472,s0.225016959,s63.983710525
093_54,s5.583968653,s3.156852041,s293.756384254
093_55,s-3.486950012,s0.199291700,s61.745219328
093_56,s-2.809470928,s1.439433319,s248.317504440
093_57,s-0.831831500,s2.555403588,s90.487745476
093_58,s0.140835847,s1.698170472,s72.280674396
093_59,s-1.396307340,s0.037895309,s193.499738636
093_60,s-0.101634653,s4.977367797,s229.034155854
093_61,s1.337664467,s2.781519717,s229.283624337
093_62,s3.554503315,s1.761607323,s339.177721993
093_63,s2.565421962,s2.444011220,s169.190692018
093_64,s4.628768859,s0.472505719,s58.796975707
093_65,s6.209108722,s1.664655595,s233.090916316
093_66,s-6.511903711,s3.210256138,s25.251527332
093_67,s-5.876562142,s3.825933898,s97.022405950
093_68,s-2.826857422,s3.180206330,s292.085458816
093_69,s-4.663722156,s1.502389162,s293.774865337
093_70,s-0.896387318,s3.109024979,s69.296549391
093_71,s-0.501223249,s2.887764124,s199.211426010
093_72,s1.059963065,s1.024734177,s41.458073733
093_73,s0.345983874,s3.352099102,s152.388844287
093_74,s2.224845183,s2.857247166,s104.232955952
093_75,s5.556731449,s4.795210793,s120.645088038
093_76,s4.292350308,s2.420312429,s59.256022898
093_77,s-3.506372152,s5.777151620,s291.711078231
093_78,s-5.275843760,s2.052802661,s78.530884409
093_79,s-2.058137280,s2.259593383,s137.232974645
093_80,s-2.178228878,s3.906032305,s58.995743739
093_81,s-1.172718560,s4.487467747,s317.847146731
093_82,s-0.527286552,s5.472015777,s43.456264820
093_83,s0.657403915,s5.775180326,s222.632844030
093_84,s1.706088591,s4.601620042,s288.791460490
093_85,s2.804913901,s3.720421975,s263.806214129
093_86,s6.315656137,s4.590052201,s317.785943182
093_87,s5.632207658,s5.514642575,s26.131725989
093_88,s-4.959269069,s6.364449133,s178.881441550
093_89,s-5.014546380,s4.889413067,s314.768210018
093_90,s-3.390923751,s3.967661202,s106.844209976
093_91,s-2.751536392,s5.388270665,s255.270413656
093_92,s-1.613398734,s5.333168741,s36.027083640
094_0,s-5.179697019,s-3.630429036,s80.224097961
094_1,s-3.945950541,s-5.835630612,s246.051038518
094_2,s-2.874161569,s-5.579761014,s1.329243101
094_3,s-0.850593636,s-5.670890779,s173.025373160
094_4,s-1.568849151,s-2.893844807,s17.959479846
094_5,s-1.150592974,s-4.189604288,s126.336114845
094_6,s0.579088816,s-5.927945409,s108.612993045
094_7,s2.768743638,s-4.689872681,s346.195444866
094_8,s2.551820297,s-5.537652120,s309.485192662
094_9,s3.543664447,s-5.881739661,s286.357210499
094_10,s6.013510699,s-4.284558364,s179.875755064
094_11,s-6.023288266,s-2.865008688,s278.983445700
094_12,s-3.357604231,s-3.924592777,s16.991164401
094_13,s-2.067751941,s-4.398720478,s74.850644580
094_14,s-3.227059689,s-3.677215997,s333.679795598
094_15,s-0.380606132,s-0.950582574,s238.802042391
094_16,s1.729067109,s-4.089952433,s132.266074867
094_17,s3.173127780,s-4.264176424,s74.782609260
094_18,s3.237133183,s-1.754212110,s101.624846427
094_19,s4.126394222,s-4.574963950,s148.787280875
094_20,s4.598394883,s-4.224690748,s299.104630028
094_21,s5.357647430,s-3.111389805,s243.094089364
094_22,s-4.612197257,s-1.572002209,s337.569731077
094_23,s-5.059722406,s0.372907107,s132.726969197
094_24,s-4.065633573,s-3.016001960,s291.141483528
094_25,s-1.580531579,s-2.499996516,s156.830378140
094_26,s-1.475617788,s-1.652338946,s12.033152177
094_27,s0.655335510,s-4.465063999,s79.289834794
094_28,s1.261183167,s0.523722850,s240.101096880
094_29,s0.163802462,s-3.427754654,s118.046926436
094_30,s1.633338752,s-2.535716831,s129.156428808
094_31,s3.597192924,s0.002590195,s59.300098930
094_32,s3.037648658,s-2.726350034,s315.795586810
094_33,s-5.766759753,s-3.034642788,s284.861510773
094_34,s-0.879473108,s0.189444974,s222.698939890
094_35,s-2.888844157,s-1.913412429,s69.041349302
094_36,s-2.347832612,s-0.915211202,s76.911131505
094_37,s-0.405709643,s0.103028682,s71.569228084
094_38,s-0.104532162,s-2.757794330,s266.252953674
094_39,s0.086593982,s-2.279452515,s288.952383932
094_40,s-0.052718716,s-0.927255390,s148.508520315
094_41,s2.606203184,s-1.253906697,s89.264298395
094_42,s5.973609126,s-2.484681633,s87.471356219
094_43,s5.849169380,s-0.395378583,s329.494680509
094_44,s-6.014551864,s-1.595535506,s175.577756286
094_45,s-3.754671122,s-1.215615381,s145.541189708
094_46,s-5.884417900,s2.129313696,s248.915177312
094_47,s-1.739599002,s0.304652059,s284.145003803
094_48,s-0.747247783,s-1.100992864,s118.633808725
094_49,s-1.325818517,s-0.122621425,s7.586753216
094_50,s-0.447009994,s1.320486627,s154.336231077
094_51,s2.580149671,s-0.515376302,s109.080812496
094_52,s2.637821350,s1.176702915,s335.743644588
094_53,s4.629641471,s-0.078647599,s224.221396255
094_54,s5.837838554,s0.222785915,s155.105822370
094_55,s-5.820764025,s0.203670901,s188.837044724
094_56,s-1.204966054,s1.601323138,s197.226028933
094_57,s-3.127107859,s-0.719822098,s356.200340130
094_58,s-0.960960972,s2.202830955,s103.703480769
094_59,s0.524798915,s2.011033113,s160.386023495
094_60,s0.795341977,s1.040328791,s145.824652633
094_61,s1.387636504,s-1.140029881,s95.570913659
094_62,s2.405715872,s0.071256902,s144.793560531
094_63,s2.380490349,s1.823158903,s136.773025291
094_64,s4.596490699,s0.512065427,s270.362673432
094_65,s5.504993903,s0.962242291,s273.949829168
094_66,s-5.526011786,s2.972017031,s38.531572761
094_67,s-3.244238716,s1.464564592,s40.588329746
094_68,s-2.635788572,s3.113760424,s234.839017639
094_69,s-2.627027216,s0.635185670,s267.582182876
094_70,s-0.478370961,s2.426182919,s104.291232228
094_71,s1.321098094,s1.205476519,s39.075297450
094_72,s2.005689972,s2.282431434,s199.452751370
094_73,s1.879694716,s0.156414487,s184.189236173
094_74,s2.142951760,s4.133310905,s51.058983982
094_75,s3.164034287,s1.100353609,s330.737484403
094_76,s5.030431548,s1.768610106,s210.765484087
094_77,s-4.384539518,s2.016794383,s239.410857651
094_78,s-4.959545504,s3.380466211,s5.793290655
094_79,s-2.397407358,s2.763560176,s354.008530622
094_80,s-1.671588307,s3.238926644,s339.576833900
094_81,s-0.288945093,s2.754061602,s290.475883167
094_82,s-0.341458962,s4.821682530,s334.461698733
094_83,s1.148638703,s4.962221766,s288.835611046
094_84,s0.020710452,s4.395514968,s195.546549614
094_85,s3.558957941,s4.649793577,s101.618260388
094_86,s3.604029459,s2.578979849,s29.321406867
094_87,s4.171258951,s3.117317426,s158.083460210
094_88,s-5.627221746,s4.046641519,s219.555731261
094_89,s-4.614194121,s4.933526075,s268.159476906
094_90,s-3.787431902,s5.684352071,s12.637596969
094_91,s-1.689753467,s4.327921369,s319.810132859
094_92,s-0.614356535,s3.989556423,s87.841559976
094_93,s1.078031213,s5.777671449,s301.067472529
095_0,s-5.389633460,s-5.637272167,s255.614855181
095_1,s-4.800227625,s-5.924725797,s140.275944066
095_2,s-3.863541852,s-3.601695205,s277.799101595
095_3,s-2.538176277,s-5.813021193,s94.728580705
095_4,s-1.068716193,s-5.766222823,s165.065991787
095_5,s0.399180653,s-5.716150298,s83.183034206
095_6,s0.481516967,s-2.454927091,s30.054438653
095_7,s1.227741381,s-5.944189754,s182.627869395
095_8,s2.135655996,s-5.870319748,s88.810565910
095_9,s3.793635666,s-3.663383984,s29.932446730
095_10,s5.184705297,s-5.926748709,s3.242748735
095_11,s-3.715441909,s-1.968238502,s50.102080504
095_12,s-5.139144083,s-3.473790666,s115.721115155
095_13,s-1.567060430,s-4.121595359,s305.741977087
095_14,s-3.360685716,s-3.656288889,s355.526238049
095_15,s-0.930447766,s-2.981162586,s30.706946111
095_16,s3.911809257,s-0.839348420,s278.138028327
095_17,s0.458205046,s-1.466579081,s352.200418436
095_18,s3.249029991,s-2.939406971,s271.314639980
095_19,s-0.214808538,s0.611243636,s339.053082189
095_20,s3.382704155,s-1.891036052,s338.463684488
095_21,s5.201819637,s-3.954918489,s188.801758654
095_22,s-5.931399387,s-2.434235997,s105.257306374
095_23,s-3.841226186,s-0.488931454,s347.468428416
095_24,s-2.428088437,s-1.903095715,s239.618644555
095_25,s-2.989487065,s-1.009205086,s330.852259084
095_26,s-1.138510707,s-1.306528804,s44.388183426
095_27,s-2.704133973,s-3.272327226,s33.439859741
095_28,s-0.154442876,s-1.606504974,s234.847228657
095_29,s1.506055653,s-3.331873212,s230.725119307
095_30,s4.365627078,s-0.514021760,s166.876325906
095_31,s6.024514271,s-1.369985486,s76.217596915
095_32,s4.647301528,s-3.149581729,s60.395333739
095_33,s-5.538253067,s-0.258101430,s157.556393784
095_34,s-3.493830952,s0.500117865,s220.569558660
095_35,s-5.252968333,s-2.194787875,s184.628398168
095_36,s-0.455660230,s-0.293284319,s194.708171125
095_37,s-2.153716095,s-0.228940143,s2.356875035
095_38,s0.678544793,s-0.914222093,s262.778537435
095_39,s1.823424634,s2.931526689,s121.397715880
095_40,s2.570163170,s-2.460107703,s284.450797970
095_41,s2.667799546,s1.737537380,s326.638098647
095_42,s4.179172843,s-2.554465964,s326.958592232
095_43,s6.162442160,s0.087146460,s273.294644764
095_44,s-6.266487399,s-0.258441578,s119.739395130
095_45,s-4.912292515,s-0.369720529,s337.664064688
095_46,s-3.078633896,s1.996322056,s111.919900909
095_47,s-2.599028983,s-0.619609481,s325.641167669
095_48,s-0.378966643,s0.472271236,s157.494488549
095_49,s-0.385478271,s-0.663709528,s27.892441865
095_50,s1.789796176,s0.461527942,s197.782099322
095_51,s1.758316144,s-1.126503160,s169.019109895
095_52,s2.882615057,s-2.384972867,s38.571784437
095_53,s3.141232232,s0.799499623,s274.523953130
095_54,s5.664583142,s-0.461552223,s58.366438305
095_55,s-5.218531495,s0.054741644,s230.043977255
095_56,s-5.815292062,s1.984723264,s69.267436786
095_57,s-4.759006691,s0.919074025,s294.218508092
095_58,s-1.833165752,s0.397712938,s173.957641599
095_59,s0.825490070,s1.088817015,s238.236589085
095_60,s-1.101944154,s2.484279475,s299.439619948
095_61,s0.695960234,s0.070838149,s93.351750607
095_62,s0.996348488,s1.099152044,s53.097014396
095_63,s2.639325629,s2.369754741,s161.849387871
095_64,s4.117545713,s2.641529903,s134.464508321
095_65,s5.440675686,s1.861925448,s355.633245910
095_66,s-5.330795498,s2.341572113,s304.446908759
095_67,s-3.631971093,s3.118942608,s153.794739228
095_68,s-1.881195382,s2.871559073,s184.623999406
095_69,s-2.206538529,s-0.082328513,s27.592787689
095_70,s-1.250588901,s1.336864016,s298.803984756
095_71,s-2.112157551,s3.330464694,s171.873754971
095_72,s-0.208209125,s1.641132516,s137.518195774
095_73,s1.741995292,s1.669080428,s11.241111224
095_74,s2.090470537,s3.888047426,s148.891559224
095_75,s3.214080857,s1.732913502,s67.122640181
095_76,s4.501212644,s4.820325314,s24.353683413
095_77,s-6.386882256,s3.798058240,s184.982198550
095_78,s-3.508712977,s4.923631161,s199.627502527
095_79,s-2.528565201,s2.889010874,s204.095463480
095_80,s-0.562846001,s2.885082820,s64.440626361
095_81,s-0.460816662,s6.057744380,s323.785889606
095_82,s2.594326857,s6.404889579,s104.754624637
095_83,s0.817430239,s2.269017229,s194.967021795
095_84,s2.645882443,s5.778823899,s227.808356640
095_85,s3.075128983,s3.254928165,s234.150598452
095_86,s3.952478057,s5.764235957,s323.637411610
095_87,s5.589356069,s4.319738062,s295.683903116
095_88,s-5.670964962,s6.086185230,s36.786889571
095_89,s-5.194760921,s4.717247293,s100.485474976
095_90,s-3.757653059,s6.404889579,s216.563162983
095_91,s-2.467011249,s5.003865769,s13.504586168
095_92,s-1.243375625,s4.577550730,s333.180606014
095_93,s0.348406056,s5.496234201,s174.965926807
095_94,s0.179638149,s2.893345151,s321.034048953
096_0,s-6.084601528,s-3.306082321,s168.377724262
096_1,s-4.473511954,s-3.700415588,s186.249188120
096_2,s-3.097512802,s-3.631161996,s141.769802026
096_3,s-2.225789493,s-5.400354100,s219.998700180
096_4,s-1.569854681,s-2.556349427,s346.784903055
096_5,s-0.920276916,s-5.004387955,s206.070286596
096_6,s0.159197478,s-4.675440811,s53.445894987
096_7,s1.793088975,s-4.621916099,s307.782918608
096_8,s2.814836420,s-5.787169315,s176.771086700
096_9,s4.397609291,s-3.225851846,s239.287757085
096_10,s5.055969322,s-5.108406384,s355.158648566
096_11,s-5.440069051,s-1.577683606,s284.900399191
096_12,s-4.180815464,s-2.097200363,s56.540339429
096_13,s-2.414455700,s-2.942710231,s5.222776327
096_14,s-1.650433527,s-3.868471855,s113.730512676
096_15,s-0.280032056,s0.795854243,s303.427935219
096_16,s1.736931867,s-2.971438061,s272.069919943
096_17,s0.003029508,s-1.144839175,s195.131334106
096_18,s3.688461063,s-4.012178379,s127.964198962
096_19,s2.780055082,s-0.669783394,s66.849997661
096_20,s3.464490198,s-2.770773738,s203.117757453
096_21,s5.559325766,s-2.731932515,s222.615886075
096_22,s-5.856215163,s-0.713833753,s21.108162644
096_23,s-4.658989356,s-3.152159707,s242.802328379
096_24,s-2.828809760,s-0.898905503,s50.568075061
096_25,s-1.466889828,s-1.636785238,s251.317775652
096_26,s-0.468320207,s-2.137558579,s161.464352823
096_27,s0.032147680,s-3.187695706,s34.690143990
096_28,s1.563410890,s0.775000149,s117.741370067
096_29,s1.348202913,s-1.175497103,s127.496093209
096_30,s1.439005029,s-2.080850556,s255.067964604
096_31,s4.891306540,s-1.198473874,s106.000888676
096_32,s5.413246587,s-1.939888935,s158.580144888
096_33,s-5.642095576,s0.518673369,s336.277616798
096_34,s-5.030098522,s-1.416943318,s87.719265880
096_35,s-1.387709849,s-0.810095487,s8.516942253
096_36,s-1.196841742,s-0.241380654,s212.770633446
096_37,s-2.660350484,s-0.252223067,s297.169048967
096_38,s0.036016061,s-1.694178130,s132.318609456
096_39,s2.264164545,s-1.189160416,s32.284668686
096_40,s2.415582597,s1.583389185,s255.370275953
096_41,s2.709403653,s-2.224614404,s209.108053440
096_42,s3.955463411,s3.005874226,s329.358980708
096_43,s5.633355061,s0.904132674,s231.090566096
096_44,s-6.066017542,s1.456385733,s335.861951935
096_45,s-3.790643608,s-1.548279205,s102.958725452
096_46,s-4.769661473,s1.711714953,s97.703290103
096_47,s-2.866561277,s0.682227574,s297.618829564
096_48,s0.075355342,s0.586640860,s161.049294451
096_49,s0.586388875,s-0.083792134,s352.219556228
096_50,s-1.440954150,s-4.207551155,s12.042399331
096_51,s1.370785076,s1.267321444,s133.795660590
096_52,s3.493410284,s-0.091056966,s153.846541259
096_53,s4.556877287,s0.282951977,s147.746360450
096_54,s5.898492540,s-0.371711944,s99.173531868
096_55,s-5.312529549,s1.725424294,s260.854917089
096_56,s-3.877600534,s-0.272224596,s60.905284249
096_57,s-2.143811934,s0.927216941,s298.605209517
096_58,s-1.766199751,s0.152459978,s323.625429397
096_59,s-3.230454387,s1.300354810,s294.231147239
096_60,s0.639413550,s1.127673110,s20.444508572
096_61,s1.355749766,s-0.311660076,s250.930206487
096_62,s0.249268510,s3.556326140,s169.574312354
096_63,s2.778826808,s-0.443055622,s6.562528226
096_64,s5.084416527,s0.119558209,s357.322396970
096_65,s5.631083175,s1.542048999,s275.481029301
096_66,s-4.906175771,s3.191053413,s258.202816312
096_67,s-3.424120613,s0.747254639,s81.760818994
096_68,s-3.253121962,s2.329169539,s130.683017283
096_69,s-2.122786639,s1.834756710,s39.364986363
096_70,s-0.829063522,s3.025213688,s238.988016974
096_71,s0.074896497,s5.514327924,s206.955986465
096_72,s0.819308867,s1.656516627,s226.837658300
096_73,s3.195555970,s1.811351213,s311.815536221
096_74,s3.819617136,s4.822789688,s114.917358446
096_75,s3.769072993,s1.050618672,s323.391629620
096_76,s4.215276013,s3.157518333,s303.204535711
096_77,s-4.860111030,s3.580118554,s317.467477231
096_78,s-2.109793344,s4.118897226,s281.282323370
096_79,s-2.475193707,s3.429228084,s102.353244117
096_80,s-4.274786174,s5.314425871,s298.502828209
096_81,s-1.870832708,s2.065179497,s282.163338498
096_82,s-0.575650022,s4.963983912,s145.255252252
096_83,s-0.116104958,s1.112632934,s249.860915618
096_84,s2.491462272,s6.121731955,s54.534744247
096_85,s2.752960584,s3.154946773,s77.683550914
096_86,s2.739634716,s5.305853433,s22.078708908
096_87,s5.333753310,s3.756917779,s258.104357283
096_88,s-4.707823613,s4.711702903,s288.729147341
096_89,s-3.405817053,s3.880051210,s126.589802272
096_90,s-2.563510652,s5.990378356,s201.820182501
096_91,s-1.474098650,s4.709834390,s357.503256174
096_92,s-1.246519841,s5.841988444,s314.492656637
096_93,s-1.478676362,s3.341149568,s172.288267011
096_94,s1.283770377,s4.166865609,s180.419556708
096_95,s2.096189054,s4.105780896,s344.218907333
097_0,s-5.600633993,s-3.943091924,s224.284656693
097_1,s-4.018277700,s-5.939028964,s231.117263386
097_2,s-1.875709849,s-4.099462139,s225.089957523
097_3,s-1.229815759,s-5.599249576,s223.220615183
097_4,s-1.728522429,s-3.203297654,s129.759523753
097_5,s-1.260228040,s-4.806016351,s148.383032616
097_6,s-0.494367564,s-5.319304001,s93.039113886
097_7,s1.560249437,s-3.037366072,s204.008475059
097_8,s1.395946876,s-5.939028964,s295.163067636
097_9,s2.376153818,s-5.860532603,s155.134458075
097_10,s3.983274366,s-4.185154554,s9.864039871
097_11,s-5.861668370,s-1.613736902,s137.429921327
097_12,s-4.613240245,s-2.756544637,s256.968852652
097_13,s-3.442588493,s-2.450369940,s198.110870067
097_14,s-2.890718449,s-3.656277405,s145.911526804
097_15,s-2.294670177,s-1.963204575,s107.861252688
097_16,s-0.255120552,s-3.465687969,s307.242730878
097_17,s1.243168911,s0.048450019,s198.457276444
097_18,s0.092704294,s-4.430690386,s215.553170707
097_19,s2.569950256,s-4.255340174,s351.766365150
097_20,s2.580530670,s-3.339323567,s313.554047075
097_21,s5.770734701,s-3.749248688,s171.088415368
097_22,s-5.847497828,s0.478513436,s256.148876105
097_23,s-3.061446317,s-1.029901325,s55.537399149
097_24,s-3.181238468,s-4.745537004,s207.580296560
097_25,s-3.611586885,s0.487681478,s199.979442015
097_26,s1.192561342,s-1.271465324,s47.703559408
097_27,s-1.260120925,s-3.269101677,s353.557121539
097_28,s2.001573872,s-1.424243313,s170.435016448
097_29,s3.135666510,s-1.670508438,s257.911704195
097_30,s4.796469345,s-2.606803016,s24.349939389
097_31,s4.805775518,s-1.062104812,s345.866366561
097_32,s4.647848881,s-3.757746380,s260.719268331
097_33,s-4.869683268,s-1.468159936,s330.031630997
097_34,s-3.118969793,s-0.082672415,s205.048439990
097_35,s-0.757904217,s1.897436302,s6.810506775
097_36,s-0.713909167,s-1.558912600,s147.973806424
097_37,s-0.731975374,s-0.687173264,s69.817265408
097_38,s-0.047178179,s-1.256734840,s291.982333398
097_39,s0.085343079,s0.227387260,s258.588169352
097_40,s3.100741333,s0.145133045,s291.793564174
097_41,s1.737329808,s-2.099199572,s202.564463769
097_42,s5.804273606,s-2.174379079,s40.582893339
097_43,s5.698646194,s-0.542959432,s241.674852637
097_44,s-4.570985417,s-0.042867825,s284.341016153
097_45,s-2.007760578,s1.711477161,s359.455335932
097_46,s-0.931062770,s-1.950326362,s174.587976291
097_47,s-2.083243905,s-0.690807174,s183.832817273
097_48,s-1.848239236,s-0.346770432,s235.749146247
097_49,s0.163895198,s2.168421517,s221.098184338
097_50,s0.736704106,s-0.661411755,s95.884375450
097_51,s1.258166131,s1.556402554,s132.122720746
097_52,s1.822488583,s-0.384906579,s271.850921416
097_53,s3.487599872,s-0.567368475,s6.428794803
097_54,s4.482394382,s1.152609698,s273.685289452
097_55,s-5.863452333,s0.551102806,s249.007139568
097_56,s-5.208685141,s1.944771265,s255.814045684
097_57,s-4.284561013,s0.010840664,s249.136590711
097_58,s-3.592955087,s3.123035131,s123.850068920
097_59,s-1.263871984,s2.210020131,s162.406845959
097_60,s0.107857113,s2.805602198,s107.606822700
097_61,s0.318594144,s1.203015287,s163.079396767
097_62,s2.927616138,s4.469539714,s209.072952984
097_63,s2.730305614,s-0.889648068,s33.308067400
097_64,s4.286102241,s0.043080016,s102.745709485
097_65,s5.389260069,s0.764695749,s320.160041926
097_66,s-5.224200078,s3.904366069,s94.333716020
097_67,s-3.537234792,s1.671140371,s91.979208774
097_68,s-4.368510186,s3.006500413,s282.432511965
097_69,s-1.949304855,s5.017862726,s73.079616534
097_70,s-0.276013781,s0.605802784,s70.531054439
097_71,s-1.317737395,s3.482339196,s237.173831314
097_72,s2.553631226,s3.187729675,s47.516659044
097_73,s2.474621599,s0.934761325,s291.457784047
097_74,s3.941691223,s1.553542819,s327.819206099
097_75,s5.601414461,s1.917643999,s172.065567085
097_76,s5.743926669,s1.292143226,s92.672851293
097_77,s-4.764207348,s2.682760969,s139.069452937
097_78,s-2.318572010,s2.357667349,s292.221563782
097_79,s-1.926169331,s5.788802141,s4.468629893
097_80,s-0.028875340,s3.646952919,s12.462897955
097_81,s-0.406243615,s5.278846792,s233.101414098
097_82,s0.670847659,s3.135031429,s126.299101404
097_83,s1.270825273,s4.634873589,s257.309078781
097_84,s2.173656457,s5.538923701,s148.004973447
097_85,s4.592844772,s4.848623410,s319.099631192
097_86,s4.490062341,s2.393344748,s334.650106109
097_87,s5.554120647,s3.948568167,s264.112275677
097_88,s-5.596537093,s5.263402776,s93.620307931
097_89,s-5.012246274,s4.772230421,s344.127682453
097_90,s-2.807410778,s3.704460093,s86.277373303
097_91,s-1.151656744,s3.929623218,s35.150339033
097_92,s-1.644203400,s2.093245571,s76.534479027
097_93,s0.412567634,s4.466613132,s309.660787260
097_94,s1.451463002,s2.036395273,s307.573142042
097_95,s0.637543520,s5.854240399,s61.796516923
097_96,s3.693756695,s4.991698195,s76.827018135
098_0,s-5.112395572,s-4.399610277,s104.050178667
098_1,s-4.103794723,s-4.129427237,s97.004104300
098_2,s-1.580459039,s-4.290061356,s116.337735402
098_3,s-2.059511593,s-5.702036471,s218.380669708
098_4,s-1.931414159,s-3.034002749,s172.516945030
098_5,s-0.115990225,s-5.997357848,s291.144158184
098_6,s0.367358140,s-4.902676689,s302.153018362
098_7,s0.848075672,s-4.728009384,s198.619138471
098_8,s2.842430961,s-5.497716836,s286.549994596
098_9,s2.288214967,s-4.744979133,s291.099083500
098_10,s4.605827553,s-4.896002136,s37.995704618
098_11,s-5.255708297,s-2.866296068,s69.870284765
098_12,s-3.389283119,s-3.994588791,s211.879456206
098_13,s-3.107695592,s0.364268192,s40.380875871
098_14,s-0.970677617,s-4.702054846,s104.333619096
098_15,s-0.002641855,s-0.735456780,s130.179579783
098_16,s0.476191729,s-3.890358393,s223.268929939
098_17,s1.112410994,s-2.216776467,s214.719928959
098_18,s3.113200802,s-4.047157087,s148.360904319
098_19,s3.924244361,s-4.119461413,s311.744501629
098_20,s4.646160069,s-2.817391619,s298.410401052
098_21,s5.408665113,s-3.385909331,s294.194143756
098_22,s-6.036196020,s-1.967433962,s244.872936335
098_23,s-4.049415791,s-2.571891747,s335.697084246
098_24,s-3.077933062,s-1.522605093,s97.344665615
098_25,s-1.304416875,s-1.860847428,s143.864376818
098_26,s-2.593403428,s-2.521104290,s87.932913724
098_27,s-0.655683135,s-5.579332268,s197.807923164
098_28,s-0.806591128,s-1.757930168,s255.485152932
098_29,s0.792800059,s-0.632113804,s169.334538868
098_30,s3.673281470,s-1.395011165,s218.691071037
098_31,s2.812151933,s-2.744633626,s250.745298096
098_32,s5.618129800,s-2.923969178,s259.678303814
098_33,s-4.850100830,s-1.391618118,s165.626381218
098_34,s-5.756660138,s-0.004886033,s77.864690864
098_35,s-4.094387178,s-1.458482870,s340.185748595
098_36,s-1.944670898,s-1.557838815,s38.157636024
098_37,s-2.704675317,s-0.654352043,s148.610873577
098_38,s0.178893220,s-0.093153835,s72.120158877
098_39,s-0.645802470,s0.607634036,s94.041493230
098_40,s2.296178543,s2.712028878,s216.285420617
098_41,s0.828870779,s-2.032711445,s34.839813325
098_42,s4.930988354,s0.828810056,s170.334420340
098_43,s5.736929655,s-1.012538186,s352.369260227
098_44,s-5.805840492,s0.055227997,s138.573871788
098_45,s-4.404741575,s0.495971635,s331.273333935
098_46,s-3.156124416,s1.484496701,s109.346867191
098_47,s-1.753963777,s1.739650363,s249.099942190
098_48,s1.937827215,s-4.283804266,s248.468299434
098_49,s-2.148639602,s0.213659403,s116.805313303
098_50,s2.943697472,s1.609794367,s38.763133725
098_51,s2.292626364,s-0.400741326,s30.328169397
098_52,s3.031600466,s-0.787927745,s265.006669815
098_53,s4.478921867,s-0.963401268,s180.035564385
098_54,s4.814857946,s-1.751002290,s27.569622193
098_55,s-5.552741210,s1.193099115,s302.768073207
098_56,s-4.046739343,s1.448403194,s90.061800940
098_57,s-1.740645630,s3.048625962,s212.970152248
098_58,s-4.078946494,s-1.411125689,s63.951162346
098_59,s0.290935848,s3.498828350,s196.585735430
098_60,s-0.696661005,s2.137664398,s169.246875098
098_61,s1.585780728,s5.543637300,s341.575941252
098_62,s1.231895354,s1.662303152,s77.792636726
098_63,s2.785511060,s1.864070757,s291.846608257
098_64,s2.329625153,s0.101422220,s238.348356254
098_65,s4.392994241,s-0.597292352,s23.136220086
098_66,s-5.251020309,s2.926836692,s259.172027002
098_67,s-3.067790581,s2.393692947,s126.017817848
098_68,s-1.498139835,s2.180227452,s37.888668108
098_69,s-2.400055982,s4.110583223,s100.997915932
098_70,s-0.838074706,s0.918517823,s243.292592245
098_71,s-1.182895567,s-0.778597460,s259.028827014
098_72,s0.379348173,s-0.145897783,s106.937757500
098_73,s3.469726659,s3.128715457,s131.176052610
098_74,s2.654887220,s0.525160590,s194.079460549
098_75,s4.768557477,s1.854697467,s73.329796404
098_76,s5.803600590,s0.464739147,s293.222828517
098_77,s-3.097697082,s2.693543878,s275.642747576
098_78,s-4.353256270,s4.611787333,s199.705717662
098_79,s-4.009514666,s3.366002977,s211.713718263
098_80,s-2.597652886,s5.148090152,s22.184494542
098_81,s-1.398600105,s2.422883581,s12.519874265
098_82,s0.105494721,s5.413046299,s287.333859223
098_83,s0.055608371,s1.411196770,s73.457472568
098_84,s0.650099097,s2.879800203,s359.176112297
098_85,s1.666650392,s3.183944133,s331.987159618
098_86,s4.245198696,s5.664801587,s327.698780816
098_87,s5.636450301,s2.980275297,s158.194045935
098_88,s-4.208245685,s3.504902346,s350.017780954
098_89,s-5.957002018,s5.501351112,s26.759265690
098_90,s-3.774978440,s5.269846610,s304.531130595
098_91,s-0.699960644,s3.511792971,s280.414168236
098_92,s-1.880331844,s4.740814021,s291.482665118
098_93,s-0.214184067,s3.939989726,s172.171992489
098_94,s0.607428755,s5.400770559,s294.364100562
098_95,s2.158210494,s5.757670353,s240.409949633
098_96,s2.736913634,s5.664490935,s78.283968326
098_97,s3.905143585,s3.108294140,s123.850229465
099_0,s-6.146021155,s-4.045892472,s334.342736265
099_1,s-5.116822868,s-5.866447776,s193.442240639
099_2,s-3.288979443,s-4.552428038,s235.926413632
099_3,s-3.023734442,s-5.335582973,s111.481802235
099_4,s-0.849243405,s-3.848296984,s56.180643021
099_5,s0.093086999,s-5.531185159,s43.483594784
099_6,s0.631612488,s-4.036017494,s324.082621922
099_7,s1.616934309,s-5.866447776,s224.909954954
099_8,s3.092582487,s-3.326993166,s53.012372931
099_9,s4.268005742,s-3.348195957,s104.266923055
099_10,s5.326272481,s-5.316239638,s147.655560915
099_11,s-4.358883460,s-2.295900407,s138.382640295
099_12,s-3.893446072,s0.705005876,s23.443466343
099_13,s-3.139045339,s-2.204971884,s289.472313923
099_14,s-1.692419333,s-2.882242119,s7.690670558
099_15,s2.293599702,s-4.510608214,s281.113926900
099_16,s0.722869216,s-0.231344942,s355.023243176
099_17,s0.789448661,s-2.376645684,s208.419062603
099_18,s1.653929785,s-2.446641426,s60.840969016
099_19,s1.863547853,s-3.014952538,s346.543745319
099_20,s4.977597368,s-1.773297952,s347.378843980
099_21,s4.615704661,s-2.988591647,s33.360384019
099_22,s-6.093870518,s-1.894637709,s17.935187293
099_23,s-6.002397195,s-0.585849117,s252.532247010
099_24,s0.438463294,s-2.265401350,s295.721634962
099_25,s-3.041501095,s0.210918741,s47.771099393
099_26,s-1.050750149,s-1.633183151,s2.508789274
099_27,s0.473613259,s-3.552176864,s79.180052603
099_28,s-0.761644134,s-0.739437311,s246.452282684
099_29,s-0.173393456,s-0.684980357,s279.754829915
099_30,s3.173846133,s-2.436049743,s185.746114794
099_31,s3.380677001,s-3.111363811,s110.978165185
099_32,s5.896832852,s-1.960838075,s315.101908194
099_33,s-5.836752657,s1.919832613,s236.559520459
099_34,s-4.720947487,s-0.606664585,s242.500133493
099_35,s-2.008942615,s-1.949854483,s88.718462178
099_36,s0.658114785,s1.098868108,s199.962068960
099_37,s-2.111763819,s0.196262714,s237.317953448
099_38,s2.124708279,s0.062347880,s332.916876807
099_39,s1.355228160,s0.523733246,s185.619398620
099_40,s2.791477269,s-1.093248602,s25.074954610
099_41,s3.002342300,s-1.619948125,s5.432390320
099_42,s4.543129272,s-0.487648923,s213.825283598
099_43,s4.974619458,s-0.981614715,s80.544592813
099_44,s-4.816020936,s2.269813843,s138.356036859
099_45,s-5.004379770,s1.019815127,s42.758135864
099_46,s-2.833835611,s-1.330018580,s298.377126227
099_47,s-3.692379026,s-0.666932753,s324.087100119
099_48,s-0.603876887,s1.174812739,s233.516443615
099_49,s0.588619265,s-2.159950501,s34.750509776
099_50,s-0.214367397,s0.366774803,s29.129059061
099_51,s0.964302985,s3.248715561,s270.972023159
099_52,s3.583550235,s-0.071959283,s65.657611033
099_53,s3.579201309,s-0.948762837,s280.744562384
099_54,s4.332844029,s0.390641887,s288.823911973
099_55,s-4.836575686,s3.046623625,s42.095626637
099_56,s-2.946933829,s0.844877291,s101.208576672
099_57,s-4.250704966,s1.753729091,s53.377310245
099_58,s-0.919097114,s1.617515118,s348.486524979
099_59,s0.569509256,s1.970909181,s323.237296597
099_60,s0.554196100,s2.708905328,s280.301638284
099_61,s1.033105743,s0.228854149,s4.369710374
099_62,s2.806600393,s5.412909535,s53.318713717
099_63,s0.957206105,s3.830482807,s313.910240603
099_64,s2.915509084,s0.590535724,s266.621261135
099_65,s5.216414549,s1.992110951,s80.975812650
099_66,s-5.725623926,s2.713439797,s210.568824484
099_67,s-1.656297010,s0.673977982,s207.980584350
099_68,s-2.442483091,s2.140880848,s89.588829328
099_69,s-0.837644030,s0.362858052,s102.068879890
099_70,s-1.718500282,s3.623044094,s231.000098410
099_71,s-0.046072754,s4.130894144,s145.952139599
099_72,s0.047017356,s5.538563294,s129.636442724
099_73,s2.466011666,s1.166822608,s302.836233355
099_74,s1.766368932,s-1.355127299,s71.259598167
099_75,s3.950474860,s2.380919587,s49.668197106
099_76,s3.885078321,s1.099111600,s180.671769252
099_77,s-4.189594020,s4.113545322,s178.049428906
099_78,s-3.518160421,s4.692347889,s176.839491809
099_79,s-3.696441582,s1.105712104,s110.716102686
099_80,s-3.474194708,s4.069304584,s192.212848594
099_81,s-1.224851642,s4.323515658,s273.826366849
099_82,s-1.850354857,s2.101045162,s240.861891033
099_83,s0.858613413,s5.866152889,s214.477453493
099_84,s0.564558634,s2.968633696,s146.092987121
099_85,s2.365090421,s2.629212748,s356.845893667
099_86,s3.459499257,s3.703167723,s101.475308777
099_87,s5.761153608,s3.661823441,s59.289700725
099_88,s-5.512348923,s4.041960118,s274.397599639
099_89,s-4.383869797,s6.228027189,s178.956450268
099_90,s-3.216209951,s6.085579267,s45.677971467
099_91,s-1.507127018,s5.879204096,s266.878097961
099_92,s-0.163161108,s4.860357214,s160.472253599
099_93,s-1.025724988,s6.228027189,s65.456503004
099_94,s1.615601739,s6.193540190,s263.704214934
099_95,s1.892839839,s4.591688083,s178.206358985
099_96,s3.111263606,s6.228027189,s90.793640278
099_97,s4.690246817,s4.127597792,s68.689671037
099_98,s3.855620436,s5.418873240,s87.062710521
100_0,s-5.837970667,s-5.825714910,s305.790290507
100_1,s-4.074091455,s-5.564927521,s155.805220698
100_2,s-2.894568880,s-5.215583430,s209.192724033
100_3,s-2.292002058,s-2.985538198,s35.951213116
100_4,s-1.190781735,s-6.019834957,s326.827634884
100_5,s0.293007851,s-5.619205207,s197.600532735
100_6,s0.750772222,s-4.629927069,s352.002316637
100_7,s1.325209578,s-5.004687311,s94.333187179
100_8,s2.169154990,s-5.815444641,s249.767476150
100_9,s3.567491872,s-5.271515152,s30.280475698
100_10,s2.680221313,s-5.495293284,s14.299745707
100_11,s-4.574213264,s-3.669604405,s82.092272033
100_12,s-3.954671655,s-2.845514347,s243.180663082
100_13,s-3.928948278,s-4.887754006,s211.735974797
100_14,s-3.296027433,s-1.590090089,s240.960613905
100_15,s-1.921735425,s-1.045713202,s75.458182845
100_16,s-0.372574736,s-4.271219560,s215.901361966
100_17,s0.701975906,s-0.994790867,s72.210867742
100_18,s3.822972392,s-2.184688562,s282.774733936
100_19,s2.069228805,s-4.609977864,s116.100059702
100_20,s2.908516096,s-4.812404836,s113.046139569
100_21,s5.450695084,s-3.483877211,s5.632361023
100_22,s-5.198841882,s-1.190550183,s92.614805110
100_23,s-5.061047154,s-5.095565704,s188.034531117
100_24,s-2.554966426,s-2.777681945,s177.897888124
100_25,s-0.530566692,s-3.973719067,s278.826951764
100_26,s-1.395572104,s-5.165333962,s2.164009816
100_27,s0.657580958,s-2.713680458,s181.883854602
100_28,s0.984368913,s-0.850837264,s280.473857168
100_29,s1.120018801,s-3.991941811,s213.732517525
100_30,s2.281071756,s-3.880319358,s141.281006684
100_31,s4.859811263,s-4.201903720,s337.865581988
100_32,s4.160760359,s-1.933260070,s162.194985049
100_33,s-2.837697771,s-0.821637290,s334.441362025
100_34,s-4.792104764,s-1.808488510,s89.271751887
100_35,s-4.513484649,s1.351862262,s221.768591549
100_36,s-2.179112289,s-0.758584667,s48.914610722
100_37,s-0.442818358,s-3.133098888,s111.668679203
100_38,s3.191281727,s0.492680450,s25.332867609
100_39,s3.444229008,s-4.584579970,s254.365045290
100_40,s1.687202516,s-0.350286677,s273.366956403
100_41,s2.733464565,s-1.953895261,s122.614978794
100_42,s2.779153766,s-0.693467388,s271.341005871
100_43,s3.679991883,s1.281153497,s202.147269574
100_44,s-5.437387971,s-0.688814226,s69.141496526
100_45,s-4.772055367,s-0.831476097,s38.938330695
100_46,s-1.750253644,s-0.208271864,s207.805342257
100_47,s0.747109889,s-1.074234074,s278.902766545
100_48,s-0.851315788,s-2.197352264,s313.552051950
100_49,s-0.205599950,s-1.159361522,s81.792551878
100_50,s2.340445866,s-0.505722829,s192.797956912
100_51,s3.128351312,s3.322794351,s332.402785587
100_52,s1.889523820,s-2.105653986,s22.225867205
100_53,s2.405482879,s1.134532768,s324.879949210
100_54,s5.844392769,s-1.609680943,s233.540398148
100_55,s-5.356025661,s0.354247959,s99.492331696
100_56,s-3.995228253,s2.966445657,s31.916900971
100_57,s-2.135425459,s2.021473938,s110.607228759
100_58,s-0.626955515,s-0.128222612,s352.095141806
100_59,s0.320971214,s1.160201191,s253.820061629
100_60,s0.068207674,s0.907993241,s90.379875725
100_61,s3.788518003,s2.953942776,s351.315359987
100_62,s1.496541107,s1.203031393,s235.376020287
100_63,s-0.517632557,s1.538275154,s133.997901150
100_64,s5.022040160,s0.169580948,s228.131919700
100_65,s5.368672436,s-0.154833757,s267.128566900
100_66,s-4.866085796,s1.287872113,s12.204418258
100_67,s-3.611238707,s-1.106762066,s179.910099951
100_68,s-3.297837559,s0.616399186,s5.128139632
100_69,s-2.883817209,s-0.460553831,s143.689127715
100_70,s-1.801847242,s2.436682960,s236.634102247
100_71,s-1.453693735,s0.044753730,s352.952074457
100_72,s0.912719291,s-0.348944051,s21.104344490
100_73,s-1.581655850,s2.045144702,s165.847620256
100_74,s4.133454450,s4.609926830,s81.145798708
100_75,s3.509638115,s-1.488541174,s292.274370328
100_76,s5.593638780,s1.792579028,s252.304139632
100_77,s-4.587187150,s3.631971910,s170.563969850
100_78,s-2.833166725,s1.522789685,s313.013099080
100_79,s-1.628761642,s3.375083556,s5.755458646
100_80,s-1.942205548,s3.231911216,s264.460173405
100_81,s-0.786826350,s2.263217565,s78.831007788
100_82,s-0.057129032,s2.392896798,s150.987643330
100_83,s1.024610952,s4.893380606,s306.578285338
100_84,s1.049032838,s1.665856849,s285.454740836
100_85,s5.515724864,s2.981870950,s351.770010498
100_86,s4.984146654,s5.004092999,s252.671141040
100_87,s3.242523554,s1.879650851,s94.929162022
100_88,s-5.688062001,s3.458854342,s88.572200794
100_89,s-4.819435506,s5.098306029,s76.094365280
100_90,s-3.352154287,s2.737574466,s330.100449486
100_91,s-4.153939776,s4.723672767,s26.823433501
100_92,s-0.373986661,s4.354303882,s193.353258135
100_93,s0.844285242,s3.532606936,s107.940380557
100_94,s0.077156029,s5.234043708,s234.827594198
100_95,s2.811328984,s4.520198303,s304.902734381
100_96,s0.895935334,s2.472528477,s191.725135556
100_97,s2.636227836,s3.739273457,s140.023634752
100_98,s5.592527350,s2.529983745,s182.006919491
100_99,s-4.780779224,s5.592834958,s9.546728085
101_0,s-5.484109435,s-4.771832654,s228.751167801
101_1,s-4.386169189,s-5.777704992,s301.504085260
101_2,s-2.323705953,s-5.570762464,s117.228129684
101_3,s-1.097771977,s-6.140430516,s191.562247283
101_4,s0.218266209,s-5.097007887,s146.934990629
101_5,s1.151064816,s-4.569978565,s55.340266516
101_6,s0.802216603,s-6.169696938,s343.595311044
101_7,s1.427352463,s-5.240404781,s305.759529218
101_8,s2.168497888,s-5.092947555,s304.324074478
101_9,s3.222123029,s-5.138878629,s115.210019288
101_10,s6.028585056,s-4.201671221,s142.641008970
101_11,s-6.197191780,s-2.434302364,s339.591942981
101_12,s-3.507728752,s-3.507949772,s358.267117171
101_13,s-2.249762553,s-2.914460879,s123.331215150
101_14,s-2.376331957,s-6.220267062,s7.575700312
101_15,s-3.545300789,s-2.845417966,s242.059686948
101_16,s-0.533764947,s-2.508156853,s185.149461732
101_17,s0.834559215,s-2.714216441,s183.001253231
101_18,s2.832547334,s-2.161381765,s142.580636143
101_19,s4.390574114,s-2.061247238,s114.790769205
101_20,s3.765416977,s-3.661311662,s267.274499938
101_21,s6.114555279,s-2.082993088,s248.588781631
101_22,s-6.118714447,s-1.488632221,s355.312157681
101_23,s-3.127889798,s-2.002461127,s144.811652036
101_24,s-4.512754677,s-2.882352634,s347.870855777
101_25,s-0.573041531,s-0.398083078,s252.616978177
101_26,s-1.331195841,s-2.411238717,s13.883926780
101_27,s1.126594211,s-3.588482081,s17.686689484
101_28,s0.548562125,s-1.262444240,s92.841060272
101_29,s4.178980210,s-2.943896514,s271.609252346
101_30,s2.694200032,s1.820427209,s190.064991003
101_31,s1.379420329,s-3.818468340,s93.251178087
101_32,s5.176065228,s-1.792407392,s21.630568927
101_33,s-3.157436727,s0.030909178,s352.531899433
101_34,s-5.186223046,s-1.439597015,s69.802296039
101_35,s-1.749384000,s-2.461566318,s325.639286953
101_36,s-1.018829189,s-1.219995282,s198.878937533
101_37,s0.207857138,s-1.957496513,s265.594862310
101_38,s-0.449374979,s0.407291273,s79.230790067
101_39,s1.532026555,s-2.762714568,s214.336992190
101_40,s-0.256684409,s-0.239936967,s19.459049021
101_41,s6.199186206,s-3.057551472,s358.014232527
101_42,s0.878219334,s-1.565197424,s21.412970026
101_43,s6.140039970,s0.287680200,s209.783496514
101_44,s-6.147698645,s-1.314922047,s117.182599693
101_45,s-4.159453146,s0.907877524,s188.115495535
101_46,s-2.441959940,s0.307562640,s184.378882226
101_47,s-2.457770908,s-1.814200921,s269.917483513
101_48,s-0.327033405,s1.400623868,s41.758611771
101_49,s0.142282104,s1.485298216,s31.017914991
101_50,s1.009019672,s1.360577347,s324.287009719
101_51,s0.217869630,s0.121770025,s331.623723705
101_52,s1.309029495,s1.578434607,s344.946413160
101_53,s4.276287778,s-1.021124645,s246.785495196
101_54,s3.754900371,s0.786740288,s75.041854812
101_55,s-4.838645542,s0.048473375,s129.282863663
101_56,s-1.157766265,s0.024520825,s259.274797570
101_57,s-1.249692723,s0.508477210,s265.330098714
101_58,s-3.198895027,s-1.199760661,s173.611080994
101_59,s-1.216151649,s2.231353533,s202.611342369
101_60,s-0.076987588,s1.893654147,s302.902879153
101_61,s3.487101547,s-0.689933926,s329.408101236
101_62,s2.391650951,s-0.743117306,s268.607346812
101_63,s2.302090487,s-2.064764818,s356.016803983
101_64,s5.601025004,s1.165542260,s333.599721299
101_65,s5.786958934,s-0.610604276,s93.578992053
101_66,s-6.198721913,s0.440865623,s185.028698207
101_67,s-5.090450687,s0.990563378,s285.871051213
101_68,s-4.894590478,s2.997021415,s190.311310993
101_69,s-2.036819460,s1.113913554,s116.006732953
101_70,s-2.757441052,s0.625749800,s254.693099969
101_71,s-0.706097787,s1.815612735,s199.188580318
101_72,s-0.026272274,s2.435434718,s14.596854015
101_73,s2.434851507,s1.946923787,s37.080787618
101_74,s1.838821478,s4.367438607,s53.288058339
101_75,s3.665657799,s1.226030258,s291.910537096
101_76,s3.775618433,s2.855359526,s291.660974657
101_77,s-4.761858508,s2.092160102,s14.551706410
101_78,s-3.174909622,s3.569599241,s195.666982308
101_79,s-3.462776883,s1.111501381,s31.626410432
101_80,s-1.933484229,s4.408881144,s78.738890805
101_81,s-1.738507590,s2.907773278,s281.161018054
101_82,s0.257509351,s4.120869567,s187.493332934
101_83,s1.098687541,s2.520067374,s249.395224963
101_84,s2.961543194,s0.820089876,s305.614117219
101_85,s4.460895427,s4.390348488,s16.412665547
101_86,s4.886719799,s-0.103404069,s25.742637249
101_87,s6.123264002,s0.769779491,s96.203407716
101_88,s-5.414854996,s3.712020419,s273.033733502
101_89,s-1.170208437,s6.209737748,s236.307615474
101_90,s-2.339677262,s3.949371319,s359.079967246
101_91,s-0.781813805,s5.107816221,s119.101198721
101_92,s0.626171973,s6.100361831,s314.244327078
101_93,s-0.910943579,s3.275871498,s354.579049189
101_94,s1.473013892,s4.308848808,s257.900153362
101_95,s2.584751919,s5.499921150,s338.528091152
101_96,s0.980789389,s3.081700248,s99.083456921
101_97,s3.087640891,s4.174396120,s115.983349918
101_98,s3.593428918,s6.237489596,s329.135583907
101_99,s-4.869828282,s4.504615626,s65.784346470
101_100,s-3.460969727,s5.613273368,s193.974031310
102_0,s-5.817829173,s-4.392536614,s37.516145937
102_1,s-3.514806325,s-4.932222914,s35.172530257
102_2,s-4.400389778,s-5.259578571,s359.385529799
102_3,s-2.474798621,s-5.665007512,s217.719658728
102_4,s-2.248632533,s-4.804971773,s277.006468357
102_5,s-1.466148669,s-4.877396885,s83.612763950
102_6,s-0.142273754,s-5.644472519,s196.874352578
102_7,s1.144593405,s-5.525999371,s257.272577959
102_8,s3.538484455,s-5.508678313,s299.596351601
102_9,s3.672081254,s-4.269484596,s264.517062726
102_10,s4.606226933,s-5.201112891,s275.702758165
102_11,s-5.013264336,s-2.231103647,s90.958098594
102_12,s-4.742972680,s-4.767483166,s269.851237296
102_13,s-1.001885910,s0.087500211,s40.523087037
102_14,s-3.155101648,s-5.063045443,s69.267715291
102_15,s-2.204470807,s-2.340242297,s147.272518667
102_16,s-0.645302028,s-1.598451414,s40.373244315
102_17,s2.722816045,s-3.760849398,s170.063666946
102_18,s0.269116204,s-1.114296015,s302.896869518
102_19,s0.893799162,s-5.049828548,s10.963943614
102_20,s4.134432237,s-3.504406813,s20.274231741
102_21,s5.736081611,s-3.441536096,s144.199822000
102_22,s-4.156276484,s-0.071967267,s245.639840976
102_23,s-5.412953350,s-1.835985949,s184.242442864
102_24,s-3.217225855,s-3.167484304,s150.649293469
102_25,s-3.713606229,s-2.368635641,s270.531925019
102_26,s-1.646741049,s-3.935217358,s91.026559661
102_27,s0.539634488,s-5.305342908,s154.820061565
102_28,s1.382888090,s-3.941755340,s84.052904206
102_29,s2.937971976,s-5.398212797,s42.603646240
102_30,s3.236509792,s-1.512427277,s318.866603613
102_31,s0.594782083,s-2.857772936,s31.811439379
102_32,s4.057735472,s-1.810079596,s275.648631068
102_33,s-3.179794212,s-0.808623228,s7.597563926
102_34,s-5.789948935,s2.382070624,s127.346449178
102_35,s-4.628556288,s-1.424471939,s346.506871553
102_36,s-2.154219347,s0.956751550,s190.639689532
102_37,s-0.083064888,s-2.262497445,s56.941019357
102_38,s-0.035923999,s0.214247341,s38.836815079
102_39,s1.211925275,s-0.255261958,s278.688072436
102_40,s2.883175167,s-2.989844758,s322.519553555
102_41,s4.253187108,s0.150213203,s69.173230577
102_42,s4.865783692,s-1.076495527,s184.240643483
102_43,s5.781714798,s-2.021963708,s136.395377194
102_44,s-5.919383557,s0.505720381,s137.732559994
102_45,s-5.398404884,s-1.613373172,s341.365722093
102_46,s-2.034268407,s-0.434890450,s50.495243537
102_47,s-0.126159552,s-0.486969195,s252.107298068
102_48,s-1.980039915,s-2.053796096,s169.571519810
102_49,s-1.340737335,s1.489073488,s250.179069195
102_50,s0.903004244,s0.789223021,s164.258125333
102_51,s1.680570815,s-1.084404964,s131.956752568
102_52,s2.770188423,s-0.103008745,s271.023482134
102_53,s3.043102238,s-0.654203011,s315.472100010
102_54,s5.492143038,s-1.554687479,s31.725672410
102_55,s-5.862782637,s1.646059056,s26.933974405
102_56,s-3.870179103,s2.071876842,s33.068553028
102_57,s-0.865259386,s2.614285382,s53.173097772
102_58,s-4.677982076,s-0.377217473,s71.462851854
102_59,s-3.180597167,s1.137209360,s240.901097561
102_60,s0.602980916,s1.358215182,s359.568447597
102_61,s0.309632865,s-1.051881470,s345.096012060
102_62,s2.058908979,s1.418867144,s220.344606828
102_63,s2.966131499,s0.217157270,s201.755483946
102_64,s3.933201882,s1.447370091,s300.674279492
102_65,s4.751983217,s1.593189691,s323.031021977
102_66,s-5.340864294,s3.118942066,s330.469120071
102_67,s-5.148498909,s0.850810093,s70.661777671
102_68,s-2.655439485,s-0.309788702,s229.635031891
102_69,s-1.487943297,s-0.139965967,s175.858904082
102_70,s1.483950940,s2.867248724,s215.476711149
102_71,s-0.332314031,s0.204187161,s313.039166074
102_72,s1.870280859,s3.963583543,s264.088441068
102_73,s1.389045565,s0.690436884,s60.519114380
102_74,s3.618443400,s1.512279353,s287.114301408
102_75,s4.526325636,s2.638220818,s277.908887263
102_76,s4.914440973,s0.277313402,s220.352901145
102_77,s-4.180270113,s6.013356433,s213.766838181
102_78,s-3.304440903,s2.498846585,s196.870277139
102_79,s-2.332088431,s3.211653649,s18.803418613
102_80,s-0.262508807,s1.229150859,s205.722524672
102_81,s-0.809599569,s4.406151516,s46.584523832
102_82,s-0.814163489,s4.636515272,s54.055329072
102_83,s-0.278934014,s1.848976994,s38.639649289
102_84,s0.854143689,s4.055038457,s96.776063105
102_85,s2.904140930,s2.505298547,s347.233527911
102_86,s5.684202074,s3.700880676,s284.856964762
102_87,s5.004465216,s4.808830204,s212.560157994
102_88,s-5.628691545,s4.603967258,s354.025262334
102_89,s-2.949248299,s4.526173604,s190.330772666
102_90,s-4.811798209,s1.718076793,s51.201335170
102_91,s-1.778416126,s3.402827202,s130.586326529
102_92,s-2.314285102,s4.461142492,s238.743502976
102_93,s0.308760880,s5.939658503,s260.247516138
102_94,s0.269981431,s3.159524102,s84.653229228
102_95,s1.365027601,s6.022681421,s273.032195884
102_96,s4.582953700,s3.319849452,s207.134853107
102_97,s1.877002259,s5.633689530,s195.591510246
102_98,s1.400217803,s4.836753315,s193.935010322
102_99,s-5.363944005,s5.518382956,s287.992053684
102_100,s-2.478507260,s5.115265393,s60.530427916
102_101,s-2.420023963,s5.733678169,s327.718739177
103_0,s-5.101627687,s-5.358154405,s241.388870851
103_1,s-4.052044191,s-6.247278275,s270.287690115
103_2,s-3.710748064,s-3.970064580,s40.111311550
103_3,s0.218469034,s-4.862690244,s96.547572657
103_4,s-0.248826644,s-3.264438163,s345.108222738
103_5,s0.927980849,s-2.720509187,s116.955428786
103_6,s1.040012149,s-6.564533524,s96.380333116
103_7,s0.179687936,s-4.258084205,s152.153047343
103_8,s2.873781281,s-6.429955714,s77.160041701
103_9,s4.490409146,s-3.477827165,s236.549732165
103_10,s6.045117739,s-4.441491625,s284.179754630
103_11,s-4.199052117,s-3.651419721,s128.348426786
103_12,s-1.184195731,s-5.907385799,s45.245382061
103_13,s-3.215303841,s-2.866439419,s109.289720527
103_14,s-2.433919084,s-3.428660812,s162.387837854
103_15,s-0.865816400,s-2.208901556,s289.973837114
103_16,s3.267825965,s-6.227773531,s88.271196882
103_17,s2.254620860,s-3.851600203,s21.286012885
103_18,s3.443711383,s-4.610161070,s247.286831921
103_19,s1.703861544,s-2.774878542,s102.004892691
103_20,s4.038325039,s-1.059578813,s113.534786222
103_21,s6.184061683,s-2.523920908,s215.344720695
103_22,s-5.972081311,s-0.775845634,s222.744075391
103_23,s-5.057856630,s-1.432304522,s239.658703231
103_24,s-4.725773052,s-2.793747359,s242.265922511
103_25,s-2.648472004,s-3.225511701,s143.968620711
103_26,s-1.416749095,s-2.637979069,s162.859742723
103_27,s0.106983327,s-1.909491300,s304.488836245
103_28,s1.060737671,s-2.555153268,s258.970809409
103_29,s1.275564329,s-4.050641048,s127.806036635
103_30,s3.763062208,s-0.235129024,s85.907249515
103_31,s3.272999191,s-3.601237728,s180.826741275
103_32,s6.475452293,s-0.413606733,s345.768558808
103_33,s-5.434885445,s-4.541183673,s298.882280363
103_34,s-1.918576224,s-2.050481569,s206.569662841
103_35,s-2.481565000,s-0.589226224,s249.820810305
103_36,s-0.676706357,s-1.861931634,s195.070096223
103_37,s-0.856379915,s1.385189818,s193.285412714
103_38,s2.251884024,s-2.491847701,s5.741251487
103_39,s3.265768665,s-1.749567951,s349.863376172
103_40,s1.682233951,s-0.594715438,s305.547861601
103_41,s5.775907125,s-0.913512040,s254.736169958
103_42,s2.558520057,s-2.517763177,s263.061468710
103_43,s4.895137716,s-3.050222016,s297.922709554
103_44,s-4.985246197,s3.511534095,s142.533062416
103_45,s-3.076362623,s0.072257003,s161.897672666
103_46,s-3.806886864,s-0.715010597,s25.404394820
103_47,s-1.444008025,s-0.440836336,s231.158399415
103_48,s-1.605282997,s-1.710045042,s38.560625644
103_49,s-0.845995801,s1.664765538,s36.048778855
103_50,s0.982947228,s-0.876858078,s47.094673995
103_51,s0.091052243,s0.467928663,s216.317727279
103_52,s0.575116001,s0.346169566,s213.048652996
103_53,s4.511603305,s-1.018145537,s198.963403934
103_54,s5.550508789,s0.090146233,s89.545032493
103_55,s-3.648393941,s-0.916784299,s88.728728588
103_56,s-2.669748599,s1.261002203,s141.427362377
103_57,s-2.474725045,s1.572815704,s284.018556637
103_58,s0.439842975,s1.578854458,s126.899418833
103_59,s-1.334260588,s0.388474009,s357.499371394
103_60,s1.957217184,s1.034845426,s300.898588165
103_61,s0.659834636,s-0.557805689,s85.467671843
103_62,s1.420719577,s0.675691949,s41.844924738
103_63,s2.799577373,s-0.002181570,s40.017987717
103_64,s4.494359485,s0.806972222,s15.070592475
103_65,s5.772575454,s2.090358449,s166.065198873
103_66,s-6.479101562,s3.895595643,s12.546694554
103_67,s-1.591962570,s4.335939439,s175.739786791
103_68,s-1.792161281,s-0.106089611,s115.306985982
103_69,s-3.178286214,s1.962917660,s326.273416021
103_70,s-0.543565256,s2.959621331,s326.005689913
103_71,s0.510607080,s2.119150044,s204.161645535
103_72,s0.641841112,s1.433343037,s307.812446707
103_73,s2.229314720,s3.024480363,s131.923035922
103_74,s4.262178264,s-0.324772155,s166.538201025
103_75,s2.321086778,s2.053785653,s182.267474542
103_76,s5.756581068,s0.719721837,s9.848336578
103_77,s-3.970122678,s0.314603039,s109.554159463
103_78,s-3.814688132,s3.949631066,s61.076010987
103_79,s-2.032130596,s2.509687550,s185.087008764
103_80,s-1.431974397,s1.805963160,s89.495942437
103_81,s-1.620142521,s3.333640509,s153.836903667
103_82,s1.270501907,s3.382095087,s316.907533309
103_83,s2.934773713,s3.720440964,s140.585400558
103_84,s2.343999706,s1.762005409,s137.180246909
103_85,s5.301361038,s3.729187253,s161.465333349
103_86,s3.572163725,s2.213909015,s66.373266995
103_87,s6.259491869,s0.832729854,s26.936763763
103_88,s-5.491047752,s3.085854582,s27.923530386
103_89,s-4.171050329,s3.430841680,s257.741631112
103_90,s-2.536438137,s3.687173414,s194.032884554
103_91,s-2.305310875,s4.128423566,s50.342048600
103_92,s-0.195903524,s5.207035305,s259.372010075
103_93,s0.065763710,s3.160163215,s30.767235960
103_94,s1.021249438,s5.352460993,s318.007367219
103_95,s1.470406666,s3.868794275,s250.912895023
103_96,s1.771273918,s6.405053358,s50.643742417
103_97,s1.671518027,s5.148962230,s335.899422959
103_98,s4.014298595,s4.975612908,s297.690004767
103_99,s-4.454478111,s6.461160979,s218.310714507
103_100,s-3.630309364,s4.929623198,s151.210043605
103_101,s-2.864204174,s5.116260513,s284.074351334
103_102,s-1.601798203,s5.671446230,s190.578033153
104_0,s-5.960859354,s-6.166582335,s189.359458856
104_1,s-3.860881804,s-5.455888499,s153.820420921
104_2,s-2.615537733,s-3.668582849,s352.645980036
104_3,s-2.026300629,s-6.268747540,s326.367220201
104_4,s-1.917557521,s-5.329098026,s240.100821672
104_5,s0.294850836,s-4.601284412,s210.797275224
104_6,s0.683327414,s-5.641328011,s348.132612609
104_7,s1.995324670,s-5.837133191,s43.812002972
104_8,s2.865318691,s-6.187295553,s241.360719840
104_9,s2.944526596,s-4.789138619,s288.710783239
104_10,s4.086851617,s-6.272147118,s11.121983798
104_11,s-5.602519119,s-4.995459042,s54.445170328
104_12,s-4.718052735,s-3.689163010,s175.882969335
104_13,s-1.274386119,s-3.293808491,s359.536871696
104_14,s-0.914640227,s-4.573135764,s271.454538469
104_15,s-0.866379361,s-1.453297022,s273.409815009
104_16,s-0.139882236,s-4.129803357,s324.248061081
104_17,s0.738872809,s-2.349168894,s329.357973535
104_18,s3.431177770,s-3.564539150,s205.406044939
104_19,s3.986022146,s-4.602650145,s202.476129909
104_20,s6.079756106,s-3.529798676,s245.628407913
104_21,s6.065107606,s-4.795088636,s152.830638782
104_22,s-6.605323723,s-1.518349004,s285.387585002
104_23,s-4.832329316,s-2.936456268,s143.959255555
104_24,s-1.046586864,s-2.370940521,s254.077435143
104_25,s-4.033586927,s-4.106796125,s33.086470608
104_26,s-1.201272178,s-1.864740978,s320.650406048
104_27,s0.345212154,s-3.803863095,s41.082507562
104_28,s-0.029453459,s-2.747297376,s88.986524273
104_29,s1.009739891,s-5.039377872,s177.753320718
104_30,s1.230539059,s-2.804815999,s348.195903153
104_31,s2.558725240,s-2.362915151,s212.562646953
104_32,s3.996921321,s-3.564975674,s120.723710733
104_33,s-4.699334437,s-2.067186969,s147.978264999
104_34,s-2.965773963,s-0.984871403,s75.538317460
104_35,s-2.943716555,s-1.733229720,s41.504083299
104_36,s-1.662473536,s-0.885361765,s294.140734365
104_37,s-1.509040626,s0.857667621,s259.343507267
104_38,s1.291434424,s-0.984728789,s245.362939231
104_39,s4.250487622,s-0.860578361,s93.452162535
104_40,s2.261800830,s-0.061219812,s344.767175401
104_41,s4.975884685,s-2.017568317,s336.819698951
104_42,s2.788134451,s-0.720904969,s235.266456635
104_43,s6.361193815,s-1.599260974,s214.825356594
104_44,s-6.508553038,s-1.278916382,s300.304872910
104_45,s-4.600362999,s0.464367501,s71.363825259
104_46,s-2.850450855,s-0.658422023,s139.249567834
104_47,s-3.240913697,s-2.973525187,s19.422179844
104_48,s-2.340793353,s-0.584239182,s350.252335447
104_49,s-0.325934621,s-2.575850883,s163.990264605
104_50,s0.271760948,s-1.049208466,s242.367133973
104_51,s0.988910101,s-1.553505704,s238.126469512
104_52,s3.215561517,s-0.284573735,s306.427172188
104_53,s3.166985618,s1.528332440,s280.392909404
104_54,s5.078873772,s-1.002136562,s53.982508334
104_55,s-5.890218676,s0.420377087,s141.263677658
104_56,s-3.801647818,s0.735255404,s46.337049267
104_57,s-2.237431683,s0.293590269,s147.089395644
104_58,s-0.934009671,s3.545148178,s173.488150984
104_59,s-1.118318930,s0.486163004,s298.415610664
104_60,s-0.798605849,s0.734468658,s289.374743752
104_61,s1.653694762,s-0.780215517,s185.139388071
104_62,s0.887136949,s0.318427475,s329.073283148
104_63,s1.762514225,s1.521217077,s122.263168134
104_64,s3.890863076,s0.028656563,s220.536869790
104_65,s4.435187074,s0.038604702,s300.515439147
104_66,s-5.901505110,s0.723279143,s177.552094002
104_67,s-4.546798610,s0.706422326,s75.530632900
104_68,s-3.038797086,s2.876832886,s166.255292315
104_69,s-2.405444354,s1.220165840,s277.537270171
104_70,s-3.386655890,s3.569259252,s317.992138441
104_71,s0.435448301,s1.408434007,s250.960399864
104_72,s-0.159384849,s-0.000420047,s328.399865072
104_73,s2.019515690,s2.613603189,s261.376343570
104_74,s2.831025793,s1.376996376,s170.861754875
104_75,s2.694464182,s3.307374505,s54.831279515
104_76,s4.647415408,s1.982155169,s253.456227271
104_77,s-5.791761348,s1.946623215,s344.048089141
104_78,s-3.888542868,s2.654407492,s208.589675838
104_79,s-2.987185168,s5.141524962,s172.492766099
104_80,s-1.347094178,s1.012447037,s265.851178377
104_81,s-1.827067787,s2.888088106,s39.382461052
104_82,s-1.136124168,s2.335478358,s288.537708161
104_83,s1.472606342,s3.952220364,s163.080353029
104_84,s0.233108606,s5.628631544,s141.974985539
104_85,s0.325918548,s1.942874579,s187.425177770
104_86,s3.508949915,s2.063855773,s295.288688809
104_87,s6.297376560,s3.898152615,s159.180122829
104_88,s-6.465385690,s1.890176286,s335.632444664
104_89,s-5.425640736,s3.456229175,s58.237143737
104_90,s-3.522246542,s1.732746701,s75.551806722
104_91,s-2.221321099,s6.211166009,s287.263526363
104_92,s-2.048547775,s5.150213415,s298.159820118
104_93,s-0.100143609,s3.668248732,s254.402179265
104_94,s0.675538052,s2.841284496,s113.560305447
104_95,s1.784679172,s6.214150789,s227.135844917
104_96,s1.319508882,s2.202298537,s348.172824040
104_97,s2.577329612,s4.878212637,s269.241998767
104_98,s3.538454364,s3.293544966,s315.593478459
104_99,s-4.394115598,s5.583515131,s166.795335660
104_100,s-4.537348233,s4.897313829,s112.733681410
104_101,s-4.817233410,s5.984990110,s33.801288214
104_102,s-0.820422099,s5.092725296,s261.867389657
104_103,s-0.292538951,s6.350391062,s40.806004724
105_0,s-5.820344976,s-4.659262114,s215.576083494
105_1,s-3.485323838,s-4.490535946,s52.593216902
105_2,s-3.492992703,s-6.065098692,s348.091118489
105_3,s-2.054589955,s-2.956872829,s37.362485263
105_4,s-2.124908038,s-3.922275457,s98.040155759
105_5,s0.356046094,s-5.604811208,s201.962303593
105_6,s1.758466881,s-3.319737271,s143.189142334
105_7,s2.065497471,s-5.168910194,s183.086939138
105_8,s2.411850936,s-6.240008329,s166.359003667
105_9,s4.205539518,s-4.190408484,s119.956137195
105_10,s4.344021580,s-3.302838200,s160.259904116
105_11,s-4.242847550,s-2.712410811,s260.256116214
105_12,s-3.530116298,s-3.144593054,s215.060107492
105_13,s-1.698044654,s-2.476991373,s171.765282705
105_14,s-0.769133659,s-2.027745786,s107.241766093
105_15,s-0.927400131,s-3.246039337,s83.343053785
105_16,s0.054512080,s-4.561638993,s311.737797067
105_17,s0.584212176,s-0.982401759,s164.703302718
105_18,s-0.036620115,s-3.106960677,s296.237770960
105_19,s2.586177830,s-4.925460313,s16.651693420
105_20,s5.628411405,s-3.116647050,s281.566802645
105_21,s5.676858368,s-5.156446701,s215.821818820
105_22,s-6.565220913,s-2.889554318,s142.390819527
105_23,s-4.398883887,s-1.413956162,s84.744822718
105_24,s-2.949358688,s-0.143349105,s273.087398967
105_25,s-3.454756315,s-5.151073180,s46.053744637
105_26,s0.547186897,s-2.140738225,s161.691190190
105_27,s-0.005161576,s-4.054966166,s226.850522766
105_28,s1.652843963,s-2.006350967,s111.251528549
105_29,s3.356661711,s-2.283263747,s261.585276120
105_30,s3.704079212,s-3.628733080,s118.007553122
105_31,s2.190375627,s-1.424506557,s274.274920833
105_32,s6.165361455,s-2.586902169,s94.397143030
105_33,s-6.179753805,s-1.699808986,s287.100751527
105_34,s-3.444956844,s-0.531014980,s320.492260894
105_35,s-1.663598230,s-2.044024450,s305.878995057
105_36,s-4.153306441,s1.930039386,s0.570003931
105_37,s-0.553160591,s-2.750548322,s152.092812578
105_38,s-0.445540081,s-1.702438835,s79.019075904
105_39,s2.806926899,s-1.279426554,s332.998782810
105_40,s1.970649655,s-0.121805405,s176.580401333
105_41,s3.042601799,s-0.794096407,s265.115414279
105_42,s3.878299486,s-2.434524512,s203.726999432
105_43,s5.195349419,s-0.904792456,s177.266419554
105_44,s-5.389695208,s-0.430518162,s134.180909551
105_45,s-4.476224812,s1.346012959,s310.092846679
105_46,s-3.897283201,s-0.027153195,s100.142923120
105_47,s-0.937970989,s-0.643692125,s160.268035781
105_48,s-0.734312369,s1.123617987,s271.857224275
105_49,s-0.486308663,s0.175450782,s79.553355079
105_50,s0.048273673,s-0.459969557,s331.126331041
105_51,s0.880959471,s-1.173588130,s268.988345287
105_52,s2.228603922,s-0.476319040,s210.366543642
105_53,s5.350138376,s0.023771181,s229.215221034
105_54,s6.254624851,s0.892759642,s273.120579561
105_55,s-3.161520398,s2.020049471,s249.214820480
105_56,s-1.470590177,s1.636961392,s338.154809981
105_57,s-2.755280400,s3.087962977,s278.626561973
105_58,s-1.985308005,s-1.449322649,s101.673138993
105_59,s-0.614914756,s2.736919662,s227.073953459
105_60,s-0.185569093,s0.403787034,s121.382414544
105_61,s3.302224418,s0.658817160,s358.464221734
105_62,s2.010529093,s1.836707399,s235.154898998
105_63,s2.357001505,s3.765804157,s143.883930268
105_64,s3.669883903,s-0.989974973,s114.402828995
105_65,s6.168231866,s1.914130526,s68.116124052
105_66,s-5.747258802,s1.064829921,s28.761616924
105_67,s-5.366240933,s1.842373229,s42.410759516
105_68,s-3.553746914,s2.829464516,s293.713143546
105_69,s-1.412474867,s0.960469524,s296.974107819
105_70,s-1.012008794,s2.759308309,s130.047602812
105_71,s0.467058455,s3.191742821,s319.381286489
105_72,s0.787652004,s0.229469516,s205.652783199
105_73,s0.323002581,s1.000958301,s192.829324020
105_74,s1.165681954,s0.388477675,s131.414571589
105_75,s4.354267083,s1.322781136,s21.247729005
105_76,s2.378188529,s1.406089282,s250.598841841
105_77,s-6.466862704,s5.247875740,s286.039070278
105_78,s-4.943339922,s2.058455374,s58.193972360
105_79,s-2.586754692,s3.533832611,s276.228049129
105_80,s-2.405657994,s2.296387110,s274.096387174
105_81,s-0.817280189,s2.860632107,s309.163517173
105_82,s1.189364762,s2.489905342,s47.299583286
105_83,s1.869321189,s4.435579104,s91.013065831
105_84,s2.290674295,s2.563410510,s28.295793935
105_85,s4.154703462,s2.669347215,s141.312316966
105_86,s3.736803614,s4.296008846,s327.743554675
105_87,s5.971579469,s2.537264916,s256.967348727
105_88,s-6.022083812,s3.563232834,s131.226903585
105_89,s-4.318263411,s5.002098142,s106.179793014
105_90,s-3.651137827,s3.705413959,s329.031300527
105_91,s-1.875996744,s5.089575350,s297.807767567
105_92,s-1.513922810,s4.228999659,s142.869144353
105_93,s-0.174993110,s2.998698235,s305.551745875
105_94,s0.553217870,s4.032522523,s359.380015090
105_95,s0.849306459,s5.485172609,s181.834775386
105_96,s3.435684199,s3.931567408,s174.786437334
105_97,s4.070276476,s5.553679846,s51.617664752
105_98,s5.937196645,s4.385900977,s141.288478212
105_99,s-5.337218958,s6.572546226,s56.212098604
105_100,s-4.292903055,s6.104299998,s269.998584743
105_101,s-3.245796328,s6.234938847,s140.247269705
105_102,s-0.789610470,s6.276351900,s110.529728756
105_103,s-0.411526745,s3.822677012,s149.355219668
105_104,s1.136612514,s6.265397115,s331.628443187
106_0,s-6.331708355,s-4.964307976,s319.236390844
106_1,s-5.037988540,s-5.151257660,s158.072482081
106_2,s-4.258718764,s-5.159639525,s289.387382614
106_3,s-3.576958349,s-3.752428320,s73.761155089
106_4,s-1.519245627,s-6.167573363,s328.064570660
106_5,s-0.312937692,s-6.226114082,s82.761019702
106_6,s-0.301514508,s-4.695947129,s354.230061990
106_7,s1.492612797,s-6.235704158,s206.520516854
106_8,s4.958872180,s-6.160799396,s163.291467427
106_9,s4.374839409,s-4.009430232,s340.065062156
106_10,s6.048017092,s-4.365680955,s238.393244940
106_11,s-3.165626484,s-2.916531032,s61.974207967
106_12,s-6.365434191,s-3.401595973,s296.675273261
106_13,s-2.002760581,s-3.280973385,s149.408734275
106_14,s0.142582423,s-1.171637590,s321.292059477
106_15,s-1.919400389,s-5.757190791,s189.265512977
106_16,s-0.740270081,s-4.699155551,s265.231492053
106_17,s1.141834378,s-2.979543870,s207.505315110
106_18,s3.597976263,s-5.057431309,s221.337024952
106_19,s2.193000590,s-2.464994993,s103.701633891
106_20,s4.027899640,s-2.475372599,s238.944730507
106_21,s4.766047255,s-3.194024292,s213.181559994
106_22,s-5.058339826,s-2.639858979,s311.583531449
106_23,s-4.429650556,s-3.072406828,s176.733184224
106_24,s-2.122061463,s-4.215538325,s161.576894024
106_25,s-2.482839017,s-0.690043378,s312.750897990
106_26,s-3.020978919,s-2.365830033,s355.722618567
106_27,s-1.107473460,s0.018242697,s263.258819504
106_28,s0.819448980,s-1.304154008,s218.907553516
106_29,s-0.003585675,s-2.773214465,s194.904108580
106_30,s0.945331595,s-2.579963771,s186.553053708
106_31,s2.344437824,s0.687953972,s140.939087607
106_32,s2.760207467,s-2.363172030,s139.243377750
106_33,s-3.899617370,s0.360040761,s302.606746566
106_34,s-5.081374529,s-1.063307058,s62.679568306
106_35,s-2.987434425,s-2.486498180,s205.088778041
106_36,s-0.511405745,s-1.647922953,s230.811570399
106_37,s-1.226894791,s-0.835790808,s111.792969798
106_38,s-1.583648752,s-4.783477452,s164.671715579
106_39,s0.461648497,s0.058066553,s147.039037875
106_40,s1.962221613,s-1.662781496,s28.435016904
106_41,s1.492381058,s-3.361883984,s83.928966053
106_42,s4.782774401,s-0.708937346,s15.360340088
106_43,s5.755493131,s-1.467472335,s12.433678334
106_44,s-5.719311545,s0.336012039,s17.220706800
106_45,s-4.984598813,s3.248716780,s164.465507534
106_46,s-4.313414742,s-2.236101370,s257.420153071
106_47,s-3.275602025,s-0.235009674,s297.385320854
106_48,s-3.007647030,s-0.129920360,s351.071756125
106_49,s-0.607349638,s0.931936824,s276.728390164
106_50,s2.354174912,s1.425031564,s112.916692811
106_51,s3.057326808,s4.379224526,s206.525212043
106_52,s-0.412953094,s-1.876040659,s43.909366814
106_53,s3.267372558,s1.273114172,s188.339828973
106_54,s4.768557347,s-0.071135225,s237.593788538
106_55,s-5.856260394,s1.999086782,s150.133575576
106_56,s-3.325308031,s0.893004764,s203.829865697
106_57,s-2.280975401,s0.577454130,s18.235293695
106_58,s-2.157348625,s-0.053428888,s170.811294457
106_59,s-1.299398059,s1.051707848,s7.918384806
106_60,s0.394119179,s0.288987663,s15.689262830
106_61,s-1.082274846,s0.956287255,s295.822168244
106_62,s1.882205061,s-0.735266605,s160.893051777
106_63,s3.995171034,s1.832984969,s136.072399876
106_64,s2.643748066,s-1.426349383,s226.839828298
106_65,s6.064982249,s1.193615997,s329.554757220
106_66,s-6.242526025,s2.910209271,s276.842063233
106_67,s-5.152419172,s5.145965668,s257.355662882
106_68,s-1.102211013,s2.271068965,s111.886743763
106_69,s-3.020455512,s3.017993099,s4.497767528
106_70,s-0.126222014,s1.696340020,s268.361070303
106_71,s0.362673131,s2.273722246,s206.458357367
106_72,s0.739227593,s4.335608102,s143.830757985
106_73,s0.600820125,s1.118551753,s63.476918350
106_74,s1.118168820,s4.369378478,s63.290238479
106_75,s2.325473447,s2.891746554,s93.306400750
106_76,s5.037058796,s0.646179296,s27.822356535
106_77,s-6.515933965,s3.638978269,s247.060138769
106_78,s-4.512994347,s6.056228115,s91.936098881
106_79,s-4.034930774,s1.124332144,s50.743268435
106_80,s-0.477747719,s2.405039052,s173.791432867
106_81,s-0.758428729,s3.963053937,s73.717948514
106_82,s-2.656692734,s1.472254430,s242.256229999
106_83,s2.293900753,s2.396980767,s339.019663511
106_84,s-0.104389371,s0.201025475,s157.741135535
106_85,s4.370850643,s3.866534585,s260.941277414
106_86,s5.765395566,s3.258471410,s95.617072105
106_87,s3.973158760,s2.275955726,s128.740059726
106_88,s-3.905483828,s3.365877338,s70.856869754
106_89,s-4.678052231,s6.493846830,s55.103471014
106_90,s-2.130352561,s3.442477205,s205.193319213
106_91,s-1.205629483,s3.662409027,s213.879701126
106_92,s-1.408009395,s4.192140919,s205.739527143
106_93,s0.108740365,s3.274279633,s104.880416525
106_94,s-0.619931992,s5.109898344,s123.775452380
106_95,s3.242882859,s5.469925686,s181.312463154
106_96,s1.449995619,s4.798090475,s349.923248131
106_97,s3.429742579,s6.084253946,s79.800588042
106_98,s4.387008626,s4.167150407,s236.063925363
106_99,s-6.083914851,s5.871786033,s162.761968214
106_100,s-3.057698831,s6.400977180,s167.593175154
106_101,s-1.904919028,s5.667554342,s179.593955704
106_102,s-2.332521076,s5.774155793,s335.315468890
106_103,s-1.289118551,s5.398636972,s332.635189010
106_104,s0.848468927,s6.307366105,s262.837909612
106_105,s0.821246963,s4.896709094,s119.031524035
107_0,s-5.418679146,s-4.516822805,s113.078812043
107_1,s-4.914580541,s-5.954821597,s42.382402701
107_2,s-2.443911011,s-5.273755710,s40.969684257
107_3,s-1.787560784,s-6.007812223,s30.806093624
107_4,s-0.705037025,s-6.018334223,s26.893350270
107_5,s1.551755124,s-4.784645598,s129.609368531
107_6,s-0.300403655,s-4.779477626,s98.878327071
107_7,s3.318401646,s-4.490392509,s277.163471734
107_8,s0.108363123,s-5.518170091,s75.274525448
107_9,s1.282015302,s-5.107378066,s321.333248943
107_10,s2.707898313,s-4.894033126,s255.127621245
107_11,s-5.673761392,s-3.305617053,s142.002327463
107_12,s-4.005293420,s-5.543002826,s227.765142795
107_13,s-1.951698775,s-4.882840614,s344.958165365
107_14,s-1.429127609,s-3.923688693,s244.430565378
107_15,s-1.321272809,s-2.214137463,s300.191498644
107_16,s-0.583792663,s-0.807498120,s274.115660878
107_17,s1.725290680,s-4.024370145,s213.116761045
107_18,s4.392804939,s-3.958107004,s182.029025458
107_19,s1.055762967,s-2.864445970,s342.011610284
107_20,s2.261464035,s-3.109604137,s39.212023586
107_21,s4.885595452,s-3.719623326,s179.721611690
107_22,s-5.952682383,s-3.403120901,s2.048756375
107_23,s-3.564252772,s-2.147075780,s323.404896325
107_24,s-3.891834506,s-3.389255308,s266.370119426
107_25,s-3.218296832,s-3.469214406,s36.316931544
107_26,s-0.588582579,s-3.472697425,s74.495687461
107_27,s-1.233321441,s-4.862461328,s138.189563679
107_28,s-0.045385464,s-2.233889932,s17.334653686
107_29,s0.958552563,s-4.473437207,s70.109533779
107_30,s3.949247063,s-2.369193417,s32.861755024
107_31,s3.709839805,s-1.880960378,s97.024389556
107_32,s4.246575748,s-2.568175871,s143.035330813
107_33,s-2.995562261,s0.420606904,s75.819870307
107_34,s-5.245195048,s-1.754651151,s259.116230550
107_35,s-3.835565706,s-0.287103906,s285.187032079
107_36,s-4.695420366,s-0.098545379,s97.133942932
107_37,s-1.806490336,s-1.989643801,s358.286000051
107_38,s1.756054341,s-0.379240777,s352.700198318
107_39,s2.607601541,s0.365707728,s229.861177550
107_40,s0.730360151,s-2.622388822,s194.085546460
107_41,s5.138047112,s1.785813562,s11.219646208
107_42,s4.217903462,s-0.662732268,s54.723714555
107_43,s5.335742588,s-0.769495665,s235.333524673
107_44,s-5.209559428,s-0.784540116,s85.479606233
107_45,s-5.483855091,s0.369502608,s10.702132763
107_46,s-5.283200431,s-1.839280216,s22.230139793
107_47,s0.619447615,s-0.501150563,s84.428016704
107_48,s-1.993263978,s-1.084064597,s95.879485770
107_49,s-0.912048446,s-2.958116871,s267.153127423
107_50,s0.650766351,s1.772997019,s61.359760331
107_51,s1.460311671,s-1.803800848,s77.413549080
107_52,s0.285391232,s-2.025327743,s224.596195479
107_53,s2.946254719,s0.335955564,s4.107570532
107_54,s5.633609307,s-2.875235655,s303.273449946
107_55,s-4.319002340,s1.132410200,s179.150113642
107_56,s-2.517420060,s1.392870488,s354.758309431
107_57,s-1.319249861,s0.470276686,s7.431753300
107_58,s-2.376263742,s4.051420105,s232.987993032
107_59,s-0.920660981,s-1.971068416,s129.738311125
107_60,s1.756620561,s1.593126483,s161.066098181
107_61,s1.470935534,s-0.178492948,s254.733906275
107_62,s1.242098782,s1.117938464,s220.396892763
107_63,s2.288476225,s-2.103622753,s286.863832065
107_64,s3.239064498,s1.981062827,s255.740249052
107_65,s5.393993935,s1.308602548,s233.623569054
107_66,s-4.107581730,s1.747031971,s255.282354557
107_67,s-4.773898407,s3.499163936,s37.449737997
107_68,s-3.588860120,s1.126832322,s307.892001585
107_69,s-0.697190974,s-0.740433457,s115.648801933
107_70,s0.781008970,s-1.817627002,s32.196842910
107_71,s-1.514581239,s1.779998585,s227.455125280
107_72,s2.567719961,s4.099466356,s254.763498541
107_73,s2.199841422,s1.597337974,s247.381838019
107_74,s3.642888464,s1.410920596,s36.456943457
107_75,s3.068018797,s-0.384470964,s258.673230662
107_76,s4.666669178,s2.640854199,s156.782616447
107_77,s-3.545719695,s3.298163501,s126.682959597
107_78,s-2.636841504,s1.791797029,s203.416881542
107_79,s-2.118241180,s1.143682699,s90.691404650
107_80,s-1.182466571,s3.999784382,s354.762291514
107_81,s0.393872074,s5.189722468,s321.413250606
107_82,s-0.763226038,s0.267764147,s296.561735381
107_83,s2.961867042,s4.310387827,s319.365331904
107_84,s-0.667922127,s1.766782860,s273.195767877
107_85,s3.928876392,s3.839127979,s353.485840534
107_86,s5.182143032,s5.462383344,s16.197233077
107_87,s5.480559893,s2.459023611,s261.593228036
107_88,s-4.890162580,s1.704840495,s18.325865512
107_89,s-5.181580902,s5.693492947,s149.879920134
107_90,s-3.982865176,s5.291075637,s100.802891984
107_91,s-3.329769605,s3.871150271,s21.697726606
107_92,s-0.542953862,s2.373455873,s70.449737436
107_93,s-2.997773309,s-0.859258246,s351.756077448
107_94,s0.322200343,s3.001400689,s67.895383625
107_95,s-0.855682856,s3.141196387,s34.865004310
107_96,s2.683519008,s2.042102671,s134.644313175
107_97,s2.729141946,s1.764793292,s7.782720212
107_98,s2.273766601,s5.163455190,s323.234577383
107_99,s-3.754756884,s5.173570333,s343.900180171
107_100,s-2.170250514,s4.288152857,s148.228553107
107_101,s-2.326578955,s5.228967290,s29.166167891
107_102,s-1.875893984,s4.797435649,s21.891033232
107_103,s-1.199189807,s5.171685361,s120.880063871
107_104,s-0.227274770,s5.418149553,s303.986563732
107_105,s1.088312935,s5.607410573,s183.643957800
107_106,s1.419264685,s4.311067525,s147.026629934
108_0,s-5.040708520,s-5.845572568,s0.476644052
108_1,s-5.323342995,s-3.016211872,s349.064086672
108_2,s-4.025485275,s-5.248660164,s306.285385560
108_3,s-2.527535140,s-3.263415809,s8.536156395
108_4,s-1.393346670,s-5.201848030,s173.612031636
108_5,s0.260581594,s-2.476562906,s49.599428930
108_6,s-0.029656742,s-5.689737912,s233.251015279
108_7,s0.865935539,s-5.260395176,s86.304298079
108_8,s2.225442910,s-4.803369170,s307.767509579
108_9,s3.101533061,s-5.281505391,s280.929047281
108_10,s2.844597715,s-6.021293529,s318.280023228
108_11,s-5.336338755,s-4.244319729,s305.605114850
108_12,s-0.806941767,s-5.697287830,s236.755248547
108_13,s-2.097826341,s-2.411173988,s355.553414130
108_14,s-1.617631681,s-3.548690157,s298.892798714
108_15,s0.193690194,s-1.304197239,s67.613152691
108_16,s-0.822925132,s-5.026087069,s71.103401214
108_17,s1.412985060,s-4.189683115,s319.235988193
108_18,s2.524768730,s-3.684108921,s307.068915232
108_19,s3.742860936,s-3.439045969,s325.766357750
108_20,s3.347715433,s-2.198131210,s30.864289623
108_21,s5.492430392,s-1.812229809,s3.973962089
108_22,s-5.101928259,s-0.209981010,s2.752132861
108_23,s-5.122444549,s-2.891545581,s164.223798643
108_24,s-4.914922948,s-5.155709180,s331.481229461
108_25,s-2.162525335,s-1.980973281,s232.654990540
108_26,s-2.007859872,s-2.712067420,s320.566647954
108_27,s-1.151471300,s-2.121573838,s260.551349763
108_28,s-0.968897824,s-3.167152862,s26.572822607
108_29,s0.333706771,s-4.702814664,s277.257517962
108_30,s2.444793032,s-0.263198983,s305.983853740
108_31,s5.474116450,s-3.078193293,s44.964498384
108_32,s5.059852388,s-0.612475550,s8.990547528
108_33,s-4.168295379,s-1.289926942,s104.286076716
108_34,s-4.112510759,s-3.448568319,s343.546712263
108_35,s-3.184498874,s-1.758477041,s329.611974533
108_36,s-1.058540025,s-0.847041427,s145.705910341
108_37,s0.491416826,s0.049112595,s134.138902834
108_38,s3.404761094,s-1.396486080,s166.188739705
108_39,s2.397757554,s-3.328027344,s168.774040062
108_40,s2.006953552,s-2.341156048,s329.734086779
108_41,s5.278937198,s-2.189862191,s8.876271483
108_42,s3.060942787,s-1.719177370,s61.613190794
108_43,s4.853109007,s-1.126952780,s278.025539785
108_44,s-5.800456472,s-1.059404448,s184.972675045
108_45,s-3.076215890,s0.318291013,s30.837160672
108_46,s-3.353149602,s-1.288373454,s337.860936758
108_47,s-1.411882811,s2.208834699,s91.606146073
108_48,s-2.336722861,s-1.134403443,s277.507917596
108_49,s-2.626717399,s0.649604276,s331.243371871
108_50,s0.933018660,s-3.556254901,s344.242539348
108_51,s0.971821784,s1.555952295,s296.309792688
108_52,s2.007664170,s-1.995471060,s223.404436341
108_53,s5.149411408,s1.301909783,s242.984854057
108_54,s4.064870524,s-0.440521341,s358.735208294
108_55,s-5.864795692,s-0.096751415,s275.402722717
108_56,s-4.363955976,s-0.200486398,s327.193311284
108_57,s-2.384963923,s-0.764078558,s120.006624856
108_58,s0.025467028,s-0.410974848,s155.815083579
108_59,s-1.737991207,s1.306320180,s334.228471899
108_60,s1.909479820,s-0.278072724,s108.116850148
108_61,s0.919402847,s-2.224599149,s3.198764872
108_62,s0.585000299,s-1.341293432,s29.852457041
108_63,s4.202555989,s0.747191687,s16.010140654
108_64,s3.499394835,s-0.903623287,s0.900264930
108_65,s3.947950942,s1.801351712,s75.881690423
108_66,s-5.449546623,s1.786615792,s106.666572324
108_67,s-5.996429598,s3.625600955,s335.343812620
108_68,s-2.202743535,s4.411740788,s157.375459817
108_69,s-3.835717711,s2.040093318,s290.210792162
108_70,s-3.164340658,s5.177462141,s116.250385983
108_71,s0.137986777,s0.243598247,s48.280707227
108_72,s0.988764862,s-0.640404857,s309.661355416
108_73,s2.397489445,s1.191675218,s10.442347545
108_74,s2.606264189,s0.232598989,s140.791660669
108_75,s3.298375911,s2.000063222,s189.057455276
108_76,s3.977390271,s4.210499651,s134.681960953
108_77,s-4.601547001,s1.132880635,s178.189487160
108_78,s-3.113331161,s-1.153602599,s9.388543442
108_79,s-2.397711413,s1.657485664,s127.821848033
108_80,s-0.451331186,s1.999803045,s325.171162050
108_81,s-0.225771327,s1.262334686,s67.349891160
108_82,s1.185042136,s2.227157850,s278.809685247
108_83,s2.093317298,s1.607143036,s201.840036789
108_84,s2.550358165,s2.036136144,s324.026619092
108_85,s3.676942925,s2.750029295,s122.643672593
108_86,s4.426363331,s1.952709811,s70.534580525
108_87,s5.517723543,s3.107284541,s264.870122966
108_88,s-6.074231352,s4.236767671,s291.703388143
108_89,s-5.362271332,s4.733398649,s233.833675441
108_90,s-4.255010447,s2.635534761,s171.206423608
108_91,s-0.841357908,s2.742075452,s173.146038988
108_92,s-0.618079267,s4.772305087,s19.582402204
108_93,s0.307025217,s2.294333500,s198.977855353
108_94,s2.471002456,s2.256224515,s289.585107543
108_95,s1.640171274,s3.869236171,s120.145175607
108_96,s2.456604513,s3.059769944,s278.746331514
108_97,s4.557942558,s4.916266790,s157.610459367
108_98,s4.800787014,s5.798416818,s55.267342137
108_99,s-5.378249439,s5.716124936,s106.824459217
108_100,s-2.739140546,s5.676377653,s283.279859197
108_101,s-4.097851473,s4.123133317,s129.231765942
108_102,s-1.480892331,s3.802492461,s247.644047611
108_103,s-2.385940131,s5.171782421,s77.658701271
108_104,s0.328839410,s3.038566121,s19.850862395
108_105,s-0.095573540,s4.627847390,s104.219455116
108_106,s0.870083463,s4.905619109,s52.835862503
108_107,s2.522775758,s4.909453661,s67.010804479
109_0,s-3.852984952,s-5.430810216,s340.940143916
109_1,s-2.445186986,s-5.648268607,s257.307820340
109_2,s-1.504674561,s-3.492016771,s289.256932821
109_3,s-1.082017204,s-5.882731551,s250.341819100
109_4,s-1.124291050,s-1.863888016,s281.731614818
109_5,s-1.446154350,s-4.002994655,s32.892545393
109_6,s-0.041718186,s-4.623029599,s102.161114659
109_7,s2.043095979,s-4.621176586,s16.793950745
109_8,s2.124188460,s-5.452443919,s221.339370288
109_9,s2.712088731,s-5.785249205,s198.703709714
109_10,s4.338075436,s-5.390831853,s233.137798132
109_11,s-4.592566934,s-3.039452871,s156.667214546
109_12,s-3.615573357,s-3.911603542,s254.841699745
109_13,s-3.074244251,s-5.736524765,s105.828412893
109_14,s-2.362074734,s-5.202899175,s85.406639257
109_15,s-2.234665507,s-4.322503105,s198.404803543
109_16,s1.566588997,s-3.386203336,s7.416399892
109_17,s-0.094446339,s-4.070743909,s276.142198898
109_18,s2.681140058,s-3.536377940,s175.198451107
109_19,s3.872386590,s-4.710197924,s291.206629261
109_20,s4.513052657,s-3.350821755,s88.309199933
109_21,s5.793058857,s-4.947625834,s274.279325418
109_22,s-5.843232053,s-1.707535255,s169.083608533
109_23,s-2.031207666,s-2.242826587,s343.088305133
109_24,s-1.168311255,s-3.149530528,s346.927969760
109_25,s-0.847464800,s-1.309305579,s353.148294682
109_26,s0.455873302,s-1.812894907,s177.659715818
109_27,s1.550715880,s-2.031934985,s160.991419810
109_28,s1.705751652,s-3.963863499,s157.657657471
109_29,s1.767420632,s-0.313900315,s251.381062612
109_30,s2.800056964,s-1.654231132,s332.823779430
109_31,s3.611809342,s-2.553492921,s310.339547412
109_32,s5.702687942,s-0.885069308,s143.090552234
109_33,s-4.424728561,s-1.522320469,s206.910666882
109_34,s-2.929737405,s-0.841471092,s66.006584431
109_35,s-3.512717615,s-2.823655068,s203.326840010
109_36,s-1.302604562,s-1.859932418,s304.524326170
109_37,s0.129004258,s0.167618449,s296.595824334
109_38,s0.390226766,s-5.684026266,s29.588088321
109_39,s-0.440475414,s-2.416597198,s124.970410132
109_40,s2.709967066,s1.274933560,s326.765144113
109_41,s3.247737858,s-4.284611434,s283.422677582
109_42,s4.466742571,s-0.894682490,s89.153649976
109_43,s5.931114707,s-2.591240615,s186.617942237
109_44,s-5.793268718,s-0.045989128,s94.476230534
109_45,s-2.662907291,s0.283380227,s308.777319339
109_46,s-2.044424640,s-1.540416450,s316.065049152
109_47,s-0.562352702,s-0.389986533,s98.110502397
109_48,s0.051755649,s-1.496354241,s178.868146559
109_49,s2.566160991,s0.628900675,s171.714670980
109_50,s0.735190354,s-1.200091035,s244.096786209
109_51,s-1.342631776,s0.674382129,s339.465004619
109_52,s3.648033424,s0.365441988,s197.892192209
109_53,s3.378931172,s-1.134686966,s105.493452480
109_54,s6.103675028,s1.192625499,s118.902747087
109_55,s-5.206143371,s0.280075236,s86.233714416
109_56,s-5.850016144,s-1.519489518,s327.284918888
109_57,s-1.492888001,s0.068777113,s285.133979034
109_58,s-5.542506513,s-0.612451833,s328.562465910
109_59,s-2.246110733,s1.276007757,s245.269261137
109_60,s-0.782074923,s1.085846831,s90.020570595
109_61,s0.805329490,s2.149710413,s97.181000043
109_62,s0.593223787,s-0.544173882,s269.763871000
109_63,s2.615091876,s-0.697907011,s230.671253292
109_64,s2.988738645,s2.215721065,s268.150146697
109_65,s5.826845842,s-0.185567131,s155.183975422
109_66,s-4.197606443,s-0.089424828,s160.632955112
109_67,s-3.895374472,s2.415552143,s216.741644897
109_68,s-2.330561422,s2.599536256,s99.560934336
109_69,s-3.180537046,s1.601810591,s239.939516131
109_70,s0.597807211,s0.804599495,s198.336290807
109_71,s-1.098164712,s2.469201982,s66.823993094
109_72,s0.437640297,s3.366492079,s317.679760805
109_73,s1.303327452,s-0.866022521,s251.309397219
109_74,s4.300572879,s0.471359490,s98.360348496
109_75,s4.783032383,s2.218744003,s299.240598167
109_76,s6.128696839,s2.266273273,s178.157429716
109_77,s-5.652948745,s3.187056576,s146.398078281
109_78,s-4.010216076,s3.707502267,s141.385341197
109_79,s-1.315777249,s1.957142405,s351.841644571
109_80,s-2.144865911,s0.149690203,s236.510633236
109_81,s-2.764458468,s3.847470287,s106.252215295
109_82,s0.486420235,s1.708161888,s242.910213710
109_83,s1.430119413,s1.044551602,s275.456919839
109_84,s1.959347496,s2.662523919,s172.014669441
109_85,s1.915922250,s2.159805122,s289.364868456
109_86,s3.067131720,s1.633207028,s185.207805838
109_87,s5.590479061,s4.350232605,s64.466986982
109_88,s-5.036691210,s1.511711379,s304.818442659
109_89,s-2.845321966,s1.983044939,s150.331848746
109_90,s-2.761957387,s5.870155268,s80.070762768
109_91,s-3.243425960,s4.520499552,s41.599664950
109_92,s-2.172937579,s4.439024263,s173.388766263
109_93,s0.501735423,s4.127128264,s38.990514251
109_94,s1.464474582,s4.114707305,s227.282162780
109_95,s2.436877848,s4.996358442,s96.217920866
109_96,s1.176430279,s4.481715591,s330.870337820
109_97,s3.489281178,s3.241571827,s147.704788660
109_98,s5.025457968,s5.300753005,s275.116897067
109_99,s-4.660803104,s3.814065958,s82.673929397
109_100,s-4.593940467,s5.676583384,s160.004704674
109_101,s-2.374444118,s5.289807661,s206.413907043
109_102,s-0.909199789,s5.870155268,s165.237692209
109_103,s0.236818298,s1.934687966,s249.712520611
109_104,s-0.658851337,s5.320592988,s1.923879574
109_105,s0.480091848,s5.762119228,s347.448743130
109_106,s3.802866555,s5.064808451,s148.988260295
109_107,s2.175912859,s3.017529887,s101.316645259
109_108,s4.508434179,s4.720949785,s242.080912395
110_0,s-5.747758474,s-3.273161682,s172.258938850
110_1,s-5.117180238,s-6.348070171,s336.838725361
110_2,s-4.889193227,s-3.123382459,s248.354015338
110_3,s-4.002806485,s-6.035287189,s182.032695828
110_4,s-2.557725551,s-4.452405414,s3.042652196
110_5,s0.598189528,s-6.232642769,s329.391658288
110_6,s-0.168562593,s-3.829636716,s193.571104970
110_7,s0.756384923,s-5.335031987,s110.623483221
110_8,s3.223722679,s-5.013616108,s321.488889666
110_9,s3.176380673,s-6.083530428,s177.843451580
110_10,s5.408322970,s-6.310084580,s166.925762824
110_11,s-4.338872876,s-5.008049057,s345.779733465
110_12,s-2.420303111,s-3.390229727,s95.451636267
110_13,s-2.318511301,s-5.934716293,s56.711386781
110_14,s-2.377529665,s-2.177529388,s94.463537891
110_15,s-0.794683436,s-5.605056655,s257.633419141
110_16,s-0.768687909,s-3.311211864,s164.498204332
110_17,s1.646525821,s-4.398659684,s139.658386015
110_18,s0.355163891,s-3.773662083,s215.394360947
110_19,s3.328135665,s-3.414499068,s172.437659055
110_20,s5.025412274,s-3.754698063,s185.436734700
110_21,s3.939678620,s-3.986491554,s73.490975316
110_22,s-5.714438814,s-1.524337411,s329.463294559
110_23,s-5.049506849,s-1.571726943,s128.252315789
110_24,s-4.046373743,s-2.472558554,s227.156236105
110_25,s-4.261372603,s-3.087117378,s135.155898385
110_26,s-1.425501052,s-4.344778182,s73.337887550
110_27,s-1.229213809,s-1.464731663,s137.983346792
110_28,s-0.564029295,s-1.651957377,s112.755108814
110_29,s2.985284180,s-2.411460532,s188.409933975
110_30,s2.649625231,s-1.093615158,s163.769050054
110_31,s4.751165652,s-2.432876759,s264.244767913
110_32,s5.694744659,s0.088951598,s358.685282534
110_33,s-5.040510610,s-0.036679180,s88.545955427
110_34,s-3.103227824,s-1.361797565,s88.284173350
110_35,s-1.833694676,s-0.755311623,s325.975728620
110_36,s-1.322361119,s-2.470453847,s147.247285015
110_37,s-2.675672414,s-1.333281670,s229.743773559
110_38,s1.319996234,s-2.686875313,s56.802146253
110_39,s0.127617806,s-0.961208455,s340.604942915
110_40,s2.936491282,s-4.011011080,s253.576012680
110_41,s3.893945945,s-0.926107795,s358.958936434
110_42,s3.478209931,s-2.478333444,s14.214338316
110_43,s6.297980985,s-2.406746184,s326.677774779
110_44,s-6.215303060,s0.586628541,s179.103596885
110_45,s-5.795738290,s1.740593235,s137.783006506
110_46,s-3.189785070,s-0.558677665,s329.721051006
110_47,s-2.888572856,s-0.285961749,s171.059968034
110_48,s-2.063929169,s-0.467531137,s196.352831298
110_49,s-0.940171810,s-0.377363354,s257.853457645
110_50,s1.483645698,s-0.516974256,s296.544236618
110_51,s2.659642949,s-0.806952549,s294.877117762
110_52,s3.273844037,s3.423586722,s22.819856374
110_53,s4.329734513,s-0.064905115,s220.260814990
110_54,s5.318638623,s1.667003136,s243.044750030
110_55,s-4.973645822,s1.414300748,s220.901600773
110_56,s-4.196615032,s-1.203105642,s154.677479876
110_57,s-3.151315224,s1.436838473,s338.973370406
110_58,s-1.847641037,s1.588980258,s300.853094589
110_59,s-0.355116924,s0.277526630,s282.280456439
110_60,s-1.738752177,s0.044464762,s281.042572974
110_61,s0.958356972,s0.090106663,s82.499285886
110_62,s2.313039090,s0.775036123,s184.695461108
110_63,s3.860529920,s2.967915227,s37.800908724
110_64,s3.318333685,s-0.491075834,s273.351026098
110_65,s6.604575976,s2.305203859,s147.672546568
110_66,s-6.505327379,s1.995715162,s187.910640125
110_67,s-4.874983949,s2.532467249,s52.332387300
110_68,s-3.798918417,s0.045791622,s154.698013491
110_69,s-3.014310225,s3.989640421,s337.106159626
110_70,s-0.855224064,s0.313883717,s248.320651147
110_71,s1.106754305,s3.930128025,s245.600329065
110_72,s0.378523318,s1.824097362,s235.570445496
110_73,s-0.263846336,s1.022925239,s330.542885694
110_74,s2.383898067,s1.731312401,s303.072884998
110_75,s2.923454072,s5.122440212,s217.748516875
110_76,s6.126442520,s1.326922860,s127.209752811
110_77,s-4.458396866,s3.844693863,s180.830855850
110_78,s-4.623491048,s2.338803426,s258.002067833
110_79,s-0.707938435,s1.270424300,s246.229497810
110_80,s0.081632203,s3.535756706,s150.537136460
110_81,s-0.905107271,s2.439827392,s239.000279140
110_82,s-0.409633761,s4.034675174,s4.803440779
110_83,s2.184262190,s3.306370532,s226.324716529
110_84,s5.657543248,s2.483435238,s201.640247305
110_85,s4.457628226,s3.292744274,s358.166592139
110_86,s5.759504774,s0.460673584,s174.048340999
110_87,s4.463544469,s4.113637648,s116.472193621
110_88,s-6.485975805,s4.483489009,s91.231069122
110_89,s-3.752000245,s3.135431392,s26.290011181
110_90,s-4.432003406,s5.816028335,s160.898755056
110_91,s-3.448450321,s5.057320694,s117.431246943
110_92,s-2.321483443,s2.204577110,s66.367662613
110_93,s0.104833771,s6.339372004,s329.558599456
110_94,s0.195477729,s5.141964502,s198.832139435
110_95,s1.204328215,s2.834280965,s68.363955460
110_96,s2.507342378,s3.122497384,s67.601424745
110_97,s4.235901793,s5.383852361,s272.106591477
110_98,s3.226672582,s6.130055011,s30.776673333
110_99,s-4.243088038,s4.300112784,s320.190844653
110_100,s-2.478083809,s6.750222882,s284.320916498
110_101,s0.076747801,s4.482912202,s326.264915518
110_102,s-1.415132589,s6.103119176,s37.413486934
110_103,s-1.163022354,s4.650347869,s11.702050839
110_104,s1.845533901,s5.785496255,s112.222721132
110_105,s1.665393407,s5.388399195,s240.393262558
110_106,s4.519087955,s6.337553897,s133.193543744
110_107,s2.177946669,s4.585897202,s317.794632763
110_108,s6.368380826,s4.897864851,s142.346392003
110_109,s6.491087912,s5.448424685,s276.596868235
111_0,s-7.137290462,s-6.059915806,s221.937165827
111_1,s-4.057018050,s-6.296676638,s150.881827982
111_2,s-5.194485890,s-4.590011418,s353.162118716
111_3,s-2.087188669,s-4.300980502,s143.295345692
111_4,s-0.817110203,s-5.487772314,s163.559802858
111_5,s-0.041912695,s-6.891504334,s49.910365303
111_6,s1.950674346,s-4.162203736,s323.983391145
111_7,s0.642086651,s-2.989829372,s338.006754833
111_8,s1.109027615,s-5.858308243,s2.434257445
111_9,s2.034184482,s-3.284468384,s162.293639181
111_10,s3.731530822,s-4.485600678,s312.368946498
111_11,s4.573023521,s-5.462144550,s0.922901358
111_12,s-6.385509524,s-3.444047326,s350.095318714
111_13,s-4.363907317,s-3.572622676,s159.600254450
111_14,s-2.035766823,s-1.328700732,s1.933749461
111_15,s-2.215560008,s-3.567359248,s95.689167180
111_16,s-1.538633585,s-5.132691529,s186.058009301
111_17,s-1.219357652,s-4.804756971,s8.297727467
111_18,s0.446543996,s-0.303809807,s82.592524763
111_19,s2.494317816,s-1.419975011,s316.719335213
111_20,s3.501247069,s-3.520089189,s279.098317244
111_21,s4.667559576,s-3.889633551,s112.728647156
111_22,s6.398605091,s-0.674088163,s141.377878175
111_23,s6.597806655,s-3.414548598,s268.858275409
111_24,s-6.714684040,s-2.111024067,s336.927364730
111_25,s-5.090701752,s0.365637964,s228.243661963
111_26,s-3.004946257,s-5.063829462,s205.354469420
111_27,s-6.008532725,s-2.377622761,s189.063913408
111_28,s-2.483790630,s-3.215822247,s143.263602157
111_29,s-0.803051045,s-3.057601352,s256.418698394
111_30,s-0.036433064,s-3.890250969,s243.291720042
111_31,s3.704493280,s-5.771204233,s298.937281034
111_32,s1.082165454,s-3.067335605,s8.838380105
111_33,s5.513010948,s-1.809296734,s320.470428338
111_34,s3.942041964,s-2.231147906,s49.741648686
111_35,s5.732924705,s-3.685567262,s6.706639313
111_36,s-4.094418689,s0.088758735,s187.699370601
111_37,s-3.981137443,s-2.067780268,s338.349163409
111_38,s-2.898429811,s-1.109156692,s240.126097023
111_39,s-0.691307966,s-1.182283166,s194.967059826
111_40,s-1.370523447,s-3.385460008,s335.987924259
111_41,s-0.787458851,s-2.647599141,s325.268137530
111_42,s2.106627647,s-0.385467268,s50.811386119
111_43,s1.208654000,s-1.457119923,s213.060424737
111_44,s1.849672311,s-0.559313551,s317.493222130
111_45,s0.458830152,s-0.675618947,s299.660757740
111_46,s3.994469824,s-0.416681616,s131.450340083
111_47,s4.250735672,s-0.916397534,s317.732884003
111_48,s-6.583593208,s-0.924256757,s33.755125315
111_49,s-2.108501172,s-2.816130591,s208.258702901
111_50,s-4.352565800,s1.595911820,s107.622542913
111_51,s-0.958782739,s-1.576565198,s204.647712102
111_52,s-3.230899500,s0.460271747,s13.859740092
111_53,s-0.170175961,s-1.221741808,s64.258027263
111_54,s-0.744405881,s1.830034398,s118.980940500
111_55,s1.362084486,s0.005616055,s228.707120185
111_56,s2.113400702,s0.513800551,s81.013327252
111_57,s3.887146266,s0.362735436,s76.254677787
111_58,s2.774038003,s-2.142486922,s101.524108603
111_59,s5.378528817,s0.217428510,s324.478290334
111_60,s-5.326870147,s1.120735955,s242.146024108
111_61,s-5.010852638,s2.257297040,s211.360129756
111_62,s-2.296970615,s0.793174630,s85.610917737
111_63,s-0.204835826,s-0.921681448,s132.961806866
111_64,s-0.654419255,s-0.298879187,s36.955180088
111_65,s0.349882331,s-1.801290413,s333.389862539
111_66,s2.272154656,s2.994225070,s67.323201807
111_67,s2.831236939,s0.341463071,s336.495560723
111_68,s4.149541419,s1.699171714,s333.371823482
111_69,s5.342989817,s-0.135488450,s25.033038267
111_70,s5.574976768,s2.020531880,s189.404251012
111_71,s6.103704822,s0.586967358,s38.403700201
111_72,s-4.128408811,s2.628629890,s75.954241926
111_73,s-2.183446173,s-0.182261660,s140.543674741
111_74,s-3.057616656,s2.562688166,s61.555496362
111_75,s-3.311946111,s1.729295201,s125.421199652
111_76,s-2.350987341,s2.340103131,s26.549967187
111_77,s-1.629050142,s1.623426562,s238.886827414
111_78,s-1.301138570,s1.949465210,s303.277267215
111_79,s0.115150568,s0.255361352,s114.056142105
111_80,s2.972794887,s0.742254441,s18.646447361
111_81,s3.421456033,s2.508728228,s140.877157611
111_82,s5.076984603,s1.420173154,s91.510183450
111_83,s6.090137564,s2.298298769,s319.607140839
111_84,s-4.248308565,s6.529004382,s220.056661311
111_85,s-3.362442401,s1.960222539,s12.555827277
111_86,s-1.926235080,s3.127306842,s254.786761107
111_87,s-1.354293983,s4.248913977,s92.823987921
111_88,s0.276297952,s1.584254686,s357.226435413
111_89,s0.433308556,s3.975564947,s156.793139491
111_90,s1.341291183,s1.752738851,s353.994062005
111_91,s1.528462111,s3.997957702,s151.354660405
111_92,s1.568749839,s0.956056939,s67.248043242
111_93,s3.831102592,s6.608149270,s66.195574983
111_94,s5.934367860,s3.391535163,s16.645172638
111_95,s5.456820071,s5.153798317,s143.265725106
111_96,s-6.940661179,s-0.231936201,s346.579302429
111_97,s-6.856105690,s3.900812976,s240.108337327
111_98,s-5.825142600,s2.976607298,s145.851618716
111_99,s-3.860641459,s4.137163830,s132.507119102
111_100,s-0.706667691,s4.518860279,s347.600059974
111_101,s-0.408089977,s2.230225562,s21.204716496
111_102,s0.493061956,s5.869998370,s96.839146026
111_103,s1.403518921,s6.529598512,s38.085944552
111_104,s2.573038657,s4.609053571,s142.615719942
111_105,s3.020379712,s3.844034240,s180.446018804
111_106,s4.431099624,s2.948477715,s6.177303368
111_107,s3.968438255,s4.557335284,s184.679711918
111_108,s-6.103512586,s5.937983043,s304.214435896
111_109,s-3.137061639,s5.901683718,s14.815570090
111_110,s-1.559470043,s4.623739096,s8.626873199
112_0,s-6.464768226,s-3.035426470,s23.279799351
112_1,s-4.939415036,s-4.493509141,s310.393369905
112_2,s-4.240001529,s-5.954877279,s150.878305317
112_3,s-1.584120149,s-5.821020175,s359.632344039
112_4,s-3.505908637,s-4.110232903,s11.274183878
112_5,s-1.491567376,s-6.402639787,s227.776555859
112_6,s1.828581596,s-5.986060244,s50.743174947
112_7,s-1.315923381,s-3.112107862,s222.021290165
112_8,s1.932964436,s-4.373171297,s119.447933079
112_9,s2.397155867,s-6.366514517,s274.085867541
112_10,s3.445622833,s-5.029566239,s346.135531598
112_11,s4.752947763,s-5.516507715,s201.662344950
112_12,s-5.417172786,s-2.752852562,s67.043229916
112_13,s-3.672870446,s-4.469799293,s286.120958270
112_14,s-3.291777313,s-5.454636117,s200.421520099
112_15,s-3.149082772,s-1.758577281,s184.597918835
112_16,s-1.642167740,s-1.046363690,s342.074975887
112_17,s-0.620730471,s-4.865797875,s80.919830967
112_18,s-1.531210613,s-6.051435932,s135.344264579
112_19,s-0.312169217,s-3.712384730,s220.329728311
112_20,s2.726802369,s-4.015314664,s109.951970642
112_21,s4.200210866,s-4.365416075,s301.645635053
112_22,s4.170319954,s-3.313041151,s130.237721883
112_23,s6.490533361,s-4.170083548,s241.541981030
112_24,s-6.513509313,s-1.742657382,s338.311468460
112_25,s-5.450496125,s-2.276100700,s64.896266806
112_26,s-3.659200122,s-0.552190460,s293.249377935
112_27,s-3.087161615,s-0.638658593,s173.255029483
112_28,s-1.212760406,s-0.729907960,s92.767040854
112_29,s-0.633720709,s-3.782203236,s188.928881946
112_30,s1.425846370,s-1.882094146,s324.966129126
112_31,s1.829442038,s-2.822650383,s244.449327518
112_32,s1.851719404,s-0.079586356,s128.517396735
112_33,s0.898630585,s-4.709167268,s170.573042398
112_34,s3.921242415,s-1.700295547,s281.988719356
112_35,s5.500170438,s-1.073347124,s254.336137845
112_36,s-6.137551913,s-0.926930702,s24.981955159
112_37,s-4.595949378,s-1.479436393,s180.379782883
112_38,s-3.674956985,s-3.247739898,s289.241857805
112_39,s-2.230409279,s-3.880874983,s195.383872785
112_40,s-0.548311556,s-0.315374356,s225.737346007
112_41,s0.164558758,s-3.033363527,s120.655401361
112_42,s-0.053421639,s-1.636466860,s274.722136651
112_43,s-0.782917066,s-0.974793937,s19.145485790
112_44,s4.167894539,s0.359102567,s166.480640047
112_45,s2.200881055,s-3.121300901,s170.663286279
112_46,s4.541342419,s-1.316573640,s86.911824912
112_47,s5.068135346,s0.846370960,s140.215428200
112_48,s-6.650633548,s0.234977028,s298.552430161
112_49,s-4.728933678,s-0.339016887,s183.879990047
112_50,s-3.901172963,s0.598186620,s273.612831246
112_51,s-2.989319464,s1.035838483,s194.839304811
112_52,s-1.582536638,s-1.848293542,s6.338159814
112_53,s-2.572103447,s0.183836936,s125.077559396
112_54,s0.247479996,s0.157327563,s251.294637830
112_55,s1.218671508,s-0.726087577,s3.320245755
112_56,s3.047185447,s-0.108404444,s356.464728262
112_57,s2.061039227,s1.509020934,s55.033693424
112_58,s6.134314194,s-0.218434312,s19.078365642
112_59,s4.832916863,s1.394924522,s278.933579466
112_60,s-6.209336246,s2.226645227,s286.466799488
112_61,s-3.964251566,s0.174569460,s35.175712741
112_62,s-3.918305005,s1.141715692,s27.570999115
112_63,s-2.153764817,s2.050306387,s300.242887327
112_64,s-1.297434182,s0.228492518,s258.131936511
112_65,s-0.425786411,s0.270405834,s175.893545436
112_66,s1.269616776,s0.954774754,s144.352307633
112_67,s1.850949651,s0.979466066,s254.651249244
112_68,s2.763838794,s3.183447435,s13.543150706
112_69,s2.350109932,s-1.013050058,s22.774260281
112_70,s4.067365758,s0.940926141,s237.497539901
112_71,s5.942990017,s-1.694843326,s250.516066175
112_72,s-6.415138912,s2.369326877,s63.364836533
112_73,s-4.137936693,s1.354647725,s331.487786986
112_74,s-3.351987905,s1.613887349,s297.078614209
112_75,s-0.652990147,s2.765651536,s284.925969580
112_76,s0.099950720,s0.861664976,s338.386153268
112_77,s0.778563729,s0.743210610,s28.975525795
112_78,s-1.532391930,s1.076217841,s170.019604378
112_79,s1.045232477,s1.675157866,s163.722056627
112_80,s2.072107269,s3.869706674,s14.844228680
112_81,s3.338722195,s0.427498115,s271.693218088
112_82,s2.635873590,s1.386537042,s199.209226775
112_83,s5.802945825,s2.575244572,s151.091423462
112_84,s-5.822976309,s3.065736060,s120.991607677
112_85,s-4.707026860,s1.889868524,s328.393511836
112_86,s-3.145254387,s3.539000720,s14.115552380
112_87,s-1.549284381,s1.527942962,s301.087345544
112_88,s0.029987579,s5.693227056,s166.942130686
112_89,s1.070806766,s4.315970303,s258.514477429
112_90,s-0.189404610,s1.183362002,s123.038995644
112_91,s-2.526851174,s3.266389988,s296.886206072
112_92,s0.803928790,s3.736925828,s56.815763890
112_93,s4.414302060,s2.071447563,s206.803184037
112_94,s4.942602182,s3.557621019,s252.187735054
112_95,s6.497230877,s2.465684000,s87.363931232
112_96,s-6.650633548,s4.172765888,s137.231230905
112_97,s-3.227929815,s4.810508320,s188.826369596
112_98,s-3.819279967,s3.296564145,s162.741690094
112_99,s-1.922524077,s6.407538611,s156.041952328
112_100,s-2.229225655,s2.722301520,s141.333084028
112_101,s-1.055472006,s6.110826963,s206.734596790
112_102,s-1.119852430,s5.324534125,s301.570961782
112_103,s2.256249507,s5.181965443,s344.646443923
112_104,s3.992545891,s2.393128273,s110.712403097
112_105,s3.129865636,s4.971097867,s293.807256386
112_106,s4.252748429,s5.766573204,s263.951045289
112_107,s5.675109475,s3.898595203,s238.340946601
112_108,s-5.407952452,s4.905338125,s249.846890407
112_109,s-3.931816143,s6.649374594,s123.788359256
112_110,s-1.975556006,s3.602122307,s103.207283304
112_111,s-2.216128173,s5.146338527,s14.877748658
113_0,s-5.123228733,s-3.871410564,s277.078006225
113_1,s-4.461192512,s-4.170863574,s229.090172000
113_2,s-4.289368528,s-6.113403320,s118.240651856
113_3,s-0.116409762,s-5.697205656,s114.498259571
113_4,s-1.601419791,s-3.850992714,s143.539281232
113_5,s-0.015829311,s-5.307554935,s138.486038318
113_6,s-0.215751120,s-4.303461187,s182.799079894
113_7,s2.604357539,s-5.643197531,s297.857173295
113_8,s4.908080264,s-2.325345153,s179.609040283
113_9,s3.056678660,s-5.056797511,s133.313956716
113_10,s4.323190167,s-6.040460831,s30.644108937
113_11,s5.519199085,s-6.031773390,s103.336910497
113_12,s-4.382615699,s-2.694907510,s322.529428891
113_13,s-0.346676376,s-5.989768286,s154.627926100
113_14,s-3.794741936,s-3.300116861,s8.595123732
113_15,s-4.340437686,s-1.556806773,s101.948668851
113_16,s-1.251626853,s-4.701871521,s166.967758738
113_17,s-1.975008753,s-2.669473254,s214.371869800
113_18,s0.261936263,s-1.369095754,s165.107091201
113_19,s1.051079773,s-4.325378947,s254.402633631
113_20,s3.718082646,s-0.580029322,s147.223525411
113_21,s2.574717000,s-3.402464182,s293.372145022
113_22,s4.247830900,s-1.651704894,s178.421686890
113_23,s6.010769897,s-4.216072968,s305.137483772
113_24,s-5.777133237,s-1.253691031,s171.613459941
113_25,s-5.122299014,s-1.228659405,s271.832081491
113_26,s-2.029139056,s-0.787296210,s149.008683487
113_27,s-2.402681631,s-2.303818429,s133.947493129
113_28,s-0.377189182,s-1.459842969,s85.553843115
113_29,s-0.392369984,s-3.175510753,s11.205312500
113_30,s0.210457776,s-0.836471959,s234.824524461
113_31,s0.937279701,s-1.177173043,s168.918564991
113_32,s1.520886993,s-2.522563061,s267.286108825
113_33,s1.050955703,s-3.728663102,s282.475404139
113_34,s4.261846477,s-0.297263150,s214.958126458
113_35,s6.156536231,s-3.013665825,s149.611630590
113_36,s-3.326897016,s-1.518250097,s326.701273164
113_37,s-5.948169356,s-3.214708633,s251.135619945
113_38,s-1.313996675,s-1.106239743,s224.979446154
113_39,s-3.525834074,s-3.438734133,s223.871948571
113_40,s-3.432479517,s0.045109333,s326.993173653
113_41,s0.390330185,s-3.131884964,s129.362155130
113_42,s1.089425929,s0.984393181,s209.934995123
113_43,s3.488468705,s0.198294831,s236.114167475
113_44,s2.440355570,s-3.209803999,s169.315651119
113_45,s1.637904798,s-0.415254885,s21.832530279
113_46,s5.998564164,s-1.540204621,s250.552036316
113_47,s5.484117817,s-0.280846319,s62.859284480
113_48,s-5.729265770,s0.317282868,s51.166098446
113_49,s-4.515385853,s-1.264827181,s137.127827429
113_50,s-1.489315807,s0.333007495,s131.068097627
113_51,s-0.555620122,s-0.951940781,s247.227739639
113_52,s-0.641167172,s-1.394751088,s347.991728687
113_53,s-0.104849458,s0.863519721,s100.874474818
113_54,s-0.811224713,s-0.024114805,s176.040119912
113_55,s1.254362710,s1.814749720,s230.210777942
113_56,s2.021598236,s-1.277353593,s290.268063392
113_57,s2.744760159,s1.058931826,s61.459211259
113_58,s2.193191803,s-2.342720868,s318.882398715
113_59,s5.888834560,s-0.033681726,s175.281913081
113_60,s-5.466117094,s2.198480905,s135.192298717
113_61,s-4.904221461,s-0.010183104,s44.760084587
113_62,s-1.648044517,s2.185994707,s290.316277674
113_63,s-1.448915098,s-0.325657478,s264.704151844
113_64,s-4.428055270,s0.263131284,s188.046203493
113_65,s0.092188062,s-0.230305157,s308.682043929
113_66,s-0.271446573,s1.555284935,s83.163241076
113_67,s2.472474466,s2.557563766,s291.204515789
113_68,s2.247557602,s0.834791970,s118.445100422
113_69,s4.790270580,s2.806933366,s5.318336370
113_70,s4.151841057,s0.600062735,s313.282007048
113_71,s5.053779199,s0.251290163,s247.214088339
113_72,s-5.562304248,s1.501979304,s41.368790865
113_73,s-2.544820054,s0.517724110,s59.120633625
113_74,s-3.830796203,s1.438089696,s152.393397585
113_75,s-0.939238380,s4.418718078,s33.946424995
113_76,s1.249733282,s1.205810392,s244.556467686
113_77,s-3.130740694,s2.605498321,s287.729724966
113_78,s1.645189796,s2.141230886,s69.628145786
113_79,s2.054946498,s0.691322662,s355.223172961
113_80,s2.932598061,s2.651535936,s358.339899249
113_81,s2.233765917,s5.182619834,s11.088841786
113_82,s6.062312739,s1.421052090,s256.562952624
113_83,s5.768880165,s2.038793436,s88.014623268
113_84,s-5.084999477,s2.387380719,s210.587527730
113_85,s-4.296886365,s3.268297892,s318.111864990
113_86,s-2.769850890,s3.314241177,s185.223048535
113_87,s-2.825388581,s1.380929399,s182.026232907
113_88,s-0.755061324,s2.686968183,s239.744500172
113_89,s-1.491840440,s1.357575221,s106.483475415
113_90,s-0.314871374,s2.353355933,s172.680995820
113_91,s-0.266207825,s3.624255616,s215.987148603
113_92,s1.754328296,s3.466987956,s309.068153660
113_93,s1.040584822,s-0.724913474,s7.216843297
113_94,s3.278389158,s1.694190865,s274.063926886
113_95,s3.926487369,s1.832178202,s3.613731644
113_96,s-6.070937160,s3.774316550,s74.121763123
113_97,s-4.729268637,s2.446325497,s135.645092865
113_98,s-5.062845691,s6.167128189,s312.987937419
113_99,s-2.162874315,s3.425393531,s197.468137919
113_100,s-1.277451190,s4.342321504,s307.433957466
113_101,s-0.670086938,s3.429117237,s302.340202145
113_102,s0.415464887,s5.927600525,s211.878891503
113_103,s1.138415776,s4.232863395,s342.565280193
113_104,s2.083439302,s5.407496700,s201.005924345
113_105,s0.779204474,s5.276819664,s106.167109543
113_106,s3.495851000,s2.449375144,s181.935876879
113_107,s3.798030252,s5.818244127,s233.137636841
113_108,s-6.070937160,s5.815365895,s353.411416926
113_109,s-3.094183052,s5.714015450,s198.574842100
113_110,s-3.405188420,s3.464950220,s134.218687980
113_111,s-1.010677931,s5.068018279,s42.843728491
113_112,s-0.830416100,s5.951018447,s144.495373587
114_0,s-5.635703212,s-3.108422299,s355.946143765
114_1,s-5.256081847,s-6.248792639,s200.881862794
114_2,s-3.138216921,s-5.352300456,s90.422571375
114_3,s-2.117775944,s-6.019424581,s10.829980387
114_4,s-1.180643391,s-4.094814093,s12.683606658
114_5,s-0.516973074,s-6.220237698,s135.749744760
114_6,s-1.137702004,s-5.133286284,s154.509376203
114_7,s1.895360536,s-5.627915325,s348.426896391
114_8,s3.208559644,s-5.323618567,s121.414312767
114_9,s3.149278060,s-6.077185352,s128.719398904
114_10,s3.862835102,s-5.178138045,s339.892990285
114_11,s5.372424218,s-6.535960032,s271.064633704
114_12,s-5.652939467,s-4.047675214,s15.097660119
114_13,s-4.120212409,s-4.311602464,s355.366679194
114_14,s-4.411417087,s-2.918479834,s234.218861511
114_15,s-2.532581026,s-4.859906292,s15.904679043
114_16,s-1.534105327,s-0.812867052,s122.476543388
114_17,s-0.829804850,s-2.823049991,s231.663708260
114_18,s-0.013604799,s-3.981473853,s75.979968785
114_19,s2.437432814,s-2.981004017,s155.134545705
114_20,s0.787284628,s-4.439571557,s98.329340770
114_21,s2.784443154,s-3.373294296,s41.194326182
114_22,s4.493092928,s-3.954852187,s307.574274751
114_23,s5.939769388,s-4.676519956,s328.996917531
114_24,s-6.490235662,s-2.822537643,s22.666291949
114_25,s-3.718904156,s-0.242843170,s120.479425635
114_26,s-1.804863550,s-2.545252306,s332.710480867
114_27,s-2.630678369,s-3.902380857,s152.260188012
114_28,s-1.006072837,s-2.466944710,s217.293047216
114_29,s-0.022947023,s-4.263765875,s70.683023272
114_30,s2.227564745,s-0.819153008,s245.384421151
114_31,s0.449464826,s-3.226673785,s299.510785150
114_32,s1.523705063,s-2.105047467,s41.581095797
114_33,s2.031263996,s-4.594083995,s354.804885615
114_34,s4.293339048,s-2.477942944,s49.999678524
114_35,s4.683807499,s-2.949890908,s159.608643330
114_36,s-5.670189976,s0.121671985,s190.218536320
114_37,s-6.037271663,s-1.795166167,s193.545158323
114_38,s-2.893851363,s-1.833688334,s227.493313028
114_39,s-0.799633654,s1.088833811,s237.109910041
114_40,s-3.371381431,s-2.472503387,s257.679277389
114_41,s-0.075205392,s-2.541759922,s297.730947933
114_42,s1.123034582,s-1.435269274,s144.158085140
114_43,s1.584948048,s1.762645808,s235.948764089
114_44,s2.208092911,s-1.718075339,s269.248657738
114_45,s3.584628377,s-3.031678679,s237.665195359
114_46,s2.566856961,s0.893285107,s93.363087073
114_47,s5.560176021,s-2.058723459,s143.054643581
114_48,s-4.923672737,s-0.274237788,s127.895197966
114_49,s-2.452171335,s0.193121768,s123.495120331
114_50,s-2.047728073,s-1.458149399,s208.453037676
114_51,s-3.429486619,s-0.596461942,s261.896469794
114_52,s-0.887614472,s-0.353297639,s215.781833004
114_53,s-1.031277161,s-1.131829232,s179.617212355
114_54,s1.528815266,s0.241576104,s213.855230193
114_55,s0.359795484,s-1.742428621,s132.501900635
114_56,s4.047257854,s-0.134711750,s212.733628568
114_57,s3.567197945,s-0.648384136,s235.834950209
114_58,s3.612081617,s-2.355175953,s138.569277095
114_59,s6.016807457,s0.442237063,s264.559339217
114_60,s-3.565541692,s1.102193455,s93.524660780
114_61,s-3.363281013,s0.710943335,s3.924623382
114_62,s-1.848305087,s-0.952070073,s315.527293479
114_63,s-2.201869766,s2.450129733,s114.277353983
114_64,s-0.409680676,s-0.031347713,s75.613232992
114_65,s-1.048298682,s2.156777007,s5.869060698
114_66,s0.282682323,s-0.287159495,s240.167167372
114_67,s2.456137518,s0.030859801,s321.744827506
114_68,s5.074375751,s0.701489633,s127.244152996
114_69,s0.700994354,s3.198179386,s66.977615770
114_70,s1.568766837,s-0.931250105,s308.706419857
114_71,s6.069506413,s0.657456487,s162.941371807
114_72,s-5.827941967,s1.892549995,s23.901963256
114_73,s-6.079176995,s0.464144233,s118.694126917
114_74,s-4.307493770,s1.902246510,s215.998338440
114_75,s-4.150749530,s2.536411477,s216.606736963
114_76,s-2.943998218,s0.847105300,s284.372282288
114_77,s-0.701191014,s3.598777783,s112.184036964
114_78,s2.641098679,s2.823138660,s23.492641697
114_79,s-0.805062339,s1.379793454,s252.071464293
114_80,s-0.112382463,s1.773863085,s136.789700000
114_81,s1.402855005,s5.381626402,s67.853953215
114_82,s5.572937275,s1.990908190,s279.336372267
114_83,s4.374339966,s-0.907908487,s131.481693847
114_84,s-5.394814385,s2.169087686,s78.224195868
114_85,s-5.343506972,s0.589914662,s82.788050164
114_86,s-2.790939892,s4.201633737,s57.967207730
114_87,s-1.319869089,s0.714906432,s158.681117795
114_88,s-0.070121180,s2.490220790,s27.161067292
114_89,s-0.009146198,s4.985846105,s33.134508490
114_90,s0.909010990,s1.943152180,s76.061046990
114_91,s0.699373877,s3.862396631,s77.379868176
114_92,s3.639548715,s0.417271950,s263.789269076
114_93,s3.203522815,s2.732465270,s328.205152405
114_94,s6.126785354,s2.969488175,s156.449458899
114_95,s4.394500533,s1.243425896,s153.024476563
114_96,s-6.367179357,s2.793245582,s327.252619057
114_97,s-5.050686104,s4.061688743,s265.743234033
114_98,s-2.014234654,s5.325465550,s35.026046254
114_99,s-3.148259042,s3.147259577,s95.935240461
114_100,s-2.700682910,s2.712569228,s79.991336878
114_101,s-1.193971104,s5.004450700,s295.075151088
114_102,s1.678116861,s5.511851566,s344.267906170
114_103,s-0.230309723,s3.706630502,s126.634363028
114_104,s2.595587046,s4.929574143,s356.771300323
114_105,s3.578552294,s4.204779371,s19.072500929
114_106,s2.190375634,s1.425280490,s258.214317590
114_107,s4.817718832,s5.388190800,s72.954857811
114_108,s-5.406773645,s5.001179290,s335.901272162
114_109,s-5.178771702,s6.088827566,s249.578305452
114_110,s-3.418124922,s5.671154671,s38.845684260
114_111,s-2.632781597,s6.010009103,s28.667787088
114_112,s-0.303907064,s6.243768972,s19.847952753
114_113,s-0.950471441,s5.366421145,s1.665232809
115_0,s-6.282123949,s-5.162412724,s323.745983206
115_1,s-5.268468469,s-6.247525996,s172.631787208
115_2,s-3.283275017,s-5.680140593,s73.513211526
115_3,s-2.486148548,s-6.739445544,s95.977713303
115_4,s-1.711566066,s-6.800366520,s105.367483083
115_5,s0.027064524,s-4.924987444,s303.434681604
115_6,s0.581833111,s-6.006867136,s215.145595912
115_7,s-1.028162941,s-4.185416714,s120.682364842
115_8,s0.709135230,s-6.868137503,s21.956056896
115_9,s2.297278026,s-6.236794211,s99.373568335
115_10,s3.642214081,s-6.560717794,s49.509787813
115_11,s3.960567727,s-5.292912836,s188.565639734
115_12,s-4.373457903,s-5.810628618,s152.650639454
115_13,s-3.970936280,s-2.961069967,s182.652562300
115_14,s-0.772289693,s-4.888862247,s262.340363793
115_15,s-3.576136525,s-2.671059341,s100.362108151
115_16,s0.552415990,s-3.334597791,s3.473287850
115_17,s-0.065989469,s-2.646828362,s76.166312811
115_18,s1.159273428,s-4.742321539,s215.842962320
115_19,s1.432378264,s-5.674262491,s339.751448058
115_20,s3.353725169,s-4.357196216,s10.256299707
115_21,s3.361456976,s-5.573400797,s165.678600673
115_22,s4.752864489,s-0.373807198,s350.203668358
115_23,s6.539416528,s-3.878145097,s55.335386735
115_24,s-5.642095245,s-1.848103228,s59.511559353
115_25,s-6.460535213,s-2.712185174,s20.587770500
115_26,s-2.356299636,s-4.624564292,s21.504438519
115_27,s-4.647670606,s-2.274733023,s137.956106712
115_28,s-2.555552914,s-3.904576462,s134.536636588
115_29,s-1.118684468,s-2.551871245,s164.455552823
115_30,s3.109041692,s-1.692580225,s188.373213630
115_31,s1.425199638,s-2.843902908,s263.773528989
115_32,s2.338853926,s-2.992880964,s143.682877016
115_33,s4.583992096,s-4.519405679,s45.060835498
115_34,s3.128320316,s-3.468656132,s7.398204319
115_35,s3.559965865,s-2.240055877,s261.314393170
115_36,s-6.397580492,s-1.912741587,s317.250591531
115_37,s-3.990955042,s-0.715255080,s223.934250863
115_38,s-1.382037320,s-1.201142126,s41.633277585
115_39,s-3.478484916,s-1.247406819,s13.518688909
115_40,s0.479032552,s-1.318072458,s48.846735791
115_41,s-0.883423748,s1.190441244,s274.379646813
115_42,s1.879974228,s-2.024063579,s353.691642912
115_43,s3.600952784,s-1.473036502,s77.075817886
115_44,s1.052398781,s-1.218834159,s98.222451220
115_45,s1.541637641,s-1.082194103,s309.579844118
115_46,s3.362400490,s-1.600030309,s107.798645599
115_47,s6.786607664,s1.014131582,s356.781806067
115_48,s-5.800812977,s-1.151779869,s260.874914367
115_49,s-4.305523978,s-0.172583730,s112.168933167
115_50,s-4.277823771,s-1.815403632,s166.672093392
115_51,s-2.780823537,s-1.258770473,s293.118591862
115_52,s-0.558511662,s-1.270255479,s140.028156914
115_53,s-2.304496474,s-2.664530728,s121.543320483
115_54,s-0.174272395,s-1.787048123,s193.335630179
115_55,s2.147818566,s0.267512824,s38.450839041
115_56,s0.709153156,s0.012550735,s308.241552366
115_57,s3.129921314,s0.720775286,s294.687802594
115_58,s3.857893007,s-0.082747185,s124.146546259
115_59,s5.568423623,s-2.826926371,s281.722795421
115_60,s-5.914385456,s0.702613048,s179.930795877
115_61,s-3.822499579,s0.239897427,s61.498657719
115_62,s-3.054339443,s1.447608095,s106.734188628
115_63,s-0.967005948,s-0.418805864,s245.920931280
115_64,s-2.088261645,s0.677702079,s79.711041753
115_65,s1.141055719,s1.659545645,s5.257939564
115_66,s-0.215755752,s-0.434560942,s16.156409722
115_67,s2.339797141,s1.640818628,s194.671568232
115_68,s3.622197393,s1.192517918,s137.193443636
115_69,s3.565842633,s1.618696943,s183.471334084
115_70,s4.562777305,s0.235697466,s38.971404751
115_71,s5.300882833,s-0.994210993,s161.578839443
115_72,s-6.925962262,s0.999133417,s280.159745012
115_73,s-3.514951245,s2.434908763,s235.512148439
115_74,s-5.240195148,s0.630725073,s50.192027319
115_75,s-2.148481753,s-0.466375541,s336.464776793
115_76,s-1.557934718,s1.041500245,s205.946748239
115_77,s-1.564668307,s1.644827336,s307.988076752
115_78,s1.233303328,s2.214714331,s118.548030267
115_79,s0.366211612,s0.461517969,s306.893831263
115_80,s0.279274400,s3.591661682,s350.222784414
115_81,s3.859047661,s-0.964580802,s13.938717536
115_82,s3.656537943,s2.644770156,s199.125062387
115_83,s6.283438010,s2.018576908,s244.953934005
115_84,s-6.158112241,s1.781116611,s205.693789118
115_85,s-5.006970768,s2.335228058,s42.223163099
115_86,s-4.358661572,s4.695038944,s14.368961871
115_87,s-0.129388612,s2.696150408,s246.156355301
115_88,s-1.448734294,s2.225849777,s308.042325343
115_89,s0.199459356,s3.271599984,s295.179555959
115_90,s0.622733166,s4.266460039,s305.493925504
115_91,s3.006609005,s2.465040168,s12.491586243
115_92,s2.305300654,s3.094211923,s122.630855248
115_93,s1.885654068,s1.963031908,s68.885016727
115_94,s4.799706157,s1.953743269,s189.726194712
115_95,s6.379303029,s3.646128308,s236.200697608
115_96,s-6.229739919,s4.292583662,s256.006937414
115_97,s-4.804139438,s3.630349024,s169.166137979
115_98,s-2.815472783,s1.961602139,s208.850188062
115_99,s-1.466445632,s3.374961810,s211.176891694
115_100,s-2.066012566,s4.421549077,s208.103033093
115_101,s-0.689918723,s4.040422145,s29.399010082
115_102,s-1.252003329,s4.381192143,s312.536609026
115_103,s2.554815994,s4.316645898,s129.003832493
115_104,s3.620956850,s5.002103604,s332.859823853
115_105,s4.345487017,s3.259594121,s201.141649313
115_106,s6.049015870,s3.073550709,s93.381754278
115_107,s4.313543660,s5.396621384,s18.026714187
115_108,s-4.589955993,s6.490557658,s324.009913702
115_109,s-2.749078712,s4.562038829,s50.360778842
115_110,s-3.009757963,s5.869776135,s169.487511343
115_111,s-2.164206265,s6.372682444,s337.480854428
115_112,s-0.189484453,s5.492837380,s64.047062883
115_113,s2.075475679,s4.516109464,s275.173451440
115_114,s0.144338713,s6.490557658,s43.906428618
116_0,s-5.488436741,s-5.411853971,s355.355759003
116_1,s-3.542877526,s-5.379868002,s259.994899915
116_2,s-3.816648433,s-6.224081101,s319.160442805
116_3,s-2.758689523,s-6.189960280,s191.933074542
116_4,s-2.692585919,s-4.917079481,s299.305261172
116_5,s-0.526731699,s-5.113249560,s195.323347421
116_6,s-0.520632166,s-6.429869493,s193.965772469
116_7,s2.329327844,s-5.710515160,s349.622726934
116_8,s2.948308901,s-3.185265482,s35.297886610
116_9,s3.755649833,s-5.651137553,s357.434875922
116_10,s4.572157318,s-6.331328342,s301.286715431
116_11,s5.279514181,s-4.794879965,s76.536556362
116_12,s-6.127282266,s-3.376818216,s35.462685109
116_13,s-3.786558512,s-2.707483016,s191.848929335
116_14,s-2.872293892,s-3.922301634,s254.752526224
116_15,s-1.821442403,s-2.520300304,s252.477994045
116_16,s-2.139292404,s-3.511602818,s189.651581119
116_17,s0.520399569,s-4.099779861,s121.202072562
116_18,s0.495138043,s-5.524373968,s49.712433225
116_19,s2.584362529,s-3.844646826,s187.002215543
116_20,s2.596234577,s-6.427366384,s8.441643309
116_21,s4.992125069,s-2.740147706,s67.024474027
116_22,s3.720788656,s-4.199363485,s326.785469501
116_23,s6.756821991,s-2.147790595,s187.387097209
116_24,s-6.640571139,s-1.960822190,s300.246489670
116_25,s-5.483284031,s-2.429553035,s140.514545687
116_26,s-4.155186485,s-2.804432944,s147.627821581
116_27,s-1.307989027,s-3.010020595,s119.907789884
116_28,s-0.605692285,s-3.774424603,s9.693963157
116_29,s-1.865102254,s-0.644445810,s243.691976094
116_30,s0.668164173,s-2.092656813,s124.982632006
116_31,s-0.068800008,s-3.414611250,s94.571558339
116_32,s4.788313876,s-3.842340970,s15.836546238
116_33,s1.611848410,s-1.972216936,s166.423440940
116_34,s3.598231497,s-1.393710645,s172.128295695
116_35,s4.437256068,s-2.322718572,s183.210473006
116_36,s-6.676834722,s-1.101571804,s13.216050271
116_37,s-2.346141473,s-2.506065862,s347.147012129
116_38,s-2.377180006,s-0.076050252,s4.558898879
116_39,s-3.266882285,s-3.410222286,s128.596262210
116_40,s-2.488589333,s-1.732084463,s260.633530588
116_41,s0.061677433,s-0.954657273,s9.833865335
116_42,s1.571088046,s-2.401061593,s49.865371758
116_43,s0.882189945,s-4.510963964,s154.851930233
116_44,s1.587940775,s-1.214707930,s54.015488421
116_45,s2.572777689,s-1.884371505,s177.076927578
116_46,s4.731430021,s-0.348801996,s193.607940255
116_47,s4.698167453,s-1.436211261,s309.644021132
116_48,s-4.057589150,s-1.841800461,s42.060399344
116_49,s-4.932790190,s-1.906170113,s77.528578243
116_50,s-4.808210537,s0.026418985,s194.589232032
116_51,s-2.438957353,s-0.683646862,s140.336539480
116_52,s-0.616230693,s0.271001228,s171.206825122
116_53,s-0.741939352,s-1.654425359,s256.597105748
116_54,s0.173741171,s0.140071151,s147.935783671
116_55,s1.029919179,s-1.009796537,s160.976837306
116_56,s2.296164689,s-0.535704666,s61.382339281
116_57,s1.983931687,s0.418186884,s66.170187160
116_58,s2.967648438,s-0.686122643,s80.967033119
116_59,s5.450812506,s-0.644737154,s350.851820192
116_60,s-5.258608011,s-0.950579033,s265.315755967
116_61,s-3.315927110,s0.919213602,s125.278528114
116_62,s-0.546670585,s1.650953325,s67.107604874
116_63,s-3.275616432,s0.338288372,s240.354969810
116_64,s-1.739071764,s0.527268127,s93.751307290
116_65,s0.622052408,s1.076764514,s32.437292328
116_66,s1.296580212,s0.068867083,s322.137074730
116_67,s1.153459894,s1.028849114,s235.485760476
116_68,s3.180555613,s1.503561965,s115.988503683
116_69,s3.894333788,s0.258520968,s117.127999769
116_70,s5.600313793,s1.005752419,s285.719326455
116_71,s6.859791744,s1.543013792,s337.320545321
116_72,s-5.331232238,s3.084426436,s54.622449996
116_73,s-5.376632946,s1.208830434,s292.974679704
116_74,s-3.938089641,s2.445905452,s3.389076091
116_75,s-3.589626783,s1.292174591,s90.947164869
116_76,s-0.373295862,s2.754468250,s98.521807506
116_77,s-0.742035490,s1.590967693,s106.536358368
116_78,s0.380428069,s3.181297392,s118.648509563
116_79,s1.468106154,s1.605158432,s127.219359159
116_80,s1.413717436,s3.712592071,s66.216425464
116_81,s4.027756828,s1.381179268,s55.117873346
116_82,s4.326084946,s0.153457227,s102.770146859
116_83,s5.292805806,s1.154959487,s80.509092970
116_84,s-4.594715150,s3.712881379,s295.642576567
116_85,s-3.370330228,s2.040755143,s206.915014026
116_86,s-2.180309069,s1.973309240,s255.211761252
116_87,s-2.277264400,s1.054731446,s92.157902381
116_88,s-2.526583776,s3.728832505,s139.328568103
116_89,s-0.061085535,s1.441283773,s111.069102850
116_90,s-0.451610857,s4.478127689,s192.242432280
116_91,s2.317242331,s1.804914198,s84.405271361
116_92,s4.057140227,s4.705002982,s177.797784339
116_93,s3.687370835,s2.070665831,s133.316747699
116_94,s3.702455590,s3.130066870,s343.241928301
116_95,s6.491034133,s2.614283003,s115.425245455
116_96,s-6.385919885,s5.309706101,s95.119500483
116_97,s-3.671839313,s3.453405085,s245.063881733
116_98,s-4.685505744,s5.339131778,s60.694735033
116_99,s-3.236072185,s2.893213161,s249.545024232
116_100,s-0.858394777,s5.837571677,s355.263059227
116_101,s-1.643794481,s4.430336204,s267.911453858
116_102,s1.436376259,s4.612989518,s228.833163937
116_103,s0.129085426,s6.615054819,s42.357235960
116_104,s1.769856152,s4.966331585,s40.259240210
116_105,s3.543174524,s6.269696303,s29.835708988
116_106,s4.731122404,s4.029698285,s15.943565412
116_107,s6.072213973,s4.706086142,s324.435322145
116_108,s-5.368689828,s5.943516476,s98.691067676
116_109,s-1.986864014,s5.493768534,s337.739226496
116_110,s-1.751379449,s6.919404503,s161.570021510
116_111,s-2.813543790,s4.206401515,s244.834769691
116_112,s-1.198147990,s6.789764667,s288.469665809
116_113,s-0.537167997,s5.599037083,s8.322401517
116_114,s1.169666204,s6.646756821,s146.309832508
116_115,s2.495820900,s5.772854520,s331.288121306
117_0,s-5.793207769,s-5.885360860,s288.006074780
117_1,s-2.943501438,s-3.673418807,s256.632794477
117_2,s-5.238045914,s-5.805305929,s311.001828046
117_3,s-1.973865695,s-5.776346794,s291.125635961
117_4,s-1.045107483,s-4.048482810,s278.800713752
117_5,s-0.115560213,s-6.409629374,s250.192266643
117_6,s1.575720102,s-2.513914841,s228.881213450
117_7,s-0.863855643,s-5.391225164,s313.876363265
117_8,s1.158856684,s-4.605040072,s191.379988522
117_9,s4.079482805,s-6.312122988,s200.936980164
117_10,s4.204395010,s-4.182434446,s82.060065274
117_11,s5.603482319,s-5.058486565,s160.883286969
117_12,s-6.354824923,s-3.491970838,s205.448244364
117_13,s-3.976147831,s-3.459269671,s230.983982136
117_14,s-2.746478781,s-3.946435018,s291.156641892
117_15,s-2.476648366,s-3.149020680,s233.172508537
117_16,s-0.462888263,s-3.437596420,s326.073431254
117_17,s-0.412674694,s-2.607195233,s151.761695538
117_18,s2.399251202,s-3.603946473,s213.619663196
117_19,s1.154261026,s-1.863887076,s163.839828472
117_20,s3.223723972,s-3.338910697,s352.131511730
117_21,s0.338610499,s-6.358410732,s150.007001655
117_22,s2.676997589,s-4.483257498,s330.192444588
117_23,s4.572408484,s-3.248668477,s38.964006483
117_24,s-4.026975721,s-4.371611482,s188.868081862
117_25,s-4.585099187,s-2.158613694,s265.421373768
117_26,s-2.248424688,s-1.211320307,s355.637515376
117_27,s-3.747129120,s-2.791570930,s22.572160443
117_28,s-2.127590139,s-4.917404039,s267.036235865
117_29,s-0.586721027,s-1.319801715,s195.520143738
117_30,s0.420465673,s-0.168536898,s207.742700956
117_31,s0.457661209,s-2.644065757,s323.500301654
117_32,s0.919537607,s0.324013851,s118.863515268
117_33,s2.626289635,s-2.332355957,s180.499326507
117_34,s4.116312724,s-3.321515061,s44.388138017
117_35,s4.460268432,s-1.849175695,s117.057152404
117_36,s-6.394172068,s-1.921124202,s226.218133965
117_37,s-3.114331978,s0.281048879,s66.108409466
117_38,s-1.136897727,s-0.811353732,s167.664802665
117_39,s-0.524613125,s-3.181453654,s137.615281390
117_40,s-2.238354876,s-2.105140585,s275.739151722
117_41,s-1.334172789,s0.320871494,s225.404608694
117_42,s1.905586803,s-1.427421957,s139.409279393
117_43,s3.371548490,s-0.899217270,s344.259687802
117_44,s0.124973155,s-4.211335573,s224.523973021
117_45,s3.449667906,s-1.272388087,s334.934351784
117_46,s3.397788456,s-0.620903632,s59.042614344
117_47,s5.725995045,s-0.879204128,s209.104099608
117_48,s-4.742055144,s-1.721868604,s307.050361001
117_49,s-5.726393914,s2.462325532,s171.572811542
117_50,s-2.218405163,s-0.084979113,s309.902788959
117_51,s-3.180611892,s-1.451464197,s263.308005289
117_52,s-1.479724547,s-0.550868212,s202.276629407
117_53,s1.183014018,s-1.603901861,s65.950597743
117_54,s-2.249442169,s0.705991369,s69.794901559
117_55,s2.221978751,s1.590538771,s3.938183831
117_56,s1.697465849,s-0.549137187,s305.972024144
117_57,s4.440815184,s0.525212161,s31.260119834
117_58,s4.750518274,s1.943475855,s91.398109482
117_59,s4.335817121,s-0.938891216,s171.881280814
117_60,s-5.897390955,s-0.123503337,s265.169856487
117_61,s-4.485170847,s-1.291647318,s176.684959713
117_62,s-2.883441564,s0.291695621,s198.872430787
117_63,s-1.624491362,s1.589236942,s270.943472577
117_64,s-0.623938872,s1.590566615,s204.864459674
117_65,s-0.174872077,s1.943518244,s222.689448628
117_66,s-0.421258248,s0.204770838,s118.949636039
117_67,s2.768346673,s-0.059671126,s354.517162534
117_68,s3.281405635,s1.214137989,s137.496275636
117_69,s2.740179281,s0.681783264,s254.985265515
117_70,s5.852624972,s1.683101944,s341.506903629
117_71,s6.307428816,s0.704230513,s21.592605020
117_72,s-6.340300456,s0.751956797,s171.893522526
117_73,s-4.726339701,s3.921140742,s188.385687595
117_74,s-5.323199530,s0.719300393,s302.686971743
117_75,s-1.805753307,s4.835312669,s87.339298679
117_76,s-2.097419097,s1.542631470,s282.198725882
117_77,s0.813103023,s2.592479172,s339.549425147
117_78,s1.303117445,s1.770168661,s60.310877192
117_79,s0.564584668,s4.021853215,s77.056021940
117_80,s0.382205377,s0.395297047,s105.926959260
117_81,s2.976511259,s5.072479923,s125.785314344
117_82,s3.345726322,s3.294064876,s355.251379681
117_83,s3.878455288,s1.003908787,s74.732372391
117_84,s-4.330807675,s-0.496860151,s10.184490490
117_85,s-4.934274824,s2.293987460,s192.481578791
117_86,s-1.541666450,s3.860359942,s176.960159362
117_87,s-3.759159065,s2.239238933,s128.015486433
117_88,s-2.417801988,s2.134778564,s45.011924395
117_89,s-0.137341750,s3.234606524,s221.302903816
117_90,s-0.559758252,s2.281898226,s94.243484296
117_91,s2.723474526,s2.972479622,s244.088672701
117_92,s1.512879048,s0.839462367,s64.689251736
117_93,s4.088327985,s1.645906856,s94.300095349
117_94,s4.467659308,s3.569110277,s302.568046153
117_95,s6.237634089,s2.924310963,s214.156919302
117_96,s-5.643371238,s2.877464344,s229.706318068
117_97,s-3.861862565,s2.713272866,s152.856394469
117_98,s-0.820665138,s5.199799942,s155.252897935
117_99,s-3.148808567,s3.640751882,s160.543882073
117_100,s-1.408920118,s2.386372718,s249.163056397
117_101,s-1.365972120,s3.191651701,s220.072840978
117_102,s-0.025903636,s5.763539648,s171.534546387
117_103,s1.431122812,s5.648929924,s287.527345550
117_104,s1.746187525,s2.981816894,s36.250816892
117_105,s2.309826658,s4.913248868,s326.366305690
117_106,s4.661618528,s4.851165069,s81.760836773
117_107,s5.320292366,s3.635125072,s222.248639167
117_108,s-4.323341644,s6.259373598,s0.765419506
117_109,s-3.031229911,s4.794989767,s323.132996304
117_110,s-3.224014642,s6.356959495,s58.045521174
117_111,s-1.930771919,s6.356959495,s270.067003401
117_112,s-3.430891125,s4.099508175,s14.281020701
117_113,s-0.914016202,s6.206044422,s228.525310261
117_114,s0.241938015,s4.118774361,s270.032647277
117_115,s-0.057594442,s5.823765430,s174.875492067
117_116,s2.523031106,s5.626144722,s68.547973761
118_0,s-5.546607604,s-3.230041365,s201.751919569
118_1,s-5.901231679,s-4.690983050,s318.878527234
118_2,s-4.098759527,s-5.239070410,s338.541290338
118_3,s-1.937000998,s-3.902820498,s330.373576679
118_4,s-1.947285663,s-5.311956923,s189.001210115
118_5,s0.906470108,s-5.077430536,s353.310200450
118_6,s0.796294233,s-7.114018293,s257.496147660
118_7,s1.477707397,s-5.478307404,s270.010645461
118_8,s3.297816342,s-6.581038170,s7.575398683
118_9,s3.454160000,s-4.745565508,s267.492553473
118_10,s4.341692219,s-5.767125690,s86.028645576
118_11,s4.191452706,s-4.198625068,s223.016394243
118_12,s-5.254389281,s-4.059477896,s338.742327890
118_13,s-3.168121804,s-6.250569617,s73.393377136
118_14,s-3.011629649,s-2.859835179,s76.834350847
118_15,s-1.696403072,s-3.016525912,s240.843032764
118_16,s-0.732685613,s-5.061494248,s123.160032574
118_17,s-0.375746041,s-3.907013836,s358.494457044
118_18,s-0.070691572,s-4.713424069,s97.734708463
118_19,s1.593451961,s-3.314929398,s163.212120735
118_20,s1.717148941,s-4.555404136,s237.665781252
118_21,s2.393001478,s-2.201768720,s292.658521520
118_22,s3.936187577,s-2.953642154,s313.547645832
118_23,s5.948595520,s-4.576007340,s60.547545167
118_24,s-4.699677946,s-1.774435821,s319.240087387
118_25,s-3.147235461,s-0.663230570,s215.481211167
118_26,s-3.420901891,s-2.935870461,s313.574142435
118_27,s-2.290679312,s-2.639499958,s158.281715709
118_28,s-2.358321418,s-0.707236573,s137.462609393
118_29,s-1.226311914,s-2.992692429,s203.595244328
118_30,s-1.009448611,s-2.566421121,s272.411746723
118_31,s-0.686866660,s-1.015274003,s256.641780651
118_32,s0.658048288,s-4.208406176,s114.090733116
118_33,s2.174128881,s-0.917788010,s76.581698970
118_34,s5.173553444,s-2.496225506,s230.618954610
118_35,s5.852306104,s-1.757080909,s184.483747771
118_36,s-6.381618407,s-2.846826248,s345.617947341
118_37,s-5.036276193,s-0.343297581,s288.663550269
118_38,s-2.844298691,s-1.613797518,s141.047717676
118_39,s-2.952251538,s0.484634054,s261.693677626
118_40,s-1.311600959,s-0.681470334,s337.922268730
118_41,s-1.869702055,s-1.822747758,s135.145568629
118_42,s-0.002613184,s-1.795232148,s52.339145288
118_43,s1.736984100,s-2.043743117,s316.703165920
118_44,s0.698544957,s-2.137722130,s344.276383704
118_45,s2.942277859,s-2.413864985,s350.373918335
118_46,s4.360189396,s-0.285083573,s230.816000805
118_47,s4.652886005,s-1.706554453,s310.042543290
118_48,s-6.149581658,s0.648375487,s94.116081644
118_49,s-4.397784443,s0.189690264,s220.601588955
118_50,s-5.952980886,s1.583692223,s102.089524946
118_51,s-3.592275577,s-1.880879625,s217.340491880
118_52,s-2.442403757,s0.326555240,s50.410990438
118_53,s-0.904700787,s1.337022148,s182.933484316
118_54,s-1.137525367,s0.114701352,s299.479939044
118_55,s1.832354389,s-1.087170091,s251.863633297
118_56,s1.926391441,s-0.056225044,s130.641044229
118_57,s3.425764380,s-2.594299819,s38.482728112
118_58,s3.072774375,s-1.274301693,s345.695155009
118_59,s4.588860691,s1.718051374,s172.693352159
118_60,s-5.840890631,s-0.415781343,s239.523471245
118_61,s-7.052694151,s2.397186877,s228.357748222
118_62,s-1.655998017,s0.926041594,s191.401914409
118_63,s-3.458485723,s-0.613664687,s1.106434180
118_64,s-0.779806229,s-0.108943875,s256.119626430
118_65,s1.983850300,s0.840437051,s89.626842044
118_66,s0.312063024,s-0.376022220,s350.059311374
118_67,s0.674271718,s1.764588147,s103.928229529
118_68,s2.463009829,s1.388453344,s129.103887825
118_69,s3.470754328,s-0.409481597,s97.234350199
118_70,s4.393424632,s0.779934673,s230.393727370
118_71,s6.114644087,s-0.729959557,s220.833381388
118_72,s-6.120452163,s3.201249914,s244.207337811
118_73,s-3.414036055,s0.754682965,s68.487227905
118_74,s-4.378022587,s1.642687172,s125.297405100
118_75,s-1.743269470,s2.251388987,s83.281810026
118_76,s-3.003844073,s2.361779392,s81.954001905
118_77,s-1.048159852,s2.423931702,s19.106041235
118_78,s1.260425235,s2.506777403,s182.107396336
118_79,s-0.417761841,s0.758863706,s277.458841684
118_80,s3.951164550,s0.558873411,s267.142293609
118_81,s2.954421811,s-0.080009823,s25.575871546
118_82,s4.587849927,s3.788952207,s143.803616150
118_83,s6.475872395,s-0.326567516,s97.709168448
118_84,s-7.058965036,s2.582111855,s280.718659258
118_85,s-5.461675478,s4.248027972,s154.248296699
118_86,s-4.918693225,s1.642813414,s58.964787656
118_87,s-0.906686657,s3.349252823,s182.499911624
118_88,s-1.493153765,s-0.126097049,s63.364353419
118_89,s0.537900805,s3.940367999,s37.915258163
118_90,s1.454719814,s3.121588098,s223.587902092
118_91,s1.502716401,s2.190445140,s126.912109344
118_92,s2.617776064,s1.830604657,s38.864545905
118_93,s3.416149333,s2.432500637,s292.202843688
118_94,s5.075447937,s2.212299165,s191.295731109
118_95,s6.643502595,s1.495733061,s233.340544444
118_96,s-6.784399768,s3.531154650,s225.012896983
118_97,s-4.401786506,s3.677064146,s325.267569387
118_98,s-3.029154141,s2.857954862,s356.423037196
118_99,s-2.153366126,s4.257426539,s239.698033962
118_100,s-1.249955329,s5.216581872,s132.196082929
118_101,s-0.548325391,s4.001273081,s357.982366293
118_102,s0.402263916,s4.652831792,s102.749156142
118_103,s1.053532635,s4.331822752,s39.310296577
118_104,s2.416828849,s2.921089210,s286.541796226
118_105,s2.283831771,s4.020782762,s243.703344359
118_106,s4.567341388,s6.247524220,s246.900334264
118_107,s6.318600311,s5.409591874,s89.319640204
118_108,s-6.013273656,s4.512516863,s156.217084712
118_109,s-4.230619219,s4.761655509,s239.813326771
118_110,s-3.596411128,s3.564277423,s102.609627339
118_111,s-3.593555339,s6.656666991,s2.792806148
118_112,s-1.095616149,s6.337754754,s228.366743002
118_113,s1.095403672,s6.394617119,s126.701331161
118_114,s-3.369674017,s5.761402750,s133.170415820
118_115,s2.035690930,s5.558987700,s313.786916704
118_116,s1.960718489,s6.403437431,s122.215662191
118_117,s3.845378902,s3.416295058,s261.655673062
119_0,s-5.080719463,s-2.937066340,s149.882119190
119_1,s-4.913092828,s-5.190775271,s338.600796229
119_2,s-4.035825577,s-6.284378427,s325.095845768
119_3,s-3.129549304,s-6.097115394,s309.944774587
119_4,s-0.047302247,s-5.841483063,s145.888070007
119_5,s-0.946010786,s-4.180912932,s254.279511518
119_6,s-0.419274845,s-5.409481489,s303.085727129
119_7,s1.326358523,s-5.391796280,s184.357297283
119_8,s2.223545077,s-4.026211545,s167.991930834
119_9,s2.373302311,s-5.691441597,s36.278404835
119_10,s3.947403191,s-4.662269480,s125.117246428
119_11,s6.581094983,s-6.065247305,s156.694441938
119_12,s-6.917042055,s-3.853715888,s17.934064307
119_13,s-4.419238033,s-2.165106829,s41.397903711
119_14,s-3.641165136,s-4.148449683,s100.809044878
119_15,s-2.291153176,s-4.315825199,s78.162286951
119_16,s-1.942864340,s-3.711435959,s350.039910264
119_17,s-0.787868820,s-3.141631517,s120.394695938
119_18,s-0.167793147,s-4.672130412,s148.177641509
119_19,s0.924341950,s-3.427677957,s196.120772464
119_20,s4.173063264,s-3.164525723,s118.181092109
119_21,s4.628289438,s-6.735243968,s301.010170702
119_22,s5.645490759,s-4.675179128,s168.169942498
119_23,s4.726521300,s-2.815199092,s76.513611898
119_24,s-6.752007665,s-1.550406656,s18.546910153
119_25,s-6.308693472,s-2.857824757,s46.116990495
119_26,s-3.333216934,s-1.301773330,s325.751945286
119_27,s-2.028565542,s-1.986561438,s100.370452744
119_28,s-4.417458704,s-3.526711567,s0.705848561
119_29,s-1.278778953,s-2.601362165,s65.176411408
119_30,s1.149270495,s-1.501315381,s105.123456528
119_31,s-0.459946929,s-2.563791282,s355.294733856
119_32,s2.892075778,s-3.633641775,s302.571664215
119_33,s1.850378995,s-2.479588713,s203.193064158
119_34,s2.992998979,s-3.053260894,s309.044275837
119_35,s6.055928455,s-3.542685726,s153.160981747
119_36,s-5.565528055,s-0.766803283,s31.866809392
119_37,s-4.175634417,s-1.910591134,s98.203134299
119_38,s-4.456175917,s-1.136876784,s11.615022201
119_39,s-1.198673167,s-0.123041681,s111.545369505
119_40,s-1.416323372,s-0.994414609,s246.249553546
119_41,s0.511973689,s-4.387940680,s160.298147939
119_42,s0.144615635,s-0.965875329,s86.530470070
119_43,s1.940003279,s-2.875099702,s105.901011093
119_44,s3.215170278,s-0.968076142,s174.366958195
119_45,s4.244539880,s-0.218459518,s198.668860359
119_46,s5.933682425,s-1.490083786,s33.862335942
119_47,s6.448301876,s-0.891849149,s125.236490192
119_48,s-6.860505514,s0.304898063,s314.760790024
119_49,s-6.706035946,s-0.166026239,s137.709002318
119_50,s-4.713684878,s-0.136538362,s241.212290174
119_51,s-3.115198665,s-0.517430967,s175.473222219
119_52,s-2.038432096,s0.433825426,s247.373542384
119_53,s-0.712448609,s-0.488399461,s226.540463784
119_54,s1.257282154,s2.336871651,s305.114914493
119_55,s1.860569830,s0.256791942,s93.680426999
119_56,s4.650110795,s-2.061096875,s156.123225907
119_57,s3.457127677,s0.210975384,s179.007975898
119_58,s3.150052892,s1.232329517,s140.300368927
119_59,s4.816867244,s1.115276608,s313.229544704
119_60,s-6.664534589,s1.408133847,s184.962616325
119_61,s-3.301526710,s2.139373275,s21.069518071
119_62,s-3.516664670,s0.005883291,s198.420809306
119_63,s-1.811456464,s1.023982589,s216.141589930
119_64,s-0.928419874,s0.621221776,s5.220697232
119_65,s-0.179528469,s-2.182011718,s343.143213995
119_66,s1.199461860,s0.165286732,s6.653427217
119_67,s1.675381641,s-1.602803500,s35.375268931
119_68,s1.319544753,s-0.643997405,s18.704668497
119_69,s1.886921788,s0.892531026,s155.468054516
119_70,s4.341558509,s-0.077689244,s332.708246951
119_71,s6.595808661,s0.463776412,s234.863602305
119_72,s-5.507871098,s2.637555047,s331.314283774
119_73,s-5.736365873,s0.285045479,s260.618691003
119_74,s-1.779765855,s3.385371476,s157.631824991
119_75,s-2.285661543,s1.149033783,s195.961850215
119_76,s-1.665956835,s2.519196580,s256.738888080
119_77,s0.112870338,s0.458930035,s171.455231322
119_78,s-1.150680387,s1.029109362,s50.944182085
119_79,s2.706094134,s1.990690791,s121.297943910
119_80,s4.738068808,s4.623546238,s245.097708921
119_81,s2.483361626,s-0.226985444,s41.443104727
119_82,s5.315783465,s1.787880835,s34.252631207
119_83,s6.282061156,s1.397104433,s348.184643056
119_84,s-5.100892855,s2.776271890,s132.891430598
119_85,s-3.500552305,s2.653997536,s250.772302783
119_86,s-2.414406366,s2.521830181,s104.437201806
119_87,s-1.168705159,s1.420296481,s87.256356234
119_88,s-1.276375380,s4.269868988,s98.913108770
119_89,s-0.674932978,s2.710047401,s216.569463692
119_90,s0.093577769,s3.616128127,s99.246135257
119_91,s0.596176117,s-0.545997403,s107.827346172
119_92,s1.090726544,s4.219498132,s184.878206120
119_93,s3.274616459,s2.590625254,s257.618746704
119_94,s4.118376679,s1.643875727,s111.899344448
119_95,s4.964802004,s3.328270933,s274.671640205
119_96,s-6.374187430,s4.428622251,s261.939375824
119_97,s-6.323295781,s2.994494916,s351.560569281
119_98,s-4.441616055,s5.167179837,s296.300256201
119_99,s-4.251190963,s4.355655840,s24.219790145
119_100,s-0.287227289,s4.657749311,s109.390541944
119_101,s-1.231128625,s2.020410286,s341.373739965
119_102,s0.281062139,s4.164216245,s218.083510531
119_103,s1.115136918,s2.876371579,s261.146965577
119_104,s1.833439577,s5.746962125,s317.750213788
119_105,s1.158906565,s4.147253398,s310.097729399
119_106,s4.880707915,s6.257901112,s271.358414237
119_107,s6.485913203,s3.761151875,s123.678057282
119_108,s-4.717864114,s3.859343168,s252.176511590
119_109,s-3.845165347,s6.728212385,s126.674687430
119_110,s-2.471219230,s3.761494857,s341.869974915
119_111,s-3.830183005,s6.260050372,s137.667292705
119_112,s-1.711347809,s6.415601913,s224.145471248
119_113,s0.002649763,s4.977314681,s196.548766991
119_114,s0.682042893,s6.367434202,s258.452044139
119_115,s0.605026246,s5.226681155,s111.218082105
119_116,s3.988615636,s6.476045392,s45.655662156
119_117,s2.426080194,s3.836722277,s150.489214594
119_118,s6.172999383,s5.393643887,s159.639784204
120_0,s-5.254384200,s-4.958961829,s184.559016974
120_1,s-4.361526020,s-6.171339009,s61.856978212
120_2,s-3.834947828,s-4.300295518,s61.612521010
120_3,s-2.423124700,s-5.849922528,s300.042100811
120_4,s-2.087873611,s-4.800965281,s256.685727059
120_5,s-0.332730133,s-5.851356359,s134.725893108
120_6,s0.365621000,s-5.079738898,s118.280458646
120_7,s0.805472675,s-6.026931353,s135.353102667
120_8,s1.071328003,s-5.296499269,s202.574695987
120_9,s3.326929120,s-6.629012853,s114.553442813
120_10,s3.967150337,s-3.729707766,s340.579286508
120_11,s6.354274170,s-5.160447594,s109.724853997
120_12,s-6.629136520,s-4.234354027,s44.438689481
120_13,s-3.601544537,s-1.144362800,s78.542340595
120_14,s-3.071469465,s-3.544298515,s253.900270017
120_15,s-1.818460262,s-3.332946675,s200.862466388
120_16,s-2.293444470,s-3.937129254,s193.781227389
120_17,s-1.706641870,s-2.997254557,s324.323613125
120_18,s1.558041676,s-2.996118910,s107.708187162
120_19,s-0.137744420,s-4.391463996,s299.511468055
120_20,s2.620039631,s-3.742945482,s123.091741813
120_21,s2.276713168,s-6.396215769,s337.208452303
120_22,s5.920308611,s-1.968105334,s280.027374510
120_23,s6.291209509,s-3.143412432,s88.454476985
120_24,s-4.040094911,s-2.451284808,s289.138232151
120_25,s-4.968016074,s-4.316171185,s241.221828391
120_26,s-4.952381761,s-0.882381688,s257.620824189
120_27,s-1.543663033,s-2.069610144,s110.721826234
120_28,s-1.114605519,s-1.504874980,s157.166319021
120_29,s0.168462466,s-0.761494221,s110.230610528
120_30,s-0.446692781,s-2.682974978,s12.821133154
120_31,s0.529115211,s-3.397179523,s55.621115534
120_32,s2.102841038,s-2.948248245,s86.010936063
120_33,s2.622831904,s-2.407632368,s186.685804183
120_34,s3.887267165,s-2.873588197,s324.553361770
120_35,s4.080228062,s-2.649876697,s89.046170653
120_36,s-6.199416026,s-2.642294465,s172.048643954
120_37,s-3.552024908,s-0.900373518,s156.949053741
120_38,s-2.911218181,s-2.917424282,s110.518233290
120_39,s-1.891980028,s-1.316932714,s240.474069191
120_40,s-0.211054909,s-4.064762776,s71.288199032
120_41,s0.535506701,s-2.304939627,s106.735019773
120_42,s4.230349112,s-4.806133690,s225.957838083
120_43,s1.778608020,s-1.583418322,s62.092466200
120_44,s3.136740949,s-0.975005808,s73.499991891
120_45,s4.776454202,s-1.019346122,s3.995292083
120_46,s5.263444731,s-0.292256639,s156.644816198
120_47,s6.282475514,s-1.943908200,s67.143344048
120_48,s-6.271633451,s0.072777927,s253.554241095
120_49,s-5.637992450,s-1.922905427,s179.399828802
120_50,s-2.891794921,s-0.132415722,s98.827332619
120_51,s-3.225663339,s-1.743697371,s241.052079081
120_52,s-1.354358601,s-0.527090318,s191.215087589
120_53,s-1.340368882,s-3.114647843,s88.339918624
120_54,s1.408310195,s-0.603916693,s297.121593996
120_55,s0.112409060,s0.611890887,s45.571786706
120_56,s1.908160119,s-2.355602252,s15.922852629
120_57,s2.841035521,s-0.386992190,s112.786089477
120_58,s3.995650117,s1.273777729,s341.983621337
120_59,s5.949230795,s-0.866396026,s347.130190983
120_60,s-6.157550861,s1.486852512,s226.319917159
120_61,s-3.484978100,s3.207851336,s103.077899338
120_62,s-5.084251655,s-0.841782819,s118.468069252
120_63,s-4.035452091,s-0.365876227,s7.084523654
120_64,s-2.198224685,s0.809054445,s116.242411619
120_65,s-0.355610484,s1.417207025,s325.900364670
120_66,s1.032765742,s-0.262634982,s241.014470374
120_67,s1.161010024,s0.552848451,s267.916397277
120_68,s0.255830314,s-0.094841918,s49.615351397
120_69,s1.470008509,s1.069071954,s275.390341643
120_70,s4.184993779,s-0.547781574,s130.139366002
120_71,s6.020728670,s0.163675211,s114.370955591
120_72,s-6.531404143,s1.314499992,s161.988651541
120_73,s-4.911279275,s-0.239130159,s32.841894871
120_74,s-1.972989404,s2.684068299,s73.230654179
120_75,s-3.970748287,s0.129007758,s279.516092418
120_76,s-1.600070819,s1.009388713,s332.663697507
120_77,s-0.404575668,s4.353476567,s45.389948578
120_78,s-1.834517161,s2.400337321,s147.280710987
120_79,s-0.892111765,s0.049943406,s249.511777349
120_80,s2.117531875,s1.431681336,s188.773666027
120_81,s2.971691078,s3.669924730,s344.924545949
120_82,s4.449557854,s2.346423760,s296.780628840
120_83,s5.476112804,s-0.259952532,s341.789703012
120_84,s-5.067457728,s1.972075545,s278.866721703
120_85,s-4.513990687,s2.615335544,s104.780279887
120_86,s-3.500060186,s3.623865117,s287.435572957
120_87,s-0.861672319,s3.157855449,s118.458378488
120_88,s0.134936831,s-3.013839590,s350.291579175
120_89,s-1.210499734,s4.290225030,s96.324981625
120_90,s0.165010210,s0.913155293,s49.437596050
120_91,s-0.522494589,s2.628245712,s306.064666361
120_92,s2.641590472,s2.518171862,s354.702342248
120_93,s3.056010216,s0.469142240,s255.236964075
120_94,s6.181308014,s2.676023668,s97.589122596
120_95,s5.673087107,s1.614805192,s305.613886927
120_96,s-6.319693609,s3.723149972,s82.428529369
120_97,s-5.600966151,s6.171370315,s350.965878250
120_98,s-2.226479070,s2.837621790,s192.988153276
120_99,s-4.001085496,s6.149625354,s54.442980056
120_100,s-2.952077764,s4.076442489,s256.746335720
120_101,s0.058755897,s5.421607252,s216.547650818
120_102,s0.672007277,s3.721842553,s204.506528373
120_103,s1.353797566,s3.173366825,s359.726520400
120_104,s1.603844672,s3.957331569,s149.801580806
120_105,s4.364110992,s2.966039456,s183.383323711
120_106,s4.277852138,s5.784723853,s44.834211309
120_107,s6.393890269,s2.799898215,s263.827906895
120_108,s-5.478928904,s3.142234123,s138.044690645
120_109,s-4.443483448,s3.215637388,s63.358491766
120_110,s-1.609933013,s4.082612685,s308.720221540
120_111,s-1.962678720,s6.062409558,s47.807509986
120_112,s-1.959599487,s5.309004170,s348.075820160
120_113,s-0.855425184,s5.829257888,s326.373581902
120_114,s1.180981977,s4.237291911,s317.501047380
120_115,s3.040396084,s5.723254566,s84.708683702
120_116,s2.580043868,s4.695477704,s209.789069904
120_117,s4.055208407,s5.329567871,s35.756150763
120_118,s5.829720388,s3.575410770,s143.574286861
120_119,s5.933303595,s4.893666495,s121.423142382
121_0,s-4.919016552,s-5.751800947,s183.104447865
121_1,s-3.895929316,s-6.178499852,s305.073605703
121_2,s-2.814089598,s-5.018506932,s308.346765991
121_3,s-3.757644763,s-4.171632507,s169.668433937
121_4,s-0.764553687,s-5.669359926,s98.218450087
121_5,s0.052281883,s-5.656862005,s210.649643492
121_6,s1.856496459,s-3.782638285,s113.829901534
121_7,s-0.960327180,s-6.363888391,s265.898927391
121_8,s0.789312780,s-6.301719410,s47.157942649
121_9,s3.327494505,s-5.784489050,s265.173052535
121_10,s4.119114962,s-4.137300884,s293.821907057
121_11,s5.623507471,s-6.363888391,s98.708413671
121_12,s-4.309682253,s-2.602860493,s277.018843968
121_13,s-4.174497152,s-6.359072708,s93.803341950
121_14,s-3.565542888,s-1.880682571,s181.615606168
121_15,s-1.434629698,s-5.997320409,s148.656729657
121_16,s0.147063356,s-4.163304422,s65.666640617
121_17,s0.881579181,s-0.048235162,s90.058489751
121_18,s-0.038702295,s-4.700332547,s120.641459752
121_19,s1.516843884,s0.299607062,s103.147850399
121_20,s1.811531090,s-6.273439012,s38.594451809
121_21,s3.170344725,s-4.715398072,s235.210659285
121_22,s4.132186480,s-3.841204055,s233.542297056
121_23,s5.884874691,s-3.476451529,s253.267984416
121_24,s-5.900918390,s-4.508242981,s258.243935981
121_25,s-5.686092331,s-1.694893008,s314.518723576
121_26,s-4.494125409,s-4.442513409,s74.225821811
121_27,s-2.193965880,s-3.796700910,s334.132150008
121_28,s-3.362281479,s-4.282336195,s86.359991666
121_29,s-1.773515293,s-2.718422983,s129.011845401
121_30,s-0.918550318,s-2.990849109,s21.062599811
121_31,s2.504742169,s-3.403288630,s280.039864167
121_32,s1.402732915,s-5.020475464,s198.457007703
121_33,s3.408865627,s-1.474794207,s301.532185961
121_34,s4.324060555,s-2.196716451,s112.894508239
121_35,s5.054916614,s-2.402657019,s171.574513864
121_36,s-6.438760073,s-2.635807802,s242.984353695
121_37,s-4.271295732,s-0.543029632,s143.360344630
121_38,s-2.991081334,s-3.290291619,s85.603869336
121_39,s-2.138295377,s-1.408288090,s296.715195479
121_40,s-1.147357927,s-2.066723690,s289.747346389
121_41,s1.674017382,s-1.275975834,s30.011007678
121_42,s0.963310891,s-3.927716873,s134.035150653
121_43,s2.309683892,s-2.883979174,s321.014246975
121_44,s2.000358241,s1.975866206,s182.948255871
121_45,s4.809700471,s-1.395351665,s49.360961994
121_46,s3.494218520,s-2.765563554,s281.045128387
121_47,s5.478555140,s-2.762900667,s133.273065015
121_48,s-5.964841603,s0.114364371,s262.306175209
121_49,s-4.889785094,s-1.176878909,s56.192209305
121_50,s-2.053216292,s-2.967348315,s174.202558092
121_51,s-3.623574239,s0.063438195,s203.128530903
121_52,s-1.933887910,s-0.089937775,s283.543464192
121_53,s-0.254721077,s-0.244841501,s257.555615744
121_54,s-1.720061527,s-1.945074735,s184.848051533
121_55,s0.427755550,s0.802654210,s165.190295263
121_56,s1.627588253,s0.620159305,s26.995131706
121_57,s2.691204349,s-0.522817252,s340.263023566
121_58,s4.519898340,s0.562168387,s189.628534139
121_59,s5.916991528,s-1.769532939,s40.875826993
121_60,s-5.683005097,s1.318984176,s283.611050300
121_61,s-4.570001444,s2.920887119,s32.869645894
121_62,s-3.860675897,s-0.582354174,s198.701113104
121_63,s-3.140366115,s-1.672116918,s202.824899920
121_64,s-1.053806731,s0.067289397,s272.831362814
121_65,s0.893656629,s1.592058990,s201.806266387
121_66,s1.552223521,s1.382523904,s190.317823901
121_67,s1.151800079,s2.524493404,s120.966473260
121_68,s3.140895115,s0.504768397,s325.228923276
121_69,s2.497459233,s1.871812534,s230.623605550
121_70,s4.652446789,s1.689686310,s264.913707387
121_71,s5.729452376,s-0.844689260,s165.080264866
121_72,s-6.361015249,s2.169875359,s286.351530209
121_73,s-3.405123012,s1.108551932,s247.938044059
121_74,s-1.427355960,s0.542884676,s358.382856547
121_75,s-2.498560852,s2.883027906,s322.440108203
121_76,s-0.090280927,s0.095794811,s87.904298057
121_77,s-1.118020632,s3.215710978,s349.754966052
121_78,s0.285648351,s-3.407262270,s127.591150956
121_79,s-1.553368581,s0.050742114,s152.612761684
121_80,s2.180576720,s-2.261071903,s260.219004794
121_81,s2.258416097,s0.941011644,s230.680670965
121_82,s3.701787536,s2.357003058,s120.080911639
121_83,s5.165804418,s0.295032094,s166.065843448
121_84,s-5.609349160,s2.733362013,s335.816161880
121_85,s-4.338817250,s3.763873809,s15.595669932
121_86,s-2.555863751,s-0.168587119,s76.994185982
121_87,s-1.237559944,s6.048508331,s73.537497844
121_88,s-2.237483508,s0.921979601,s8.995283654
121_89,s0.047619841,s1.022177501,s305.757790631
121_90,s0.252899802,s3.091794804,s46.226011254
121_91,s0.328004388,s2.069516637,s79.261364510
121_92,s1.559269445,s2.870311161,s191.499730266
121_93,s3.775655847,s4.954889236,s218.119809239
121_94,s5.537307533,s2.238432524,s117.023884413
121_95,s5.612466487,s2.819335804,s244.504817443
121_96,s-6.190170799,s5.000432279,s357.186996053
121_97,s-4.394848896,s0.095095111,s299.952538112
121_98,s-3.573305605,s3.960289243,s238.137135326
121_99,s-3.563801891,s2.373383264,s264.633549219
121_100,s-2.712751426,s3.450346215,s286.049442107
121_101,s-1.967705383,s3.191555528,s326.390157935
121_102,s-0.400586889,s2.917657402,s354.953236755
121_103,s-0.741054774,s4.517006308,s188.724441604
121_104,s1.609994049,s4.266191169,s314.725356424
121_105,s2.850018723,s2.058160153,s100.274971718
121_106,s3.030511190,s3.168717758,s350.842087919
121_107,s5.804394137,s0.862721406,s163.867111061
121_108,s-3.486090016,s5.928027132,s11.125664114
121_109,s-2.684393975,s5.088950715,s182.724130124
121_110,s-2.175126637,s4.040465622,s153.845846454
121_111,s-1.603546061,s5.493794354,s298.365296154
121_112,s-1.607971301,s4.525679851,s125.677138404
121_113,s0.697447724,s4.611357233,s346.886535909
121_114,s1.216019455,s5.817338594,s12.616936736
121_115,s1.160313933,s5.646375720,s164.795422684
121_116,s3.004318609,s5.255006986,s23.853913722
121_117,s3.666709429,s5.828990649,s160.448510241
121_118,s5.446452823,s5.538499536,s163.828722670
121_119,s5.264880633,s3.405530585,s262.239000307
121_120,s-4.582671310,s4.706302591,s155.101593943
122_0,s-5.932461724,s-5.046789369,s86.655589582
122_1,s-4.280509444,s-5.707593236,s301.725144630
122_2,s-3.235523905,s-5.219464960,s0.687706196
122_3,s-2.982155365,s-6.211339860,s84.308322837
122_4,s-1.776865642,s-6.243026557,s160.667961761
122_5,s-0.960288520,s-5.239729088,s70.535634990
122_6,s-0.253342686,s-6.657774542,s303.547393159
122_7,s0.480536344,s-6.051725509,s138.428177100
122_8,s1.515230873,s-6.737311773,s60.746461941
122_9,s2.595834498,s-6.432863080,s87.711510452
122_10,s4.498833237,s-4.717293838,s9.527644895
122_11,s6.402706863,s-6.506911065,s288.087628827
122_12,s-4.638208094,s-3.878887889,s40.813604659
122_13,s-5.675513453,s-3.677240242,s186.830397123
122_14,s-5.096582832,s-2.363054398,s166.201567519
122_15,s-1.399840250,s-2.220750154,s118.236866138
122_16,s-1.570348239,s-5.299836567,s312.784692647
122_17,s1.455270671,s-2.602378149,s267.475953824
122_18,s-0.529370215,s-5.579990989,s306.065165247
122_19,s1.955232753,s-1.925649377,s299.582119035
122_20,s0.555615351,s-3.707101157,s73.925728565
122_21,s1.333946744,s-5.696586271,s20.966030104
122_22,s4.475400530,s-3.422996283,s1.154930996
122_23,s4.931216103,s-5.035100317,s128.882380686
122_24,s-6.268370531,s-2.618243928,s66.789429319
122_25,s-6.819198132,s-3.824782691,s169.353461468
122_26,s-3.239729820,s-4.407215886,s68.209068528
122_27,s-2.121087524,s-3.966182097,s47.930138902
122_28,s0.218256668,s-2.928403772,s123.181121890
122_29,s0.339677073,s-4.643244151,s107.885729891
122_30,s-0.196693135,s-3.945991675,s337.377314156
122_31,s3.246973319,s-3.599847593,s225.533410076
122_32,s3.655247749,s-4.358942672,s3.402299113
122_33,s2.912864104,s-2.797912743,s209.754579424
122_34,s4.999613225,s-1.088487244,s149.555434113
122_35,s5.815402318,s-4.334894968,s298.769393586
122_36,s-4.186801501,s-1.099638253,s334.584908062
122_37,s-1.401275298,s-3.681467459,s176.077797161
122_38,s-5.093119484,s1.228780998,s229.466312971
122_39,s-1.545109945,s-2.205824023,s192.565365484
122_40,s-0.162272323,s-1.713975742,s240.432320426
122_41,s-1.639246410,s-3.683715859,s244.177085178
122_42,s0.045186588,s-2.161190028,s312.321564400
122_43,s0.063791963,s0.108263124,s311.247893938
122_44,s0.499089075,s-1.573492057,s2.289889792
122_45,s2.044997583,s-2.812408699,s147.442728902
122_46,s2.799390929,s-1.889210471,s317.137561825
122_47,s6.247031324,s-1.935461005,s247.826240565
122_48,s-6.819198132,s-1.288947143,s300.848927177
122_49,s-4.108949980,s-3.056223840,s227.713295111
122_50,s-1.122952691,s-0.587698518,s23.037113016
122_51,s-4.317298140,s-1.970624238,s142.620910433
122_52,s-0.747597904,s-1.871553337,s310.870852346
122_53,s-0.344811212,s0.438270983,s348.314031908
122_54,s0.454206428,s-1.107322636,s190.514042197
122_55,s1.852564678,s-1.499412035,s266.279433688
122_56,s2.552116842,s-1.391040712,s223.210900561
122_57,s3.151135737,s-0.572574010,s221.773371629
122_58,s3.927302041,s-0.611971161,s351.845745084
122_59,s4.663032930,s-0.638366877,s107.230153214
122_60,s-5.643803003,s0.490110091,s165.796578539
122_61,s-2.270296782,s-0.305949684,s213.952937224
122_62,s-3.141855809,s1.565888376,s54.212100599
122_63,s0.085054132,s2.249035755,s14.230486132
122_64,s-0.876923843,s0.434401803,s96.166930256
122_65,s-0.008630413,s0.537426596,s149.584333175
122_66,s1.657148205,s-0.722920857,s8.244481091
122_67,s2.146614261,s0.068367369,s122.190343866
122_68,s-0.060409060,s-0.457472997,s343.052643828
122_69,s2.947145214,s0.387726055,s294.534450848
122_70,s4.988706906,s0.677986892,s159.030983915
122_71,s6.251229433,s-0.170252726,s81.146481292
122_72,s-6.728749133,s0.066811629,s217.067438281
122_73,s-4.059550979,s0.001931550,s282.685636544
122_74,s-3.965779672,s1.475574944,s6.652834220
122_75,s-3.298470844,s0.184030539,s268.718783892
122_76,s2.672332946,s0.776041223,s208.051382933
122_77,s-1.693855727,s-1.390686694,s86.163972109
122_78,s1.410422048,s3.940642909,s123.999871108
122_79,s1.444858527,s0.170867574,s206.664898240
122_80,s2.666314752,s1.351698581,s241.334146709
122_81,s3.099888508,s0.997190670,s73.027068760
122_82,s3.492264379,s1.380804567,s181.630561927
122_83,s4.220364244,s1.499756056,s40.709959332
122_84,s-6.753419249,s2.578617764,s287.328937131
122_85,s-4.505540160,s1.932822419,s147.749050401
122_86,s-2.770235368,s3.746024234,s200.977416969
122_87,s-1.567330915,s0.301799674,s50.627259672
122_88,s0.450246930,s2.398965493,s132.744051487
122_89,s-1.348890482,s3.739488874,s273.880790565
122_90,s0.059251486,s3.510623435,s157.655192507
122_91,s0.840569471,s0.941921223,s56.193876151
122_92,s2.627599271,s4.056763492,s133.331080847
122_93,s3.739538348,s2.620658818,s347.942436221
122_94,s4.305429418,s2.578256254,s208.222938116
122_95,s4.962081511,s1.922636469,s220.161967728
122_96,s-4.813283892,s4.008567933,s340.954266507
122_97,s-4.187388486,s2.826122156,s180.237134862
122_98,s-3.420640865,s2.502504632,s267.790797856
122_99,s-2.897877571,s2.770131040,s262.801090458
122_100,s-0.709450194,s2.968305744,s82.960141714
122_101,s-0.963031528,s1.086534096,s311.645629931
122_102,s1.323750035,s6.219422108,s130.521827575
122_103,s2.262467805,s2.408276183,s310.136571385
122_104,s1.638030314,s2.968838320,s150.864648473
122_105,s4.293414868,s5.039872101,s35.279510662
122_106,s2.484821716,s2.489448026,s218.930421140
122_107,s6.222356820,s3.422734602,s15.682151766
122_108,s-4.719705238,s4.754731065,s195.831424512
122_109,s-3.385699702,s4.112147101,s146.376476705
122_110,s-3.141367756,s5.442700049,s136.489820698
122_111,s-2.177805779,s4.470254364,s315.158033019
122_112,s-0.600782474,s5.919040936,s343.871908864
122_113,s0.474195547,s4.989042328,s27.063795240
122_114,s0.287081582,s6.406603512,s37.336325192
122_115,s2.648781902,s5.801930211,s39.187449135
122_116,s1.946328036,s3.640099443,s190.729443852
122_117,s5.263840351,s6.235505531,s204.813699853
122_118,s4.731022283,s3.390619288,s312.120198732
122_119,s6.178788966,s5.585159390,s279.462947090
122_120,s-6.427537319,s6.018885702,s47.590776314
122_121,s-3.303004970,s6.126657359,s56.907248720
123_0,s-5.787496337,s-4.713518804,s14.612668328
123_1,s-4.230419180,s-6.066635361,s111.968690436
123_2,s-3.713508545,s-5.474475683,s101.008532338
123_3,s-1.361103273,s-3.962716824,s19.025648027
123_4,s-3.620877009,s-6.177425667,s298.688944276
123_5,s-1.314610691,s-5.288997435,s280.790604971
123_6,s-0.604009663,s-5.725528966,s167.808297073
123_7,s1.148607532,s-4.733222688,s232.288527795
123_8,s0.819846906,s-5.980855562,s28.416264895
123_9,s1.903680483,s-5.183394120,s76.320688424
123_10,s3.954541503,s-4.869818445,s290.584875781
123_11,s4.991071993,s-5.818403086,s292.227750861
123_12,s-4.775558828,s-2.886015453,s166.904037322
123_13,s-4.147785851,s-3.557978966,s13.332154782
123_14,s-2.434460914,s-4.930320943,s13.388415928
123_15,s-2.250959863,s-3.394513380,s197.388454301
123_16,s-2.311709245,s-2.121537610,s80.696560452
123_17,s-0.448561521,s-4.191191058,s165.834980697
123_18,s0.389351356,s-5.325817735,s272.307927582
123_19,s1.665518129,s-4.569645066,s281.006171638
123_20,s2.159418169,s-2.928484088,s30.708596171
123_21,s3.769701871,s-3.004012825,s236.276720613
123_22,s5.874056919,s-2.559572730,s359.738229676
123_23,s5.807703566,s-3.239013065,s294.369970330
123_24,s-6.206029434,s-3.353326249,s62.223380708
123_25,s-6.286547199,s-2.273799889,s101.314627343
123_26,s-3.770391279,s-0.487084485,s5.095359102
123_27,s-3.572024317,s-2.432320811,s250.622968467
123_28,s-5.469189660,s-4.283180913,s54.716156070
123_29,s-2.010251426,s-4.067608447,s327.683793395
123_30,s0.118270731,s-3.467780256,s243.461613134
123_31,s0.033307655,s-2.935492061,s253.321613679
123_32,s2.551561393,s-2.088367259,s291.953402393
123_33,s1.964724468,s-1.897596694,s106.844029218
123_34,s3.072416507,s-4.240169480,s12.691506642
123_35,s6.092997491,s-2.484023556,s172.998195221
123_36,s-5.124421327,s-2.276756538,s166.928179447
123_37,s-2.069614755,s-0.071418193,s226.832826039
123_38,s-0.845980595,s-1.295165897,s271.342519294
123_39,s-1.698943542,s-1.963269927,s215.564664736
123_40,s-0.681669419,s-1.446793301,s111.077448380
123_41,s0.276657335,s0.833151897,s117.791572707
123_42,s-0.808253142,s-3.321777217,s348.091440840
123_43,s-1.314610439,s-2.116144835,s85.720365456
123_44,s1.149600894,s-2.371562595,s235.287530471
123_45,s1.676402172,s-1.151334610,s325.475550432
123_46,s4.277038779,s-1.517769042,s194.507171172
123_47,s5.838444083,s-2.070537850,s53.971065589
123_48,s-4.035577541,s-1.916175067,s348.091733194
123_49,s-4.979008680,s0.032851840,s311.536373644
123_50,s-3.552234237,s-0.532861006,s136.855022402
123_51,s-1.394437200,s-0.748268941,s97.805685131
123_52,s-3.835001257,s-2.347187943,s151.807153800
123_53,s-0.686599558,s-0.059669919,s118.490703852
123_54,s1.464320134,s-2.957374106,s321.519525831
123_55,s0.312523132,s-1.088370241,s202.749146155
123_56,s0.390694393,s-0.435575484,s153.330523996
123_57,s2.310703415,s-1.257728316,s71.141675448
123_58,s4.396013015,s0.038118441,s20.371126726
123_59,s4.460810944,s-1.120024358,s100.945392252
123_60,s-6.183282115,s-1.183165865,s6.497466179
123_61,s-6.078514031,s-0.597733726,s138.385466317
123_62,s-2.231533587,s0.119856923,s190.701587194
123_63,s-3.154268051,s0.013660208,s231.492416051
123_64,s-2.058420101,s-0.653219381,s169.209957142
123_65,s1.736338438,s2.355771213,s327.613399763
123_66,s2.480067417,s-0.305581121,s145.633058488
123_67,s0.865284054,s3.280839671,s284.994509369
123_68,s3.426065566,s0.556236084,s176.762431189
123_69,s2.611434079,s1.227290012,s21.288009720
123_70,s6.284758678,s-1.139175618,s280.641996262
123_71,s4.243556150,s1.413939790,s112.456972009
123_72,s-4.726083199,s0.621453254,s50.446172767
123_73,s-2.064648548,s1.247626384,s274.046479449
123_74,s-4.522718718,s0.834226453,s239.486042627
123_75,s-1.737701185,s4.357384269,s211.005874713
123_76,s-0.619414677,s2.184708992,s97.109344476
123_77,s-1.502838052,s1.215012138,s313.767817596
123_78,s-0.023674519,s-2.479794634,s264.924231250
123_79,s0.663058760,s0.969044544,s267.147057543
123_80,s2.323540179,s0.974278733,s87.092133437
123_81,s3.265481931,s2.834689306,s5.562841863
123_82,s3.353410941,s-0.662643478,s27.023461181
123_83,s6.210066040,s0.084313816,s156.174380404
123_84,s-3.284829704,s1.714723229,s249.200271737
123_85,s-0.184769426,s3.425847768,s262.889337352
123_86,s-1.405312436,s0.189785564,s347.355812934
123_87,s-1.756064812,s4.843703880,s59.026710848
123_88,s-2.632999670,s1.317350015,s186.765805901
123_89,s-0.616335254,s0.671319797,s296.797748144
123_90,s-0.367805139,s2.439243582,s165.909075809
123_91,s1.986878032,s2.344792727,s2.586212205
123_92,s3.630220170,s3.379210615,s255.175213501
123_93,s4.086682207,s3.524517806,s52.702487367
123_94,s3.534067557,s6.163503175,s79.360566336
123_95,s4.672905055,s3.527206333,s220.172707904
123_96,s-5.814401299,s3.182317172,s85.261624065
123_97,s-6.160193895,s1.857734275,s77.131663862
123_98,s-5.064364711,s1.962768670,s164.470070301
123_99,s-3.308679984,s4.140495503,s71.038521916
123_100,s-0.660488597,s1.177642104,s136.162391792
123_101,s-1.403846268,s3.613908815,s78.001935949
123_102,s0.261061431,s5.495647084,s71.990435021
123_103,s3.485996157,s1.579941790,s285.152937787
123_104,s-0.382422040,s4.144740208,s160.963032686
123_105,s2.083608916,s3.884512721,s188.556202031
123_106,s6.000217797,s0.771782037,s257.740224577
123_107,s6.201906176,s2.846326672,s232.472339141
123_108,s-3.021951891,s3.542327751,s349.470976685
123_109,s-3.325158684,s4.972877602,s126.125854546
123_110,s-2.720993133,s5.062423112,s357.816062034
123_111,s-0.707779421,s6.177437155,s186.100156251
123_112,s-0.472748982,s5.394424751,s44.282186834
123_113,s0.616248065,s4.988129409,s54.390512739
123_114,s1.434862877,s4.687631923,s228.077121248
123_115,s2.826434239,s4.714527773,s122.388516384
123_116,s2.386166280,s5.386311783,s271.479452788
123_117,s3.224472093,s6.216954020,s179.330005610
123_118,s4.976401912,s4.601340098,s279.796889309
123_119,s6.153239151,s5.910005276,s308.878440025
123_120,s-5.825239424,s3.913370151,s85.064816413
123_121,s-5.340250674,s4.855942507,s105.038693488
123_122,s-2.199914282,s5.729372769,s79.928055094
124_0,s-6.789094736,s-3.908148264,s259.888896206
124_1,s-4.408430043,s-5.703836147,s274.597912835
124_2,s-3.502379695,s-5.264087728,s138.841762248
124_3,s-4.287770421,s-6.358810959,s81.122638007
124_4,s-2.387208015,s-6.788115775,s178.752139898
124_5,s0.367079502,s-5.896388855,s20.626832701
124_6,s2.190801138,s-4.323410209,s269.436138106
124_7,s1.215271156,s-6.622812449,s343.274282973
124_8,s2.429230706,s-4.778366187,s3.242204142
124_9,s3.890403479,s-4.572131190,s300.220391216
124_10,s3.582280058,s-5.747554576,s90.898087044
124_11,s3.106170050,s-6.648292339,s180.781797409
124_12,s-5.674036988,s-2.910268994,s333.485358537
124_13,s-4.569269114,s-4.754679102,s32.898178015
124_14,s-3.905881699,s-3.456021090,s349.274986180
124_15,s-1.994924698,s-2.793521937,s336.131085512
124_16,s-1.286176940,s-4.271795376,s174.075746173
124_17,s0.623557129,s-4.895200973,s259.813925748
124_18,s-0.412034962,s-1.596062666,s162.414731873
124_19,s3.683649924,s-3.443805919,s312.619852477
124_20,s4.067760440,s-2.558818124,s115.058617228
124_21,s4.356778763,s-3.597578176,s332.558303627
124_22,s6.608633919,s-5.856256146,s303.473494303
124_23,s6.885905955,s-4.736050111,s100.926240338
124_24,s-6.424542298,s-2.543148370,s227.363527042
124_25,s-4.595602095,s-2.485620868,s184.761832868
124_26,s-3.034335375,s-2.784742919,s281.486265472
124_27,s-2.190954757,s-4.520429407,s191.434171520
124_28,s-0.936018951,s-1.946070889,s271.455715420
124_29,s0.018519198,s-3.397387948,s176.430612390
124_30,s0.856773978,s-4.170580914,s230.877625326
124_31,s2.325763426,s-3.716792272,s279.260199305
124_32,s0.749864045,s-2.869077931,s235.395558387
124_33,s2.215674790,s-1.862186646,s224.252554979
124_34,s5.040425559,s-4.248153506,s271.988638901
124_35,s5.790714625,s-2.958647189,s323.378772340
124_36,s-6.479325866,s-1.456044735,s180.915090872
124_37,s-3.472010100,s-0.789649698,s45.183704798
124_38,s-2.662089886,s-0.969921470,s136.600582741
124_39,s-3.165346712,s-1.896892932,s231.428815735
124_40,s0.280263634,s-2.818402787,s337.714385203
124_41,s-0.332599380,s-0.471851915,s195.684754270
124_42,s0.682896421,s-1.596174727,s257.793166015
124_43,s1.012468808,s-1.442592345,s193.599837311
124_44,s2.163869781,s-1.517745091,s48.403007724
124_45,s3.284064655,s0.171759186,s10.242342011
124_46,s3.763882180,s-1.912249198,s189.017550328
124_47,s6.827880413,s-1.646880674,s144.475494006
124_48,s-5.454300979,s-0.791258727,s83.522986860
124_49,s-4.851456693,s1.173530377,s69.179430828
124_50,s-3.526215464,s-2.007879180,s357.896093347
124_51,s-1.817338836,s-0.331782487,s202.337077215
124_52,s-0.351793914,s0.122090704,s66.728377495
124_53,s-2.415720057,s-1.709254112,s137.909397386
124_54,s-0.463391299,s1.272763565,s233.787512105
124_55,s1.003759541,s0.083853115,s64.933629680
124_56,s2.704372406,s0.735044746,s145.526487500
124_57,s3.539784149,s-1.781651997,s315.910236289
124_58,s4.753209720,s1.193535280,s278.572565821
124_59,s4.693372823,s-0.921022498,s272.684943603
124_60,s-6.340451411,s0.140217185,s261.453559178
124_61,s-4.660147381,s2.540408067,s354.029436053
124_62,s-3.278966901,s0.974394112,s35.053000768
124_63,s-1.563104671,s1.815837347,s146.076163105
124_64,s-1.727829912,s-0.280880517,s88.663013393
124_65,s-3.178418601,s3.296998482,s96.680566673
124_66,s0.076626169,s-1.391730941,s24.061946073
124_67,s0.275810691,s1.060804507,s14.501910931
124_68,s2.187401792,s-0.815376519,s28.104595622
124_69,s4.111242615,s1.194545511,s244.512679147
124_70,s6.048343466,s-0.879039396,s57.436983939
124_71,s6.627538934,s1.118236642,s353.200614133
124_72,s-6.644647485,s1.146634933,s230.968493473
124_73,s-5.090475801,s2.406319035,s124.486483023
124_74,s-2.510176719,s1.083661189,s352.556754328
124_75,s-3.611268690,s0.552758067,s165.380226534
124_76,s1.888165733,s-0.270223605,s108.835627254
124_77,s-1.070978458,s3.148306123,s323.617254776
124_78,s-0.279317993,s0.223387032,s347.598913379
124_79,s-0.755994232,s2.745981953,s63.569718285
124_80,s1.419628440,s1.373876609,s265.355621184
124_81,s1.776032880,s0.440272837,s127.201002319
124_82,s5.443362090,s2.105441815,s317.664142732
124_83,s4.105041042,s2.570484380,s229.835774929
124_84,s-3.792562146,s4.201821484,s240.155041864
124_85,s-5.364495418,s4.416600554,s326.573830557
124_86,s-3.213813786,s1.252993182,s120.868115487
124_87,s-2.118111110,s3.191471861,s84.461128610
124_88,s-0.538275634,s4.247111160,s204.718184175
124_89,s-1.094971194,s3.690224303,s242.478191058
124_90,s1.941878509,s2.128724110,s173.159869353
124_91,s3.891949680,s3.614812941,s179.103298024
124_92,s0.153394235,s2.971036673,s80.433190933
124_93,s4.891501029,s3.313673698,s14.538191417
124_94,s2.903584686,s2.721988857,s140.278930184
124_95,s6.641388177,s3.833610265,s24.119694308
124_96,s-5.583832868,s2.779112369,s70.160486142
124_97,s-6.940496430,s3.748787876,s163.421467230
124_98,s-3.095909961,s3.947349541,s102.895188049
124_99,s-2.493033863,s-0.487059292,s328.913634330
124_100,s-2.269996208,s3.755096916,s79.210446581
124_101,s0.972954457,s2.006813667,s47.111912832
124_102,s0.350562129,s4.542278916,s258.702520467
124_103,s1.248942479,s3.838004555,s262.031435432
124_104,s2.023728889,s3.143560837,s162.930372030
124_105,s1.677830194,s6.124760377,s252.468615429
124_106,s6.129171268,s3.464200722,s156.214812414
124_107,s6.167691857,s1.604664436,s203.973731617
124_108,s-6.396165111,s4.839299539,s213.969818569
124_109,s-3.449340150,s6.977313254,s86.016444368
124_110,s-2.471321181,s5.835145363,s38.095371556
124_111,s-0.893099421,s5.742065200,s318.763096772
124_112,s-1.339696164,s4.784373604,s302.851577820
124_113,s0.469576596,s6.436045495,s160.704818974
124_114,s0.555945028,s6.992594635,s318.087365808
124_115,s1.636827443,s4.484402353,s83.903449521
124_116,s3.424567940,s7.198532253,s296.360019267
124_117,s3.767116075,s4.615000784,s340.991928937
124_118,s4.053820306,s7.093680379,s73.997329493
124_119,s5.375342062,s4.358559701,s276.798983241
124_120,s-6.873914405,s5.602605353,s228.510795806
124_121,s-3.836976412,s4.499388423,s193.374536873
124_122,s-1.581464160,s5.506220306,s208.370790683
124_123,s-0.146419986,s7.227341424,s217.882535240
125_0,s-6.674313965,s-5.069410880,s95.607420227
125_1,s-5.098915560,s-6.483852329,s197.629640460
125_2,s-3.737588612,s-5.552646355,s17.629127263
125_3,s-3.430384252,s-4.920941265,s99.248483674
125_4,s-2.011170259,s-5.060593844,s328.647876712
125_5,s-1.226865012,s-4.271441700,s347.894016913
125_6,s-1.205608743,s-5.502179548,s161.319731909
125_7,s1.758918607,s-5.644178790,s146.934435201
125_8,s2.109917309,s-6.364208955,s354.590741230
125_9,s1.902277124,s-4.578878011,s183.778937305
125_10,s3.699014942,s-6.032426536,s208.436904457
125_11,s6.315052751,s-3.360025503,s315.703649194
125_12,s-6.903840977,s-4.451178435,s210.725105628
125_13,s-4.820979480,s-3.784961663,s196.767127730
125_14,s-2.890996561,s-3.499830106,s20.691285214
125_15,s-0.439181745,s-3.490410144,s82.572639655
125_16,s1.334219274,s-4.769454258,s100.494746092
125_17,s-0.217730821,s-4.329659390,s83.002876831
125_18,s0.334138070,s-2.732715625,s259.772068266
125_19,s1.412660784,s-2.234976395,s33.878342767
125_20,s0.930430066,s-6.109956937,s204.031447450
125_21,s4.171577990,s-5.342983239,s210.311838104
125_22,s3.470398737,s-3.838437100,s77.502848709
125_23,s6.426840923,s-5.205396661,s3.662045899
125_24,s-6.612202373,s-2.039665151,s177.711688271
125_25,s-2.724149421,s-2.481515056,s113.064093290
125_26,s-2.471072344,s0.333921310,s135.199549487
125_27,s-5.618401283,s-3.328964169,s190.041229748
125_28,s-2.156048169,s-0.872787456,s83.364177518
125_29,s-1.304024132,s-3.105739537,s277.508206008
125_30,s1.060296261,s-3.763267656,s59.258281588
125_31,s2.302743437,s-2.596504847,s148.967344742
125_32,s2.338725535,s-1.881284255,s143.491710633
125_33,s3.836264116,s-4.702203920,s38.434988165
125_34,s4.783122954,s-2.537032328,s91.803521999
125_35,s5.081632329,s-2.985138164,s280.642650693
125_36,s-4.902454677,s-2.253162378,s128.485537341
125_37,s-3.994008561,s-1.125884137,s348.456640366
125_38,s-3.723561632,s-3.328296496,s95.823373387
125_39,s-1.572195559,s-4.530248319,s342.279759184
125_40,s-0.888002404,s-1.948090453,s252.245311335
125_41,s-0.016848094,s-2.247590182,s237.583620306
125_42,s1.043297966,s-1.458380543,s196.533415318
125_43,s4.512821409,s-1.094950661,s302.901819368
125_44,s4.057720066,s-2.716837691,s337.658445655
125_45,s3.177144217,s-2.428019189,s191.342754972
125_46,s6.927076017,s-1.661039236,s58.300862659
125_47,s6.874277768,s-4.774615876,s297.563593053
125_48,s-6.964585082,s0.946653391,s346.162341159
125_49,s-6.808619133,s-1.788224710,s104.402782639
125_50,s-4.452864979,s-0.018850129,s274.862088623
125_51,s-2.383430364,s-2.277121989,s30.298248435
125_52,s-0.916482332,s-1.061910461,s263.702687521
125_53,s-3.434426962,s1.944643104,s254.891111526
125_54,s1.457695525,s-0.897606920,s81.520424635
125_55,s1.973027757,s-0.943826090,s231.680577171
125_56,s2.903140246,s-1.317227077,s163.580321429
125_57,s3.306465492,s-0.387493561,s246.957966787
125_58,s4.463858007,s-0.939060051,s209.176803015
125_59,s6.148287232,s-0.506445993,s49.656798273
125_60,s-2.457876431,s0.998914314,s284.603410843
125_61,s-4.086498352,s1.126241545,s264.909190453
125_62,s-2.962021821,s-1.652723504,s63.428336366
125_63,s-2.426060131,s-0.544263188,s223.512879194
125_64,s0.620831182,s-1.608146914,s41.848163062
125_65,s-0.791456280,s-0.284391416,s219.856406033
125_66,s0.242322157,s-0.555425073,s292.189652460
125_67,s0.945005388,s0.590197039,s333.376342380
125_68,s2.344949279,s0.373119494,s277.139945187
125_69,s4.860862452,s-0.639352186,s332.762879431
125_70,s5.876143222,s0.696286657,s6.056460038
125_71,s6.971334957,s0.837252772,s182.077368882
125_72,s-6.626847038,s3.796432859,s118.098695780
125_73,s-5.799216374,s0.294329256,s29.213720237
125_74,s-5.921269961,s2.960499976,s345.462954978
125_75,s-3.615569962,s0.532606798,s345.915715843
125_76,s-2.202954678,s0.832922232,s343.541608965
125_77,s2.070594023,s4.214462470,s186.573497983
125_78,s-0.707776835,s0.220685183,s358.494943186
125_79,s1.432794912,s1.191467108,s215.370033192
125_80,s4.152545350,s0.316553353,s346.992788331
125_81,s2.183277143,s1.165154110,s122.274244966
125_82,s3.422152715,s2.124659654,s90.797599503
125_83,s5.959193661,s3.600675481,s261.803959282
125_84,s-3.312695889,s2.279679419,s8.600961669
125_85,s-0.781771173,s1.365062028,s85.651991022
125_86,s-1.753963689,s3.569544991,s152.837160712
125_87,s-0.754111920,s3.036205282,s275.448867043
125_88,s-1.846355438,s-1.041482418,s341.157800852
125_89,s-0.999799613,s0.609449412,s40.418043021
125_90,s0.605611154,s0.927724822,s117.291411688
125_91,s2.786838584,s2.052699882,s165.998114304
125_92,s2.654582225,s3.430179701,s25.845120070
125_93,s4.951902155,s2.836328487,s103.732830568
125_94,s4.731244310,s-0.528646503,s234.373341281
125_95,s6.972058568,s3.479962633,s91.540969243
125_96,s-6.541552857,s2.886732708,s275.033955760
125_97,s-4.827511147,s4.246098049,s320.012292369
125_98,s-3.385307643,s3.584830527,s228.375677603
125_99,s-1.744020639,s3.047513160,s183.230670503
125_100,s0.338394039,s2.582121639,s281.141541881
125_101,s1.126356622,s3.042217368,s79.721391652
125_102,s-0.026475409,s4.187394644,s354.722847664
125_103,s0.374250633,s5.592649103,s211.905217826
125_104,s1.657442043,s4.479297525,s25.414410855
125_105,s2.462948569,s6.773369730,s135.015180941
125_106,s0.732937734,s2.292131415,s93.188393601
125_107,s4.329881162,s3.516476241,s57.852227161
125_108,s-5.240087183,s5.095480638,s7.696016208
125_109,s-3.406612833,s4.516823457,s275.260030193
125_110,s-5.081076547,s6.045864821,s13.567939875
125_111,s-0.827700390,s4.247998113,s154.025848292
125_112,s-1.667684366,s5.701353943,s250.429536642
125_113,s-0.394489361,s5.222202473,s238.174986528
125_114,s2.186404336,s4.888242392,s186.822333478
125_115,s3.308071427,s6.144632184,s286.685380989
125_116,s2.721560121,s3.906940671,s171.513524619
125_117,s3.432059442,s5.427820119,s64.538593924
125_118,s5.423488697,s5.263216030,s281.182723974
125_119,s6.753648838,s4.496100837,s61.725184446
125_120,s-5.491741240,s5.465800462,s120.253782675
125_121,s-4.541373711,s6.682325036,s109.821216815
125_122,s-2.623559452,s6.470943812,s233.638840920
125_123,s-1.904140093,s6.896840667,s93.244594132
125_124,s0.118202265,s6.204989541,s290.470473662
126_0,s-6.557196664,s-4.802417705,s246.776875344
126_1,s-3.567745779,s-4.728952952,s250.094601949
126_2,s-4.477476402,s-6.559006046,s42.367089643
126_3,s-3.264523028,s-6.559006046,s283.048424712
126_4,s-1.451202078,s-2.883342210,s157.009012532
126_5,s-1.909463259,s-5.874464107,s182.940875333
126_6,s-0.253801161,s-5.261443101,s260.728092874
126_7,s0.434065500,s-6.098407449,s233.573776521
126_8,s1.839197410,s-4.381106787,s261.119532920
126_9,s2.229198855,s-6.486060601,s229.339105652
126_10,s2.752996164,s-3.906003624,s185.067306433
126_11,s3.791972803,s-5.690953111,s233.366619465
126_12,s-5.762160299,s-4.424196856,s35.201086777
126_13,s-6.464406405,s-2.324891984,s307.749740585
126_14,s-2.546543135,s-4.221417875,s228.760679602
126_15,s-0.618723082,s0.131296375,s152.015600233
126_16,s-0.752441137,s-5.327850602,s243.954919946
126_17,s-0.682551641,s-3.301108468,s184.339514555
126_18,s2.065177174,s-5.972074865,s145.116374224
126_19,s0.665711551,s-4.665998708,s309.669116762
126_20,s1.263990132,s-3.067381752,s20.308589401
126_21,s3.376425651,s-3.754941952,s148.392878871
126_22,s4.448825933,s-1.795340481,s143.893237181
126_23,s4.721773803,s-4.839329695,s162.085108038
126_24,s-6.468699246,s-0.946463987,s47.008172558
126_25,s-4.729366586,s-2.502002554,s217.155315271
126_26,s-4.903861822,s-4.787000148,s77.000289450
126_27,s-2.919864331,s-1.565421814,s287.626364955
126_28,s-3.268225868,s-5.861198876,s113.321030560
126_29,s-2.677000185,s-2.413475809,s24.632788742
126_30,s-0.133746451,s-2.712524016,s147.364456482
126_31,s0.499391740,s-2.648572541,s102.612199625
126_32,s2.493048609,s-2.048064525,s120.355353603
126_33,s2.921669548,s-2.558160687,s148.605675882
126_34,s3.298694366,s-1.121198750,s102.269325222
126_35,s6.035093020,s-4.041874827,s256.529306754
126_36,s-2.991411925,s-3.463569129,s215.726258271
126_37,s-3.646007890,s-1.932131029,s31.717793812
126_38,s-2.986144997,s-2.524938073,s261.885579694
126_39,s-4.624719560,s-1.198563133,s27.212125897
126_40,s-0.745299012,s-1.851549066,s334.619101122
126_41,s-0.823253507,s1.844047581,s271.830203491
126_42,s-0.441246153,s-2.535489614,s220.382695084
126_43,s1.011851566,s-1.749749536,s271.158354612
126_44,s1.599832525,s-1.636479004,s337.930018150
126_45,s5.286489974,s0.734397163,s56.263541406
126_46,s2.264139698,s-1.257052481,s200.969595289
126_47,s5.098227677,s-2.423426564,s245.291940466
126_48,s-4.589028919,s-0.731084462,s290.182396069
126_49,s-5.254691633,s-1.775388057,s9.742262529
126_50,s-3.790434824,s0.304718839,s195.700646120
126_51,s-1.316663257,s0.573518072,s256.043867549
126_52,s-1.304171691,s-2.204973373,s200.681584236
126_53,s0.039393941,s-1.680460552,s341.463394040
126_54,s0.842126857,s-1.381214665,s163.732996713
126_55,s0.652984796,s1.232580878,s83.318045779
126_56,s-0.176806214,s-1.120190878,s206.115842924
126_57,s2.693078811,s-0.152939077,s138.794429393
126_58,s5.601622407,s-0.939893145,s38.485415134
126_59,s5.013737088,s-1.207378938,s209.192574237
126_60,s-5.460881017,s-0.062347285,s142.063063136
126_61,s-1.787362953,s0.262403528,s20.493494411
126_62,s-5.567812176,s2.449463946,s325.929365417
126_63,s-1.463365495,s2.348577287,s297.515005128
126_64,s0.436721388,s2.009444829,s106.999724216
126_65,s0.935446461,s-0.140997412,s359.429902203
126_66,s0.192527506,s-0.044948782,s312.734840766
126_67,s-0.697394320,s2.850097739,s224.168486475
126_68,s1.477622144,s-0.431852031,s275.810017277
126_69,s4.756932950,s2.210105673,s283.138093976
126_70,s2.844096670,s1.039403423,s144.427192332
126_71,s6.204251364,s0.023885586,s12.716148206
126_72,s-6.620650320,s2.391321814,s325.636951943
126_73,s-4.288831766,s0.392588947,s130.749267920
126_74,s-2.820524085,s2.415626924,s146.565452584
126_75,s-2.009275396,s-1.203146439,s246.034427616
126_76,s-2.310451653,s1.555843807,s13.541265787
126_77,s-0.830256901,s2.052974175,s83.479667142
126_78,s0.182015060,s1.090151352,s272.970572124
126_79,s2.552867869,s1.971976528,s339.987005959
126_80,s3.266341027,s1.563224022,s173.003666147
126_81,s4.001612828,s-0.970167264,s127.011301892
126_82,s4.612060033,s1.558968211,s108.595660332
126_83,s5.307500166,s0.044843255,s349.395745159
126_84,s-5.834405571,s3.170663932,s165.533151092
126_85,s-4.730367327,s3.120513133,s173.261766380
126_86,s-3.726149495,s2.074844452,s21.223976727
126_87,s-1.074537484,s2.790376543,s175.361058169
126_88,s-0.169559847,s3.834366499,s229.989985136
126_89,s0.490053224,s2.248884190,s85.402969432
126_90,s1.494861969,s1.181938947,s72.608650750
126_91,s2.113252225,s1.983496892,s349.041088728
126_92,s2.070755075,s2.791055310,s15.710199777
126_93,s3.069119156,s1.920912944,s185.996417047
126_94,s2.514680912,s2.895348210,s309.107531109
126_95,s6.325997713,s2.392162758,s277.941656853
126_96,s-6.592271039,s3.007361605,s138.885372014
126_97,s-4.475172830,s3.308733831,s138.491664355
126_98,s-3.390311051,s4.266021299,s227.648435125
126_99,s-2.743017202,s3.212003433,s175.819650538
126_100,s-2.460243850,s4.383313925,s37.131137251
126_101,s-2.276242831,s3.845452713,s84.870482306
126_102,s0.685102107,s5.263495195,s162.682950984
126_103,s0.747313125,s2.844917019,s187.692138083
126_104,s1.967485843,s3.490334948,s180.706185871
126_105,s3.659499868,s3.538683131,s258.208374201
126_106,s6.164953859,s0.592584664,s37.111628575
126_107,s4.545517753,s2.556569386,s344.755900521
126_108,s-5.575702854,s4.450501132,s354.920277653
126_109,s-4.361177714,s3.806603334,s42.761097176
126_110,s-5.134758104,s6.342612337,s167.804759314
126_111,s-3.824895143,s4.707985825,s83.472485501
126_112,s-1.018539474,s6.247615387,s22.684300919
126_113,s-1.206963985,s5.172619385,s101.345905099
126_114,s1.157120789,s6.586341407,s214.556677189
126_115,s1.400378733,s5.306987679,s316.459588775
126_116,s2.358086488,s4.293623558,s291.708458252
126_117,s2.328396199,s5.909696089,s335.879619561
126_118,s3.886648029,s6.624557535,s61.415153056
126_119,s6.338952415,s6.748635963,s141.258847762
126_120,s-6.441548115,s5.202752863,s356.784635394
126_121,s-6.383318646,s6.691170758,s200.625172506
126_122,s-4.379735195,s5.699667086,s227.151893510
126_123,s-0.850518584,s3.855698765,s233.603514847
126_124,s-2.695289835,s6.404537027,s201.604171284
126_125,s-0.194074575,s6.635801439,s63.534706615
127_0,s-5.894604158,s-4.988646065,s173.464565352
127_1,s-3.936062974,s-5.816162045,s246.365429518
127_2,s-3.134932011,s-2.043087315,s339.840577731
127_3,s0.216627807,s-6.170714913,s261.461207245
127_4,s-0.676598396,s-6.105804549,s47.885498344
127_5,s-1.595969868,s-2.634497100,s29.436950150
127_6,s0.717344551,s-4.583848616,s149.047671927
127_7,s0.780238012,s-5.939062213,s101.083354790
127_8,s1.322174405,s-6.073024923,s93.551992289
127_9,s2.550530092,s-5.171890264,s223.524366435
127_10,s4.983356992,s-6.027866277,s22.706007679
127_11,s6.046239307,s-5.330412662,s137.785466131
127_12,s-5.958028596,s-3.880871760,s35.766241240
127_13,s-5.267846766,s-5.759185377,s284.932923031
127_14,s-3.636256855,s-4.618021490,s0.856850458
127_15,s-2.521196185,s-4.201040584,s288.151013012
127_16,s-2.121300720,s-3.107506174,s288.352745625
127_17,s0.782972484,s-3.653209681,s245.587124199
127_18,s0.058060897,s-3.982629994,s251.611678398
127_19,s1.381033527,s-4.677247833,s332.893938773
127_20,s3.362752507,s-6.091259721,s221.125458104
127_21,s4.802685693,s-2.357218542,s143.044825110
127_22,s2.877264233,s-4.347125551,s290.488247808
127_23,s4.810309099,s-3.851534016,s251.496299494
127_24,s-5.824246193,s-1.820476257,s91.260400391
127_25,s-4.857846367,s-3.262138824,s119.423102172
127_26,s-2.539780173,s-1.702359638,s179.940819781
127_27,s-2.809415827,s-3.238108282,s266.779339223
127_28,s-1.429287779,s-0.842769304,s57.621063454
127_29,s1.712584658,s-0.077937035,s233.674937621
127_30,s2.428954722,s-4.418449878,s3.507887286
127_31,s0.073407100,s-1.268987630,s323.943606481
127_32,s0.818644971,s-3.016630579,s123.802313071
127_33,s3.370132595,s-3.824725902,s77.155753482
127_34,s3.492387952,s-2.325099963,s99.951945415
127_35,s5.822199389,s-3.968496112,s145.820797356
127_36,s-5.985827288,s-1.051511724,s60.931212002
127_37,s-4.064472304,s-2.628710892,s178.305268083
127_38,s-3.393257712,s0.724019764,s72.525752550
127_39,s-1.616762156,s-1.547238330,s344.669681825
127_40,s-0.146027360,s-3.493260477,s330.530374568
127_41,s0.486864641,s-2.896416504,s55.399899858
127_42,s1.509648668,s0.828504084,s334.167654444
127_43,s2.234700931,s-2.701768582,s298.579824208
127_44,s2.169075251,s-0.904890634,s180.485087334
127_45,s2.781995263,s-2.647154680,s7.492779935
127_46,s4.660109922,s-1.370489965,s187.986544544
127_47,s5.677424908,s-2.124109802,s120.010361051
127_48,s-5.955454861,s-0.202100664,s278.872244515
127_49,s-3.934369694,s-0.666069896,s32.859273000
127_50,s-2.378156627,s-0.110860678,s10.360578842
127_51,s-1.258469058,s-0.002402631,s269.633608598
127_52,s-0.698798762,s-0.478138378,s144.850859549
127_53,s0.092843285,s-0.803039861,s74.235954243
127_54,s-0.244170448,s0.477867986,s222.126505694
127_55,s1.233874270,s-2.533558964,s184.317975241
127_56,s4.122859557,s-0.570177553,s89.449166295
127_57,s2.523620719,s-0.074605132,s280.220814272
127_58,s4.408431425,s-0.572716441,s166.367802622
127_59,s6.059920050,s-0.555503777,s295.274200252
127_60,s-5.074593214,s0.922384102,s221.213053967
127_61,s-4.195092878,s-1.870184342,s59.352010391
127_62,s-2.873519989,s1.702891570,s300.816409963
127_63,s-3.002521046,s-1.078645312,s219.640126283
127_64,s-0.187543510,s-2.900252997,s34.968273134
127_65,s0.193353370,s1.261128875,s95.266866105
127_66,s0.208219430,s-0.208337477,s219.305575683
127_67,s2.106823380,s0.291210285,s73.334486883
127_68,s3.725425189,s-2.014523891,s62.212446250
127_69,s4.838977450,s0.995444202,s104.326973244
127_70,s5.916765963,s0.125676427,s249.174931106
127_71,s6.201363759,s-0.973119040,s153.894680116
127_72,s-5.632137066,s0.248546261,s254.510393845
127_73,s-4.142624496,s0.698732025,s153.029803813
127_74,s-2.433715987,s2.490176501,s51.600269454
127_75,s-0.459005395,s1.299009710,s343.003175095
127_76,s-2.425887612,s0.696282877,s263.094397993
127_77,s0.402023503,s2.235962317,s153.489851396
127_78,s1.624416001,s0.560619212,s11.335664550
127_79,s1.354051257,s1.898164111,s102.723361566
127_80,s1.599090844,s0.678491550,s16.868632967
127_81,s2.053531149,s2.072561200,s155.481485455
127_82,s3.698760838,s0.135110799,s141.068349261
127_83,s4.602290223,s3.127684309,s337.051038631
127_84,s-5.733791595,s1.896545178,s307.669308839
127_85,s-3.234391233,s0.994204028,s257.434782354
127_86,s-4.389662720,s4.359812049,s87.336492869
127_87,s-2.247176971,s4.270670552,s182.027682145
127_88,s-0.993492807,s1.468408788,s132.440534167
127_89,s-0.542163824,s1.581129308,s228.439344538
127_90,s-0.038156480,s3.512468640,s311.496756915
127_91,s0.225354020,s3.209084572,s24.294392098
127_92,s1.549986094,s-1.753080871,s348.438502235
127_93,s3.026512741,s3.124319722,s69.320703775
127_94,s2.815055877,s0.893617300,s317.118549293
127_95,s5.473505611,s1.627915586,s192.185283945
127_96,s-5.471586228,s2.614363635,s343.951177753
127_97,s-3.369464318,s4.410800426,s252.141544254
127_98,s-5.985160681,s0.914294435,s93.866305428
127_99,s-2.333790453,s4.662357908,s300.700728831
127_100,s-0.766291211,s4.702461226,s307.564341531
127_101,s-1.329106620,s2.394310061,s342.131289935
127_102,s2.034256164,s4.207030008,s306.167919335
127_103,s1.712493272,s2.734723778,s357.888140999
127_104,s1.722594954,s3.390720243,s6.623722032
127_105,s3.591333189,s1.527706180,s282.161854378
127_106,s3.244355235,s3.494855831,s237.883516030
127_107,s6.296430762,s1.945605760,s210.722193843
127_108,s-5.630871088,s4.957629080,s48.894634110
127_109,s-4.705601071,s3.144344983,s79.737135061
127_110,s-2.701320686,s2.871175901,s140.982627497
127_111,s-1.651809007,s2.409468411,s347.786587179
127_112,s-0.094673614,s5.827336414,s79.609323564
127_113,s-0.612183566,s3.276810192,s178.553553810
127_114,s1.842916203,s6.043595547,s190.700159518
127_115,s2.705778196,s4.150754958,s38.584587505
127_116,s4.868207042,s5.875076856,s157.706300850
127_117,s5.018453281,s3.853454564,s352.868900964
127_118,s3.638253018,s5.216729596,s87.198754747
127_119,s5.990558704,s5.833953049,s77.668272772
127_120,s-5.174451303,s5.082764644,s88.307178995
127_121,s-4.581332030,s5.761072728,s141.691823624
127_122,s-2.203366334,s5.436004896,s245.340803015
127_123,s-1.866158619,s6.112999116,s229.785390523
127_124,s-1.612152189,s6.009863238,s31.238405639
127_125,s1.121807616,s5.703633035,s268.876813578
127_126,s0.886131126,s4.592158227,s247.582945626
128_0,s-6.132697148,s-4.857771436,s114.771045679
128_1,s-3.155703508,s-6.672960294,s114.841965156
128_2,s-3.384342217,s-4.307512081,s238.031351501
128_3,s-3.299353410,s-6.094031633,s238.756093424
128_4,s-2.005625183,s-5.921162800,s195.653804268
128_5,s-1.259461454,s-6.857503802,s37.214610144
128_6,s-0.490746809,s-3.753534402,s304.304222370
128_7,s1.168547920,s-6.822494638,s50.292699318
128_8,s2.212658824,s-6.899366193,s45.575268476
128_9,s3.420154301,s-6.247872420,s63.257973066
128_10,s4.780577751,s-5.961679150,s230.264486623
128_11,s4.876887237,s-4.311725777,s288.252025998
128_12,s-4.859598359,s-6.501627074,s67.161850727
128_13,s-5.250812677,s-3.371950534,s355.134120484
128_14,s-2.483304206,s-4.997431100,s139.709620783
128_15,s-0.935586354,s-4.762469967,s140.750229008
128_16,s0.132624443,s-5.866302247,s355.986527606
128_17,s-1.296141268,s-3.592655799,s238.740210525
128_18,s0.192765124,s-4.592118149,s1.924462840
128_19,s0.892414046,s-4.421733919,s337.207908581
128_20,s1.030236588,s-5.787518356,s144.662061423
128_21,s3.406481787,s-3.487733148,s167.668575597
128_22,s4.138631697,s-5.291988058,s282.870211366
128_23,s5.465417864,s-4.363771678,s187.432033004
128_24,s-6.847603535,s-3.326807722,s163.325434532
128_25,s-3.956889569,s-3.027461736,s202.651950610
128_26,s-3.397450116,s-3.278511413,s61.160163940
128_27,s-2.256047865,s-3.521723948,s78.966955656
128_28,s-1.687197790,s-2.883337071,s235.771966051
128_29,s-0.704271115,s-1.229657723,s200.894591822
128_30,s0.386786955,s-4.122386387,s123.888871653
128_31,s1.499797233,s-3.965934908,s188.415158433
128_32,s0.454556682,s-2.711958960,s78.660507560
128_33,s3.213181392,s-3.383459913,s255.105388711
128_34,s2.765562236,s1.243874437,s207.411961656
128_35,s3.862826612,s-3.167254567,s3.356718738
128_36,s-5.109327406,s-2.579730924,s358.088869220
128_37,s-4.285661596,s-5.494320002,s181.506490460
128_38,s-4.288806353,s-2.056500978,s251.579345407
128_39,s-2.617168620,s-2.196339613,s61.254141394
128_40,s-1.187316360,s-1.963894762,s85.356632743
128_41,s-1.414952261,s0.496456697,s243.604126972
128_42,s-0.413444711,s-1.849467390,s103.857937087
128_43,s2.615375805,s-2.166215255,s249.233706813
128_44,s1.928866210,s-3.614986052,s194.142900469
128_45,s3.316586522,s-2.237889798,s60.511587724
128_46,s6.763038866,s-3.741842412,s56.423999942
128_47,s6.105347366,s-1.828747020,s121.191125235
128_48,s-6.275037662,s0.294081762,s287.090337858
128_49,s-5.744716526,s0.852051482,s10.844757329
128_50,s-4.338297422,s-1.462985016,s9.992314771
128_51,s-2.436375646,s-0.553288124,s306.686617450
128_52,s-3.346750404,s-2.686588926,s200.059472596
128_53,s0.782848690,s-0.215974133,s64.937553655
128_54,s2.130770605,s1.097548748,s96.445154591
128_55,s1.592849819,s-1.289299280,s290.261097705
128_56,s2.018307855,s-0.057417488,s63.734751778
128_57,s2.696704143,s-1.022431339,s34.511644468
128_58,s4.137169456,s-1.794474522,s222.051393544
128_59,s6.175037302,s-2.206648180,s356.088276585
128_60,s-6.839873071,s2.015803055,s289.288315288
128_61,s-3.872161260,s0.552727554,s316.510195454
128_62,s-5.261518257,s-0.509836664,s301.982535967
128_63,s-1.649508058,s-1.012844037,s277.126548591
128_64,s-1.895252646,s1.705764640,s137.588079298
128_65,s1.000940738,s-1.984211815,s268.491988367
128_66,s-0.869898094,s0.550725355,s319.409660595
128_67,s1.387742727,s-0.065120576,s226.221670460
128_68,s3.671939073,s1.126943176,s322.333436811
128_69,s5.550901177,s-1.212076378,s165.188918157
128_70,s4.442599804,s0.035875856,s89.666127133
128_71,s5.488811114,s0.452722573,s18.159968606
128_72,s-7.059515928,s2.098930212,s142.565625569
128_73,s-6.516719597,s2.528873726,s298.301447035
128_74,s-3.674866238,s3.389692235,s240.063806884
128_75,s-3.760893421,s1.973543601,s289.084238269
128_76,s-2.544813925,s0.021900717,s200.293347164
128_77,s-1.017844523,s1.572716938,s146.166819057
128_78,s-0.282968658,s1.419959509,s70.554984894
128_79,s2.413558036,s2.441182736,s339.830255292
128_80,s2.342063792,s1.811591628,s314.946433274
128_81,s3.561357043,s2.215892152,s289.018945412
128_82,s3.911725282,s2.911449847,s40.359282250
128_83,s6.548246547,s0.839936565,s314.195260842
128_84,s-4.645341713,s2.583884591,s156.417545376
128_85,s-3.497771907,s-0.653927866,s108.409797201
128_86,s-2.246325572,s1.861396777,s38.265005432
128_87,s-1.485745918,s2.035314469,s291.461485866
128_88,s-1.188090701,s2.666117316,s143.657515027
128_89,s1.269941306,s1.685032303,s68.256443627
128_90,s0.102738294,s4.212818759,s46.349519275
128_91,s1.094706074,s0.855288063,s116.504512017
128_92,s2.816819906,s3.364401542,s221.603868745
128_93,s4.357705563,s1.464338446,s209.534394960
128_94,s4.933122998,s2.202212224,s168.026236783
128_95,s6.790792837,s1.870386509,s289.307756176
128_96,s-5.659517379,s3.741099112,s243.539505514
128_97,s-4.654444111,s3.770509500,s345.479974273
128_98,s-3.923132410,s4.666804292,s317.211338533
128_99,s-2.868638494,s2.795042398,s173.561722485
128_100,s-1.572918177,s5.080730103,s253.001282467
128_101,s-0.595547822,s3.762476219,s30.380951719
128_102,s-0.048427165,s6.565467207,s113.711684777
128_103,s2.150685773,s3.878530654,s358.784528116
128_104,s3.050864945,s3.373711689,s302.425354158
128_105,s3.715638384,s3.548924372,s56.889482524
128_106,s3.592573725,s5.260827855,s187.519938407
128_107,s5.567094381,s3.150760423,s70.659196284
128_108,s-6.657627518,s4.918846771,s180.200096002
128_109,s-5.170835520,s4.181841340,s212.357983632
128_110,s-3.249911969,s4.669009640,s242.589162961
128_111,s-2.127501822,s3.503488268,s217.486722676
128_112,s-1.241248902,s6.206417236,s127.421321600
128_113,s-0.492568612,s3.950903024,s33.709761793
128_114,s0.604022044,s1.662949748,s291.790261559
128_115,s0.348291796,s4.958222177,s74.577481655
128_116,s0.728914119,s5.365345612,s278.933880375
128_117,s3.520667300,s6.559030312,s274.854107645
128_118,s3.953129525,s5.611115024,s21.059810040
128_119,s6.692408627,s3.546132328,s232.420681055
128_120,s-5.665067153,s6.190558283,s169.279592745
128_121,s-5.377740932,s5.187468123,s212.753307888
128_122,s-3.761844969,s6.471231484,s269.890395835
128_123,s-3.989971298,s5.412590247,s12.275346254
128_124,s-2.124564837,s5.656028790,s316.110241650
128_125,s-0.633485761,s6.659173561,s52.215706094
128_126,s1.151720347,s6.202970274,s331.671736609
128_127,s2.655341914,s6.122847830,s74.118246831
129_0,s-6.212768467,s-5.648321573,s15.149031684
129_1,s-6.047734175,s-5.342642024,s176.868929348
129_2,s-3.955960381,s-4.841955826,s200.554914963
129_3,s-2.404191693,s-3.438899904,s133.169838082
129_4,s-1.189031730,s-6.125538144,s76.008356453
129_5,s-0.631638095,s-3.736982170,s118.410560541
129_6,s-0.334035884,s-6.180110910,s14.112671091
129_7,s1.277595622,s-6.480002242,s116.229942082
129_8,s2.104631402,s-5.513696252,s139.272035340
129_9,s4.684582922,s-4.019976220,s141.069648463
129_10,s3.307000871,s-6.462781158,s152.123771902
129_11,s4.401460785,s-6.264655005,s166.175957002
129_12,s-6.340839600,s-3.771042486,s96.403113838
129_13,s-1.792313198,s-4.487401333,s260.164536045
129_14,s-0.476565502,s-0.733253463,s204.621534742
129_15,s-2.780398707,s-2.788628316,s235.996050109
129_16,s-1.178959146,s-3.203397785,s358.872370869
129_17,s1.422042347,s-3.822127142,s93.526223761
129_18,s0.363885027,s-4.842905634,s99.965130495
129_19,s-0.085435110,s-0.882327320,s302.353377352
129_20,s4.284965867,s-3.055931031,s101.499212506
129_21,s2.048554546,s-3.605216700,s148.788647485
129_22,s5.768066980,s-1.426707884,s148.910468260
129_23,s6.550446931,s-4.731991887,s260.997426916
129_24,s-4.943413039,s-2.830696147,s352.556266034
129_25,s-3.702033724,s-4.694411631,s260.547511483
129_26,s-3.995833443,s-2.719133571,s27.327870200
129_27,s-4.416591794,s-1.491964163,s247.089955219
129_28,s-1.641225915,s-2.646611253,s270.374851606
129_29,s1.293238609,s-1.009316372,s68.574506002
129_30,s1.127357667,s-3.085911136,s254.924965846
129_31,s0.022878389,s-3.909471068,s286.543502641
129_32,s4.071312709,s-1.573723634,s359.054348170
129_33,s1.917462833,s-4.366027124,s320.878477387
129_34,s5.663085117,s-4.760390959,s170.262129906
129_35,s4.754369891,s-2.037293632,s110.430234241
129_36,s-6.603788113,s-1.830252555,s112.926572732
129_37,s-1.359585097,s-1.274473951,s1.236190784
129_38,s-4.339268268,s1.434700016,s333.183439803
129_39,s-2.736594254,s-2.181252647,s200.588903915
129_40,s-4.123402813,s0.531784852,s100.121790815
129_41,s-0.155921512,s0.430027427,s78.400286703
129_42,s2.007753503,s-1.725418014,s189.274521447
129_43,s1.815369725,s-2.297381986,s212.689251415
129_44,s3.596842094,s-1.660757227,s151.688984630
129_45,s6.300039461,s1.311056403,s1.795126423
129_46,s5.331971487,s-2.453964912,s18.850727717
129_47,s5.888354318,s-3.466385056,s102.372936959
129_48,s-6.762131197,s-0.952634642,s249.934338377
129_49,s-4.883606669,s-2.178080461,s83.990980899
129_50,s-5.069103001,s-0.484775231,s52.548225398
129_51,s-0.649039843,s0.177032195,s98.243439138
129_52,s-1.182207534,s-0.612326217,s234.068026983
129_53,s-0.971705175,s-2.074120771,s127.822238832
129_54,s-0.012112192,s-2.250758190,s257.705430621
129_55,s-0.336105537,s-0.566216212,s305.836918383
129_56,s1.800465187,s-0.403411792,s240.991841058
129_57,s2.876155794,s-2.570595496,s304.056892213
129_58,s2.712929305,s-1.752488988,s246.660408349
129_59,s6.233970690,s-1.930759216,s267.341755814
129_60,s-6.524442355,s1.044318960,s213.314979165
129_61,s-2.217179758,s1.673029338,s357.056044671
129_62,s0.632916542,s2.725555373,s297.381813891
129_63,s-3.785031418,s-1.802361995,s40.963783940
129_64,s-3.045210471,s0.056962317,s75.857606476
129_65,s0.802378964,s-0.786344627,s201.484918822
129_66,s0.517893565,s2.369861396,s69.437291473
129_67,s1.877816587,s0.339306620,s40.120397238
129_68,s0.557303401,s0.597966442,s187.934374200
129_69,s4.598719488,s-0.074424382,s35.524010536
129_70,s4.251087652,s-1.236807489,s166.110204584
129_71,s6.179364404,s0.376823266,s123.582018761
129_72,s-5.135736779,s0.649161781,s150.455661026
129_73,s-3.215827740,s1.327783043,s102.875870465
129_74,s-6.069792981,s-1.376324318,s311.035556740
129_75,s-5.106332612,s3.610831618,s73.177855791
129_76,s-1.735842663,s0.646241689,s339.738438237
129_77,s-1.102272298,s0.846590466,s79.771651103
129_78,s2.108731131,s2.349515477,s308.320953986
129_79,s3.639139470,s-0.506293720,s207.843709106
129_80,s3.450618633,s1.772277475,s146.602536377
129_81,s2.818515987,s1.261200700,s113.530867551
129_82,s3.358030308,s0.316372171,s123.500201304
129_83,s3.703326520,s1.344735059,s44.602882554
129_84,s-5.847996163,s3.186888031,s181.943606545
129_85,s-5.515937719,s2.218167919,s172.263766410
129_86,s-2.808172347,s1.535254363,s106.607135274
129_87,s-4.720422028,s3.303022287,s87.537183631
129_88,s-1.913703529,s1.369236410,s57.267938919
129_89,s0.173500120,s1.133725522,s56.650734119
129_90,s-0.795813384,s3.943119444,s207.268344975
129_91,s2.723972526,s3.180884439,s285.772422209
129_92,s-1.307197907,s1.489093881,s242.356984990
129_93,s4.429503589,s2.029616994,s69.685754322
129_94,s4.838801290,s3.085051108,s238.334293055
129_95,s5.802392737,s4.063629910,s198.382899103
129_96,s-6.292468138,s1.765852730,s190.222985470
129_97,s-2.929681006,s2.574106783,s33.928839807
129_98,s-3.886048599,s4.418984684,s293.008577390
129_99,s-3.629001262,s3.077925261,s74.933091632
129_100,s0.967658146,s4.109084048,s58.471051020
129_101,s-1.972443152,s2.463574361,s156.595852881
129_102,s-0.075140504,s4.780617174,s344.782004528
129_103,s-0.323754628,s-1.031922360,s176.775004444
129_104,s-0.381574072,s4.174158587,s41.246236746
129_105,s1.062570959,s2.964019189,s121.434601241
129_106,s1.207931216,s4.709346225,s213.576484183
129_107,s3.191790719,s2.727160990,s72.241733077
129_108,s-6.128050496,s4.857596220,s113.025077100
129_109,s-4.710352300,s4.778258121,s303.729229166
129_110,s-1.606735572,s6.327151712,s72.191062826
129_111,s-1.725115531,s3.682902740,s127.551953553
129_112,s-0.782281725,s6.222331609,s34.305152906
129_113,s-1.286547689,s3.801887243,s264.600723305
129_114,s1.040247093,s5.495739258,s165.278185371
129_115,s3.193470160,s5.193836551,s41.443848512
129_116,s4.011689571,s6.442264740,s238.577610418
129_117,s5.008879973,s3.728628682,s96.449533813
129_118,s5.033145820,s4.998717407,s202.678830025
129_119,s5.259328877,s6.510555389,s325.511707576
129_120,s-5.643555314,s5.479994204,s221.581599170
129_121,s-5.213805829,s5.894008830,s351.096638506
129_122,s-3.137847399,s5.879753131,s248.744696396
129_123,s-2.626615239,s3.765000753,s101.826607008
129_124,s-1.997174552,s4.897069769,s165.960167610
129_125,s-0.229705672,s5.619817454,s282.275238998
129_126,s0.083217942,s5.560126314,s31.712104712
129_127,s0.635265369,s6.304910569,s339.303789346
129_128,s1.132311325,s5.885942819,s234.852626502
130_0,s-5.868147233,s-4.892963542,s0.156671631
130_1,s-3.799644129,s-6.081768452,s253.834130763
130_2,s-3.153220377,s-4.921695592,s55.264683901
130_3,s-2.627472711,s-4.295817573,s258.087955991
130_4,s-1.097126860,s-5.988718551,s341.133971709
130_5,s-0.559578657,s-6.400426988,s174.818164409
130_6,s-0.110580302,s-5.601230145,s54.495197952
130_7,s0.339243529,s-4.462260113,s297.050204992
130_8,s2.889149412,s-4.464377500,s19.510608530
130_9,s2.978215264,s-5.656809376,s293.740004663
130_10,s4.059525319,s-5.614339398,s132.959465826
130_11,s4.894875528,s-4.344437586,s316.475084745
130_12,s-3.367127197,s-2.820140971,s144.452031306
130_13,s-5.103210412,s-4.689774571,s201.369604240
130_14,s-1.775573687,s-6.255760939,s328.509183839
130_15,s-2.642442731,s-2.740697449,s52.074359312
130_16,s0.138965444,s-3.556103382,s288.351524004
130_17,s0.498542453,s-2.056687290,s185.406207473
130_18,s-1.804601144,s-5.159472076,s5.309860270
130_19,s1.819936006,s-4.691560194,s288.419704539
130_20,s-0.021315551,s-3.194807184,s145.150610194
130_21,s2.699442924,s-3.855375657,s200.950623861
130_22,s4.268561192,s-3.769039719,s359.550590895
130_23,s6.200057487,s-3.769489196,s236.233937205
130_24,s-6.035162866,s-2.946510334,s198.900724991
130_25,s-4.123681860,s-1.992107222,s114.975475146
130_26,s-2.918772011,s-4.191070084,s29.406528139
130_27,s-2.747025794,s-1.994608850,s219.672161011
130_28,s-2.395322198,s0.789923529,s314.222578095
130_29,s-1.307436884,s-2.931615510,s339.518082195
130_30,s0.334697022,s-2.646117063,s259.131415597
130_31,s-0.631885770,s-1.732656869,s249.431341660
130_32,s3.440084684,s-3.637928615,s250.280298528
130_33,s3.625406079,s-2.552506410,s352.592934214
130_34,s6.060133902,s-3.618015155,s213.447738964
130_35,s6.511351524,s-2.993626953,s330.735600301
130_36,s-6.102573255,s-3.409313030,s165.010071196
130_37,s-4.477144027,s0.039671061,s153.055631146
130_38,s-4.123711300,s-1.342221270,s81.562283268
130_39,s-0.723880346,s-2.158116377,s294.403127520
130_40,s-1.141081994,s-4.508388373,s11.475248374
130_41,s-1.473873009,s-0.428076874,s295.261082755
130_42,s1.915082399,s-2.030326634,s150.357564478
130_43,s1.447875580,s-2.904467321,s95.857482306
130_44,s2.580483138,s0.230416890,s147.702125744
130_45,s2.760075604,s-0.419926472,s74.352938900
130_46,s4.751522128,s-2.613067406,s43.236195150
130_47,s5.713735178,s-0.757066618,s307.014168613
130_48,s-6.484259540,s0.171184757,s350.700183896
130_49,s-5.576854080,s-2.543973001,s254.150964929
130_50,s-3.109632266,s-0.769066471,s188.821199050
130_51,s-1.768460151,s-1.953733898,s237.651875143
130_52,s-0.577738736,s0.188928906,s276.989694647
130_53,s0.307178687,s0.387653589,s188.188367955
130_54,s0.875629038,s-1.462459143,s131.248939023
130_55,s1.507099312,s-1.333175228,s60.130707226
130_56,s3.940158943,s-2.632827126,s281.165404238
130_57,s3.505533643,s0.850306887,s278.655793416
130_58,s4.728761261,s-1.780306148,s38.350149188
130_59,s4.476778205,s-0.511972542,s199.894769220
130_60,s-6.484304023,s-0.551962468,s239.761647412
130_61,s-2.489271372,s-0.512723286,s57.341745536
130_62,s-5.521516901,s0.389683207,s321.410535439
130_63,s-1.585110454,s0.352571229,s55.252663353
130_64,s-0.546275178,s1.813990507,s345.381662838
130_65,s-0.426831387,s0.081183910,s135.414390624
130_66,s0.216097072,s0.677872069,s237.878887986
130_67,s0.016132209,s1.305958025,s324.597264488
130_68,s1.568354458,s1.116223105,s48.381534695
130_69,s4.872416523,s0.175492971,s118.542763563
130_70,s3.822111360,s0.462778972,s60.339281775
130_71,s6.473312125,s-0.125579363,s294.655955766
130_72,s-6.466889439,s3.741619134,s66.470907708
130_73,s-6.278196249,s-0.214689098,s130.651843800
130_74,s-3.315143324,s1.197869285,s55.475375809
130_75,s-2.513240724,s3.063515806,s7.678034617
130_76,s-2.690122664,s1.069008679,s8.391254325
130_77,s-0.296971983,s1.197839845,s195.869399310
130_78,s0.521617383,s1.714025069,s304.268445468
130_79,s1.749619902,s1.503606362,s290.240010741
130_80,s2.668919786,s0.574578572,s101.099899717
130_81,s2.304358573,s2.511412381,s288.077872631
130_82,s3.604201694,s1.628508243,s250.293287682
130_83,s6.521613576,s1.480292125,s316.651768767
130_84,s-6.236918206,s2.082579415,s121.914434787
130_85,s-2.983697589,s2.245339319,s92.984435367
130_86,s-5.003472440,s1.447578207,s31.006234103
130_87,s-0.055127577,s1.657676676,s89.967222744
130_88,s1.617197352,s0.258414564,s326.743898057
130_89,s3.545666929,s4.444741504,s117.031106733
130_90,s0.031667026,s2.602141598,s205.307757780
130_91,s1.112709906,s2.729334865,s335.371555737
130_92,s3.089878715,s4.007863036,s215.524688416
130_93,s4.086036202,s3.214497956,s333.202557135
130_94,s5.942464508,s0.595415203,s146.484819269
130_95,s6.386079819,s2.471905878,s255.373228257
130_96,s-5.447447510,s4.752696489,s328.035397713
130_97,s-3.909744632,s2.462106351,s220.188452589
130_98,s-2.770205463,s0.490065391,s262.757032204
130_99,s-3.708401178,s5.328884930,s127.974654573
130_100,s-4.204651095,s5.670961843,s307.534587283
130_101,s-2.163298839,s2.696874005,s347.381143220
130_102,s-0.567845245,s5.565627928,s47.242891755
130_103,s0.283466136,s4.853816954,s264.857349820
130_104,s-0.327266299,s3.464358231,s3.700559788
130_105,s3.158913970,s5.185105072,s212.056680310
130_106,s3.400672317,s3.717936915,s2.836585137
130_107,s4.336614415,s2.544351212,s221.486605773
130_108,s-2.081399607,s5.245371129,s52.327846985
130_109,s-3.570727313,s4.048109377,s236.405881636
130_110,s-0.644449309,s4.064259281,s26.717857851
130_111,s-0.764469490,s4.639118328,s176.129881487
130_112,s-0.464540378,s2.324283088,s103.825145880
130_113,s-2.102067068,s4.975939523,s260.066832441
130_114,s-0.011602576,s1.932573310,s272.765241912
130_115,s1.281087831,s3.660091318,s154.909887932
130_116,s2.317516704,s6.074725862,s110.136408713
130_117,s3.599922349,s5.470970359,s131.939822891
130_118,s4.229901255,s6.972567842,s140.082448690
130_119,s5.092353513,s3.308631087,s226.472608656
130_120,s-5.612753964,s6.303765126,s36.367839774
130_121,s-5.637746824,s5.811383157,s209.739095300
130_122,s-4.159016657,s6.449798477,s134.664253604
130_123,s-5.477776518,s4.868673540,s27.969029334
130_124,s-2.013164253,s5.853500696,s168.325326225
130_125,s-1.740600135,s6.882557384,s197.949117294
130_126,s-0.528067218,s5.977760623,s98.210179556
130_127,s0.565634761,s6.220381685,s338.635384700
130_128,s0.931932242,s6.842206674,s243.245659633
130_129,s3.203678896,s6.784085466,s73.660768530
131_0,s-5.282169570,s-5.236581257,s232.764636943
131_1,s-5.265246311,s-5.866452494,s89.604983468
131_2,s-2.969984568,s-6.578162107,s309.531378682
131_3,s-1.370987974,s-5.892819940,s102.909337178
131_4,s-3.023645074,s-5.421794812,s169.190102502
131_5,s-0.763614653,s-6.455131705,s110.986676358
131_6,s-0.369914024,s-5.174111159,s213.872241328
131_7,s0.458121309,s-5.358143708,s131.438940562
131_8,s1.060690730,s-4.660746229,s52.454527418
131_9,s2.328900292,s-6.182384333,s277.877578279
131_10,s3.711479616,s-5.503776862,s232.699787804
131_11,s3.552981351,s-6.264903729,s166.465046743
131_12,s-4.679065504,s-3.292729208,s195.281079835
131_13,s-5.287676584,s-2.095846726,s268.354752928
131_14,s-2.167557969,s-4.252028726,s44.485538720
131_15,s-3.183522869,s-3.814836958,s86.618495828
131_16,s-0.885553299,s-2.565823069,s299.495369056
131_17,s-0.974002845,s-5.246939437,s196.672266313
131_18,s0.726476099,s-1.102512101,s26.035433995
131_19,s2.323324561,s-4.714658792,s245.898734506
131_20,s2.696511618,s-2.489574655,s41.966234116
131_21,s2.721851565,s-3.806911862,s230.440892674
131_22,s4.334095413,s-5.692072431,s137.731050462
131_23,s6.465024325,s-0.888428920,s95.107031801
131_24,s-6.231731048,s-1.762755766,s236.371788931
131_25,s-6.076131725,s-5.200076749,s48.998918075
131_26,s-4.288745877,s-4.835928838,s212.315736951
131_27,s-2.408706489,s-2.955777799,s196.852192129
131_28,s-2.046347291,s-3.103304220,s288.648551087
131_29,s0.119268118,s-2.939585554,s136.108427823
131_30,s0.955560010,s-4.058575181,s74.776456825
131_31,s0.483836042,s-2.789924040,s269.571381706
131_32,s2.123763139,s-3.274755485,s60.330227871
131_33,s2.109311513,s-0.667105497,s240.657170430
131_34,s4.855231569,s-2.896850854,s23.093750506
131_35,s4.138229108,s-2.205877891,s355.016880347
131_36,s-5.179996289,s-0.869930415,s1.474203832
131_37,s-3.009711277,s-0.728102419,s102.321105950
131_38,s-0.331852392,s-1.083395107,s311.941381307
131_39,s-2.233769712,s-0.172957212,s247.633340891
131_40,s-1.636890942,s-1.744527639,s241.458166414
131_41,s0.016985274,s-0.488663139,s133.334853810
131_42,s-0.069983744,s0.600058820,s60.137003492
131_43,s2.482467678,s-3.223786973,s31.609795240
131_44,s2.773923100,s-0.924916222,s41.923619933
131_45,s3.793035970,s-2.797227515,s278.178683869
131_46,s4.855421937,s-2.278335872,s358.538123402
131_47,s5.893992038,s-0.045672364,s10.019811422
131_48,s-6.195015834,s-0.726468492,s245.516797109
131_49,s-4.237443128,s-0.645476793,s3.588273362
131_50,s-3.498759002,s-2.798873299,s9.670126987
131_51,s-2.593972321,s-1.536389791,s345.881529515
131_52,s0.175046516,s-2.419915663,s35.200659520
131_53,s-2.094915129,s0.602377255,s24.601736944
131_54,s2.455288834,s1.528414715,s114.889842164
131_55,s0.970470241,s-1.337128826,s329.307877199
131_56,s1.285048327,s-2.858651078,s245.079513849
131_57,s3.546563448,s-1.781830908,s117.736752413
131_58,s4.465209683,s-0.924556202,s93.861555692
131_59,s5.533090921,s-1.351666685,s5.678120495
131_60,s-3.020219319,s0.835128711,s114.838821105
131_61,s-5.790259163,s2.268229546,s139.337074413
131_62,s-3.995083362,s-1.330626248,s32.246661982
131_63,s-0.829954813,s-0.347282524,s181.388011354
131_64,s-1.057233460,s2.024029994,s312.233140942
131_65,s0.362566699,s2.194130798,s100.577477903
131_66,s-1.392626177,s1.265883146,s265.400557363
131_67,s1.150755105,s0.090254550,s355.577671603
131_68,s0.824992633,s1.978779389,s281.197554384
131_69,s4.056870690,s1.067229411,s196.047030087
131_70,s5.797920205,s1.461356324,s137.007279208
131_71,s5.741885131,s2.628466605,s155.742447471
131_72,s-5.727977315,s0.440780821,s45.304597225
131_73,s-6.070047997,s-0.687645201,s349.382968136
131_74,s-4.359008815,s1.869288466,s93.767140947
131_75,s-2.341587733,s2.098899168,s263.455882643
131_76,s-1.817077861,s1.175411735,s144.678136408
131_77,s-0.720020481,s0.333391925,s338.765666523
131_78,s-1.181200614,s2.623021384,s194.000616318
131_79,s2.058652005,s0.107610008,s287.630841077
131_80,s4.404728608,s2.124865343,s24.866941111
131_81,s3.728563152,s-0.140204841,s84.876407412
131_82,s3.273204720,s1.150863679,s337.847545401
131_83,s6.072324227,s0.442484823,s199.082643943
131_84,s-5.986214592,s4.952120697,s194.764418053
131_85,s-3.735175849,s4.256985538,s20.397064589
131_86,s-3.958036656,s2.894153001,s129.438726063
131_87,s-1.006781611,s3.350198196,s290.165725571
131_88,s-2.601087836,s4.949107105,s268.998088384
131_89,s0.846036181,s3.648808361,s59.478532564
131_90,s2.619037250,s2.289064753,s190.117179171
131_91,s0.287124916,s0.320005984,s35.008744134
131_92,s4.625164374,s4.106793736,s330.436522861
131_93,s2.729144414,s2.250740919,s243.593435636
131_94,s4.953626352,s0.135722953,s80.336874778
131_95,s6.347289674,s2.174381124,s18.142475005
131_96,s-5.151827388,s3.020676699,s300.167368426
131_97,s-4.449783837,s1.606515429,s92.152180296
131_98,s-1.800509967,s3.851667899,s209.458936888
131_99,s-1.915725610,s-0.956418304,s351.722728670
131_100,s-2.906241552,s2.666672589,s166.705858090
131_101,s0.077302386,s2.865153248,s297.426006393
131_102,s0.715172653,s-1.066298528,s234.159208036
131_103,s1.602051477,s3.961205130,s77.556025316
131_104,s2.536736630,s3.365426182,s139.721083232
131_105,s0.988360032,s3.356196336,s260.385242888
131_106,s6.317174467,s3.906556813,s198.448656531
131_107,s4.170375621,s1.797039279,s137.915460926
131_108,s-5.066007434,s5.732711694,s126.713422873
131_109,s-4.986064313,s4.172806951,s106.166633169
131_110,s-2.938534579,s4.830808978,s301.872202276
131_111,s0.468320949,s4.310882583,s131.462653675
131_112,s-1.519034570,s5.372463098,s298.385179462
131_113,s1.105404330,s5.964664778,s301.757350336
131_114,s0.725314247,s4.489449052,s354.448634561
131_115,s1.771275639,s5.709030246,s83.297404250
131_116,s1.731308201,s4.333306029,s46.574293709
131_117,s4.225556340,s6.016491452,s118.769371807
131_118,s4.264864094,s4.038299594,s0.460225846
131_119,s5.345816689,s4.959476779,s218.961241460
131_120,s-6.118406690,s4.201151799,s138.234278123
131_121,s-3.994549526,s5.587926292,s330.999692140
131_122,s-0.078825879,s5.608260594,s42.188097475
131_123,s-2.976078175,s5.685886199,s155.902274367
131_124,s-0.835388374,s6.323483529,s25.972731553
131_125,s-0.979902953,s3.871616949,s178.569253691
131_126,s2.689613126,s4.944990774,s276.876154769
131_127,s2.197187848,s5.843956304,s164.884676050
131_128,s3.399576945,s3.770454868,s214.445921757
131_129,s3.062716079,s5.429788881,s286.830747279
131_130,s5.395200124,s6.249658395,s103.222192893
132_0,s-4.547946029,s-4.778543246,s6.538829171
132_1,s-3.442029875,s-7.043820103,s230.024030827
132_2,s-2.414433391,s-3.512323463,s185.703861157
132_3,s-2.832624356,s-6.981582376,s210.383377417
132_4,s-2.308875728,s-4.497373663,s91.726514577
132_5,s-0.801495396,s-7.043820103,s256.540073606
132_6,s-0.284120617,s-6.129307295,s143.878678015
132_7,s1.260737463,s-4.291487541,s214.777893448
132_8,s0.385216451,s-6.509951106,s62.962206285
132_9,s1.596924765,s-6.139585651,s188.965513286
132_10,s2.369139965,s-6.202938320,s130.672099698
132_11,s2.723154525,s-4.537559414,s140.763146815
132_12,s4.044345757,s-5.459812636,s94.541007469
132_13,s-4.318075073,s-2.949309986,s266.374434437
132_14,s-6.952197439,s-3.601823770,s318.186824633
132_15,s-3.712385017,s-5.822728445,s218.972907734
132_16,s-1.042539362,s-3.899775110,s181.830081806
132_17,s-0.634195292,s-3.920943718,s181.778994468
132_18,s-1.926899888,s-6.123845559,s224.024471833
132_19,s-0.516905761,s-5.106996788,s25.087963113
132_20,s0.301839832,s-3.733864337,s239.550866354
132_21,s2.340116723,s-5.130834337,s198.336562330
132_22,s1.971079249,s-2.609165343,s117.747356619
132_23,s4.134974158,s-4.218383521,s163.749293183
132_24,s7.131210636,s-4.112720282,s73.002238809
132_25,s5.733833582,s-2.997361182,s141.248237981
132_26,s-5.727810255,s-2.947045794,s172.717915923
132_27,s-4.436204712,s-1.938384380,s225.473270994
132_28,s-4.185723432,s-2.606794841,s203.214195906
132_29,s-0.600206896,s-2.469516673,s1.075697627
132_30,s-1.791025384,s-2.975707701,s185.142011644
132_31,s-1.009550381,s-2.538173724,s233.954610214
132_32,s0.820354605,s-1.991645664,s174.712360004
132_33,s2.740674778,s-2.665493787,s305.121589822
132_34,s1.975827928,s-4.390688136,s4.915032083
132_35,s4.169121811,s-1.847961319,s119.570908571
132_36,s4.705580235,s-1.833279724,s117.899118939
132_37,s5.791483314,s-5.361594448,s276.527396834
132_38,s6.583262262,s-1.650602712,s115.721791027
132_39,s-5.249677663,s-0.854035340,s279.544281038
132_40,s-3.710823456,s-4.843187160,s268.451311744
132_41,s-3.256258477,s-0.447194715,s148.059890139
132_42,s-2.273211087,s-3.184817549,s149.312026482
132_43,s-2.142037768,s-0.642387951,s121.755148363
132_44,s-0.041980539,s-4.751753245,s118.702615231
132_45,s-0.288766419,s-3.392390199,s201.319560827
132_46,s0.602235053,s0.085958314,s105.570248957
132_47,s1.298962548,s-1.652020929,s130.186482407
132_48,s3.420020547,s-3.601428902,s307.817330387
132_49,s5.165748072,s-0.172492911,s245.622186140
132_50,s5.043200383,s-3.079034507,s235.472654628
132_51,s6.788901371,s-1.061984122,s37.422804216
132_52,s-6.799627198,s-0.627273886,s204.485396799
132_53,s-6.792683882,s0.356337956,s178.411361712
132_54,s-1.872494936,s0.195848837,s171.622212399
132_55,s-3.696018500,s0.102338333,s358.303775240
132_56,s-0.882210073,s-1.827718876,s328.191859388
132_57,s-0.255394034,s0.074999539,s2.285932064
132_58,s0.606825310,s0.762296337,s304.185625946
132_59,s-0.465774733,s-1.427766420,s136.281672496
132_60,s0.728143646,s0.294778844,s160.689718721
132_61,s2.183373755,s-0.877086072,s92.565545245
132_62,s3.226042902,s-0.271788599,s110.775421313
132_63,s3.181857499,s-3.373733605,s7.264846781
132_64,s5.515950752,s-1.641228778,s49.925576171
132_65,s-4.480885915,s-0.003161717,s262.699459461
132_66,s-4.735424725,s-1.227324270,s31.158208141
132_67,s-3.013818669,s-1.636494653,s330.362517685
132_68,s-1.256110244,s-0.326441141,s181.582247675
132_69,s-2.667924851,s0.821761962,s137.515364927
132_70,s-0.783401800,s0.687362805,s167.858980235
132_71,s-1.063082567,s0.183570224,s217.929296614
132_72,s-0.367854994,s1.498716327,s272.921620310
132_73,s4.266678231,s-1.145931756,s309.768698014
132_74,s3.886817712,s1.119034166,s288.189005798
132_75,s6.254105573,s-0.623664927,s69.347166791
132_76,s5.820997512,s1.445938857,s169.624571967
132_77,s7.131210636,s-0.225934683,s37.598249708
132_78,s-6.635058673,s1.168442471,s18.629794412
132_79,s-6.761401859,s2.763721014,s53.988192264
132_80,s-3.126083861,s1.548960221,s170.723043081
132_81,s-3.373713330,s2.904417019,s299.634559029
132_82,s-1.514790391,s1.138616968,s315.261574649
132_83,s-0.734834440,s1.697914540,s24.377576702
132_84,s-2.999837362,s2.325880641,s133.104379382
132_85,s1.894410743,s1.580208569,s232.730355599
132_86,s-0.697108091,s2.415557788,s288.488397557
132_87,s2.123580367,s0.528027083,s82.433481110
132_88,s2.901521123,s0.891403918,s305.159216701
132_89,s4.822072139,s0.893509502,s19.066982239
132_90,s6.293264773,s2.771009178,s330.369379251
132_91,s-4.824236893,s1.096516491,s59.086486307
132_92,s-3.672373108,s1.264119833,s51.467905159
132_93,s-5.382657942,s0.278892244,s324.801195596
132_94,s-2.911332334,s3.411470489,s279.923483641
132_95,s-0.849888624,s3.444646580,s322.543581396
132_96,s-0.030159553,s3.729693732,s346.367800130
132_97,s1.481318444,s0.850945140,s17.374809099
132_98,s2.405558636,s4.205735392,s20.936504373
132_99,s2.661917610,s0.340527610,s312.539096944
132_100,s2.799253882,s2.235475735,s243.137977917
132_101,s4.112031440,s2.574328424,s114.343310368
132_102,s5.938612234,s3.199902384,s304.657701111
132_103,s6.731497085,s0.596974971,s229.343510519
132_104,s-6.152300979,s3.434087035,s8.869676488
132_105,s-5.481796340,s2.914261510,s96.244274487
132_106,s-3.497736372,s4.091073843,s355.310021160
132_107,s-4.485201188,s2.729695439,s150.992940188
132_108,s-1.496483235,s3.549473873,s275.298448060
132_109,s-0.197674389,s5.905637804,s227.615539687
132_110,s0.616939534,s2.825019366,s241.342792492
132_111,s0.174643828,s4.880621480,s221.805403412
132_112,s1.539342735,s3.211227964,s176.645909627
132_113,s0.922220624,s4.743794756,s114.431442547
132_114,s3.031375285,s2.791707225,s344.250053640
132_115,s3.384165376,s4.789537303,s247.536171120
132_116,s6.984963859,s3.890521634,s109.567637899
132_117,s-5.153761682,s4.222310579,s299.353223249
132_118,s-3.935616546,s4.102206394,s249.186389391
132_119,s-3.818103300,s5.749825688,s8.908895975
132_120,s-2.280446348,s4.595187979,s351.180409096
132_121,s-1.580009123,s4.630649540,s205.706303105
132_122,s-0.135269673,s4.318534960,s93.106021451
132_123,s1.635879046,s6.673736289,s33.812883220
132_124,s0.035375431,s7.007466193,s326.130150654
132_125,s0.799895423,s5.612453326,s284.439553879
132_126,s1.799745714,s5.889337397,s215.213253919
132_127,s2.472403222,s4.246467031,s338.430615565
132_128,s4.322512224,s5.134261447,s325.217432836
132_129,s5.597221100,s5.652119343,s329.398126892
132_130,s-6.841738581,s4.650706551,s260.456831630
132_131,s-3.742546324,s6.951837419,s88.803497390
133_0,s-4.836467901,s-6.792762199,s116.439196629
133_1,s-4.437818232,s-5.131915529,s37.172652490
133_2,s-3.012107630,s-5.634240666,s204.453745379
133_3,s-2.170167171,s-5.518425314,s270.986151984
133_4,s-0.890051932,s-6.073977161,s357.074375610
133_5,s-0.314682072,s-6.505655101,s43.529026097
133_6,s-1.563308998,s-3.747748378,s324.960415033
133_7,s1.031426954,s-2.937002822,s172.847166550
133_8,s0.085570239,s-4.995516578,s293.823630799
133_9,s2.204109301,s-6.616503513,s66.266022927
133_10,s2.821150832,s-5.314320689,s15.310376780
133_11,s4.531498883,s-5.695401935,s183.823129635
133_12,s7.027951127,s-4.161443794,s117.742035699
133_13,s-5.542311358,s-4.447564809,s124.446732330
133_14,s-3.080351655,s-2.907448848,s344.667510681
133_15,s-2.188861115,s-4.988308310,s175.768017437
133_16,s-3.272627118,s-0.250235701,s251.848633958
133_17,s-2.494101357,s-3.819724860,s310.175821008
133_18,s-0.368701905,s-2.411221783,s110.479785442
133_19,s-0.343022129,s-3.189624993,s14.948057583
133_20,s1.167944871,s-1.862601094,s49.215520908
133_21,s1.397431775,s-0.481659301,s354.337031111
133_22,s2.865421730,s-4.353573094,s36.461649345
133_23,s3.427092241,s-3.271384916,s359.926105874
133_24,s5.917163476,s-4.226132241,s180.033478915
133_25,s6.990559028,s-2.507263158,s238.047320751
133_26,s-6.652445305,s-5.013010315,s67.699933803
133_27,s-4.502743703,s-4.293023348,s262.154898737
133_28,s-4.111974555,s-1.516781052,s316.069359536
133_29,s-3.668884347,s-4.385304577,s70.780373722
133_30,s-2.186403569,s-2.375865108,s69.897748819
133_31,s-1.131209825,s-3.342969212,s349.652189972
133_32,s-0.465566576,s-0.619091214,s229.919254821
133_33,s2.194483984,s-5.749002891,s53.979655555
133_34,s1.469129322,s-2.515694237,s118.315779907
133_35,s1.989025600,s-2.887670594,s299.391321003
133_36,s2.259753000,s-3.265753768,s238.529570160
133_37,s5.565496003,s-2.023682940,s194.785000770
133_38,s5.016780443,s-3.292166823,s234.155662665
133_39,s-6.530219263,s-3.235384529,s161.085714257
133_40,s-5.377748973,s-2.431646427,s230.034422730
133_41,s-0.574113550,s-1.056733275,s356.185309817
133_42,s-0.974114774,s-3.338868089,s6.454646192
133_43,s-3.155557177,s0.076394351,s171.787963857
133_44,s-1.333707398,s-1.185111563,s266.690585679
133_45,s-1.126745958,s-2.391078507,s105.842768144
133_46,s0.522337678,s-0.790853422,s30.354818558
133_47,s2.632298336,s-1.538726076,s89.265185692
133_48,s3.056277100,s-1.584907644,s38.042648888
133_49,s3.254863260,s-1.184891675,s117.238300385
133_50,s5.975627334,s-1.947930332,s284.729832599
133_51,s6.884177516,s-1.439066131,s280.936363206
133_52,s-6.689894103,s-0.646648010,s214.191157649
133_53,s-4.845719812,s-1.350964771,s8.344721703
133_54,s-4.996599605,s0.254883278,s307.712807932
133_55,s-3.883127961,s-2.014781985,s228.806056730
133_56,s-4.360906972,s-0.644105434,s330.007376492
133_57,s-0.999552372,s0.405545385,s36.804637875
133_58,s0.176676118,s-1.184903397,s273.217544361
133_59,s1.409165962,s0.468332681,s8.684492376
133_60,s4.376654651,s-2.898395208,s157.414163541
133_61,s3.038416674,s0.093470644,s127.229565518
133_62,s4.071809631,s-0.638847280,s11.194111033
133_63,s4.453786358,s-1.836047532,s99.409521043
133_64,s5.459450659,s-1.146764559,s63.933021665
133_65,s-6.871482511,s0.097695486,s93.880593239
133_66,s-5.641753982,s1.038966863,s38.982135932
133_67,s-2.102860445,s0.674826080,s206.691553165
133_68,s-2.657353932,s0.903064742,s220.284364238
133_69,s-1.704259544,s0.343676422,s134.348733244
133_70,s-2.012205020,s1.249822851,s248.455292005
133_71,s2.243306732,s1.485652545,s79.471797451
133_72,s-0.381912003,s0.714104333,s83.034797365
133_73,s2.377554161,s0.476267729,s93.486504978
133_74,s4.864088328,s0.598188004,s232.941142570
133_75,s4.314196488,s1.462958095,s232.947386209
133_76,s4.808494041,s2.848518517,s357.410736302
133_77,s4.841228917,s-1.097465930,s246.314577378
133_78,s-5.624960204,s3.030610438,s218.853078348
133_79,s-3.195536005,s0.731068423,s257.464061266
133_80,s-3.606006621,s-0.296804044,s158.231355504
133_81,s-2.530744994,s3.785841841,s229.002911546
133_82,s-1.225627602,s2.136349560,s72.509722382
133_83,s1.427654784,s1.165799830,s63.590018470
133_84,s-0.801738950,s-1.256198684,s148.251763012
133_85,s0.275996843,s3.667454153,s40.667127566
133_86,s3.200045658,s-0.968815391,s326.272822349
133_87,s1.995442695,s3.340619496,s129.648670656
133_88,s3.013214369,s2.033099489,s339.298822309
133_89,s1.999436619,s2.765690080,s140.944773881
133_90,s7.055106577,s0.954968581,s67.338035332
133_91,s-6.150301104,s4.219030471,s343.490683176
133_92,s-3.773158751,s1.740327537,s345.283542425
133_93,s-3.197207820,s4.301638355,s26.785614441
133_94,s-2.979468431,s4.638714666,s284.492298629
133_95,s-2.292564584,s2.131668625,s149.849508446
133_96,s-0.678859104,s1.331319507,s139.120462411
133_97,s-0.313166995,s2.710278553,s169.776238592
133_98,s0.055094442,s1.785831090,s312.804528814
133_99,s1.516496460,s5.035419250,s236.030362933
133_100,s3.030432865,s2.824988597,s180.275606974
133_101,s4.124883214,s2.146900078,s286.012985861
133_102,s5.691970244,s5.514779209,s192.170117927
133_103,s5.228837754,s1.837293839,s242.501681293
133_104,s-6.604133842,s3.409949670,s63.822963508
133_105,s-4.881610642,s1.959791943,s115.925665498
133_106,s-5.225675257,s4.279751666,s199.350667342
133_107,s-2.805801831,s1.794288211,s94.298599909
133_108,s0.154164977,s5.403621630,s66.221563878
133_109,s-0.410401078,s3.040507470,s331.340126854
133_110,s0.215370135,s3.922781208,s291.389446664
133_111,s0.018542879,s5.510135693,s231.403360852
133_112,s1.371371183,s3.727237473,s55.944814763
133_113,s2.395910348,s-0.937123292,s128.428590578
133_114,s4.437189801,s3.582023904,s111.237070140
133_115,s6.056469150,s3.337994178,s252.658695428
133_116,s6.945851173,s3.000920743,s168.458501901
133_117,s-6.835651555,s5.304604167,s102.369753338
133_118,s-3.750312729,s5.017129180,s309.127902425
133_119,s-1.849489232,s5.499249922,s243.410895833
133_120,s-1.922023927,s6.082529623,s224.895599652
133_121,s-1.343952040,s5.229048104,s22.775212707
133_122,s-0.752249948,s6.790160122,s105.321165543
133_123,s0.079067777,s6.828187758,s126.905277120
133_124,s3.773110810,s5.211509631,s213.760159923
133_125,s0.957772663,s6.735347985,s269.597688007
133_126,s2.582426282,s4.005101992,s279.771711089
133_127,s4.466559266,s4.571501934,s207.736823659
133_128,s4.561604431,s5.659387067,s309.673995946
133_129,s6.911013736,s4.163461524,s248.249424039
133_130,s-6.854444048,s6.331106508,s357.335235950
133_131,s-3.629423059,s5.902608951,s2.562112743
133_132,s-3.303831265,s6.350729993,s356.188458850
134_0,s-6.871788635,s-5.851314259,s33.803133698
134_1,s-6.418858128,s-6.021617453,s122.081573936
134_2,s-4.859314301,s-6.030544342,s177.622865936
134_3,s-5.242178211,s-7.082677814,s50.313386871
134_4,s-0.565498440,s-6.813727060,s346.276802528
134_5,s-0.186995317,s-5.244952896,s66.306267331
134_6,s0.946469200,s-6.599896285,s98.903028427
134_7,s2.134399705,s-6.706893085,s17.334736634
134_8,s3.733087068,s-6.460324443,s104.231992188
134_9,s1.244141784,s-4.930792518,s278.753877741
134_10,s4.234610939,s-6.133724167,s326.608571348
134_11,s6.107690900,s-5.933750610,s298.228168214
134_12,s6.663855937,s-5.832024174,s142.196311832
134_13,s-6.765937615,s-3.094824350,s271.908424328
134_14,s-5.518230260,s-1.277293704,s226.297182117
134_15,s-1.477857905,s-3.429526843,s332.614920847
134_16,s-3.923292027,s-6.217472682,s351.266417823
134_17,s-2.243256373,s-4.379307426,s67.231581383
134_18,s-0.015396628,s-3.344714446,s77.006525326
134_19,s-0.310626503,s-4.938204417,s343.159779563
134_20,s2.031808048,s-3.793990961,s244.238056688
134_21,s2.833806797,s-1.278820222,s154.514261966
134_22,s3.038791849,s-3.875426086,s167.876702209
134_23,s4.319921191,s-5.153109292,s275.010358158
134_24,s5.469980738,s-2.819766909,s120.489250113
134_25,s6.666976957,s-3.033289918,s222.324150975
134_26,s-5.986684733,s-2.101027399,s58.486183937
134_27,s-5.633936091,s-5.908218707,s157.326529664
134_28,s-3.100185842,s-3.687578435,s252.034556432
134_29,s-2.207816360,s-5.062896117,s207.999605006
134_30,s-1.901903874,s-2.060579923,s284.081204735
134_31,s-1.585163259,s-4.467856195,s62.545279933
134_32,s0.439570492,s-2.208832069,s340.546870743
134_33,s0.580827324,s-3.440064884,s172.805423219
134_34,s1.765494310,s-2.430917382,s329.534765260
134_35,s4.147194002,s-3.206023509,s63.960664137
134_36,s3.453145462,s-4.789665760,s237.284372282
134_37,s5.038160823,s-4.252475432,s169.968151688
134_38,s4.927584134,s-1.149324234,s154.354251436
134_39,s-6.629507030,s0.281437549,s281.827412010
134_40,s-5.692577616,s0.241074780,s83.090502452
134_41,s-6.281638066,s-4.731899184,s163.122483429
134_42,s-1.476953415,s-0.166519430,s276.818637396
134_43,s-0.654447160,s-2.821108022,s336.543263149
134_44,s-0.336255774,s1.717159478,s134.169440796
134_45,s0.051874047,s-1.821865639,s288.170710836
134_46,s3.276148525,s-0.084822372,s305.604298121
134_47,s2.313216252,s-2.922759017,s211.167961128
134_48,s2.457234779,s-0.867733381,s3.285465289
134_49,s5.018344782,s-2.288846793,s172.422127411
134_50,s4.788904342,s-3.580407408,s176.330548266
134_51,s6.491057881,s-1.822623914,s88.341747681
134_52,s-6.626576060,s-2.106149589,s195.703678355
134_53,s-3.601385058,s-2.664577456,s95.799333433
134_54,s-4.654651076,s-1.324558005,s1.741766698
134_55,s-2.899544152,s-1.837845132,s351.840559655
134_56,s-3.843759891,s-0.364477474,s157.959873450
134_57,s-1.482643867,s-2.454167175,s21.075831684
134_58,s-0.488942673,s-0.664917401,s71.622320391
134_59,s0.411509962,s-0.972208282,s12.095627932
134_60,s0.686115652,s-1.672577670,s327.407308013
134_61,s4.659742460,s-1.092532159,s127.273590643
134_62,s3.492989522,s0.474347514,s225.001179079
134_63,s2.186052870,s-2.052629265,s61.457616910
134_64,s5.430963482,s-0.428029651,s17.838501862
134_65,s-4.340559611,s-0.200902225,s44.634208006
134_66,s-3.871941631,s-0.017975664,s64.002190066
134_67,s-5.653412743,s1.607758760,s193.085302068
134_68,s-3.302104335,s0.684655765,s154.657408715
134_69,s-1.656593593,s1.437065742,s222.472686486
134_70,s0.853640338,s-0.440534314,s4.446261566
134_71,s1.631347153,s1.918540253,s279.799082871
134_72,s1.970964375,s-1.058758303,s158.690585744
134_73,s0.067884377,s1.116456599,s299.839617126
134_74,s0.668154778,s0.590169627,s241.094397222
134_75,s1.820172306,s0.553026664,s179.253882376
134_76,s6.955201942,s0.130088614,s130.108298644
134_77,s6.198247699,s-1.122045232,s209.424254964
134_78,s-5.930589419,s0.855101682,s24.129432922
134_79,s-5.980922210,s2.248525323,s226.921683977
134_80,s-2.680721678,s2.860784728,s315.886141158
134_81,s-0.803835558,s2.524496447,s2.769358948
134_82,s-0.628589501,s0.761586131,s340.174852284
134_83,s-0.561768046,s-0.642393617,s259.779330639
134_84,s-0.203199193,s3.578027013,s101.804451462
134_85,s2.387516530,s-0.500989036,s284.740979180
134_86,s3.465168628,s2.301252683,s28.126020539
134_87,s2.463198465,s1.427529352,s288.143048312
134_88,s5.184055038,s1.150039996,s327.140542415
134_89,s4.815037657,s2.431950059,s305.838556010
134_90,s6.493325178,s-0.594042066,s87.287860367
134_91,s-6.645018209,s3.530288179,s30.623529676
134_92,s-4.046483851,s0.798184358,s11.818676081
134_93,s-2.221726791,s6.024617638,s203.125060320
134_94,s-0.638452264,s4.184315835,s329.383341976
134_95,s-2.682308798,s3.048270302,s238.107747184
134_96,s-0.979914170,s3.468905487,s62.464705252
134_97,s0.618319992,s3.643372810,s20.959028373
134_98,s0.521492386,s2.485811860,s299.009731250
134_99,s1.142648402,s1.949342832,s98.478418576
134_100,s1.280093192,s3.036099178,s252.410136603
134_101,s4.829242552,s3.834815913,s84.397556177
134_102,s3.415635420,s-1.020596742,s39.188538273
134_103,s5.314732189,s2.020336115,s331.487011002
134_104,s-2.098159012,s0.031438482,s298.213652845
134_105,s-6.066694279,s3.055096794,s78.915880876
134_106,s-3.371652272,s5.101305766,s257.950868337
134_107,s-3.143896332,s2.188851032,s309.878762353
134_108,s-3.693315030,s3.714052840,s343.597819281
134_109,s0.190404928,s-0.236241223,s321.084328709
134_110,s-3.584366744,s4.642085468,s305.867626953
134_111,s1.817109902,s3.794000920,s166.224115379
134_112,s2.175355916,s4.167373021,s232.606912627
134_113,s3.925096058,s2.106790825,s214.200521081
134_114,s3.904711905,s2.519055858,s98.624196817
134_115,s6.107404505,s4.917501294,s268.577631342
134_116,s6.526388091,s3.239690921,s261.148973871
134_117,s-5.566784678,s5.120480478,s205.759756031
134_118,s-5.920151198,s4.581834883,s314.048599196
134_119,s-3.621159114,s5.671743378,s112.936765085
134_120,s0.071135987,s4.549600622,s302.964159152
134_121,s-0.405212572,s5.213615422,s100.510277494
134_122,s0.019780330,s6.187769488,s344.504938175
134_123,s2.201448450,s6.096713034,s80.705847016
134_124,s0.857604700,s4.355068304,s283.582691063
134_125,s3.068939013,s6.241265046,s210.534972141
134_126,s3.423255504,s4.526324451,s303.367575837
134_127,s3.922780297,s6.553278958,s356.785045340
134_128,s4.657524057,s4.587051860,s94.607762692
134_129,s6.312614985,s2.800320021,s3.252528691
134_130,s-6.474161839,s4.155790897,s56.569873604
134_131,s-4.362434304,s6.590027632,s77.841073346
134_132,s-4.799884659,s4.613877799,s10.784578617
134_133,s-2.122849643,s6.616828276,s324.656001023
135_0,s-6.721463023,s-5.144530940,s347.487491398
135_1,s-5.826818790,s-6.604490736,s282.893217469
135_2,s-4.579883868,s-5.951386965,s227.670053062
135_3,s-3.087472663,s-6.598492768,s333.162491579
135_4,s-2.284829044,s-4.592622241,s229.476761685
135_5,s-0.822752755,s-6.982536627,s94.734414820
135_6,s-2.036887306,s-5.700046282,s146.899659174
135_7,s0.809039807,s-5.874313771,s248.814514646
135_8,s1.551617184,s-6.087226279,s299.762913729
135_9,s2.699179884,s-7.490638086,s285.680462756
135_10,s3.245564614,s-4.607355706,s28.970153718
135_11,s4.904400755,s-6.429196452,s268.785052911
135_12,s4.880724779,s-4.999437595,s242.903362826
135_13,s-5.602320598,s-5.122107856,s0.127882025
135_14,s-4.254906215,s-5.646802234,s253.245219238
135_15,s-4.673857328,s-0.996313208,s60.435832269
135_16,s-3.263891860,s-5.355771757,s251.736160595
135_17,s-3.795148413,s-3.981885992,s275.071643492
135_18,s-3.004075567,s-3.802431001,s142.528372974
135_19,s0.543078576,s-3.973482106,s87.645279394
135_20,s2.543800105,s-5.452931707,s86.466018739
135_21,s1.947919730,s-4.336275456,s344.609267995
135_22,s1.729029722,s-3.122566681,s122.357609176
135_23,s3.638422533,s-3.798431066,s261.892744014
135_24,s4.098168603,s-4.835516620,s205.330180996
135_25,s5.696450995,s-3.358032962,s132.129006007
135_26,s-5.458651337,s-3.096938246,s85.954891693
135_27,s-6.884019164,s-3.633465088,s93.242682798
135_28,s-5.122091247,s-3.826033160,s52.279047060
135_29,s-2.127657731,s-3.723026823,s152.375629141
135_30,s-0.482155772,s-3.003111386,s279.299169158
135_31,s-0.101491841,s-3.002559386,s343.095909488
135_32,s-0.697713026,s-5.914900135,s84.215549273
135_33,s-0.195203702,s-2.291259939,s154.040127225
135_34,s0.546038166,s-4.174654324,s179.820877617
135_35,s3.728732658,s-3.931298622,s219.004223285
135_36,s5.916193163,s-2.836278535,s87.603726410
135_37,s7.108091070,s-5.529971978,s250.339667893
135_38,s7.070964330,s-2.251604965,s17.034577967
135_39,s-6.035210009,s-1.588466093,s284.112197782
135_40,s-3.949917188,s-1.229094416,s135.989162385
135_41,s-6.155311081,s-2.470506599,s208.948886848
135_42,s-2.189140369,s-3.203958027,s355.282427168
135_43,s-1.885395501,s-1.448094280,s206.958369546
135_44,s1.870022371,s0.004139260,s159.783822842
135_45,s1.793379960,s-2.361731107,s14.034684084
135_46,s2.198534706,s-2.433851919,s38.291801390
135_47,s0.504452112,s-3.719250823,s30.678557969
135_48,s3.302251869,s-2.517966557,s134.508801079
135_49,s2.316607235,s-0.336799791,s44.899594189
135_50,s6.192896067,s-2.332039817,s69.835455563
135_51,s6.372166526,s-1.041370412,s160.933780181
135_52,s-4.686074457,s-0.370917224,s86.073970256
135_53,s-6.569721093,s-1.103008680,s264.296195159
135_54,s-2.445019493,s-1.715854728,s134.492324380
135_55,s-3.623541261,s-2.009844928,s2.209877090
135_56,s-3.605448129,s1.701980008,s283.871340610
135_57,s-1.617267021,s-2.561157521,s322.688490610
135_58,s-0.875325035,s-1.304095094,s221.940635218
135_59,s1.492016968,s-1.497529689,s182.026754820
135_60,s1.646341665,s1.407957039,s26.628156772
135_61,s4.282200102,s-1.747389081,s118.153711993
135_62,s4.249634374,s-0.790637363,s294.675069182
135_63,s3.810011399,s-2.943119306,s343.636629679
135_64,s6.323347292,s-0.300816393,s218.944835022
135_65,s-7.232436236,s0.801697427,s128.161501123
135_66,s-5.257653702,s1.255485570,s234.235463595
135_67,s-5.666389145,s-0.998855146,s40.854298385
135_68,s-2.064805067,s0.733788730,s142.547745483
135_69,s-0.425641290,s-0.631341563,s259.585560282
135_70,s-0.568798347,s0.254246398,s165.694103630
135_71,s-1.193098313,s1.262200608,s329.711320406
135_72,s0.452785491,s-1.807567188,s134.427656051
135_73,s2.583160876,s-1.356478762,s217.133708320
135_74,s2.228139171,s-2.138564853,s234.765577248
135_75,s2.833741515,s-0.429880448,s128.584371542
135_76,s5.721736549,s0.106527644,s256.301453610
135_77,s6.242898050,s1.118916959,s349.729031798
135_78,s-3.455521494,s2.142296774,s266.458754882
135_79,s-3.203706248,s-0.918117734,s4.527165373
135_80,s-4.629490737,s0.321315257,s293.982229027
135_81,s-2.863364610,s-0.198100816,s176.389853030
135_82,s-3.017599526,s2.077149251,s12.729348542
135_83,s-1.437595479,s0.059447479,s51.519576306
135_84,s-2.136112927,s-0.981838412,s77.272115118
135_85,s2.745395029,s-0.870266179,s240.682786492
135_86,s0.949634308,s1.472627364,s152.652422678
135_87,s3.212266062,s1.694286754,s358.367202771
135_88,s4.436138075,s0.310048754,s125.468870518
135_89,s3.933413508,s0.720681114,s299.910547069
135_90,s6.009630240,s1.384407178,s257.761899334
135_91,s-6.090366148,s0.637054513,s11.746170127
135_92,s-3.515674465,s2.788439152,s184.816726059
135_93,s-4.048078673,s0.957931364,s194.443679173
135_94,s-1.131066755,s2.946013311,s225.967064558
135_95,s-1.867004740,s3.789186580,s75.056395661
135_96,s-1.649831158,s2.165052664,s293.748539337
135_97,s1.487036991,s1.779265230,s51.247842971
135_98,s1.148993889,s2.132189049,s274.653664160
135_99,s2.751325988,s2.584634486,s219.166883235
135_100,s4.150445561,s1.683919789,s307.556828897
135_101,s4.385365412,s1.298568617,s337.630720680
135_102,s4.184171682,s5.011305091,s110.658491979
135_103,s6.243480387,s2.393985621,s312.831117175
135_104,s-6.642298514,s3.292262265,s140.430808515
135_105,s-5.014213863,s3.325250707,s323.988990329
135_106,s-4.230889820,s5.115714156,s146.550883056
135_107,s-1.645155567,s0.812421596,s251.767772924
135_108,s-3.385050353,s2.999123195,s296.568138479
135_109,s-0.981923115,s3.957780749,s122.098327404
135_110,s-0.068602231,s1.348903452,s24.251835401
135_111,s-0.084489647,s3.032769695,s298.869101774
135_112,s0.830218124,s3.550046015,s14.983698005
135_113,s1.094797634,s2.857767394,s342.806055477
135_114,s2.416729291,s4.557710338,s3.127206300
135_115,s5.341749916,s2.840585171,s100.388936568
135_116,s5.170723843,s1.656046810,s85.395527750
135_117,s-5.575950188,s5.037264368,s359.599766472
135_118,s-5.148410485,s4.068026416,s181.042263267
135_119,s-2.942707750,s4.190827799,s118.665572331
135_120,s-2.100942325,s4.687730479,s47.556203629
135_121,s-3.764306765,s5.739688017,s119.679583650
135_122,s-1.442944677,s4.995978341,s65.084794539
135_123,s-0.053509104,s3.861106732,s63.642514110
135_124,s1.099858417,s6.643544937,s85.695770945
135_125,s0.764451647,s4.624121576,s351.524308906
135_126,s2.922292589,s5.954816759,s108.454642093
135_127,s3.732380821,s5.823170350,s28.080610119
135_128,s5.519061736,s3.896701362,s108.491723509
135_129,s6.737217970,s5.127539447,s296.509473652
135_130,s-5.056096801,s7.043541701,s348.547157702
135_131,s-3.951469483,s6.208462299,s114.728651579
135_132,s-3.413378531,s4.827121433,s260.884743079
135_133,s-0.917273376,s5.928242771,s38.168353276
135_134,s-0.798721081,s6.897301000,s186.247642028
136_0,s-5.735116508,s-5.754716348,s342.525190948
136_1,s-5.306666146,s-3.828089899,s27.475147606
136_2,s-3.990252224,s-4.938566578,s21.671059538
136_3,s-2.156731154,s-5.632457162,s247.788783587
136_4,s-1.181980818,s-5.056927141,s331.212648384
136_5,s0.673655689,s-5.505057803,s176.634357276
136_6,s1.513766020,s-7.160459345,s333.371522383
136_7,s3.884837679,s-6.546606810,s95.501217602
136_8,s1.184397719,s-3.097561292,s243.445062013
136_9,s2.591282993,s-3.544261838,s152.646633236
136_10,s3.348332108,s-4.145975701,s313.934913021
136_11,s3.650485136,s-5.109402565,s76.038185907
136_12,s6.820974199,s-4.626518575,s131.953447068
136_13,s-6.997538594,s-1.929472476,s112.374424092
136_14,s-3.724276339,s-3.312498681,s275.083083302
136_15,s-1.359248506,s-4.016968921,s54.449951664
136_16,s-2.839749651,s-4.356479471,s339.314057191
136_17,s-0.284066410,s-5.190718767,s347.542094445
136_18,s0.231360391,s-4.156302834,s64.492105998
136_19,s1.557171561,s-2.193986646,s226.064552348
136_20,s1.787557160,s-4.960182192,s317.008165982
136_21,s3.611831778,s-3.180164173,s161.603875606
136_22,s4.280508838,s-2.706883586,s217.317729849
136_23,s5.304043468,s-6.521206772,s262.385664638
136_24,s6.554289956,s-1.768255261,s244.840012532
136_25,s7.069070457,s-3.936043151,s43.355685513
136_26,s-5.901769608,s-2.674341441,s350.180193758
136_27,s-3.304823429,s-2.346155735,s23.370741835
136_28,s-2.950089309,s0.066626046,s6.527378112
136_29,s-3.426682600,s-3.393304590,s120.025397861
136_30,s-2.086527572,s-3.625012362,s119.441107640
136_31,s-2.709876744,s-2.824076918,s256.750422415
136_32,s-1.295792091,s-2.804287538,s202.835206667
136_33,s1.199910590,s-2.390753787,s180.413605872
136_34,s2.356374952,s-2.355653894,s1.215156383
136_35,s3.389651510,s-1.076340989,s292.460819777
136_36,s5.077315904,s-3.267075922,s292.193910336
136_37,s6.119990139,s-3.768673235,s59.860989225
136_38,s6.882549344,s-0.905666570,s345.454224208
136_39,s-4.565261813,s-1.176805050,s354.601494842
136_40,s-4.986258959,s-2.885715173,s110.698143552
136_41,s-2.430567603,s-1.711242253,s125.884828976
136_42,s-1.156507508,s-2.243199059,s44.485735925
136_43,s0.074112001,s-0.317699464,s210.410745476
136_44,s0.572951365,s-3.175658171,s142.200671631
136_45,s-0.501238949,s-1.433448846,s354.519794520
136_46,s0.304633863,s-1.412793475,s178.206892279
136_47,s1.477647322,s-1.442570014,s200.300058374
136_48,s3.326071194,s-2.062010802,s87.800475558
136_49,s3.830820377,s-1.654158084,s354.399493886
136_50,s6.102760808,s-2.495569726,s223.035756901
136_51,s7.322015973,s-3.133244670,s173.161888153
136_52,s-5.583576314,s-0.717683654,s214.860749124
136_53,s-5.458134839,s0.791265087,s94.063917613
136_54,s-2.832475155,s-0.323554756,s86.352278522
136_55,s-3.607792979,s-2.031096743,s108.545809096
136_56,s-1.048898445,s-0.855444200,s36.533251830
136_57,s-1.588780572,s1.309629946,s136.776414944
136_58,s-1.037198590,s0.250703069,s165.709562929
136_59,s0.931560067,s-0.291559138,s74.605443937
136_60,s1.852872420,s-0.936090289,s265.232427690
136_61,s2.645605681,s1.257334514,s133.473539330
136_62,s4.325855766,s-0.904505437,s341.407904663
136_63,s5.293527322,s0.153024343,s227.227351680
136_64,s5.988891558,s0.174316668,s310.211737208
136_65,s-4.734945859,s-0.075766596,s151.775828265
136_66,s-4.688915237,s0.887438788,s127.471204681
136_67,s-2.736641123,s-1.501956871,s222.185729874
136_68,s-2.290661393,s0.577437569,s16.928992023
136_69,s-1.751365794,s-0.897674079,s211.234730991
136_70,s0.398611990,s-1.100125484,s91.551862975
136_71,s1.236820552,s0.489833885,s147.995593507
136_72,s2.375056846,s0.845695732,s243.877126428
136_73,s2.215631515,s-0.418926544,s4.618411304
136_74,s0.971166515,s2.537453712,s322.957512926
136_75,s3.337908652,s-0.481387149,s241.542820843
136_76,s5.024023882,s-0.624432654,s357.499470259
136_77,s5.502305231,s1.734622567,s266.202824875
136_78,s-6.563622919,s1.893517732,s325.745804589
136_79,s-4.498850095,s3.781459863,s57.502749856
136_80,s-3.285324114,s1.437738573,s235.613799799
136_81,s-1.941748555,s3.600677924,s103.038319534
136_82,s-3.717909245,s0.443452944,s98.760289053
136_83,s-3.364054119,s1.991334979,s41.512351255
136_84,s0.642382596,s2.667159384,s143.769167149
136_85,s-1.687746143,s3.760982160,s301.294585452
136_86,s2.852147675,s3.432415312,s270.403611839
136_87,s3.212773010,s1.123383957,s269.454589482
136_88,s4.821039252,s3.578496672,s325.558053461
136_89,s4.828807816,s4.779712141,s175.548162894
136_90,s4.291353423,s0.844153289,s76.579000401
136_91,s-6.603777147,s3.586354465,s298.193998843
136_92,s-6.433755856,s-0.009679862,s190.667936084
136_93,s-4.519458623,s1.652127123,s184.520731792
136_94,s-1.181070457,s1.735795101,s15.365269774
136_95,s-0.349776237,s0.092324195,s358.945388815
136_96,s-0.502687646,s-1.319422549,s339.651406698
136_97,s1.017860819,s4.198410321,s88.488886112
136_98,s-0.052123153,s1.508464376,s90.242195370
136_99,s2.245273154,s1.395214303,s202.839229074
136_100,s2.373424318,s2.210503157,s174.354480275
136_101,s3.183103892,s1.779994922,s129.496253860
136_102,s6.857137564,s2.584081199,s282.137697938
136_103,s6.881699176,s0.400670699,s32.131880639
136_104,s-6.774970958,s4.717815387,s161.149136654
136_105,s-3.544801152,s4.225170106,s334.281889415
136_106,s-2.992169431,s2.927410480,s288.414367925
136_107,s-2.288352255,s2.623477558,s307.962924864
136_108,s-0.818143038,s3.451327068,s6.446683584
136_109,s-2.581470681,s3.909816898,s237.298059189
136_110,s-0.057028345,s2.636569682,s339.209268612
136_111,s1.719747231,s3.003297755,s84.187379369
136_112,s1.541315274,s3.805115454,s242.976496028
136_113,s1.908289367,s4.000965662,s9.287149222
136_114,s2.837957526,s4.061952034,s277.253264804
136_115,s5.415813265,s3.252945921,s136.292627331
136_116,s7.266640989,s4.009673562,s323.960840216
136_117,s-3.703186700,s4.824355088,s222.199409847
136_118,s-1.560706092,s6.008448691,s196.883750709
136_119,s-3.224200751,s3.905568656,s188.487747232
136_120,s-0.399305388,s1.224660764,s106.972141957
136_121,s0.745746372,s4.948849396,s18.305047703
136_122,s2.338518523,s5.493470802,s272.835868522
136_123,s-0.462847205,s4.192319262,s233.461450899
136_124,s1.186272658,s4.840135130,s168.742064763
136_125,s3.012303448,s6.910682439,s191.988461726
136_126,s3.608771576,s5.167441621,s243.477235805
136_127,s3.874890997,s7.160648505,s165.978522250
136_128,s4.623515662,s5.583945367,s258.332118735
136_129,s5.865963221,s4.664986635,s60.870961432
136_130,s-4.946245923,s5.191970227,s53.652450141
136_131,s-3.790940899,s5.644392280,s196.430472132
136_132,s-3.391684401,s6.933471604,s81.343031558
136_133,s-2.989720619,s7.120059463,s194.242869550
136_134,s-1.192326028,s5.060828176,s131.441645538
136_135,s0.494166123,s5.881511540,s99.789312144
137_0,s-6.351848478,s-5.499387659,s242.295006780
137_1,s-5.488229882,s-6.742480713,s319.609616026
137_2,s-5.457074039,s-4.631370711,s152.148473474
137_3,s-4.439463895,s-4.693629230,s189.700055909
137_4,s-3.200312603,s-5.979481506,s92.944843969
137_5,s-0.035574480,s-5.505016784,s118.583496314
137_6,s0.023258500,s-6.481417718,s343.220254529
137_7,s1.501680433,s-6.087898491,s212.395819860
137_8,s0.584345012,s-4.905375066,s315.315918572
137_9,s2.005921543,s-6.585854196,s122.301185012
137_10,s3.646371020,s-6.525626182,s335.948666041
137_11,s5.106058373,s-3.714487423,s122.519344319
137_12,s5.908872082,s-6.155454070,s43.298047971
137_13,s-6.545225889,s-3.402460486,s121.396714818
137_14,s-3.629231697,s-3.670147080,s49.347806665
137_15,s-1.384384288,s-3.018808723,s86.808886553
137_16,s-2.458975875,s-2.482234572,s125.955280427
137_17,s-1.547037090,s-6.618254021,s66.200944598
137_18,s-0.235565533,s-4.464111578,s70.527415754
137_19,s1.844764842,s-0.409240552,s200.283232139
137_20,s1.760370141,s-3.414835156,s113.942393281
137_21,s3.093023396,s-5.015355356,s73.933857829
137_22,s3.545878740,s-3.161044604,s2.596387605
137_23,s3.783812709,s-3.868337973,s233.459183927
137_24,s6.411547363,s-2.262868102,s104.655220152
137_25,s6.235892105,s-5.956710194,s25.878048804
137_26,s-5.677640319,s-2.585573410,s340.125139769
137_27,s-4.144971288,s-2.569269984,s346.006813114
137_28,s-1.577879648,s-1.895889822,s65.043069564
137_29,s-2.535768637,s-4.221965002,s282.105947525
137_30,s-0.864640013,s-0.558361082,s21.926475168
137_31,s-0.850386868,s-4.567222934,s75.665491184
137_32,s0.102571517,s-3.639672004,s266.862549357
137_33,s1.577858211,s-1.461885282,s321.772907702
137_34,s2.617102941,s-6.235610626,s36.118767853
137_35,s0.155851872,s-6.394456655,s146.739182890
137_36,s4.384172966,s-5.051541684,s172.953880403
137_37,s2.886928795,s-1.908715029,s255.370202184
137_38,s6.367496686,s-4.324538796,s27.939502567
137_39,s-3.912323303,s0.287214656,s157.170051157
137_40,s-5.979423189,s-1.543471676,s347.741988365
137_41,s-3.342343938,s-3.015210983,s81.856187677
137_42,s-4.487932739,s-1.805954999,s118.683689054
137_43,s-2.074483829,s-1.065146450,s235.601931682
137_44,s0.075575109,s-1.960218185,s57.556497404
137_45,s0.241458192,s-3.741094822,s340.528046229
137_46,s2.008539111,s-2.630914506,s84.775501514
137_47,s2.303938635,s-3.619179818,s256.087056365
137_48,s4.833525746,s-1.280475563,s82.321399708
137_49,s4.436109765,s-2.832750939,s348.110654294
137_50,s3.163047501,s-1.275506010,s138.322567855
137_51,s6.363729197,s-2.246444804,s325.498388014
137_52,s-6.346145285,s-2.324416427,s48.812032030
137_53,s-4.254115367,s-0.721327198,s157.499820246
137_54,s-3.521046644,s-0.618323824,s291.820935733
137_55,s-1.392801436,s-0.556514888,s230.510142451
137_56,s-0.790350295,s-2.848507515,s193.967424445
137_57,s-2.354325323,s0.610914920,s330.429025296
137_58,s-0.566365044,s0.046863043,s29.770271872
137_59,s0.615203928,s-0.569569670,s75.204826681
137_60,s3.336276707,s-0.903006693,s355.643337704
137_61,s1.271349954,s0.204390696,s344.196382388
137_62,s1.996171268,s0.299916835,s354.444025431
137_63,s6.411904792,s0.248547524,s129.951722857
137_64,s4.973672136,s-2.334402828,s167.400485538
137_65,s-5.450133353,s-1.012352100,s83.591813695
137_66,s-6.694947864,s0.996037114,s145.895846438
137_67,s-3.625708697,s2.499966083,s204.294203643
137_68,s-2.833950874,s0.096289308,s193.674865469
137_69,s-1.755038258,s0.891538334,s50.172906029
137_70,s-0.096737532,s0.945756639,s112.950291893
137_71,s0.691287859,s0.265997944,s145.587409184
137_72,s1.451760305,s1.185372921,s76.735179115
137_73,s2.274278220,s2.559883272,s257.880357458
137_74,s4.084766192,s-0.657402490,s320.690209044
137_75,s3.780761562,s3.022366319,s321.550116833
137_76,s5.609140251,s2.170748406,s149.603006898
137_77,s6.624728246,s0.519816760,s228.955754133
137_78,s-6.086960559,s-0.075147425,s172.690757722
137_79,s-5.686664414,s2.724410125,s222.014186525
137_80,s-3.168886931,s0.287196881,s316.639384481
137_81,s-2.822969010,s-0.686174811,s177.436637117
137_82,s-2.455085412,s1.759334969,s275.801050659
137_83,s0.283561011,s1.551718555,s194.094963342
137_84,s-2.767419055,s2.945066475,s20.905744096
137_85,s-0.040632648,s0.390005173,s119.515459453
137_86,s1.559217383,s0.607691852,s117.756783236
137_87,s1.768362986,s-1.135313532,s123.828127728
137_88,s2.716244020,s0.311198733,s116.712573810
137_89,s5.362091664,s0.087653250,s25.329156237
137_90,s2.610236341,s0.864669396,s24.019606321
137_91,s-4.816081356,s3.505144096,s298.882658004
137_92,s-5.732134661,s1.366591231,s134.615714124
137_93,s-4.210621735,s1.102695576,s8.748761008
137_94,s-3.033690355,s1.880324204,s40.665710288
137_95,s-1.824838998,s4.811856945,s99.177961773
137_96,s1.558931043,s-0.113261432,s152.191068036
137_97,s0.940909759,s2.515261020,s170.394028574
137_98,s0.223984966,s4.159842165,s8.553394844
137_99,s1.603928262,s2.207336646,s133.600156126
137_100,s2.710971844,s3.346172415,s87.599117674
137_101,s6.450964402,s2.914090360,s57.400173355
137_102,s6.624728246,s1.885952929,s169.939504873
137_103,s5.592267598,s5.265614925,s305.106491898
137_104,s-6.020881125,s1.760869921,s305.481468342
137_105,s-3.180134969,s2.652066229,s280.367979429
137_106,s-1.729457117,s3.472640961,s73.558007950
137_107,s-3.460219185,s0.485713143,s229.711245963
137_108,s-0.323148229,s1.397407742,s268.559375493
137_109,s0.614974341,s3.171363341,s131.895184112
137_110,s-1.560232087,s2.215422393,s350.921754844
137_111,s-1.287128819,s3.965427761,s95.357081447
137_112,s1.917439377,s3.631645834,s258.279406472
137_113,s2.669125023,s5.230452363,s329.845975720
137_114,s1.466109204,s3.063884852,s85.600427324
137_115,s3.007101000,s1.670676374,s315.929687669
137_116,s4.827414332,s0.355819964,s70.455550097
137_117,s-6.333188940,s4.492712121,s277.775177163
137_118,s-4.175256282,s3.812490195,s87.700554142
137_119,s-2.979152505,s3.861941163,s38.259574244
137_120,s-0.625987106,s6.504738103,s270.809963904
137_121,s-2.659739053,s5.265105229,s248.527408164
137_122,s-0.540183237,s4.424242045,s295.302821337
137_123,s0.464267726,s6.406859655,s34.847190186
137_124,s-0.044393753,s3.036425787,s228.233183761
137_125,s1.210367292,s4.847784085,s148.211887694
137_126,s1.742841158,s5.295997768,s289.057696097
137_127,s3.243304579,s6.315286250,s221.893465281
137_128,s3.962343416,s3.282487181,s39.883707961
137_129,s5.468756920,s3.682632911,s329.496617480
137_130,s-5.615794573,s5.040895618,s130.792619843
137_131,s-3.343328670,s6.186431183,s237.375848670
137_132,s-2.514497796,s5.963954351,s50.123160288
137_133,s-1.516766672,s2.646654807,s121.498543271
137_134,s-2.903128936,s5.831943292,s327.207479819
137_135,s1.339443134,s6.453113768,s220.318587059
137_136,s-0.420469750,s4.676710918,s277.430420939
138_0,s-5.647439567,s-3.152389513,s315.718632179
138_1,s-4.820837782,s-6.358626611,s178.369283412
138_2,s-4.440244293,s-5.511916006,s174.381646759
138_3,s-2.779834473,s-6.331492554,s267.030648924
138_4,s-1.479422608,s-6.749147182,s312.039586301
138_5,s-1.202480477,s-4.165612508,s244.824340889
138_6,s0.430561637,s-5.427341624,s239.863844197
138_7,s0.597512316,s-6.904515846,s248.391686146
138_8,s0.685902523,s-6.371797720,s234.059566241
138_9,s2.093391284,s-6.049121196,s188.118803628
138_10,s3.846175523,s-5.543111522,s116.375493798
138_11,s4.519397816,s-6.441805130,s306.068828470
138_12,s5.763993154,s-5.568220361,s142.671220778
138_13,s-6.661163848,s-5.706869655,s120.649522108
138_14,s-5.359816242,s-4.278121070,s84.320658085
138_15,s-2.863577608,s-4.719538900,s210.631482013
138_16,s-2.659120766,s-3.528686841,s169.176760570
138_17,s0.967951273,s-4.913867900,s201.529536949
138_18,s-0.569713248,s-6.278189532,s289.068155635
138_19,s0.831789577,s-2.424221387,s33.825432077
138_20,s0.968270832,s-4.489998809,s260.435352239
138_21,s2.217158384,s-4.348167431,s198.080006943
138_22,s1.537057805,s-4.788450059,s293.366947982
138_23,s3.566255355,s-3.954953164,s281.576722412
138_24,s5.799824269,s-4.729642378,s247.921325043
138_25,s6.074607315,s-3.598251583,s134.403539979
138_26,s-6.355802634,s-2.086422679,s154.101746693
138_27,s-3.157089988,s-3.060196850,s2.366400929
138_28,s-4.206145179,s-0.575274602,s203.602060151
138_29,s-1.821964220,s-4.163547519,s133.581545191
138_30,s-1.599195163,s-1.880715258,s116.687731725
138_31,s-0.892542373,s-3.610295241,s22.340718184
138_32,s1.015065200,s-1.522840253,s107.356665451
138_33,s0.777093730,s0.438779611,s103.765082692
138_34,s1.778008257,s-3.323223049,s64.046607073
138_35,s2.550389987,s-2.998225329,s299.885477679
138_36,s3.529422568,s-2.967723357,s225.875410633
138_37,s4.203447331,s-3.354404698,s260.549355183
138_38,s5.155904197,s-4.428299464,s344.429527931
138_39,s-4.461920191,s-4.067232898,s133.399594520
138_40,s-5.653489043,s-1.192614513,s232.883632863
138_41,s-2.636650835,s-3.488807359,s72.273486402
138_42,s-2.464636892,s-1.777955580,s171.838605025
138_43,s-2.007212160,s-1.177432469,s97.005927223
138_44,s-1.936258512,s-2.949841064,s127.784812139
138_45,s-0.171010699,s-4.607392659,s335.428208316
138_46,s1.514861588,s-2.512161152,s332.878570696
138_47,s1.524993312,s-0.398643875,s313.344735457
138_48,s2.637703120,s-2.133760113,s345.971156230
138_49,s3.353451878,s-1.561518484,s154.119527936
138_50,s6.709435518,s-1.247989288,s33.135008588
138_51,s6.637961987,s-2.260825472,s172.832742025
138_52,s-4.832671584,s-2.609928965,s238.501275308
138_53,s-4.495911353,s-0.555605032,s319.100061244
138_54,s-5.503334527,s0.579725429,s230.168526253
138_55,s-3.189411617,s1.314344087,s270.972586668
138_56,s-4.131364295,s-2.669204563,s87.310356766
138_57,s-0.190209422,s-1.548107200,s142.387196401
138_58,s-1.069290850,s0.196554571,s217.092248269
138_59,s1.849997147,s-2.123861603,s158.950605093
138_60,s0.269802084,s0.537760016,s62.207405356
138_61,s3.589966610,s-0.757629962,s333.211530334
138_62,s2.297221792,s-1.516980080,s300.765506497
138_63,s4.338194447,s-0.705511207,s109.129324837
138_64,s6.139634924,s0.622093758,s228.411624064
138_65,s-6.675417432,s0.116707217,s164.543040614
138_66,s-4.690407337,s1.310238206,s288.523210350
138_67,s-2.765126788,s-0.907938993,s148.193544989
138_68,s-2.167744121,s0.917786014,s66.190516299
138_69,s-2.521907046,s-1.050715604,s207.151244016
138_70,s-1.325584431,s-0.734821065,s320.262171241
138_71,s-0.956787154,s1.770103760,s349.968703740
138_72,s-1.157104800,s-3.324688814,s146.002091328
138_73,s0.355613166,s-0.505597947,s11.109692247
138_74,s3.199730801,s1.731758637,s309.853915826
138_75,s4.490668248,s-1.648479876,s251.298319412
138_76,s4.159096676,s-2.464267273,s155.751293691
138_77,s6.554462541,s0.229247920,s263.554131234
138_78,s-5.351154901,s-0.944924233,s102.134559661
138_79,s-4.695843127,s2.098727357,s91.386062852
138_80,s-3.618716477,s-1.125641549,s159.162811435
138_81,s-2.164131959,s1.086263672,s130.888340870
138_82,s-1.934481911,s2.119742176,s180.684965930
138_83,s-1.915925535,s0.179351623,s27.710359690
138_84,s1.758031182,s2.574327765,s22.228866644
138_85,s0.368028175,s2.066703897,s251.503343213
138_86,s1.106711346,s-0.171602825,s81.748475116
138_87,s3.095668148,s-0.744946956,s49.951537470
138_88,s2.655106260,s3.884395081,s242.282575573
138_89,s3.845895378,s0.036002213,s196.083286282
138_90,s5.463398961,s1.551242100,s262.381774173
138_91,s-6.675417432,s1.913261117,s227.634998553
138_92,s-0.331190062,s-0.614861194,s218.116027700
138_93,s-4.069898258,s2.337485478,s105.676250298
138_94,s-1.327309094,s2.104802081,s254.666088147
138_95,s-0.051332848,s0.118964112,s112.999632269
138_96,s-2.796876088,s2.977275540,s207.603819494
138_97,s-0.371156262,s2.305947337,s47.080671710
138_98,s1.646964663,s4.132807131,s279.651658261
138_99,s2.932851647,s0.459810641,s124.989265210
138_100,s2.220699268,s0.460936307,s159.171169682
138_101,s4.553535064,s1.725964924,s130.909730093
138_102,s5.813691625,s2.612916061,s98.412267335
138_103,s5.055277287,s0.922129094,s18.918299573
138_104,s-5.788566751,s3.218318719,s286.129902504
138_105,s-3.534879257,s0.471686652,s347.855388331
138_106,s-4.851898034,s4.217709187,s214.222239238
138_107,s-2.287499640,s3.838727061,s23.019436119
138_108,s-2.889464413,s2.813892441,s218.755854423
138_109,s-1.063822512,s3.800493575,s247.482563185
138_110,s0.671364598,s2.599310813,s185.192404027
138_111,s1.408459887,s0.984901398,s77.244628231
138_112,s-0.334744825,s5.254815032,s255.310120958
138_113,s2.189866616,s1.510824837,s93.951332459
138_114,s5.047357645,s4.252803641,s94.479010773
138_115,s3.244306242,s3.815397677,s306.646656142
138_116,s5.365846378,s3.273933880,s35.491441134
138_117,s-5.013672804,s4.583141869,s56.764381984
138_118,s-5.660971821,s2.668619607,s86.640124492
138_119,s-3.633453955,s4.038223859,s335.225704673
138_120,s-1.400429179,s5.163455408,s276.188300783
138_121,s-3.770978626,s2.414042337,s10.660907300
138_122,s0.441505591,s3.660714322,s254.308485071
138_123,s-1.097960836,s2.602735789,s300.600215498
138_124,s2.664310087,s4.239297722,s214.109548826
138_125,s2.145962335,s6.430147201,s1.368800517
138_126,s1.265970783,s3.021954458,s172.325957466
138_127,s3.907140442,s6.181358750,s273.073405252
138_128,s5.316135157,s6.291454653,s184.566258345
138_129,s6.827055502,s4.040161504,s16.030003823
138_130,s-6.046956479,s5.130705625,s194.516218859
138_131,s-4.975526820,s5.030506342,s140.665644825
138_132,s-4.572842894,s5.659741070,s19.970597166
138_133,s-2.634781956,s6.286438107,s127.058246460
138_134,s-2.510077942,s5.229437224,s322.276406378
138_135,s-0.746432947,s5.086831433,s164.814707958
138_136,s0.182337887,s5.800767011,s128.035958703
138_137,s2.054736628,s5.311585761,s87.093366138
139_0,s-6.606577330,s-4.995932520,s5.918171904
139_1,s-3.993584821,s-3.680126988,s132.376497746
139_2,s-3.419401235,s-6.442607809,s116.756489699
139_3,s-2.115042732,s-6.149118503,s71.693354502
139_4,s-3.883629167,s-4.487696087,s135.499128387
139_5,s-1.593509764,s-4.265116974,s142.457622279
139_6,s-1.499575927,s-5.670560305,s137.841689840
139_7,s-0.118116775,s-6.533158371,s86.822804698
139_8,s1.140962492,s-5.449219138,s308.092213919
139_9,s2.700066326,s-5.317185095,s244.977224729
139_10,s3.316601402,s-5.090911518,s195.568124345
139_11,s3.367821854,s-6.510737997,s191.028081018
139_12,s5.215572360,s-6.067704832,s130.672886304
139_13,s-6.401474779,s-3.537537227,s150.500861306
139_14,s-3.990809596,s-2.530383947,s170.898933765
139_15,s-2.315281496,s-3.224774194,s90.127136379
139_16,s-2.644354080,s-2.072325312,s17.195632465
139_17,s-3.474443776,s-4.083193548,s188.290404119
139_18,s0.712358409,s-4.584132973,s182.506583839
139_19,s1.108407047,s-1.048211025,s168.053738776
139_20,s0.028895328,s-5.968976544,s231.228482592
139_21,s2.274881608,s-3.411949076,s113.531183221
139_22,s3.315038947,s-3.588271624,s195.501581738
139_23,s5.384288523,s-3.799873709,s266.367005467
139_24,s6.406751917,s-2.115389312,s325.490782830
139_25,s5.153846750,s-3.168677846,s62.017129954
139_26,s-5.236764044,s-0.960570096,s131.842011326
139_27,s-6.656497042,s-5.958500201,s221.077173233
139_28,s-4.236631871,s-0.350710216,s357.612665321
139_29,s-1.988627204,s-6.147060896,s70.665019145
139_30,s-4.130535625,s-1.365802497,s211.818814093
139_31,s-0.395811995,s-2.920910429,s20.199954349
139_32,s-1.264989896,s-1.798601770,s172.137960834
139_33,s2.146260348,s-4.642558856,s351.534683700
139_34,s1.573348810,s-0.436046034,s147.201472171
139_35,s5.475595426,s-1.626517081,s9.134643738
139_36,s4.749742049,s-5.920260527,s125.730912232
139_37,s4.021215044,s-3.417073474,s238.998953091
139_38,s4.525170511,s-2.550147363,s186.000243087
139_39,s-4.156034838,s1.112632624,s45.984633805
139_40,s-5.815678080,s-4.401035239,s309.742572303
139_41,s-1.935676966,s-2.620492144,s333.169625588
139_42,s-2.756561968,s-1.705974236,s89.285276561
139_43,s-1.031757474,s-0.330689389,s281.758530171
139_44,s-1.855897500,s-2.520525863,s243.532016326
139_45,s1.604224217,s-3.520514252,s277.639260276
139_46,s2.342560632,s-0.617719824,s287.499404508
139_47,s2.654511806,s0.058427649,s133.781292551
139_48,s2.796558577,s-2.606970864,s302.070093752
139_49,s4.493139859,s-1.651721076,s153.534702853
139_50,s6.051725244,s-2.290567743,s199.569395044
139_51,s6.155215084,s-0.379914007,s330.283697553
139_52,s-6.250137540,s-2.220489049,s17.825353137
139_53,s-5.073616934,s-2.603097945,s359.674614544
139_54,s-5.587542072,s0.545719210,s214.660683059
139_55,s-4.200347976,s-1.147193060,s183.971924184
139_56,s-2.750601611,s-0.499524540,s343.975223875
139_57,s-0.703996018,s-1.163620776,s141.128571485
139_58,s0.278969548,s-1.800737741,s4.548859811
139_59,s0.439326960,s-2.537041971,s36.294208701
139_60,s-1.108736334,s-0.083174877,s81.974870461
139_61,s0.994910737,s-4.452376319,s149.964297616
139_62,s2.817989116,s-1.187615207,s339.381497003
139_63,s3.399483741,s-1.169238645,s43.420151892
139_64,s6.213042761,s-1.956260221,s161.288488713
139_65,s-6.423823660,s-0.603829034,s162.317858993
139_66,s-5.974225126,s1.140068212,s45.199272139
139_67,s-3.238426103,s0.199646869,s148.056251983
139_68,s-0.279812172,s2.252493668,s233.465192067
139_69,s-2.353025834,s-0.052677001,s189.258260736
139_70,s0.489053929,s0.650054504,s6.068774010
139_71,s0.200607587,s-0.355086707,s233.338013009
139_72,s-0.258849696,s3.658569570,s304.823868629
139_73,s1.136076969,s1.296646230,s102.107927703
139_74,s4.171932938,s0.161286911,s58.646461763
139_75,s2.669340059,s-2.028745418,s249.543709316
139_76,s3.097961749,s2.426075569,s265.175839995
139_77,s6.434698713,s-0.042263035,s130.652943341
139_78,s-6.278899514,s0.847960346,s136.674025914
139_79,s-3.950366195,s2.178556963,s68.768601923
139_80,s-1.469865682,s1.138226255,s139.007458087
139_81,s-4.474610097,s0.040434188,s327.974957963
139_82,s-3.202139565,s-0.620612081,s27.269687465
139_83,s-1.599396237,s0.191614243,s163.942824875
139_84,s-0.869063561,s0.307609389,s153.268429788
139_85,s1.410319469,s0.037269772,s294.579605629
139_86,s3.813665150,s0.418352727,s225.552386211
139_87,s3.001754008,s1.041889403,s251.598558106
139_88,s5.711646201,s-1.207848153,s226.836897585
139_89,s2.544649685,s3.591208858,s254.959629986
139_90,s4.496870873,s1.716798078,s309.982974982
139_91,s-5.077560092,s2.787212895,s99.196004353
139_92,s-3.769905212,s2.979406228,s320.338976220
139_93,s-2.988362027,s1.849554245,s215.619095244
139_94,s-2.533129591,s2.691728221,s293.350355585
139_95,s-0.999753897,s2.869629073,s290.938631962
139_96,s-1.634600814,s3.490069206,s312.347699707
139_97,s0.921461522,s-0.045696383,s311.543344040
139_98,s1.188734550,s3.232963641,s35.942895294
139_99,s2.213051284,s1.591954277,s227.216743437
139_100,s0.877810666,s1.398674690,s14.774004498
139_101,s5.886974621,s2.242802423,s140.145724731
139_102,s1.740119465,s1.656001509,s1.021126685
139_103,s6.196235409,s2.683838679,s227.309424758
139_104,s-5.086265080,s4.233398970,s130.084970255
139_105,s-4.832860437,s1.616848346,s295.186760914
139_106,s-6.046243517,s1.891253068,s113.608310847
139_107,s-4.841594327,s3.966662017,s195.006635463
139_108,s-2.624826450,s1.130034327,s289.119154512
139_109,s0.156805568,s2.374610603,s336.776092884
139_110,s-0.703443334,s4.158351487,s321.894591100
139_111,s0.743546752,s4.541044416,s48.386402527
139_112,s2.281803805,s4.493294084,s85.490996516
139_113,s1.606025978,s2.220836316,s235.619294022
139_114,s2.083040509,s2.739548004,s8.564233213
139_115,s5.627686535,s4.873265528,s130.090671475
139_116,s6.276040731,s0.502927728,s301.968538925
139_117,s-4.763608576,s4.920098802,s236.012011301
139_118,s-4.207700429,s5.413812255,s158.768715527
139_119,s-2.723482123,s3.433636860,s198.604892928
139_120,s-1.479229524,s5.331552158,s347.389619663
139_121,s-2.254948020,s1.817454997,s246.251576465
139_122,s0.199946558,s4.946839547,s58.736009684
139_123,s-0.531417488,s5.220971581,s106.384972321
139_124,s0.730442741,s5.458337813,s336.769296443
139_125,s3.922489080,s3.087270721,s195.800131176
139_126,s2.836497183,s6.460244586,s75.631461780
139_127,s3.746570456,s4.442004787,s178.940002556
139_128,s2.691779597,s5.650309215,s338.651386698
139_129,s4.635890648,s6.298016559,s323.021687645
139_130,s-6.656497042,s5.252572571,s303.511644143
139_131,s-4.280535125,s6.424292352,s233.972364498
139_132,s-2.302238259,s4.362707467,s22.170968005
139_133,s-3.472879875,s6.568306289,s221.330641337
139_134,s-1.805768694,s6.508733932,s349.749334061
139_135,s-0.857967843,s6.243690467,s28.396643458
139_136,s-0.790496679,s6.244676894,s349.009428466
139_137,s1.223276042,s6.078544474,s242.001186125
139_138,s2.330743081,s5.790632673,s228.392670851
140_0,s-6.231007800,s-5.346816842,s192.334426574
140_1,s-5.075031798,s-5.452868887,s246.758905955
140_2,s-3.994806763,s-2.906778220,s81.755593819
140_3,s-3.751490071,s-5.169609535,s189.401146242
140_4,s-1.318089841,s-5.230526179,s299.617351927
140_5,s-0.844609736,s-3.687668970,s120.826859102
140_6,s1.584800994,s-4.587500099,s353.292440763
140_7,s-0.270131377,s-7.247817927,s220.155304891
140_8,s0.931130462,s-5.823473326,s339.212209181
140_9,s2.198692762,s-4.486754517,s206.792779537
140_10,s4.925185481,s-7.000490596,s214.152829035
140_11,s3.890927511,s-5.127313510,s46.920053568
140_12,s5.731668794,s-6.543661962,s346.907910372
140_13,s-5.697506713,s-3.521258618,s286.624017562
140_14,s-5.713651188,s-1.917338557,s355.560467296
140_15,s-2.916607914,s-3.550735682,s338.968588697
140_16,s-2.603974026,s-5.508010226,s288.422629437
140_17,s-1.519595400,s-2.940620432,s6.854807134
140_18,s-0.669388880,s-2.520347163,s19.762578332
140_19,s0.095908717,s-5.527401319,s310.444228752
140_20,s-0.149038136,s-3.423497950,s78.076148531
140_21,s3.923688994,s-0.630488452,s189.719591125
140_22,s3.191883707,s-4.390009462,s21.245316581
140_23,s4.664554031,s-2.679718426,s4.084864645
140_24,s6.008672031,s-4.595821557,s322.057353811
140_25,s7.006126435,s-4.961359665,s310.080833217
140_26,s-6.416043987,s-3.005633207,s97.714388365
140_27,s-4.126667716,s-4.856647597,s56.291822538
140_28,s-4.893237919,s-2.427885173,s110.346200075
140_29,s-3.418365322,s-2.043999024,s183.316739615
140_30,s-1.166709630,s-4.216134636,s108.213538052
140_31,s-3.146237638,s-3.364139218,s223.670558204
140_32,s-0.358617088,s-1.266557378,s196.336617575
140_33,s0.967954867,s-3.440243908,s266.823054837
140_34,s2.198567147,s-5.855460280,s51.192468533
140_35,s2.011668064,s-2.715563265,s95.428564286
140_36,s2.686218469,s-3.312387076,s109.681812519
140_37,s5.601995805,s-2.339161697,s135.722058877
140_38,s6.360368903,s-1.815302238,s260.730081837
140_39,s-7.059330328,s-1.563288157,s195.846980340
140_40,s-4.079700496,s-2.103621279,s157.714808382
140_41,s-5.440348361,s-0.493230038,s89.651231659
140_42,s-1.820580035,s-1.197621848,s191.123729921
140_43,s-1.301855344,s-1.508228415,s88.435541088
140_44,s-2.208569237,s-2.960787747,s148.666610577
140_45,s-0.398131073,s-0.497413503,s143.426245876
140_46,s1.583886759,s-2.226355404,s199.905674212
140_47,s0.695219158,s0.224900441,s18.845745394
140_48,s3.580458423,s-2.956469267,s72.112830419
140_49,s4.889258641,s-1.613788039,s356.382600202
140_50,s7.444572419,s-1.582238264,s218.397671086
140_51,s7.119515787,s-0.174705986,s223.810537147
140_52,s-7.331062387,s-3.110358424,s49.729696962
140_53,s-5.526309673,s1.020627999,s103.832100933
140_54,s-2.811003081,s-1.653835226,s42.110244176
140_55,s-2.542018934,s-2.376222739,s75.245382849
140_56,s-1.969375011,s-0.057792500,s219.949396937
140_57,s-1.269501750,s-0.382547910,s12.432652178
140_58,s-0.748349101,s0.272666327,s132.457507755
140_59,s0.001563553,s-3.358412285,s184.513342197
140_60,s0.755762501,s-1.594785939,s98.899457474
140_61,s2.035170932,s-3.218726223,s102.319590933
140_62,s3.798038388,s0.348227822,s4.005685552
140_63,s5.390838964,s-0.874682842,s142.784220946
140_64,s6.651253749,s0.679466678,s137.586765935
140_65,s-5.407520221,s1.551796264,s52.123571326
140_66,s-3.824750186,s-0.021556022,s267.503199960
140_67,s-3.296232163,s2.242059775,s151.421048096
140_68,s-4.335484430,s-1.041501393,s353.499839778
140_69,s-2.195704758,s2.254861518,s185.139937940
140_70,s0.739461352,s0.287258492,s23.192843680
140_71,s1.668312076,s0.312363999,s179.835195528
140_72,s2.438103649,s1.518955486,s22.254842440
140_73,s2.452820486,s2.858511652,s34.693106234
140_74,s1.941791929,s-0.892366686,s87.832836195
140_75,s4.791962045,s1.839496560,s233.987558291
140_76,s5.492588163,s0.300841787,s73.489072503
140_77,s7.004044260,s0.899721924,s67.564421826
140_78,s-6.697016040,s0.581844338,s219.225958862
140_79,s-5.753729226,s2.568222126,s56.100284230
140_80,s-3.048785718,s1.185335896,s212.997268338
140_81,s-2.924402577,s-0.794604014,s254.107941560
140_82,s-2.980796545,s2.884772296,s115.864562471
140_83,s-2.387366254,s0.895583930,s167.391036237
140_84,s-0.359718568,s0.006323165,s211.790351304
140_85,s-0.000255198,s1.809538230,s273.809074602
140_86,s1.624192202,s4.251073865,s117.857425147
140_87,s4.081308976,s1.750991039,s47.117993435
140_88,s2.893257595,s0.156448328,s283.183703010
140_89,s4.055097157,s-1.388303556,s10.126900016
140_90,s4.934186581,s1.202076151,s256.549520504
140_91,s-4.541809718,s3.774903656,s211.988045413
140_92,s-4.901832609,s5.884482940,s350.958667041
140_93,s-3.277878605,s3.946885353,s56.083152155
140_94,s-4.691779926,s2.407322104,s98.362777137
140_95,s-1.148649805,s1.012129000,s154.865450331
140_96,s-1.744983133,s5.317878271,s260.291247754
140_97,s-1.453340535,s2.480328886,s234.695725705
140_98,s0.946457029,s1.287636400,s309.133346475
140_99,s2.070405388,s3.602125832,s156.264639493
140_100,s4.328050520,s3.330021543,s132.000914087
140_101,s1.872289123,s4.818918629,s219.192986066
140_102,s6.240149655,s0.921700353,s190.217365811
140_103,s6.924642196,s1.568380782,s76.879658080
140_104,s-6.893695948,s2.217175535,s340.222071513
140_105,s-6.692809332,s4.335107646,s203.688766229
140_106,s-4.133366766,s0.526409241,s2.953400609
140_107,s-0.346571579,s3.079965907,s203.687534181
140_108,s-3.045765029,s3.498813031,s25.291616832
140_109,s-0.148409968,s3.100127890,s219.543718608
140_110,s0.445103982,s2.993234757,s171.973588624
140_111,s1.670594520,s2.471942873,s211.170582395
140_112,s3.273176805,s5.514339870,s92.505043165
140_113,s2.682068697,s0.911633459,s22.598692555
140_114,s4.310242750,s4.487529949,s248.237216886
140_115,s3.926005823,s2.346117335,s112.836419491
140_116,s4.794123786,s3.340965865,s356.357028710
140_117,s-6.516972527,s4.531467096,s169.445089788
140_118,s-4.515850719,s4.517331489,s34.348356628
140_119,s-3.719887280,s4.179960316,s201.793839840
140_120,s-2.126521580,s5.918196416,s251.740632301
140_121,s-2.051316807,s3.499080729,s208.724740918
140_122,s-2.682386057,s5.233610791,s25.296614032
140_123,s0.266803936,s4.566499175,s239.829397212
140_124,s0.914822864,s4.242642771,s274.548321484
140_125,s1.686492259,s4.820275677,s139.495187830
140_126,s2.820728083,s7.509934842,s86.434506751
140_127,s4.568810912,s5.412291572,s300.187341675
140_128,s5.179930494,s6.285591790,s152.224481017
140_129,s5.955326908,s3.352518837,s310.023605634
140_130,s-5.713669444,s6.655359054,s184.888197898
140_131,s-6.216574894,s5.733183282,s115.168440025
140_132,s-3.867075497,s7.362361964,s278.910629227
140_133,s-3.033778743,s4.829025133,s195.909747204
140_134,s-2.549779773,s7.453672234,s68.545090032
140_135,s-0.981153025,s6.804177144,s260.554296858
140_136,s-0.816701946,s4.144588830,s130.026358175
140_137,s0.803998459,s5.261297665,s332.202982298
140_138,s1.863379329,s5.384240997,s326.037969792
140_139,s3.662513309,s6.122142000,s170.313840985
141_0,s-5.995241895,s-5.441652269,s245.990601732
141_1,s-4.540917685,s-4.236635396,s30.355050033
141_2,s-3.444223169,s-5.936736418,s114.952550307
141_3,s-3.232813477,s-5.135285024,s356.124027111
141_4,s-3.039225771,s-6.942715979,s123.089170501
141_5,s-1.249190106,s-6.038132883,s79.864626903
141_6,s1.227581242,s-5.849210072,s169.147368728
141_7,s2.209097592,s-6.647607245,s125.650144856
141_8,s1.860023988,s-4.457249337,s314.247233608
141_9,s1.433712825,s-6.580240232,s46.248703226
141_10,s3.966501741,s-5.371371071,s261.022515648
141_11,s3.535265181,s-7.072240488,s211.314684770
141_12,s5.961507302,s-6.171840997,s92.615457989
141_13,s-5.600773441,s-2.416898503,s295.291655547
141_14,s-5.872627673,s-0.451973025,s169.579576690
141_15,s-4.235200347,s-3.965150278,s298.672854526
141_16,s-4.490124432,s-4.452801826,s238.824917057
141_17,s-1.839116428,s-4.489321345,s38.682220944
141_18,s-0.838657199,s-5.910400018,s12.064693541
141_19,s1.012358331,s-2.718546639,s32.245253150
141_20,s-1.591330759,s-4.064802984,s100.509683545
141_21,s-1.279034697,s-4.881621524,s280.089886295
141_22,s1.881868619,s-2.446857344,s3.672858490
141_23,s6.958280714,s-5.190465678,s181.771935173
141_24,s3.862594134,s-3.453854407,s121.073593072
141_25,s5.982506256,s-3.198684080,s95.675739630
141_26,s-6.428540309,s-3.868672657,s238.456469725
141_27,s-6.959231866,s-2.374105682,s4.581838908
141_28,s-2.713542836,s-2.651026423,s12.177744226
141_29,s-2.117117922,s-3.061515572,s61.280306164
141_30,s0.973692844,s-4.927509217,s11.033514379
141_31,s-0.228513001,s-3.188580444,s99.057490244
141_32,s-2.793191841,s-3.331079919,s75.652210633
141_33,s0.201139985,s-1.701495596,s30.657951738
141_34,s3.463098155,s-1.873840166,s266.124922015
141_35,s3.280468913,s-4.366300833,s112.748899980
141_36,s3.993404281,s-5.991581090,s236.652336650
141_37,s3.496617043,s-3.027365059,s26.727491612
141_38,s5.002854633,s-2.199611468,s116.310204732
141_39,s-5.879433605,s0.248317594,s331.428422826
141_40,s-3.085415041,s-2.284617588,s47.733422904
141_41,s-4.003411716,s-2.532448279,s21.924269356
141_42,s-2.502554240,s-0.497478318,s72.142119174
141_43,s-1.626587509,s-2.851852598,s44.506510558
141_44,s-0.312675649,s-0.110002642,s46.025425826
141_45,s0.080891378,s-2.630389394,s111.993589834
141_46,s2.129727954,s-1.785694972,s118.510174095
141_47,s1.454474590,s-1.599322953,s67.867495092
141_48,s1.169794480,s1.735041056,s202.259288191
141_49,s4.935277006,s-3.180686124,s199.289306846
141_50,s5.064378183,s-0.604172652,s313.579222580
141_51,s6.702992635,s-2.761843825,s348.131545990
141_52,s-6.796658089,s-3.087410326,s272.119667433
141_53,s-4.260122172,s-1.279690459,s46.980845378
141_54,s-4.002982576,s0.448781745,s0.862639802
141_55,s-1.658179966,s-0.661873643,s165.188764017
141_56,s-1.843537849,s-1.774439511,s87.615589461
141_57,s-0.246238629,s-1.625035160,s292.866018103
141_58,s-1.313627351,s-1.215536887,s226.654980439
141_59,s0.591296018,s-0.897104924,s232.131003018
141_60,s1.839917378,s0.657871487,s160.697194690
141_61,s1.441985872,s-4.481867896,s286.381572728
141_62,s2.491294882,s-1.279764228,s94.881208870
141_63,s3.728217425,s-0.735539138,s341.285018980
141_64,s5.895831929,s-1.005240848,s284.499936816
141_65,s-7.037962971,s-0.351772992,s316.038609282
141_66,s-5.276406486,s0.099135179,s322.738199689
141_67,s-3.496620482,s-0.101374681,s42.155194416
141_68,s-2.841387535,s-0.055068524,s247.745895514
141_69,s-2.225794920,s1.907209951,s130.353979310
141_70,s-1.065321269,s-0.387607273,s120.384353320
141_71,s-2.300484893,s0.421398218,s278.714681681
141_72,s0.781096437,s-0.054247057,s132.398537584
141_73,s1.731064186,s-1.077539915,s113.598343672
141_74,s3.793201961,s-2.042334829,s200.931901815
141_75,s6.201963123,s2.705180955,s12.570280467
141_76,s6.422243096,s1.176260029,s44.967438139
141_77,s6.797793241,s-0.364924815,s56.226403821
141_78,s-4.913225326,s1.108670192,s341.063148523
141_79,s-5.341469196,s1.940715862,s217.443876117
141_80,s-3.257533967,s-1.684135471,s341.803335757
141_81,s-3.335575295,s1.035078994,s105.064391721
141_82,s-2.179898382,s2.816434262,s95.196293989
141_83,s-0.030702085,s1.929370167,s82.731872570
141_84,s1.131570993,s3.025563200,s46.601942191
141_85,s-0.141777170,s0.232321070,s343.283910406
141_86,s2.786698014,s2.646579120,s138.702800946
141_87,s3.220972862,s0.449778684,s347.429892508
141_88,s3.688164785,s0.180402086,s144.562251576
141_89,s3.419418246,s1.675246295,s61.295377521
141_90,s4.324114519,s0.347892926,s131.883634351
141_91,s-5.621283543,s2.965714576,s58.243745018
141_92,s-3.122441839,s3.355371229,s328.349847374
141_93,s-3.075646025,s1.680376086,s76.918928396
141_94,s-3.125349946,s4.629640698,s248.203956056
141_95,s-2.546378151,s0.463472215,s165.616830005
141_96,s-0.081391920,s2.696409671,s125.673542034
141_97,s-1.587455378,s0.617010984,s20.806549381
141_98,s1.144783691,s-0.015365425,s243.801579090
141_99,s1.695792679,s3.209593899,s194.227812104
141_100,s0.547422801,s1.509854691,s218.709450811
141_101,s4.385647228,s3.895870675,s230.585151196
141_102,s2.448134952,s1.941567058,s90.553202463
141_103,s6.722891382,s1.829314480,s4.907497910
141_104,s-6.050865524,s3.644023234,s49.591416815
141_105,s-6.954117639,s1.055605391,s174.327391502
141_106,s-4.315735451,s3.472764572,s157.906423483
141_107,s-4.566926889,s1.857352444,s95.230096988
141_108,s-1.225966198,s4.345496020,s273.300658274
141_109,s-3.354777525,s2.825587902,s227.253906316
141_110,s-0.056325671,s4.372398594,s109.719809296
141_111,s0.923489010,s1.001227549,s116.984614876
141_112,s0.285293440,s3.155315427,s8.182710550
141_113,s3.031927845,s3.949411491,s148.676315920
141_114,s1.807324924,s0.912461618,s51.226586212
141_115,s4.587453705,s4.750691589,s347.103420490
141_116,s4.857850947,s3.827255093,s307.975353597
141_117,s-6.252935607,s4.752106209,s88.098302472
141_118,s-5.756729212,s4.019758179,s11.153689255
141_119,s-4.197316688,s5.457057331,s144.174795506
141_120,s-3.920865063,s4.212698020,s96.062658931
141_121,s-1.009494954,s5.070001224,s305.621037905
141_122,s0.777684030,s5.589523737,s73.033260062
141_123,s-0.236945445,s4.835021712,s242.840117386
141_124,s0.891997078,s4.263946476,s183.909553218
141_125,s2.626447959,s7.047414411,s27.704360419
141_126,s1.045001117,s3.759484674,s196.628487786
141_127,s3.800356152,s4.042248458,s121.289004252
141_128,s4.136166840,s6.511994567,s155.433470410
141_129,s6.974292474,s2.677005521,s38.678764122
141_130,s-5.773256079,s5.686700338,s88.591919352
141_131,s-5.420265009,s6.106231681,s256.226402886
141_132,s-5.572415067,s4.589682881,s125.299331791
141_133,s-2.239895256,s5.386537285,s47.964095624
141_134,s-3.595223576,s6.477667045,s244.635412542
141_135,s-1.067113640,s6.011917670,s57.576045384
141_136,s-0.445576397,s6.701123512,s26.106126693
141_137,s0.095309279,s4.466983063,s271.272034628
141_138,s1.751203458,s6.756240991,s32.664051127
141_139,s0.390828587,s6.994427747,s37.135406058
141_140,s1.400688596,s4.914531784,s338.213100064
142_0,s-5.656730577,s-5.734837972,s216.149513119
142_1,s-3.067639566,s-6.072165170,s178.992422826
142_2,s-3.621787123,s-7.300125132,s339.647590030
142_3,s-2.036745202,s-5.683266818,s253.675242593
142_4,s-2.634092027,s-7.438050151,s36.477522583
142_5,s-1.859007431,s-4.628147852,s123.921956173
142_6,s-0.472751572,s-5.439439444,s64.485405472
142_7,s1.560958562,s-7.195500895,s92.087006922
142_8,s1.570730058,s-6.185758462,s3.722542143
142_9,s2.182324701,s-4.547578813,s2.344068161
142_10,s4.157867881,s-7.051837557,s19.025029466
142_11,s4.470441581,s-5.682208220,s141.259172093
142_12,s6.658382652,s-7.302551839,s44.983370470
142_13,s-6.504209457,s-3.197571288,s254.708098832
142_14,s-2.767278687,s-4.079643473,s205.432095625
142_15,s-2.078786817,s-5.377165972,s163.416373639
142_16,s-3.924330298,s-2.274279993,s265.391749785
142_17,s-0.657372473,s-2.724224594,s37.980055936
142_18,s-0.869079977,s-3.660710586,s51.285077918
142_19,s-0.000360463,s-4.635754299,s227.987421660
142_20,s-0.078418020,s-6.002946292,s195.455968797
142_21,s1.443238702,s-4.642270467,s110.133959687
142_22,s3.532670926,s-5.304510046,s59.811262494
142_23,s4.463267236,s-3.797381090,s336.933159090
142_24,s4.329963458,s-4.808362769,s189.465898633
142_25,s6.700355096,s-4.823461179,s214.524914242
142_26,s-6.868506693,s-1.754705890,s88.270947262
142_27,s-4.236456484,s-5.190256929,s332.640863866
142_28,s-2.888018779,s-1.783643940,s147.590673935
142_29,s-5.341010288,s-3.736769623,s112.688649090
142_30,s-1.758508187,s-3.894041049,s140.000106464
142_31,s-2.827065532,s-3.006494670,s16.285239580
142_32,s0.490082047,s-1.752813390,s9.573176122
142_33,s0.453354749,s-4.058588127,s100.928417413
142_34,s1.363931999,s-3.703326680,s263.370500433
142_35,s2.625770517,s-2.708418398,s193.768625901
142_36,s1.914505893,s-3.538860216,s2.616519341
142_37,s4.724577562,s-2.674056233,s205.521545083
142_38,s6.897514425,s-2.297261520,s335.114671829
142_39,s-4.826902025,s-2.224668978,s244.334702705
142_40,s-4.371142463,s-2.319703259,s112.196643871
142_41,s-2.791441092,s-1.888088533,s189.496574643
142_42,s-1.007630298,s-2.748997794,s10.022792071
142_43,s-3.259295119,s0.098512928,s207.766162453
142_44,s-0.455772722,s-3.634801001,s275.127130435
142_45,s1.315338394,s-2.530559447,s227.635971900
142_46,s1.920200026,s-2.640941916,s305.665683357
142_47,s3.699017357,s-2.314680401,s319.027633999
142_48,s4.683371877,s-2.088524881,s91.127379737
142_49,s4.701177430,s2.972370942,s65.057283469
142_50,s2.641822523,s-0.649665297,s39.311387595
142_51,s6.333962643,s-1.012180707,s231.969371923
142_52,s-6.903283558,s1.111908614,s297.011793076
142_53,s-4.389594625,s-1.193205861,s63.825690044
142_54,s-2.251230565,s-1.093501832,s239.024329478
142_55,s-0.840352955,s-1.512582575,s332.523592949
142_56,s0.453557728,s-1.285141583,s138.780927558
142_57,s0.875412380,s-0.715903879,s219.687805357
142_58,s0.166205436,s0.614379071,s44.158764850
142_59,s2.158113930,s-1.609441719,s277.906856416
142_60,s1.015407856,s-1.145641153,s101.206018823
142_61,s2.741137129,s0.051781108,s184.009282821
142_62,s1.880093135,s-2.094713609,s72.058139751
142_63,s5.711831179,s-5.368611294,s93.249043730
142_64,s5.046964072,s-1.233354482,s353.864955984
142_65,s-5.987884840,s-0.950605480,s208.317229835
142_66,s-4.583497006,s0.030592373,s299.607967981
142_67,s-1.279661426,s-1.399561312,s65.459533126
142_68,s-4.577023663,s-0.424445101,s138.434034480
142_69,s-1.396851887,s-2.562539309,s21.206229896
142_70,s-0.393411448,s1.357421650,s140.917989664
142_71,s-1.377994640,s2.941950110,s247.363729330
142_72,s-0.111829096,s-0.438952588,s28.425529600
142_73,s2.448127007,s1.484853539,s352.961092272
142_74,s4.208267148,s-0.245117022,s321.345932573
142_75,s3.711210513,s-1.852648931,s47.651729568
142_76,s5.717825045,s1.837554280,s201.522894737
142_77,s7.394211889,s-1.173291786,s106.515998021
142_78,s-5.706263951,s0.054585684,s253.082264091
142_79,s-4.664857902,s1.884200281,s348.304962965
142_80,s-2.952580545,s1.314005653,s312.950542929
142_81,s-3.658680427,s2.251385517,s183.139344751
142_82,s-2.354582372,s0.187120834,s314.848688554
142_83,s-0.964581094,s-0.232329455,s311.489514429
142_84,s0.876663993,s0.049457531,s233.245727416
142_85,s-0.093695630,s1.548460458,s9.947483893
142_86,s3.260439731,s2.928331764,s234.358282573
142_87,s1.883240268,s0.469889195,s318.641040575
142_88,s4.251041888,s1.047287724,s12.725165427
142_89,s5.878104969,s-0.652726250,s260.259918920
142_90,s7.025781267,s1.606862451,s196.411757732
142_91,s-5.398753403,s1.399762303,s34.931925595
142_92,s-3.800979161,s2.603083047,s182.002799129
142_93,s-4.294015530,s3.401575873,s130.544054346
142_94,s-1.378611169,s0.784772255,s217.595942267
142_95,s-1.145895510,s0.447175135,s267.871516072
142_96,s-1.654518464,s1.274589320,s268.977881340
142_97,s-0.957332407,s4.601107963,s208.127237924
142_98,s0.153839626,s2.310035508,s65.863072716
142_99,s2.788318619,s4.309071753,s271.094131418
142_100,s1.873825886,s5.714732185,s91.269961790
142_101,s4.152575250,s2.968611050,s64.288851207
142_102,s3.310458983,s2.469582099,s325.283603131
142_103,s7.009327323,s2.068731259,s304.561383348
142_104,s-5.640478148,s1.771861195,s189.417159306
142_105,s-4.756161589,s3.182523647,s177.459101634
142_106,s-2.710104816,s3.902179867,s189.511977035
142_107,s-2.092489815,s3.392179191,s135.697109048
142_108,s-0.917319236,s3.198301559,s214.886870799
142_109,s-2.706232021,s1.904755813,s187.252505690
142_110,s0.828756863,s3.806202758,s59.110548747
142_111,s-0.093011123,s2.935155629,s18.352284014
142_112,s1.027199751,s5.720328174,s308.910859029
142_113,s1.205185635,s0.852908225,s335.965177071
142_114,s3.251035808,s0.450792508,s344.776851278
142_115,s5.813650056,s3.824155294,s341.231986182
142_116,s6.164265439,s2.870163166,s183.266264018
142_117,s-3.893408541,s5.627966022,s253.603533017
142_118,s-5.134968165,s3.558934358,s14.103729295
142_119,s-3.959579206,s4.455654317,s204.502719706
142_120,s-3.765692603,s4.247954514,s141.976699363
142_121,s-2.713819108,s5.669364708,s184.432754436
142_122,s-1.463884631,s4.436088562,s353.606114619
142_123,s-0.923821723,s1.974268698,s123.161199604
142_124,s0.001395079,s5.699666489,s346.310203413
142_125,s1.927117949,s3.106897400,s88.808194681
142_126,s4.293401347,s4.540516453,s144.322592121
142_127,s4.877358826,s3.632366860,s63.606116872
142_128,s5.209704518,s5.838239347,s296.339971105
142_129,s6.896058202,s5.228993246,s244.219558024
142_130,s-6.987218192,s2.075773575,s12.159487957
142_131,s-5.869793824,s6.658779226,s193.002159799
142_132,s-3.581441290,s6.375639806,s41.698486411
142_133,s-1.812393812,s3.509695345,s50.052159756
142_134,s-4.832549827,s6.942402152,s331.601012662
142_135,s-0.140991783,s6.927804316,s314.027859123
142_136,s0.816998502,s4.374578611,s352.680937137
142_137,s1.776017547,s2.829278769,s186.392557663
142_138,s0.358768991,s6.834266797,s224.394191161
142_139,s2.456523425,s6.061216513,s92.407950326
142_140,s5.405255767,s4.574685143,s244.202623358
142_141,s6.570901643,s6.004442098,s105.406679629
143_0,s-5.783777321,s-5.933415470,s179.312716762
143_1,s-4.535387045,s-6.534988605,s197.575828343
143_2,s-3.518400091,s-4.533875978,s29.310222242
143_3,s-2.761149089,s-6.877632111,s326.091188425
143_4,s-2.848954464,s-5.895707185,s36.490647297
143_5,s-0.657926854,s-6.500856746,s168.142273992
143_6,s-0.513588296,s-5.327521942,s357.595001534
143_7,s0.770951909,s-7.382566751,s333.320708681
143_8,s0.805374660,s-5.893901487,s88.534852690
143_9,s2.864917855,s-6.972549993,s163.958223838
143_10,s3.653595601,s-6.102734813,s313.953726603
143_11,s4.413616604,s-7.503157114,s246.634518825
143_12,s5.716296956,s-4.009295165,s318.197268163
143_13,s-7.367063594,s-3.024226503,s56.489908857
143_14,s-5.059831926,s-4.206548807,s286.038611329
143_15,s-5.108936560,s-0.959372841,s353.654734604
143_16,s-2.168188783,s-5.200983577,s238.242929506
143_17,s0.400115689,s-2.632299368,s284.868656868
143_18,s-1.306673165,s-5.359626424,s4.015873447
143_19,s1.062111060,s-2.989240394,s345.665823888
143_20,s1.761001854,s-2.875946926,s51.507138556
143_21,s3.229757872,s-5.386747309,s129.367371235
143_22,s3.782648376,s-4.744004623,s352.637051581
143_23,s4.216341274,s-4.938728167,s336.066398241
143_24,s4.585011935,s-1.437247248,s202.219947000
143_25,s6.146383604,s-5.643766397,s179.627065372
143_26,s-3.907477426,s-3.009144075,s113.328102972
143_27,s-6.204392941,s-3.922663454,s92.933044272
143_28,s-2.403800105,s-3.612476594,s34.318345344
143_29,s-4.153140043,s-4.198784184,s11.619116871
143_30,s-1.451495158,s-3.182281642,s83.565350791
143_31,s-2.047435533,s-2.047437850,s121.927256746
143_32,s-1.982414473,s-4.102509357,s255.746746254
143_33,s1.631449404,s-1.812434859,s41.945651538
143_34,s0.611366426,s-4.672033021,s300.052423828
143_35,s3.391262878,s-3.980584609,s140.061044868
143_36,s3.359072060,s-2.149326488,s109.521512642
143_37,s4.374416539,s-3.787658631,s56.107246679
143_38,s7.148043455,s-3.187340302,s96.562280748
143_39,s-6.018761339,s-1.756572820,s258.262139533
143_40,s-4.364366197,s-0.971045375,s305.928747983
143_41,s-3.258622876,s-2.304850396,s218.829617185
143_42,s-3.326161112,s-1.213355467,s309.495839277
143_43,s-1.013099077,s-2.414733775,s71.292952733
143_44,s0.281554544,s-3.911769197,s267.872912240
143_45,s-0.018599253,s1.643821725,s33.168939546
143_46,s0.558020911,s-1.636537316,s109.899035134
143_47,s2.698729066,s-0.373660707,s203.540859799
143_48,s2.035803625,s-2.473283982,s281.254958493
143_49,s3.697875127,s-1.531181354,s152.994137629
143_50,s5.584478273,s-2.259999125,s282.282899544
143_51,s6.901260787,s-1.428734646,s217.424800507
143_52,s-7.496388569,s-0.004131630,s30.677561276
143_53,s-7.399531977,s-4.541327901,s117.483534065
143_54,s-6.229250980,s-0.530111708,s102.990712648
143_55,s-2.079589133,s-1.197272119,s213.725897175
143_56,s-1.802244726,s-0.681712191,s85.980788703
143_57,s-0.583813879,s-1.741201068,s105.200761041
143_58,s-2.842218796,s0.300776640,s70.090760699
143_59,s0.893299783,s-0.360758661,s145.469641106
143_60,s2.369602618,s-0.893940020,s298.091561668
143_61,s3.220934728,s-0.954726712,s288.420775115
143_62,s3.928039141,s-0.470231434,s351.099505660
143_63,s4.852818282,s0.315492054,s60.057054741
143_64,s6.501023893,s-1.502443627,s331.201678695
143_65,s-6.978352187,s-1.164283750,s128.980193894
143_66,s-7.423685447,s2.400282590,s82.002565187
143_67,s-3.299926549,s1.783164366,s188.742954768
143_68,s-3.609294822,s0.336325653,s358.591701117
143_69,s-1.739735476,s0.831168761,s70.154590818
143_70,s0.275574137,s-0.400687388,s109.828648835
143_71,s-0.620136007,s1.988058410,s173.610806831
143_72,s-1.124736197,s-1.071643939,s305.781984879
143_73,s0.667579964,s0.884902318,s83.526373816
143_74,s1.397554491,s0.296950212,s359.701102372
143_75,s2.473972741,s0.215056809,s35.907102016
143_76,s2.799543329,s1.578194779,s307.953052489
143_77,s5.713527609,s0.109209784,s40.420799133
143_78,s-7.513775685,s0.406209717,s302.446912729
143_79,s-3.548066043,s-0.390894435,s120.146061083
143_80,s-4.807316826,s0.954158603,s271.081231516
143_81,s-3.156553883,s-0.857041471,s340.582745655
143_82,s-3.320998601,s0.923130867,s56.159332148
143_83,s-1.420440369,s1.474527980,s209.762750622
143_84,s0.572786865,s1.967572279,s71.191001535
143_85,s0.793300819,s2.605279044,s293.201276219
143_86,s1.761915228,s1.136768638,s172.755765422
143_87,s2.743857296,s3.243176025,s271.687163235
143_88,s3.751012150,s2.691196917,s334.278603123
143_89,s4.718453765,s0.830317771,s89.165168171
143_90,s5.663108491,s-1.114332472,s86.050915842
143_91,s-7.051775764,s2.765892069,s146.620286364
143_92,s-5.618098913,s2.755190610,s118.276536388
143_93,s-5.882754078,s1.366183161,s151.554566803
143_94,s-2.152725889,s1.519439356,s269.591198243
143_95,s-0.898147379,s2.057875093,s300.695730523
143_96,s-1.193278757,s3.520246164,s171.345981200
143_97,s-0.277908869,s2.981040026,s58.265076645
143_98,s0.376548547,s3.889584324,s352.859116804
143_99,s1.274472419,s1.894692972,s75.028360754
143_100,s2.054157366,s4.226514938,s194.193503869
143_101,s4.676631627,s2.185112549,s22.132653447
143_102,s7.453323732,s3.728850089,s9.245602870
143_103,s5.382728018,s1.075828322,s297.684048388
143_104,s-6.062428234,s3.312498809,s82.913429106
143_105,s-3.943018924,s4.703158128,s47.986673169
143_106,s-3.732858905,s1.387841793,s71.983918800
143_107,s-4.732928431,s2.829372604,s335.236776153
143_108,s-3.303727834,s2.735101939,s205.873144100
143_109,s-1.679457081,s3.158318825,s258.644880335
143_110,s-1.706650240,s4.665974178,s345.135525327
143_111,s0.816455734,s4.477173170,s104.929088068
143_112,s2.894033407,s4.987462943,s134.630200169
143_113,s2.038209789,s1.982419735,s189.896644844
143_114,s4.192075771,s1.031303436,s75.395202576
143_115,s5.335259633,s2.377485011,s241.552650560
143_116,s7.423804428,s1.804807409,s278.058452001
143_117,s-6.643417665,s3.776665750,s273.595828489
143_118,s-4.109702646,s3.370658793,s343.738588524
143_119,s-3.281299407,s3.619080480,s230.503930342
143_120,s-3.198449675,s5.105775245,s79.511892555
143_121,s-0.922796167,s4.991062806,s276.985888249
143_122,s0.160995654,s5.637696543,s309.668654417
143_123,s-0.893695488,s3.961292842,s206.798704905
143_124,s2.653053318,s2.613716969,s346.832392600
143_125,s2.419413619,s7.421851418,s160.930359475
143_126,s4.015260637,s3.743388619,s215.720507259
143_127,s0.991686001,s4.780968362,s321.323837018
143_128,s5.868673578,s3.654820074,s311.149008996
143_129,s3.843893769,s5.610349294,s359.653826225
143_130,s-7.257191067,s5.976430344,s91.201581980
143_131,s-4.567039954,s5.897301054,s143.902662057
143_132,s-4.679221528,s7.331436256,s308.044500883
143_133,s-4.697791715,s5.138963092,s64.857210553
143_134,s-3.891192138,s6.760295895,s184.388184211
143_135,s-2.436976875,s6.551373416,s112.525787470
143_136,s0.403456973,s5.635704284,s201.140660629
143_137,s0.460651628,s4.823478585,s254.079434944
143_138,s2.017651510,s5.642522858,s72.162290366
143_139,s1.550396027,s7.258117023,s286.283782527
143_140,s4.937852598,s4.393549832,s130.015535730
143_141,s5.547885489,s7.226321393,s135.373333703
143_142,s5.787442310,s5.655919021,s287.486111997
144_0,s-5.144248980,s-4.412743819,s196.834755437
144_1,s-3.752629754,s-6.003672497,s57.067243416
144_2,s-4.293724185,s-6.489072211,s219.859741910
144_3,s-4.093810679,s-4.909542630,s28.977044843
144_4,s-1.695142943,s-6.548428721,s12.180379312
144_5,s-2.156063615,s-3.804852184,s270.423460721
144_6,s-0.949236621,s-6.428662573,s105.402466838
144_7,s-0.034268304,s-6.238147758,s254.240572548
144_8,s0.173603514,s-4.698622851,s215.214137093
144_9,s2.046724234,s-6.700427110,s229.402454033
144_10,s3.606711452,s-4.247057258,s96.881200211
144_11,s4.657717738,s-6.812387180,s131.259723688
144_12,s5.541173301,s-4.051117530,s303.980550124
144_13,s-6.247788988,s-3.009121882,s95.937076156
144_14,s-5.217336483,s-3.064418115,s262.647527433
144_15,s-2.584793465,s-4.891072788,s325.271425138
144_16,s-0.328962180,s-1.240800215,s293.346168585
144_17,s-3.276916385,s-3.244207621,s110.473632066
144_18,s1.123220421,s-3.923211429,s35.706182379
144_19,s1.415512576,s-3.045067222,s303.259901651
144_20,s3.038761637,s-5.788938602,s24.918998075
144_21,s2.070416945,s-4.401119898,s151.268536927
144_22,s2.838776501,s-4.191746180,s296.824647384
144_23,s4.511178191,s-5.230254299,s342.672815912
144_24,s4.252704565,s-2.689771208,s80.653770283
144_25,s6.232914922,s-2.652929036,s27.791905902
144_26,s-7.042748330,s-5.512195483,s160.336541257
144_27,s-5.250133474,s-2.008865365,s125.875339927
144_28,s-4.201616508,s-3.122329020,s285.709377603
144_29,s-2.711969117,s-2.702568294,s1.232948234
144_30,s-2.048278710,s-5.725991955,s115.706867270
144_31,s-1.329652251,s-3.240171443,s191.587665077
144_32,s-0.416443471,s-5.036164887,s336.633182438
144_33,s-0.769988952,s-2.255821043,s49.362968479
144_34,s1.807249331,s-1.738592233,s258.589942307
144_35,s1.392233276,s-1.111818292,s343.213926530
144_36,s3.008259073,s-2.041753064,s155.886856708
144_37,s3.757147037,s-1.261129046,s281.892837479
144_38,s6.398346204,s-2.538737274,s91.565802385
144_39,s-6.094181711,s0.760810734,s197.148483193
144_40,s-4.352415388,s-2.266597412,s27.473852391
144_41,s-3.770034901,s-0.984128279,s301.134901481
144_42,s-3.526249421,s-1.501097596,s269.024504279
144_43,s0.107170428,s-0.545229507,s183.899362217
144_44,s0.096406407,s-4.358047431,s209.322921206
144_45,s0.490279034,s-1.780127112,s261.502330311
144_46,s0.394347079,s-3.428436624,s21.588307145
144_47,s0.880840991,s-1.744402749,s4.167930096
144_48,s6.455213593,s-4.066408519,s149.735778091
144_49,s1.502161171,s0.556618039,s82.542159488
144_50,s3.095375551,s-1.207895452,s204.302694493
144_51,s6.588222942,s-1.471885572,s258.563214838
144_52,s-7.034153320,s-0.992579093,s229.833405288
144_53,s-3.683050099,s-0.490912997,s21.398960187
144_54,s-5.294748479,s-1.607790406,s304.125517220
144_55,s-2.638478345,s-0.280845505,s104.087007429
144_56,s-2.326408129,s-1.671468612,s144.107874839
144_57,s-2.671577903,s-0.317092315,s306.704468794
144_58,s1.236701921,s-0.348469313,s151.812534650
144_59,s0.755608699,s-0.580355401,s232.852774449
144_60,s2.566737727,s-0.648587668,s321.801872392
144_61,s1.734554926,s-4.310471793,s139.035894350
144_62,s1.520153247,s0.982345216,s343.538507246
144_63,s3.439391677,s0.767560528,s268.291631682
144_64,s5.101206108,s-2.012182190,s304.463343120
144_65,s-7.038876829,s0.244544545,s278.601562094
144_66,s-3.669817821,s1.422906642,s24.333236062
144_67,s-4.289850691,s0.588391106,s125.159443160
144_68,s-0.988345073,s-1.600283375,s213.183690129
144_69,s-1.041039661,s-0.473766733,s330.662658850
144_70,s0.217660208,s0.909672838,s312.356492471
144_71,s0.109022621,s2.407861306,s3.346134369
144_72,s-0.186738018,s0.232821864,s252.242794495
144_73,s2.049373630,s-0.884434302,s147.657401981
144_74,s1.142966055,s2.743962295,s322.809321620
144_75,s2.343058715,s0.236472843,s320.998964598
144_76,s5.932004622,s1.351109069,s319.679259479
144_77,s5.673423604,s-1.033784385,s126.613030851
144_78,s-7.028044691,s0.899028767,s308.739714540
144_79,s-6.290934632,s1.405393549,s145.631234876
144_80,s-2.133731687,s0.326627328,s94.683851502
144_81,s-3.755712010,s-0.588125379,s276.084142188
144_82,s-2.720762608,s1.307313822,s150.201780799
144_83,s-1.853741758,s1.134025359,s37.015323960
144_84,s-1.702333727,s1.706692209,s296.804943205
144_85,s0.864964659,s0.250688768,s301.087641224
144_86,s3.831401591,s1.969732935,s268.883766544
144_87,s5.314159890,s0.317657063,s61.030983873
144_88,s4.745418043,s-0.672017846,s188.533700894
144_89,s4.372792089,s1.462259099,s109.341618912
144_90,s6.041876268,s-0.700451044,s58.478364198
144_91,s-6.261645280,s1.596858984,s175.609453845
144_92,s-4.956368183,s2.853273293,s149.579961569
144_93,s-5.050721395,s5.507801544,s29.857338400
144_94,s-3.235293743,s4.174951964,s58.442372707
144_95,s-1.606724198,s2.647144046,s228.475910134
144_96,s-0.052437914,s1.740941440,s156.374097401
144_97,s0.913596408,s1.582867750,s33.351423764
144_98,s1.109665779,s2.774712584,s164.790325848
144_99,s1.844859968,s1.984078448,s232.971731944
144_100,s2.955734577,s2.030819963,s321.780567229
144_101,s5.888163130,s3.845541051,s359.891770047
144_102,s6.901882704,s3.445344825,s126.180125366
144_103,s4.955670535,s2.174973695,s40.381554688
144_104,s-6.791973125,s2.507838136,s214.626081552
144_105,s-3.993665743,s3.546982021,s178.009767983
144_106,s-5.368316930,s1.230397096,s317.312661223
144_107,s-4.496781055,s1.851497507,s348.321944764
144_108,s-2.003367826,s2.325117311,s347.349726287
144_109,s-2.049435326,s3.958142718,s49.705136753
144_110,s0.877809545,s3.620062639,s36.899034046
144_111,s-0.773542545,s2.750793921,s87.565070676
144_112,s2.755223391,s4.458352780,s253.006958050
144_113,s5.315327154,s3.156208261,s74.068609675
144_114,s3.189965948,s-0.748285158,s312.232757342
144_115,s2.762886582,s3.869899390,s24.363847855
144_116,s6.874087588,s1.006751724,s177.639053732
144_117,s-5.953084800,s2.901159693,s214.696115458
144_118,s-5.885576267,s3.867563520,s272.731803510
144_119,s-3.695547309,s4.556849010,s287.535815893
144_120,s-1.659702643,s3.207685167,s6.160312605
144_121,s-0.229487413,s5.224542407,s81.119639761
144_122,s-1.074610999,s4.168752042,s79.877242483
144_123,s-0.260531315,s3.798247423,s106.904014464
144_124,s0.290099286,s2.664329204,s210.514841668
144_125,s1.423088278,s4.095371902,s172.808762819
144_126,s2.010227583,s5.351270406,s334.542160332
144_127,s3.164643016,s5.757321994,s214.958093592
144_128,s5.235062172,s4.903799313,s320.083516669
144_129,s6.674137356,s4.688512029,s203.753333451
144_130,s-6.894218207,s4.747036786,s160.388777860
144_131,s-6.047993832,s4.954412049,s73.966076236
144_132,s-3.066546571,s6.199969041,s87.938495253
144_133,s-2.101675951,s6.396935980,s82.483988149
144_134,s-1.852888278,s4.694425547,s252.865370311
144_135,s-0.131349613,s6.551234322,s238.922703649
144_136,s1.529937484,s6.071541450,s269.183004428
144_137,s2.030088293,s3.968150716,s244.381339181
144_138,s3.896057365,s6.564124968,s14.116653534
144_139,s1.553108740,s6.428456586,s356.864550650
144_140,s4.359915757,s3.820516148,s50.905315090
144_141,s4.625758531,s6.342606154,s284.799796120
144_142,s5.479091497,s5.482639046,s74.702725687
144_143,s-5.821311185,s6.627084108,s51.507534623
145_0,s-7.465270067,s-4.567765617,s214.860815985
145_1,s-6.174932137,s-5.564929382,s26.425427087
145_2,s-4.867192930,s-6.252314548,s39.197865707
145_3,s-2.541527922,s-6.395960671,s139.447218122
145_4,s-2.956957556,s-7.033023194,s37.179514502
145_5,s-0.456692607,s-6.431353408,s282.980871483
145_6,s1.019279960,s-6.542639859,s262.226406517
145_7,s2.752001690,s-6.723003636,s169.659864994
145_8,s0.894202687,s-5.906648346,s206.827533713
145_9,s2.443352070,s-6.104250128,s90.939998347
145_10,s4.116361017,s-6.974257073,s309.938239723
145_11,s5.564650479,s-5.716175497,s39.085192912
145_12,s5.917268405,s-7.358618446,s253.215907392
145_13,s-3.996526712,s-4.805544296,s186.148620214
145_14,s-5.788883337,s-3.046639317,s248.983605619
145_15,s-2.444097994,s-2.860871913,s198.869601601
145_16,s-2.837980271,s-4.219012859,s106.157572766
145_17,s-1.366258376,s-6.810241805,s329.187066847
145_18,s-0.432838157,s-4.812548303,s352.544106106
145_19,s0.522633792,s-4.200020748,s233.717027013
145_20,s1.456135188,s-5.244843461,s174.168727455
145_21,s-0.017515147,s-3.547948160,s78.193001843
145_22,s4.025718056,s-4.042103630,s329.091111793
145_23,s3.557630609,s-6.101300420,s96.729012022
145_24,s4.304879882,s-4.376652210,s223.748173621
145_25,s4.698713273,s-4.164656724,s267.506115829
145_26,s-7.065989380,s-1.853630987,s94.392622907
145_27,s-6.521880591,s-4.605449676,s114.268913046
145_28,s-3.763410074,s-2.069961305,s124.388990488
145_29,s-3.973693471,s-5.485699076,s12.915378853
145_30,s-2.523240092,s-3.156371396,s214.288163967
145_31,s-1.255907126,s-4.905249682,s187.674783008
145_32,s-1.186299765,s-1.617991312,s264.393549204
145_33,s0.478947525,s-2.630961110,s56.687298920
145_34,s1.505805222,s-2.477909426,s255.411647304
145_35,s2.897515603,s-4.185346260,s57.434422995
145_36,s3.999416311,s-3.031911793,s341.696292599
145_37,s5.599841367,s-2.136174035,s3.158258352
145_38,s6.935075944,s-4.427020499,s45.206916313
145_39,s-6.061083978,s-1.580632448,s277.871481313
145_40,s-4.281616580,s-3.467711889,s12.674117060
145_41,s-4.970322321,s-1.751941132,s292.407347575
145_42,s-2.211352988,s-2.113953331,s274.996364703
145_43,s-1.516839018,s-0.954679313,s354.048193691
145_44,s-0.555866043,s-0.296683188,s348.094168345
145_45,s-0.060464943,s-1.575512163,s256.126385765
145_46,s1.203769290,s-2.019398476,s139.089875449
145_47,s3.664779192,s-3.272052601,s175.189706684
145_48,s4.062520399,s-1.488013265,s130.915814665
145_49,s3.456527464,s-2.771303576,s302.600635657
145_50,s5.433330864,s-0.786316696,s140.572939475
145_51,s6.499643385,s-3.546196441,s150.427988496
145_52,s-7.358001671,s-1.079728103,s144.254516661
145_53,s-4.500835153,s-2.499678895,s298.921187035
145_54,s-3.004777965,s-0.750568613,s217.552866067
145_55,s-3.290595707,s-2.925206258,s339.527557982
145_56,s-1.521481986,s-0.288677292,s122.085906749
145_57,s-1.321794177,s-3.146404757,s21.441527028
145_58,s-1.519710547,s-4.188662478,s102.251864582
145_59,s1.864071728,s0.050834263,s257.356932622
145_60,s2.225742789,s-4.282191030,s73.855356951
145_61,s1.784012616,s-1.737798691,s193.319540642
145_62,s2.679234543,s-2.259030880,s167.565126614
145_63,s4.697028827,s1.097527882,s236.026316803
145_64,s6.284438887,s-0.666306140,s68.791388836
145_65,s-5.162733581,s-0.195545797,s245.609380925
145_66,s-3.442923477,s-1.521637957,s25.327037842
145_67,s-3.039504189,s-0.226525893,s80.542598707
145_68,s0.117756321,s0.096894470,s289.093675089
145_69,s0.769142308,s-1.521323329,s186.266053857
145_70,s-1.082251236,s2.604650756,s238.301703806
145_71,s1.056708942,s-1.913983112,s98.618513370
145_72,s1.034362906,s0.377986135,s318.245392259
145_73,s2.343680955,s1.058170089,s71.387001419
145_74,s4.671650506,s-0.328798625,s87.526593300
145_75,s3.203597923,s1.501406120,s41.516022196
145_76,s4.246243247,s1.072324035,s52.375944015
145_77,s7.086079176,s-1.612188797,s201.161445648
145_78,s-6.782646838,s-1.153293214,s200.654934561
145_79,s-5.088775200,s0.638783079,s105.310852084
145_80,s-2.527946625,s1.321638439,s191.006482792
145_81,s-5.044813797,s-0.794271550,s193.332342321
145_82,s-2.285193002,s2.080266115,s222.410414774
145_83,s-2.398632537,s0.700476279,s354.773910712
145_84,s-2.516377934,s-0.499819868,s21.443203978
145_85,s1.483147641,s1.747051998,s352.475295903
145_86,s2.145914877,s-0.364389755,s207.165604012
145_87,s2.701169891,s-1.357238449,s52.364485567
145_88,s2.803248308,s2.191711690,s94.250374583
145_89,s4.514510304,s1.660376416,s145.574321086
145_90,s7.123449391,s-0.084041851,s277.630215384
145_91,s-4.941082028,s1.438292838,s142.999294608
145_92,s-3.691582624,s2.229028545,s109.989885254
145_93,s-2.963352040,s1.962869360,s238.689972533
145_94,s-4.086291840,s0.621696439,s297.288488050
145_95,s-1.093018874,s1.485081842,s204.168892422
145_96,s0.446318616,s2.308419882,s102.156265672
145_97,s0.353793082,s1.659320398,s43.854711201
145_98,s1.200580028,s2.893304934,s161.242833793
145_99,s1.629650151,s1.193006758,s346.052388697
145_100,s0.986387816,s3.316649909,s234.624856186
145_101,s4.705041459,s2.335883830,s122.375497452
145_102,s6.042363518,s1.384231494,s119.210105602
145_103,s7.088957168,s0.651460256,s313.042095395
145_104,s-7.537394563,s0.507130631,s133.865615977
145_105,s-6.002173732,s3.602503079,s310.183974003
145_106,s-3.818344385,s3.447342375,s105.067409818
145_107,s-2.271697117,s4.007973200,s212.551510458
145_108,s0.393765281,s2.471727909,s94.963627617
145_109,s-3.043086596,s2.664755876,s89.898784698
145_110,s0.360745874,s3.493421974,s301.922001648
145_111,s0.024995663,s-0.962041672,s295.463883688
145_112,s0.086646383,s4.426744725,s17.633985819
145_113,s2.744698536,s3.164699982,s35.451029093
145_114,s3.976472384,s2.844402710,s189.380413227
145_115,s4.421778625,s3.275425421,s129.415024520
145_116,s7.385788448,s2.027817564,s294.428959378
145_117,s-7.438654905,s4.084394612,s182.882551113
145_118,s-6.506980534,s3.932996847,s352.482465385
145_119,s-3.758252951,s6.056103777,s108.259218872
145_120,s-2.541481115,s4.950058747,s204.169706915
145_121,s-2.162367403,s2.966541482,s199.390125529
145_122,s-0.364297109,s4.719623496,s145.891479623
145_123,s1.126775316,s4.546826772,s182.113681932
145_124,s2.213410072,s3.136885094,s12.475927384
145_125,s2.125184296,s5.873415462,s45.270713654
145_126,s3.146585601,s3.664207472,s267.018566039
145_127,s5.792357229,s5.361904954,s59.381246302
145_128,s7.388825712,s5.494230116,s110.430264459
145_129,s5.383095520,s3.576946855,s155.102349986
145_130,s-7.092707277,s5.416748154,s82.080257126
145_131,s-5.919712765,s4.644961773,s351.962311414
145_132,s-3.674030070,s4.142801493,s248.876789613
145_133,s-2.192474640,s6.286866846,s142.757800557
145_134,s-1.526076731,s3.420641434,s135.540764164
145_135,s-2.118908843,s7.357250353,s105.990259217
145_136,s-1.166492775,s5.622033232,s303.249021532
145_137,s0.262766004,s6.780809407,s153.703862394
145_138,s0.049215044,s5.952851029,s308.916277219
145_139,s3.410185899,s5.818984928,s79.886373554
145_140,s3.670870400,s3.864138677,s333.497899810
145_141,s5.057267710,s7.071383705,s278.745939450
145_142,s6.299392818,s6.582197562,s244.177212374
145_143,s-5.394803482,s6.155426228,s6.693536872
145_144,s-3.923332114,s7.485766712,s179.730947485
146_0,s-4.610932040,s-5.966712201,s114.871242395
146_1,s-3.539490737,s-5.215398447,s29.781409488
146_2,s-3.466381392,s-6.449805706,s216.043943155
146_3,s-1.493983720,s-6.749757901,s119.427089423
146_4,s-0.865840509,s-6.206174612,s3.030245038
146_5,s-1.320019841,s-6.327092283,s238.791150858
146_6,s-0.250906789,s-6.115844948,s302.609671831
146_7,s1.708859145,s-6.677712797,s199.081036174
146_8,s1.438718107,s-4.968770526,s0.826547234
146_9,s1.799549456,s-5.881225622,s178.141313607
146_10,s3.814261840,s-5.691592394,s107.539673040
146_11,s5.061662046,s-6.527344912,s228.353190225
146_12,s5.111608977,s-5.352929717,s194.097722956
146_13,s-5.676615828,s-3.951091140,s80.537533243
146_14,s-3.945865962,s-3.223032700,s61.424651051
146_15,s-3.319620981,s-3.629283572,s160.340302755
146_16,s-3.502383083,s-5.099586800,s135.643408279
146_17,s-2.145704692,s-4.898837017,s219.567424623
146_18,s0.181747976,s-5.708082234,s270.823499244
146_19,s0.495557590,s-5.441642944,s128.460418248
146_20,s1.785384520,s-2.697849052,s78.730927937
146_21,s2.029068185,s-4.277175996,s227.246724700
146_22,s3.620380038,s-2.572311799,s87.258062160
146_23,s2.584297499,s-5.652716540,s105.005276952
146_24,s4.524714020,s-3.867919166,s35.333228631
146_25,s6.910232002,s-1.872455893,s86.662212885
146_26,s-6.494671928,s-3.738009050,s182.038248846
146_27,s-5.972326493,s-2.857371826,s111.521116948
146_28,s-3.880439675,s-2.389720110,s189.274336106
146_29,s-1.278686176,s-4.783550658,s249.629866322
146_30,s-0.920698115,s-3.006396843,s91.013794660
146_31,s-1.141934578,s-3.700996651,s274.945534546
146_32,s-0.581823287,s-4.535800888,s130.774306380
146_33,s0.365044909,s-2.003156216,s351.078104597
146_34,s1.163253317,s-3.438455496,s108.166580761
146_35,s3.420948560,s-4.737246051,s112.039200017
146_36,s3.237123764,s-2.300045734,s128.309671294
146_37,s5.861956548,s-3.716431298,s89.492052217
146_38,s6.278199643,s-4.639390248,s99.339102121
146_39,s-5.319992684,s-1.914051882,s121.746157859
146_40,s-3.233586380,s-2.199643513,s238.910782332
146_41,s-3.344772255,s-0.824758139,s100.256899822
146_42,s-1.713127072,s-2.106813248,s137.194386150
146_43,s0.284942797,s-0.429641772,s199.957454415
146_44,s-0.042150738,s-4.303582903,s84.020180506
146_45,s-1.204699119,s-0.524674851,s333.984013327
146_46,s1.628780550,s-2.309986855,s135.759945588
146_47,s1.031716407,s-0.928466971,s235.610225644
146_48,s4.204638536,s-1.447714108,s191.237004385
146_49,s2.905827478,s-1.211720964,s253.354580770
146_50,s4.682183092,s-2.900221079,s291.242178358
146_51,s6.631568869,s-1.377958470,s319.388707504
146_52,s-6.501639480,s-1.876468313,s286.587687439
146_53,s-5.603095493,s-0.718479442,s147.902543840
146_54,s-2.407942204,s-0.086647349,s99.791757207
146_55,s-2.351096141,s-4.127290659,s69.728415950
146_56,s-2.266684143,s1.867089061,s283.089770143
146_57,s-1.227312874,s-0.013414471,s150.602881680
146_58,s-0.563423599,s-1.589511343,s66.289614427
146_59,s0.823204091,s-1.835117591,s318.886927241
146_60,s2.570555819,s-0.693626682,s127.592509635
146_61,s2.495631490,s-2.674437733,s100.640668975
146_62,s2.929825745,s0.488207734,s349.869939573
146_63,s4.920611597,s-2.136691724,s299.677122688
146_64,s4.168676705,s-2.526700626,s197.922449225
146_65,s-4.232766699,s2.242311966,s111.293271048
146_66,s-6.523293861,s-0.987117891,s144.907940721
146_67,s-3.537782140,s0.224619134,s111.573169523
146_68,s-5.513531331,s-1.718668650,s96.851994377
146_69,s-1.990783768,s-0.301574186,s202.870044731
146_70,s-1.580826173,s1.931383084,s102.297456745
146_71,s-0.810160607,s-0.762548429,s327.032541112
146_72,s1.237058698,s-0.519585103,s297.929692262
146_73,s1.982688118,s2.158314899,s156.611225093
146_74,s2.824732042,s-2.222408128,s176.220800500
146_75,s5.426735695,s-0.920591762,s134.404544179
146_76,s4.976904659,s0.083402624,s221.634583587
146_77,s5.886526027,s-0.272227568,s55.925260337
146_78,s-6.465564027,s-0.320006134,s246.779511304
146_79,s-5.973146403,s1.367251152,s339.678464974
146_80,s-3.745723411,s-2.227191055,s149.561896134
146_81,s-2.194606569,s-0.840670233,s312.359156660
146_82,s-2.020405345,s1.514917983,s354.379902464
146_83,s-0.923039567,s0.815861521,s24.672228901
146_84,s1.290352066,s2.539911122,s343.199698095
146_85,s0.170503694,s-1.301248892,s195.339827710
146_86,s3.908746067,s2.222957319,s52.724176444
146_87,s2.888318420,s-0.625974892,s298.426576485
146_88,s3.444134987,s-0.649382587,s47.020595502
146_89,s3.945865088,s1.011929462,s348.476418265
146_90,s6.690255729,s-0.474552513,s43.655640706
146_91,s-4.741024410,s3.148728683,s278.189101652
146_92,s-3.913677864,s2.646657824,s314.239819150
146_93,s-5.208950855,s-0.209994629,s168.545333552
146_94,s-3.311639274,s3.265908134,s228.071991383
146_95,s-2.778454001,s2.164277024,s267.452959511
146_96,s-1.057224819,s4.827412140,s57.056153227
146_97,s-0.218563723,s1.767842429,s17.167273266
146_98,s0.443026959,s0.510213211,s326.138472295
146_99,s1.279697361,s2.992414013,s222.882788469
146_100,s2.164019626,s2.200366985,s284.555778565
146_101,s2.910615709,s2.417821150,s181.867588698
146_102,s6.269096407,s0.367665245,s342.315102887
146_103,s6.366661500,s2.865054283,s310.807151730
146_104,s-6.406962409,s1.971566763,s257.171700529
146_105,s-5.466044994,s4.616575200,s143.715021094
146_106,s-4.113160749,s1.469846665,s354.193267229
146_107,s-3.571385326,s0.822206786,s36.702306559
146_108,s-0.370934135,s2.419050779,s228.423226520
146_109,s0.236040907,s1.298915046,s251.772388207
146_110,s1.355514040,s2.912310320,s244.041419171
146_111,s3.381126722,s0.624524661,s158.333888107
146_112,s1.053101363,s4.057035346,s197.742677071
146_113,s2.837049855,s3.783798999,s240.074152611
146_114,s4.778377273,s4.581123077,s189.479010911
146_115,s3.591694621,s1.268363361,s261.934746155
146_116,s5.058497275,s1.417519389,s130.085193230
146_117,s-6.445183073,s3.782548053,s77.492602783
146_118,s-4.839875262,s3.721251633,s302.450263102
146_119,s-4.196168210,s3.159015740,s158.568095038
146_120,s-1.167133079,s1.558675590,s9.410973914
146_121,s-2.149541192,s5.615831497,s183.428760340
146_122,s0.262096763,s6.121595716,s253.873069617
146_123,s-0.025754010,s3.039342281,s64.041882197
146_124,s-0.641548704,s5.233780205,s100.596485533
146_125,s2.404898536,s4.595777924,s77.468964329
146_126,s0.316565328,s6.748403623,s209.934049956
146_127,s4.201353840,s3.854770805,s40.004967456
146_128,s5.326926012,s5.597604315,s210.573863185
146_129,s6.887267827,s3.568412885,s345.551096154
146_130,s-4.807212390,s4.946438302,s210.947693917
146_131,s-3.749298784,s5.402100269,s322.183612575
146_132,s-2.341100433,s3.576175981,s209.216747884
146_133,s-3.630369474,s6.748403623,s71.323080546
146_134,s-0.906403967,s6.610210648,s311.034780449
146_135,s-1.020461869,s2.629878868,s37.728302020
146_136,s0.641084718,s4.129280039,s208.363191076
146_137,s2.005385910,s4.961483454,s203.954725447
146_138,s3.085763587,s5.997013430,s20.265878109
146_139,s4.411047784,s6.641188466,s291.708904742
146_140,s2.816625347,s5.012020862,s351.338752555
146_141,s5.555616273,s3.300270096,s250.891712385
146_142,s5.710119691,s6.509859915,s126.738698732
146_143,s-6.420960789,s6.654398954,s346.956619264
146_144,s-3.122217118,s5.007337291,s330.264136286
146_145,s-2.606299882,s6.530832286,s291.421348461
147_0,s-6.715949123,s-4.457327984,s248.663820693
147_1,s-5.073953772,s-7.167914421,s325.313575089
147_2,s-5.465865806,s-6.761282238,s17.080387163
147_3,s-3.052194140,s-7.010515337,s291.377114608
147_4,s-2.075864936,s-7.290035268,s237.290728353
147_5,s-2.691656647,s-6.158286143,s189.597621215
147_6,s0.679472236,s-4.762542741,s152.623747795
147_7,s-0.515152967,s-6.668282929,s125.060410480
147_8,s2.416548202,s-5.345852119,s82.222529599
147_9,s2.073729374,s-6.909796268,s155.771391964
147_10,s3.959270708,s-7.514991031,s357.041933146
147_11,s5.357169339,s-6.047180299,s307.423578248
147_12,s4.615255124,s-4.962531836,s37.064685828
147_13,s-6.808238445,s-3.774307206,s146.140600010
147_14,s-5.485539570,s-4.442811461,s2.979755149
147_15,s-4.904319547,s-4.835053872,s113.806522584
147_16,s-3.429729383,s-5.345847820,s309.718818968
147_17,s-2.240264770,s-4.909761088,s160.154034578
147_18,s-0.340147361,s-5.478438537,s53.364764946
147_19,s0.203073953,s-3.784143872,s255.326599078
147_20,s1.149041637,s-6.723774434,s119.527672650
147_21,s2.534331172,s-4.848048943,s47.065674417
147_22,s0.593740710,s-4.419271856,s286.178754863
147_23,s4.127710752,s-4.744371211,s285.356219818
147_24,s5.129623999,s-4.933604824,s229.750895541
147_25,s6.872826275,s-3.100099800,s188.165870904
147_26,s-6.782074301,s-2.425227104,s242.450776734
147_27,s-5.070904401,s-3.608187709,s235.834463545
147_28,s-3.719082960,s-3.823586720,s190.588897251
147_29,s-2.171500200,s-1.223127458,s304.731843554
147_30,s-3.279788900,s-5.305432073,s260.813326151
147_31,s-1.554529857,s-5.758428863,s66.366089398
147_32,s-1.031552626,s-4.688112685,s293.773177545
147_33,s-0.122976172,s-1.164627282,s267.714246185
147_34,s1.540424473,s-4.744683379,s178.764953024
147_35,s3.157766029,s-2.870266689,s126.736275211
147_36,s2.641851682,s-4.354275561,s256.112096021
147_37,s2.508843331,s-4.003384805,s176.869988239
147_38,s6.629160222,s-2.677962961,s159.625381362
147_39,s-5.587760730,s-3.228821849,s248.091912383
147_40,s-4.460511358,s-2.406026878,s214.208766975
147_41,s-4.240732145,s-1.714479499,s312.446423503
147_42,s-2.138924289,s-2.906807559,s42.219898843
147_43,s-0.640358665,s-1.451447219,s261.108565688
147_44,s-0.297586143,s-2.921057273,s319.508921689
147_45,s1.371947055,s-3.608030853,s350.787150695
147_46,s0.353649207,s-2.490298190,s117.873526533
147_47,s1.411035243,s-2.994746707,s295.498618199
147_48,s1.458131736,s-2.690758591,s230.966613712
147_49,s3.342646792,s-5.090835227,s184.074458861
147_50,s4.080178864,s-2.644241980,s125.407746312
147_51,s6.467704908,s-2.003590067,s16.659387350
147_52,s-3.614591255,s0.298419566,s235.815528821
147_53,s-7.058155899,s-0.894754037,s151.670697171
147_54,s-5.734080247,s-1.722921084,s284.732153433
147_55,s-2.105350490,s0.818359229,s159.697894822
147_56,s-2.477539572,s-2.569848433,s198.053016666
147_57,s0.644875905,s-0.242119114,s97.338137429
147_58,s-0.127997237,s-2.658820989,s344.892818001
147_59,s0.892062006,s-1.406467640,s120.727172933
147_60,s1.532820994,s-1.418719495,s61.400229403
147_61,s3.698695004,s0.425549126,s303.680486930
147_62,s2.815361510,s-1.765771679,s180.668762095
147_63,s5.102755779,s-1.721147520,s262.977177759
147_64,s4.908751743,s-3.521626413,s20.868050853
147_65,s-6.218670938,s-1.864846610,s234.098974236
147_66,s-5.120705708,s-1.057881315,s298.170378395
147_67,s-2.836516556,s-1.187334590,s159.506196106
147_68,s-1.654037342,s0.170286154,s250.002682708
147_69,s-1.846216649,s0.828081097,s278.150946388
147_70,s-3.716397821,s-2.045601558,s88.196130105
147_71,s-1.042573313,s-1.142821313,s294.395970532
147_72,s1.237106261,s0.206455911,s77.084628773
147_73,s2.553510432,s-2.350009129,s273.777486978
147_74,s3.958334588,s-1.626050001,s214.389714092
147_75,s5.290741026,s0.433872170,s231.575525930
147_76,s3.668473568,s-4.017714024,s245.941990440
147_77,s6.252267837,s0.279375412,s41.954026901
147_78,s-6.376498207,s-0.198104540,s98.284095911
147_79,s-3.499317344,s-0.200993172,s18.678423199
147_80,s-4.033817011,s0.986088486,s11.897839907
147_81,s-2.617878105,s0.850550276,s81.948712583
147_82,s-4.043615521,s2.259898958,s201.191015455
147_83,s-0.029812888,s0.588861792,s343.339085483
147_84,s-1.568385981,s2.067586473,s302.082430899
147_85,s0.279910215,s2.517871120,s320.882656402
147_86,s2.107786484,s-1.019581661,s17.959851997
147_87,s2.133067510,s-0.074239175,s86.949748145
147_88,s4.265050304,s1.276925510,s183.603564394
147_89,s4.533784851,s0.300821477,s295.225272691
147_90,s4.662279554,s1.432809007,s246.618557129
147_91,s-5.361575493,s0.633891514,s226.588807116
147_92,s-5.821589087,s1.125782554,s333.357376870
147_93,s-4.190413903,s2.793445938,s94.826062453
147_94,s-1.087072429,s0.279840095,s73.358543913
147_95,s-1.189048750,s3.166190717,s69.018405573
147_96,s-0.787478065,s2.035730240,s27.926905118
147_97,s0.773184804,s-0.546500626,s116.213245289
147_98,s1.185991133,s0.834072440,s12.596697402
147_99,s1.469816382,s1.592493139,s211.915448959
147_100,s2.725806035,s0.451603293,s71.601553421
147_101,s3.688887355,s2.543635064,s334.937291427
147_102,s4.216597512,s2.370775646,s207.643699547
147_103,s6.241945940,s2.512055671,s71.366454138
147_104,s-6.325511102,s1.094614364,s54.108885011
147_105,s-5.433315734,s1.719898920,s348.592989386
147_106,s-3.281515231,s3.197795652,s121.024353691
147_107,s-2.590503379,s1.575785199,s355.995565489
147_108,s-2.578011128,s4.717668986,s97.891627764
147_109,s-0.519729610,s2.723421820,s250.335112260
147_110,s0.670001131,s2.960060237,s352.152391587
147_111,s0.870346323,s2.037941267,s85.514726010
147_112,s1.123399827,s3.008394369,s77.277234399
147_113,s1.535374720,s4.394650511,s122.356613025
147_114,s2.664422467,s2.421579806,s192.725456951
147_115,s4.405587045,s3.511525359,s235.195480823
147_116,s4.568807922,s3.056872872,s228.094119061
147_117,s-4.738503370,s3.396791754,s239.744729436
147_118,s-6.698472950,s6.287711861,s128.476871248
147_119,s-3.920958406,s4.392535645,s280.731219621
147_120,s-2.917539187,s3.397363141,s299.325588577
147_121,s-0.406241202,s4.718470118,s35.612961975
147_122,s-2.523884384,s2.788384091,s75.559325876
147_123,s-0.895806965,s2.671818094,s309.668428628
147_124,s0.128669050,s3.693167573,s251.507286202
147_125,s2.533723447,s1.051475200,s17.884977747
147_126,s1.915260682,s4.860184711,s263.369105646
147_127,s3.327889646,s3.617647739,s134.299389174
147_128,s6.107108791,s3.548721186,s40.086366873
147_129,s6.499276939,s2.785541121,s93.269831300
147_130,s-7.168313678,s4.501677131,s23.877751308
147_131,s-3.353101684,s5.364051196,s61.185757259
147_132,s-4.017740749,s6.937049599,s333.516007306
147_133,s-2.609250456,s5.941930335,s181.635615694
147_134,s-1.992754853,s3.211127239,s138.776204662
147_135,s-1.220235547,s6.021124431,s348.888104060
147_136,s1.242784765,s4.253085261,s344.532306578
147_137,s1.767484311,s5.632000321,s127.931782829
147_138,s2.705304239,s6.279079654,s107.413244004
147_139,s2.372048919,s7.025521024,s122.086417931
147_140,s2.728882783,s4.892874935,s181.764896474
147_141,s3.707768310,s6.916183849,s313.782790261
147_142,s7.146285064,s6.377800979,s8.823603303
147_143,s-6.118886698,s7.044319770,s327.943039594
147_144,s-4.243004826,s6.772066330,s238.163997100
147_145,s-2.965881265,s6.903729242,s55.699914462
147_146,s-1.566790817,s5.567094845,s38.295279915
148_0,s-4.843620139,s-6.934114824,s340.339277172
148_1,s-3.746766137,s-5.000020224,s17.908428450
148_2,s-3.405935341,s-3.595996368,s308.375690566
148_3,s-3.615409119,s-6.605449117,s99.248919065
148_4,s-3.019973923,s-6.772162873,s252.092553827
148_5,s-0.206563700,s-4.070434887,s217.902711609
148_6,s-0.154380071,s-6.049780431,s184.221655713
148_7,s0.191839632,s-4.905790581,s113.797154111
148_8,s1.068374918,s-6.831641362,s170.345415324
148_9,s2.143461858,s-6.179569787,s196.196497201
148_10,s3.233398409,s-6.308917393,s42.609618882
148_11,s5.934159010,s-5.207698244,s205.671779910
148_12,s7.063557794,s-4.953949690,s317.549399704
148_13,s-6.574493557,s-3.081696779,s66.824660572
148_14,s-2.680598181,s-1.877213352,s68.130442601
148_15,s-1.134759625,s-5.862015318,s58.158744264
148_16,s-1.419039452,s-1.861566953,s123.363261255
148_17,s-1.725316884,s-6.705202282,s139.818081571
148_18,s-1.086374267,s-3.439874369,s17.556711218
148_19,s0.595521789,s-3.704413440,s67.583661654
148_20,s1.001188296,s-5.526561205,s348.668304886
148_21,s1.182783952,s-3.106547134,s110.361252236
148_22,s2.210638679,s-5.487159282,s276.113236492
148_23,s3.497485672,s-5.692187206,s109.668174811
148_24,s4.017852171,s-4.769321693,s265.841236850
148_25,s6.984802173,s-2.477951595,s34.542636351
148_26,s-5.878021066,s-1.624123163,s146.087575953
148_27,s-5.312411830,s-4.379029888,s66.441854456
148_28,s-6.172452878,s-3.639844853,s331.078426266
148_29,s-4.751331522,s-3.635589541,s56.399332472
148_30,s-3.138110429,s-4.649007401,s78.118070970
148_31,s0.343904827,s-3.203429558,s359.425959432
148_32,s1.090478230,s-1.896964162,s129.783063689
148_33,s1.998035150,s-2.632281143,s168.095096438
148_34,s2.226370725,s-3.281060499,s285.514874972
148_35,s3.010421096,s-3.986519109,s212.248582343
148_36,s5.284448017,s-2.638191730,s178.840134880
148_37,s4.623067872,s-4.457629420,s11.021390287
148_38,s6.144760169,s-3.624803326,s181.854739874
148_39,s-5.041698296,s0.804050398,s165.367814892
148_40,s-4.234728394,s-2.821016941,s135.946740165
148_41,s-3.373991187,s-1.827734384,s154.363865558
148_42,s-2.375456363,s-0.950241936,s33.292933321
148_43,s-0.433382316,s-2.598722154,s345.603912835
148_44,s0.209647359,s-0.160741509,s281.456379683
148_45,s1.863810948,s-1.909315261,s130.549939677
148_46,s2.509520044,s-2.470271896,s109.802629808
148_47,s3.727604366,s1.484504819,s149.489474694
148_48,s2.825489455,s-1.956800903,s98.106944578
148_49,s2.991522244,s-2.971988478,s67.905412012
148_50,s6.019632728,s-1.976593267,s270.362982266
148_51,s6.540575942,s-1.526390105,s318.863400509
148_52,s-6.826982744,s-1.378271945,s76.089656662
148_53,s-4.236437337,s-1.513146854,s353.565808202
148_54,s-4.124208578,s-0.357446430,s303.580584593
148_55,s-2.386730997,s-4.386945512,s77.940449895
148_56,s-1.259663694,s1.098779216,s113.987412572
148_57,s-0.860179063,s-0.194562612,s318.830895133
148_58,s-3.367488187,s-1.660465920,s132.137314237
148_59,s0.227433429,s-1.427382565,s64.676081060
148_60,s-0.614517938,s-3.246690243,s83.509301708
148_61,s4.297132139,s-1.578467946,s280.938942556
148_62,s5.141990846,s-1.826917630,s94.233826306
148_63,s3.919890403,s-1.144162584,s230.370987704
148_64,s6.320170790,s0.979534469,s21.540979350
148_65,s-5.341040690,s0.963113829,s165.064075936
148_66,s-6.028073539,s-1.020787383,s314.371272253
148_67,s-2.998633184,s0.452463438,s241.685386949
148_68,s-2.444968507,s-0.029361160,s116.975615385
148_69,s-2.916100701,s1.404481446,s95.823022693
148_70,s-0.791208919,s0.740556465,s233.729816934
148_71,s1.810425699,s-0.941657722,s77.369542800
148_72,s2.472973352,s0.861700047,s161.093041620
148_73,s1.401109700,s-3.063476765,s258.612244709
148_74,s1.423051698,s0.009261138,s208.055589312
148_75,s4.701108045,s0.477437817,s280.267476965
148_76,s7.132324330,s3.318053610,s180.596909155
148_77,s7.146307190,s-1.151785980,s76.490024877
148_78,s-7.007669009,s2.543659650,s271.963353784
148_79,s-4.623517239,s0.014640950,s141.806797892
148_80,s-1.579834418,s-0.695821388,s16.340124748
148_81,s-2.869379157,s-2.915706511,s167.424258541
148_82,s-3.692824528,s1.882164649,s9.647166875
148_83,s-0.423070527,s-1.871078406,s47.869862269
148_84,s0.021403919,s1.182548031,s214.498464247
148_85,s-0.877767877,s1.185636973,s82.401291611
148_86,s1.013389114,s1.711494538,s32.536255001
148_87,s1.590986096,s1.832046896,s279.579684204
148_88,s4.338164758,s0.877760900,s332.215406164
148_89,s3.305783925,s-1.651609423,s155.994555430
148_90,s4.502073797,s0.952930205,s6.470893714
148_91,s-4.808199095,s1.620432789,s250.215882860
148_92,s-3.916559115,s4.201890522,s135.821034589
148_93,s-4.023243693,s0.148768324,s239.663782893
148_94,s-2.432101201,s2.069350407,s52.414078060
148_95,s-1.316372284,s1.499060740,s236.941427325
148_96,s-0.751690034,s2.159275815,s120.795483804
148_97,s2.578346502,s3.926424054,s159.827881654
148_98,s0.287418963,s-0.866839012,s40.809593593
148_99,s1.010523498,s2.298191196,s324.507369287
148_100,s3.459498141,s1.960945694,s287.891413215
148_101,s4.435197346,s1.997090113,s275.867176466
148_102,s4.976526848,s1.958221646,s64.962137492
148_103,s6.503650549,s0.492778663,s274.370705071
148_104,s-6.410379207,s0.545957850,s222.709897648
148_105,s-6.386637901,s3.270688700,s197.064326260
148_106,s-5.033757381,s1.668876083,s275.467229246
148_107,s-2.603176555,s2.759826778,s32.658577658
148_108,s-1.352341825,s2.804896260,s133.779844853
148_109,s-1.896097382,s4.663869024,s230.214853424
148_110,s-0.015677410,s3.437665815,s323.121843448
148_111,s0.196258872,s1.616656260,s117.860299403
148_112,s0.750305132,s4.196318814,s210.829921451
148_113,s2.778536659,s2.714579649,s258.614278561
148_114,s3.360661561,s4.789380141,s264.886349011
148_115,s4.252376359,s3.573885045,s312.057224732
148_116,s6.462350720,s1.774505361,s125.512436418
148_117,s-4.220780138,s2.716993542,s113.893434817
148_118,s-3.357735720,s2.141266207,s232.196277078
148_119,s-2.327372146,s3.355633982,s205.245016528
148_120,s-2.754799013,s4.514470916,s18.014533170
148_121,s-1.813013230,s6.600303083,s119.980560778
148_122,s-0.822312813,s3.643418738,s142.649932718
148_123,s-0.258577983,s4.039271960,s191.311746667
148_124,s1.262383170,s5.495325310,s275.995174589
148_125,s1.518628640,s3.629611386,s19.236303021
148_126,s3.203929441,s3.602350719,s161.727894672
148_127,s4.564807922,s4.338101915,s99.871305008
148_128,s5.903771340,s3.443172748,s239.118654458
148_129,s6.961378244,s4.113670753,s358.818815585
148_130,s-6.308006341,s3.556334493,s0.597788295
148_131,s-5.581698753,s3.897595658,s145.131040268
148_132,s-4.522762440,s4.722583538,s279.483552708
148_133,s-5.129910503,s5.874262127,s249.051281891
148_134,s-1.607720411,s3.043843715,s123.536623160
148_135,s-0.233070903,s6.839583220,s12.601936414
148_136,s0.424736004,s5.181510223,s281.434243377
148_137,s1.227473976,s6.895941721,s150.692544140
148_138,s2.270908989,s6.004828961,s111.504936981
148_139,s4.489789177,s4.903705811,s74.481256837
148_140,s3.556400493,s2.148515327,s49.881412597
148_141,s4.239937596,s6.447071631,s254.870259507
148_142,s6.494630216,s3.043819353,s51.295919785
148_143,s-5.495142628,s5.495317613,s68.781875402
148_144,s-2.620976773,s5.736542859,s169.251429640
148_145,s-3.273348363,s6.779722271,s226.153185374
148_146,s-0.505287909,s6.437709558,s48.564103808
148_147,s-2.272403241,s5.190087258,s353.002782075
149_0,s-5.833946375,s-6.499521278,s317.120025814
149_1,s-4.200397982,s-3.695668828,s8.711585750
149_2,s-3.570454285,s-5.080782599,s40.976088138
149_3,s-2.709491402,s-6.991611759,s336.864738923
149_4,s-2.111679324,s-6.359857836,s118.058997324
149_5,s-0.574119451,s-4.873084496,s357.646717689
149_6,s0.606781346,s-6.014290780,s152.914093819
149_7,s0.200217561,s-4.024587366,s313.941545073
149_8,s-0.293581644,s-6.914589189,s5.625796436
149_9,s2.268807191,s-3.590353945,s285.939194706
149_10,s2.839873622,s-5.775710135,s55.898445663
149_11,s4.278665451,s-4.692449812,s265.043035924
149_12,s4.528933937,s-6.015082248,s229.050316887
149_13,s-5.135390522,s-4.602711934,s264.871893790
149_14,s-5.514963099,s-3.700851018,s139.094570556
149_15,s-2.466733220,s-4.143224548,s256.905762172
149_16,s-2.665116112,s-5.101685148,s306.265690942
149_17,s0.159361544,s-5.699808561,s62.770556592
149_18,s-2.077268010,s-3.666975250,s45.545401325
149_19,s0.996040981,s-4.742023845,s270.538859602
149_20,s1.422860881,s-4.832427440,s8.122007596
149_21,s1.463140146,s-3.507896748,s236.591171798
149_22,s1.242666527,s-6.867006727,s270.528347338
149_23,s3.362517022,s-3.907267492,s321.474666884
149_24,s4.855347606,s-3.908190612,s62.038624937
149_25,s6.452001625,s-4.582011878,s213.216745926
149_26,s-6.590782421,s-1.751731094,s52.844346878
149_27,s-3.559733929,s-2.927277572,s214.115977897
149_28,s-3.732567611,s-4.157509733,s241.477265641
149_29,s-3.389905563,s-0.719074817,s82.420220262
149_30,s-2.161258971,s-4.815069433,s273.248249721
149_31,s-0.219748261,s-2.860016355,s310.367468118
149_32,s-0.715645787,s-4.115729839,s86.429454047
149_33,s0.326680384,s-3.518992718,s246.543648795
149_34,s-0.876922937,s0.099304224,s197.685110871
149_35,s2.032429186,s-2.915652287,s51.316365666
149_36,s3.328827890,s-2.556265906,s351.624378029
149_37,s5.821982576,s-2.471039872,s214.465720814
149_38,s4.980097362,s-3.027859164,s89.102199540
149_39,s-5.573314242,s-2.694116687,s69.065959188
149_40,s-5.116900197,s-1.828218014,s92.628588373
149_41,s-1.422111308,s-3.498867567,s44.043690596
149_42,s-0.564535226,s1.083377509,s331.755469539
149_43,s0.893929230,s-3.629665007,s138.481948190
149_44,s-0.800239655,s-2.098034778,s215.957899897
149_45,s0.538191859,s-2.010096771,s335.197630950
149_46,s2.008614239,s-1.976662527,s339.365263572
149_47,s0.831879362,s-2.828199974,s219.933236665
149_48,s3.626451906,s-3.738908718,s267.088130570
149_49,s3.469219102,s-6.531727377,s101.484215190
149_50,s4.817959789,s-0.928907508,s340.802098898
149_51,s6.190229294,s-2.014681663,s285.300893831
149_52,s-6.837307130,s-1.315226694,s276.426148885
149_53,s-4.728298299,s-1.105637367,s166.895276293
149_54,s-3.996659477,s-1.828628233,s5.295270114
149_55,s-4.119021508,s1.040541347,s139.907698512
149_56,s-3.176032375,s0.394724151,s263.043391237
149_57,s0.936657152,s-0.011682525,s94.662190494
149_58,s-1.837928389,s-2.616147981,s305.187202357
149_59,s1.201563705,s-2.087476001,s296.850293210
149_60,s0.131745947,s-0.403881921,s330.415081724
149_61,s1.756304548,s-1.347691093,s261.424635544
149_62,s2.454887558,s-2.774399342,s275.167721831
149_63,s5.496038820,s-1.450004681,s338.436959920
149_64,s5.046326276,s-0.636966890,s225.432286718
149_65,s-5.964365293,s-0.352985377,s266.496718322
149_66,s-3.676383008,s0.017809246,s70.883132761
149_67,s-1.387940655,s0.488522898,s142.133832271
149_68,s-0.707067484,s-4.127079393,s36.819816382
149_69,s-2.401598041,s-2.200293061,s50.640748754
149_70,s-1.284543408,s1.862581859,s344.634947619
149_71,s-0.312190925,s0.919665098,s344.384631548
149_72,s1.604784570,s-1.127671409,s268.931977112
149_73,s3.513413628,s-1.627605868,s14.116030153
149_74,s3.849603672,s-0.503335385,s115.662575725
149_75,s3.781181265,s-1.194472055,s67.202415775
149_76,s3.581447524,s-0.043163171,s188.059148766
149_77,s6.934687491,s0.136869108,s32.952376429
149_78,s-6.305763459,s0.679423039,s314.018075818
149_79,s-4.392531951,s1.487258693,s76.525763246
149_80,s-6.007387642,s0.795580137,s267.777586028
149_81,s-2.647530079,s-0.140139264,s98.539020202
149_82,s-2.764207183,s2.126996403,s234.346027072
149_83,s-1.025575826,s2.562210844,s6.938761883
149_84,s0.775892428,s0.638577542,s68.585837815
149_85,s2.053575717,s0.592053037,s188.730892036
149_86,s1.819266279,s0.840753758,s106.078984302
149_87,s3.040112563,s-0.946452039,s310.134422221
149_88,s2.018425288,s-0.335730561,s265.514305588
149_89,s5.965254560,s2.075574392,s12.743565063
149_90,s6.031140311,s1.423176818,s116.037223188
149_91,s-5.881844092,s2.410945801,s178.931341852
149_92,s-5.245578654,s-1.053987501,s190.305370780
149_93,s-4.606069646,s3.676071741,s150.888265598
149_94,s-1.394993683,s1.783175287,s270.416413990
149_95,s-0.120326451,s3.981444521,s37.340938170
149_96,s-2.485719944,s-0.899390090,s207.681364963
149_97,s-0.276912680,s2.034815243,s230.883713278
149_98,s1.804349324,s-0.348260091,s338.546662670
149_99,s2.493330888,s1.507673459,s18.848059323
149_100,s2.842416620,s0.880509664,s93.432599255
149_101,s3.694198965,s2.766765851,s330.759495023
149_102,s4.725966946,s-0.005309317,s231.910377358
149_103,s6.453531527,s2.034247594,s142.223460637
149_104,s-5.737918788,s3.085853308,s160.369610120
149_105,s-3.102897298,s1.766286443,s32.721468056
149_106,s-5.433417958,s3.110562604,s4.657511617
149_107,s-1.943826239,s2.894570217,s332.788183779
149_108,s-0.706216027,s4.442925041,s243.793125401
149_109,s0.923181562,s3.421691202,s322.098723056
149_110,s1.250985743,s1.276664229,s67.576026155
149_111,s-0.252990922,s2.581885778,s120.918048299
149_112,s0.767427379,s5.778079758,s239.343703093
149_113,s2.759474868,s3.485942299,s67.224735700
149_114,s2.874992260,s2.161910021,s143.736181416
149_115,s4.181387940,s1.387810393,s9.019428548
149_116,s4.265739361,s4.327696774,s131.112052799
149_117,s-4.993056336,s2.020825389,s84.012824536
149_118,s-4.557085746,s4.015818275,s291.452182424
149_119,s-2.075653770,s0.502645660,s180.967268979
149_120,s-3.481743418,s3.400200337,s348.234215095
149_121,s-3.962409544,s4.459311505,s330.502237340
149_122,s0.507535335,s0.449625636,s210.845309750
149_123,s-0.637476512,s5.580070771,s281.063498521
149_124,s1.259021832,s2.704536037,s156.447824827
149_125,s2.353245440,s2.575836418,s109.090218503
149_126,s3.795329056,s4.737991411,s16.444019966
149_127,s5.741881361,s2.735373053,s128.481122385
149_128,s4.335084696,s6.823298467,s161.299262112
149_129,s6.741622390,s2.623869537,s6.724553151
149_130,s-6.664958516,s4.443318508,s258.839350106
149_131,s-4.747457074,s5.159365285,s338.240067383
149_132,s-3.143718488,s6.499680754,s170.794757414
149_133,s-1.090139040,s6.376725828,s123.817068293
149_134,s-1.193262227,s2.575893703,s200.495769853
149_135,s-0.971775000,s4.790134071,s108.089776732
149_136,s1.215155742,s4.142794458,s302.292940845
149_137,s1.231650625,s6.635534942,s118.042409678
149_138,s2.815091728,s5.851512577,s236.389863349
149_139,s1.824511873,s4.766185664,s295.844905453
149_140,s2.394466624,s6.181549633,s102.006820965
149_141,s3.513904327,s6.696068073,s286.353051164
149_142,s5.164107015,s5.653268334,s145.551178771
149_143,s-5.071714006,s6.416478818,s213.869233460
149_144,s-4.064957278,s6.111802055,s326.176652821
149_145,s-2.416750128,s3.842927622,s160.715621482
149_146,s-3.942517339,s4.918641252,s347.185119128
149_147,s-2.056900193,s6.442503994,s14.508653234
149_148,s-0.229957178,s6.227938324,s118.743388779
150_0,s-5.561675998,s-5.673907496,s12.901307551
150_1,s-4.963591219,s-6.151563328,s190.131985785
150_2,s-3.936336191,s-6.751576633,s77.699800293
150_3,s-2.049729032,s-6.362577285,s113.760993891
150_4,s-1.837422006,s-7.427815577,s331.365572037
150_5,s-2.217428536,s-5.370872600,s183.302486942
150_6,s0.299078119,s-6.067663427,s88.518266625
150_7,s0.364808064,s-6.992615529,s22.672090417
150_8,s1.106541925,s-6.352429614,s98.679007342
150_9,s0.802775346,s-6.757806413,s207.062628545
150_10,s3.268582704,s-6.922646949,s18.056898455
150_11,s4.348935448,s-5.363469577,s297.704941474
150_12,s5.659276420,s-7.427528602,s27.974796660
150_13,s-7.257256476,s-3.882167198,s82.611897133
150_14,s-4.710029610,s-0.356219276,s209.595323013
150_15,s-2.825091705,s-6.673127117,s164.834813685
150_16,s-3.881175765,s-4.652139544,s13.991533130
150_17,s-1.471818363,s-3.389131469,s138.252936679
150_18,s-1.622029189,s-4.875808068,s259.661713345
150_19,s-0.937341064,s-3.907420136,s202.476933273
150_20,s1.066851590,s-1.204634972,s25.748038927
150_21,s0.768450543,s-4.745304878,s230.612619519
150_22,s3.878019151,s-4.271604915,s246.081501052
150_23,s3.442855684,s-5.176440230,s357.497791636
150_24,s5.126931543,s-6.840632041,s98.858101268
150_25,s6.704211092,s-4.503243412,s53.399924690
150_26,s-5.827906502,s-2.942219879,s356.672727047
150_27,s-4.599147404,s-5.108163787,s29.805560883
150_28,s-4.251264341,s-3.122859692,s112.013628682
150_29,s-3.513233327,s-3.632714895,s135.190334037
150_30,s-3.695775181,s-4.210777070,s40.753695090
150_31,s-0.537513361,s-7.187977665,s133.100920877
150_32,s0.548099209,s-5.446534788,s316.851569207
150_33,s0.850690690,s-2.867691793,s343.589861078
150_34,s2.718598090,s-6.465162741,s264.375286467
150_35,s1.786676915,s-3.266518216,s175.535440872
150_36,s2.514331679,s-3.959633927,s76.977970487
150_37,s3.623119204,s-3.507008607,s99.922862258
150_38,s5.649450955,s-3.059412806,s6.589685711
150_39,s-6.248596236,s-1.110568120,s187.816782594
150_40,s-5.330986208,s-4.694222531,s256.493179320
150_41,s-2.606880322,s-0.812583094,s236.195349654
150_42,s0.350674973,s-3.771786825,s281.985420735
150_43,s-0.705101453,s-2.547155902,s149.495891706
150_44,s0.420689517,s-1.207046622,s174.509491466
150_45,s-0.736665460,s0.974566078,s120.187740183
150_46,s0.615167554,s-2.033522632,s176.472392992
150_47,s1.661680174,s-2.957911746,s127.049060278
150_48,s2.940519736,s-3.392189137,s69.712820828
150_49,s5.318486283,s-2.742952870,s267.773018677
150_50,s4.645704080,s-4.474830928,s255.056624344
150_51,s7.404728546,s-2.747020639,s172.803700459
150_52,s-3.647322133,s-0.870418044,s332.940491235
150_53,s-4.766608304,s-1.932258339,s225.185794266
150_54,s-2.418181352,s-4.005252205,s22.526653496
150_55,s-3.388707223,s0.263114427,s165.689827335
150_56,s-1.935792611,s-3.146344812,s221.061815859
150_57,s-0.260383152,s-1.498041607,s35.756472481
150_58,s-4.117593373,s-2.788612723,s158.792677456
150_59,s1.126880357,s-0.917635713,s203.873568615
150_60,s2.587957006,s-0.931955602,s247.584040093
150_61,s4.178389910,s-0.803979651,s197.862522506
150_62,s2.964924320,s-2.201945233,s137.720591270
150_63,s5.408613727,s-0.199932887,s115.223815686
150_64,s6.468491952,s-2.597348283,s270.171472875
150_65,s-5.702400935,s1.418445885,s171.020690797
150_66,s-5.605663346,s-0.058683600,s334.299393945
150_67,s-5.337955808,s2.016732121,s10.513882223
150_68,s-4.255763503,s-0.982976686,s245.600558896
150_69,s-2.364787422,s-1.252508565,s191.415685673
150_70,s-1.298354135,s-0.906868912,s298.480681582
150_71,s-0.118343698,s1.826016350,s193.370476363
150_72,s2.253560631,s-0.168711641,s313.140381709
150_73,s2.745711428,s-0.730090304,s225.301581471
150_74,s3.988357498,s1.538599136,s151.987068579
150_75,s3.477126007,s-2.142439623,s193.820226606
150_76,s4.435389561,s-0.717455771,s52.936662986
150_77,s6.887198491,s-1.644493806,s78.920503070
150_78,s-6.977459821,s1.641263671,s295.138754005
150_79,s-4.630834504,s0.858396675,s194.774326482
150_80,s-2.949111671,s-2.365176732,s323.363959984
150_81,s-1.371414489,s1.114037553,s55.137271695
150_82,s-0.849245382,s-0.610849204,s300.540727934
150_83,s-1.077065867,s1.338341266,s60.791066520
150_84,s-0.084578861,s-1.125947169,s22.006147422
150_85,s2.920323960,s0.501048448,s343.627263049
150_86,s2.891387325,s-0.121186636,s107.916070256
150_87,s0.806086506,s2.407693321,s99.344433142
150_88,s4.685279360,s1.609920929,s89.059010039
150_89,s5.990207381,s0.474297517,s221.198415873
150_90,s6.204473905,s-0.767776828,s304.618934599
150_91,s-5.782285734,s2.633613588,s268.309193123
150_92,s-4.599120426,s1.924710233,s186.111754604
150_93,s-3.179578399,s0.348922375,s73.231935388
150_94,s-2.814523472,s2.173558441,s30.526810435
150_95,s0.008076364,s0.301904243,s149.527683480
150_96,s0.593845122,s2.215727254,s114.269342360
150_97,s-1.369671854,s3.327088125,s3.986643311
150_98,s0.919430528,s-0.012856908,s246.325375507
150_99,s1.592102735,s3.769203394,s33.983258899
150_100,s3.103118887,s-0.014813956,s172.616359936
150_101,s3.293440310,s2.961135964,s98.315261807
150_102,s7.264158038,s-0.079787126,s280.557686370
150_103,s5.248015726,s2.659182706,s215.675050091
150_104,s-3.848623962,s3.142126355,s225.668744236
150_105,s-3.110432541,s3.180525524,s200.243695308
150_106,s-3.464820823,s1.450050014,s81.631544900
150_107,s-3.553825894,s0.894852975,s79.114341554
150_108,s-2.091871933,s2.730911683,s330.948625389
150_109,s-2.281402282,s1.843783464,s122.495234628
150_110,s2.097420013,s2.683258506,s68.919707516
150_111,s0.848731062,s0.562776179,s6.953800185
150_112,s2.831941619,s1.413548478,s149.070121989
150_113,s3.377990998,s3.301789643,s228.442249709
150_114,s5.589999952,s1.742017367,s24.396660782
150_115,s4.423199401,s4.095863496,s27.700750326
150_116,s6.957122402,s3.599840216,s101.967309842
150_117,s-6.363944053,s1.814949757,s22.733169650
150_118,s-4.816479904,s5.056291223,s216.394900033
150_119,s-3.471100280,s4.125952313,s190.735796171
150_120,s-2.495382511,s3.260498079,s323.800958688
150_121,s-2.237986146,s4.329162789,s263.720772578
150_122,s-1.333301163,s4.815757334,s167.426197426
150_123,s2.150629336,s3.754430766,s17.426933221
150_124,s1.748178745,s1.676200660,s240.937131319
150_125,s-0.915790453,s7.384745613,s271.617967295
150_126,s2.728949501,s3.395734282,s87.723532798
150_127,s3.987258829,s4.210101720,s207.705870358
150_128,s6.164124829,s3.298771115,s45.881096188
150_129,s6.879411519,s4.604908221,s167.052125144
150_130,s-7.588847342,s5.134335168,s251.649035814
150_131,s-6.076618621,s4.370937305,s248.811057478
150_132,s-4.917191313,s5.975207465,s236.475483600
150_133,s-3.764963301,s4.918956416,s193.565022272
150_134,s-2.529059600,s4.376507261,s246.311801056
150_135,s-0.978050666,s5.345389560,s196.596580259
150_136,s0.061572303,s3.497412850,s252.820150065
150_137,s0.910010651,s5.196339707,s282.124806645
150_138,s1.709846086,s7.100937158,s215.290161126
150_139,s1.294610092,s4.618154675,s222.196396972
150_140,s3.883972180,s6.366394218,s292.264772336
150_141,s5.259559573,s5.146748803,s339.391071287
150_142,s4.856754229,s3.659192542,s191.838848629
150_143,s-5.339825554,s5.322775890,s107.732566070
150_144,s-5.290113443,s6.983869228,s232.376253474
150_145,s-3.479720737,s6.735749467,s206.097917041
150_146,s-2.892718982,s5.890584304,s353.643203778
150_147,s0.188058386,s6.937243787,s27.949081608
150_148,s-2.098868519,s6.138000779,s186.472817220
150_149,s0.753061138,s6.857136003,s216.514295512
151_0,s-5.375972458,s-6.181923918,s146.470284529
151_1,s-5.023675297,s-6.843390411,s323.134077842
151_2,s-4.165675645,s-4.433413177,s216.737617027
151_3,s-3.985869166,s-7.163974817,s125.448238103
151_4,s-2.540771205,s-6.333742364,s216.818925088
151_5,s-0.832058750,s-6.084331464,s267.143614414
151_6,s-0.309090252,s-4.679151232,s79.243489818
151_7,s0.438383206,s-6.148774288,s355.899546657
151_8,s1.150348650,s-6.571292732,s67.593652306
151_9,s3.312279041,s-5.546254987,s83.502343378
151_10,s2.447269748,s-6.469525530,s261.195628354
151_11,s4.288447651,s-5.059328036,s301.116858580
151_12,s2.907631086,s-7.183090012,s142.436226838
151_13,s-7.053013568,s-4.977212750,s211.187482230
151_14,s-5.225371315,s-3.508634962,s256.033162774
151_15,s-1.321727508,s-3.893973655,s159.555937463
151_16,s-4.135967505,s-5.380593676,s94.681042872
151_17,s-1.881437320,s-5.913980805,s231.116705301
151_18,s-1.985770530,s-5.206110131,s262.620995410
151_19,s1.513951809,s-4.927351728,s259.967347453
151_20,s1.590421212,s-2.229100450,s350.986499277
151_21,s0.885364106,s-5.636777201,s333.090241493
151_22,s2.359993208,s-4.989478375,s276.953571344
151_23,s2.852580583,s-4.267049270,s170.198531796
151_24,s5.909720129,s-5.097172645,s142.609685096
151_25,s6.918136640,s-3.802137199,s35.207725751
151_26,s-6.334110922,s-3.431730444,s69.107697139
151_27,s-6.090561165,s-5.024608671,s172.308236896
151_28,s-3.033152014,s-4.738045892,s150.239235687
151_29,s-2.527749300,s-4.689907099,s303.711226271
151_30,s-1.157599750,s-3.056279897,s197.869796742
151_31,s-0.924848867,s-2.225338995,s232.434655296
151_32,s-0.716564848,s-4.231204574,s71.798927390
151_33,s-0.026955794,s-4.066028001,s137.674418239
151_34,s0.996737374,s-3.283274284,s67.342285650
151_35,s1.796643766,s-3.772409491,s356.073985122
151_36,s4.523699006,s-3.995114683,s293.685724453
151_37,s5.169606844,s-3.034309180,s152.826727005
151_38,s6.099076048,s-3.215233014,s266.969378085
151_39,s-6.137880424,s-1.706717325,s222.214898350
151_40,s-4.206256728,s-2.080413517,s111.155927918
151_41,s-4.195301037,s-3.201035293,s73.409214883
151_42,s-4.405034788,s-3.937067492,s342.886708463
151_43,s-1.454568985,s-1.314628503,s318.715977101
151_44,s-0.884510014,s-0.421135592,s161.368119714
151_45,s0.088099904,s-3.296168658,s284.893567218
151_46,s1.270912613,s-1.254957298,s152.632969361
151_47,s1.453667874,s-1.518220106,s262.560654621
151_48,s2.951400894,s-3.259074350,s307.178375783
151_49,s6.203574136,s1.616480586,s275.457713109
151_50,s3.753929801,s-3.430191085,s329.240590417
151_51,s7.120004197,s-1.301035812,s204.045238982
151_52,s-6.979860250,s-0.965689717,s177.867055240
151_53,s-4.498623625,s-1.563515127,s22.941035959
151_54,s-2.321096539,s-1.436810890,s293.598879947
151_55,s-2.431997088,s-2.592799293,s349.294319193
151_56,s-2.490148243,s-3.713861371,s212.979233001
151_57,s-3.608097639,s-0.559565244,s347.396056457
151_58,s-0.055936994,s-1.857860809,s97.530533495
151_59,s0.658293350,s-1.457224679,s344.293433388
151_60,s1.172676425,s-0.343881086,s290.242320299
151_61,s3.821781857,s-2.047281755,s90.107566298
151_62,s4.632551685,s-2.666436504,s8.879297797
151_63,s3.581218430,s-0.970020535,s294.737177888
151_64,s5.378528706,s-1.617722530,s330.374553569
151_65,s-6.700987503,s-0.131086522,s223.854283894
151_66,s-4.903199549,s-0.059023801,s331.411036463
151_67,s-4.235221161,s2.201973918,s278.269339337
151_68,s-0.165772693,s0.160076388,s351.987250825
151_69,s-2.054354182,s-0.001999024,s23.246064572
151_70,s0.495246920,s0.615563845,s112.852442035
151_71,s-0.695070583,s-1.084737322,s327.525916489
151_72,s1.983801103,s-0.409804751,s159.067439369
151_73,s0.589766960,s1.870811299,s142.139643356
151_74,s1.658825152,s1.185553401,s233.186840203
151_75,s3.890785945,s0.156295252,s154.508194218
151_76,s4.708166116,s0.885331210,s354.502594852
151_77,s7.340487307,s-0.124341113,s171.380069578
151_78,s-7.081780692,s0.744306648,s70.607834198
151_79,s-2.780008753,s1.080002837,s136.542025835
151_80,s-3.311362678,s-1.681379408,s132.363083485
151_81,s-4.094699458,s0.181473236,s7.497174277
151_82,s-0.173069086,s2.259476758,s257.568410633
151_83,s0.142303568,s0.235744656,s221.371382858
151_84,s-1.954419587,s0.877021729,s353.778945313
151_85,s-1.868321878,s2.352308854,s41.966940663
151_86,s0.778752403,s-0.288853807,s73.764003711
151_87,s1.823885544,s-0.833876807,s291.312914707
151_88,s3.412160287,s-1.161123826,s350.247500453
151_89,s4.940371787,s-1.627284902,s236.563663368
151_90,s7.240269157,s0.401490103,s228.172627507
151_91,s-6.202142686,s2.083623512,s20.530340145
151_92,s-6.898112383,s4.072862400,s150.781661277
151_93,s-4.787952814,s0.745851696,s142.246302275
151_94,s-2.646648557,s0.596331734,s115.816020471
151_95,s-2.154679720,s1.740425416,s137.044061792
151_96,s-2.197629011,s1.418009934,s307.933367785
151_97,s2.056347195,s0.229992001,s301.968061435
151_98,s1.910221687,s1.838767709,s132.244958455
151_99,s3.554156806,s-0.434845087,s201.759528860
151_100,s5.609977663,s0.801125235,s307.696950629
151_101,s2.845350081,s2.870064109,s145.134896428
151_102,s5.296877414,s2.823807788,s332.852734786
151_103,s5.788187951,s-0.288036896,s350.589484214
151_104,s-7.062586463,s4.661874036,s62.993435605
151_105,s-3.014407205,s2.674126417,s254.618824158
151_106,s-2.961053987,s1.894290322,s302.679280950
151_107,s-2.274075687,s3.968251176,s53.659873827
151_108,s-3.063259823,s2.329952828,s328.326241535
151_109,s-0.117264733,s2.850488341,s322.128718980
151_110,s-0.172997885,s1.042996279,s26.331241565
151_111,s-0.139730071,s2.664022806,s181.814350456
151_112,s1.884983129,s2.043781353,s189.826076795
151_113,s2.731063986,s1.621994230,s160.424350692
151_114,s2.538024879,s4.317708494,s46.831039876
151_115,s4.410769301,s3.272651144,s63.463773622
151_116,s6.785414974,s1.807527216,s195.859046073
151_117,s-5.200494424,s4.978682842,s191.603597438
151_118,s-5.113776898,s3.835478397,s207.252944177
151_119,s-3.721799657,s3.757061542,s310.255678874
151_120,s-1.589797928,s4.050840023,s217.705298907
151_121,s0.943380528,s3.685156533,s280.895732469
151_122,s1.003083920,s2.353908602,s305.237334210
151_123,s1.898320838,s5.500971953,s110.839546577
151_124,s1.636698524,s3.326282752,s69.111045388
151_125,s2.382253249,s2.426172885,s74.525125431
151_126,s3.393672242,s5.267075527,s3.827085228
151_127,s3.280233676,s3.587080704,s101.084337961
151_128,s4.460336280,s5.509074774,s9.131271518
151_129,s5.993381080,s2.337830109,s329.536267250
151_130,s-7.024544718,s3.233912298,s331.158713928
151_131,s-6.579745158,s5.940752679,s302.922960848
151_132,s-3.749351913,s5.187609286,s100.590367128
151_133,s-3.173061176,s6.073219108,s28.479822329
151_134,s-2.247952875,s2.114385177,s4.864440028
151_135,s-2.652480017,s4.951250366,s174.357479395
151_136,s-1.044034196,s6.047714896,s254.681520408
151_137,s-1.220065320,s4.342303064,s301.943058108
151_138,s2.128413575,s6.117812400,s259.193934180
151_139,s2.284074441,s5.153579456,s334.058656232
151_140,s4.060627941,s4.433115548,s124.171377891
151_141,s3.830037072,s6.385641273,s18.736282879
151_142,s4.964262550,s6.715949603,s270.110615054
151_143,s-5.369957973,s6.571791496,s108.056659906
151_144,s-4.855879878,s6.040540578,s216.030912405
151_145,s-1.920594276,s5.377432759,s27.558979128
151_146,s-4.676938662,s7.145172966,s65.523691911
151_147,s-1.086954581,s7.032100457,s348.935634069
151_148,s-0.435079640,s6.595706743,s257.481396776
151_149,s0.420630848,s5.401333944,s272.201939260
151_150,s0.705590575,s6.215428868,s34.059606757
152_0,s-6.816020846,s-3.783943202,s118.343338156
152_1,s-5.028639732,s-5.954809799,s183.288091137
152_2,s-3.231575441,s-6.494810591,s349.308478923
152_3,s-2.088261065,s-7.450767300,s160.520085646
152_4,s-2.264907327,s-6.013348282,s176.962513428
152_5,s-1.298734448,s-6.669516385,s321.256673219
152_6,s-0.866397751,s-7.590691781,s183.821330065
152_7,s-0.235626654,s-6.315270490,s65.449214467
152_8,s0.975766501,s-5.916941529,s60.188407034
152_9,s2.866165571,s-7.440063141,s131.498392202
152_10,s3.719470645,s-6.975438412,s158.446323012
152_11,s3.699040335,s-4.513409420,s243.331804936
152_12,s5.838343761,s-7.112001593,s150.883651434
152_13,s-6.728432644,s-1.431352219,s180.170246767
152_14,s-3.098058883,s-5.928633127,s267.860767635
152_15,s-4.099218187,s-3.778003083,s306.619130652
152_16,s-1.284654805,s-1.922933019,s222.089303476
152_17,s-2.457433557,s-5.832942694,s40.897587028
152_18,s-2.019790414,s-5.396491169,s227.345010004
152_19,s1.311461196,s-4.973829412,s97.311948522
152_20,s1.318158998,s-3.578195073,s164.557501311
152_21,s4.138603066,s-6.197269475,s56.940333020
152_22,s2.472602865,s-3.509448425,s346.663632103
152_23,s4.928313178,s-3.754210983,s183.206281129
152_24,s6.596103071,s-4.164790869,s112.297649612
152_25,s6.556356765,s-5.725163158,s332.060177729
152_26,s-7.410382472,s-3.489104901,s157.300542850
152_27,s-4.694695949,s-4.751279056,s353.661162216
152_28,s-2.606666225,s-3.707606339,s322.116969843
152_29,s-4.958103676,s-2.872935271,s58.710128314
152_30,s-2.851757441,s-1.693463197,s48.244595696
152_31,s-1.458605707,s-3.401733269,s301.762619463
152_32,s-1.500881031,s-4.708371674,s295.449642543
152_33,s0.318431589,s-3.003041969,s345.464851226
152_34,s3.152834969,s-3.849821761,s351.333526018
152_35,s1.973486521,s-5.758433812,s139.258607206
152_36,s1.600188655,s-2.564113157,s129.345328664
152_37,s2.963582067,s-4.109060757,s282.239432210
152_38,s6.075031403,s-3.641351452,s163.104132719
152_39,s-5.819611116,s-1.611446099,s147.601908390
152_40,s-5.577085917,s-0.257657898,s216.868306022
152_41,s-5.985065953,s-4.747828786,s259.979196597
152_42,s-4.611291731,s-0.185525040,s88.229523824
152_43,s-4.490178524,s-1.317278047,s273.616808417
152_44,s-0.627223377,s-3.092979754,s233.542174773
152_45,s1.182304901,s-2.612080578,s283.787073031
152_46,s1.072300371,s-3.765323176,s202.281626840
152_47,s3.818897475,s-0.764404799,s260.408496940
152_48,s3.211173795,s-2.976514926,s255.870241173
152_49,s4.221583691,s-1.062334485,s149.358877766
152_50,s5.046161107,s-2.382285696,s33.777286068
152_51,s7.366183120,s-1.961507674,s131.856857030
152_52,s-7.434029981,s-0.055213577,s177.428682358
152_53,s-6.798911329,s-1.178336452,s35.966106495
152_54,s-2.764621178,s-3.608022461,s245.755316237
152_55,s-2.937474373,s-0.614205215,s173.041922119
152_56,s-2.083473460,s-1.610394594,s355.610624686
152_57,s-0.717622687,s-1.046288277,s281.447178627
152_58,s-0.414346140,s-3.187526634,s268.973976559
152_59,s0.412750201,s-0.911190282,s110.854761346
152_60,s0.720334922,s-2.522783586,s206.427238377
152_61,s0.826374298,s-0.260020787,s240.994543938
152_62,s2.833181367,s0.816005559,s167.176008230
152_63,s3.352234322,s-2.301029118,s346.455593697
152_64,s4.804671174,s-0.930766871,s285.908318290
152_65,s-6.429737508,s-0.208053049,s240.494617115
152_66,s-2.873673225,s-0.004094365,s83.600381659
152_67,s-1.739344086,s-0.394457588,s258.773030788
152_68,s-1.624011103,s1.797713482,s239.116548156
152_69,s-1.416718665,s-0.915322432,s141.580047068
152_70,s-0.922150280,s-0.482150235,s175.517685266
152_71,s0.592696020,s-0.607962169,s54.349437380
152_72,s0.484501041,s0.121727723,s184.077752071
152_73,s1.422838226,s-0.376590953,s287.564573518
152_74,s4.189242524,s0.031666290,s334.014510466
152_75,s5.542312101,s-0.591793769,s99.692839748
152_76,s5.201502122,s0.924411493,s91.438353989
152_77,s7.295130858,s-0.393350904,s333.750461674
152_78,s-5.280046976,s1.621920317,s43.834691344
152_79,s-5.194391728,s0.464942674,s33.874738634
152_80,s-3.152129185,s1.168954548,s115.718135057
152_81,s-4.615911483,s0.232333991,s38.731080639
152_82,s-2.543299422,s1.809424607,s135.682762807
152_83,s-1.353684623,s-0.111509878,s354.056246369
152_84,s-0.066955297,s0.411985308,s188.478191698
152_85,s0.620707414,s1.034913867,s144.889990326
152_86,s2.481774908,s0.248170346,s91.856681097
152_87,s1.604939432,s-1.699382940,s262.949263693
152_88,s2.583560275,s0.947423330,s115.267876724
152_89,s4.084785574,s1.924756818,s325.321716909
152_90,s6.701321179,s2.709843806,s100.071033039
152_91,s-6.919726101,s2.193232803,s314.261522804
152_92,s-4.757979141,s4.056670354,s124.561965038
152_93,s-4.206327075,s1.175557331,s233.293175780
152_94,s-3.273668205,s2.375046513,s352.818736641
152_95,s-0.582239910,s1.044767714,s179.661133359
152_96,s-2.308634031,s2.319237725,s336.418993830
152_97,s0.017111552,s6.347511855,s205.722618869
152_98,s1.567107336,s0.572380236,s244.045968060
152_99,s2.209144529,s1.417580404,s245.023692140
152_100,s2.690426571,s2.777713891,s12.674273066
152_101,s4.262354797,s4.103164370,s56.362797418
152_102,s5.577712911,s2.274374257,s71.095934246
152_103,s7.019125686,s2.181030481,s262.026984045
152_104,s-7.595020353,s2.957260963,s247.238920260
152_105,s-4.800896115,s1.840772011,s176.741320833
152_106,s-4.244752411,s2.552513150,s13.002494762
152_107,s-3.523633931,s0.246147312,s183.285132292
152_108,s-2.114417987,s3.534168255,s69.670597850
152_109,s-0.405233221,s3.298269590,s198.565259239
152_110,s-0.795137310,s0.308192905,s163.302072039
152_111,s-0.490155629,s1.908679704,s355.290545628
152_112,s0.164125849,s3.106746379,s139.239697882
152_113,s1.547385540,s3.038372806,s222.491492746
152_114,s3.178671566,s0.823129712,s325.683345519
152_115,s4.057331834,s2.497216364,s16.380567754
152_116,s5.840456512,s3.464977345,s163.225819026
152_117,s-6.071456895,s5.615710961,s118.117155877
152_118,s-5.662885010,s2.067485808,s41.699280632
152_119,s-4.962506870,s6.003066576,s19.604898328
152_120,s-3.393086014,s4.212097912,s293.446915084
152_121,s-2.101263210,s6.675923541,s302.902599499
152_122,s-0.828768768,s2.023174153,s305.266775779
152_123,s2.230284003,s3.401228076,s14.927807042
152_124,s3.317707865,s5.460753055,s116.893629297
152_125,s-0.256411658,s4.734730869,s319.553612939
152_126,s3.156932735,s3.152783009,s121.302122106
152_127,s3.866753583,s5.102240217,s72.792279981
152_128,s6.143847269,s4.668826261,s125.685416261
152_129,s6.439989423,s5.714394157,s234.695811594
152_130,s-7.478940843,s4.329860023,s198.220205296
152_131,s-3.508860059,s6.977028822,s136.950048368
152_132,s-3.487292081,s3.077770732,s223.270898606
152_133,s-2.704303967,s6.206623548,s226.922375656
152_134,s-0.849606504,s4.195931173,s259.896854232
152_135,s-1.167585495,s3.783364647,s296.338411350
152_136,s-0.981836720,s5.344136025,s252.661022233
152_137,s1.290351145,s5.300418737,s82.741565734
152_138,s1.350768469,s7.582491401,s222.100156243
152_139,s1.760175264,s4.091580563,s22.173426355
152_140,s3.552462993,s5.758265026,s0.022001148
152_141,s4.971191703,s3.663704207,s31.107499042
152_142,s6.237394388,s7.602364916,s10.521860306
152_143,s-5.494212368,s7.153604758,s21.499955220
152_144,s-4.874351932,s7.244983866,s130.715417190
152_145,s-3.654129410,s4.939551105,s6.660714255
152_146,s-3.511235705,s7.585889043,s350.831631398
152_147,s-2.656218641,s4.442965507,s314.962881605
152_148,s-2.211663397,s6.974058719,s59.643885355
152_149,s-0.192315558,s6.542884330,s72.584358504
152_150,s2.204124677,s7.258651197,s98.761856091
152_151,s3.584746974,s6.682204987,s104.548570512
153_0,s-7.504406506,s-4.235708836,s237.403646725
153_1,s-7.370946247,s-7.682549663,s72.208585694
153_2,s-5.319562423,s-6.380902727,s242.102132439
153_3,s-3.729286472,s-6.556311063,s20.729312487
153_4,s-2.887341776,s-5.746031851,s325.764565913
153_5,s-1.256399104,s-7.793966430,s320.817323518
153_6,s-1.264807872,s-6.348391922,s269.981441143
153_7,s1.255385380,s-7.326860182,s150.561167545
153_8,s1.113300135,s-6.238532859,s151.389143991
153_9,s2.829634533,s-7.309313045,s125.278176171
153_10,s4.756381953,s-6.632036908,s310.588679730
153_11,s5.935664213,s-7.718850303,s117.825665432
153_12,s6.608543540,s-6.198407682,s299.896815479
153_13,s-7.094667162,s-4.083915045,s23.359455894
153_14,s-4.138787478,s-3.587365377,s151.454364183
153_15,s-2.045735944,s-5.578654508,s212.899745542
153_16,s-1.672785791,s-0.626006068,s24.455304094
153_17,s-2.011732680,s-4.184061772,s166.771078542
153_18,s1.536122560,s-5.571648146,s23.738621519
153_19,s0.689708893,s-4.499645782,s107.781370230
153_20,s3.610435403,s-6.437120053,s32.260908427
153_21,s3.535596637,s-4.153968348,s198.517054092
153_22,s3.965555940,s-7.174907550,s332.542764565
153_23,s3.574368829,s-2.534003501,s246.625160971
153_24,s4.201847299,s-5.118247629,s105.866561074
153_25,s6.808873249,s-3.456980638,s70.493732529
153_26,s-4.099114626,s-4.026750445,s154.477650887
153_27,s-4.735965517,s-2.055237436,s100.850075756
153_28,s-5.444695939,s-5.839305515,s60.432722588
153_29,s-3.963420305,s-6.197335570,s107.988917030
153_30,s-1.818717595,s-3.745992240,s343.397773695
153_31,s-0.109942893,s-6.177671546,s348.769784304
153_32,s-1.689612312,s-2.442987536,s348.968399642
153_33,s2.412387544,s-2.901069105,s195.130324997
153_34,s1.657571025,s-4.042316273,s165.047826318
153_35,s2.072908990,s-3.538566926,s231.301842796
153_36,s4.484398317,s-3.956606765,s78.108087327
153_37,s7.451403618,s-5.733036424,s226.999644063
153_38,s5.389747863,s-1.820887491,s51.497664513
153_39,s-5.743430653,s-2.696592703,s291.739969231
153_40,s-4.126027261,s-1.331220321,s264.367773261
153_41,s-3.219744733,s-2.723063836,s286.008860907
153_42,s-3.565226351,s-4.938782156,s274.005173750
153_43,s-2.928832880,s-3.139827194,s9.151517148
153_44,s-0.749236625,s-4.262161799,s109.518038519
153_45,s1.118056094,s-0.360432448,s104.290312778
153_46,s0.896431509,s-2.329540208,s137.563008840
153_47,s3.362026901,s-4.181863440,s12.448015075
153_48,s0.893343839,s-0.977394122,s48.968163174
153_49,s4.795158947,s-4.193559330,s201.752734576
153_50,s4.960642429,s-1.440636908,s166.816636346
153_51,s6.175968334,s-2.027954843,s140.357081448
153_52,s-6.562749121,s-2.942918590,s76.229938478
153_53,s-6.547060127,s-1.322897396,s77.542080129
153_54,s-4.340416098,s-0.984389763,s340.232013535
153_55,s-2.878599196,s-2.042468156,s337.636333921
153_56,s-1.041285747,s-0.780992310,s231.139541470
153_57,s-0.676513222,s-2.096118031,s171.572256761
153_58,s-0.984500685,s-1.180212183,s315.524165249
153_59,s-0.096926760,s-3.385557453,s156.592241131
153_60,s2.067461955,s-0.717065674,s315.213604927
153_61,s2.946507992,s-2.128653440,s322.791307040
153_62,s3.415649464,s-0.765831360,s112.519336873
153_63,s3.570919622,s-2.261422763,s338.587878344
153_64,s7.603375580,s-0.804713681,s224.517492817
153_65,s-5.423602178,s0.609206817,s225.568339782
153_66,s-4.298230911,s1.338120623,s92.626660859
153_67,s-2.408974137,s-1.991487323,s322.788316074
153_68,s-0.903597887,s0.272921769,s278.642077244
153_69,s-2.282193626,s-0.785415372,s13.826068887
153_70,s-0.941393029,s-0.132919929,s322.075730339
153_71,s0.000188743,s-2.283350344,s283.198799381
153_72,s-0.269732280,s-0.307786926,s290.881880735
153_73,s3.116585789,s-0.225955799,s354.472007367
153_74,s4.052810852,s-0.447522223,s305.088861974
153_75,s6.291644481,s-0.255962585,s168.857711631
153_76,s7.469404350,s1.596316129,s126.924369354
153_77,s7.196351874,s0.950369881,s274.161483946
153_78,s-7.110273445,s-0.626306479,s80.256701802
153_79,s-4.988012889,s1.547988643,s193.214164444
153_80,s-3.396465136,s2.485602683,s334.050956910
153_81,s-3.765190069,s-0.524799370,s149.381576760
153_82,s-1.958796034,s1.489859005,s36.570590024
153_83,s-1.023349791,s2.199848093,s308.281103246
153_84,s1.122224653,s0.786656895,s49.414412633
153_85,s0.040421108,s0.134171617,s92.248113581
153_86,s1.991329391,s0.117829829,s50.633909501
153_87,s3.441384393,s1.440292591,s236.006375022
153_88,s5.894486165,s-1.181879757,s92.469868897
153_89,s3.766239645,s0.422247472,s113.424707053
153_90,s5.607830074,s1.405427133,s175.687491315
153_91,s-6.542990856,s2.310187978,s359.122189847
153_92,s-4.606749773,s1.885374763,s289.380583860
153_93,s-4.053077410,s2.247857276,s357.466088385
153_94,s-2.748067274,s-0.031246257,s342.748421771
153_95,s-2.979734864,s4.570355097,s137.895725337
153_96,s-0.143656490,s-0.892255115,s323.538024818
153_97,s-0.772995587,s3.281469980,s206.329862076
153_98,s-0.175213795,s0.964438259,s258.763182771
153_99,s2.495075789,s0.721793371,s272.085882470
153_100,s2.564241777,s1.935620934,s328.135958064
153_101,s4.263055323,s3.532230537,s342.595256030
153_102,s4.541317813,s1.103445316,s284.323928621
153_103,s7.381772154,s2.302715644,s7.496770094
153_104,s-7.125611451,s3.290656304,s196.560024804
153_105,s-5.372823559,s3.823159600,s242.983297181
153_106,s-6.086469755,s2.806302195,s221.288212500
153_107,s-0.979608629,s0.902008816,s73.390175557
153_108,s-4.326371461,s4.208304952,s335.691281058
153_109,s-0.082448014,s2.168775978,s54.080123427
153_110,s-0.676414272,s0.717420918,s311.243930295
153_111,s0.013952731,s4.447951008,s349.618923339
153_112,s1.506279489,s2.753444787,s92.090177649
153_113,s1.914847831,s3.168795130,s44.378884109
153_114,s2.637224377,s2.735119085,s169.082124204
153_115,s4.313859002,s5.182534753,s151.527372781
153_116,s6.525608220,s0.704375373,s59.321229147
153_117,s-3.384718654,s3.228591907,s202.524174856
153_118,s-4.969172028,s7.425649782,s326.437524164
153_119,s-2.707692084,s2.711570711,s248.152311420
153_120,s-2.015585926,s6.480531128,s132.161941206
153_121,s-1.637641383,s2.391933736,s358.757020355
153_122,s-1.466721025,s4.842178850,s342.922771734
153_123,s-2.378011300,s3.102544217,s243.665738274
153_124,s0.096584985,s5.927566466,s129.612173810
153_125,s1.786938877,s6.638722644,s292.447347086
153_126,s3.462474880,s3.280868816,s85.272119373
153_127,s5.761631702,s5.915351506,s65.033342282
153_128,s5.976426787,s3.063031784,s222.989466145
153_129,s6.784866516,s5.145229163,s51.889038962
153_130,s-7.448872291,s4.079957353,s126.037575585
153_131,s-6.920160430,s5.915408207,s257.617258400
153_132,s-6.445901643,s3.738885067,s157.976725033
153_133,s-3.367133401,s4.929773359,s23.160981119
153_134,s-1.855195479,s3.637820998,s100.319098850
153_135,s-1.563814173,s5.341539324,s108.626225663
153_136,s-0.827594392,s5.576882784,s8.248041089
153_137,s1.243149390,s1.370186549,s104.538052964
153_138,s0.482580109,s3.742015271,s194.441275556
153_139,s2.581417714,s5.723941972,s270.781400648
153_140,s5.847516169,s4.359657459,s156.884822986
153_141,s4.888750398,s7.328043448,s313.178657063
153_142,s5.369738990,s6.629885174,s318.678931343
153_143,s-7.520680855,s4.913166599,s53.561551249
153_144,s-5.657142290,s6.780403970,s114.874670061
153_145,s-4.401371982,s7.106160478,s139.928397998
153_146,s-3.466429499,s6.656895927,s344.948635268
153_147,s-3.885807528,s5.892513404,s282.309288262
153_148,s-0.024953025,s6.500103488,s306.288924242
153_149,s0.349933333,s7.066910512,s108.360009192
153_150,s0.797600037,s6.024380412,s229.348036951
153_151,s2.988535912,s7.291715940,s148.254402723
153_152,s3.962063113,s7.114554279,s85.190497296
154_0,s-6.674987460,s-4.080385360,s131.838527356
154_1,s-4.344058789,s-6.904844117,s36.465738718
154_2,s-3.919299962,s-6.009122116,s193.957550010
154_3,s-2.881473268,s-5.633962384,s272.314035956
154_4,s-2.304539877,s-6.428639256,s185.206487713
154_5,s-0.910644985,s-6.895913352,s166.055669351
154_6,s0.666078311,s-4.766968698,s60.635850376
154_7,s-0.097651352,s-6.638465141,s31.170136636
154_8,s0.401259940,s-3.949840226,s205.287084758
154_9,s1.470967272,s-6.302644281,s131.379967086
154_10,s0.598356233,s-5.718573478,s118.919088849
154_11,s2.833306674,s-5.618987989,s131.323229533
154_12,s5.478744751,s-5.925027172,s354.986960637
154_13,s-4.544490578,s-3.513673823,s344.978833918
154_14,s-5.582461929,s-5.212128506,s292.402930629
154_15,s-4.746809779,s-5.506307940,s31.991103871
154_16,s-1.727683916,s-6.448098371,s138.805390554
154_17,s-2.915413952,s-3.977770395,s355.344886002
154_18,s-0.485048803,s-5.802370919,s48.863864426
154_19,s-0.476359725,s-3.499119772,s244.773433781
154_20,s0.250259938,s-6.592401291,s218.173751974
154_21,s2.452395097,s-4.104379791,s229.691894719
154_22,s2.757692589,s-2.636484863,s100.087962360
154_23,s2.752732471,s-4.131618617,s168.471117758
154_24,s3.052631274,s-5.266516135,s242.233242472
154_25,s6.339820558,s-4.444136883,s205.860728446
154_26,s-6.545353418,s-3.070619430,s68.179000788
154_27,s-5.258671641,s-3.456901331,s300.292612978
154_28,s-5.568041811,s-0.130976848,s129.478570766
154_29,s-3.166076061,s-5.152337023,s104.598464322
154_30,s-1.322064593,s-5.439038129,s108.015646119
154_31,s-0.402745239,s-1.924710591,s184.204844670
154_32,s1.106628248,s-3.135529757,s200.183105983
154_33,s2.823368369,s-1.020384671,s134.987779599
154_34,s-0.642337524,s-4.532638957,s42.420329723
154_35,s1.480293582,s-2.043677024,s153.181976250
154_36,s5.078005212,s-2.104725169,s226.464161009
154_37,s4.343029394,s-4.456515160,s4.064899609
154_38,s4.815918919,s-3.490789389,s42.045590715
154_39,s-6.630828366,s-1.511014035,s341.361257189
154_40,s-3.067122276,s-4.217412056,s218.076374648
154_41,s-3.085644436,s-2.563805957,s209.085802669
154_42,s-0.784320529,s-3.418128529,s288.795999992
154_43,s-3.157293067,s-1.494820261,s87.421970807
154_44,s-2.429106494,s-3.301785435,s154.756925911
154_45,s0.363502842,s-2.029966130,s149.224182504
154_46,s-0.865666722,s-0.895316159,s121.231053244
154_47,s1.997405288,s-2.351429387,s302.444635846
154_48,s1.194255527,s-3.988952978,s85.693056457
154_49,s3.272889131,s-1.146839467,s307.084117632
154_50,s6.323465023,s-3.624586779,s108.418438086
154_51,s5.816750078,s-0.504055416,s279.906626502
154_52,s-5.437819937,s-2.445854245,s225.203133388
154_53,s-6.210317355,s-0.189459636,s201.836806050
154_54,s-4.477753823,s-2.317106862,s152.422658493
154_55,s-1.958759556,s-0.899587635,s278.799950111
154_56,s-3.888357873,s-1.287007216,s21.479715398
154_57,s-1.293355521,s-1.781115027,s69.522875755
154_58,s-1.104153116,s-2.225625247,s43.945957534
154_59,s-0.326441327,s-0.359448704,s313.150823860
154_60,s0.312542377,s-1.469265532,s298.140852019
154_61,s2.763479002,s-0.579450551,s151.815928565
154_62,s6.053933922,s-1.958528384,s129.534036515
154_63,s2.430440814,s1.196206843,s329.435669260
154_64,s6.605183230,s0.159400394,s0.261522421
154_65,s-4.715007103,s0.942018844,s4.425401359
154_66,s-4.283554580,s0.729767083,s52.065599281
154_67,s-4.972791096,s-1.825158671,s2.180438371
154_68,s-2.133058254,s-0.133348795,s323.661620191
154_69,s-1.692768941,s-2.460690818,s155.367790449
154_70,s-1.123912181,s0.439358465,s84.653869127
154_71,s-1.449476518,s0.071815000,s215.879911148
154_72,s1.917153091,s-0.441252433,s94.747693073
154_73,s2.435692013,s0.064759645,s40.001083824
154_74,s3.954795069,s-4.499694980,s108.545198633
154_75,s3.726354226,s-0.861321041,s124.611009695
154_76,s5.296543007,s0.380392517,s252.633598836
154_77,s5.507656573,s-0.514280500,s203.833350083
154_78,s-6.766489581,s-0.798679771,s169.215517557
154_79,s-4.827328894,s3.613061553,s294.519583287
154_80,s-4.024764906,s-0.161481829,s129.647136433
154_81,s-1.073443030,s2.345791984,s204.253557356
154_82,s-2.207594260,s0.816994632,s131.481224144
154_83,s0.121402088,s0.392602218,s184.204334187
154_84,s0.909104411,s1.215953354,s26.068623721
154_85,s2.599227771,s4.344828713,s125.673779624
154_86,s1.643740607,s-0.000426348,s217.196253884
154_87,s4.251120143,s0.098286767,s230.191734036
154_88,s4.825367927,s-0.640386070,s93.830547698
154_89,s3.956514818,s1.914463277,s30.334640489
154_90,s5.318920779,s1.282387413,s291.946273675
154_91,s-7.033737411,s-0.314428919,s343.260154318
154_92,s-4.679421671,s1.378183090,s332.876758405
154_93,s-2.674776828,s0.126483066,s80.888145337
154_94,s-3.454893544,s2.089947188,s166.702078251
154_95,s-0.499326989,s0.267836003,s92.407956981
154_96,s0.366894943,s2.334071742,s289.103718670
154_97,s-0.826616738,s1.184930326,s256.946914209
154_98,s-1.923635134,s-1.608473220,s236.108711060
154_99,s0.771604569,s1.638046400,s134.254937019
154_100,s3.073609753,s1.899519344,s54.900696809
154_101,s3.952914668,s2.295645210,s229.370590545
154_102,s5.587182157,s2.159133026,s343.331321786
154_103,s6.228296613,s1.289224006,s100.352840773
154_104,s-6.854965385,s1.667747866,s283.244036337
154_105,s-2.789160491,s2.786204662,s159.145195518
154_106,s-3.942172103,s1.257923328,s331.221060071
154_107,s-1.787363559,s2.448521094,s277.559724604
154_108,s-1.031078110,s3.672117871,s30.299248292
154_109,s-1.062673091,s5.213920384,s287.442155085
154_110,s2.228768783,s1.947370875,s301.197836683
154_111,s-3.402237280,s0.983076983,s335.440809459
154_112,s0.372348336,s4.041297911,s351.829031300
154_113,s1.655672727,s1.088932915,s100.185452583
154_114,s2.134041427,s2.603335183,s22.059225748
154_115,s4.299762948,s3.688720142,s308.625394442
154_116,s5.878286990,s3.031909050,s231.599790953
154_117,s-6.704632515,s3.405046297,s271.900057189
154_118,s-3.822582485,s3.932643520,s258.500384665
154_119,s-5.719093381,s0.234260090,s351.610204840
154_120,s-3.061337774,s4.619945387,s253.948706072
154_121,s-2.580936159,s4.016834350,s280.602504189
154_122,s-1.040555234,s2.922924082,s102.784433667
154_123,s2.650343485,s5.284870691,s221.047337698
154_124,s-0.085177466,s3.089141165,s233.562353336
154_125,s1.689290888,s0.361294091,s168.170825998
154_126,s1.734005476,s4.060895981,s358.192248555
154_127,s4.104453798,s4.844894050,s349.287228477
154_128,s5.510954558,s2.899375381,s23.183113186
154_129,s6.828833869,s3.986286778,s222.461080362
154_130,s-5.656200649,s5.183938841,s204.034060032
154_131,s-5.087817638,s6.531032012,s153.634207514
154_132,s-4.758485750,s4.181204207,s343.746891288
154_133,s-2.949404624,s4.841877276,s166.294540574
154_134,s-1.568476789,s3.738476498,s35.358961447
154_135,s-1.503372832,s6.613538596,s151.572277336
154_136,s-0.277568588,s5.741801690,s329.559599491
154_137,s-0.701525216,s4.811513044,s199.981988519
154_138,s1.307123024,s7.111201343,s314.541068984
154_139,s3.281624654,s3.198070887,s66.133689211
154_140,s2.292944052,s5.494035940,s156.882737576
154_141,s3.003906227,s5.007256253,s265.182516301
154_142,s5.756347735,s3.961716303,s183.038097277
154_143,s-4.410217476,s6.766235074,s197.640524869
154_144,s-3.235756799,s5.932417077,s309.242399835
154_145,s-3.830593088,s6.715711908,s301.504446840
154_146,s-2.258812612,s6.292535628,s278.575614122
154_147,s-2.127163422,s4.424170677,s203.547377757
154_148,s-1.168480222,s7.017272333,s161.893842158
154_149,s2.139848659,s5.897453984,s325.609658524
154_150,s-0.383070246,s7.027872180,s253.493584520
154_151,s3.137684664,s6.595140984,s101.267346706
154_152,s3.786449753,s6.888779372,s99.764824299
154_153,s5.631899579,s5.740908062,s253.142434218
155_0,s-7.122244869,s-5.628963181,s140.320833666
155_1,s-5.906497539,s-5.864657392,s214.103522341
155_2,s-2.721310490,s-6.106291558,s180.823330875
155_3,s-2.689289807,s-4.953355035,s126.856890792
155_4,s-2.012569590,s-6.105181866,s171.080222318
155_5,s-1.038151413,s-6.295021679,s121.070084888
155_6,s-1.285938246,s-4.950122410,s40.023922606
155_7,s2.067540007,s-7.075571948,s254.466900330
155_8,s2.574368607,s-7.446469256,s136.500759320
155_9,s1.416303681,s-5.128750084,s239.034791819
155_10,s3.135903315,s-5.570526844,s254.946856352
155_11,s3.880706832,s-6.284883435,s99.216419445
155_12,s4.541664079,s-5.578779270,s153.662529041
155_13,s7.205385203,s-4.821198655,s216.937807440
155_14,s-5.865728180,s-4.725489411,s107.900362886
155_15,s-4.836351062,s-3.028114469,s301.469988857
155_16,s-4.067064547,s-4.499949233,s287.470889069
155_17,s-1.789747466,s-4.091912987,s118.458220047
155_18,s-1.189252726,s-4.134317991,s201.769275975
155_19,s0.014494355,s-4.331870363,s169.109473847
155_20,s1.418451543,s-6.993283891,s111.691941941
155_21,s-0.367494241,s-5.333664479,s104.294965727
155_22,s0.856531853,s-3.277655088,s79.562703525
155_23,s2.535961107,s-5.033631128,s270.435097460
155_24,s3.420415755,s-5.274314596,s87.171436216
155_25,s4.282238719,s-4.203231445,s161.874260926
155_26,s6.259231050,s-6.739078481,s150.592931910
155_27,s5.674788386,s-3.800545070,s21.726213611
155_28,s-6.722087766,s-1.369742388,s299.986144613
155_29,s-6.897661138,s-2.829131336,s264.430842222
155_30,s-4.709966834,s-5.617581894,s246.036372198
155_31,s-3.894181034,s-0.939371833,s222.617805639
155_32,s-1.764015052,s-2.323307520,s339.074961847
155_33,s-0.719968092,s-2.694550364,s115.368469234
155_34,s0.995623137,s0.003550931,s206.338217173
155_35,s0.416685660,s-2.469082063,s45.002086913
155_36,s1.285343956,s-3.420853226,s186.658804697
155_37,s1.136500086,s-2.335221123,s346.023036301
155_38,s1.832608419,s-4.323327944,s219.308562351
155_39,s4.645610272,s-3.053061591,s55.453656649
155_40,s4.900712082,s-4.318284260,s275.086245136
155_41,s7.545319580,s-1.465008708,s131.642457379
155_42,s-7.468024451,s-3.130676780,s329.187223886
155_43,s-6.008010267,s-2.754132084,s137.711928067
155_44,s-3.291892711,s-3.493611500,s349.765395067
155_45,s-3.347457891,s-2.267221265,s196.557006965
155_46,s-2.794591546,s-3.137636033,s289.762485080
155_47,s-2.129936558,s-1.470341368,s261.773193758
155_48,s-0.140099266,s-3.787690596,s86.767496587
155_49,s0.442132131,s-1.138365400,s235.740018100
155_50,s3.250682045,s-4.077018316,s122.791189675
155_51,s2.819020735,s-3.116778746,s154.788609485
155_52,s4.009353456,s-3.711208334,s108.183882459
155_53,s4.953365766,s-0.802761065,s139.334950032
155_54,s5.445039722,s-2.794271077,s177.871292572
155_55,s7.139806481,s0.098526771,s181.590647392
155_56,s-6.184407823,s-1.731571603,s20.749774296
155_57,s-3.902400768,s1.801149047,s273.753465953
155_58,s-4.955038061,s2.231299559,s211.955700484
155_59,s-2.896329753,s-1.661866525,s138.411585856
155_60,s-2.246291522,s-1.041721996,s158.640046798
155_61,s-0.529346604,s-2.589907725,s290.194391503
155_62,s-0.434622145,s1.079772312,s134.740281573
155_63,s0.184041542,s-1.887662352,s312.015381629
155_64,s-0.659017721,s-1.160023337,s224.861759051
155_65,s1.597358395,s2.530678654,s107.695281308
155_66,s3.044605736,s-0.757551229,s322.458709470
155_67,s3.085724183,s1.813506104,s337.913249193
155_68,s3.677222470,s-2.643121600,s57.231962957
155_69,s2.741835390,s0.215528477,s333.835280160
155_70,s-6.281954788,s0.108392613,s332.705869977
155_71,s-4.404898628,s-3.156299988,s317.373800006
155_72,s-4.150334232,s-0.459481493,s345.044777823
155_73,s-1.606887502,s0.762919685,s3.223052649
155_74,s-2.159604426,s-0.638237038,s351.956303141
155_75,s-1.217856148,s-0.780742039,s76.881020629
155_76,s0.648467138,s1.400599830,s59.044398235
155_77,s1.640257548,s-0.476566991,s296.461082872
155_78,s1.566921476,s-1.165766400,s228.386757530
155_79,s3.213872267,s-1.496597428,s154.223135236
155_80,s1.879821455,s-2.915667676,s106.356031001
155_81,s4.137722295,s-0.340465353,s262.614937780
155_82,s7.481799304,s-1.177973969,s40.516393081
155_83,s7.502023559,s-0.006902089,s359.304714068
155_84,s-6.977498644,s0.441009546,s280.568129750
155_85,s-7.594281087,s1.900232276,s21.275523522
155_86,s-3.270757979,s0.421670576,s125.383362385
155_87,s-3.091918855,s3.109268884,s163.640087829
155_88,s-3.849393678,s-1.356567153,s279.493323793
155_89,s-1.664737372,s1.394905836,s112.491516777
155_90,s-2.102173965,s0.449426404,s250.417268879
155_91,s1.092450592,s2.615778023,s218.104089084
155_92,s0.955883553,s0.988495891,s268.581225182
155_93,s2.516070023,s1.294847675,s313.340814570
155_94,s3.747407993,s-1.314969646,s138.328800527
155_95,s4.238285600,s1.265303294,s241.300881523
155_96,s4.242059463,s2.501042626,s149.193403214
155_97,s4.931025702,s-0.431682275,s95.586600151
155_98,s-6.415029354,s2.221022431,s139.125255545
155_99,s-5.482181109,s0.555733132,s75.651841211
155_100,s-3.757630374,s3.798371653,s217.922726996
155_101,s-3.677990133,s1.339784133,s209.695223140
155_102,s-4.583140750,s0.268937783,s79.532340017
155_103,s2.020224201,s-0.224085832,s141.141283417
155_104,s-2.614922526,s2.979585821,s355.526513429
155_105,s-1.867135478,s2.227937543,s125.489771975
155_106,s2.562156049,s-0.337431678,s302.252599001
155_107,s1.906049696,s2.789322211,s228.264451186
155_108,s2.796967173,s1.615177459,s268.310294632
155_109,s5.116298487,s2.875646840,s262.312775955
155_110,s6.826710161,s1.912289564,s134.953946434
155_111,s7.206887675,s2.020530181,s86.903877854
155_112,s-6.797824143,s3.144675048,s156.808323621
155_113,s-5.770554995,s2.203693887,s277.673047149
155_114,s-2.539854552,s5.149739745,s81.855633423
155_115,s-5.298898537,s2.712252732,s325.228142861
155_116,s-2.232565070,s1.749980340,s156.644519004
155_117,s-1.150924329,s3.944037626,s12.439635475
155_118,s0.599332013,s5.173125931,s251.612059329
155_119,s0.231787031,s1.660239464,s346.910608604
155_120,s1.018374284,s4.080265130,s226.245815373
155_121,s0.198018663,s2.861115599,s209.666139181
155_122,s1.797170059,s3.653558111,s251.381296639
155_123,s3.325225380,s2.396459760,s239.169735580
155_124,s4.577345376,s3.659824556,s123.469950606
155_125,s6.167689541,s5.820184808,s296.912953654
155_126,s-6.669353667,s5.074185803,s293.981758136
155_127,s-5.183675027,s4.800066775,s45.499962864
155_128,s-4.459845425,s2.915760514,s50.096225971
155_129,s-3.203786396,s3.493450174,s120.785288327
155_130,s-2.489824443,s5.853981033,s287.932951529
155_131,s-2.175393746,s5.014237921,s229.670299925
155_132,s-1.262451290,s2.374513652,s331.934003313
155_133,s0.684802361,s3.385241616,s136.440114009
155_134,s2.494296321,s3.026319797,s142.187095707
155_135,s1.643385469,s4.473201167,s12.794679644
155_136,s4.357418714,s2.733704132,s105.595901655
155_137,s2.207842066,s5.601102434,s60.854925182
155_138,s5.255533722,s3.203453341,s83.207446754
155_139,s7.135606740,s3.155726956,s258.820828530
155_140,s-4.729830780,s5.328709616,s65.608018150
155_141,s-4.597391399,s6.288652351,s122.016790415
155_142,s-3.657685723,s5.047653958,s108.402764247
155_143,s-2.653928503,s6.988873109,s275.090575810
155_144,s-1.737578284,s7.371251869,s293.414224913
155_145,s-0.559963684,s7.515207049,s124.372801709
155_146,s-0.308631788,s5.354466749,s70.029071777
155_147,s0.011055439,s6.646702431,s218.663148002
155_148,s0.316785083,s7.676881997,s268.590197403
155_149,s0.767097932,s4.647360686,s182.790519281
155_150,s3.030017340,s5.893619014,s205.987196892
155_151,s4.421815344,s7.583945596,s229.278168219
155_152,s6.059191264,s6.512703293,s138.797273910
155_153,s7.399555813,s5.016758158,s215.188033018
155_154,s-6.701195156,s6.514456805,s307.748920069
156_0,s-5.206543018,s-6.543358038,s2.406600095
156_1,s-6.513181982,s-4.521817522,s66.111744068
156_2,s-3.759743304,s-7.172901387,s40.521715879
156_3,s-3.066859435,s-5.468791527,s233.360055359
156_4,s-1.969404887,s-4.573023457,s234.853682258
156_5,s-1.117339305,s-7.331255422,s74.129166271
156_6,s-1.627403104,s-5.375797032,s242.839517500
156_7,s0.189786499,s-5.965780619,s38.060953605
156_8,s0.181406128,s-7.227076884,s80.958080916
156_9,s1.787103164,s-5.918342308,s223.158090874
156_10,s1.221109020,s-3.414194922,s322.979787748
156_11,s3.452604704,s-3.970106878,s108.549026479
156_12,s4.936629491,s-4.263154049,s74.818658369
156_13,s7.474178132,s-6.119240110,s325.075873569
156_14,s-6.735446977,s-3.299669634,s310.870712955
156_15,s-5.271390886,s-3.676330132,s181.477781117
156_16,s-5.056179400,s-4.152973689,s133.613233820
156_17,s-2.319180320,s-3.189482581,s65.559539976
156_18,s-0.754766876,s-3.820477054,s75.383110139
156_19,s-0.992293532,s-4.211056240,s206.322781789
156_20,s-0.363028111,s-4.094238794,s153.154688810
156_21,s1.726344600,s-5.118292125,s352.052514556
156_22,s2.892646859,s-4.696271403,s321.731429077
156_23,s2.647131923,s-6.338229637,s288.308012630
156_24,s3.507484944,s-3.009274085,s338.051083193
156_25,s5.791055526,s-6.524526413,s359.234732472
156_26,s5.008093759,s-3.899863791,s223.106021457
156_27,s7.402394502,s-3.557893943,s233.179879350
156_28,s-5.761961675,s-2.998485676,s280.860827819
156_29,s-3.389244665,s-3.214893980,s44.903924651
156_30,s-2.851061058,s-3.622236330,s165.107592023
156_31,s-2.104888803,s-4.140159021,s68.922742487
156_32,s-2.635643304,s-2.486064028,s342.199681785
156_33,s-0.321255915,s-3.554766159,s30.876907580
156_34,s-2.114534945,s-2.205354728,s131.459387897
156_35,s-0.472607767,s-2.165863583,s99.836044240
156_36,s0.424627327,s-4.793650299,s42.808325309
156_37,s-1.073974287,s-3.103609316,s112.123082417
156_38,s0.594312860,s-2.567510675,s189.260279084
156_39,s4.895467641,s-2.074699722,s78.748636706
156_40,s5.937141896,s-1.148226822,s257.662471643
156_41,s6.850517012,s-3.195090345,s246.822539257
156_42,s-5.441940034,s-2.203450174,s174.414801459
156_43,s-4.645486794,s-2.243761429,s105.098701542
156_44,s-4.294332965,s-1.194219216,s73.898619426
156_45,s-2.293646299,s-1.136453303,s65.762262460
156_46,s-3.113538356,s-3.203794297,s190.234141349
156_47,s-1.105639293,s-2.320886364,s280.232906253
156_48,s1.549747024,s-0.923767510,s14.932388175
156_49,s2.371740692,s-0.684089525,s0.087720193
156_50,s3.037700242,s-3.464399449,s246.474179726
156_51,s4.888161239,s-3.508534682,s113.772599194
156_52,s2.016811211,s-1.816289445,s165.321899457
156_53,s3.132061495,s-2.530916850,s228.490603357
156_54,s6.309728061,s-3.071850314,s216.737617418
156_55,s7.319319695,s-0.501370445,s178.363368676
156_56,s-7.145164476,s1.313825092,s135.820972316
156_57,s-7.289744937,s-1.497862802,s70.276621016
156_58,s-6.462543595,s-0.976487313,s163.834793453
156_59,s-5.375246642,s-0.159766236,s291.052277585
156_60,s-3.959613472,s-1.791570275,s355.741696851
156_61,s-2.074085486,s-1.199066528,s171.852434433
156_62,s-2.556015832,s1.748418581,s17.347909502
156_63,s-0.864178547,s-1.058488533,s270.741308833
156_64,s1.261344801,s-0.293261018,s228.157044596
156_65,s3.782890378,s-1.596353136,s343.828081588
156_66,s4.203160854,s-1.012842479,s254.479994193
156_67,s5.367642983,s-3.136092491,s320.566023541
156_68,s6.738330633,s2.758090444,s287.826953302
156_69,s5.432762506,s-0.039246461,s38.737103054
156_70,s-5.289076859,s0.352344648,s37.290494878
156_71,s-3.423221736,s-0.840395988,s260.562134476
156_72,s-2.803412377,s-0.348843847,s317.309732719
156_73,s-2.733723524,s1.094418935,s130.097634991
156_74,s-0.683267769,s-0.192302731,s164.409961078
156_75,s-1.629700891,s0.266696369,s301.372590477
156_76,s1.051694342,s-0.096393982,s112.290552844
156_77,s0.470988789,s0.739167613,s44.365156716
156_78,s2.682862128,s-0.545129395,s207.165790572
156_79,s1.123760380,s-2.091785010,s85.543940254
156_80,s2.989283669,s-1.020517950,s98.934831252
156_81,s3.844477170,s0.189052117,s177.569357886
156_82,s7.065431614,s-2.128987837,s250.337402874
156_83,s6.885922221,s-0.145971305,s155.655187956
156_84,s-6.631893535,s1.258734932,s31.966439911
156_85,s-6.570678368,s-0.512868338,s318.461603796
156_86,s-5.534060274,s1.855253022,s186.067374230
156_87,s-3.300006535,s0.423334412,s300.421594257
156_88,s-0.980453191,s2.691630063,s175.762019444
156_89,s-0.966770266,s0.929430727,s187.491274674
156_90,s0.539308264,s2.648745286,s125.839111880
156_91,s-0.537880469,s-1.533992909,s155.291290518
156_92,s0.013972329,s1.775763413,s14.305052889
156_93,s2.232217107,s1.306846491,s132.816050732
156_94,s2.930191845,s0.024740260,s50.072615893
156_95,s4.741651140,s1.402892838,s172.804100902
156_96,s4.708876908,s0.060360704,s145.103464378
156_97,s4.151576875,s3.664324382,s247.084954935
156_98,s-4.675776292,s-0.424145079,s134.316709699
156_99,s-5.365201941,s2.632601477,s21.252812884
156_100,s-3.464866050,s2.138800776,s331.983219066
156_101,s-3.204384330,s2.482249225,s144.732333425
156_102,s-1.874682116,s1.935875624,s15.843519605
156_103,s-3.214901723,s3.263443297,s228.980634303
156_104,s1.621532016,s1.133131836,s288.338751806
156_105,s-0.361863504,s0.519068221,s81.581996553
156_106,s-0.542156686,s3.031102634,s9.743435284
156_107,s1.834059875,s1.707967551,s40.664366438
156_108,s2.267690122,s0.431162231,s246.973618867
156_109,s3.383648643,s0.145121320,s177.749191984
156_110,s6.798192436,s2.981710247,s349.234271181
156_111,s6.383281145,s0.256536034,s279.652786564
156_112,s-6.856919614,s2.784423644,s225.420742279
156_113,s-5.341562044,s6.313842921,s347.421966599
156_114,s-4.964588043,s3.433150580,s192.280906861
156_115,s-4.225719218,s3.235606729,s260.221720044
156_116,s-2.747263987,s3.989899485,s140.628579328
156_117,s-1.463047108,s4.024660113,s352.799162242
156_118,s-1.243362247,s3.322936296,s357.707588508
156_119,s-0.724417940,s3.891612937,s228.710107163
156_120,s0.914734087,s3.219218598,s217.336768115
156_121,s2.650313486,s2.128988331,s35.451878975
156_122,s1.915489557,s4.256584877,s268.985324087
156_123,s2.633572380,s1.497259866,s313.818178491
156_124,s1.861813706,s2.962648764,s134.930850483
156_125,s6.252512536,s4.806843939,s296.366888302
156_126,s-6.783489595,s3.877134157,s41.110853950
156_127,s-3.830460790,s3.797315341,s201.731496949
156_128,s-3.052038727,s4.538305601,s285.977022926
156_129,s-1.838166904,s4.452294356,s315.007214926
156_130,s-0.451182396,s4.601248882,s121.472016553
156_131,s-0.325972173,s1.143562987,s249.343303933
156_132,s-0.558002400,s5.984617306,s61.690064902
156_133,s1.675228563,s2.596782667,s37.562475177
156_134,s0.525410436,s4.531557867,s144.974618133
156_135,s2.428190272,s5.173796657,s341.771662005
156_136,s5.109209353,s3.704469531,s335.384405348
156_137,s3.576753728,s4.832548851,s332.545490164
156_138,s5.526753292,s1.770799330,s122.387257395
156_139,s7.412540698,s2.715696441,s217.902348431
156_140,s-7.205787019,s6.290080594,s122.262677073
156_141,s-4.937185636,s6.537981679,s67.259579022
156_142,s-3.406865234,s4.844739714,s64.220103865
156_143,s-3.721374952,s6.216316259,s272.658458691
156_144,s-1.527710474,s7.339659996,s249.696472870
156_145,s-1.166004716,s5.183620796,s41.486255527
156_146,s-0.055778591,s7.360906777,s140.732303822
156_147,s-0.176795844,s6.006460386,s213.501979177
156_148,s1.343657195,s5.027093297,s273.617875918
156_149,s2.347629246,s6.774789421,s293.008390197
156_150,s3.342960853,s3.066356388,s281.087510738
156_151,s2.917689662,s5.707575761,s223.833593419
156_152,s4.374312010,s4.493516958,s306.111377311
156_153,s6.151185687,s5.827087750,s228.304052410
156_154,s-6.698606787,s6.213991094,s56.166270042
156_155,s-5.209742021,s3.620877010,s264.068729229
157_0,s-6.685312915,s-6.260032625,s240.007624570
157_1,s-7.667840594,s-7.434759451,s21.194605569
157_2,s-5.594657174,s-6.640691475,s241.715620283
157_3,s-2.796271784,s-7.677456650,s10.581770080
157_4,s-2.453576146,s-5.169310753,s164.691137207
157_5,s-0.795332926,s-7.201296015,s287.671161927
157_6,s-1.874097631,s-5.460105145,s226.318427041
157_7,s-0.081222377,s-4.357261956,s347.406603467
157_8,s0.402173574,s-7.046666109,s92.715699734
157_9,s1.581987047,s-7.600874361,s221.630304989
157_10,s3.497368810,s-7.036479220,s132.471009481
157_11,s3.737205024,s-7.538384282,s47.743477801
157_12,s3.660159694,s-6.245404128,s224.190248222
157_13,s5.830740645,s-4.545298800,s319.741982117
157_14,s-6.052295510,s-4.434703510,s311.574025949
157_15,s-6.261030519,s-3.574121561,s16.461426615
157_16,s-4.245876028,s-4.487686109,s80.474977622
157_17,s-6.047862561,s-5.949996697,s119.837344340
157_18,s-3.264797098,s-3.774064085,s136.547932309
157_19,s-1.958551459,s-4.204667206,s192.053856350
157_20,s0.489055570,s-1.914370013,s296.841743791
157_21,s0.868040333,s0.727376374,s128.368941374
157_22,s0.222391682,s-2.956822165,s345.196834698
157_23,s1.353131929,s-4.764176366,s153.603719178
157_24,s2.865255216,s-5.684825373,s307.781338028
157_25,s4.668682109,s-4.707545532,s92.173184421
157_26,s5.448373339,s-3.763631984,s346.879038327
157_27,s7.895803559,s-4.713898803,s213.773737260
157_28,s-7.520989132,s-3.700076314,s211.041086729
157_29,s-5.233575742,s-2.892887527,s301.890528730
157_30,s-3.509872830,s-1.334913736,s28.044536207
157_31,s-4.163922393,s-3.356562583,s9.419291717
157_32,s-3.139326558,s-4.870512529,s74.862477458
157_33,s-0.055257921,s-3.331225222,s336.750792215
157_34,s-0.733545874,s-5.645657851,s191.876991883
157_35,s2.734138789,s-7.242880438,s323.385446463
157_36,s1.868061140,s-3.161026749,s117.571373751
157_37,s1.641658371,s-3.897445475,s90.388428181
157_38,s2.428494416,s-2.945882763,s301.677665000
157_39,s3.340721846,s-4.102035467,s195.285581970
157_40,s4.351113178,s-4.066786236,s318.749470248
157_41,s6.560033345,s-2.048129632,s41.120742398
157_42,s-7.109200038,s-3.065821180,s46.849337351
157_43,s-6.153446875,s-2.861073749,s344.419470896
157_44,s-1.632482986,s-0.750010281,s118.659659286
157_45,s-2.671806124,s-2.784653885,s59.256985596
157_46,s-1.524008210,s-1.820363904,s250.636374074
157_47,s-2.242629266,s-1.630676374,s217.919655049
157_48,s-1.236983441,s-3.186651582,s72.257614599
157_49,s1.235221859,s-2.871046493,s220.868031630
157_50,s1.995933488,s-1.836760185,s335.819498624
157_51,s2.427428513,s-1.314709303,s133.801434513
157_52,s3.756809252,s-2.767961279,s229.410384482
157_53,s5.462727898,s-1.988516994,s201.452924435
157_54,s6.087140653,s-2.840887936,s103.937118323
157_55,s7.829308183,s-1.716364948,s186.486733002
157_56,s-7.300113100,s-0.863997810,s244.752378417
157_57,s-5.540139009,s-0.584352711,s2.247826716
157_58,s-6.200916549,s-2.018675686,s346.448039974
157_59,s-2.751286043,s-0.472206459,s47.800981070
157_60,s-1.711567135,s-3.111544992,s125.412903195
157_61,s0.039529573,s-0.809018187,s330.917098612
157_62,s0.098070910,s0.312416912,s217.056935636
157_63,s-1.007492693,s-2.313737667,s38.724979282
157_64,s1.237863106,s0.115631405,s144.515906764
157_65,s2.239632641,s-0.136091231,s205.884289272
157_66,s3.906256862,s-2.274901196,s175.701097292
157_67,s4.379236035,s0.048703761,s48.671555418
157_68,s4.594077775,s0.625327121,s204.148248830
157_69,s6.722218762,s-1.361744362,s129.731294269
157_70,s-6.916890006,s-0.078654050,s54.637651789
157_71,s-4.725857010,s-0.577679931,s105.285685946
157_72,s-3.951670835,s-0.413119329,s18.367732078
157_73,s-1.124764020,s1.043832891,s217.178359840
157_74,s-2.267896933,s-0.095479909,s253.513592721
157_75,s-1.602988550,s-0.371199269,s291.027686076
157_76,s0.315544064,s1.016819174,s318.826297216
157_77,s-0.858770228,s-0.753822694,s144.001001563
157_78,s0.564047791,s-0.911724437,s320.917497656
157_79,s2.894421458,s2.007371113,s62.910646097
157_80,s3.127876784,s-1.007889795,s76.044340115
157_81,s3.987135165,s-1.850684530,s325.138391934
157_82,s6.377057971,s-0.253993164,s310.785906930
157_83,s6.151675680,s0.526128250,s16.715768863
157_84,s-7.541298997,s0.858029330,s87.496243654
157_85,s-5.725574865,s2.381231615,s293.162147993
157_86,s-5.473178278,s1.210927302,s51.507979748
157_87,s-4.217481115,s0.603788347,s300.065195114
157_88,s-3.532292173,s1.176947793,s312.574002189
157_89,s0.151720124,s1.625263947,s345.752450677
157_90,s-3.085112016,s2.379133078,s164.942354782
157_91,s1.050280560,s1.078977726,s346.962229287
157_92,s1.625989690,s0.606496850,s209.468185442
157_93,s2.221661971,s0.178787612,s73.601249067
157_94,s3.769445147,s0.408450420,s313.474917498
157_95,s2.567354391,s0.881912061,s29.739526158
157_96,s5.488137785,s1.013761090,s240.883323930
157_97,s6.639116350,s1.813993189,s225.660813612
157_98,s-6.752622734,s2.249349446,s260.581057808
157_99,s-4.163345705,s2.875174214,s186.856906569
157_100,s-2.630682956,s0.989004532,s339.747564344
157_101,s-3.344263285,s2.297096438,s96.525159596
157_102,s-2.258737418,s1.302848524,s280.377936344
157_103,s-0.419512636,s2.346410558,s326.864147393
157_104,s0.000677077,s5.096465361,s295.976620838
157_105,s1.164756245,s2.461807809,s346.576499043
157_106,s1.107901316,s1.364798980,s62.373980541
157_107,s4.882078785,s2.223400456,s233.666172640
157_108,s5.227778265,s4.552957221,s7.323019280
157_109,s4.040597250,s1.270245214,s312.385602575
157_110,s4.117822300,s2.932557865,s242.986199933
157_111,s4.922449384,s2.635151155,s317.339560248
157_112,s-5.991614312,s3.242645679,s347.664137390
157_113,s-4.836808910,s2.271761164,s135.494467224
157_114,s-3.629201896,s3.519029015,s69.125586476
157_115,s-2.345234934,s3.491065627,s103.312867936
157_116,s-0.815606578,s4.220911813,s300.452755140
157_117,s-2.584581008,s2.537308442,s64.262372072
157_118,s-1.595859275,s1.509685763,s15.129050405
157_119,s1.436983513,s4.880496763,s10.207424184
157_120,s2.315096291,s1.816070747,s24.129585949
157_121,s3.510159807,s4.417753973,s63.498516312
157_122,s2.703129458,s3.482588406,s222.191725148
157_123,s2.806632193,s5.631614948,s52.209743014
157_124,s3.230581852,s2.369262516,s337.873486825
157_125,s5.958458090,s3.179527544,s4.456442129
157_126,s-7.028913065,s5.367080974,s255.898707595
157_127,s-7.114579241,s4.350738892,s72.742090891
157_128,s-3.499575302,s5.645161732,s223.655227289
157_129,s-1.709346857,s3.867569862,s224.453446944
157_130,s-1.362456060,s4.742582335,s98.043859611
157_131,s-0.494629093,s6.150590886,s26.253660437
157_132,s-1.970213133,s2.041446863,s30.910627461
157_133,s1.243220986,s6.226673682,s163.362856011
157_134,s2.109326955,s2.261269855,s287.882602804
157_135,s1.183058661,s7.608990174,s137.543388332
157_136,s2.847620905,s4.707053808,s10.712088334
157_137,s4.053549922,s6.441219204,s121.223584294
157_138,s6.668860187,s6.643771318,s101.096425249
157_139,s5.714673229,s3.821175427,s197.820782207
157_140,s-7.463957826,s6.129622789,s102.197048495
157_141,s-5.642348358,s5.194399774,s119.872570790
157_142,s-4.592408825,s3.314962512,s205.862452074
157_143,s-3.284429565,s3.044833851,s165.260403552
157_144,s-2.440679122,s5.852079012,s45.681891937
157_145,s-1.419312365,s6.515043687,s93.258168795
157_146,s1.097804571,s2.548777854,s316.984301759
157_147,s-0.278157573,s5.311354841,s209.044921952
157_148,s2.029153657,s7.265428867,s301.609095770
157_149,s2.241877258,s4.774570731,s332.635848520
157_150,s1.867857659,s6.123996051,s94.831450125
157_151,s3.240677205,s7.152493574,s272.490791262
157_152,s4.094333007,s4.162556075,s133.800072400
157_153,s5.133022322,s6.394864252,s328.314258914
157_154,s-6.871673660,s7.302317547,s45.328884046
157_155,s-4.587015072,s7.889903157,s118.035893433
157_156,s-3.779746598,s6.830926974,s170.108010919
158_0,s-5.653646764,s-5.791494778,s319.182821130
158_1,s-5.184266135,s-7.519814653,s346.123796679
158_2,s-3.707483101,s-5.387792523,s215.409202077
158_3,s-2.989628672,s-6.595979586,s14.109291424
158_4,s-2.608347557,s-5.216969036,s130.723724228
158_5,s-1.963452486,s-6.094651983,s310.905443217
158_6,s0.812485133,s-5.981131570,s108.844899189
158_7,s0.616746677,s-7.230062430,s205.769002767
158_8,s1.954944967,s-7.579376348,s74.649241200
158_9,s2.253883394,s-5.227162395,s132.839759065
158_10,s2.670540321,s-7.305045679,s210.007478679
158_11,s5.713896688,s-6.402247585,s219.377007376
158_12,s5.102658467,s-7.479162188,s218.231762187
158_13,s7.077208334,s-6.756679824,s245.484001384
158_14,s-5.854466211,s-2.781336024,s14.599637770
158_15,s-3.276051181,s-3.899947935,s134.010032450
158_16,s-4.797017547,s-3.806255019,s123.711408956
158_17,s-3.340234587,s-0.241779361,s37.663456439
158_18,s-1.970844990,s-3.762532989,s328.638272432
158_19,s-0.195987318,s-5.694930749,s321.577425502
158_20,s-0.197239671,s-2.945904855,s129.672135916
158_21,s1.137765295,s-4.766964948,s274.715174873
158_22,s2.633776544,s-3.914501371,s298.496345738
158_23,s2.580096269,s-1.677938931,s167.351049627
158_24,s2.359521863,s-4.796308736,s95.208773982
158_25,s4.656408867,s-3.833571826,s310.194670782
158_26,s3.618962193,s-6.263843105,s340.201715350
158_27,s4.381589953,s-2.306270841,s145.248027006
158_28,s-6.842200085,s-2.106380028,s49.589329142
158_29,s-4.747411306,s-5.150452120,s351.261795300
158_30,s-3.238177187,s-2.101479564,s284.769725056
158_31,s-3.300665504,s-4.769395058,s223.126473468
158_32,s-0.506405871,s-4.858958781,s157.100395218
158_33,s-0.988274364,s-2.442108400,s67.306508295
158_34,s-1.294401618,s-3.888526792,s266.525875306
158_35,s0.587280065,s-3.193441016,s174.395524571
158_36,s1.448323398,s-4.070024646,s196.629310120
158_37,s1.921191202,s-2.726008238,s312.888555557
158_38,s3.848899407,s-4.958244987,s11.345436117
158_39,s3.925117085,s-1.772695875,s144.996177534
158_40,s6.717678068,s-3.400561943,s245.605435423
158_41,s7.626752148,s-3.138542003,s72.523024785
158_42,s-4.917369798,s-2.857855714,s3.418538062
158_43,s-5.234574392,s-0.923810549,s319.311133019
158_44,s-2.731675754,s-3.516128779,s301.724323169
158_45,s-4.409895365,s-1.446263548,s225.869800929
158_46,s-2.460152211,s-1.835101534,s185.108939268
158_47,s-1.128073553,s0.213367662,s320.280932145
158_48,s-0.686343638,s-3.235876133,s217.102353209
158_49,s1.170232626,s-2.288336465,s135.616785706
158_50,s4.050480647,s-2.957496388,s120.178608918
158_51,s2.437677606,s-1.466412035,s221.004934460
158_52,s3.610935174,s-0.564624022,s270.197739628
158_53,s4.340062406,s-0.592168134,s168.881138695
158_54,s7.193165325,s-1.989159850,s299.573298964
158_55,s7.434934577,s-0.562334470,s0.451404977
158_56,s-5.215889382,s-1.932090893,s74.833773940
158_57,s-7.286945685,s-1.188636581,s197.584883536
158_58,s-3.086686708,s-0.325263091,s129.634929373
158_59,s-4.061818338,s-0.939813790,s168.488534605
158_60,s-2.407904087,s-1.166639784,s26.778991233
158_61,s-0.955421117,s-1.208151639,s212.938870246
158_62,s0.087218101,s-2.353155298,s176.888586689
158_63,s0.637543730,s-0.891626925,s319.979175989
158_64,s3.097129272,s-2.928655683,s285.424618772
158_65,s1.819821810,s0.088687929,s165.894952784
158_66,s6.353745384,s-5.371550835,s277.047524846
158_67,s5.961798325,s-0.710317345,s329.313930922
158_68,s5.659377151,s0.061413212,s68.495766674
158_69,s5.910826270,s-3.800541824,s339.010449697
158_70,s-7.019815690,s2.005549204,s210.574307088
158_71,s-6.598372162,s0.704148908,s302.823100009
158_72,s-4.838286812,s1.691260447,s264.923447224
158_73,s-1.857099953,s-0.603391825,s140.252704325
158_74,s-4.175670926,s1.789596004,s115.495977009
158_75,s-0.162587378,s-1.003580776,s109.906593577
158_76,s2.278295881,s-2.416633008,s28.486655223
158_77,s0.307254147,s2.540566755,s44.518381477
158_78,s-1.196880826,s0.532910278,s274.027598766
158_79,s3.271619087,s0.947861966,s80.050705705
158_80,s2.065314590,s-1.091534063,s71.326934198
158_81,s3.603660893,s-0.532318523,s347.100031691
158_82,s6.437237682,s-0.953040955,s176.202223057
158_83,s7.236095875,s0.744297634,s42.672445611
158_84,s-7.576161433,s1.294274617,s100.008420664
158_85,s-6.738869716,s2.342403883,s260.904217253
158_86,s-5.313463324,s-0.353680089,s247.544336076
158_87,s-5.039721679,s0.357050201,s110.035047818
158_88,s-1.244390712,s2.358190359,s219.716435032
158_89,s-2.499017182,s-2.523118584,s3.879678799
158_90,s-1.798714304,s1.352870954,s39.273373578
158_91,s0.005814811,s1.382410775,s314.907768120
158_92,s2.623960671,s0.944036507,s280.611415503
158_93,s1.540064996,s0.336858660,s314.805994610
158_94,s3.488111508,s2.328957036,s239.294917449
158_95,s2.662318143,s-0.282050565,s152.160965397
158_96,s4.866107990,s1.314710255,s310.506630771
158_97,s7.564145617,s1.319655697,s268.859784773
158_98,s-5.548366537,s1.221857364,s10.521788254
158_99,s-4.804008964,s2.502622340,s8.130841989
158_100,s-4.196163595,s0.648857961,s261.318777056
158_101,s-3.149847981,s1.402620353,s69.165509547
158_102,s-3.181260629,s2.824481492,s293.714882223
158_103,s-0.630985432,s0.744487791,s41.667097597
158_104,s1.480759655,s2.726787524,s120.264833862
158_105,s1.513787150,s2.752734921,s272.334338819
158_106,s0.678350934,s-0.583686384,s358.958188501
158_107,s2.312672126,s1.740042860,s270.458765189
158_108,s3.011957776,s2.873768470,s46.456122350
158_109,s6.325319551,s1.454837632,s158.389254348
158_110,s3.998290698,s2.730138475,s107.649323429
158_111,s6.896418319,s1.792187959,s345.359587599
158_112,s-6.485120607,s2.923694928,s322.725998716
158_113,s-5.350265806,s3.557108612,s337.195401639
158_114,s-4.901007421,s1.187580052,s50.640938064
158_115,s-3.499678246,s3.768700306,s56.893036076
158_116,s-2.381142181,s1.182273101,s81.654285091
158_117,s-2.847212904,s4.642760310,s162.211203078
158_118,s-1.277165305,s1.737455747,s192.650485477
158_119,s1.795717424,s0.576889676,s139.671227608
158_120,s-0.032545347,s3.949679888,s234.472234765
158_121,s2.501043334,s3.346147151,s191.941328778
158_122,s3.075374107,s4.185082712,s281.941621982
158_123,s4.003041455,s-0.278458073,s86.829834018
158_124,s5.407608559,s4.273918479,s337.354697871
158_125,s7.425901491,s3.157315067,s50.681747659
158_126,s-7.027538092,s4.626162076,s158.547889137
158_127,s-3.816048916,s2.957649815,s263.957175887
158_128,s-4.214746017,s4.708966506,s222.557647246
158_129,s-2.945319052,s4.185149030,s273.979926493
158_130,s0.693819699,s2.671515318,s250.523137674
158_131,s-2.110955902,s4.267285319,s233.050173327
158_132,s0.642635792,s5.404980745,s244.792895422
158_133,s-0.950786592,s3.575922106,s75.252426393
158_134,s1.293468710,s4.852815536,s2.372037279
158_135,s1.361939491,s3.312781933,s258.695656930
158_136,s2.178713676,s5.136436925,s347.369472392
158_137,s2.963616732,s4.723169079,s312.521195478
158_138,s5.861550143,s5.059013350,s156.695251543
158_139,s7.915290502,s7.328768137,s13.218149742
158_140,s-5.720512158,s3.996938339,s152.912411930
158_141,s-6.423865976,s4.938202212,s340.071571955
158_142,s-4.990526157,s3.917690971,s241.677480875
158_143,s-3.970786912,s5.321242440,s200.243628960
158_144,s-1.522617426,s5.088230099,s68.883569364
158_145,s-0.990646228,s4.515748264,s212.262873471
158_146,s-0.290340194,s6.493353648,s149.763493868
158_147,s0.914738634,s4.319980494,s319.113358846
158_148,s0.671882250,s6.483378636,s343.924574496
158_149,s3.505824500,s5.568782350,s78.135204073
158_150,s4.660292094,s5.938539731,s33.537070498
158_151,s5.519883110,s4.754728139,s199.389627873
158_152,s6.455377325,s2.093380590,s207.793805789
158_153,s5.003409728,s6.945206327,s116.303181842
158_154,s-5.441300795,s7.684269220,s76.336192004
158_155,s-5.313132868,s6.248457210,s251.465006315
158_156,s-4.379503406,s7.553905250,s293.543192248
158_157,s-3.541560027,s6.462330540,s85.428061874
159_0,s-7.437554810,s-5.344695581,s56.059296220
159_1,s-5.138899806,s-3.698988968,s336.637958834
159_2,s-5.394455188,s-6.904123188,s205.258438318
159_3,s-5.077299536,s-5.487726107,s236.575729018
159_4,s-2.578371148,s-2.754000306,s279.652195908
159_5,s-0.337292802,s-7.345180451,s353.929571246
159_6,s0.341699744,s-5.195047638,s327.460251636
159_7,s0.124730175,s-6.336317814,s323.216783638
159_8,s0.692739373,s-7.329063400,s359.848403499
159_9,s4.999217089,s-5.335257103,s278.751145381
159_10,s3.559897465,s-7.287839901,s280.814897579
159_11,s5.046399558,s-7.358361385,s2.867671257
159_12,s6.092803761,s-5.137127017,s132.984343026
159_13,s7.145414048,s-6.211885979,s359.533474441
159_14,s-6.092263402,s-5.365461497,s60.004081415
159_15,s-3.923304820,s-4.665934210,s292.139284081
159_16,s-2.399442073,s-5.162574636,s274.207520289
159_17,s-0.940457940,s-7.474947474,s294.011008962
159_18,s-2.236656257,s-5.148791263,s14.530664438
159_19,s-1.325013474,s-6.225697931,s195.911892449
159_20,s-1.256319889,s-3.507571058,s262.672734737
159_21,s0.339222662,s-4.261647660,s220.103186233
159_22,s0.939623242,s-4.846783468,s179.250438662
159_23,s1.412478769,s-6.172146304,s332.956408196
159_24,s2.218269245,s-6.750562447,s99.582960554
159_25,s1.950842797,s-4.296451373,s301.466770199
159_26,s2.944651948,s-6.351291167,s28.816459610
159_27,s5.733937039,s-4.220278001,s149.812653973
159_28,s-7.203956461,s-1.921147671,s151.374168166
159_29,s-5.133018925,s-2.612649225,s308.375155242
159_30,s-3.608298801,s-3.414637872,s51.903706511
159_31,s-0.771336274,s-2.663652666,s164.062305827
159_32,s-0.831194745,s-5.961727970,s358.668414929
159_33,s0.371515003,s-2.278868082,s143.237189814
159_34,s1.035113998,s-1.606839417,s318.678537206
159_35,s-0.697873486,s-4.736681991,s53.610263474
159_36,s1.668358983,s-4.653158410,s346.218871004
159_37,s1.583808610,s-2.083134763,s121.485979882
159_38,s2.642947638,s-3.018742048,s84.934045586
159_39,s3.114776714,s-4.265893807,s323.733320129
159_40,s5.176460654,s-3.037361321,s325.001290719
159_41,s6.433884302,s-2.185198760,s145.530410898
159_42,s-6.659629555,s-1.796229177,s151.101144969
159_43,s-4.087849963,s-3.750776666,s57.632277143
159_44,s-5.011089308,s-0.531605945,s187.374331483
159_45,s-3.888846578,s-2.627916580,s182.735752477
159_46,s-2.998003840,s-4.067417760,s257.020718053
159_47,s-0.818858425,s-1.850951325,s131.121576649
159_48,s3.365115472,s-2.789823729,s71.897594551
159_49,s0.706047649,s-0.436711811,s4.983066658
159_50,s1.161445778,s-4.135908164,s359.049079259
159_51,s2.984094348,s-2.345698814,s81.011879268
159_52,s3.849915027,s-0.500935270,s111.293916657
159_53,s3.254508749,s-3.573439615,s61.429975936
159_54,s6.334216596,s-3.309062534,s311.942479480
159_55,s6.768098401,s-1.427075871,s322.633137603
159_56,s-7.300436739,s-1.074179854,s266.533380998
159_57,s-6.734254021,s-0.483965170,s79.796171754
159_58,s-6.263763722,s-0.870287879,s209.726336969
159_59,s-2.262710402,s-2.801656496,s324.629930815
159_60,s-3.091121699,s-0.652439497,s204.224732613
159_61,s-1.150714500,s-1.018463809,s296.172006540
159_62,s-2.242097171,s-0.632001932,s197.953429945
159_63,s1.839548513,s0.188199582,s122.447386286
159_64,s1.922213699,s-1.043415714,s285.463252506
159_65,s2.378072143,s-2.195631548,s235.604778728
159_66,s4.907808060,s-2.723346107,s140.271333090
159_67,s4.037198449,s-2.326551258,s19.928633387
159_68,s5.518622381,s-2.145772468,s227.691406223
159_69,s4.884344307,s-1.159158699,s165.534794723
159_70,s-7.102909899,s0.926622124,s289.569105368
159_71,s-3.752041895,s-0.609592758,s51.842264328
159_72,s-3.279477336,s-1.380479072,s206.638309011
159_73,s-5.823063554,s1.012559788,s268.847640635
159_74,s-3.089437834,s-1.801521811,s150.759838807
159_75,s-0.549764230,s-0.260914346,s260.408151746
159_76,s-0.339775870,s-1.797850206,s161.312598221
159_77,s2.924846342,s-0.513234155,s323.860837531
159_78,s3.489729598,s-0.431864982,s338.609655898
159_79,s3.509906741,s2.257992937,s178.898363965
159_80,s5.004310145,s0.248126984,s131.491796456
159_81,s4.187598091,s-4.337082441,s29.441873279
159_82,s4.006689149,s2.327055108,s216.640508835
159_83,s7.306001918,s-0.378027678,s263.750326820
159_84,s-7.144252884,s1.753716623,s125.219981837
159_85,s-5.669075131,s-0.024998095,s110.166248627
159_86,s-3.623344265,s1.089288021,s156.359646618
159_87,s-2.734237282,s0.322321013,s194.977286655
159_88,s-2.223075521,s0.494116527,s190.020914160
159_89,s-0.250796649,s0.448069213,s94.075898554
159_90,s0.687015224,s0.352530985,s116.814151952
159_91,s-0.056678435,s3.045594113,s71.555486190
159_92,s1.260363488,s0.807459580,s33.957120089
159_93,s2.629400811,s0.383775895,s323.204021540
159_94,s3.845720724,s-0.335214803,s275.939315016
159_95,s1.368257681,s-0.354293708,s324.046385927
159_96,s6.357081287,s1.174706238,s111.215352974
159_97,s6.757411639,s2.337803001,s260.564430223
159_98,s-6.865454959,s2.753836263,s206.413159437
159_99,s-6.197401851,s0.596947126,s95.286955854
159_100,s-4.886882996,s1.856269904,s207.371175378
159_101,s-1.551872792,s1.799320094,s347.740962799
159_102,s-2.900530421,s1.284654901,s205.259365914
159_103,s-0.048134054,s2.448312685,s210.366394982
159_104,s-1.244269141,s0.893170485,s316.040433994
159_105,s-0.025593694,s1.622412963,s197.696343197
159_106,s2.987594168,s2.236906989,s148.267230432
159_107,s3.069848168,s3.039759235,s293.211019506
159_108,s2.353502777,s1.076085148,s189.194442557
159_109,s7.174954279,s-0.788288780,s81.419093425
159_110,s3.347401777,s2.815545421,s348.457335227
159_111,s7.222209669,s0.551266233,s52.015846850
159_112,s-5.213869379,s2.223842220,s146.984668036
159_113,s-4.708237720,s3.610243432,s29.884080940
159_114,s-4.242935892,s1.769182592,s359.357788587
159_115,s-2.652960370,s4.234378905,s10.266811103
159_116,s-1.857255972,s2.215712284,s8.084847829
159_117,s-1.378584424,s3.268230307,s111.415355720
159_118,s-0.282693545,s1.887484467,s308.795686827
159_119,s1.361919152,s1.589889245,s21.017472388
159_120,s-0.364446383,s4.976367862,s125.349591611
159_121,s1.845013262,s2.387675829,s20.847452771
159_122,s1.965362159,s3.518496007,s32.117204236
159_123,s4.853818245,s2.529250544,s329.523983149
159_124,s5.392255296,s2.446754958,s315.769638371
159_125,s6.113943213,s3.650934564,s243.809124532
159_126,s-6.961239345,s3.685694781,s127.284059669
159_127,s-4.768968435,s4.158197120,s51.630903936
159_128,s-3.623597115,s3.311926271,s164.093389393
159_129,s-1.396850615,s3.478639326,s324.273159895
159_130,s-0.063813131,s5.559499497,s145.534114862
159_131,s-3.846939536,s2.241759634,s185.118027555
159_132,s1.123828230,s3.415337215,s327.775731520
159_133,s1.136106195,s3.958581369,s22.908178295
159_134,s2.000118803,s0.636368501,s215.736404893
159_135,s1.793858844,s4.016240925,s191.745997858
159_136,s3.791454661,s3.460274999,s299.415164225
159_137,s3.076671953,s5.024578527,s0.899557680
159_138,s5.100609274,s3.901801242,s302.185555415
159_139,s7.497437539,s2.468070986,s38.584614305
159_140,s-7.217419100,s5.262731452,s97.135401074
159_141,s-6.375358694,s4.145628059,s290.637995716
159_142,s-5.172808204,s6.475874627,s358.927546512
159_143,s-5.026779041,s5.265198439,s291.526585503
159_144,s-3.512089854,s7.194849117,s318.570015606
159_145,s-0.306099048,s6.022647318,s315.364220425
159_146,s-0.013561244,s3.698116479,s163.264094565
159_147,s1.573704436,s5.606714655,s131.569401702
159_148,s1.850497736,s6.744162487,s287.015224558
159_149,s2.890721152,s5.156386542,s277.022294090
159_150,s1.337395304,s6.756143039,s179.137723564
159_151,s3.888919024,s6.548890686,s354.971651898
159_152,s5.408719899,s4.695787825,s106.789646368
159_153,s6.410584169,s5.421837060,s57.706248397
159_154,s-6.391377254,s6.180901513,s252.149897451
159_155,s-4.466488763,s6.792951063,s220.395510492
159_156,s-1.888527916,s4.801736869,s303.251192156
159_157,s-1.393004887,s7.315316720,s289.182405944
159_158,s-1.374022254,s4.809363547,s136.321165602
160_0,s-6.770110846,s-4.945153550,s248.442858813
160_1,s-4.054013622,s-4.760265170,s14.498248965
160_2,s-4.305045036,s-6.467375809,s76.502013762
160_3,s-3.413063652,s-6.624243962,s29.788401686
160_4,s-1.820158080,s-7.324277542,s246.424703908
160_5,s-1.168527912,s-2.385405273,s94.244097927
160_6,s-1.043593669,s-5.926151170,s176.419410781
160_7,s-1.503905127,s-6.651128884,s170.269485111
160_8,s0.969549004,s-4.645928969,s190.733888738
160_9,s1.906312371,s-5.121146434,s63.846343589
160_10,s3.443822446,s-4.851462601,s61.106139488
160_11,s4.515689520,s-6.065179423,s164.880353131
160_12,s4.558490445,s-5.009532653,s207.555640183
160_13,s6.537275400,s-4.930903225,s111.123255348
160_14,s-7.424451191,s-3.432834007,s0.869674206
160_15,s-6.340887454,s-3.939736672,s258.366956028
160_16,s-3.238525005,s-5.580231340,s119.370531723
160_17,s-2.839591483,s-5.196085158,s275.581930542
160_18,s-2.178602910,s-6.269585628,s175.469566126
160_19,s-1.231120935,s-3.522023820,s124.912099429
160_20,s0.294535717,s-7.047228808,s323.795255675
160_21,s-0.216479564,s-2.828011408,s343.612763948
160_22,s1.325886159,s-6.612567815,s319.149564291
160_23,s2.657333707,s-4.295399431,s312.499138235
160_24,s4.389647848,s-7.472869492,s63.391396108
160_25,s4.329912045,s-3.678279029,s167.317816138
160_26,s4.226181335,s-4.149390872,s1.024943081
160_27,s7.076503759,s-4.079626033,s145.169510883
160_28,s-7.424451191,s-2.504842381,s163.779725836
160_29,s-7.183850953,s-1.000678115,s288.768543798
160_30,s-5.475188059,s-3.793453274,s244.342466492
160_31,s-3.378784566,s-4.091877054,s143.119441174
160_32,s-3.760178862,s-4.435757673,s44.606224297
160_33,s-1.672547867,s-5.582966412,s260.923444380
160_34,s-0.417039385,s-5.528475623,s2.677818110
160_35,s-1.517039655,s-3.262338560,s17.396179198
160_36,s0.727435445,s-3.339310471,s350.658679073
160_37,s0.826713302,s-4.259521838,s102.326894620
160_38,s0.213437765,s-3.932232117,s151.264762137
160_39,s2.729449828,s-3.505077436,s354.509670148
160_40,s5.412778586,s-2.617024253,s105.187057646
160_41,s5.744666289,s-4.195912880,s342.089195194
160_42,s-4.090800689,s-1.767899829,s225.433195983
160_43,s-5.658714914,s-2.860926625,s116.604696369
160_44,s-3.680528379,s-1.569656286,s228.079573629
160_45,s-2.031810432,s-0.427698720,s169.326656047
160_46,s-2.345939863,s-1.254839690,s257.491362886
160_47,s-0.398525041,s-2.678085327,s241.253599192
160_48,s0.511874531,s-2.340410845,s341.600827829
160_49,s1.661474820,s-2.414556162,s36.481747997
160_50,s1.859205868,s-0.864717577,s249.467468533
160_51,s2.606061325,s-3.033594934,s45.240971056
160_52,s4.143917399,s-0.329484596,s184.487716385
160_53,s4.016087903,s-2.992231322,s330.209872987
160_54,s5.784679460,s-2.271012457,s287.059107457
160_55,s6.564504012,s-2.513238113,s286.384723258
160_56,s-7.105732143,s-0.336002258,s60.271566082
160_57,s-4.796925337,s-0.097275217,s124.095175331
160_58,s-2.415307486,s-2.842207538,s228.837927912
160_59,s-5.209909045,s-1.764249104,s155.847858811
160_60,s-2.512913625,s-4.221300065,s331.680783839
160_61,s-3.434218219,s0.299558533,s24.952585879
160_62,s-2.433855970,s-2.128338117,s256.193012863
160_63,s0.039442243,s-0.404740100,s38.725133587
160_64,s-0.802730250,s-1.918896809,s322.372164252
160_65,s0.802021757,s-1.118672037,s216.488472008
160_66,s3.470793356,s-3.918972840,s172.295042405
160_67,s1.564428694,s-1.898110883,s193.220959028
160_68,s5.181191773,s-1.511685287,s166.393559970
160_69,s4.818323948,s0.131538661,s333.716428702
160_70,s-6.072489574,s-1.672055941,s21.812668584
160_71,s-4.216602885,s0.790314174,s336.784192812
160_72,s-0.730232156,s-1.067087490,s337.417453179
160_73,s-2.579697711,s-1.446213493,s163.076124667
160_74,s-0.983182821,s-0.809718046,s181.851748753
160_75,s-0.252679733,s-1.014511697,s319.609360152
160_76,s-1.102292866,s-2.054365034,s267.243938276
160_77,s-0.466344431,s0.378512386,s44.758471037
160_78,s1.145052437,s-0.527468702,s45.062611672
160_79,s3.853185399,s0.708903747,s213.302786737
160_80,s3.521563358,s-2.485726550,s136.977117977
160_81,s4.590840799,s-0.572990495,s328.379459284
160_82,s6.517215863,s-0.092941909,s192.327508363
160_83,s6.361200104,s-2.021545361,s240.914503241
160_84,s-7.287179329,s-0.016663901,s37.459903333
160_85,s-4.749230236,s1.204185527,s190.867405470
160_86,s-3.860787303,s0.251124885,s13.583530426
160_87,s-3.927356868,s-0.892782164,s61.237872336
160_88,s-2.604732433,s2.454839860,s157.008954232
160_89,s-1.945284664,s0.027010310,s257.656049718
160_90,s0.656129773,s-0.092102831,s24.071751361
160_91,s-2.759127124,s1.120653468,s352.841056713
160_92,s2.131874304,s-0.412654415,s69.251408625
160_93,s3.112596370,s2.727142575,s294.835953182
160_94,s0.924176734,s0.298237022,s134.690457358
160_95,s2.495333463,s-0.830510264,s320.393360117
160_96,s7.096491764,s1.755765029,s208.920057892
160_97,s7.064871138,s3.273335228,s293.152475081
160_98,s-6.793808418,s1.692950013,s284.131697972
160_99,s-5.797195679,s-0.097380480,s116.923024479
160_100,s-7.081452354,s4.437463231,s354.944927383
160_101,s-2.148290026,s0.632004113,s202.682556349
160_102,s-4.160084238,s2.032061661,s122.765600383
160_103,s-1.983701456,s1.622956557,s306.179384465
160_104,s-0.437229901,s3.205900667,s40.760910690
160_105,s-0.291892431,s1.206272085,s50.034728181
160_106,s1.529166724,s0.256666612,s246.377594458
160_107,s3.952369151,s2.619264925,s352.200754359
160_108,s1.823132949,s4.548952860,s342.703055238
160_109,s4.499222932,s0.415314661,s90.120528586
160_110,s5.288499993,s2.307827387,s197.275779137
160_111,s6.779778228,s-1.620106248,s279.762194066
160_112,s-6.674753926,s3.140030967,s324.660088880
160_113,s-6.743651957,s1.982804028,s119.441455086
160_114,s-3.665917259,s2.682375078,s182.397117587
160_115,s-4.312048589,s3.817672731,s175.172289917
160_116,s-1.475373125,s2.019877204,s4.535798029
160_117,s-3.297778463,s5.647906381,s283.961340072
160_118,s-1.131025052,s0.229477981,s157.377045527
160_119,s-0.229861234,s3.296957775,s263.531462432
160_120,s2.048291812,s0.977383365,s150.732046800
160_121,s0.773168556,s5.426485404,s256.624016473
160_122,s1.761613340,s3.236178502,s239.782102345
160_123,s4.003137897,s1.680202284,s292.737972246
160_124,s4.259835488,s3.213969866,s350.358391379
160_125,s5.032787572,s3.395993762,s27.835627192
160_126,s-4.578978323,s3.538474385,s346.133492211
160_127,s-4.378067572,s2.548045882,s103.209083993
160_128,s-3.163054365,s0.686648513,s270.043823507
160_129,s-3.343600422,s2.661934702,s9.497142919
160_130,s-0.722156230,s3.946427522,s150.619745309
160_131,s-0.841447879,s1.664971317,s143.607386742
160_132,s1.884379179,s1.551321271,s281.257606096
160_133,s2.476416546,s4.378188270,s292.948389736
160_134,s-0.073215401,s2.257061809,s271.686848552
160_135,s3.714473642,s5.290430238,s301.783296066
160_136,s2.484349279,s-1.191274206,s280.379135570
160_137,s5.146300417,s4.978070751,s336.718762558
160_138,s5.740726897,s4.384811810,s222.557421809
160_139,s6.635379754,s3.685829369,s199.099525607
160_140,s-7.313483981,s2.880945837,s299.323659273
160_141,s-5.910706766,s4.723241070,s266.793034440
160_142,s-5.147037504,s6.302421991,s318.744283190
160_143,s-5.002440299,s4.561063377,s283.018806350
160_144,s-1.231652931,s3.600861935,s188.655539161
160_145,s-2.865438976,s3.527402151,s67.996101668
160_146,s-0.628498103,s6.988088382,s4.334772825
160_147,s0.170516781,s3.983608880,s7.067211327
160_148,s-0.165537618,s6.208522906,s152.794872933
160_149,s1.271068188,s6.722085019,s173.577072683
160_150,s2.981008702,s5.144434417,s259.542809400
160_151,s4.077165284,s5.717882369,s108.185585997
160_152,s4.907862922,s6.714963524,s208.421162233
160_153,s6.706512942,s4.446613967,s224.295845262
160_154,s-6.868705972,s4.234370846,s171.238235546
160_155,s-5.659652851,s7.000099098,s166.081949537
160_156,s-5.586231006,s5.725941133,s315.770147187
160_157,s-3.759734465,s6.528762539,s97.096104642
160_158,s-2.584153701,s5.762625405,s347.756818748
160_159,s-1.292389662,s4.992151598,s235.393801902
161_0,s-7.261367820,s-6.824374329,s236.701156634
161_1,s-6.245375658,s-5.063487523,s277.087501077
161_2,s-3.426784005,s-5.063958100,s196.233743724
161_3,s-2.108031460,s-4.982663765,s46.446993414
161_4,s-1.110436282,s-7.108341030,s142.641438197
161_5,s-0.273071271,s-4.896046975,s280.428819821
161_6,s0.606960519,s-7.069018084,s205.488227877
161_7,s0.609414352,s-5.509589204,s194.161724029
161_8,s0.737506456,s-6.012988041,s51.264471164
161_9,s1.639626597,s-7.551092544,s140.892588495
161_10,s2.636058845,s-7.266140062,s244.128711124
161_11,s4.571572369,s-5.276020075,s193.046723346
161_12,s4.650793141,s-7.599596758,s302.693095722
161_13,s6.752079488,s-7.401911374,s334.371497792
161_14,s-6.623968054,s-3.275194339,s101.359812216
161_15,s-4.762968648,s-3.061526820,s254.150931826
161_16,s-5.160793504,s-4.167886878,s162.914600118
161_17,s-1.648498029,s-7.199129344,s63.103967482
161_18,s-1.893133570,s-4.400906747,s287.480539075
161_19,s-0.349781871,s-4.314299941,s350.561843141
161_20,s0.943263234,s-3.036695657,s291.187976335
161_21,s2.643757347,s-4.204987336,s87.275088823
161_22,s4.868313357,s-1.460021581,s267.903196587
161_23,s3.800640579,s-5.516972871,s153.297249157
161_24,s4.407710347,s-4.503633378,s357.521631274
161_25,s6.435482939,s-4.627552921,s318.670424800
161_26,s6.219529362,s-2.390855891,s183.731830295
161_27,s5.618812622,s-5.929926090,s227.162391516
161_28,s-7.319574661,s-0.799648177,s98.944880890
161_29,s-4.619080897,s-5.313111523,s190.538728916
161_30,s-6.526055341,s-1.816608364,s3.878791827
161_31,s-3.030210791,s-3.468822649,s319.456475257
161_32,s-2.522045985,s-2.276877445,s38.095501827
161_33,s-1.104585599,s-4.995083916,s237.086216696
161_34,s-0.734099316,s-3.054133531,s105.722491233
161_35,s-1.389184879,s-2.115978704,s83.247810983
161_36,s2.091378210,s-1.591963733,s84.986876402
161_37,s1.363206237,s-5.986681550,s260.915234141
161_38,s3.202804132,s-4.432497790,s291.420518063
161_39,s4.739294349,s-2.125868840,s33.976375871
161_40,s5.324630147,s-2.948869443,s290.150705512
161_41,s7.358340602,s-5.587505377,s140.506050068
161_42,s-4.313207312,s-1.409942470,s285.739680219
161_43,s-5.774403776,s-0.326745922,s275.381047334
161_44,s-2.872538683,s0.300481099,s241.172254009
161_45,s-3.351332145,s-2.138990462,s239.496925285
161_46,s-1.983483686,s0.307879517,s124.048458841
161_47,s-0.909869388,s0.298235405,s226.920298828
161_48,s1.740630191,s-2.235375099,s120.893079947
161_49,s1.175703459,s-1.286039023,s25.226486700
161_50,s2.436110455,s-3.064387881,s241.929861845
161_51,s3.422526482,s-1.773135744,s276.862439203
161_52,s2.673368672,s0.634818632,s76.453451091
161_53,s4.516654821,s-2.897984501,s55.091988757
161_54,s7.445354912,s-0.663155391,s205.714020281
161_55,s7.899731657,s-2.846994124,s59.077807417
161_56,s-6.637920758,s-2.319393006,s284.674891983
161_57,s-6.551620047,s-1.382578290,s254.109691593
161_58,s-3.524999274,s-3.857498272,s116.262125918
161_59,s-2.130967687,s-3.673033860,s78.134726221
161_60,s-2.353238467,s1.663348956,s174.744467198
161_61,s-1.470670662,s-3.741782330,s256.260567412
161_62,s-1.969343446,s-3.230877074,s263.578498027
161_63,s-2.084393272,s-0.755890756,s155.574587869
161_64,s2.073427358,s-0.751876992,s92.272232578
161_65,s1.711286034,s-4.781644856,s45.304625448
161_66,s2.804447406,s-0.522257601,s56.904755578
161_67,s3.810675219,s-0.588434881,s288.757336469
161_68,s6.086052223,s-1.322671562,s250.899940625
161_69,s6.549411314,s-1.141377024,s208.264014368
161_70,s-5.571650804,s0.071198565,s191.377858812
161_71,s-3.774471579,s-2.592374896,s355.344899201
161_72,s-4.852644570,s1.447862519,s217.689524477
161_73,s-4.867848224,s-1.275854919,s345.322153734
161_74,s-4.056100301,s0.460860245,s273.277777109
161_75,s-0.531231628,s-2.335139269,s89.999867239
161_76,s0.193053024,s-2.274791292,s146.198440338
161_77,s0.814215669,s0.401870693,s51.086505854
161_78,s1.652860811,s1.302396160,s197.228008767
161_79,s4.746131093,s1.261018962,s352.436209320
161_80,s3.976815745,s0.127237184,s172.813876960
161_81,s5.085365929,s-1.256917884,s70.951779731
161_82,s5.752266629,s-0.572313569,s297.790034524
161_83,s7.617884458,s1.376464624,s150.569930638
161_84,s-6.901369587,s0.588852659,s116.005095005
161_85,s-6.506868888,s1.865424443,s102.783443192
161_86,s-5.269505417,s2.348644785,s248.957931763
161_87,s-2.581240396,s2.520031975,s288.143203961
161_88,s2.018757135,s-0.947553904,s356.598136994
161_89,s-0.473261285,s-0.034196210,s94.313468343
161_90,s-1.777199934,s1.314168275,s333.290636173
161_91,s1.952833873,s2.938241483,s2.044610843
161_92,s-0.567381358,s0.843013082,s79.124117890
161_93,s3.086238680,s1.009695508,s60.571249788
161_94,s2.069760648,s-0.341323829,s359.238797652
161_95,s5.606264231,s0.061697401,s143.533658496
161_96,s4.378222981,s0.126110770,s228.038853949
161_97,s6.663501885,s0.885851941,s169.891759600
161_98,s-4.319894518,s0.510451204,s351.324341780
161_99,s-4.978846028,s3.058326609,s252.061868916
161_100,s-3.600191282,s2.027236473,s167.271499351
161_101,s-1.275874485,s4.681317302,s75.453638273
161_102,s-1.611834943,s-0.305973502,s148.154966636
161_103,s0.522899302,s1.775716014,s344.061414342
161_104,s0.741961628,s1.153139151,s3.454914868
161_105,s1.206162747,s3.394861798,s260.030902547
161_106,s0.866658378,s1.644534705,s323.873418934
161_107,s3.130402148,s1.782711865,s242.450737964
161_108,s4.052158364,s2.242452244,s353.382567979
161_109,s3.081425032,s4.040547689,s347.648971203
161_110,s3.371854441,s1.147127441,s353.520181888
161_111,s6.801996599,s2.179914817,s256.365903301
161_112,s-6.024541751,s2.710129941,s47.041397727
161_113,s-6.149638337,s3.847319930,s59.832875651
161_114,s-2.873517878,s2.760872931,s120.607993023
161_115,s-0.860162788,s2.299268558,s163.405460801
161_116,s-1.481675926,s3.067078140,s216.909562028
161_117,s-3.509521329,s0.526645871,s295.799317297
161_118,s0.272752934,s4.192016694,s243.037500864
161_119,s1.354286372,s3.380690069,s155.234883351
161_120,s0.748476197,s5.103327887,s65.814602928
161_121,s2.166302885,s1.971125186,s63.449808322
161_122,s2.764912256,s2.610617463,s61.985935117
161_123,s4.582925647,s3.504867844,s292.148329156
161_124,s5.454739609,s1.933248960,s125.599678109
161_125,s6.158924078,s3.945947926,s76.771859719
161_126,s-7.135357212,s4.683342140,s26.586366552
161_127,s-4.993764183,s4.743381043,s68.886403175
161_128,s-4.277601534,s2.578530992,s43.895586228
161_129,s-3.147114347,s5.032631287,s209.571013435
161_130,s-2.683933451,s3.531356485,s336.216257186
161_131,s-0.777926100,s5.454358654,s261.213296247
161_132,s-0.316090151,s4.080126247,s333.666245852
161_133,s0.093855802,s4.725689281,s265.352696950
161_134,s2.252524018,s3.327467817,s262.776578500
161_135,s3.818277113,s3.976372244,s264.930712553
161_136,s3.509983942,s5.397020778,s303.891010037
161_137,s2.426206650,s7.196972187,s316.932986670
161_138,s4.404064194,s4.760850967,s287.337400064
161_139,s7.554103228,s2.600601217,s148.390876090
161_140,s-7.118449892,s4.100547013,s25.817631368
161_141,s-4.157617320,s5.178596107,s232.959256843
161_142,s-4.303828302,s4.196498162,s145.973189741
161_143,s-3.520281388,s6.503220982,s252.110654994
161_144,s-1.597398454,s6.263798093,s27.428563523
161_145,s-1.980235159,s5.049833502,s330.968476684
161_146,s-0.357863675,s2.187366668,s171.099790708
161_147,s0.087998182,s6.111716668,s131.984222707
161_148,s1.495435952,s5.053619517,s235.564703486
161_149,s1.642597711,s6.552187603,s341.092597831
161_150,s2.481486907,s6.083473457,s66.852820811
161_151,s5.549321272,s6.425458039,s239.527882859
161_152,s7.246903417,s6.546614439,s203.517136117
161_153,s4.818882846,s4.901766553,s68.578157471
161_154,s-5.175719941,s6.014668583,s190.580165400
161_155,s-5.124382105,s7.384733732,s81.599708185
161_156,s-4.991723784,s6.888897381,s268.779285753
161_157,s-2.670305327,s6.440964013,s238.448268633
161_158,s-2.726898314,s7.050016259,s324.724261983
161_159,s-1.561777893,s7.542600453,s38.132960209
161_160,s-0.024167308,s7.545507699,s258.307228223
162_0,s-6.421364931,s-5.534414374,s81.390290515
162_1,s-5.031217367,s-4.889033638,s189.808398079
162_2,s-4.793055038,s-6.946142007,s74.589804364
162_3,s-1.866821012,s-3.888638738,s205.800599975
162_4,s-2.610041705,s-6.471609151,s54.002577398
162_5,s-0.766463594,s-5.786226247,s82.279425408
162_6,s0.546177068,s-6.017220613,s208.069652219
162_7,s1.095981944,s-5.799081145,s328.926602044
162_8,s2.256143968,s-6.011335782,s288.857909381
162_9,s2.297320986,s-7.048799804,s169.115164202
162_10,s3.864472466,s-4.810017387,s353.182318752
162_11,s5.027523446,s-6.943609495,s296.943281372
162_12,s6.083845739,s-2.168702480,s44.032773964
162_13,s6.482428291,s-4.175501851,s138.417067152
162_14,s-6.674289540,s-5.956673115,s4.275879213
162_15,s-4.253547988,s-3.860294764,s151.927890527
162_16,s-2.274941340,s-7.010144193,s248.222224890
162_17,s-4.901771728,s-1.981035910,s77.848485207
162_18,s-1.106483473,s-6.366361895,s211.208992887
162_19,s-0.704537234,s-3.450468875,s34.959861986
162_20,s-0.572808219,s-4.507321472,s190.662265638
162_21,s0.453872049,s-4.078846919,s334.792591723
162_22,s1.889680700,s-5.062433467,s81.189872911
162_23,s1.284216702,s-3.032073102,s259.784153206
162_24,s4.999186625,s-3.855290139,s98.525946450
162_25,s1.695795538,s-4.271238912,s341.248241116
162_26,s5.387688369,s-3.202365351,s125.699925431
162_27,s6.971419549,s-6.301077282,s8.802100385
162_28,s-6.979378559,s-1.450149092,s71.672030875
162_29,s-3.347124991,s0.720554607,s335.093539639
162_30,s-3.914739407,s-1.403660744,s285.218009533
162_31,s-1.609160596,s-3.998849139,s299.503423896
162_32,s-4.113160991,s-2.872069318,s214.845563038
162_33,s-0.811917378,s-1.690768253,s222.812916628
162_34,s1.228896252,s-4.234162887,s316.352170076
162_35,s-1.624275637,s-0.950587737,s141.955065958
162_36,s2.597382044,s-1.921769776,s125.539477074
162_37,s1.669862582,s-1.025125777,s56.395070500
162_38,s4.117255740,s-0.719611307,s239.658718736
162_39,s2.595612888,s-2.871648958,s4.608102831
162_40,s5.196489523,s-2.566788491,s223.789811301
162_41,s7.332223906,s-2.253837394,s165.206824864
162_42,s-6.690752758,s-4.709592230,s10.743259714
162_43,s-5.657124830,s-3.900545427,s7.924624384
162_44,s-2.277801194,s-6.063396027,s96.731923587
162_45,s-2.150921190,s-2.834686305,s92.026142406
162_46,s0.312077573,s-2.827329548,s230.147362674
162_47,s-1.825728752,s-5.822161054,s318.877371403
162_48,s0.420852647,s-2.297872833,s196.131714528
162_49,s2.571933435,s-3.229032963,s292.246459181
162_50,s0.468780991,s-3.355881869,s134.898290451
162_51,s3.119462629,s-4.718864178,s206.810212865
162_52,s5.053651003,s0.163158936,s130.727130338
162_53,s3.434359146,s-3.972534875,s326.908180837
162_54,s6.149855301,s-2.656678718,s203.485863242
162_55,s6.739957655,s-0.963804073,s270.533580286
162_56,s-5.156089937,s-1.163849130,s80.843127390
162_57,s-5.778962530,s2.018107749,s132.038924545
162_58,s-5.850471765,s-2.907959909,s240.268643555
162_59,s-3.091945781,s-1.041975286,s105.104913243
162_60,s-1.802942104,s-0.613402785,s310.684473862
162_61,s-2.262191594,s0.418245602,s1.845556749
162_62,s-1.585708684,s0.715611159,s321.348060467
162_63,s1.033177039,s-1.376492678,s13.289338988
162_64,s-0.104735337,s1.822917638,s136.998299033
162_65,s2.279975976,s0.320933494,s146.953650612
162_66,s1.556637286,s-3.199367341,s156.435954670
162_67,s2.630300466,s-0.996589504,s217.198483814
162_68,s3.522697769,s-2.304364222,s122.792853225
162_69,s5.917745885,s-0.044054473,s246.804361622
162_70,s-5.892905594,s-0.055603500,s174.944722525
162_71,s-2.233683133,s-0.710974429,s169.435287012
162_72,s-3.790397604,s2.286279086,s113.168707157
162_73,s-1.199639096,s-2.608688155,s338.971737845
162_74,s0.455256591,s1.061308091,s225.712588646
162_75,s-0.016984865,s-1.895812058,s276.987952600
162_76,s2.149086268,s-1.610423972,s77.685220547
162_77,s1.288440769,s-0.938541682,s229.614748245
162_78,s1.259842007,s-2.313958764,s30.324303592
162_79,s3.189116382,s0.083551644,s328.000433125
162_80,s4.405237861,s1.502218644,s252.223828561
162_81,s5.149236534,s-0.315176952,s113.369086953
162_82,s5.525346213,s-1.687714855,s159.706869394
162_83,s7.417837131,s-0.473126259,s23.504896312
162_84,s-6.232252880,s-0.972669933,s87.891824012
162_85,s-6.885890084,s3.637504972,s105.656752874
162_86,s-5.358490726,s3.704777319,s343.647811341
162_87,s-2.010080095,s3.494791314,s141.533718964
162_88,s-1.579040647,s0.932124353,s180.001566715
162_89,s-1.884513806,s1.842444016,s267.491807395
162_90,s1.094927969,s1.639536701,s125.335747397
162_91,s0.133864969,s-0.574356540,s223.735921157
162_92,s1.296657886,s0.054251914,s255.361339827
162_93,s1.721477337,s-0.381119795,s234.960842262
162_94,s2.030118054,s0.618056078,s127.515239002
162_95,s4.619023266,s0.449705363,s106.603382483
162_96,s5.549820208,s1.214686247,s82.775727213
162_97,s7.044410343,s0.656988666,s100.800556071
162_98,s-4.141085825,s1.030657797,s72.579320533
162_99,s-4.347863026,s-2.097662508,s61.401598555
162_100,s-2.955612799,s0.135848760,s221.234563654
162_101,s-3.351599754,s-4.609573215,s69.822363989
162_102,s-2.755780060,s1.123268411,s233.773576179
162_103,s-2.361765494,s3.269158968,s252.200622590
162_104,s-0.565735826,s-0.514323960,s257.105935576
162_105,s3.559882405,s1.412967644,s73.788708192
162_106,s0.673029067,s3.469160844,s348.785495171
162_107,s1.724719093,s2.292199661,s69.633277636
162_108,s3.401262025,s-0.003198255,s250.371035401
162_109,s4.757397216,s5.146189273,s107.708337642
162_110,s3.313019701,s1.807635964,s21.087836621
162_111,s7.250982125,s2.010967773,s115.576181325
162_112,s-6.303993221,s2.420383967,s282.384385140
162_113,s-3.537025872,s5.015498334,s310.754489219
162_114,s-4.257975637,s2.736942456,s78.883029716
162_115,s-4.353458771,s0.033253875,s134.659183871
162_116,s-0.602221629,s4.073040930,s155.455562066
162_117,s-0.656494028,s2.897066662,s10.551386837
162_118,s0.235207470,s5.355738463,s286.117207292
162_119,s-1.361271292,s-0.062630728,s271.066744993
162_120,s2.187095514,s1.249044367,s294.634189251
162_121,s2.511150330,s3.241268110,s279.679730004
162_122,s4.381840987,s5.923420732,s277.290456880
162_123,s3.352505782,s3.414172926,s338.417034402
162_124,s6.120728506,s2.603247368,s133.981955762
162_125,s7.200549801,s3.886955157,s42.394027494
162_126,s-5.873723124,s3.823156538,s3.288208708
162_127,s-3.621119991,s3.003569519,s142.803758663
162_128,s-2.249600947,s1.589612696,s162.243690903
162_129,s-3.469129260,s4.554028769,s357.425453725
162_130,s0.140640424,s2.404908703,s340.487673130
162_131,s-2.773424967,s4.544489748,s176.973248735
162_132,s0.998462142,s4.304886086,s330.935783320
162_133,s0.968026795,s2.163898075,s332.270401539
162_134,s0.515746471,s5.232210779,s43.313510383
162_135,s3.750173911,s0.553288348,s341.856842857
162_136,s0.221430025,s6.492764132,s270.233461917
162_137,s5.246328721,s1.516749028,s355.133612367
162_138,s6.525955527,s4.162883279,s49.853379430
162_139,s7.064519681,s2.727979070,s114.654632621
162_140,s-6.719837508,s4.692052837,s109.919075338
162_141,s-5.201882387,s6.034715453,s336.626782185
162_142,s-4.373180681,s5.846797149,s41.614324859
162_143,s-2.758119418,s2.450241192,s245.698214106
162_144,s-3.352471157,s5.330886084,s292.431529485
162_145,s-1.090081076,s5.940889030,s265.880658320
162_146,s-0.797776259,s4.471711505,s49.882763573
162_147,s1.601145425,s3.363343734,s76.650907405
162_148,s-0.841288205,s6.673338429,s327.616061827
162_149,s3.261344834,s7.105480902,s324.617565527
162_150,s2.912829268,s6.191405731,s268.350810460
162_151,s4.442778915,s7.110218498,s141.537683679
162_152,s4.994818430,s3.486347700,s170.399831651
162_153,s5.439507320,s6.365543472,s259.559957686
162_154,s-6.918408597,s6.753793063,s291.338734098
162_155,s-4.229810266,s7.048723806,s145.925265424
162_156,s-3.279875900,s6.201840671,s67.183357112
162_157,s-0.289525450,s3.292055789,s300.675893978
162_158,s-2.634255240,s7.038238408,s5.609931367
162_159,s-0.914272907,s7.096915340,s297.360056284
162_160,s0.807418670,s7.066768248,s109.546219500
162_161,s2.694713083,s4.554063417,s183.327025405
163_0,s-5.993733782,s-5.086255271,s31.143404359
163_1,s-6.614291809,s-7.576489998,s250.600299438
163_2,s-4.116655445,s-6.077506248,s248.231360943
163_3,s-3.822632423,s-7.022382300,s49.899906179
163_4,s-2.976468994,s-5.464234350,s332.578953365
163_5,s-3.592915093,s-3.887612739,s102.691913954
163_6,s-0.423869728,s-7.415156393,s144.407267440
163_7,s1.700173421,s-5.390953504,s359.999160712
163_8,s0.491776086,s-7.088888317,s149.258783505
163_9,s1.477415201,s-7.576489998,s253.782421926
163_10,s4.070123251,s-7.265271775,s267.097493658
163_11,s4.683845793,s-6.739765072,s258.218127219
163_12,s5.371287204,s-5.371246928,s104.041381013
163_13,s7.483289253,s-6.038816263,s236.364532049
163_14,s-6.377660716,s-3.857502437,s159.602009872
163_15,s-4.994673357,s-5.739305034,s51.199376812
163_16,s-1.561437730,s-2.585707534,s342.417375261
163_17,s-3.994820703,s-5.341651900,s51.547257024
163_18,s-2.457742158,s-1.937163974,s93.894815002
163_19,s-1.384535439,s-5.182791983,s57.089815633
163_20,s-0.671379337,s-6.019542842,s164.480566021
163_21,s0.581208410,s-5.951606090,s6.123968940
163_22,s2.409895117,s-4.610949170,s138.225039953
163_23,s0.989680282,s-2.494381461,s230.362755240
163_24,s2.581670463,s-4.357594552,s210.226274500
163_25,s5.365913148,s-3.744355040,s38.174166285
163_26,s6.548906109,s-4.387297831,s229.035574702
163_27,s6.934280436,s-3.148201174,s188.934740684
163_28,s-7.667035283,s-5.866622256,s256.561009840
163_29,s-6.108434241,s-1.671530111,s298.187779054
163_30,s-5.047194489,s-4.331188809,s69.628877876
163_31,s-4.808226697,s-3.151840598,s275.519106881
163_32,s-2.582906683,s-5.942854912,s282.838472871
163_33,s-0.239466888,s-3.247907517,s56.768932203
163_34,s0.380739966,s-4.551448210,s296.197040703
163_35,s-0.770754741,s-3.537294286,s271.567288812
163_36,s0.847087299,s-3.047525043,s232.706114524
163_37,s3.042481561,s-3.211488119,s117.158286022
163_38,s2.189384780,s-6.317180644,s174.975813379
163_39,s2.927447811,s-3.734105742,s141.706768852
163_40,s4.019584069,s-5.918842274,s158.011275884
163_41,s5.346631933,s-2.835283261,s28.282248954
163_42,s-7.799695858,s-2.843010067,s177.460265173
163_43,s-6.093979717,s-3.767360804,s289.311724514
163_44,s-3.615379893,s-2.436924763,s358.470171245
163_45,s-1.780815849,s0.384811185,s31.114562738
163_46,s-4.979039643,s-4.059283179,s113.794356132
163_47,s-1.542480771,s-0.982348250,s172.309178936
163_48,s0.336623103,s-3.914130520,s217.281989503
163_49,s0.228310189,s-1.096720691,s318.726468388
163_50,s0.760501887,s0.354558389,s4.890506851
163_51,s1.664503578,s-1.989223291,s212.326091352
163_52,s3.965089396,s-2.797495077,s316.036349052
163_53,s4.060603446,s-2.275106207,s155.680417541
163_54,s4.499277387,s-3.008105695,s256.804267592
163_55,s7.439895901,s-1.763981151,s58.190980119
163_56,s-7.155088483,s-2.007843030,s145.819264215
163_57,s-5.079061820,s-2.828421627,s179.388151785
163_58,s-4.254466880,s-1.230467266,s226.011879943
163_59,s-4.683982817,s-0.961190014,s6.516439510
163_60,s-0.760376935,s-2.644653157,s186.433526020
163_61,s-0.222117627,s-1.328706562,s38.556941106
163_62,s-1.669143652,s-1.384327237,s52.990073040
163_63,s-0.070968136,s-2.163823913,s295.197524932
163_64,s0.017632035,s0.177759466,s319.925920682
163_65,s2.580907492,s-1.693991032,s54.292404784
163_66,s1.849664730,s-2.443152711,s314.785224587
163_67,s2.408336353,s-0.505167206,s310.545612560
163_68,s3.142136754,s0.166161889,s195.918366028
163_69,s6.328107765,s-3.113422562,s265.300505362
163_70,s-6.986017481,s-0.872705277,s80.839869866
163_71,s-5.588135863,s-0.490303805,s218.951002846
163_72,s-5.288963510,s1.454856727,s146.393025002
163_73,s-3.100495223,s-0.038767751,s288.957699624
163_74,s-1.890193378,s1.371005773,s26.602704460
163_75,s-1.727414466,s0.614022050,s305.632537341
163_76,s-1.480055364,s-0.500698807,s173.787227553
163_77,s-0.627085021,s-0.152462739,s224.170024364
163_78,s0.389772556,s0.639973583,s176.289121874
163_79,s2.628651788,s0.156127377,s327.669012418
163_80,s4.158852129,s-0.965762250,s86.837588873
163_81,s4.028629204,s0.811384369,s87.618924103
163_82,s5.814095744,s-1.874452571,s240.546341334
163_83,s7.361329284,s-0.878692248,s321.439950501
163_84,s-6.908876911,s-0.007234450,s139.064476674
163_85,s-5.725097215,s-0.116988199,s252.876097207
163_86,s-4.356328118,s3.224819949,s173.982727876
163_87,s-2.534722303,s-2.829413177,s13.379995183
163_88,s-2.828169593,s1.952379816,s75.904697362
163_89,s-3.059316578,s-1.437929242,s34.456750350
163_90,s0.503839480,s1.681641117,s299.296728201
163_91,s-1.273185489,s-3.697352350,s68.234872531
163_92,s1.989343240,s0.203351178,s288.778903938
163_93,s1.082562676,s1.600511182,s265.315353808
163_94,s2.202201670,s2.062800405,s348.768643704
163_95,s3.014363308,s1.042498021,s92.609912562
163_96,s6.546978230,s1.439952680,s208.228237731
163_97,s4.463465565,s-0.158881133,s214.936528555
163_98,s-5.823776226,s0.886894430,s71.509019558
163_99,s-3.691377788,s2.145697415,s218.170928985
163_100,s-4.126212342,s-0.881564553,s55.742483850
163_101,s-4.902760535,s0.498437070,s70.053059647
163_102,s-1.913239208,s2.336570873,s41.287642084
163_103,s-0.971017252,s0.941114226,s85.713403366
163_104,s-1.114222187,s-0.096462182,s59.197481681
163_105,s1.372743697,s2.830845960,s146.417165599
163_106,s0.987409897,s2.377680643,s76.677250466
163_107,s2.299752666,s2.181668168,s306.340555053
163_108,s2.678352084,s3.152055157,s127.273158783
163_109,s4.052851217,s3.627600926,s247.452300330
163_110,s5.815761786,s0.144004628,s337.329040345
163_111,s7.201899272,s1.980959492,s223.090693030
163_112,s-7.556688529,s1.133526978,s170.321455190
163_113,s-7.151319760,s3.169179613,s297.962287054
163_114,s-5.646373256,s2.711364344,s246.389110794
163_115,s-3.317411497,s3.759893927,s199.662318915
163_116,s-2.819307874,s3.426265409,s277.996384267
163_117,s-1.420701650,s2.080311295,s189.330296998
163_118,s-0.922731108,s3.785917041,s101.211629461
163_119,s-0.253360918,s1.211927920,s265.915377874
163_120,s2.760737616,s3.715960715,s257.980656126
163_121,s1.794151556,s2.138033514,s199.085994248
163_122,s2.680778395,s4.387390572,s158.346760343
163_123,s4.183226488,s5.033988452,s123.649314572
163_124,s4.485325035,s1.482065544,s329.780495262
163_125,s5.175422770,s2.873271522,s47.206471525
163_126,s-7.479253730,s5.257095262,s161.171440414
163_127,s-5.571569077,s3.194795198,s343.293027210
163_128,s-3.645561207,s4.015080166,s144.836491998
163_129,s-3.574416917,s5.938895079,s307.840051579
163_130,s0.402539413,s5.326327305,s239.548609025
163_131,s-0.376163263,s4.199725099,s155.762949296
163_132,s0.141946569,s6.221794457,s182.741110778
163_133,s-0.637762637,s2.485197318,s290.213496291
163_134,s0.295611149,s2.905528318,s79.044240745
163_135,s3.172838806,s5.566306481,s225.990618494
163_136,s5.198114623,s5.811813125,s93.866115733
163_137,s5.821841477,s7.198057738,s75.408970976
163_138,s6.360419348,s3.629312338,s287.816367862
163_139,s5.831898963,s6.305555173,s201.327720206
163_140,s-7.315897844,s4.457191186,s35.737167917
163_141,s-4.967443029,s5.296329212,s195.576984545
163_142,s-5.483457557,s3.446711581,s108.879317077
163_143,s-4.409923047,s6.598988651,s140.682396435
163_144,s-2.101864238,s3.353353174,s307.859666099
163_145,s-4.696952967,s4.707218114,s358.190033330
163_146,s-1.713179713,s6.031866666,s250.478878631
163_147,s-0.148562004,s4.618708299,s122.018893453
163_148,s0.777675640,s6.618702001,s175.982873075
163_149,s1.772034279,s4.354633780,s343.292767370
163_150,s3.854284469,s6.749890999,s215.478675581
163_151,s5.041925880,s7.626127006,s277.813317750
163_152,s3.393301906,s1.665529518,s3.174383082
163_153,s4.827503529,s4.396217051,s153.276045832
163_154,s-7.643537118,s6.616260372,s345.680400897
163_155,s-4.603512511,s7.253059578,s82.777567372
163_156,s-3.281581276,s7.518413892,s46.834918286
163_157,s-2.366530578,s5.293365097,s161.045082759
163_158,s-2.095565813,s7.164600962,s220.373840503
163_159,s-1.413850197,s7.395847680,s38.788894122
163_160,s-0.625715972,s7.318125446,s151.851118069
163_161,s0.365964562,s6.942925250,s119.055923524
163_162,s2.726295626,s7.411783677,s90.272463632
164_0,s-7.299125274,s-2.993089958,s22.509459820
164_1,s-6.586450541,s-6.668095235,s353.219879727
164_2,s-5.754081374,s-6.891384977,s32.334806930
164_3,s-2.637367792,s-4.770309265,s275.777937511
164_4,s-0.721300174,s-6.308841673,s11.793199822
164_5,s1.759943409,s-5.754957663,s351.362852663
164_6,s-1.824737489,s-6.827756732,s332.572897798
164_7,s-1.493060259,s-6.753777762,s12.561316448
164_8,s1.257646776,s-2.292730445,s133.545700819
164_9,s2.985001168,s-6.636519688,s195.634334501
164_10,s2.339231798,s-3.453599396,s88.436307452
164_11,s4.181808584,s-7.195566169,s296.626342551
164_12,s5.976501681,s-3.355999447,s141.489405463
164_13,s5.340653881,s-6.250466314,s245.033932097
164_14,s-5.465334603,s-4.071696596,s13.145752082
164_15,s-5.793719509,s-6.402792940,s147.929023888
164_16,s-2.141207299,s-3.146238929,s155.010725117
164_17,s-4.750187126,s-4.915965491,s84.569932804
164_18,s-1.821686652,s-4.788498437,s6.044415391
164_19,s-1.396393849,s-4.080189810,s110.921092568
164_20,s-0.541810634,s-4.353767796,s292.914638976
164_21,s1.051557725,s-7.098801140,s226.439668165
164_22,s-0.174006216,s-4.742803119,s144.947545561
164_23,s1.308857714,s-6.932282993,s333.998338168
164_24,s2.654773002,s-5.095904964,s88.913022964
164_25,s4.021363334,s-3.882269694,s25.211017800
164_26,s4.789613583,s-2.893484503,s207.163001391
164_27,s6.030597488,s-2.422223163,s6.960890653
164_28,s-6.748564927,s-1.946374042,s261.556548323
164_29,s-6.362733204,s-2.380024838,s191.133483328
164_30,s-5.523842639,s-3.625382947,s337.057790180
164_31,s-3.541414643,s-3.221646487,s280.818714946
164_32,s-1.699576203,s-1.006105359,s42.488892938
164_33,s-0.699239468,s-3.188879847,s207.990125135
164_34,s-2.932628078,s-2.128336504,s243.077204199
164_35,s0.893529517,s-4.412640197,s251.189938703
164_36,s1.766639121,s-2.800191101,s71.007083611
164_37,s1.676475480,s-4.692508858,s70.081404396
164_38,s1.958874808,s-4.657496234,s157.673833788
164_39,s1.808983484,s-1.812583116,s318.966853376
164_40,s2.885529683,s-3.455746922,s356.037217262
164_41,s3.802229275,s-1.497914148,s48.504636236
164_42,s-5.557738904,s-1.942601253,s297.610144622
164_43,s-4.580646625,s-4.493798379,s355.490024556
164_44,s-3.140445935,s-1.797934436,s341.646609490
164_45,s-6.290298232,s0.093336014,s61.789497658
164_46,s-4.135446247,s-4.890716991,s45.374798658
164_47,s-2.322235542,s-2.585758720,s335.038306794
164_48,s-0.656349398,s-2.293308022,s242.946723454
164_49,s0.411286643,s-3.044707951,s107.625808518
164_50,s-0.245698498,s-1.129941505,s213.229498186
164_51,s1.876969395,s-2.996178689,s85.574351169
164_52,s2.118842080,s-1.839466303,s131.264208619
164_53,s5.108365924,s-1.434122315,s216.861353326
164_54,s3.388948051,s-2.532882180,s145.147126170
164_55,s6.597370527,s-4.780893725,s113.351422487
164_56,s-6.570932271,s-1.908295680,s359.438322824
164_57,s-6.723903422,s-1.120628034,s271.076152890
164_58,s-3.955684768,s-3.084370183,s317.410800335
164_59,s-2.676020364,s1.043645311,s101.032652475
164_60,s-0.502612460,s-2.924354508,s23.166517278
164_61,s-0.999314983,s1.755336917,s5.032458887
164_62,s-0.874867530,s-1.004649975,s316.532771011
164_63,s4.220215916,s0.572025642,s311.109432572
164_64,s-0.465545010,s-1.260882850,s60.341958630
164_65,s2.573167088,s-0.868397979,s177.216830554
164_66,s3.322510450,s0.049472270,s113.890997707
164_67,s3.137253667,s-1.266785388,s251.932348114
164_68,s6.397774403,s-0.646377125,s51.954446349
164_69,s6.219215450,s-0.145661791,s96.854709961
164_70,s-4.484060389,s-3.353691895,s64.635526143
164_71,s-3.479215096,s1.242094448,s326.522014862
164_72,s-6.363216918,s0.146299744,s350.482907747
164_73,s-3.141263045,s0.500017001,s138.347061336
164_74,s-3.583645573,s-1.257300925,s57.774374666
164_75,s-4.096050783,s-1.086652340,s281.910368811
164_76,s0.761210019,s0.058819530,s312.360583612
164_77,s-1.283899123,s-0.275650839,s267.576057370
164_78,s2.386399245,s-1.110510863,s238.411795563
164_79,s2.276823828,s1.344567578,s159.639015232
164_80,s-0.555798995,s-2.541304340,s216.733790418
164_81,s4.528111260,s-0.346251667,s256.501350022
164_82,s5.948823670,s0.556939460,s182.291105602
164_83,s6.823403128,s-2.493778667,s272.780943857
164_84,s-7.044972496,s0.111455920,s298.944910533
164_85,s-6.106042840,s0.762256656,s193.393354897
164_86,s-2.183051289,s3.518331711,s105.333327092
164_87,s-4.697741342,s-1.500049276,s70.468453537
164_88,s-1.517735312,s0.137029241,s176.420661338
164_89,s-1.188017547,s1.809243674,s156.797438404
164_90,s-2.760769523,s1.489604641,s248.099150792
164_91,s-0.893050781,s0.627537230,s151.482030706
164_92,s-0.316877745,s1.247478135,s164.537043969
164_93,s-0.276751106,s0.175890577,s43.506665964
164_94,s2.328406562,s4.303935901,s203.895279073
164_95,s3.371658533,s-0.948082933,s118.980007723
164_96,s4.056800500,s2.177944214,s101.538744224
164_97,s6.518524155,s0.032653686,s0.178639758
164_98,s-6.539856751,s0.973917923,s9.846095886
164_99,s-4.589632761,s0.748101391,s143.065923637
164_100,s-2.760225071,s1.560308001,s270.739204879
164_101,s-2.402276895,s2.193655604,s215.311543413
164_102,s-1.369022623,s-1.422052625,s359.859599054
164_103,s-0.720050117,s2.510124083,s5.039425628
164_104,s1.949740907,s3.391739386,s300.563554415
164_105,s0.616098716,s-2.250453645,s229.832944356
164_106,s-0.237901639,s0.740584491,s8.026671606
164_107,s0.694264287,s-0.676834147,s101.464680548
164_108,s3.083640690,s2.271225162,s189.953902839
164_109,s3.897101908,s0.344034621,s291.398295583
164_110,s6.106658479,s3.395049286,s355.534339592
164_111,s6.218569649,s0.906456184,s8.574115662
164_112,s-5.960473521,s2.366038632,s306.580565653
164_113,s-4.790663807,s4.418349533,s242.560662238
164_114,s-3.211624562,s3.367178443,s149.603355252
164_115,s-5.505945880,s2.758723256,s163.483938227
164_116,s-2.280418574,s3.147279780,s232.390225520
164_117,s1.366518281,s2.289210933,s118.951628001
164_118,s0.541963624,s3.390405661,s45.519505647
164_119,s2.703142356,s1.368753687,s20.873256616
164_120,s-0.492215916,s4.966936936,s7.682871906
164_121,s0.409281714,s4.242252918,s327.924632203
164_122,s3.442349411,s3.233304583,s117.702353041
164_123,s3.418757797,s4.390127575,s104.152603478
164_124,s4.775948201,s-0.028879894,s102.194474986
164_125,s6.300104015,s5.599167411,s119.867602263
164_126,s-6.490894144,s2.351828642,s201.225542714
164_127,s-5.171438955,s1.915545280,s228.402144829
164_128,s-2.933273110,s4.394550076,s168.453552386
164_129,s-2.426415644,s3.943266301,s217.542250264
164_130,s-4.179433958,s1.835453185,s76.557374823
164_131,s-1.704813012,s5.496769668,s7.921853074
164_132,s-1.313216786,s2.734249346,s11.349084231
164_133,s-0.481885139,s3.973484034,s355.717406935
164_134,s0.796602253,s1.398351849,s224.205661039
164_135,s1.689214154,s-0.043221753,s150.982747992
164_136,s1.281112128,s2.223189698,s273.674423878
164_137,s3.411969975,s1.560324696,s306.346710243
164_138,s4.047041750,s4.068239076,s179.151130435
164_139,s6.792007430,s1.616709856,s337.712871077
164_140,s-6.814044891,s4.869369224,s242.793899423
164_141,s-6.269455790,s4.360357904,s281.640949579
164_142,s-4.371681824,s3.966717629,s191.735930164
164_143,s-1.469461170,s4.438757076,s215.399577525
164_144,s-1.490991127,s3.784682174,s296.841275040
164_145,s-2.869089931,s5.916512369,s357.277571004
164_146,s0.771008495,s5.479381954,s48.294228290
164_147,s2.647686399,s4.727907903,s96.666321073
164_148,s-1.024158149,s5.968369177,s88.073935933
164_149,s0.486600169,s6.152004960,s78.508417403
164_150,s2.319250292,s6.786144850,s315.604195206
164_151,s4.460040082,s4.800052745,s187.869187421
164_152,s4.319927338,s6.910832583,s199.100438969
164_153,s5.118222408,s6.899040303,s78.255906330
164_154,s-4.875294189,s6.371433797,s102.615308165
164_155,s-5.299975724,s5.534358131,s209.253475063
164_156,s-5.343348148,s6.573282773,s20.094099631
164_157,s-2.911561072,s6.919186578,s336.012786926
164_158,s-3.577274881,s5.835555747,s326.779954449
164_159,s-1.614267101,s6.505968943,s43.254933644
164_160,s-0.984117814,s6.375819097,s283.035633897
164_161,s1.818598614,s6.705108512,s209.230854172
164_162,s1.586457476,s6.295954135,s167.238116558
164_163,s2.887109273,s5.494278861,s291.627697849
165_0,s-6.457578750,s-4.749465756,s292.776338656
165_1,s-4.814204996,s-7.203636669,s243.621704300
165_2,s-5.466585522,s-4.957776864,s104.376128427
165_3,s-3.310948470,s-5.850436751,s126.505287403
165_4,s-2.257939206,s-6.163016173,s353.743426724
165_5,s-1.167671096,s-5.185649570,s76.271253516
165_6,s-0.783086025,s-6.706653971,s112.133325671
165_7,s-1.025724263,s-5.535864841,s288.804982846
165_8,s-0.531626246,s-4.120479863,s244.600909900
165_9,s0.518562445,s-7.023259191,s191.834021601
165_10,s2.366980382,s-5.269378462,s234.553257072
165_11,s2.408477152,s-7.144779296,s325.188014728
165_12,s3.159571027,s-5.503699007,s304.497428414
165_13,s4.884954354,s-6.074330210,s225.728130164
165_14,s-6.482006039,s-4.049307133,s151.179329096
165_15,s-3.891500197,s-2.514541377,s255.467561564
165_16,s-3.764455729,s-5.207775030,s215.869147073
165_17,s-2.820541766,s-4.862138462,s222.831297875
165_18,s-1.046740539,s-4.349703468,s247.135436881
165_19,s-1.949532270,s-5.313938566,s176.667884113
165_20,s0.863340605,s-2.525354434,s326.213116728
165_21,s0.430264872,s-4.849881614,s84.143482210
165_22,s0.889437816,s0.821691660,s275.443930961
165_23,s1.085914750,s-5.048433227,s225.278737702
165_24,s3.600312088,s-4.807583829,s241.315287078
165_25,s4.685309341,s-4.381951328,s302.019436258
165_26,s5.328123930,s-3.546298459,s332.886690173
165_27,s5.615767181,s-5.088998405,s212.193816976
165_28,s-6.968647164,s-4.048858818,s296.245596794
165_29,s-5.395908969,s-3.307293161,s232.430717466
165_30,s-4.124828331,s-4.547661443,s223.113336024
165_31,s-2.853110664,s-2.089370759,s67.059611052
165_32,s-1.281236289,s-2.440856821,s238.690702306
165_33,s-2.165079298,s-2.889962619,s122.650101763
165_34,s0.920831268,s-3.639075486,s223.642156174
165_35,s2.152873957,s-6.935461543,s309.440942863
165_36,s-1.577727636,s-0.423336708,s152.264295555
165_37,s2.257840090,s-4.796673971,s297.786804501
165_38,s2.085578571,s-1.881864930,s218.715775388
165_39,s2.932454476,s-3.109492123,s60.446810982
165_40,s5.453002919,s-2.088094268,s214.387163167
165_41,s6.416336426,s-4.473651763,s70.953414833
165_42,s-5.070246870,s-2.295474553,s267.132741851
165_43,s-4.548519676,s-2.550923853,s130.115269706
165_44,s-4.252846911,s0.774854491,s11.702284892
165_45,s-1.457794093,s0.835004602,s62.851422476
165_46,s-1.057513934,s-2.119412561,s13.748597418
165_47,s-0.175693275,s-3.533121730,s42.741770620
165_48,s0.242413553,s0.133340097,s58.300569808
165_49,s0.406939255,s-2.629135985,s264.582908741
165_50,s2.036862138,s-4.490740971,s259.019269478
165_51,s2.782794986,s0.844165374,s166.313447955
165_52,s3.813561148,s-3.847219583,s135.519931941
165_53,s3.398518458,s-2.638165248,s327.607034843
165_54,s6.008361201,s-3.349746473,s150.314741139
165_55,s6.845778340,s-0.778961750,s207.186633609
165_56,s-6.917403231,s-2.614089848,s148.490283964
165_57,s-3.766175503,s-1.840301591,s91.109454653
165_58,s-5.070502288,s-1.019164802,s50.685362164
165_59,s-1.795362849,s-1.682054060,s84.942490968
165_60,s-0.210981833,s-3.143919495,s19.778124762
165_61,s-4.680140666,s-1.021708501,s277.419167624
165_62,s2.621793066,s0.148079326,s195.574800817
165_63,s3.054123271,s-0.385826692,s80.148788835
165_64,s0.363310498,s-1.760413576,s136.375412062
165_65,s1.418360604,s-3.627679011,s156.448043485
165_66,s1.941731599,s-1.375386910,s286.190900525
165_67,s2.207606527,s-2.623812411,s116.129386873
165_68,s5.319108524,s-0.621622187,s54.330115951
165_69,s4.036617846,s-2.426688639,s351.435550796
165_70,s-6.561085582,s-0.981105502,s210.078140235
165_71,s-5.856340254,s-0.456553329,s203.151320558
165_72,s-7.159587470,s2.499884249,s3.798413986
165_73,s-3.314931914,s0.476832421,s149.006421860
165_74,s-2.597082253,s1.637313905,s308.030372108
165_75,s-2.274758338,s-0.913035603,s104.915327733
165_76,s0.294146464,s1.439618077,s316.460761971
165_77,s0.875751860,s1.412430030,s326.345302988
165_78,s-1.260050196,s-1.334655173,s49.109205243
165_79,s1.170070864,s-0.378983799,s250.274724825
165_80,s3.560661858,s-1.504620466,s226.097560733
165_81,s4.003716066,s0.254543948,s87.909419259
165_82,s3.579485023,s-1.557433557,s289.879407020
165_83,s6.819199472,s0.384230959,s340.885034395
165_84,s-6.182068656,s0.799437259,s75.548440753
165_85,s-6.716812075,s-0.518316958,s280.381120533
165_86,s-1.606642190,s-1.801550563,s83.905327329
165_87,s-4.410177375,s-0.966993480,s157.203024579
165_88,s-2.673879767,s-1.008827779,s98.289488785
165_89,s-3.672051329,s1.074986586,s93.166709022
165_90,s-2.256160606,s-1.902664167,s345.348872090
165_91,s-1.362994904,s2.159260636,s20.119759558
165_92,s0.772660258,s-1.333357381,s203.886688041
165_93,s1.889294198,s2.014426191,s211.295986661
165_94,s2.992287011,s0.902142222,s32.707066438
165_95,s3.443434177,s1.886851472,s70.064042028
165_96,s6.040703757,s-0.152076506,s65.398171782
165_97,s6.620304714,s-0.969509178,s127.342826244
165_98,s-4.923408799,s0.535010668,s248.744878926
165_99,s-4.753104281,s0.934907926,s195.793483119
165_100,s-3.780570169,s4.088412598,s294.706528727
165_101,s-1.322733121,s1.441333839,s212.251166758
165_102,s-0.299117452,s0.408226566,s66.152440634
165_103,s-1.222593758,s5.747154378,s356.075892229
165_104,s-0.488920031,s2.167139951,s160.148643324
165_105,s0.843122967,s1.731384004,s92.464477865
165_106,s2.266042695,s0.644873159,s157.321724755
165_107,s1.313580246,s1.985946091,s15.904395938
165_108,s3.455489029,s1.046966652,s298.651866249
165_109,s5.594965346,s2.725997825,s216.140452323
165_110,s3.527910544,s-1.084585569,s104.040234219
165_111,s7.200033915,s1.785955629,s188.605025299
165_112,s-4.696701475,s3.836871002,s152.243149753
165_113,s-5.754468039,s2.809126461,s40.761146429
165_114,s-3.217400897,s1.597863570,s38.600505788
165_115,s-3.136090758,s2.444883773,s196.203693520
165_116,s-1.545572510,s1.669887552,s79.215777138
165_117,s-0.001187641,s-0.815739981,s275.626350629
165_118,s-0.148820395,s1.562590745,s162.148425556
165_119,s0.826226981,s-0.288472505,s60.384889502
165_120,s2.566356365,s2.763288222,s176.423062566
165_121,s3.527806534,s-0.316302374,s36.901480004
165_122,s2.867163718,s3.591473434,s100.166702534
165_123,s5.123286455,s1.768727745,s183.339632457
165_124,s4.082465752,s2.920104009,s49.899858293
165_125,s6.239927735,s0.179709374,s322.695378544
165_126,s-6.915886633,s6.591283035,s51.976602988
165_127,s-7.159587470,s5.035444016,s298.861380889
165_128,s-1.921585329,s6.447738782,s336.251818991
165_129,s-1.902644541,s2.282446133,s263.564622259
165_130,s-3.410905083,s5.097606581,s250.171365331
165_131,s-1.106056206,s3.706826618,s268.989197813
165_132,s-2.287204648,s2.987696559,s231.782239428
165_133,s0.955188844,s3.525210777,s28.860257694
165_134,s0.791025180,s5.313977300,s91.165892205
165_135,s3.405567619,s2.177862327,s153.901214421
165_136,s2.980555383,s4.482155552,s146.737768685
165_137,s4.640594968,s5.451370724,s105.364625787
165_138,s6.362027124,s1.817079777,s0.773666707
165_139,s5.439353467,s5.340302068,s82.839903033
165_140,s-6.578759592,s2.315774300,s10.227039894
165_141,s-4.616544098,s5.340202607,s100.837081450
165_142,s-4.983471079,s1.618544905,s251.312668689
165_143,s-2.589775236,s3.480450637,s92.515570425
165_144,s-2.114909064,s4.939441770,s33.182373028
165_145,s0.123847264,s3.687225662,s183.505848816
165_146,s0.229648086,s2.505167239,s80.324463687
165_147,s2.860854565,s5.551370310,s62.719575046
165_148,s1.081110610,s4.073178177,s195.033830863
165_149,s2.098103493,s3.264694087,s110.935673322
165_150,s2.473041259,s6.809605283,s110.589272084
165_151,s3.598646175,s2.537182363,s112.672121337
165_152,s5.783628587,s5.738648360,s207.539335741
165_153,s5.573598662,s4.114445978,s340.640217283
165_154,s-4.832127957,s6.906133377,s100.790066990
165_155,s-4.668822012,s6.386411052,s73.522394116
165_156,s-3.040258092,s6.008425874,s146.865275110
165_157,s-3.576656781,s6.172270133,s327.756944934
165_158,s-0.866214844,s7.128402178,s201.771704854
165_159,s-0.415346486,s5.707687922,s87.205001364
165_160,s0.407141208,s7.056838599,s339.516258676
165_161,s1.607098929,s5.617023905,s326.411056610
165_162,s1.841209832,s5.960626861,s356.124635886
165_163,s3.605870325,s6.464668972,s251.977452166
165_164,s3.433887742,s5.374732278,s318.391800945
166_0,s-7.113154357,s-5.345450746,s9.705673074
166_1,s-5.246927883,s-6.574414157,s170.299130681
166_2,s-3.931494543,s-7.096802319,s343.844290327
166_3,s-2.876601626,s-6.760868913,s300.135976087
166_4,s-1.760171316,s-6.287948916,s310.059081789
166_5,s-1.725407745,s-6.955721347,s216.738241183
166_6,s0.372630396,s-6.585804987,s2.185678706
166_7,s1.070985627,s-3.805471787,s3.592823606
166_8,s1.345086335,s-6.861727374,s67.289195707
166_9,s2.018240113,s-5.905778340,s203.364938851
166_10,s2.491877603,s-7.155736378,s168.267783633
166_11,s2.698479368,s-5.347902830,s151.112358040
166_12,s4.877511590,s-6.105750119,s264.993831195
166_13,s7.242888631,s-6.737805451,s118.180198516
166_14,s-6.381838147,s-4.333641577,s30.672238839
166_15,s-5.064308016,s-2.977176285,s315.521256378
166_16,s-3.381814572,s-4.330674841,s192.784108376
166_17,s-1.519535215,s-4.490657068,s27.537374929
166_18,s-2.081600593,s-4.105135650,s83.388367388
166_19,s-0.715404941,s-6.104979435,s92.828330686
166_20,s0.090953186,s-1.804246498,s230.739401112
166_21,s2.261862944,s-4.714341336,s125.490720016
166_22,s2.884259551,s-2.310180114,s227.355937942
166_23,s1.024354661,s-5.532805653,s359.447399293
166_24,s4.254246964,s-5.374487584,s63.087421594
166_25,s3.926062481,s-3.156188607,s34.517474957
166_26,s5.999387632,s-3.345427854,s245.156336234
166_27,s7.128819586,s-3.794747106,s275.440177547
166_28,s-6.707973814,s-4.064178686,s32.488257890
166_29,s-7.149253439,s-2.858814119,s203.829742361
166_30,s-4.825022543,s-2.464894067,s104.519617168
166_31,s-2.664506125,s-4.326034992,s120.527396501
166_32,s-3.744986531,s-5.539116523,s54.588792733
166_33,s-2.221138186,s-1.639869582,s159.990343213
166_34,s-1.096701495,s-4.933756207,s274.685025382
166_35,s1.356618579,s-4.615833996,s3.046690776
166_36,s-0.330953337,s-4.282566721,s99.022162481
166_37,s1.705930189,s-3.138111411,s168.774120348
166_38,s2.385102779,s-4.237019967,s346.596221731
166_39,s4.821981106,s-0.075336843,s30.754005148
166_40,s5.700882864,s-3.166353876,s300.366419403
166_41,s6.776671544,s-2.427079071,s18.884014571
166_42,s-7.004287559,s-2.000369239,s334.236121869
166_43,s-4.541782891,s-1.223087902,s150.244929174
166_44,s-4.171322725,s-1.685551510,s188.822414850
166_45,s-4.202278828,s-2.843099682,s69.820194106
166_46,s-0.785879683,s-1.198160628,s170.070517150
166_47,s-0.644391627,s0.365564891,s253.222226016
166_48,s-0.902470561,s-3.095028591,s357.047885408
166_49,s0.277541087,s-1.465840715,s261.180353974
166_50,s0.989954551,s-2.553470660,s23.101885759
166_51,s5.291754868,s-3.026516786,s96.749741412
166_52,s2.575029584,s-0.867886701,s160.197055130
166_53,s5.297768216,s-1.171303834,s223.043113141
166_54,s5.640096812,s-2.310582481,s156.628648374
166_55,s5.760523181,s-1.858838439,s52.229108571
166_56,s-7.055292896,s-1.242736977,s28.744922766
166_57,s-6.486779220,s-2.267969153,s230.529295307
166_58,s-2.781561849,s-2.824065039,s118.958420041
166_59,s-2.132488665,s-0.570286189,s58.913142287
166_60,s-1.210619142,s-2.774690975,s272.052633198
166_61,s-3.834263674,s0.033822569,s163.870866337
166_62,s-0.874418230,s-3.874966572,s160.902685589
166_63,s-0.466493697,s-2.273487985,s316.185672150
166_64,s1.645700386,s-0.934415041,s224.967039012
166_65,s1.160609141,s-0.377129298,s148.833972656
166_66,s3.737639482,s-3.345401658,s86.015726253
166_67,s3.912110984,s-1.281426042,s136.945852250
166_68,s5.154755125,s1.705467859,s138.313818831
166_69,s5.531257347,s0.146134173,s167.828016781
166_70,s-5.263554667,s-0.999794108,s196.929357526
166_71,s-4.920284912,s0.237152260,s274.733700298
166_72,s-3.307646623,s2.403061735,s301.401563686
166_73,s-2.801931812,s0.474170973,s319.361521012
166_74,s-0.794358791,s2.529419812,s232.157514639
166_75,s0.064011131,s0.593426019,s344.637630176
166_76,s0.765721744,s-0.936973138,s31.056110004
166_77,s0.227771757,s-0.338502433,s293.609556385
166_78,s2.850010800,s-2.072649842,s149.753750423
166_79,s2.250115444,s-2.574626239,s204.311032608
166_80,s2.126726419,s-0.185536658,s184.091190928
166_81,s3.791915770,s-0.115248257,s52.831808282
166_82,s6.739000280,s-1.152049692,s216.723167740
166_83,s6.876937636,s-1.602337398,s66.597561279
166_84,s-6.589471089,s-0.484534874,s10.823616227
166_85,s-7.227113018,s1.260304951,s297.730199322
166_86,s-2.914109806,s-1.658848470,s222.621805566
166_87,s-4.497182434,s0.701079203,s347.711890262
166_88,s-1.577563030,s0.111545565,s173.792382974
166_89,s-1.499390345,s-2.090983475,s6.236934497
166_90,s0.465060127,s1.734343629,s54.482047357
166_91,s0.526221177,s0.162736672,s224.124809670
166_92,s-0.431882899,s2.813801716,s156.522321876
166_93,s4.135443897,s1.216838842,s285.379013274
166_94,s0.511706319,s0.890318574,s18.655173030
166_95,s4.174488251,s0.071735376,s348.779198045
166_96,s5.922404679,s0.995458106,s244.163926299
166_97,s7.249202302,s-0.571580431,s294.929964369
166_98,s-5.627011989,s1.475705909,s272.998293574
166_99,s-7.227113018,s2.633928484,s110.862895028
166_100,s-5.237186655,s3.106847633,s14.071433475
166_101,s-1.254856077,s1.592609099,s215.198741437
166_102,s-0.914249679,s0.779868873,s206.390410493
166_103,s-1.940647694,s2.055021297,s270.211280515
166_104,s1.878498338,s2.056465637,s71.786925461
166_105,s2.420738707,s2.064970551,s147.845070658
166_106,s3.232785519,s-0.074350709,s179.749542772
166_107,s2.256918071,s1.483045681,s283.284185899
166_108,s1.053532659,s0.896049420,s245.449701956
166_109,s4.446908863,s1.049678267,s40.374080550
166_110,s5.029811505,s2.589980416,s19.397846415
166_111,s6.231113687,s0.965739591,s163.642734615
166_112,s-6.761962087,s1.456335629,s186.011104556
166_113,s-6.977817224,s3.939721947,s241.491201393
166_114,s-5.324102242,s1.351415174,s257.881427811
166_115,s-1.538651434,s-0.421726873,s291.577526319
166_116,s-3.490544580,s3.749475533,s32.241671602
166_117,s-2.860982658,s3.501309242,s137.466906566
166_118,s-1.271351515,s2.779246179,s222.496801627
166_119,s-1.214460250,s3.553801296,s294.628359077
166_120,s2.852951872,s3.846180720,s359.873034643
166_121,s3.092534175,s2.547690477,s5.536539085
166_122,s3.124005832,s1.637357357,s221.136042730
166_123,s5.383986082,s3.783810217,s153.132940860
166_124,s5.908802836,s1.655497750,s101.484761022
166_125,s7.039129547,s3.800107439,s355.759327091
166_126,s-5.491848164,s2.697739214,s288.803283694
166_127,s-3.349795870,s6.208521452,s138.445449454
166_128,s-3.431728562,s4.480198229,s318.352632369
166_129,s-1.211512428,s4.474710755,s340.246397239
166_130,s1.044294674,s1.171984547,s100.224823155
166_131,s-0.198720401,s4.454251844,s195.425238562
166_132,s-0.336170513,s2.942336574,s230.593214844
166_133,s1.639532816,s3.082737919,s246.421980966
166_134,s2.055957111,s4.915505452,s45.311412191
166_135,s1.366534921,s5.378537420,s333.289376225
166_136,s3.633615772,s2.874773215,s148.108745298
166_137,s4.624418553,s4.027215457,s215.777231693
166_138,s3.594787384,s5.094782586,s192.116829928
166_139,s6.387348402,s2.847419797,s189.911464044
166_140,s-6.221851286,s3.238427711,s282.700674873
166_141,s-4.521263118,s5.432797165,s241.548454331
166_142,s-2.645197177,s5.602766647,s115.067196995
166_143,s-2.153749590,s2.174171031,s297.100769616
166_144,s-4.186154572,s2.229890585,s283.760972361
166_145,s-2.143275107,s3.171313650,s298.807600142
166_146,s-1.735982658,s6.193533731,s141.515319713
166_147,s0.152299337,s5.612502152,s161.895458224
166_148,s0.782529508,s3.745794421,s292.748377364
166_149,s0.116282864,s4.024166135,s200.071826625
166_150,s4.486056498,s5.859655556,s251.734036561
166_151,s2.196741308,s3.504433387,s330.936633625
166_152,s5.330534636,s5.014552789,s111.483230366
166_153,s6.966013590,s6.210131684,s309.852222109
166_154,s-5.600955233,s5.632463468,s319.882087806
166_155,s-5.528562521,s7.148279727,s8.724375567
166_156,s-2.012333908,s6.685486769,s287.275363371
166_157,s-1.816928613,s7.000635020,s12.732925196
166_158,s-2.898336104,s4.788464104,s49.318048857
166_159,s-1.440193853,s6.537706552,s304.822418867
166_160,s1.304289972,s6.946760207,s180.407088323
166_161,s1.344331091,s6.426985798,s52.722077899
166_162,s2.467023127,s6.872348634,s180.057376260
166_163,s3.201947143,s5.694727380,s29.031834199
166_164,s2.878071989,s6.962383570,s98.236242286
166_165,s4.855408885,s5.902829928,s96.626050269
167_0,s-6.779262611,s-4.918909207,s232.954936153
167_1,s-6.936961842,s-6.355503322,s92.968471615
167_2,s-4.450781786,s-6.265434047,s277.830958512
167_3,s-3.297180326,s-6.218650836,s72.738676589
167_4,s-2.035580679,s-6.466877113,s272.764056813
167_5,s-2.570636060,s-6.876925079,s148.927455886
167_6,s-0.089121718,s-6.763267171,s277.592074174
167_7,s-0.828880886,s-6.286714514,s287.322665345
167_8,s-0.084600339,s-5.461216997,s316.089864223
167_9,s2.052654251,s-5.928190733,s152.527100335
167_10,s3.049554736,s-7.080162615,s197.301592118
167_11,s3.626517821,s-5.129076089,s349.454925280
167_12,s3.197052319,s-5.758795199,s251.578487597
167_13,s6.018068042,s-6.590144900,s32.866496855
167_14,s-5.734170174,s-5.667765371,s308.817813564
167_15,s-4.586024591,s-0.835341317,s307.045498921
167_16,s-4.656339253,s-3.143276969,s6.626370669
167_17,s-1.069660663,s-3.141426809,s153.689614464
167_18,s-1.651072718,s-5.580056374,s0.602410820
167_19,s-1.222361042,s-2.091586073,s51.469684384
167_20,s-0.394853360,s-2.646938546,s180.644252257
167_21,s2.148712780,s-3.472755034,s289.620466571
167_22,s3.337844186,s-6.407779345,s57.774249402
167_23,s3.320110138,s-3.894143694,s86.656530654
167_24,s4.609203822,s-2.995497608,s47.539651249
167_25,s2.195571651,s-4.244971983,s141.291366426
167_26,s5.341385213,s-5.584989655,s171.015956865
167_27,s5.415831422,s-4.050124128,s63.380788057
167_28,s-6.929295417,s-4.467076360,s248.551705857
167_29,s-6.855943959,s-3.375935957,s350.021678277
167_30,s-4.838660890,s-3.773482134,s159.278954516
167_31,s-2.289699318,s-5.107089805,s253.335204830
167_32,s-3.832328793,s-2.932492487,s218.368063627
167_33,s-1.002842402,s-4.850564182,s212.117303432
167_34,s-0.639920091,s-5.857672012,s192.484630248
167_35,s1.331215079,s-1.032875206,s295.792469081
167_36,s1.532092856,s-4.933989900,s1.504368426
167_37,s-0.074572446,s-2.542754145,s172.048188738
167_38,s3.505136663,s-2.728482474,s231.855643925
167_39,s2.761699034,s-3.335418148,s26.853762004
167_40,s5.781886687,s-1.307295227,s295.928878368
167_41,s6.908223667,s-3.134198676,s26.407237933
167_42,s-6.279534892,s-2.642084190,s324.109671064
167_43,s-3.793764777,s-1.955078855,s285.406154366
167_44,s-5.103784291,s-3.175037423,s63.740737884
167_45,s-2.096170224,s-3.893203502,s63.287161939
167_46,s-0.980662304,s0.414896793,s202.980284119
167_47,s-2.362612140,s-1.798611577,s288.407605213
167_48,s-0.691100681,s-2.162681234,s230.492300898
167_49,s3.228105558,s1.612823137,s117.246411570
167_50,s1.794721345,s-1.102761851,s136.729186956
167_51,s2.533586087,s0.279273694,s341.264184214
167_52,s3.507400633,s-0.442204172,s218.653678494
167_53,s5.433355605,s-0.690625379,s352.214608595
167_54,s4.946104094,s-0.087375367,s225.814621435
167_55,s6.934849900,s-0.735836208,s114.230188646
167_56,s-6.841600409,s-1.927464028,s215.915500635
167_57,s-5.430873113,s-2.079987329,s259.578263742
167_58,s-3.692299920,s-0.767073007,s165.359499225
167_59,s-3.202021060,s-2.950692284,s153.245390649
167_60,s-2.090717499,s-2.445816426,s317.345985921
167_61,s-0.983918822,s-0.927051689,s75.861873451
167_62,s0.376091502,s-0.130127530,s128.807420318
167_63,s-0.000828906,s-1.420637343,s75.694267999
167_64,s0.595372275,s-5.717583775,s93.250833507
167_65,s3.339422157,s-1.700665081,s255.190946823
167_66,s1.562208460,s-2.560638248,s165.243187031
167_67,s4.390700334,s-2.239698100,s295.927336541
167_68,s7.018756220,s-4.946262422,s319.682706072
167_69,s6.643962967,s0.050582543,s171.218004709
167_70,s-4.596860312,s-0.331550796,s98.369002302
167_71,s-2.493531429,s-0.777240191,s254.273968364
167_72,s-5.912097910,s0.802883328,s62.978224628
167_73,s-2.718306085,s0.431255632,s105.885492248
167_74,s-1.766099502,s0.743021521,s344.332030251
167_75,s-0.506263026,s-0.309369312,s270.328464259
167_76,s0.711624494,s-0.117499730,s318.392574621
167_77,s0.235348002,s0.654359796,s305.292676499
167_78,s1.793049084,s-0.760904640,s77.771174492
167_79,s1.519291880,s1.191398668,s6.528527116
167_80,s3.000873822,s2.791817568,s166.604505254
167_81,s3.794578298,s-2.245848020,s315.714736675
167_82,s4.284644343,s0.862305261,s145.509249779
167_83,s6.016761910,s1.860171764,s292.369997693
167_84,s-6.440027608,s-1.647696662,s58.166305793
167_85,s-5.498521417,s-0.360702800,s82.904704191
167_86,s-6.156536110,s1.771302665,s196.892044385
167_87,s-2.721512944,s-2.680509875,s324.658591878
167_88,s-4.388968581,s0.299251455,s203.801262318
167_89,s-1.974656531,s2.090934404,s279.594203591
167_90,s-0.819414127,s2.264441529,s157.246961131
167_91,s1.621977429,s0.111915112,s43.641314592
167_92,s0.753572874,s1.583335842,s213.962317784
167_93,s0.059471508,s-1.930819738,s355.160623203
167_94,s4.026101625,s0.445423355,s188.229136369
167_95,s3.755903058,s-0.943629492,s68.994120906
167_96,s4.807522865,s1.171632432,s49.859130560
167_97,s7.259829911,s-0.009495113,s198.267967103
167_98,s-7.008653505,s1.357375896,s53.080786538
167_99,s-4.252409867,s3.136292864,s192.208224037
167_100,s-3.121219560,s2.486396237,s77.442643995
167_101,s-4.088124872,s1.025845857,s232.246152677
167_102,s-2.654114605,s-2.394400777,s224.527081525
167_103,s-1.727715262,s1.724554947,s339.567726159
167_104,s0.233656145,s1.597464927,s29.148727524
167_105,s-0.054248410,s5.712770668,s330.254468371
167_106,s0.211004099,s5.000431220,s358.043994529
167_107,s1.994342896,s1.305821432,s247.184664433
167_108,s2.772952797,s-1.065689026,s156.012139911
167_109,s3.567591168,s2.837177843,s21.355298583
167_110,s5.401393982,s2.510722046,s76.329968969
167_111,s6.624361194,s4.133702662,s143.563567466
167_112,s-7.130812532,s2.035315591,s254.326331373
167_113,s-7.069846210,s3.061050050,s6.435210579
167_114,s-5.388377551,s3.695030833,s77.128468695
167_115,s-1.976887421,s4.095903871,s165.390533600
167_116,s-3.017871471,s1.332748957,s217.482635398
167_117,s-1.829602881,s2.890097380,s288.507827787
167_118,s-0.757902346,s3.681409274,s259.978268517
167_119,s0.867811846,s-1.414208372,s187.088712538
167_120,s0.394609756,s2.402342668,s28.847359047
167_121,s2.377007037,s3.163958751,s200.153064786
167_122,s2.782610405,s2.002233241,s96.665217156
167_123,s4.581568650,s2.255775305,s43.348212933
167_124,s4.002355666,s3.124076011,s290.240542091
167_125,s7.359315685,s1.272565088,s116.689799245
167_126,s-6.708846529,s3.326521377,s30.601379145
167_127,s-3.265368727,s3.340763093,s160.194019880
167_128,s-3.458489696,s6.388470782,s93.280485879
167_129,s-2.159576972,s6.003958951,s211.442391606
167_130,s-0.982912893,s4.718967800,s282.349891674
167_131,s-0.892617377,s2.274863235,s173.338058761
167_132,s-0.839057154,s4.380736272,s122.574016896
167_133,s-1.156168222,s0.587313183,s313.337658639
167_134,s1.623644955,s4.561397248,s138.662857857
167_135,s0.758239780,s3.110893609,s186.063012633
167_136,s2.384655289,s4.467450524,s87.260616062
167_137,s5.646715345,s5.747391982,s53.105380768
167_138,s6.162972502,s4.979433209,s274.114521708
167_139,s7.090162488,s4.460378741,s306.180878250
167_140,s-6.497501133,s5.781430398,s204.426782344
167_141,s-6.417855381,s4.870063748,s269.003518131
167_142,s-4.453270566,s4.368695943,s44.214669506
167_143,s-2.999584190,s2.897681484,s3.088425902
167_144,s-3.838122696,s4.667509729,s239.078271217
167_145,s-0.877916019,s6.716015636,s261.105963936
167_146,s-0.600623531,s5.934083404,s314.326464923
167_147,s2.793752327,s3.155058598,s114.843729125
167_148,s-0.310284357,s6.967920013,s215.401503546
167_149,s3.782605297,s2.585957015,s119.764318167
167_150,s2.611200547,s5.282312596,s240.278823436
167_151,s3.963520173,s4.912744712,s144.326593906
167_152,s4.574056049,s3.456703434,s43.938901606
167_153,s7.359315685,s6.036203825,s162.828906554
167_154,s-6.640049928,s7.278896876,s92.823990232
167_155,s-5.264983211,s6.874320519,s165.326573256
167_156,s-2.328784048,s5.413942859,s101.167381799
167_157,s-2.638910861,s7.115946873,s266.535023063
167_158,s-1.544735081,s6.933172303,s108.465554024
167_159,s0.245564179,s7.223241286,s180.920008966
167_160,s-0.724407057,s7.321070896,s206.993152838
167_161,s2.265575125,s6.042004424,s347.152929117
167_162,s0.910645998,s6.945900133,s167.557496243
167_163,s3.121290319,s5.858354041,s176.932991185
167_164,s3.172127073,s7.495751049,s95.791332941
167_165,s4.649114378,s6.977607415,s344.940532505
167_166,s6.682288058,s6.873855304,s263.797144908
168_0,s-6.203967694,s-5.837140525,s20.718632691
168_1,s-5.330202755,s-7.854917593,s299.206367996
168_2,s-5.568778273,s-6.616014295,s281.249686038
168_3,s-3.315212616,s-4.983902270,s194.125847090
168_4,s-3.624223060,s-6.973307914,s173.574070132
168_5,s0.108391688,s-6.264438727,s258.403433011
168_6,s-0.545714677,s-8.017496579,s50.534200886
168_7,s0.511348285,s-5.198517911,s158.916783681
168_8,s0.201281671,s-7.228102905,s12.669651200
168_9,s1.669879277,s-7.242723549,s10.872645117
168_10,s3.240440870,s-6.718475242,s109.156710561
168_11,s4.938821455,s-7.350274680,s292.357814281
168_12,s4.868476516,s-5.474565893,s89.438455033
168_13,s6.165502054,s-6.614556007,s279.625292333
168_14,s-4.601087329,s-4.936274172,s316.725648754
168_15,s-2.781472388,s-5.994457666,s116.388023217
168_16,s-3.688390920,s-4.372246263,s278.378450344
168_17,s-2.788731097,s-4.699187981,s34.015111859
168_18,s-2.086666953,s-6.356553785,s207.065071659
168_19,s-1.713288610,s-5.986994610,s272.380728987
168_20,s-0.184715089,s-5.570064422,s22.054401227
168_21,s1.599483960,s-4.500100989,s256.400873123
168_22,s2.633283248,s-5.164636265,s218.179178194
168_23,s2.261278131,s-5.720695284,s348.549694283
168_24,s3.896322790,s-5.300939798,s124.208564057
168_25,s2.768267850,s-3.909255375,s251.617803881
168_26,s7.764861723,s-3.929466507,s248.443196919
168_27,s7.329805672,s-4.626314034,s228.504563619
168_28,s-7.563303408,s-2.690077208,s251.771511086
168_29,s-6.853943308,s-4.354231259,s332.781157445
168_30,s-3.647947839,s-2.481300982,s68.309096102
168_31,s-4.400012782,s-4.825586865,s92.089125266
168_32,s0.164155911,s-3.803659949,s188.151317867
168_33,s-2.041651297,s-2.305998135,s228.155957021
168_34,s-0.824136947,s-4.564539768,s284.803615509
168_35,s0.330182010,s-3.494477247,s154.162599906
168_36,s2.158601151,s-4.330199489,s265.426858497
168_37,s1.605851149,s-2.271009839,s220.276903820
168_38,s4.755842246,s-2.034485372,s33.315043184
168_39,s6.421605757,s-5.762414447,s275.397520274
168_40,s5.972854411,s-2.580958625,s208.852181015
168_41,s5.231195792,s-3.907357552,s82.042840680
168_42,s-4.241947988,s-2.951374064,s331.074795635
168_43,s-4.849897024,s-3.547928634,s142.625712723
168_44,s-2.561387246,s-2.132917343,s274.764907378
168_45,s-2.969035763,s-4.140616512,s155.281756522
168_46,s-0.820874370,s-1.047347690,s249.265041526
168_47,s-2.207764222,s-1.403480143,s133.769935870
168_48,s-0.278806726,s-0.880114821,s182.474221427
168_49,s-0.462434404,s-2.162352885,s344.723462448
168_50,s0.806460842,s-1.010605937,s247.902738460
168_51,s2.491079702,s-2.945774672,s138.905644824
168_52,s4.438599338,s-5.119246216,s357.349682339
168_53,s4.536711498,s-2.699735769,s214.965061192
168_54,s4.206408777,s-1.621506203,s272.709205907
168_55,s7.090136569,s-2.744506784,s156.596054296
168_56,s-7.181029814,s0.226039040,s9.522412693
168_57,s-6.995820538,s1.481013899,s317.009267691
168_58,s-4.837174642,s-1.811383260,s291.145785231
168_59,s-2.287689447,s-3.881815762,s224.185414083
168_60,s-3.507036963,s1.848128001,s280.884279394
168_61,s-2.306761148,s-0.888965000,s142.680375270
168_62,s-0.904997519,s-3.470905058,s15.108098919
168_63,s1.838984249,s-2.326847802,s29.194586084
168_64,s0.118231272,s0.078152343,s13.779044296
168_65,s4.082971382,s-0.719697001,s39.194805435
168_66,s2.321806204,s0.056958381,s46.518934918
168_67,s3.268902347,s-2.200882542,s294.425381252
168_68,s4.099572393,s-1.372074721,s33.388720340
168_69,s5.616935165,s-1.668507368,s217.457154682
168_70,s-6.406406052,s-3.123209955,s83.420414393
168_71,s-4.687444818,s-0.992271936,s293.020042450
168_72,s-3.894365517,s0.157024411,s233.623143269
168_73,s-3.762845582,s-1.372033611,s80.116677210
168_74,s-0.524749933,s-0.519039524,s69.030549215
168_75,s0.605628102,s-3.299025704,s106.257250787
168_76,s-1.223638535,s2.621855371,s136.691767430
168_77,s1.259986787,s-0.530344711,s139.013412116
168_78,s2.521882120,s-1.674513369,s128.977852421
168_79,s-0.003833223,s0.136858755,s254.124132497
168_80,s5.490753620,s-0.662655872,s222.944283943
168_81,s4.256458716,s1.111132041,s318.437580319
168_82,s7.637060211,s-1.292950392,s252.562972286
168_83,s8.051516975,s-0.128604383,s30.915990244
168_84,s-7.711907547,s2.361507021,s94.965841974
168_85,s-2.897709522,s-0.551047856,s174.364846753
168_86,s-4.880234049,s1.099301511,s331.317211790
168_87,s-4.964725862,s2.786244116,s92.125928842
168_88,s-1.905702036,s3.544760801,s351.026705910
168_89,s-1.201824656,s-0.184405032,s43.194199689
168_90,s-2.480409902,s-0.024269255,s88.455858010
168_91,s0.085340786,s1.026294654,s149.402852059
168_92,s1.563736627,s1.985244366,s278.543978589
168_93,s1.100428242,s0.791192653,s147.566026889
168_94,s1.618727887,s0.234422982,s275.330856941
168_95,s3.930267410,s3.377436781,s39.580520452
168_96,s6.307507485,s-1.279247629,s304.629224075
168_97,s7.695591068,s1.559240583,s18.395437299
168_98,s-5.693959028,s-0.456252798,s269.419516288
168_99,s-3.938890096,s3.754842074,s240.922356229
168_100,s-1.709626737,s1.721247913,s139.719370685
168_101,s-1.755758590,s-2.030177226,s165.630127600
168_102,s-2.632108473,s0.285901794,s108.971132688
168_103,s-0.050531600,s2.438811259,s343.104462544
168_104,s-0.396754995,s1.082684931,s322.049125048
168_105,s-1.066597235,s0.706857801,s301.162384374
168_106,s0.462230637,s3.599186557,s149.829569019
168_107,s3.551417951,s-0.130761041,s36.517659632
168_108,s2.912307032,s0.967279488,s71.566632272
168_109,s5.500637519,s-0.324299026,s358.456604842
168_110,s5.079363620,s3.603252009,s310.015119298
168_111,s6.664279065,s1.431483061,s150.169036570
168_112,s-6.923240541,s2.341056644,s230.413378249
168_113,s-5.362308685,s0.982431685,s311.287534066
168_114,s-2.537920954,s3.501116840,s20.309171119
168_115,s-2.605005795,s4.543253505,s139.074192046
168_116,s-3.734376438,s2.181257220,s319.205543655
168_117,s-1.645584887,s1.872725474,s37.523112811
168_118,s-1.751025109,s4.165583413,s281.068353426
168_119,s0.966273589,s1.984184998,s264.519057054
168_120,s1.021780396,s4.205418521,s250.601646480
168_121,s2.420768135,s0.832174346,s276.237330903
168_122,s3.270645826,s2.218443526,s48.191972871
168_123,s4.581245047,s3.318253109,s24.175544791
168_124,s5.110718794,s0.752600825,s339.072167843
168_125,s6.813431043,s2.678227918,s342.848781332
168_126,s-5.815417181,s3.268777682,s54.420657668
168_127,s-6.010138744,s2.326107867,s113.966888897
168_128,s-4.165983417,s3.795801745,s28.243671757
168_129,s-1.363677439,s4.262166753,s62.526660157
168_130,s-1.074058274,s3.172570462,s240.664578231
168_131,s0.087417824,s4.397799617,s306.688218737
168_132,s-0.155888585,s3.638050641,s162.547084985
168_133,s0.220451452,s2.535433742,s208.541154064
168_134,s2.116395018,s4.910984438,s42.509357401
168_135,s1.583903709,s2.555412480,s86.007088443
168_136,s2.794012409,s3.456488978,s221.836295047
168_137,s4.991434053,s4.809236651,s343.861838068
168_138,s5.678792939,s3.578536998,s177.464821677
168_139,s8.010599844,s2.205599774,s52.765459701
168_140,s-7.381339286,s4.646969410,s94.254970592
168_141,s-5.327567527,s4.875343953,s272.947983824
168_142,s-2.913199057,s4.915058150,s183.852987045
168_143,s-1.294750205,s7.246624299,s243.938169366
168_144,s-3.135132033,s6.035909965,s200.298328649
168_145,s-0.677327175,s4.796972018,s194.878686169
168_146,s-1.046314274,s6.162192814,s150.880462322
168_147,s0.369369511,s5.498634479,s240.278789326
168_148,s1.020964692,s5.483217905,s306.260300517
168_149,s3.104372578,s6.171333649,s154.083137030
168_150,s3.180659544,s4.249851975,s352.972506309
168_151,s3.544724952,s3.527958333,s296.864457939
168_152,s4.643072960,s6.635521888,s100.465570487
168_153,s8.107263760,s5.631113363,s343.583707307
168_154,s-4.880545824,s6.043264036,s216.803681418
168_155,s-5.842779035,s7.605174688,s308.978857888
168_156,s-4.379033301,s7.073979798,s223.845308157
168_157,s-4.348706213,s5.046254060,s216.846713039
168_158,s-1.305852346,s5.732618416,s180.194720634
168_159,s-0.560425379,s6.968730596,s102.860524899
168_160,s0.915671009,s6.119815257,s64.568537550
168_161,s1.650064333,s6.014119347,s264.800577560
168_162,s2.097573670,s6.842368326,s347.007728481
168_163,s2.376855429,s3.732331566,s298.536588016
168_164,s3.862775095,s5.577040922,s103.344823291
168_165,s5.774673694,s7.503152532,s348.719668933
168_166,s7.022240150,s3.855928781,s220.014630285
168_167,s7.399810768,s6.040309721,s121.639817798
169_0,s-6.821179703,s-5.934165971,s239.252449461
169_1,s-5.022901537,s-6.676279990,s58.573227952
169_2,s-3.845177163,s-6.465146499,s337.198759537
169_3,s-4.235303689,s-5.339488254,s81.036375499
169_4,s-2.841798131,s-6.875340704,s109.747173634
169_5,s-2.504818835,s-7.408368086,s228.069226162
169_6,s-0.799897726,s-6.510292824,s116.527976282
169_7,s0.049443106,s-6.639153510,s211.192712643
169_8,s1.585956091,s-5.244607501,s216.161392962
169_9,s2.826923413,s-5.688809901,s222.499533455
169_10,s3.023158957,s-7.130238528,s124.609491112
169_11,s3.805497821,s-6.767964268,s337.105618758
169_12,s6.873491387,s-5.739868146,s177.368058611
169_13,s7.092910432,s-7.311163795,s64.913616467
169_14,s-6.932444813,s-5.062789759,s54.827121070
169_15,s-2.761484635,s-4.724862940,s47.785610485
169_16,s-2.296362761,s-5.134369454,s292.473137520
169_17,s-2.942607340,s-3.373375918,s174.492822316
169_18,s-1.301831421,s-5.214051073,s337.605867801
169_19,s0.010759831,s-2.123610874,s156.786765257
169_20,s1.111534578,s-4.241751610,s147.324541974
169_21,s-0.553367004,s-5.579729888,s260.342347082
169_22,s4.031666407,s-5.181919399,s36.035223282
169_23,s4.565822563,s-2.624581288,s165.661192821
169_24,s1.435465231,s-4.746480640,s139.129644534
169_25,s3.427373157,s-3.212377547,s82.360909530
169_26,s3.898123361,s-3.856522372,s179.064566115
169_27,s7.146230567,s-5.005260461,s291.880358876
169_28,s-7.091875023,s-3.956401422,s100.969861827
169_29,s-5.187673592,s-6.041220635,s328.375149228
169_30,s-6.216960570,s-3.345488429,s254.097300292
169_31,s-3.904930150,s-3.140854974,s157.361229821
169_32,s-2.330552816,s-2.587807469,s0.848238547
169_33,s-2.488118163,s-4.059663810,s283.076595227
169_34,s-0.831980418,s-3.610219624,s179.513977496
169_35,s2.317935852,s-5.674398514,s206.902513310
169_36,s0.801087397,s-2.518490257,s159.024489189
169_37,s-1.193116392,s-5.222481075,s29.870708771
169_38,s6.716304508,s-7.393081317,s30.819310866
169_39,s1.927601415,s-3.969193284,s244.579380577
169_40,s6.567583815,s-2.995523074,s38.408988943
169_41,s6.152429122,s-4.547200873,s312.697651949
169_42,s-6.641866682,s-1.210486883,s10.502896752
169_43,s-4.673846735,s-0.520175539,s298.384064756
169_44,s-5.306396682,s-2.614995627,s20.519014734
169_45,s-0.582817883,s-2.753527211,s314.791294189
169_46,s-1.301569794,s-2.811987404,s285.191476207
169_47,s-0.238412142,s-4.971374243,s278.862501253
169_48,s0.186737970,s-1.793594612,s329.235322141
169_49,s0.781838902,s-1.874079277,s123.396944426
169_50,s2.683110873,s-3.888072117,s2.967495796
169_51,s3.510076853,s-1.641569931,s158.050235948
169_52,s1.094318964,s0.254588507,s141.380083734
169_53,s4.626940808,s-3.256731439,s211.667634906
169_54,s5.877942524,s-0.471999190,s155.605560298
169_55,s6.727412497,s-3.881473036,s278.689243527
169_56,s-6.478833612,s-3.288257748,s310.976136871
169_57,s-3.577797513,s-5.334909101,s90.661614860
169_58,s-2.718936309,s-3.085552155,s281.666630581
169_59,s-2.582036711,s-1.443574439,s324.811380437
169_60,s-1.619516583,s0.009701719,s189.968969707
169_61,s-1.102184721,s-1.245818015,s43.936487798
169_62,s-0.533443482,s-0.970367411,s3.934675270
169_63,s0.744266280,s-3.617479880,s32.599077147
169_64,s-0.127207556,s-0.960653507,s204.545664184
169_65,s2.199763352,s-2.567357782,s272.505789833
169_66,s3.117139645,s-2.645230531,s14.803220256
169_67,s4.974588261,s-1.027712272,s59.671815517
169_68,s5.380403798,s-3.423346119,s297.413003585
169_69,s7.405429266,s-2.783447033,s210.601415182
169_70,s-5.816999437,s-1.928538123,s78.875430774
169_71,s-3.748003894,s-1.740217548,s256.748598821
169_72,s-4.318055887,s-0.416109250,s143.268877956
169_73,s-3.026905093,s-1.683658016,s42.803076011
169_74,s-3.067298211,s3.474300768,s185.643808321
169_75,s-1.254665820,s-0.735033158,s162.552677296
169_76,s1.706906221,s-1.018259919,s166.279077669
169_77,s-0.528263362,s-0.682960426,s84.636239915
169_78,s1.446818754,s3.071588240,s68.745656584
169_79,s2.325927594,s1.515656507,s60.838941922
169_80,s3.892601925,s-1.667603771,s172.237969445
169_81,s5.492662792,s0.197582974,s318.509332405
169_82,s5.373005126,s0.176030929,s44.437541833
169_83,s7.409155525,s1.115246095,s54.713717341
169_84,s-6.611795052,s-0.367185327,s256.260137776
169_85,s-3.761729247,s0.380027491,s356.289336246
169_86,s-5.694846688,s-0.415712672,s33.737693759
169_87,s-2.084677694,s0.953225725,s263.755241165
169_88,s-1.748836070,s-2.482270063,s296.051345082
169_89,s-0.667817556,s1.756800971,s108.675729249
169_90,s0.857709637,s1.087506059,s248.509338476
169_91,s1.633065942,s2.018437287,s227.361360546
169_92,s0.804862202,s-0.255391972,s39.639239567
169_93,s2.747712720,s-2.158648723,s82.024194330
169_94,s3.237489532,s-0.944538464,s109.780041285
169_95,s3.272864360,s0.007326131,s56.638714758
169_96,s7.164357957,s-0.257237876,s111.170788434
169_97,s7.137799988,s-1.782477005,s191.097284616
169_98,s-6.608632376,s2.822068014,s302.361355334
169_99,s-4.831826560,s0.698650882,s259.104432341
169_100,s-4.755868869,s2.716719811,s87.787827068
169_101,s-1.257231980,s0.345865429,s298.366577604
169_102,s0.453760692,s-0.232389270,s181.604476163
169_103,s-0.618401500,s4.381150159,s357.006742940
169_104,s-1.154336191,s0.697196939,s338.289484676
169_105,s1.257266240,s1.257823581,s266.318599924
169_106,s4.321566907,s2.186286919,s147.431108150
169_107,s4.278888491,s0.150189597,s297.119118244
169_108,s3.077522781,s3.325950679,s64.696775501
169_109,s5.211989826,s1.589581707,s104.102830306
169_110,s6.192331987,s0.357947462,s242.915675621
169_111,s6.860362973,s1.936543169,s154.400281015
169_112,s-7.097965145,s1.373256924,s98.774700428
169_113,s-6.078770898,s0.722573240,s248.806985150
169_114,s-2.466409060,s-0.646730102,s182.476056852
169_115,s-2.374134172,s4.158188032,s55.594325918
169_116,s-3.849621573,s0.748504276,s106.026972706
169_117,s-2.044327869,s1.436018816,s126.730712095
169_118,s-1.749982690,s3.169679561,s281.928891884
169_119,s0.340383031,s1.593886322,s216.991786296
169_120,s0.612301157,s2.655451275,s110.231765872
169_121,s1.730216852,s-0.067140223,s63.595741402
169_122,s2.515297172,s2.327600640,s190.672899790
169_123,s2.347123515,s1.037363602,s308.343480625
169_124,s5.170100439,s2.315746935,s123.827535171
169_125,s6.112468692,s1.794732954,s331.239637281
169_126,s-4.583351701,s5.375898914,s335.127474825
169_127,s-5.732084133,s3.253700024,s279.602384163
169_128,s-5.132336944,s2.306116303,s136.131492258
169_129,s-0.461073338,s2.145776493,s139.179898817
169_130,s-0.883524409,s3.561461417,s206.190509678
169_131,s-2.974760596,s4.646333592,s298.885603973
169_132,s0.124881841,s3.044065928,s200.908679071
169_133,s-1.143771024,s2.512314547,s111.563196282
169_134,s0.864385830,s5.174023542,s55.736610285
169_135,s1.877152808,s3.398267658,s68.668783892
169_136,s3.820152925,s3.738852429,s72.971459587
169_137,s1.923814029,s6.510866740,s15.405956466
169_138,s4.218433198,s1.962909351,s187.596480028
169_139,s6.836542159,s2.405324680,s240.889242039
169_140,s-7.158432741,s3.561997551,s246.263459931
169_141,s-6.424939191,s5.253468515,s26.394655834
169_142,s-3.895109016,s3.682435985,s144.345213567
169_143,s-1.972944028,s4.789634383,s333.181796582
169_144,s-0.041460221,s5.047405645,s124.041870873
169_145,s0.074768822,s0.849589939,s291.178686240
169_146,s-1.407209394,s5.800174494,s27.499332210
169_147,s0.525417771,s4.381938639,s220.862843066
169_148,s3.099179276,s4.524545835,s198.283893963
169_149,s1.608375106,s3.865438852,s240.849257404
169_150,s2.246412904,s3.339616528,s150.593404397
169_151,s5.870362908,s4.662301552,s204.920788848
169_152,s4.802207432,s6.477565270,s333.138179811
169_153,s4.623471779,s3.311858592,s142.606114150
169_154,s-6.761962734,s6.505000813,s315.621726699
169_155,s-4.305308338,s6.599008025,s354.664056142
169_156,s-3.050552650,s7.142807669,s128.167625090
169_157,s-3.968530089,s5.381685462,s267.279192354
169_158,s-2.626728147,s6.634407903,s114.398815809
169_159,s-1.283385749,s4.679424705,s287.710013224
169_160,s-0.236302336,s6.257002816,s338.330919876
169_161,s0.480228637,s6.992802118,s19.134598080
169_162,s0.690162402,s5.575530738,s324.480128841
169_163,s2.906570635,s7.116041064,s313.176819211
169_164,s3.321546814,s5.198521604,s88.074442849
169_165,s4.564304098,s7.230861951,s201.278054461
169_166,s6.726165022,s5.137117561,s170.890727759
169_167,s7.401183338,s6.540104341,s215.656466985
169_168,s-4.895056472,s7.269408703,s32.655357327
170_0,s-5.606850082,s-6.371802692,s218.498854271
170_1,s-5.668966262,s-7.452000533,s251.380439611
170_2,s-4.073082207,s-5.408343338,s24.033817196
170_3,s-4.282395158,s-7.516512237,s159.834954906
170_4,s-2.064692476,s-7.266481880,s351.787303675
170_5,s-1.433855734,s-3.871130417,s16.212098906
170_6,s-1.850053194,s-7.703950573,s108.781650285
170_7,s-1.134714297,s-6.874041354,s88.690595016
170_8,s-0.561631143,s-7.230578285,s106.455705028
170_9,s2.182862243,s-7.316325065,s222.250043022
170_10,s4.341300066,s-4.577452800,s313.650606889
170_11,s4.134448631,s-7.770442238,s278.447221833
170_12,s5.297477095,s-6.558260846,s256.995527622
170_13,s7.244765105,s-7.657942939,s304.460718596
170_14,s-6.758450506,s-4.812401482,s96.812020513
170_15,s-6.230613901,s-4.728600498,s148.514055717
170_16,s-2.753472068,s-4.773044550,s329.609402458
170_17,s-3.072887615,s-6.004937358,s244.028224657
170_18,s-1.766817232,s-3.394204573,s199.852465087
170_19,s-0.433200779,s-5.163646107,s219.409047115
170_20,s0.100337324,s-6.139524655,s204.594443174
170_21,s-0.152400756,s-5.074582020,s323.458731640
170_22,s1.700423943,s-6.043572745,s32.113409480
170_23,s3.395697760,s-3.265002429,s137.442612067
170_24,s1.482485089,s-5.109749196,s202.999540034
170_25,s2.467656475,s-4.185818120,s17.049908622
170_26,s6.319885310,s-5.853598882,s214.904644982
170_27,s7.967677500,s-3.751336854,s254.379456763
170_28,s-7.657939169,s-3.138663234,s303.615928985
170_29,s-2.156581456,s-3.715275697,s260.952572007
170_30,s-4.897155118,s-5.081176452,s129.755741015
170_31,s-2.319448112,s-2.633335914,s175.711407214
170_32,s-1.144589627,s-6.442879523,s275.362160543
170_33,s-0.945370079,s-1.810044949,s47.809923105
170_34,s1.335961409,s-4.097546707,s6.445272361
170_35,s2.189442340,s-4.416306300,s283.919003108
170_36,s0.697156052,s-5.396591357,s73.810732606
170_37,s2.502535776,s-2.445762875,s102.835353249
170_38,s4.451062315,s-3.541449988,s152.112216190
170_39,s5.135137232,s-4.545548527,s103.775151983
170_40,s4.904124890,s-2.575322108,s160.850679825
170_41,s4.964210023,s-5.270364264,s73.408518195
170_42,s-8.024840082,s-1.580919638,s116.923377356
170_43,s-5.871224006,s-3.227487150,s135.842719816
170_44,s-4.576018544,s-3.320862779,s65.326406057
170_45,s-3.298797520,s-3.824172758,s204.133216467
170_46,s-1.716061693,s-2.680406849,s279.496919678
170_47,s-1.734400833,s-1.618321839,s243.057722091
170_48,s0.328226031,s-4.106171699,s189.446051853
170_49,s1.401391797,s-3.134101583,s162.974413022
170_50,s1.850746214,s0.697188488,s70.966146342
170_51,s3.590417471,s-5.003187644,s76.946662197
170_52,s3.717428570,s-2.395205310,s144.020476304
170_53,s4.192223926,s-1.947576922,s173.147717828
170_54,s6.543717608,s-2.502909367,s276.960643856
170_55,s5.620949232,s-3.833797463,s136.708080142
170_56,s-5.065700066,s-1.633377512,s64.040284227
170_57,s-5.245438672,s-1.020207332,s185.030697809
170_58,s-6.997563311,s-1.436049374,s41.484292218
170_59,s-4.761002494,s-1.913960456,s321.255331025
170_60,s-3.464813997,s-1.544685972,s20.474516098
170_61,s-3.729078446,s-2.548509830,s155.823781326
170_62,s-0.539712870,s-4.496158383,s192.856678690
170_63,s0.473348125,s-1.642504802,s54.086685861
170_64,s-0.431904445,s-2.614532951,s303.304721221
170_65,s2.227940628,s-1.902813976,s22.300969357
170_66,s3.339622613,s-1.986219616,s109.317855715
170_67,s3.774440437,s-0.453793496,s310.950120074
170_68,s7.283011160,s-1.851348908,s185.829851678
170_69,s7.351244774,s-3.272145000,s59.645518964
170_70,s-6.549399285,s0.295863223,s202.504731698
170_71,s-4.244313037,s-1.356031696,s225.092318114
170_72,s-1.861182850,s0.262239231,s20.133439281
170_73,s-2.704217293,s-0.412454747,s326.494099529
170_74,s1.271242631,s2.232390970,s270.020791783
170_75,s-1.032001689,s-0.606422365,s249.653310348
170_76,s-0.853812908,s-0.183354251,s355.751257882
170_77,s0.740857968,s-1.270168022,s209.642793413
170_78,s2.312071188,s-0.387908716,s121.484173631
170_79,s1.619037286,s-1.986825010,s97.200891949
170_80,s5.476334981,s-0.378096941,s92.099194931
170_81,s4.568043059,s2.274270939,s71.381888634
170_82,s5.636641757,s0.131140891,s306.927460899
170_83,s7.069998311,s-0.640147534,s300.382471683
170_84,s-6.421900258,s1.588937047,s239.588516871
170_85,s-5.274957306,s0.170591162,s203.254694041
170_86,s-4.296912389,s1.193095244,s215.010755099
170_87,s-4.164448917,s-0.868539386,s316.675609809
170_88,s-4.618306383,s0.121623645,s299.626137112
170_89,s-3.970082930,s-0.014691356,s81.296848626
170_90,s0.445209386,s-0.817558457,s83.286737612
170_91,s0.812816071,s0.695638630,s97.255538666
170_92,s2.264940614,s2.928063866,s104.370757003
170_93,s3.241703891,s-1.142428447,s247.693126625
170_94,s1.395664702,s0.195167282,s287.020992121
170_95,s1.705244865,s-1.623142850,s83.157740499
170_96,s3.859836355,s0.659585435,s28.312433408
170_97,s5.509163136,s-1.939535713,s24.512009548
170_98,s-6.522824253,s2.042513090,s291.483202632
170_99,s-5.140449454,s0.756451241,s45.261739633
170_100,s-4.548840628,s1.786681520,s297.228297112
170_101,s-1.719284993,s2.772322439,s255.473833056
170_102,s-3.151847296,s3.116667076,s86.362118257
170_103,s-2.755240746,s0.852619205,s170.228703289
170_104,s-2.559302284,s-0.291379492,s89.789505226
170_105,s-0.570707607,s-0.610143478,s28.660161889
170_106,s0.585338365,s4.968396989,s13.913351603
170_107,s2.771773693,s1.978231719,s54.245616442
170_108,s3.157912144,s-0.268522463,s71.960777976
170_109,s3.755945912,s3.201251047,s87.497609428
170_110,s5.137091573,s2.606309344,s181.029754679
170_111,s8.009345518,s0.725804793,s153.032239065
170_112,s-7.338116646,s2.452150090,s65.235069593
170_113,s-5.538228715,s3.922858290,s73.955952149
170_114,s-4.856789787,s2.643029202,s335.123631497
170_115,s-4.161567674,s1.278873866,s192.145453872
170_116,s0.346826310,s2.847982659,s289.063960478
170_117,s-1.989153106,s1.086823779,s286.716679151
170_118,s1.485076210,s2.976457422,s316.942225897
170_119,s-1.039412120,s1.915297200,s193.713654194
170_120,s0.689569224,s1.179957973,s43.228066565
170_121,s1.170435520,s1.624958572,s95.755599713
170_122,s2.839134624,s0.213853391,s188.735263778
170_123,s3.653717306,s2.191069303,s263.990189466
170_124,s7.751081436,s2.744857949,s98.298656622
170_125,s6.236757310,s0.423037067,s180.317750426
170_126,s-7.273947022,s3.407404953,s7.129124176
170_127,s-4.196669858,s2.983077948,s148.946257165
170_128,s-4.714098358,s5.108300510,s113.329336689
170_129,s-4.052728960,s3.838321313,s51.346617499
170_130,s-1.031723770,s3.365544123,s6.838796897
170_131,s-1.856725554,s2.112052046,s17.647017772
170_132,s0.541240735,s3.453153269,s167.148932954
170_133,s1.720255940,s5.110156959,s114.217971463
170_134,s2.373625760,s6.861735985,s201.962716908
170_135,s4.535149842,s4.133093516,s228.348472521
170_136,s2.493733034,s2.192308253,s304.234759241
170_137,s4.186631314,s5.534810138,s16.517881316
170_138,s6.016131245,s2.687849247,s282.125092829
170_139,s7.604998864,s4.751909522,s244.967177797
170_140,s-7.400901348,s3.884733590,s74.892487548
170_141,s-5.979203801,s4.550761291,s275.167027692
170_142,s-1.869431247,s3.780303587,s182.877553825
170_143,s-3.112929357,s1.335883259,s69.307777868
170_144,s-2.347415747,s6.032632640,s288.417329018
170_145,s0.131775372,s4.322533536,s44.468130194
170_146,s-1.238986507,s3.908329956,s221.691071995
170_147,s0.333517975,s6.477235564,s136.799796585
170_148,s1.293408221,s3.996825465,s135.930852831
170_149,s1.998820864,s3.040276160,s23.987333010
170_150,s3.225937209,s5.775880831,s253.239301100
170_151,s4.337695779,s2.913511410,s213.225821600
170_152,s5.336051790,s4.388967296,s294.336836551
170_153,s6.684019812,s4.238775673,s343.128695103
170_154,s-6.127102392,s5.286544254,s133.411648384
170_155,s-3.596505686,s5.338259841,s340.295472263
170_156,s-2.704740250,s6.209546038,s68.289880948
170_157,s-3.594411344,s7.709283700,s293.346017491
170_158,s-0.099989798,s7.491934402,s344.803239255
170_159,s-0.951073759,s6.872316149,s83.060770116
170_160,s-1.357730373,s4.406700799,s325.252844697
170_161,s2.004895564,s6.503900211,s280.739750187
170_162,s2.157566655,s7.662448427,s200.813873791
170_163,s3.323509902,s6.133138413,s140.685162415
170_164,s4.308595395,s7.267629947,s46.309512628
170_165,s5.275095312,s5.459010265,s61.583909643
170_166,s6.329809940,s6.050619827,s147.003060743
170_167,s7.302968909,s5.025731423,s352.805590994
170_168,s-7.858116220,s7.334880037,s123.677439823
170_169,s-5.032343658,s7.496244970,s15.412468614
171_0,s-7.107500375,s-4.935306858,s275.468722819
171_1,s-6.102164555,s-7.389554947,s28.377248027
171_2,s-2.951441213,s-5.065420715,s8.122630645
171_3,s-5.331958674,s-6.941079551,s210.830586017
171_4,s-2.890982366,s-7.459307514,s126.922604051
171_5,s-1.116852094,s-6.522250184,s120.134746709
171_6,s-0.252678009,s-6.731200485,s248.372905230
171_7,s0.477707635,s-6.634019356,s94.189008858
171_8,s1.960414487,s-6.460308366,s325.672247002
171_9,s1.961950288,s-3.279962221,s155.385844480
171_10,s4.740108487,s-5.646145252,s323.126949105
171_11,s3.134731966,s-6.682036622,s177.194051590
171_12,s6.112680191,s-6.051955191,s267.781481794
171_13,s6.791856708,s-5.873961588,s290.608464693
171_14,s-5.624365530,s-6.008193414,s207.441051012
171_15,s-5.400176389,s-5.080681429,s313.823406892
171_16,s-2.020536670,s-5.835265794,s210.907724278
171_17,s-1.684019974,s-7.142194059,s305.520912244
171_18,s-1.235192135,s-5.181832287,s222.574273235
171_19,s-0.768270339,s-4.318740558,s79.127518548
171_20,s0.389679027,s-5.744596712,s354.629425432
171_21,s0.509168330,s-4.557370678,s201.839078060
171_22,s1.608016138,s-5.144112626,s158.974157336
171_23,s1.255989634,s-7.649492643,s238.916642620
171_24,s3.473030963,s-4.642177958,s247.909271846
171_25,s4.175173963,s-7.691997297,s87.999111321
171_26,s3.607545521,s-3.946074177,s58.401651955
171_27,s6.612400779,s-4.661528345,s247.004491177
171_28,s-6.107266604,s-3.874533942,s137.253848477
171_29,s-3.540735552,s-6.535702209,s64.743023724
171_30,s-2.530349357,s-1.353835376,s355.592007991
171_31,s-5.379650205,s-3.899863833,s236.773329556
171_32,s-2.700327747,s-3.327451636,s109.904475260
171_33,s-1.228290115,s-4.224104037,s310.954647388
171_34,s0.186087894,s-3.879392048,s172.478553167
171_35,s1.268853280,s-4.231661169,s283.176587043
171_36,s1.369735778,s-2.885118102,s212.615520283
171_37,s2.936862414,s-2.387750306,s257.311323450
171_38,s2.733355392,s-6.020779103,s242.288083127
171_39,s3.556159051,s-3.279677799,s303.965713076
171_40,s5.148801320,s-2.789850000,s115.114644327
171_41,s5.916386645,s-4.069102422,s341.312283988
171_42,s-5.822445914,s-2.237452964,s223.453048626
171_43,s-5.334278282,s-3.629071985,s336.435148696
171_44,s-6.148093165,s-2.638727473,s337.310732901
171_45,s-3.119306564,s-4.000147629,s145.507211756
171_46,s-4.075018305,s-2.271055506,s272.699553709
171_47,s-1.643499391,s-0.941377119,s203.316756256
171_48,s-1.304332318,s-2.667747246,s358.612347563
171_49,s0.636352927,s-1.437993398,s31.327430159
171_50,s1.382781489,s-2.389462051,s41.340585749
171_51,s4.443428911,s-2.301885025,s184.232151028
171_52,s2.876883292,s-4.118534345,s221.022527066
171_53,s2.981076610,s-1.970652124,s119.191247442
171_54,s6.020558217,s-2.925069632,s60.395218835
171_55,s7.912142554,s-3.729200822,s163.051874157
171_56,s-7.949115180,s-1.980895983,s345.997654370
171_57,s-4.580532017,s-2.787238944,s167.318998129
171_58,s-4.820151452,s-1.624006856,s286.845111925
171_59,s-2.277670440,s-0.509247347,s209.672652048
171_60,s-2.830018621,s-0.062909495,s283.961428901
171_61,s-2.523407221,s-5.375666945,s109.533340358
171_62,s-0.060779572,s-2.406507712,s19.282485056
171_63,s-0.252788909,s-1.353108735,s359.326267335
171_64,s2.490659342,s-0.201622222,s4.542200522
171_65,s1.342441640,s-1.623331359,s91.637305283
171_66,s2.759526421,s-1.509381159,s31.556276278
171_67,s2.934755702,s-0.709045530,s326.057325329
171_68,s4.880828625,s-2.065379463,s202.189008756
171_69,s7.889158734,s-0.899970928,s129.436417949
171_70,s-6.811024007,s-1.749316252,s87.794802975
171_71,s-6.787531399,s0.783917348,s95.587189259
171_72,s-2.872363095,s-2.548088365,s296.123530351
171_73,s-4.494883260,s-0.804717795,s142.041689125
171_74,s-1.154252262,s-0.915912454,s16.644456958
171_75,s-0.874742383,s-1.383470773,s281.351839878
171_76,s-0.743867972,s-2.484592353,s339.825265586
171_77,s1.137367821,s-0.630927801,s50.522943609
171_78,s3.430076186,s0.605108872,s249.001123135
171_79,s2.277581064,s-1.882786067,s277.952432680
171_80,s3.858575408,s-0.920104396,s233.303760278
171_81,s5.936397360,s-1.152048571,s20.678859010
171_82,s7.014074455,s-2.316279807,s283.266605869
171_83,s3.417527827,s0.078759696,s270.998579023
171_84,s-7.725078470,s1.495620243,s71.953689917
171_85,s-6.463900840,s1.940825284,s258.169265042
171_86,s-5.643276063,s-0.828297845,s327.136532756
171_87,s-3.849954267,s2.492040626,s265.423603049
171_88,s-4.241180772,s-0.358605714,s255.446845048
171_89,s-2.194082512,s0.252063777,s279.722439144
171_90,s-0.583604485,s-0.294227658,s275.061984604
171_91,s-0.061082332,s2.252324994,s334.246086551
171_92,s-0.433211321,s0.625389332,s216.711892423
171_93,s1.591141092,s-0.911451526,s94.703214904
171_94,s0.766397368,s0.126385334,s289.919493059
171_95,s3.729491892,s0.867146334,s240.963127202
171_96,s5.386597209,s-0.208593353,s34.505985545
171_97,s6.595415633,s-0.042634795,s46.127789699
171_98,s-7.927089399,s-0.809715795,s234.222847576
171_99,s-5.036859344,s2.354092820,s127.910423445
171_100,s-3.307280053,s0.029680523,s20.600628924
171_101,s-3.401391831,s1.172152203,s301.177925788
171_102,s-1.316527250,s0.246353080,s158.104482336
171_103,s1.279330695,s0.784321645,s261.419484677
171_104,s-1.679816905,s-0.732288962,s336.650871294
171_105,s0.937594048,s2.209843605,s230.492808842
171_106,s0.351030830,s-0.322231363,s219.627700578
171_107,s4.045176531,s1.580157320,s15.957994885
171_108,s3.901622018,s3.080886198,s270.662668578
171_109,s3.908162608,s-0.792328286,s190.556576914
171_110,s6.647653572,s1.528109032,s177.640672095
171_111,s7.485519848,s1.278324924,s126.881377961
171_112,s-5.201183311,s1.478843465,s4.275662498
171_113,s-7.220183762,s2.857217816,s221.958147723
171_114,s-4.432535204,s3.975542480,s302.317631709
171_115,s-3.349348186,s2.111083608,s200.653183611
171_116,s-0.941331007,s2.693601678,s350.272587359
171_117,s-0.755453495,s3.408739810,s46.381970167
171_118,s-0.270695867,s4.664813258,s305.724326833
171_119,s0.517666502,s2.612201519,s277.241259910
171_120,s1.978938023,s0.452127013,s113.296296324
171_121,s1.629855868,s2.041802474,s16.262582378
171_122,s2.265994454,s2.581713975,s21.721990563
171_123,s3.088830239,s3.325779789,s311.197835110
171_124,s3.927847451,s3.740439224,s211.147872910
171_125,s7.950709511,s2.583828574,s170.612993592
171_126,s-6.107118029,s3.063638934,s1.212015506
171_127,s-3.908423329,s2.637633376,s251.396276976
171_128,s-2.722645609,s3.519524335,s207.961515811
171_129,s-1.235671376,s3.667895938,s308.186967354
171_130,s-1.940342404,s1.050005315,s268.928019487
171_131,s-1.733780704,s5.286746132,s109.504436261
171_132,s-0.594162165,s0.781378979,s52.802018723
171_133,s1.199934860,s3.038660740,s68.372928214
171_134,s0.232853715,s3.353802087,s218.207397073
171_135,s1.830706044,s4.091450004,s333.731862171
171_136,s2.311681272,s4.844516785,s359.915390324
171_137,s4.611865363,s-0.408411443,s295.851100254
171_138,s5.985534686,s3.930562875,s19.824179403
171_139,s4.383908790,s1.617618816,s68.798374266
171_140,s-7.949115180,s3.609491606,s346.979792468
171_141,s-5.026716895,s5.347782678,s9.104958963
171_142,s-4.837801425,s3.278827100,s133.853258641
171_143,s-4.248214040,s4.172900304,s197.878532003
171_144,s-2.156420076,s3.608278678,s71.470208422
171_145,s-2.633972800,s5.728745114,s202.507022865
171_146,s0.039876209,s4.872558987,s200.661880310
171_147,s-0.318682837,s6.306190264,s179.769403775
171_148,s0.986203491,s4.633849726,s22.533349684
171_149,s2.224479513,s5.077579153,s67.830427810
171_150,s3.741705645,s4.740299367,s109.109963163
171_151,s3.700622132,s5.325089297,s123.029702532
171_152,s4.334191026,s4.826016178,s280.123911182
171_153,s5.949579489,s5.621465762,s95.204755341
171_154,s-7.049382905,s3.795064260,s203.663966991
171_155,s-5.842849116,s7.037810248,s40.547035765
171_156,s-2.548108499,s5.148789574,s127.577234271
171_157,s-4.395944961,s6.453567117,s89.438748892
171_158,s-1.886783159,s6.307263615,s232.072626547
171_159,s-1.246033907,s6.079005553,s61.765225042
171_160,s-1.320750120,s7.851626728,s150.313315609
171_161,s0.127448635,s6.125786627,s197.923921703
171_162,s1.803165860,s6.315269166,s353.734643478
171_163,s3.001125495,s5.620270184,s78.762896269
171_164,s4.034514846,s6.752635385,s124.762713441
171_165,s3.691951606,s7.695837151,s182.455958761
171_166,s4.946585362,s6.074412500,s301.046096190
171_167,s7.866644232,s6.022601068,s309.299183412
171_168,s-7.454622019,s6.201987607,s137.922791875
171_169,s-4.804420380,s7.546217541,s70.898535418
171_170,s-2.923077160,s6.711232895,s82.428302791
172_0,s-7.011614981,s-6.720417832,s178.054669443
172_1,s-3.582706692,s-6.674119131,s347.285586767
172_2,s-1.483673635,s-5.834680128,s345.671517441
172_3,s-3.873423081,s-5.863778092,s98.651747726
172_4,s-3.801682379,s-6.875011831,s268.327710013
172_5,s-2.352318051,s-7.087745812,s174.517323749
172_6,s-1.412563714,s-6.763006358,s346.760419973
172_7,s-1.042241507,s-5.789830245,s139.333324684
172_8,s-0.696821984,s-6.120151447,s41.762469068
172_9,s0.243360303,s-6.655056845,s71.345718448
172_10,s1.250116604,s-7.147517296,s112.494600211
172_11,s2.214568916,s-6.540530924,s107.856740582
172_12,s3.377252929,s-7.344485841,s195.989320507
172_13,s5.405525608,s-4.750554668,s92.473285943
172_14,s-6.705696254,s-4.160746794,s337.522639416
172_15,s-6.317241286,s-5.666185260,s274.000623208
172_16,s-2.693181088,s-3.085832730,s220.443676123
172_17,s-4.433231510,s-4.374736478,s270.841783780
172_18,s0.178112362,s-4.954411755,s257.782894522
172_19,s-1.763826897,s-4.945281337,s15.534026167
172_20,s-1.320589304,s-3.636929153,s260.569823597
172_21,s0.396704185,s-5.776736343,s64.549347759
172_22,s2.324738201,s-3.143351495,s328.098388184
172_23,s1.817007530,s-6.849753836,s357.615362398
172_24,s3.104599243,s-1.533350115,s166.653488895
172_25,s3.584837008,s-3.561917093,s157.351854730
172_26,s7.375825538,s-2.634155468,s220.516239763
172_27,s7.270631323,s-5.849728496,s105.723141236
172_28,s-7.041094875,s-4.353711763,s195.212086071
172_29,s-4.379870956,s-3.721837954,s90.045445504
172_30,s-4.698240784,s-5.325807296,s356.093730588
172_31,s-4.050883827,s-2.705852153,s352.612122564
172_32,s-2.283259373,s-4.494621828,s256.181294651
172_33,s-1.913602046,s-3.414132696,s80.683419639
172_34,s-0.244246529,s-2.886725664,s139.180950310
172_35,s0.903925687,s-4.211293560,s241.573719046
172_36,s-0.910106951,s-2.098925872,s304.871277541
172_37,s1.190920084,s-4.050716488,s130.201250148
172_38,s2.350674874,s-5.115484609,s155.530340802
172_39,s5.537971806,s-7.349236074,s8.747236807
172_40,s4.206651009,s-5.595128601,s176.571157089
172_41,s6.329060562,s-3.943067700,s247.476474855
172_42,s-7.067156788,s-2.410291161,s159.285393895
172_43,s-6.033592049,s-3.391476369,s47.043322733
172_44,s-3.300729172,s-2.366336672,s55.064613437
172_45,s-2.181157810,s-3.032664281,s235.640571539
172_46,s-2.404067069,s-1.275394031,s131.580551362
172_47,s-1.874309888,s-1.070600201,s321.304911931
172_48,s-1.621378676,s-3.022384092,s291.487994772
172_49,s2.652456882,s-1.935389091,s25.062238100
172_50,s2.757511615,s-4.060987897,s322.328872228
172_51,s4.128576199,s-0.891880341,s231.459122147
172_52,s3.022666561,s-2.910566540,s28.760315288
172_53,s4.664580377,s-1.460063836,s119.046803406
172_54,s4.825656070,s-4.102794487,s220.757712854
172_55,s7.101634462,s-1.673935249,s71.760169076
172_56,s-7.433321056,s-0.295860642,s186.252860250
172_57,s-5.523576780,s-1.708083543,s164.671898284
172_58,s-4.212167488,s-0.261369795,s29.825519029
172_59,s-4.142558569,s-1.618316351,s234.378490308
172_60,s-2.467395741,s-1.613324029,s5.352028505
172_61,s-3.499004006,s-1.442337935,s11.665931384
172_62,s1.277733360,s-2.712504439,s85.286205990
172_63,s-1.709362643,s-0.907791145,s139.689118100
172_64,s-0.097506881,s-2.567363109,s73.269077262
172_65,s1.775676378,s-1.136443672,s190.636162260
172_66,s4.588798394,s-3.424615136,s253.259956221
172_67,s4.159355033,s0.344922329,s106.450281296
172_68,s6.171770285,s-0.713862399,s9.832455343
172_69,s6.706259388,s-2.085991919,s188.422771868
172_70,s-5.940197206,s0.129579135,s180.978706672
172_71,s-6.409911896,s-0.912809955,s314.629770560
172_72,s-4.964239543,s-2.101028338,s128.611265785
172_73,s-2.937560290,s0.669692572,s273.872727559
172_74,s-1.625639427,s0.874213062,s305.586259451
172_75,s-3.901742826,s-0.659811560,s23.235825599
172_76,s-0.924309172,s-1.229482705,s61.497383270
172_77,s1.115224919,s-2.164656417,s168.703081533
172_78,s0.198933355,s-0.709503466,s230.750968934
172_79,s0.813741869,s-1.442178188,s146.565929609
172_80,s3.594182987,s-0.550217629,s180.089532620
172_81,s4.892749482,s-0.267797306,s29.473472139
172_82,s5.560041398,s-1.699271150,s235.558837728
172_83,s7.213539906,s-0.164258668,s61.297479466
172_84,s-7.064982841,s1.665248948,s209.756866803
172_85,s-4.883802529,s0.618370692,s281.509885796
172_86,s-5.849026751,s-0.966519700,s63.739717009
172_87,s-4.702997306,s2.160895738,s314.061432556
172_88,s-3.193988656,s0.583111622,s334.116727990
172_89,s0.742081187,s-3.967793095,s339.959302942
172_90,s-1.357489238,s1.224780654,s349.176731275
172_91,s-0.132974188,s-0.734726434,s77.686847610
172_92,s0.780052430,s0.885123518,s63.870692370
172_93,s2.040777121,s0.742364814,s91.157785479
172_94,s2.790596342,s0.119743439,s265.897141527
172_95,s1.478915306,s1.974465488,s136.639483344
172_96,s2.107157819,s2.932409690,s235.269279735
172_97,s6.471535869,s-0.584531245,s144.883544625
172_98,s-6.435425010,s0.915408789,s38.522084640
172_99,s-5.629677864,s0.973178310,s337.177112015
172_100,s-3.568341408,s1.534375595,s254.182732432
172_101,s-3.305363909,s-0.048497149,s298.900896271
172_102,s-0.710549366,s-0.480960172,s336.622998450
172_103,s-0.954258748,s1.785741371,s116.069511566
172_104,s0.894153958,s-0.355505700,s58.084360839
172_105,s-0.918399141,s0.811469703,s44.144360852
172_106,s0.911363295,s2.485500714,s159.015180113
172_107,s0.213860890,s0.990900730,s55.815779114
172_108,s3.975052491,s1.534224201,s273.576183788
172_109,s4.137311176,s0.677709365,s258.517883086
172_110,s7.375825538,s2.383757832,s339.666864011
172_111,s6.025402399,s0.980021060,s24.633712668
172_112,s-7.474736602,s2.749173416,s260.928100507
172_113,s-5.079908740,s3.318420019,s122.109049070
172_114,s-2.361333621,s3.295214282,s46.687573605
172_115,s-1.788440139,s1.378421439,s249.716338536
172_116,s-2.786433779,s1.483607358,s333.038975374
172_117,s-1.806017055,s3.013434581,s94.481148679
172_118,s0.021142297,s2.633624203,s180.079553821
172_119,s-0.095413602,s3.384378037,s214.721766676
172_120,s2.716913616,s-0.847406803,s279.397712464
172_121,s1.404171972,s4.484893745,s5.816041256
172_122,s1.526673806,s2.760422351,s14.626741524
172_123,s4.987371743,s2.032963230,s166.168458513
172_124,s5.359380488,s0.846594930,s4.131137686
172_125,s4.386475508,s2.917124977,s9.176091069
172_126,s-5.734295197,s1.957098412,s301.524428174
172_127,s-3.463505893,s3.876470551,s282.009172647
172_128,s-6.168795663,s3.134221441,s13.503745260
172_129,s-4.440969966,s2.509984017,s166.424814754
172_130,s-2.144499915,s4.416412334,s282.832271128
172_131,s-3.203821962,s2.647981858,s212.181387500
172_132,s-1.612452053,s2.499851001,s255.207051108
172_133,s2.101080122,s2.855750733,s236.976213551
172_134,s3.620019673,s1.653192710,s120.372757940
172_135,s2.796776939,s4.990264906,s110.933520848
172_136,s6.437571982,s1.948925966,s106.448398864
172_137,s3.309213018,s2.633531685,s2.425497048
172_138,s7.375825538,s3.252769913,s320.642922673
172_139,s6.936406876,s4.899752459,s273.400343580
172_140,s-7.250478987,s4.565733204,s2.652128927
172_141,s-5.072076142,s4.304636381,s294.562293885
172_142,s-3.207806869,s4.840497223,s35.577567625
172_143,s-1.473196826,s5.997413888,s243.345645815
172_144,s-1.561443048,s3.374083860,s45.749038826
172_145,s-1.267855441,s4.645410651,s288.497216163
172_146,s-0.311999404,s5.436502130,s252.764814536
172_147,s0.544136211,s6.317799934,s141.634745448
172_148,s-0.343885000,s3.719406938,s172.969194995
172_149,s1.957524318,s5.352967273,s308.802325124
172_150,s2.627655284,s3.370820336,s207.472630280
172_151,s4.487059549,s5.612760353,s31.128377835
172_152,s3.250580567,s4.915561968,s279.632783511
172_153,s4.119888999,s4.403564633,s135.961025805
172_154,s-6.803362132,s5.811706923,s293.081891567
172_155,s-5.842171906,s4.717966050,s117.909312054
172_156,s-5.889737798,s6.298394395,s16.362448492
172_157,s-4.115609137,s6.125422518,s244.747470474
172_158,s-2.020453361,s7.399222594,s26.761050845
172_159,s-1.776249802,s6.395595507,s11.239069025
172_160,s-0.462790851,s6.674486348,s130.477479251
172_161,s2.082125057,s7.297908089,s192.867916918
172_162,s3.927940466,s7.158909242,s121.261127146
172_163,s1.063818176,s5.067690093,s243.782831647
172_164,s2.372903725,s6.103563503,s20.804925028
172_165,s2.775935275,s6.627879852,s345.869718242
172_166,s5.255600407,s5.952569769,s48.691772158
172_167,s6.870223261,s5.986745357,s279.015158756
172_168,s-7.097132040,s5.781651431,s93.596628322
172_169,s-4.841758052,s5.484531721,s52.421581463
172_170,s-4.457788870,s6.277586763,s67.850605110
172_171,s-3.244363850,s6.520987382,s166.811674205
173_0,s-7.345164106,s-7.239699469,s335.493021037
173_1,s-3.528244731,s-7.209906531,s211.882376711
173_2,s-5.150024388,s-4.752328275,s291.698672009
173_3,s-4.713927580,s-5.660328245,s356.792479212
173_4,s-2.072745225,s-6.171273256,s144.136651113
173_5,s-1.355627230,s-7.338114945,s227.500695764
173_6,s-0.113466852,s-6.648535605,s318.988884517
173_7,s-0.469667718,s-4.984513784,s45.777282107
173_8,s1.604091448,s-6.070621492,s82.738613452
173_9,s3.233184286,s-7.211639204,s195.908389696
173_10,s1.693909284,s-6.861407400,s277.222167420
173_11,s4.864209707,s-4.166804563,s108.177216152
173_12,s4.936993419,s-7.476981715,s98.750091808
173_13,s5.809597837,s-6.191519142,s181.835900377
173_14,s-6.982759776,s-4.382584448,s50.746562847
173_15,s-5.916642997,s-5.855843154,s272.573753222
173_16,s-2.408310916,s-5.049445790,s335.728738485
173_17,s-2.435854521,s-7.350491201,s322.744329156
173_18,s-2.306980375,s-4.575251026,s192.226732742
173_19,s-1.175287655,s-6.120350781,s87.122440260
173_20,s-1.016162595,s-3.686830597,s307.803736246
173_21,s0.537352084,s-5.475588070,s180.243423707
173_22,s0.680988733,s-6.596793280,s94.922784327
173_23,s1.426983247,s-5.531132251,s30.314996071
173_24,s3.053303044,s-5.489653047,s197.088007787
173_25,s2.495297325,s-4.755684866,s308.821723570
173_26,s4.205285576,s-6.060948920,s43.321044696
173_27,s7.174156110,s-3.398011966,s248.101056207
173_28,s-6.247046176,s-4.507943311,s282.312512271
173_29,s-7.191367338,s-2.624475011,s290.697941113
173_30,s-2.457130263,s-3.965844332,s189.138749833
173_31,s-4.186943423,s-4.489547148,s104.506272027
173_32,s-1.512531576,s-2.977638853,s159.303675048
173_33,s-0.814669776,s-1.174975908,s318.771149814
173_34,s-1.069408360,s-5.431584747,s54.575754511
173_35,s-0.151049922,s-1.268217440,s62.119687308
173_36,s1.777737225,s-4.030979580,s321.936272609
173_37,s-0.687072510,s-2.023008447,s238.399107977
173_38,s2.652057486,s-1.017474286,s69.809572186
173_39,s3.845570376,s-1.343432125,s308.700310456
173_40,s5.578780361,s-4.660973175,s33.042822726
173_41,s4.801289487,s-2.475615555,s275.379570910
173_42,s-4.612550211,s-3.182299266,s185.174134882
173_43,s-4.902123907,s-4.241126856,s185.406525867
173_44,s-6.068926725,s-3.046908939,s263.336677399
173_45,s-3.677829695,s-3.596829641,s149.288377469
173_46,s-1.534340755,s-3.808159473,s216.302767631
173_47,s-1.927918728,s-0.889370713,s15.852821797
173_48,s0.328690585,s-4.114005666,s314.690472893
173_49,s3.443301810,s-2.363901376,s19.516455827
173_50,s1.915928741,s-5.026520403,s150.842382149
173_51,s1.962606127,s-2.831438787,s184.786920509
173_52,s2.833916426,s-3.822820792,s208.076570888
173_53,s3.955588979,s-3.999433334,s250.729826967
173_54,s3.578402022,s-2.811451574,s242.710870267
173_55,s6.813781269,s-2.564650880,s52.513884832
173_56,s-7.567834449,s-1.706524238,s5.133422270
173_57,s-4.073914142,s-1.923655805,s121.968903051
173_58,s-6.338802122,s-1.395985657,s322.796806346
173_59,s-2.991008938,s-1.361392294,s76.693323631
173_60,s-4.922355161,s-1.441491529,s305.012889163
173_61,s-2.870838622,s-2.525631935,s244.790713053
173_62,s-2.489694567,s1.032872925,s346.183707634
173_63,s1.063297138,s0.501980989,s223.218831822
173_64,s1.315501010,s-1.776467662,s250.128995985
173_65,s1.151838783,s-0.161585124,s65.902550347
173_66,s2.925428478,s-3.058792613,s220.596733800
173_67,s1.231257580,s1.103559615,s45.307986289
173_68,s3.522068438,s-0.492834071,s356.366213332
173_69,s7.203975321,s-1.703028043,s223.698972138
173_70,s-6.614514961,s-1.558853282,s317.457419665
173_71,s-6.264838348,s0.710169563,s199.477447229
173_72,s-4.018471843,s0.594241506,s117.718034387
173_73,s-2.902825407,s-0.841707528,s193.942074816
173_74,s-2.027235032,s-1.975980929,s135.400148091
173_75,s-1.151454987,s-0.846803957,s100.195313384
173_76,s-0.287793873,s-0.895226804,s183.195009587
173_77,s-0.698726415,s-3.550902560,s148.092804469
173_78,s2.404898707,s0.058800026,s179.961352029
173_79,s4.846215738,s-0.535992768,s247.122613140
173_80,s2.444004145,s-0.348737582,s122.209471602
173_81,s5.969701898,s-0.985857819,s306.999670000
173_82,s6.001643129,s-2.143426410,s177.919677444
173_83,s6.635758704,s1.127940559,s92.014698674
173_84,s-7.014779428,s-0.874346974,s209.308696277
173_85,s-7.032190110,s0.221201395,s51.212764191
173_86,s-3.354736336,s-0.196015781,s100.088832743
173_87,s-1.268258779,s1.826691373,s191.019363390
173_88,s-1.580404588,s2.416076752,s10.089062236
173_89,s0.046637121,s0.146613351,s230.369527155
173_90,s-0.428677692,s1.447039319,s179.094603635
173_91,s-0.155769650,s-0.558490238,s287.082194076
173_92,s1.086529098,s3.462987491,s156.086422186
173_93,s1.863891585,s1.671176111,s349.322835595
173_94,s3.100451692,s2.466298582,s152.374010699
173_95,s3.485850695,s2.249911268,s161.938680144
173_96,s2.724080285,s0.402006816,s250.572064657
173_97,s6.267381765,s-1.108471309,s12.889257444
173_98,s-5.782472893,s-0.399001600,s146.679356146
173_99,s-4.182733625,s-1.187283903,s34.287212555
173_100,s-4.466971952,s1.131125201,s219.372713003
173_101,s-3.848660165,s0.178857588,s173.446649422
173_102,s-1.951672216,s0.657304002,s159.408011072
173_103,s-3.010613487,s-0.366080116,s122.363840909
173_104,s0.180482927,s2.065046503,s27.437384593
173_105,s0.474683242,s-0.221951256,s54.517523621
173_106,s0.148680947,s-2.034087424,s341.327377557
173_107,s1.307426016,s1.521241660,s221.301215549
173_108,s4.466787776,s0.935110454,s135.265765359
173_109,s5.872266127,s0.429281387,s75.263320879
173_110,s4.942372673,s0.340006061,s353.571358035
173_111,s6.157116335,s2.245232036,s140.923810637
173_112,s-7.407735936,s1.889821886,s5.055748700
173_113,s-4.370772341,s1.880290733,s38.858188587
173_114,s-5.761702367,s0.727175207,s228.819060862
173_115,s-3.711460658,s1.854518930,s117.811793185
173_116,s-3.941544816,s2.247041004,s227.699000294
173_117,s-0.825214681,s2.609149100,s129.396685955
173_118,s-1.236545622,s4.260425241,s111.423505932
173_119,s0.009692988,s4.494008456,s273.444449784
173_120,s-0.627842244,s-0.240636098,s350.794340809
173_121,s0.364623296,s1.844615217,s247.292331636
173_122,s1.080743950,s2.512767699,s330.836124133
173_123,s2.543939629,s0.760092810,s82.486350506
173_124,s4.279879085,s4.221211350,s118.996044311
173_125,s5.088869375,s1.764904258,s177.341293906
173_126,s-5.279297651,s5.168612443,s189.382958081
173_127,s-6.712902513,s2.264257845,s118.163486979
173_128,s-4.117829132,s3.137637562,s29.537452075
173_129,s-4.037366530,s3.885265792,s189.845894320
173_130,s-1.769760500,s4.906965299,s72.688109283
173_131,s-3.077200246,s1.890629983,s150.257487830
173_132,s-0.851341502,s2.882982664,s98.199945534
173_133,s2.683443465,s3.982772442,s180.650209066
173_134,s2.532717515,s3.338174839,s237.024189390
173_135,s3.570310395,s5.628218731,s172.113053068
173_136,s4.729468202,s2.920838166,s330.013470717
173_137,s3.344181500,s2.928962963,s12.903117661
173_138,s5.231831972,s2.354840748,s302.624523437
173_139,s6.725372184,s1.200715654,s326.582405829
173_140,s-7.248549066,s4.170007491,s171.662775008
173_141,s-3.111907370,s4.439326198,s63.155686849
173_142,s-4.469272769,s5.701779082,s159.197163278
173_143,s-2.039384661,s4.197980719,s225.619065485
173_144,s-2.240003208,s2.314690027,s99.838433101
173_145,s-0.738625113,s4.581760985,s320.859229785
173_146,s-0.013614007,s6.416128486,s213.675220299
173_147,s-2.540305886,s6.758448000,s153.220633950
173_148,s0.577287868,s3.686166509,s212.599848138
173_149,s2.744722603,s5.392697061,s296.667058937
173_150,s3.855722666,s6.382750659,s321.182218600
173_151,s3.915770068,s3.336647339,s304.862427253
173_152,s6.016710119,s3.890869862,s315.557537549
173_153,s5.672053218,s5.123239581,s102.165056835
173_154,s-6.981498759,s5.701769917,s125.771341614
173_155,s-3.526589078,s6.844048849,s358.180822783
173_156,s-5.115432219,s3.197980050,s337.324108447
173_157,s-3.401899185,s6.196667418,s197.949010764
173_158,s-0.650378572,s5.481424547,s132.989278196
173_159,s-0.161924776,s7.335229866,s36.175493039
173_160,s1.352246711,s5.243143128,s270.934475593
173_161,s1.261658912,s4.450594369,s150.890729775
173_162,s1.115832795,s6.786155538,s97.887238085
173_163,s3.432285760,s7.016911193,s236.278553989
173_164,s2.114162424,s4.106741575,s43.153173794
173_165,s5.094539189,s4.702904263,s342.179299388
173_166,s4.866750156,s6.958939882,s328.545235864
173_167,s7.085243587,s5.762256707,s201.954408054
173_168,s-5.908769237,s6.541444651,s290.164779239
173_169,s-5.377162173,s5.739351264,s49.360816025
173_170,s-4.856185993,s6.483868892,s355.202029421
173_171,s-2.863257239,s6.748515258,s230.641836491
173_172,s-2.449046587,s7.150976417,s242.719696388
174_0,s-7.952443780,s-6.152331251,s202.388073010
174_1,s-4.594838539,s-5.050066094,s264.270107685
174_2,s-4.953303463,s-7.757763915,s28.405478327
174_3,s-2.913669313,s-7.018722839,s207.359145052
174_4,s-1.971526650,s-7.896080630,s159.571714264
174_5,s-0.742928153,s-5.858067432,s173.853717933
174_6,s-0.383755245,s-7.605186973,s193.214417913
174_7,s0.829967513,s-7.759672647,s208.536676518
174_8,s1.485379124,s-5.443910656,s290.862171379
174_9,s2.256936161,s-6.829401269,s123.598988947
174_10,s3.416440413,s-7.128877408,s249.137785540
174_11,s4.622512440,s-7.729620502,s46.807984888
174_12,s5.925984837,s-6.314509516,s67.247173932
174_13,s5.034747182,s-7.831305557,s278.861379943
174_14,s-5.571971984,s-4.873569378,s217.183932452
174_15,s-7.706687410,s-4.969584429,s244.224494080
174_16,s-3.628745022,s-3.728630112,s42.503979091
174_17,s-0.801511077,s-1.218883622,s236.762295027
174_18,s-2.619180157,s-5.070350419,s159.785380249
174_19,s-1.717134286,s-4.374240526,s196.469301830
174_20,s0.442591598,s-6.435227475,s345.470348598
174_21,s0.292875178,s-5.263306968,s15.040830632
174_22,s1.723150792,s-4.472585463,s355.935845414
174_23,s3.119887296,s-4.865550798,s161.933010449
174_24,s4.368220205,s-6.299678264,s121.188443885
174_25,s5.625567493,s-5.074072537,s278.615505490
174_26,s7.287423348,s-4.143069310,s359.077360241
174_27,s7.666019994,s-2.923431998,s4.767384124
174_28,s-7.808528921,s-3.063974253,s189.069741444
174_29,s-4.771860631,s-3.448107265,s265.091008991
174_30,s-3.443281453,s-7.347413738,s231.198640794
174_31,s-3.484210572,s-4.551310728,s144.184955655
174_32,s-4.250011586,s-5.666675811,s88.027712506
174_33,s-0.892123589,s-4.835569941,s98.853941961
174_34,s-1.276108523,s-2.769676587,s113.650410645
174_35,s-0.446003774,s-2.935493021,s222.757798608
174_36,s-0.360032662,s-5.290860398,s95.604813209
174_37,s2.941724243,s-4.525195399,s185.389369958
174_38,s3.847020719,s-4.010590000,s45.436625010
174_39,s4.352364402,s-5.259247174,s4.145605954
174_40,s4.948068263,s-2.143072556,s168.899674433
174_41,s6.980368456,s-3.113358437,s85.089311256
174_42,s-6.669217563,s-4.178097187,s169.573784425
174_43,s-6.230379207,s-2.874421974,s12.913081686
174_44,s-6.110021190,s-1.696023472,s317.251445018
174_45,s-3.818964258,s-2.905364209,s290.820148590
174_46,s-1.440768718,s-3.911673302,s298.405473538
174_47,s-0.225407487,s-0.828500615,s104.872467153
174_48,s0.340494522,s-3.524506136,s42.024185362
174_49,s0.481906491,s0.153437438,s71.803961938
174_50,s0.401301211,s-4.830170156,s40.810323233
174_51,s3.389849772,s-3.034715433,s45.971396911
174_52,s2.863239399,s-2.623578983,s314.798715644
174_53,s3.673372023,s-3.703899120,s280.333949859
174_54,s6.163646014,s-4.102530618,s306.576614496
174_55,s7.706568344,s-1.774718585,s145.578227771
174_56,s-7.791289162,s-0.613938391,s98.127550226
174_57,s-7.099175642,s-2.577987964,s201.562001300
174_58,s-3.465941288,s-1.590481964,s233.184193263
174_59,s-3.791979704,s-1.942607426,s291.533318088
174_60,s-2.002621884,s-0.997580447,s195.492739570
174_61,s-3.209851661,s-2.245540308,s326.887527984
174_62,s0.070228409,s-2.729310505,s252.820458685
174_63,s0.529061566,s-2.676262262,s274.632059209
174_64,s1.720078063,s-2.660157264,s161.324656246
174_65,s2.197594761,s-1.499289742,s176.798330691
174_66,s4.080331315,s-1.966737097,s90.531052591
174_67,s4.498768730,s-2.718188194,s154.283129900
174_68,s5.844117995,s-0.314086343,s123.265570113
174_69,s6.667522622,s-1.523004126,s0.861116252
174_70,s-6.825692942,s-1.974496668,s77.001266438
174_71,s-5.196576540,s-1.767250586,s151.133583253
174_72,s-4.490880187,s-4.430787127,s313.930821761
174_73,s-3.145833185,s-0.712430392,s105.867879517
174_74,s-3.077866970,s0.430451708,s94.014211663
174_75,s-1.758777295,s1.496129754,s102.794952597
174_76,s1.101108137,s-1.485085679,s348.483266210
174_77,s1.650221307,s-0.202762205,s69.091696120
174_78,s1.271195173,s-1.825948421,s240.776967533
174_79,s3.207357051,s-0.246999201,s306.508173360
174_80,s4.858683154,s-0.179665917,s18.084896618
174_81,s3.200916253,s-0.735959293,s5.570968212
174_82,s6.087298035,s-0.492161130,s150.469941312
174_83,s7.082477210,s-0.549093617,s120.848486529
174_84,s-7.004887000,s0.670185936,s31.746794112
174_85,s-6.413612402,s-0.924091701,s239.849394630
174_86,s-5.694998045,s0.925990118,s336.591396083
174_87,s-4.238271351,s-1.077436350,s105.190501603
174_88,s-3.439986062,s0.783199160,s340.408022693
174_89,s-1.145912581,s-1.332678572,s247.979601378
174_90,s-0.371418957,s-2.625412887,s208.193661404
174_91,s-0.968545197,s2.320044346,s331.559190415
174_92,s3.359207707,s-1.458780968,s11.503365546
174_93,s0.100388704,s1.598988766,s5.584157981
174_94,s3.421939036,s2.074676001,s90.585086572
174_95,s3.933982160,s0.408286460,s227.289166408
174_96,s4.904832661,s-1.516884092,s257.428723774
174_97,s5.081043974,s2.081007582,s296.324460430
174_98,s-7.745360280,s2.254472475,s144.377734519
174_99,s-4.903610896,s-1.010373967,s349.938472797
174_100,s-4.179821823,s0.286307711,s124.076273527
174_101,s-2.489094707,s3.298683620,s291.989043783
174_102,s-1.591795300,s4.076024008,s192.950196061
174_103,s-0.055684553,s2.502651768,s145.886112762
174_104,s-0.268418204,s-0.107751121,s160.321387508
174_105,s1.212833309,s2.416861303,s211.821344155
174_106,s0.247603545,s3.273066739,s207.226505351
174_107,s1.874007856,s-0.086421288,s9.439626755
174_108,s2.612839332,s2.383210386,s1.738125753
174_109,s3.648758504,s-0.036855056,s130.304270137
174_110,s7.899241823,s1.670774194,s301.238611730
174_111,s6.689764667,s0.094698933,s23.399764193
174_112,s-7.514041619,s1.388799708,s243.387902812
174_113,s-4.735634896,s2.187422763,s355.632170661
174_114,s-3.230755006,s1.859866998,s39.398760903
174_115,s-4.875360346,s0.488320313,s94.861516040
174_116,s-2.195506049,s1.408696455,s114.062205591
174_117,s0.293703909,s-1.591996424,s224.996204343
174_118,s-2.169660318,s5.284758025,s137.043203894
174_119,s0.952963134,s-0.201622863,s24.574059503
174_120,s2.367120433,s2.428398818,s254.513121429
174_121,s1.691155124,s0.560121155,s220.716136186
174_122,s5.353917069,s2.628699335,s278.260072267
174_123,s3.322273011,s1.061151359,s359.811089693
174_124,s6.195471654,s2.880331908,s67.716289699
174_125,s4.103891383,s0.785650602,s79.072752929
174_126,s-7.783247994,s3.746453521,s232.263505352
174_127,s-5.753591726,s4.528716111,s230.375896027
174_128,s-6.295250831,s2.334543483,s248.477729147
174_129,s-3.460507853,s3.177737590,s22.713695728
174_130,s-3.460477305,s4.203069623,s111.970584446
174_131,s-0.797087716,s3.113701393,s283.884064549
174_132,s1.505738108,s2.534959112,s95.814707562
174_133,s1.663581649,s3.884162977,s338.393197243
174_134,s1.623544550,s3.020249937,s291.599555635
174_135,s1.139935336,s5.850928398,s138.489881356
174_136,s1.207225280,s4.346153295,s200.843504414
174_137,s5.465907335,s4.426082491,s169.114329919
174_138,s3.911296919,s2.951893475,s12.127264245
174_139,s5.798484664,s1.110658520,s323.108830333
174_140,s-6.955167470,s4.518419239,s19.073046102
174_141,s-4.842691107,s5.008784999,s14.645612535
174_142,s-4.101494741,s4.846087011,s78.205480906
174_143,s-5.304139832,s3.327840880,s243.692321442
174_144,s-2.224335729,s4.444869884,s52.437137219
174_145,s-2.453955794,s3.898372503,s267.918903282
174_146,s0.149905588,s3.595492031,s167.803260492
174_147,s-0.365352480,s5.569206162,s206.891576314
174_148,s0.284981564,s4.214458542,s92.622465633
174_149,s3.702048006,s2.157429253,s16.862086761
174_150,s4.237412351,s5.455379120,s135.613513721
174_151,s3.312865819,s2.999778176,s34.000392339
174_152,s6.082972040,s4.532541806,s341.769194976
174_153,s7.733383082,s2.795108365,s212.286930880
174_154,s-6.451281946,s7.754009968,s288.787741395
174_155,s-4.665752028,s5.392070418,s78.850641641
174_156,s-4.808235332,s7.174227985,s93.175951238
174_157,s-4.496209749,s6.090029903,s14.753347495
174_158,s-1.263702812,s7.288947538,s150.474247109
174_159,s-1.260623315,s5.344949909,s172.811660876
174_160,s-0.042567501,s7.887293695,s18.541521057
174_161,s0.679241834,s5.636076110,s69.366567125
174_162,s2.829109143,s5.712730568,s90.364192419
174_163,s1.339341771,s6.878310006,s314.590923169
174_164,s3.515902415,s7.061904194,s93.857718363
174_165,s4.852328405,s6.091006981,s121.670195404
174_166,s5.362281458,s7.195225161,s21.052115189
174_167,s7.033884507,s6.833594224,s120.707148852
174_168,s-7.748570217,s5.876531387,s208.928701308
174_169,s-5.984483919,s6.769645268,s331.618660632
174_170,s-4.612433569,s7.248590037,s58.056890145
174_171,s-2.514016641,s5.953627001,s57.398488251
174_172,s-2.901717577,s7.887293695,s289.833864549
174_173,s-0.543602858,s6.188319877,s113.981558530
175_0,s-7.289427225,s-6.312199169,s179.402066993
175_1,s-5.943793178,s-5.644725819,s215.442622629
175_2,s-2.692681920,s-3.167579846,s226.449915770
175_3,s-3.058658859,s-7.159740088,s241.168320069
175_4,s-2.093884280,s-6.273664795,s275.806821450
175_5,s0.015278690,s-6.337254323,s145.971328555
175_6,s-0.317337116,s-7.467845196,s95.898885682
175_7,s0.563888851,s-5.209186621,s306.751171556
175_8,s2.396571267,s-6.319253684,s320.645091397
175_9,s2.028558107,s-2.454467408,s187.005989448
175_10,s2.097918301,s-7.524164330,s10.028381093
175_11,s5.611176465,s-5.730036080,s144.338521558
175_12,s6.990343097,s-7.524164330,s219.948866617
175_13,s6.122761356,s-6.178432544,s154.951092322
175_14,s-6.529985342,s-4.328267940,s119.555584599
175_15,s-5.204834854,s-4.181213091,s25.004132078
175_16,s-4.357068158,s-7.213987529,s180.918622300
175_17,s-3.216171729,s-5.636268318,s55.285982145
175_18,s-1.701009373,s-6.026730382,s147.744122172
175_19,s-1.160471652,s-4.883669153,s181.603547051
175_20,s1.718561439,s-5.792114431,s305.102995899
175_21,s1.496679030,s-3.873404304,s285.810512205
175_22,s5.492329253,s-7.494291502,s161.650500049
175_23,s2.071429580,s-5.427893929,s297.816582887
175_24,s2.601505813,s-5.889866766,s119.792130958
175_25,s4.417618190,s-3.600275381,s21.126751204
175_26,s5.102613971,s-3.848717369,s44.683553173
175_27,s7.703434540,s-5.022295270,s338.216171730
175_28,s-7.138810559,s-2.631240384,s177.275008185
175_29,s-3.596086756,s-3.390533690,s176.790401395
175_30,s-3.599141717,s-2.606858153,s120.537254104
175_31,s-4.120419878,s-5.035208242,s144.734353172
175_32,s-3.066819187,s-3.701574927,s238.759795994
175_33,s-1.695027978,s-4.908755197,s19.633080337
175_34,s-0.506209963,s-3.351041016,s119.327717071
175_35,s0.256899164,s-3.903578004,s285.697143783
175_36,s0.974503398,s-2.104975392,s353.611209424
175_37,s-0.380074538,s-5.335706290,s142.459019218
175_38,s3.723943814,s-3.143411484,s84.306701220
175_39,s3.559697631,s-4.083462738,s262.831622345
175_40,s7.025964081,s-4.655399964,s87.259312308
175_41,s7.595161743,s-1.919113549,s63.114042715
175_42,s-5.874706930,s-4.045505851,s292.045411484
175_43,s-6.185452735,s-2.482370467,s77.302983116
175_44,s-2.921745758,s-1.514520946,s158.248249400
175_45,s-1.169825565,s-4.341397742,s31.827925123
175_46,s-2.526579312,s-2.486022776,s345.239598251
175_47,s0.402398625,s-2.008182487,s136.718419569
175_48,s0.896577207,s-3.037456912,s47.914310443
175_49,s3.444837243,s-0.720598920,s146.677782843
175_50,s-0.009687464,s-0.024247215,s208.388485820
175_51,s2.939810582,s-5.059939618,s250.412986101
175_52,s3.577185330,s-0.916735827,s105.644603671
175_53,s3.029156098,s-3.881819689,s144.543605394
175_54,s5.492466179,s-2.041741671,s127.250959656
175_55,s7.484402940,s-3.958970960,s313.609836543
175_56,s-4.745991091,s-0.937937194,s337.981544769
175_57,s-7.234705123,s-1.109995642,s113.506957445
175_58,s-4.477057376,s-3.733383231,s212.541252371
175_59,s-2.057442671,s-3.866926295,s270.524047233
175_60,s-0.914539081,s-2.564881171,s108.678676902
175_61,s-0.478241388,s-3.285432974,s225.347090534
175_62,s-0.938285106,s-0.787789967,s204.122123245
175_63,s1.203130813,s0.098921862,s122.193613641
175_64,s2.437284787,s-1.155545398,s107.954734961
175_65,s2.794682469,s-0.412089892,s80.189518695
175_66,s2.146574032,s-3.327503801,s132.737382761
175_67,s3.054931612,s-0.349213393,s44.731931863
175_68,s4.112402200,s-3.017424161,s262.777906350
175_69,s6.603082512,s-2.525258885,s350.759568081
175_70,s-4.479033449,s-0.262585296,s22.718661937
175_71,s-3.633565412,s-2.124253783,s201.943445837
175_72,s-3.902196869,s-0.364283260,s62.928427662
175_73,s-1.917983960,s-1.184796501,s200.909540754
175_74,s-1.864298359,s-0.088698223,s185.617403330
175_75,s-0.611187413,s-0.159154708,s42.796133415
175_76,s-0.810795828,s-1.699695983,s301.775836420
175_77,s1.191742349,s1.466478363,s128.323572960
175_78,s1.032909304,s0.668561564,s53.772720551
175_79,s2.017008263,s-2.394928943,s99.870372121
175_80,s2.131067249,s-1.908828803,s117.651184670
175_81,s5.085697789,s-0.105289127,s213.227872292
175_82,s5.034840773,s-1.704320153,s252.400712416
175_83,s5.679626478,s-0.965096181,s310.618474220
175_84,s-6.389038044,s-0.920884731,s338.839230252
175_85,s-5.674720915,s0.490402107,s39.398080666
175_86,s-3.886373910,s0.136409440,s206.413492596
175_87,s-2.743969708,s-0.224503903,s102.536498168
175_88,s-2.386236121,s-0.024660837,s270.629369203
175_89,s-1.396068561,s1.750294007,s229.253870431
175_90,s0.509452639,s0.409498494,s339.896181250
175_91,s-0.157066135,s2.760139507,s269.588509474
175_92,s-0.222553442,s0.936560347,s334.467796650
175_93,s2.544744215,s0.282223092,s280.665373778
175_94,s3.573789517,s0.507356537,s71.523941192
175_95,s3.983264667,s0.475630680,s308.432982658
175_96,s5.440346183,s-0.111284658,s358.245826692
175_97,s4.258255937,s3.639043103,s52.797431570
175_98,s-4.795976144,s1.827786626,s313.687865685
175_99,s-4.787733840,s2.680734783,s92.627587944
175_100,s-4.630686595,s0.957229718,s42.519858494
175_101,s-2.434096523,s0.800808867,s46.837021434
175_102,s-1.703057334,s1.671677834,s355.471759668
175_103,s-1.143184828,s0.354454915,s174.619504907
175_104,s0.929632700,s1.546054492,s241.773000027
175_105,s1.649854344,s2.038372271,s330.872987219
175_106,s3.901635059,s0.780614295,s310.901355108
175_107,s3.796227471,s1.440313568,s199.786143683
175_108,s4.605693019,s1.590663959,s135.824179587
175_109,s7.114361358,s1.381349976,s20.669934671
175_110,s7.712533555,s1.612098055,s117.834078867
175_111,s7.377776539,s-0.794904276,s47.142429430
175_112,s-7.134928361,s1.800971644,s145.542031176
175_113,s-5.328898152,s3.463137401,s251.453498443
175_114,s-3.083044286,s2.853053343,s203.312956548
175_115,s-2.231189695,s2.821008943,s249.437071969
175_116,s-2.060987840,s4.154960502,s241.422754684
175_117,s-2.942859006,s1.952989685,s146.350923258
175_118,s-0.977128520,s2.197597854,s16.117300629
175_119,s0.308339225,s2.389503516,s295.044473739
175_120,s0.912434057,s3.531373783,s144.539025429
175_121,s2.404565460,s2.690725318,s34.651443555
175_122,s2.748682536,s1.153233937,s75.617946953
175_123,s5.592870959,s1.086227528,s308.776550800
175_124,s4.243580346,s4.240577904,s185.602600428
175_125,s7.309314678,s2.584470557,s281.804596134
175_126,s-6.871269864,s0.022097653,s204.636323567
175_127,s-5.781922279,s2.764521043,s41.247914863
175_128,s-3.120137585,s1.500010683,s212.796764315
175_129,s-2.073311771,s4.467286409,s39.700168420
175_130,s-1.983165789,s4.875377582,s20.863107445
175_131,s-1.849226066,s3.107350459,s283.473053834
175_132,s-0.742311898,s3.549784738,s77.840598211
175_133,s-0.090099032,s4.477267492,s129.801095225
175_134,s0.333845697,s4.563303753,s329.055358174
175_135,s1.354810132,s3.823335225,s358.946414203
175_136,s3.058975965,s4.150890359,s346.033520655
175_137,s3.713302938,s2.154051136,s344.603219655
175_138,s5.834528175,s2.336800444,s118.726123220
175_139,s5.718627178,s4.162046483,s333.151859504
175_140,s-6.104392956,s4.779889994,s88.430220724
175_141,s-6.087480267,s3.870781861,s89.617882175
175_142,s-5.095598354,s4.021538647,s198.793988715
175_143,s-3.613431467,s3.405442076,s126.830137050
175_144,s-2.303052000,s5.587246717,s268.883727775
175_145,s-1.361084663,s4.255998544,s204.828996477
175_146,s0.425961206,s4.667642882,s51.107980072
175_147,s2.002851666,s5.814986888,s36.572508520
175_148,s1.368190660,s5.214165544,s271.004567099
175_149,s2.517087031,s3.104025158,s243.084282629
175_150,s2.425542781,s5.922131523,s19.443570350
175_151,s5.906452778,s4.825945235,s172.283855937
175_152,s4.790652142,s6.292732735,s26.988350290
175_153,s7.424524684,s5.286626113,s180.088901835
175_154,s-4.600087328,s4.575270344,s26.056769466
175_155,s-3.723126743,s5.328275363,s157.969702102
175_156,s-2.628607980,s5.071737285,s267.038114165
175_157,s-3.025877605,s6.108235390,s329.995524744
175_158,s-1.297980425,s7.463916193,s9.204755874
175_159,s-0.426111562,s5.591053604,s122.318906104
175_160,s0.181058557,s6.351011741,s31.305041751
175_161,s0.569990747,s7.396540449,s181.859990592
175_162,s2.724661038,s4.771108783,s116.508028714
175_163,s4.034017745,s6.847067926,s146.300420670
175_164,s2.802362835,s2.740940485,s40.887663115
175_165,s3.435162225,s5.481108314,s330.638005846
175_166,s5.412539091,s7.221144704,s227.023322091
175_167,s7.535782499,s3.903491824,s6.606599066
175_168,s-6.157956374,s5.648587027,s353.370230644
175_169,s-7.311170855,s7.040921154,s77.562296216
175_170,s-4.696229710,s6.663680440,s135.862853062
175_171,s-4.294802234,s7.281248903,s239.628496494
175_172,s-2.249831142,s7.138973360,s78.389874886
175_173,s-1.209241373,s7.406801214,s62.558136541
175_174,s0.107733064,s6.966762336,s16.487236967
176_0,s-6.901195237,s-4.857977291,s133.599016271
176_1,s-4.049429135,s-6.988463544,s188.308551596
176_2,s-4.336721054,s-5.146580140,s131.768781863
176_3,s-2.497335195,s-6.501977126,s309.482799758
176_4,s-2.537422786,s-4.810196907,s154.071465459
176_5,s-1.802389387,s-6.436535317,s196.299706283
176_6,s-0.751562117,s-6.543296704,s176.308721480
176_7,s-0.065027376,s-6.673802148,s295.135709499
176_8,s-0.218209709,s-5.640196305,s242.559711031
176_9,s0.872796770,s-6.681568455,s123.548910269
176_10,s1.556741822,s-6.873523592,s66.281874374
176_11,s4.079865098,s-6.889238619,s183.089192596
176_12,s4.217751530,s-4.514491736,s354.156136165
176_13,s4.770162974,s-5.771232442,s265.525675009
176_14,s-6.714073771,s-3.509234444,s179.176070972
176_15,s-5.233814531,s-6.404635091,s61.138187742
176_16,s-5.817783406,s-4.390296373,s61.168294967
176_17,s-3.274567859,s-4.515003494,s128.540588981
176_18,s-2.181683307,s-3.218383197,s285.605481308
176_19,s-2.394080265,s-5.487481441,s248.026221417
176_20,s0.667198109,s-3.310659410,s215.973038044
176_21,s1.061712378,s-5.392956812,s162.566818607
176_22,s1.456039480,s-2.722323959,s167.190314812
176_23,s2.177177131,s-5.429084543,s51.206384675
176_24,s5.434789393,s-1.886059524,s137.868648407
176_25,s6.562042707,s-3.296657179,s55.159589525
176_26,s6.200345073,s-6.203155139,s24.091421033
176_27,s6.620188006,s-2.570539159,s154.545125216
176_28,s-5.871498117,s-2.109528460,s242.719771238
176_29,s-4.693480160,s-3.302587503,s63.431505475
176_30,s-3.384989887,s-2.737831841,s334.678073787
176_31,s-1.392286498,s-3.538862042,s350.448628741
176_32,s-2.872611295,s-4.378627555,s180.226818761
176_33,s-0.768330737,s-4.410745206,s218.941146631
176_34,s0.663800818,s-2.340027522,s313.510194985
176_35,s-1.312731938,s-4.942329539,s200.340880705
176_36,s2.258088958,s-6.173662007,s6.047504705
176_37,s1.556819311,s-4.434444579,s70.080311307
176_38,s2.105521753,s-2.734805770,s65.980005549
176_39,s2.842829378,s-6.660219244,s100.368789283
176_40,s2.755890010,s-5.027324006,s39.700092490
176_41,s4.397597302,s-3.060224458,s327.046988243
176_42,s-3.795656407,s-0.883974608,s174.102177526
176_43,s-3.297826295,s-4.002624955,s12.011066760
176_44,s-3.073593588,s-0.685587680,s349.978688055
176_45,s-3.963340958,s-2.195210358,s262.864903731
176_46,s-2.815102544,s-3.591381613,s109.881732980
176_47,s-0.808030813,s-0.324090662,s345.621647485
176_48,s-0.857256959,s-3.773296205,s351.325883058
176_49,s0.793031386,s-2.500492704,s202.835486474
176_50,s3.526623309,s-3.133081937,s65.521283187
176_51,s0.578643272,s-1.096969702,s225.808961333
176_52,s3.899995247,s-4.270685364,s107.044750224
176_53,s4.620192184,s-2.157919106,s200.351581984
176_54,s5.336117069,s-2.251049516,s298.569343664
176_55,s6.583747018,s-1.803152552,s329.534056902
176_56,s-6.821787282,s-1.237268851,s62.398505575
176_57,s-6.511020821,s-1.346895078,s83.129643397
176_58,s-2.322791651,s0.968530670,s163.469790365
176_59,s-5.490824552,s-2.270707019,s45.324124225
176_60,s-2.880019156,s-1.963683194,s6.902533178
176_61,s-2.218827489,s-0.631641593,s131.836857567
176_62,s-0.530614294,s-2.427784276,s39.142449576
176_63,s-1.489092889,s-1.628321260,s338.019657798
176_64,s-0.148700117,s-0.722567754,s252.621018606
176_65,s1.539633827,s-1.504802499,s132.071065158
176_66,s2.152283333,s-1.564390585,s280.167515639
176_67,s2.292761726,s-0.692772517,s209.069220534
176_68,s3.509600904,s-1.123308835,s47.074891812
176_69,s5.492004325,s-0.549018360,s356.953315267
176_70,s-6.898600788,s0.560798334,s335.665500033
176_71,s-4.637007727,s-1.854164162,s286.412542886
176_72,s-5.469564154,s-0.226094532,s224.446146170
176_73,s0.140154982,s0.191843076,s29.922464536
176_74,s-2.035545711,s-1.725692397,s285.724769663
176_75,s-1.282320592,s2.019297528,s299.594080389
176_76,s-2.944163068,s-0.201428888,s28.183577746
176_77,s1.491221268,s0.171350916,s280.352186296
176_78,s0.000438696,s-1.721805536,s71.164093616
176_79,s3.956309199,s-2.655716037,s60.489514995
176_80,s0.942525902,s1.212400838,s351.382318975
176_81,s3.335789088,s-0.330993976,s256.160645622
176_82,s6.638809697,s-1.110976299,s355.041015758
176_83,s6.049745345,s-2.378653315,s89.656452760
176_84,s-6.784984863,s-0.651449626,s198.653164719
176_85,s-5.621166867,s0.394824543,s275.883439250
176_86,s-3.122683692,s0.149862136,s109.122786916
176_87,s-4.015412499,s-0.091763857,s75.841253395
176_88,s-5.014918119,s0.742786961,s21.958301722
176_89,s-1.200763486,s0.945031256,s91.119443040
176_90,s-0.872611150,s0.553524023,s243.260951014
176_91,s-1.538369714,s-3.513345909,s29.828990840
176_92,s0.584883896,s2.595561586,s96.842699522
176_93,s1.120050111,s-0.755699103,s65.805653687
176_94,s2.740586672,s1.523448879,s261.483626192
176_95,s6.451691072,s0.059536209,s192.055372969
176_96,s4.516717181,s-0.068433259,s240.053072155
176_97,s6.197506060,s-0.361684635,s103.036552771
176_98,s-6.506381800,s3.893539033,s92.740037855
176_99,s-5.518736994,s1.881749036,s159.907980235
176_100,s-4.303026699,s2.524555518,s40.138567471
176_101,s-3.679628661,s1.792437814,s129.642233025
176_102,s-3.826082588,s1.264853465,s229.932868148
176_103,s1.819089279,s1.915682890,s128.738530633
176_104,s0.440362656,s0.311795228,s71.269130465
176_105,s-0.299502118,s1.052787497,s18.127966338
176_106,s3.727555732,s3.003953507,s274.370115484
176_107,s3.071397683,s-0.971634807,s284.453462425
176_108,s0.479885984,s1.772001442,s80.427414681
176_109,s4.899323030,s3.057278723,s140.878174088
176_110,s2.585858583,s-0.293068433,s335.797296597
176_111,s6.940310413,s2.479869376,s227.564514765
176_112,s-6.528423340,s0.958297189,s24.025838539
176_113,s-5.545835507,s-1.229545337,s338.408309681
176_114,s-6.696880802,s2.033605374,s152.923272985
176_115,s-3.322261949,s3.632861316,s58.162013433
176_116,s-1.985600889,s1.933003507,s158.784774265
176_117,s-1.018851475,s2.847109514,s89.210863537
176_118,s0.062660743,s2.503002762,s339.484967369
176_119,s1.004215673,s3.057623240,s54.060483878
176_120,s1.315096329,s-4.127843448,s289.610049286
176_121,s-0.541557461,s-1.424897126,s152.227946150
176_122,s1.650299957,s4.985868369,s242.824262122
176_123,s4.694164333,s1.274295686,s356.517018208
176_124,s6.922782741,s0.249182915,s74.844891139
176_125,s4.051922708,s3.702048417,s156.300696567
176_126,s-6.405077137,s7.009169954,s229.262410224
176_127,s-5.079265719,s2.432652926,s36.140654478
176_128,s-4.325307783,s2.493463878,s54.996412884
176_129,s-1.761762315,s4.029368578,s203.071061495
176_130,s-0.841855246,s3.606355273,s68.973395921
176_131,s-3.080880778,s1.165527763,s74.587861902
176_132,s-2.491433916,s4.932962170,s45.159193121
176_133,s-0.399983220,s3.151771377,s324.500859470
176_134,s0.462734337,s3.951712101,s67.298484824
176_135,s2.594488026,s4.891389986,s83.450627615
176_136,s3.670218157,s1.594565131,s166.749955648
176_137,s3.909295394,s4.920185927,s335.164189292
176_138,s5.638561658,s2.981388215,s215.518479349
176_139,s5.533393997,s1.264349192,s194.162302709
176_140,s-6.730932855,s5.143906270,s203.918673016
176_141,s-4.774425607,s3.687942503,s176.688951905
176_142,s-3.463834822,s3.960912631,s262.343205498
176_143,s-2.189946054,s2.397991891,s68.832694420
176_144,s-3.490818135,s4.624913429,s142.436695919
176_145,s-0.560270552,s5.005100442,s147.837684270
176_146,s-1.454176079,s3.342138645,s345.433686367
176_147,s0.304182398,s4.424720317,s147.815802222
176_148,s2.664580947,s1.727937861,s276.580745327
176_149,s-1.011214909,s3.598321152,s320.059611776
176_150,s3.382195701,s6.133587852,s254.353114915
176_151,s2.275507601,s2.778072797,s32.166549598
176_152,s4.178036895,s4.480588151,s355.235379052
176_153,s6.203505656,s3.538623433,s333.734764878
176_154,s-3.865280286,s6.038941715,s69.476446598
176_155,s-4.553927501,s4.845267413,s216.457696440
176_156,s-2.326374098,s7.309947072,s144.050319094
176_157,s-3.305451720,s5.525002092,s130.287908369
176_158,s-2.483134699,s6.131081871,s176.729364313
176_159,s-1.990849843,s5.630877701,s81.337420446
176_160,s-0.466126441,s4.814963466,s337.815186722
176_161,s1.401013888,s5.497285281,s104.252088390
176_162,s1.010085826,s6.525602021,s180.916836481
176_163,s1.896007878,s3.961878202,s43.558862874
176_164,s1.931976161,s6.320511983,s151.933463029
176_165,s3.434311430,s6.685325249,s65.015788690
176_166,s4.566513580,s5.412997662,s88.286691055
176_167,s6.225606268,s5.903101787,s55.710956763
176_168,s-6.737189671,s5.703913367,s274.104008964
176_169,s-6.274247678,s7.147541126,s37.753024589
176_170,s-4.583864714,s7.062695201,s120.418800029
176_171,s-4.143164055,s6.716186633,s203.642122254
176_172,s-1.159922896,s6.923538824,s116.389255081
176_173,s0.072123299,s6.499821714,s274.801988520
176_174,s2.027565191,s7.012771433,s89.099288063
176_175,s0.731813938,s5.355547316,s349.842985441
177_0,s-7.779686013,s-8.196607198,s316.042977824
177_1,s-5.693762200,s-7.694509501,s75.969786722
177_2,s-4.552475012,s-7.067276995,s210.079929566
177_3,s-3.853905236,s-4.786208478,s40.997652862
177_4,s-3.971623786,s-6.653922226,s282.018920290
177_5,s-1.702748693,s-7.308847773,s343.526940978
177_6,s0.868559527,s-8.225573699,s252.668465128
177_7,s0.274505758,s-7.295787619,s50.998514782
177_8,s1.226609831,s-5.423925857,s345.792585616
177_9,s1.688840969,s-7.398658763,s246.948215197
177_10,s2.964751949,s-6.972078572,s221.696139940
177_11,s3.605222760,s-6.805323350,s159.516244742
177_12,s6.173911522,s-6.438077062,s118.415729751
177_13,s5.794483270,s-7.908050862,s332.767966812
177_14,s-7.920222691,s-6.308394802,s188.693029392
177_15,s-6.545048229,s-5.349071170,s278.842876377
177_16,s-5.280436605,s-6.197431877,s268.584006463
177_17,s-3.310706057,s-4.517102221,s83.263211448
177_18,s-2.416949033,s-6.354371931,s30.963369383
177_19,s-2.497021530,s-4.367478002,s279.969198370
177_20,s-1.064858317,s-5.892378500,s56.321930377
177_21,s0.079946140,s-6.104878100,s274.151858185
177_22,s2.615010823,s-5.120765508,s152.982691694
177_23,s1.226257089,s-6.690714796,s56.098561754
177_24,s3.131647217,s-5.069156010,s66.805228900
177_25,s3.712164439,s-6.018835488,s277.168283419
177_26,s5.336433043,s-4.487896527,s281.820540448
177_27,s7.520841279,s-5.186563151,s291.050137287
177_28,s-8.069103228,s-4.588208524,s330.958151686
177_29,s-5.011846255,s-4.520965839,s76.319833018
177_30,s-1.026820896,s-4.121847097,s182.267110150
177_31,s-4.929551044,s-5.656370180,s74.389073763
177_32,s-2.062872159,s-3.142211264,s344.422181666
177_33,s-1.458430584,s-3.282520827,s1.940671994
177_34,s0.768013959,s-5.516864593,s173.529726971
177_35,s0.633958460,s-1.336870704,s3.404245949
177_36,s0.415466844,s-4.009028422,s308.299854900
177_37,s1.142405635,s-3.393034762,s215.817579631
177_38,s1.854796519,s-3.315658359,s156.475369802
177_39,s5.101316303,s-5.353196847,s198.484165819
177_40,s5.556317265,s-3.690024654,s38.612032919
177_41,s6.247138378,s-3.498020295,s182.038993706
177_42,s-5.773909851,s-4.030841312,s279.767423711
177_43,s-3.436698559,s-2.507597531,s296.460324263
177_44,s-6.509434647,s-2.469996588,s175.641865257
177_45,s-4.474950317,s-3.946369253,s349.005121907
177_46,s-2.906393245,s-2.616058432,s290.986773464
177_47,s0.193785446,s-3.353768566,s52.547113152
177_48,s-2.511434375,s-5.293948133,s291.365225348
177_49,s2.006964337,s-4.724035258,s244.665023893
177_50,s1.069869441,s-2.047070729,s155.756037399
177_51,s3.640183297,s-3.739361430,s332.954759533
177_52,s2.676398096,s-1.590394268,s69.629172116
177_53,s4.532760391,s-3.261243347,s359.497171981
177_54,s5.981468222,s-2.571863188,s145.398672370
177_55,s7.969722582,s-4.045259622,s268.893253970
177_56,s-8.225798591,s-2.231217293,s354.163277756
177_57,s-7.727234067,s-2.285721366,s233.940856819
177_58,s-5.103002480,s-3.929159924,s91.148885774
177_59,s-3.080994224,s-2.309334487,s104.959545743
177_60,s-3.234522472,s-1.285183762,s159.251971892
177_61,s-2.022016791,s-1.362138029,s220.874853901
177_62,s-1.687566705,s-1.873123488,s83.274746566
177_63,s-1.041456944,s-2.278964878,s102.571788023
177_64,s0.687302025,s2.006751516,s3.241780490
177_65,s-0.063876873,s-3.112164873,s286.546224211
177_66,s1.244493834,s-2.829990572,s351.852552049
177_67,s3.106238077,s-1.304386872,s222.048115235
177_68,s4.299931563,s-2.701997104,s332.716500412
177_69,s7.478400409,s-1.367618048,s87.184948239
177_70,s-4.893062125,s-0.640966448,s296.162203835
177_71,s-4.363117699,s-1.235217899,s111.233436295
177_72,s-3.647166157,s-0.418044398,s213.764471484
177_73,s-0.875929621,s-0.828982631,s132.052176623
177_74,s-1.798097327,s1.034964764,s353.878064181
177_75,s-1.718553219,s-0.646673900,s122.815450511
177_76,s0.353696470,s-0.781230524,s302.061333279
177_77,s1.424540022,s-1.029270020,s174.133143676
177_78,s1.703832521,s-1.659776778,s282.012543480
177_79,s0.254986608,s-0.595594875,s18.020531311
177_80,s3.808839408,s-0.676571535,s150.410208953
177_81,s4.892614047,s-1.657305618,s238.587072741
177_82,s3.956789062,s0.252715258,s312.151639090
177_83,s7.759003042,s-2.756785970,s162.258838005
177_84,s-8.321995718,s-1.526161285,s309.732939745
177_85,s-6.349236279,s-0.574209474,s280.000376490
177_86,s-4.466505404,s2.369029675,s181.826322123
177_87,s-3.510794679,s-0.036476585,s341.713500192
177_88,s-2.914163869,s0.711391991,s222.520204231
177_89,s-0.645462974,s0.258706835,s66.378976911
177_90,s-0.717172100,s1.792464477,s134.932722972
177_91,s0.025838000,s0.405209442,s53.360165631
177_92,s-0.445477837,s-1.056426243,s88.995008113
177_93,s1.181255005,s0.825697193,s203.309172667
177_94,s2.019341130,s-0.767285133,s341.497620952
177_95,s3.051302403,s1.504613538,s152.898250628
177_96,s6.132941994,s-0.249623334,s77.529102101
177_97,s6.467410479,s1.465390854,s175.009573718
177_98,s-8.099254163,s-0.026076255,s266.970436521
177_99,s-4.278898512,s0.625394079,s198.147078287
177_100,s-5.742981546,s2.387199850,s201.629951571
177_101,s-3.331501526,s1.394428625,s54.696819441
177_102,s-2.522567243,s1.646362831,s213.900775260
177_103,s-4.049448685,s-1.465177212,s62.484764227
177_104,s-2.386560256,s3.356936341,s86.003501652
177_105,s1.611726629,s0.659337345,s125.217982708
177_106,s1.413416203,s1.806960201,s275.843300423
177_107,s2.414842753,s1.096156377,s55.154294946
177_108,s2.417803747,s0.023724276,s197.775454343
177_109,s4.961024738,s0.098374880,s189.528258336
177_110,s3.367833450,s0.303602799,s319.514400261
177_111,s7.651610797,s-0.120330083,s326.425271475
177_112,s-6.369515192,s2.386850165,s268.110067920
177_113,s-5.845826208,s2.899864622,s207.375716617
177_114,s-5.690485670,s0.046658961,s321.611823137
177_115,s-1.784247879,s1.729995581,s185.089540567
177_116,s-1.535267380,s4.477021591,s338.120684657
177_117,s-3.424750708,s2.648695573,s30.676091140
177_118,s-1.687704931,s3.728552210,s278.955936758
177_119,s-0.791391344,s2.364376587,s233.141378605
177_120,s-0.131400604,s1.737573220,s57.344355236
177_121,s0.876521337,s2.685459093,s89.765119213
177_122,s1.657650547,s2.707372159,s60.642191502
177_123,s2.910432277,s2.506325868,s241.172474435
177_124,s4.651013830,s1.420456442,s216.594164134
177_125,s5.699004941,s1.851939524,s67.934357950
177_126,s-7.157440665,s3.545903615,s149.330412107
177_127,s-5.229722297,s2.699727132,s208.480626374
177_128,s-3.532606005,s3.079609965,s67.169447190
177_129,s-2.965359026,s3.829596495,s171.273504512
177_130,s-2.673042302,s4.362526536,s69.465253596
177_131,s-1.083058178,s4.660062048,s190.210398005
177_132,s0.232381863,s2.923164673,s29.865317019
177_133,s1.292775605,s3.764240915,s30.151616145
177_134,s2.979572995,s1.690733889,s118.796408987
177_135,s2.947028087,s3.196240197,s69.415152139
177_136,s3.459083829,s4.029514852,s120.508140194
177_137,s3.739093432,s2.118217769,s37.316826853
177_138,s5.331847597,s3.302314586,s288.847862043
177_139,s7.921955858,s2.926319931,s261.263007503
177_140,s-7.345866595,s4.531425446,s322.370663590
177_141,s-5.946837884,s3.530810905,s173.192164485
177_142,s-3.974810057,s4.962314420,s349.976138186
177_143,s-4.825037800,s5.689071471,s126.093453952
177_144,s-4.686615176,s3.220144401,s243.439264530
177_145,s-3.238369980,s5.515486822,s223.209405893
177_146,s-1.435823233,s4.399166568,s355.834043002
177_147,s0.566836008,s5.513562137,s44.358855143
177_148,s0.902087033,s5.110144633,s247.011459689
177_149,s1.553984014,s4.396631571,s307.197889816
177_150,s1.982994989,s4.877914644,s59.154271279
177_151,s3.945539930,s3.324867413,s267.698780573
177_152,s3.885546190,s5.870033095,s215.709266950
177_153,s6.185667089,s3.294067554,s255.231395895
177_154,s-5.910351216,s6.177446543,s99.353760509
177_155,s-7.216623418,s5.630175246,s52.946959293
177_156,s-5.717732175,s5.018943367,s22.773934391
177_157,s-2.402290409,s5.054104500,s0.211746239
177_158,s-2.434269910,s7.637125711,s236.634434007
177_159,s-1.690550947,s5.596689789,s206.721816685
177_160,s0.163174517,s3.653530585,s9.104265304
177_161,s1.440381493,s6.549075434,s338.278555465
177_162,s2.722444047,s5.676233927,s92.638313733
177_163,s3.320498850,s8.045262237,s87.288087355
177_164,s3.020313309,s4.256507249,s181.686680474
177_165,s3.623931329,s6.765729928,s66.782587634
177_166,s6.129408721,s4.404302779,s338.264351191
177_167,s6.773395965,s6.140367768,s9.766299090
177_168,s-7.986032951,s4.576869799,s101.642597629
177_169,s-7.843062718,s7.693559081,s191.376454390
177_170,s-3.930280213,s6.211403918,s145.059939811
177_171,s-3.030113663,s4.636443255,s51.771015318
177_172,s-3.540994227,s6.358818251,s78.481635498
177_173,s-1.400269978,s5.911301325,s80.598440257
177_174,s-0.313455874,s6.924783815,s277.462412022
177_175,s1.145329349,s8.040026564,s49.490803020
177_176,s2.247236508,s6.811979446,s353.746866555
178_0,s-5.456135343,s-5.259571253,s91.815127865
178_1,s-4.964389373,s-7.709918365,s304.746765712
178_2,s-3.743624356,s-7.961808352,s13.480030090
178_3,s-3.764347741,s-6.579364471,s90.816261517
178_4,s-1.618823808,s-7.911455598,s32.820631326
178_5,s-3.059654572,s-6.717296925,s207.010952250
178_6,s-0.909224305,s-6.908375907,s309.244849894
178_7,s-0.975726877,s-6.131263742,s103.711762315
178_8,s1.444340361,s-8.404399334,s13.800824680
178_9,s1.145478743,s-4.416153132,s219.364415319
178_10,s2.730995781,s-7.110249321,s348.558542342
178_11,s3.329742576,s-8.179437393,s43.715168217
178_12,s5.418926790,s-6.885427134,s213.753303150
178_13,s6.125905067,s-7.081884391,s146.625195659
178_14,s-5.955836227,s-3.944689657,s225.427000648
178_15,s-4.160833128,s-5.383864850,s160.557684957
178_16,s-3.751721871,s-6.005870645,s328.945069577
178_17,s-4.747379176,s-4.647005678,s185.697024576
178_18,s-2.196195746,s-5.781468386,s3.480987694
178_19,s-1.163573802,s-3.990956765,s199.768812633
178_20,s0.523095999,s-6.566982290,s214.484097686
178_21,s1.676312480,s-2.814798229,s164.355935549
178_22,s1.150172312,s-6.797551765,s34.746211238
178_23,s2.348609208,s-6.972621926,s315.866188998
178_24,s3.508728447,s-4.677498099,s237.388422543
178_25,s5.724923773,s-5.830742502,s223.347759450
178_26,s6.921529729,s-2.964223967,s69.631516806
178_27,s7.976068602,s-4.342158882,s39.844701989
178_28,s-6.849815549,s-6.218374550,s183.483091163
178_29,s-4.975529204,s-3.070021325,s179.448156669
178_30,s-4.750512190,s-2.041079742,s131.523946306
178_31,s-3.750143704,s-4.047474662,s6.372432774
178_32,s-3.295285047,s-4.465739365,s141.341825293
178_33,s-2.122432628,s-3.614567052,s341.367806269
178_34,s-1.727813772,s-6.766844632,s76.917047167
178_35,s0.014072253,s-4.630322750,s181.558024718
178_36,s-0.193405153,s-6.327217677,s226.493352903
178_37,s5.125090261,s-5.514434745,s143.364265140
178_38,s2.266368412,s-4.415436820,s203.093232011
178_39,s5.692400188,s-5.451102683,s183.864153166
178_40,s1.489917543,s-2.301556295,s185.465431708
178_41,s6.871842798,s-3.855298063,s77.810615590
178_42,s-7.267853986,s-3.979499636,s303.097946540
178_43,s-5.533399577,s-2.862668009,s196.766202273
178_44,s-1.964770041,s-3.810177983,s23.816683339
178_45,s-3.504811652,s-3.062844324,s131.807965604
178_46,s-1.400185563,s-2.614205041,s83.240001558
178_47,s-0.113225144,s-3.479788235,s299.481143056
178_48,s-0.786714745,s-5.570413520,s296.031486543
178_49,s0.415670933,s-3.589874390,s160.927526552
178_50,s2.050620942,s-5.175658192,s192.414392271
178_51,s2.496818798,s-2.341805205,s29.045910681
178_52,s4.782348515,s-4.759899098,s247.035093387
178_53,s4.021366433,s-3.016846491,s257.342441932
178_54,s7.353718863,s-1.989913575,s223.989290535
178_55,s8.235091061,s-2.945096881,s44.121556019
178_56,s-7.208717440,s-2.296942970,s297.187857765
178_57,s-5.638959853,s-1.322671054,s116.519088506
178_58,s-3.678707134,s-2.534379729,s331.038406089
178_59,s-3.567897069,s-0.799430032,s85.136413299
178_60,s-2.840760768,s-0.895991891,s263.875932123
178_61,s-2.137671597,s-3.046285183,s230.095591899
178_62,s-0.856213315,s-3.496328288,s205.494462418
178_63,s-0.511053829,s-2.463252523,s268.295275261
178_64,s2.237214128,s-3.707930895,s32.838382032
178_65,s1.129364214,s-1.700873767,s331.829613308
178_66,s2.962812902,s-1.914673674,s181.642918354
178_67,s4.790136111,s-2.037757392,s153.304910969
178_68,s5.444147680,s-3.912763642,s140.009751639
178_69,s5.482301478,s-2.229670698,s236.734982573
178_70,s-6.740698802,s-1.510785849,s352.130997498
178_71,s-3.770823283,s-1.123180830,s321.643378779
178_72,s-4.889835862,s-1.730184180,s236.471322545
178_73,s-2.644475421,s-2.976935090,s113.307125238
178_74,s-2.931906283,s0.004535795,s266.053982745
178_75,s-1.252310461,s-2.069184981,s297.848218709
178_76,s-0.769007958,s-0.863285083,s133.695794515
178_77,s0.145795421,s-0.857629545,s317.632272191
178_78,s1.713829073,s-0.301348874,s167.157829689
178_79,s1.973039114,s-1.259164263,s143.245369670
178_80,s3.559007360,s-1.973844065,s273.814788137
178_81,s4.421006641,s-0.603678679,s276.772280933
178_82,s5.439095333,s-1.669377473,s49.937097282
178_83,s8.295358513,s-1.477321383,s131.116073324
178_84,s-7.324621378,s-0.469414339,s123.839798954
178_85,s-4.338969270,s-0.643002377,s239.602860723
178_86,s-3.162468690,s0.284500181,s265.074913118
178_87,s-3.427196501,s-0.055991608,s257.611053467
178_88,s-1.125594714,s-0.594261291,s107.794313050
178_89,s-1.396329762,s0.924132629,s225.462302442
178_90,s0.836748470,s-0.162198418,s57.516081658
178_91,s1.041465966,s-3.266177098,s208.707280784
178_92,s-0.640022628,s1.014482187,s181.834123974
178_93,s2.029567196,s0.431344017,s122.877412578
178_94,s4.639436709,s0.578103089,s61.148941781
178_95,s2.205460949,s-1.549476163,s153.671358343
178_96,s4.604746440,s0.027063255,s323.222623206
178_97,s6.347099542,s1.322706203,s321.896953737
178_98,s-7.116173553,s0.922779146,s12.788104207
178_99,s-4.858672410,s-0.378862595,s190.240479455
178_100,s-2.161603450,s0.870746786,s288.242537156
178_101,s-0.162828341,s3.370341967,s72.511234895
178_102,s-3.817545231,s4.364315516,s164.374927230
178_103,s-0.850477711,s0.507040189,s260.288550041
178_104,s0.095719717,s1.185143816,s262.957844392
178_105,s1.447463564,s1.958727750,s288.217056243
178_106,s1.130566229,s0.802790705,s40.595228917
178_107,s1.946549123,s2.430319670,s61.019895965
178_108,s3.267139018,s0.750587866,s267.395317833
178_109,s5.660334182,s-0.305227085,s293.288565149
178_110,s5.677577117,s2.361969202,s186.546813027
178_111,s6.880471195,s-1.189750747,s128.322570846
178_112,s-7.709998502,s4.513508341,s35.064759418
178_113,s-3.541016217,s3.350559348,s329.858858778
178_114,s-5.535004029,s0.880240976,s209.981133417
178_115,s-5.501296614,s3.069581904,s107.277971736
178_116,s-3.100319074,s1.485089364,s118.265948137
178_117,s-2.629322273,s1.847651363,s55.515707055
178_118,s-0.901578780,s2.001287267,s17.213613716
178_119,s-0.035698010,s2.287845817,s200.689608278
178_120,s2.597413496,s4.508264675,s67.528842465
178_121,s3.088212077,s-0.464501883,s16.285410512
178_122,s3.667106317,s1.773810633,s190.158613752
178_123,s5.329560108,s1.629181525,s72.691920741
178_124,s4.267653900,s2.351153691,s235.443258167
178_125,s7.257383249,s2.285645554,s163.366830197
178_126,s-5.947333007,s4.019073172,s70.290107687
178_127,s-5.677997681,s1.200058986,s323.325311595
178_128,s-3.882791861,s1.767293599,s192.841550608
178_129,s-4.314128525,s3.443900092,s272.726070390
178_130,s-0.742933116,s3.494897392,s263.799060991
178_131,s-0.053375321,s4.845831016,s131.497959167
178_132,s1.204942528,s3.143915440,s71.615410056
178_133,s0.017651956,s3.946532786,s269.833042477
178_134,s1.299552483,s4.194377383,s115.792256019
178_135,s4.752598541,s2.359287286,s50.095051943
178_136,s4.604595674,s3.283376058,s335.368607402
178_137,s5.417970044,s4.648349849,s70.512013600
178_138,s6.736806068,s3.178094661,s210.278178330
178_139,s7.470234251,s3.611200970,s23.851589835
178_140,s-7.727072390,s5.697977813,s86.422950388
178_141,s-7.107499069,s2.632678407,s306.032193554
178_142,s-5.054984677,s4.169150275,s236.622902473
178_143,s-4.210593545,s4.260227861,s319.093627876
178_144,s-1.839999908,s3.760842210,s159.637291442
178_145,s-2.256132725,s4.119325113,s12.355260902
178_146,s0.470791780,s5.508406822,s152.032421953
178_147,s0.262566809,s2.693598717,s56.560348785
178_148,s2.464010144,s4.758592148,s78.502938048
178_149,s1.425958072,s3.178426610,s83.980561540
178_150,s4.171081994,s3.391433698,s56.246188738
178_151,s2.163967134,s3.393033056,s237.113240323
178_152,s3.483238469,s4.838454433,s214.805919276
178_153,s5.950726656,s3.958687746,s319.921515405
178_154,s-6.625235940,s4.712704313,s293.182450682
178_155,s-5.991060313,s5.779097800,s353.751785982
178_156,s-3.969959518,s5.192740651,s21.489048094
178_157,s-2.221613940,s4.740809468,s8.807513762
178_158,s-2.345555661,s5.368530929,s198.630716687
178_159,s-1.002521852,s4.795299153,s108.408985233
178_160,s0.404489355,s7.943062436,s327.332560254
178_161,s0.845976752,s6.052119976,s130.804026862
178_162,s1.183192706,s5.163556359,s35.348428966
178_163,s2.540313350,s5.590010881,s265.170536431
178_164,s3.267986949,s6.044499431,s256.931043315
178_165,s4.442341607,s5.825915253,s181.878277025
178_166,s6.331735239,s5.658160569,s167.785302447
178_167,s6.820440106,s5.489010642,s3.933959690
178_168,s-6.370277475,s6.189861917,s223.891185119
178_169,s-4.584688122,s5.956321913,s259.668850263
178_170,s-3.175977799,s6.575401649,s198.444176853
178_171,s-2.838672512,s5.829879017,s198.614871333
178_172,s-2.990003498,s7.832803019,s307.152392049
178_173,s-1.842006505,s6.691755258,s113.878041824
178_174,s-0.558882465,s7.232005829,s154.470076954
178_175,s2.242404695,s6.635444914,s226.745031370
178_176,s1.549390729,s7.943062436,s116.396401123
178_177,s4.462570156,s7.040834000,s338.348670900
179_0,s-7.002629825,s-7.080631756,s67.256734799
179_1,s-5.801033256,s-6.648072312,s42.352825976
179_2,s-5.102444744,s-7.813386610,s270.880665022
179_3,s-3.821602978,s-7.300546914,s143.822874929
179_4,s-3.107032363,s-6.144360534,s333.807235859
179_5,s-1.466364381,s-5.703647492,s155.403887578
179_6,s-1.158062166,s-7.128160312,s275.185284322
179_7,s0.362692334,s-7.776332769,s161.872321406
179_8,s0.871786082,s-5.419214788,s71.346512786
179_9,s1.159883853,s-7.529713981,s9.579679021
179_10,s2.712275176,s-6.794026697,s345.884563068
179_11,s3.649418828,s-6.713402996,s170.073006107
179_12,s4.231525240,s-6.792230281,s246.391563844
179_13,s5.453535454,s-7.623418185,s118.502464169
179_14,s-4.880449077,s-5.102265095,s269.466177449
179_15,s-5.663576083,s-4.288069615,s206.177136542
179_16,s-3.456937136,s-5.083413125,s122.008690827
179_17,s-3.082844533,s-4.556928450,s136.361862206
179_18,s-2.644650094,s-3.643807657,s307.745704474
179_19,s-1.330309959,s-5.066026636,s37.894188568
179_20,s0.167390349,s-6.429490242,s338.123213981
179_21,s-1.036228846,s-2.030342683,s146.313316351
179_22,s2.617582179,s-5.175905989,s75.297737950
179_23,s3.063934974,s-6.061413391,s260.457464685
179_24,s3.742536211,s-4.254884707,s249.684026789
179_25,s4.209645832,s-5.186520190,s244.160289871
179_26,s6.261555549,s-4.823059684,s241.613762002
179_27,s7.782484339,s-4.350586743,s313.742900444
179_28,s-7.295686940,s-6.102148003,s114.827204190
179_29,s-6.635850585,s-4.407761119,s81.076211344
179_30,s-4.639644375,s-4.180067841,s132.237926000
179_31,s-3.546072005,s-4.480141194,s340.403009091
179_32,s-3.341306112,s-1.985631996,s266.653236146
179_33,s-2.401055280,s-4.901727235,s19.008710174
179_34,s-1.776324648,s-2.535392896,s30.734810395
179_35,s-1.717825626,s-4.001199867,s234.153300447
179_36,s1.752689589,s-4.212397230,s41.089554311
179_37,s1.133798469,s-1.527233211,s11.068625392
179_38,s2.757187554,s-4.372475570,s92.032614769
179_39,s3.516920372,s-2.724150994,s206.780224627
179_40,s5.302095703,s-4.936973233,s322.931039630
179_41,s4.095786957,s-3.033471257,s174.004155403
179_42,s-6.164814272,s-0.912998655,s348.992184895
179_43,s-4.629346900,s-2.280922385,s308.758745040
179_44,s-5.284104027,s-1.285516413,s128.818916587
179_45,s-2.496111622,s-2.981612133,s271.211721730
179_46,s-2.212930816,s-1.095981379,s161.787802081
179_47,s-0.989065426,s-2.349637743,s163.873813786
179_48,s1.636363489,s-3.880519402,s141.485819599
179_49,s1.134813533,s-1.137002797,s94.017823701
179_50,s0.333257853,s-2.515427640,s21.277777027
179_51,s2.514458855,s-2.384681466,s198.824003877
179_52,s3.337252809,s-0.432055549,s147.668248945
179_53,s6.809098550,s-4.133486172,s347.231550890
179_54,s6.121769596,s-1.868630562,s264.722933992
179_55,s7.657260069,s-3.445021797,s264.779731311
179_56,s-8.103827573,s-1.936485367,s205.950150747
179_57,s-5.671397037,s-2.618721406,s21.113522359
179_58,s-4.221760079,s-3.291495062,s292.588890303
179_59,s-5.050865623,s-3.540031514,s157.265313007
179_60,s-3.873609351,s-1.410041894,s80.281169087
179_61,s-2.973316538,s-1.952932750,s5.722351543
179_62,s-0.669671106,s-1.708768236,s53.166055822
179_63,s-0.224795302,s-3.597984568,s200.203748304
179_64,s0.295618445,s-0.476686594,s332.783694191
179_65,s2.462689049,s-2.093369436,s234.590018505
179_66,s2.492389743,s-3.541075062,s309.135274228
179_67,s4.234336446,s-4.011891197,s272.026689186
179_68,s4.802234054,s-1.930720884,s353.465050524
179_69,s4.988106075,s0.230134731,s152.011752806
179_70,s-5.335939219,s-0.892754278,s239.261246143
179_71,s-3.844184479,s1.300337558,s231.295355893
179_72,s-4.468955509,s-0.721231461,s232.000369236
179_73,s-3.555172711,s-0.227959530,s258.250299919
179_74,s-0.949055139,s-0.483965949,s112.790324396
179_75,s-0.225847408,s-0.500407642,s205.059351801
179_76,s-1.129228096,s0.735495754,s243.866900809
179_77,s1.494661461,s-0.552535762,s337.117827472
179_78,s1.751243624,s-1.446715254,s39.870281817
179_79,s1.413815706,s-1.104621159,s39.718349294
179_80,s2.405819060,s-1.754748392,s264.016802720
179_81,s3.095430043,s-2.574427662,s172.964214285
179_82,s4.159942599,s0.823515548,s223.188330439
179_83,s6.915175722,s-1.488629878,s59.900776423
179_84,s-7.693447698,s-0.381595470,s71.918821785
179_85,s-4.489092589,s0.821372666,s220.607135151
179_86,s-6.464387392,s-2.615560503,s45.976022632
179_87,s-2.057965928,s-0.541763811,s309.641770332
179_88,s-2.569248578,s-0.466849560,s266.351579853
179_89,s-2.268728221,s1.244761851,s163.776204383
179_90,s0.224902619,s0.031106497,s99.457854596
179_91,s0.837122002,s-0.336945782,s308.846086437
179_92,s0.729095514,s0.701890199,s321.475355290
179_93,s3.024497294,s1.273052080,s278.310535539
179_94,s4.806273586,s2.163764551,s124.540371314
179_95,s4.602298532,s-0.723977284,s342.625121664
179_96,s6.104981702,s-0.058237612,s85.943478362
179_97,s7.016958597,s0.657650786,s233.520093961
179_98,s-7.140679558,s1.037326698,s266.624105525
179_99,s-5.522059666,s1.142903927,s78.873095354
179_100,s-4.960243107,s3.191730817,s231.349412633
179_101,s-3.252421459,s0.581646214,s171.565226082
179_102,s-1.166961896,s4.371388582,s107.715788773
179_103,s-1.606030032,s0.415126684,s124.493404852
179_104,s-0.048030659,s3.544773475,s11.983818613
179_105,s1.378466471,s2.252654746,s104.546991599
179_106,s1.001543095,s1.139346853,s292.777359760
179_107,s2.341122328,s3.829320419,s324.231279284
179_108,s3.300992246,s2.263054484,s207.488467807
179_109,s5.767537758,s-0.513435153,s323.569654857
179_110,s4.504506148,s2.964825280,s35.114856518
179_111,s7.736827959,s-0.009137471,s159.933246980
179_112,s-8.185669788,s2.381958504,s220.858455973
179_113,s-6.745859832,s2.774620053,s178.487828349
179_114,s-5.267935898,s1.922910115,s322.919115781
179_115,s-1.794552768,s3.043343328,s130.148825256
179_116,s-1.904971228,s2.006476113,s175.811471774
179_117,s-0.208740979,s1.492562956,s119.222986176
179_118,s-2.758953808,s1.346596516,s186.593103494
179_119,s0.758183464,s2.656044078,s163.066513433
179_120,s1.402921786,s3.177783276,s42.071323540
179_121,s2.085081854,s0.356230590,s211.200517628
179_122,s2.864223469,s-0.904653686,s256.249231308
179_123,s5.040306851,s4.332274209,s200.904540901
179_124,s6.237937123,s2.904213077,s101.737020109
179_125,s6.824313712,s1.765819329,s317.999652030
179_126,s-6.019666928,s3.931597286,s161.140349952
179_127,s-6.248606601,s2.120575885,s85.589583682
179_128,s-3.343270872,s4.175341552,s222.898836292
179_129,s-2.658135063,s3.159060932,s333.583512152
179_130,s-1.543941536,s4.116962207,s42.575081861
179_131,s-0.748495016,s3.934310422,s277.663201914
179_132,s0.624442105,s4.541369926,s164.785919617
179_133,s1.506339046,s4.630803920,s293.765771715
179_134,s1.715997517,s2.371634801,s100.707067039
179_135,s2.507127281,s1.433940572,s170.023405001
179_136,s3.379647868,s4.357144874,s104.053821357
179_137,s2.964389050,s3.394637012,s84.593499087
179_138,s3.462782021,s3.328271772,s287.606603217
179_139,s7.684160214,s2.525445121,s20.354235740
179_140,s-7.698905322,s4.515513368,s219.993054548
179_141,s-5.046662183,s5.006366420,s274.268330600
179_142,s-4.111119297,s3.182188762,s304.176472564
179_143,s-3.123274894,s4.755192984,s111.795565044
179_144,s-2.660926442,s5.046486959,s157.058089436
179_145,s-2.364347974,s6.232978798,s231.113915347
179_146,s-1.886682881,s5.018495807,s47.836162525
179_147,s0.192602828,s3.926723061,s24.140703863
179_148,s1.883441557,s3.849267545,s171.097835600
179_149,s2.811117743,s4.751259641,s170.477370355
179_150,s5.272654635,s4.574104093,s70.247559866
179_151,s5.035416999,s6.593061421,s320.402422400
179_152,s6.164801871,s4.949667626,s112.600367337
179_153,s6.015782351,s3.434415443,s65.223357561
179_154,s-6.434808949,s7.794453166,s232.372505188
179_155,s-5.644315760,s5.936354426,s151.306843242
179_156,s-4.149283970,s5.191139439,s100.426161868
179_157,s-2.877092606,s5.914854170,s127.192858089
179_158,s-2.192004532,s6.951675247,s95.897840152
179_159,s-0.488689297,s5.071553012,s113.193380919
179_160,s0.801937409,s5.860497486,s307.201755723
179_161,s0.210166604,s5.017322791,s113.252916139
179_162,s2.064632202,s6.428415906,s36.719434429
179_163,s3.395011963,s6.501322912,s70.796465228
179_164,s1.685069766,s5.345360843,s262.564575307
179_165,s3.593584227,s6.002058904,s333.733449716
179_166,s4.859687543,s7.271013469,s100.362835927
179_167,s5.648712660,s6.794282762,s267.405863824
179_168,s-7.913016388,s4.733177531,s163.237753901
179_169,s-7.242861387,s8.087334240,s216.650840276
179_170,s-3.847976183,s6.167243060,s210.025562594
179_171,s-3.595226261,s6.715538971,s254.967283980
179_172,s-3.079376734,s7.892987844,s88.145633270
179_173,s-2.064943737,s8.187806004,s85.292236076
179_174,s-0.093029618,s5.942237377,s324.965486786
179_175,s0.013929045,s8.076274511,s102.484591204
179_176,s1.531658702,s7.362576964,s21.437895222
179_177,s0.066773533,s7.284466845,s240.237037139
179_178,s2.830851069,s7.916244176,s225.149948743
180_0,s-6.731215043,s-6.004821674,s213.209957345
180_1,s-6.630761559,s-4.423185451,s40.215114382
180_2,s-3.031893785,s-4.258328693,s66.163779255
180_3,s-3.298355908,s-7.735992937,s241.164158014
180_4,s-2.162265730,s-6.975546909,s301.908530044
180_5,s-2.704474408,s-6.009894889,s112.525446126
180_6,s-3.069038591,s-1.463089339,s128.738965495
180_7,s1.066873576,s-6.984270011,s270.858475668
180_8,s0.015339952,s-4.992506255,s120.066873141
180_9,s0.934060525,s-4.386066661,s74.637674535
180_10,s1.592547166,s-6.624350982,s198.355588541
180_11,s4.093962441,s-5.586697129,s293.604616406
180_12,s3.615630013,s-7.399585465,s292.874678421
180_13,s5.481841395,s-4.948575777,s339.254509307
180_14,s6.106212475,s-5.896236311,s219.544983202
180_15,s-7.706177198,s-4.071934268,s277.819921737
180_16,s-4.832087310,s-5.157148206,s166.988411365
180_17,s-4.400210323,s-6.473738732,s285.833771211
180_18,s-3.047011879,s-5.225961398,s217.674595593
180_19,s-2.355461819,s-5.191925874,s104.508462853
180_20,s-0.592920523,s-4.706325138,s216.779593673
180_21,s-1.801698273,s-7.659557363,s6.931996458
180_22,s-1.167988257,s-6.532282396,s111.494438992
180_23,s-0.260494274,s-3.580217986,s202.685216630
180_24,s2.621880502,s-5.591704807,s131.109413250
180_25,s2.127111975,s-4.372500860,s158.919953318
180_26,s2.892728799,s-3.554064621,s329.967665630
180_27,s4.151764398,s-3.556900256,s137.957042978
180_28,s4.390957951,s-4.801238974,s224.399880108
180_29,s7.233826369,s-4.324235073,s61.488551510
180_30,s-5.981947782,s-3.503254192,s96.361522443
180_31,s-5.888897492,s-4.314670597,s226.391266294
180_32,s-5.681820218,s-1.713198051,s102.136283004
180_33,s-3.790488973,s-4.660219114,s263.684804333
180_34,s-4.166203205,s-3.196830009,s219.417305601
180_35,s-1.986480732,s-3.936381249,s304.398954878
180_36,s0.168781910,s-3.288846034,s121.159239973
180_37,s1.409167756,s-3.835230505,s168.269842100
180_38,s-0.118829496,s-2.497787343,s170.441469890
180_39,s2.490034841,s-2.518116155,s154.953599884
180_40,s0.860164677,s-5.856437204,s191.702834141
180_41,s3.005102623,s-5.077103640,s256.007404558
180_42,s2.073160639,s-3.425314834,s280.108707318
180_43,s4.824045179,s-2.633621907,s254.827086470
180_44,s6.250026576,s-3.885291517,s146.306262765
180_45,s-6.361127673,s-2.187734817,s39.878460041
180_46,s-4.887069705,s0.017508193,s328.920297437
180_47,s-4.698148776,s-2.427579243,s134.722471973
180_48,s-3.420595364,s-2.342439467,s2.102144945
180_49,s-1.543825789,s-1.826515452,s58.592940229
180_50,s-2.484237113,s-3.024419514,s214.462613312
180_51,s-1.520360751,s-2.574677744,s31.447711459
180_52,s1.608897304,s-0.252215529,s178.561800927
180_53,s0.948271175,s-2.810921277,s204.387852948
180_54,s4.360450300,s-2.222989452,s160.905803598
180_55,s3.137199924,s-1.374743616,s143.017401453
180_56,s3.527535839,s-4.324982823,s57.602268569
180_57,s5.369075859,s-1.268062272,s243.173478659
180_58,s5.584967000,s-3.175702168,s326.666151071
180_59,s7.550226020,s-3.347361419,s267.251083697
180_60,s-7.456417822,s-1.489102076,s342.785739991
180_61,s-5.918575776,s-1.047501335,s81.096309117
180_62,s-6.111754803,s1.145676715,s112.241719173
180_63,s-5.622682283,s-5.180721213,s11.417240161
180_64,s-1.741371444,s0.971323694,s112.678603683
180_65,s0.086405067,s-0.716051555,s150.496755817
180_66,s0.781462152,s0.739092174,s335.544830322
180_67,s-1.658867717,s-1.209628378,s220.186955564
180_68,s-1.411201479,s-3.396501447,s204.941656353
180_69,s1.992727740,s-0.480525016,s321.630399399
180_70,s0.472289764,s-2.217617348,s139.098052322
180_71,s3.957944284,s-0.342115133,s209.895138275
180_72,s5.872527695,s1.139967083,s260.445500681
180_73,s4.465539736,s-1.646923931,s298.272078465
180_74,s6.462795227,s-1.227342284,s149.041172869
180_75,s-6.084605892,s1.269251768,s137.352392786
180_76,s-4.353035079,s-0.017990987,s87.254305067
180_77,s-3.762787944,s-1.376061328,s211.414833461
180_78,s-2.828235968,s-1.688776403,s314.740800630
180_79,s-2.924529816,s-1.020304424,s204.352019345
180_80,s-2.042408707,s-0.638769306,s164.781585539
180_81,s-1.486047033,s-0.520429279,s252.693265211
180_82,s0.467572736,s-1.339124456,s326.244137310
180_83,s0.008403325,s0.166885589,s135.011581527
180_84,s0.937565731,s-0.395236489,s144.281141696
180_85,s3.874975854,s-1.502280717,s113.377219520
180_86,s3.772006989,s-3.315256952,s73.128046920
180_87,s4.485282903,s0.347857647,s312.286346933
180_88,s7.327200275,s-2.731033328,s202.310534602
180_89,s7.161632479,s-0.162615051,s101.170810440
180_90,s-7.193068244,s-0.283271567,s295.283373734
180_91,s-3.532260880,s0.657601131,s12.220549360
180_92,s-7.087921254,s1.820532208,s229.995804837
180_93,s-2.287389688,s-0.307764227,s282.678487521
180_94,s-4.098994601,s3.165853506,s125.222751677
180_95,s-4.675628751,s-1.133961712,s114.818950797
180_96,s-2.124484078,s1.465929889,s116.266492991
180_97,s-1.262579379,s0.218941586,s236.173011220
180_98,s0.993258005,s0.912742233,s181.415276263
180_99,s-0.480294342,s2.827413270,s112.130402876
180_100,s1.521076283,s3.058779673,s213.402929232
180_101,s2.799697783,s-0.585921545,s55.450777898
180_102,s4.337685570,s2.235319552,s345.445210895
180_103,s1.303628581,s0.029260413,s59.596687669
180_104,s6.474831436,s3.101889132,s188.854677045
180_105,s-7.814855849,s0.784487817,s260.799344940
180_106,s-5.525156560,s1.933623718,s102.288411807
180_107,s-3.285331808,s2.733677374,s71.208237705
180_108,s-4.531017299,s1.020530490,s229.444419837
180_109,s-3.299936029,s0.888353088,s32.916285933
180_110,s-1.326184412,s1.049836703,s3.282507291
180_111,s-0.930231340,s1.967939376,s182.441793374
180_112,s0.498147598,s1.561778871,s63.290518610
180_113,s1.825575035,s1.007972613,s67.599541533
180_114,s2.589495296,s1.503082141,s157.031118064
180_115,s2.626420541,s1.799974297,s307.624955206
180_116,s3.024767760,s2.685325973,s182.312642619
180_117,s6.667554317,s1.153150247,s60.791212700
180_118,s6.027102759,s-0.860220102,s107.487997048
180_119,s7.441374414,s2.767603963,s108.104596894
180_120,s-7.668157400,s3.014161898,s58.368100035
180_121,s-4.378099441,s0.782600232,s17.364710293
180_122,s-7.740642687,s4.394894423,s192.226062084
180_123,s-4.585710015,s3.185966819,s179.061834412
180_124,s-2.535424414,s3.428218210,s106.943936097
180_125,s-2.001303439,s2.418063042,s312.123896178
180_126,s-1.724764041,s2.265239069,s13.226524403
180_127,s-1.894685947,s3.173921522,s76.723248668
180_128,s0.427665494,s3.729924457,s129.652313621
180_129,s1.487247565,s2.225512105,s323.166006242
180_130,s4.084447686,s1.301212777,s302.790346043
180_131,s1.784133347,s4.695720416,s61.305029406
180_132,s3.011554762,s4.147717247,s335.468546444
180_133,s4.332087077,s-1.001341621,s1.906491104
180_134,s4.665175059,s3.852463967,s184.133964149
180_135,s-6.095641623,s2.135958306,s145.371104241
180_136,s-4.030114904,s4.403912752,s341.346100786
180_137,s-4.761683236,s2.478751657,s130.250212316
180_138,s-3.141034831,s3.535167189,s111.231371395
180_139,s-0.384007301,s5.502286915,s71.032362252
180_140,s-0.573689334,s4.260257234,s253.897229704
180_141,s-0.958543745,s4.463824866,s81.332860659
180_142,s0.981888750,s1.680070567,s208.719563515
180_143,s0.029148026,s4.368719088,s327.926030274
180_144,s0.873644652,s3.264814010,s151.180702779
180_145,s1.832901958,s6.233186562,s243.113994827
180_146,s5.425558912,s1.113703572,s138.281515253
180_147,s1.215487232,s3.643147955,s5.292006276
180_148,s4.093213404,s3.333959550,s83.859490971
180_149,s6.957584525,s3.540606312,s18.458852260
180_150,s-7.578070571,s5.066600168,s170.174965749
180_151,s-7.235735234,s7.337544681,s11.373617838
180_152,s-5.490611182,s2.156445817,s40.526457338
180_153,s-2.883299639,s4.433993057,s108.710203632
180_154,s-3.295464675,s5.795344183,s174.266573876
180_155,s-2.138971909,s5.831187772,s172.982823769
180_156,s1.059123651,s7.635181469,s233.075940809
180_157,s0.459151905,s5.079718506,s78.162240807
180_158,s-1.362831102,s6.002199294,s70.329836627
180_159,s0.852339686,s4.546762549,s120.221998959
180_160,s3.898101967,s5.217368589,s51.036472040
180_161,s3.710058604,s4.309680861,s270.839262965
180_162,s4.883193550,s4.603948078,s243.738527319
180_163,s7.550226020,s3.957754644,s5.196006722
180_164,s7.236213351,s5.044587316,s356.452839310
180_165,s-5.065956308,s4.754655969,s228.865045712
180_166,s-4.636940004,s5.694746391,s245.487742136
180_167,s-3.003309468,s4.096096588,s146.033782410
180_168,s-3.108732443,s7.470995787,s305.613500369
180_169,s-2.018743342,s6.261829060,s42.348202683
180_170,s-2.033104608,s3.506436026,s143.081557607
180_171,s-1.905810946,s7.635181469,s62.104509511
180_172,s0.697626156,s5.447121462,s267.134562695
180_173,s1.532820067,s5.921362737,s145.595590036
180_174,s3.071471451,s6.679012426,s221.794824438
180_175,s2.528901317,s4.347031797,s275.122240457
180_176,s1.629059463,s7.221033828,s246.179378863
180_177,s3.334716933,s6.282405064,s190.929926382
180_178,s5.717807451,s5.018595863,s192.716599054
180_179,s5.826699101,s7.050053048,s201.109219157
181_0,s-7.888093346,s-5.899198051,s253.913034895
181_1,s-5.607268049,s-7.539031576,s184.939564517
181_2,s-6.058397846,s-6.456199207,s197.774257879
181_3,s-3.457490137,s-6.762144794,s263.209695305
181_4,s-4.074157336,s-5.154809057,s1.272070710
181_5,s-3.607405824,s-6.111506240,s288.276022238
181_6,s-1.335755887,s-6.117036062,s280.627854929
181_7,s-0.149925478,s-6.898784505,s15.932997547
181_8,s0.846863156,s-5.370994795,s10.064989017
181_9,s0.031101393,s-8.013764501,s57.587251907
181_10,s2.216080022,s-6.972731914,s57.521218161
181_11,s4.313683040,s-6.897409120,s238.433774825
181_12,s6.221645645,s-5.899447652,s352.903263325
181_13,s5.894693940,s-7.870061685,s73.178127145
181_14,s6.619408446,s-6.002006597,s304.330947625
181_15,s-7.842168571,s-5.270127301,s38.754397393
181_16,s-2.731433178,s-3.594490178,s359.126700473
181_17,s-4.747072889,s-5.251746241,s286.424620687
181_18,s-4.773784414,s-7.594342493,s125.443677893
181_19,s-2.516417056,s-5.994599579,s250.619180725
181_20,s-2.139728845,s-5.382213631,s235.772788360
181_21,s-0.931696872,s-6.477735165,s223.993874758
181_22,s-1.646488490,s-3.567569916,s185.942526767
181_23,s1.322437035,s-4.314312159,s64.895535773
181_24,s2.611300540,s-3.081472299,s140.939295376
181_25,s3.082892040,s-5.982267428,s30.410950339
181_26,s3.827664829,s-4.835153471,s96.628341401
181_27,s5.006978104,s-4.933278245,s210.061726158
181_28,s7.629430146,s-2.134342836,s140.936479687
181_29,s7.180846237,s-4.919025286,s262.613785787
181_30,s-8.339790024,s-4.703331699,s190.110793125
181_31,s-3.728679441,s-1.761969210,s12.299012344
181_32,s-7.217118780,s-3.883832245,s347.126401080
181_33,s-6.162368572,s-4.343400585,s26.844977647
181_34,s-2.793694240,s-3.101058484,s107.778879634
181_35,s-1.849563137,s-4.037402974,s358.120012615
181_36,s-0.526041175,s-4.846029170,s241.284595417
181_37,s0.189470609,s-2.078116368,s44.806232415
181_38,s0.487215125,s-4.267847445,s87.138926606
181_39,s1.603629983,s-6.438648521,s121.960053605
181_40,s0.849074700,s-2.841626547,s257.449690475
181_41,s3.677507951,s-2.603849989,s7.188370757
181_42,s4.682273918,s-3.302735713,s146.777324864
181_43,s3.887434906,s-4.366011111,s236.224886149
181_44,s5.536649014,s-3.322616777,s139.459571851
181_45,s-6.704045894,s-2.136375597,s274.633061896
181_46,s-6.371827876,s-2.899188163,s130.667921147
181_47,s-4.151790373,s-3.110663760,s254.275100695
181_48,s-1.749648101,s-2.885404522,s90.086129942
181_49,s-5.713301290,s-1.607650735,s78.065975059
181_50,s-0.744024959,s-3.997143260,s340.890990402
181_51,s-0.617820911,s-3.043153261,s297.750116087
181_52,s1.488840898,s-2.046522510,s185.468403010
181_53,s0.816694784,s-0.178008737,s352.825201189
181_54,s2.714853740,s-2.593849488,s38.967566059
181_55,s3.358119985,s-1.476066398,s325.918795619
181_56,s4.361411227,s-0.401845855,s256.151117785
181_57,s4.126956536,s-3.356248530,s236.138885953
181_58,s5.687437412,s-2.628494934,s343.563900518
181_59,s5.790134566,s-3.027397119,s25.556564273
181_60,s-8.259831329,s-0.608241192,s18.966439819
181_61,s-6.377316132,s-1.418244521,s71.035390470
181_62,s-4.136007759,s-0.881717748,s92.509532164
181_63,s-5.837662663,s-3.439545915,s331.822238189
181_64,s-1.506055040,s-1.100518457,s148.323132711
181_65,s-2.730936302,s-4.906460695,s229.747372329
181_66,s-2.258726736,s-1.742908881,s95.597104378
181_67,s-2.065529253,s-2.351751451,s270.807133174
181_68,s-0.720287620,s-1.941273673,s202.314059217
181_69,s2.619834087,s-4.298198135,s197.270437049
181_70,s1.578034413,s0.366085787,s201.131286637
181_71,s1.378197660,s-2.836120724,s146.658454525
181_72,s2.754763567,s-2.197048584,s336.488633182
181_73,s4.719176176,s0.068182205,s221.917081757
181_74,s7.833680640,s-2.204140378,s125.657475870
181_75,s-6.862267020,s-1.313049621,s37.053517049
181_76,s-7.264224484,s0.214846656,s171.854565344
181_77,s-5.300504893,s-2.259242239,s124.589827762
181_78,s-3.074133778,s-1.565251269,s90.434206155
181_79,s-2.670770148,s-0.076549585,s4.292829282
181_80,s-1.347575079,s1.038903984,s359.403854886
181_81,s-0.681495364,s-0.830560529,s58.215187182
181_82,s-0.360434662,s-1.277222094,s140.686458419
181_83,s1.235718517,s0.352577192,s204.098996104
181_84,s1.272767401,s1.106587876,s346.631809400
181_85,s4.104123122,s-1.844577768,s193.935805142
181_86,s5.457932004,s-2.217337309,s28.125895956
181_87,s3.585037894,s0.762698952,s223.004009150
181_88,s6.131337623,s0.359721287,s116.267941684
181_89,s7.703072214,s-0.939570839,s287.638830499
181_90,s-8.067592083,s1.855977024,s88.388998695
181_91,s-6.639681806,s0.993742876,s303.987064030
181_92,s-2.508580069,s1.600856703,s195.963365204
181_93,s-5.921146842,s-0.832187431,s70.007362735
181_94,s-3.048937775,s-0.012147395,s354.157554921
181_95,s-0.866991932,s-0.208171405,s201.133484304
181_96,s-0.733785015,s1.238861676,s283.948284105
181_97,s0.138017423,s-0.428519680,s117.419591535
181_98,s-0.375565246,s1.184774682,s350.120908576
181_99,s1.839852496,s-2.201214144,s55.802072866
181_100,s3.273664838,s0.513223282,s57.578108363
181_101,s2.277534298,s-1.064330041,s142.566892026
181_102,s7.602883286,s0.542654259,s226.264079467
181_103,s6.576235927,s-2.467374525,s58.708468064
181_104,s4.516900365,s1.077654837,s92.460597719
181_105,s-7.699146488,s1.857645503,s284.997754458
181_106,s-5.653286860,s2.958611208,s208.735985425
181_107,s-4.819402349,s1.420070398,s175.693131175
181_108,s-2.361264012,s2.264709565,s206.676662977
181_109,s-1.327955656,s1.989234068,s213.937425210
181_110,s-3.217889564,s0.998697281,s339.780678147
181_111,s-2.311286398,s0.454372095,s315.972635027
181_112,s0.824110643,s2.581368431,s228.443561206
181_113,s0.422515521,s0.125888464,s265.021707241
181_114,s2.653618724,s0.557330061,s148.376793000
181_115,s3.342095044,s4.673152051,s72.787058614
181_116,s3.773215482,s3.777289068,s325.955114865
181_117,s2.475995177,s1.532507155,s322.846278616
181_118,s5.834221090,s1.556530034,s55.168934155
181_119,s7.872118447,s2.154294749,s187.754961091
181_120,s-7.514220276,s2.895999626,s71.670004332
181_121,s-5.705865254,s1.033504507,s292.960062721
181_122,s-4.108602971,s1.621645328,s266.600786828
181_123,s-4.585269323,s-1.122045775,s140.257732277
181_124,s-2.569329927,s3.831378032,s104.410783212
181_125,s-1.180282048,s2.622475794,s190.620109397
181_126,s0.073612364,s1.946300109,s75.527347842
181_127,s-0.957814627,s3.699771767,s325.011023861
181_128,s1.293037076,s3.087432254,s104.185383935
181_129,s0.663833649,s1.181075428,s142.306761247
181_130,s2.336850534,s1.756647472,s99.853453486
181_131,s3.399372270,s-0.592090564,s237.478571268
181_132,s5.950689868,s2.151665470,s334.349095999
181_133,s3.845131423,s1.689599071,s10.060708272
181_134,s5.818457327,s3.226038268,s237.583218851
181_135,s-5.895721632,s1.765852356,s315.741750092
181_136,s-5.750709011,s4.445819664,s104.026130071
181_137,s-4.356840887,s3.204006687,s250.065481903
181_138,s-4.911158013,s2.056380081,s108.528054592
181_139,s-4.220450862,s3.369995937,s212.488177552
181_140,s-1.700745428,s4.073479967,s206.182158864
181_141,s-2.382138427,s2.962557398,s145.459623692
181_142,s0.707824800,s4.544276679,s349.134479408
181_143,s0.247546039,s5.064182492,s13.028645932
181_144,s1.874161430,s5.736814452,s107.517848219
181_145,s1.200929161,s2.588715436,s164.563301136
181_146,s4.796890404,s3.552372567,s161.866561240
181_147,s5.475327058,s4.277835656,s314.293849005
181_148,s7.540165706,s1.829691703,s48.617243235
181_149,s7.974095750,s3.427948233,s163.250821140
181_150,s-7.655156684,s5.381836599,s348.589334421
181_151,s-7.778656186,s4.023095224,s319.738885864
181_152,s-4.432960767,s5.274024492,s174.398618329
181_153,s-4.752612673,s4.336149349,s334.516457005
181_154,s-2.616952560,s4.649394694,s322.743356223
181_155,s-1.151134199,s4.708835082,s343.936731110
181_156,s-0.075236592,s4.478744619,s132.424572627
181_157,s0.210848462,s2.712294189,s251.865343001
181_158,s1.248989640,s5.989252590,s36.099412664
181_159,s2.577314741,s3.041598994,s199.925142781
181_160,s3.927971392,s4.648087120,s21.090969979
181_161,s3.157655695,s2.390678828,s20.726650615
181_162,s4.866526476,s4.639692669,s173.125140909
181_163,s4.445819341,s2.756366604,s168.725446248
181_164,s5.991469609,s5.209027626,s305.078089500
181_165,s-5.275184524,s8.090322988,s214.187896069
181_166,s-4.739195505,s5.473610641,s173.771894261
181_167,s-3.165850733,s6.807960395,s21.490135919
181_168,s-3.059287023,s4.196291586,s195.481642021
181_169,s-2.310912502,s5.677048165,s269.561453756
181_170,s-1.719960732,s7.133940552,s237.577447497
181_171,s-1.452181909,s5.140098104,s338.845771628
181_172,s-1.334546210,s6.461529464,s241.712406482
181_173,s0.738243861,s7.585733845,s326.670445702
181_174,s1.843293056,s7.257889153,s356.353876095
181_175,s4.084102844,s7.109912322,s29.695717119
181_176,s3.196718729,s5.896698903,s76.295645623
181_177,s5.862946087,s5.824469244,s226.555261589
181_178,s3.994620777,s8.064998781,s230.756269520
181_179,s8.076281504,s6.785602250,s278.605141108
181_180,s-8.339790024,s6.080579251,s336.831508344
182_0,s-7.285945750,s-6.043124771,s290.691926957
182_1,s-6.211229704,s-7.791676124,s216.229629964
182_2,s-4.916240237,s-7.741570227,s23.911240206
182_3,s-4.564782285,s-6.986495329,s28.045778106
182_4,s-3.301077606,s-7.477586129,s291.359797790
182_5,s-2.041834638,s-6.424328825,s127.360260593
182_6,s-0.419004651,s-5.152687815,s83.430938947
182_7,s-0.082380422,s-7.843881135,s48.425314714
182_8,s1.270400588,s-7.792970969,s153.482339797
182_9,s1.275257416,s-5.534422443,s83.746639011
182_10,s2.240687265,s-7.650568378,s137.982824517
182_11,s4.304010714,s-5.617440654,s191.432991317
182_12,s4.879598518,s-6.432813760,s299.814644750
182_13,s5.917714489,s-6.537840331,s217.066649705
182_14,s6.942243028,s-5.185203558,s296.346806018
182_15,s-5.697990004,s-5.755503150,s27.888863999
182_16,s-5.425874250,s-0.238571576,s272.964200522
182_17,s-5.150628227,s-2.327075227,s200.678052895
182_18,s-3.910164171,s-6.075628661,s341.854987337
182_19,s-1.582313082,s-5.097411742,s349.892052754
182_20,s-3.106496281,s-2.212360157,s207.203040709
182_21,s0.279561469,s-5.211693976,s49.411215657
182_22,s-0.079125867,s-3.138067636,s13.249377365
182_23,s1.784312695,s-4.981702781,s314.996599468
182_24,s3.466759423,s-2.931228637,s168.260528692
182_25,s3.603617004,s-6.811859406,s132.357595092
182_26,s7.166418248,s-3.434821117,s40.758228975
182_27,s5.383493094,s-5.252369165,s250.537233869
182_28,s5.957836746,s-4.623248804,s14.093929986
182_29,s7.699401556,s-6.112847040,s163.370507953
182_30,s-6.807304753,s-5.337473526,s184.951610586
182_31,s-6.906348426,s-3.110039493,s56.147794293
182_32,s-3.569636077,s-5.386401941,s332.123269207
182_33,s-2.406328599,s-3.433099313,s19.603141058
182_34,s-4.882840823,s-4.236268839,s27.013309662
182_35,s-1.402667210,s-4.249518039,s294.941222131
182_36,s-0.080830310,s-2.724895387,s53.139188608
182_37,s1.192047756,s-4.955315786,s105.564778272
182_38,s0.479650001,s-2.303289547,s261.162846033
182_39,s1.765295008,s-2.293892782,s224.792104385
182_40,s1.992533581,s-3.794189709,s268.937271665
182_41,s4.014422429,s-3.916909110,s127.056953932
182_42,s1.574058026,s-6.279820811,s66.905690433
182_43,s3.522641344,s-1.440224403,s307.629988198
182_44,s6.299591289,s-1.867139079,s0.974263676
182_45,s-8.113181055,s-2.602393503,s278.514867073
182_46,s-5.866201300,s-2.438002070,s339.326352332
182_47,s-4.323957790,s-3.912994755,s37.879449448
182_48,s-2.675548840,s-0.148304064,s38.981036877
182_49,s-2.749894627,s-2.134399131,s3.793233658
182_50,s-1.616881228,s-0.986932491,s8.303808428
182_51,s-1.921302788,s-2.784561191,s51.491993914
182_52,s-0.633004732,s-1.263564094,s111.828774870
182_53,s-0.477781356,s-0.005346679,s134.294665477
182_54,s0.922815899,s-3.476758068,s84.850063332
182_55,s2.755924231,s-3.914534542,s334.102348195
182_56,s1.738599483,s-2.219181600,s316.062429478
182_57,s5.967142277,s-3.405160964,s4.332953060
182_58,s4.898386266,s-0.470791030,s201.824404524
182_59,s7.853672099,s-3.786531492,s189.100176292
182_60,s-6.183559961,s-0.037070116,s105.452989769
182_61,s-6.346708385,s-1.779891516,s70.980691752
182_62,s-3.963654944,s-1.026176819,s78.618915374
182_63,s-3.846658615,s-2.505243263,s338.075079845
182_64,s-3.873505495,s0.323036848,s229.729153165
182_65,s-3.781645958,s-2.218209151,s35.203234906
182_66,s-1.698180814,s1.372967185,s258.158506630
182_67,s-0.865922531,s-0.976604611,s14.286294846
182_68,s2.087349231,s-0.827177844,s338.896970964
182_69,s0.957779915,s-1.789675983,s103.509815601
182_70,s3.162777946,s-1.149060437,s285.365617294
182_71,s4.655463259,s-2.208443778,s89.214230368
182_72,s3.496094175,s-0.515674737,s226.943633887
182_73,s4.928787983,s-1.745242981,s114.588962434
182_74,s7.510763047,s-1.921619629,s327.288785406
182_75,s-8.014850179,s0.109402076,s251.066743185
182_76,s-5.903050856,s0.885676142,s318.311987065
182_77,s-4.262064156,s-0.060859446,s67.707116762
182_78,s-1.735977462,s0.391527985,s326.508881832
182_79,s-1.992519636,s1.590274279,s205.994480119
182_80,s-2.147844547,s-2.009536246,s209.650588806
182_81,s-1.145404114,s0.771636778,s343.518310222
182_82,s1.521045415,s-1.318161291,s282.797114641
182_83,s1.360951054,s1.376873860,s38.781211968
182_84,s2.486142768,s-1.381274045,s160.592284290
182_85,s2.807610275,s-0.330675990,s209.148973908
182_86,s3.057103193,s-2.405089216,s357.876012545
182_87,s3.874305954,s-0.810492562,s236.840786116
182_88,s6.107336731,s-0.729437991,s83.863417948
182_89,s7.855700333,s0.389490144,s28.685155872
182_90,s-7.770573061,s2.221172594,s65.529639192
182_91,s-7.606477690,s-3.323351316,s287.562082134
182_92,s-2.889023077,s1.350269124,s214.877771687
182_93,s-3.931884670,s0.582097071,s259.864809282
182_94,s-4.167889096,s2.223296644,s191.900865117
182_95,s2.104277545,s-0.453648251,s9.988769482
182_96,s-2.533328330,s-1.046687639,s157.245027776
182_97,s1.172976790,s0.074301679,s15.549590090
182_98,s0.275062367,s0.542784914,s125.250143329
182_99,s1.761041379,s-0.169576177,s39.433327850
182_100,s2.357197938,s0.552910036,s28.206953243
182_101,s2.709566920,s2.466555550,s202.814066101
182_102,s5.016538787,s1.756952160,s205.564835591
182_103,s5.508255162,s0.429019836,s225.901520276
182_104,s6.901451558,s-0.321016637,s155.298047614
182_105,s-6.053771244,s3.132890740,s66.231454578
182_106,s-5.047671043,s2.392012282,s352.331864528
182_107,s-4.794296410,s-0.780967813,s140.214205749
182_108,s-2.857870820,s1.976714902,s250.489390149
182_109,s-1.658157567,s2.348004516,s289.192763916
182_110,s-0.668085993,s0.155307308,s42.780744271
182_111,s-2.469567341,s5.912503421,s218.754583808
182_112,s1.157044029,s2.082070564,s116.561819569
182_113,s3.084849275,s1.150131967,s102.484909560
182_114,s2.458762002,s1.156009329,s256.122875158
182_115,s3.744984841,s4.742792906,s172.560400348
182_116,s5.494060522,s0.368098852,s345.723285710
182_117,s3.765673965,s1.660946386,s29.857055323
182_118,s7.058974600,s2.430694702,s289.574651795
182_119,s7.511317843,s1.456775308,s222.645343096
182_120,s-7.702275125,s2.981951732,s39.086509833
182_121,s-7.132116459,s1.010464615,s140.543988721
182_122,s-4.665101050,s0.404707680,s112.618999863
182_123,s-4.340298708,s2.295171786,s217.320224490
182_124,s-2.402782963,s2.908556882,s209.461758599
182_125,s1.187251792,s2.815832015,s227.378378012
182_126,s0.164074181,s1.296770805,s113.821347319
182_127,s0.781167188,s1.893719324,s152.503976995
182_128,s-1.304641977,s4.243011170,s227.808153764
182_129,s0.606896953,s0.267050731,s311.129858585
182_130,s3.312717035,s2.792341556,s241.384129368
182_131,s3.787947909,s0.349434490,s289.962144378
182_132,s4.144364682,s4.445871156,s156.462852229
182_133,s6.625819788,s6.097718376,s68.671837634
182_134,s5.836200016,s0.592478705,s201.214590673
182_135,s-5.627666763,s3.391440830,s35.893854489
182_136,s-4.893265708,s3.605429413,s329.989716241
182_137,s-4.316867781,s3.789055663,s168.202426489
182_138,s-3.627975756,s2.629851301,s205.056100843
182_139,s-2.289830049,s4.015977198,s327.330238974
182_140,s-1.711383200,s3.939672802,s31.238130553
182_141,s2.231843993,s3.032391448,s30.662905535
182_142,s0.550471169,s5.870723293,s157.794721800
182_143,s0.829277331,s3.215493525,s205.497285352
182_144,s3.859257935,s5.144503562,s335.915609539
182_145,s2.310169122,s2.213620720,s166.208321009
182_146,s1.849999396,s5.124620250,s167.642093208
182_147,s5.375498396,s1.820592729,s308.623026030
182_148,s7.887550874,s3.368718985,s229.813971915
182_149,s5.854644171,s2.251979803,s42.729202405
182_150,s-8.138771141,s3.817001580,s18.638917708
182_151,s-6.678922499,s4.858247446,s119.615448903
182_152,s-4.061935067,s4.987172197,s322.430356023
182_153,s-3.252099358,s3.569118124,s111.821252858
182_154,s-2.947694943,s4.813369312,s132.364590122
182_155,s-2.225839512,s6.483927333,s9.756551796
182_156,s-0.291141490,s1.844823009,s187.533989654
182_157,s0.839117427,s4.319599758,s83.435187768
182_158,s2.491924834,s4.724655835,s289.876450502
182_159,s1.729889479,s1.597272059,s187.697419590
182_160,s4.564602037,s5.459084511,s29.911975681
182_161,s5.136633856,s4.033080514,s131.523506297
182_162,s4.232375656,s6.381989218,s275.650847029
182_163,s3.094550147,s3.383293992,s97.063614448
182_164,s5.196233041,s2.414082217,s272.009864926
182_165,s-5.639737605,s5.652781063,s358.308228102
182_166,s-3.202142103,s8.003227622,s309.196057077
182_167,s-4.657292154,s5.253494995,s2.499132943
182_168,s-3.243353299,s5.896140964,s34.227910013
182_169,s-3.863048908,s7.911312004,s105.001195951
182_170,s-0.045996664,s5.022199099,s113.702777096
182_171,s0.065130676,s6.356678014,s112.142991479
182_172,s0.542786257,s7.125523674,s26.833788191
182_173,s1.272869826,s7.324692328,s305.796229898
182_174,s0.013747369,s4.608876371,s79.813284978
182_175,s2.081106914,s6.823495144,s113.564660439
182_176,s2.361533990,s6.712899221,s23.964525395
182_177,s4.954973744,s6.796797469,s42.327878862
182_178,s5.651637657,s8.073468831,s81.066695873
182_179,s7.385799065,s6.612399304,s1.898421487
182_180,s-6.948367848,s7.609628318,s211.305718421
182_181,s-4.322314900,s6.167107573,s308.137418582
183_0,s-6.395283807,s-5.770701056,s21.338740863
183_1,s-6.314120005,s-5.039605658,s32.750477259
183_2,s-4.704327754,s-6.728195529,s276.042502367
183_3,s-3.784853509,s-5.871606242,s196.041752961
183_4,s-3.274988548,s-7.517658927,s11.338113800
183_5,s-3.118711463,s-6.973323599,s197.323711890
183_6,s-1.420371454,s-6.009091649,s239.966567761
183_7,s-1.314468570,s-4.210349709,s37.352333805
183_8,s0.092192901,s-7.587594706,s34.624607950
183_9,s0.679601972,s-6.121433960,s225.837717440
183_10,s1.704330742,s-5.714633616,s297.832736558
183_11,s3.337194480,s-7.513485962,s166.222519124
183_12,s5.186483327,s-7.060039097,s172.972174640
183_13,s4.812029714,s-5.216489548,s22.749111867
183_14,s4.696253466,s-7.478098519,s210.269802411
183_15,s-7.455914314,s-5.251088231,s122.256851640
183_16,s-4.616333807,s-2.855938915,s92.987584782
183_17,s-4.172435194,s-3.160040496,s126.242142136
183_18,s-2.073436653,s-5.880807926,s186.608247089
183_19,s-1.090545894,s-5.691488398,s340.073933620
183_20,s-0.918607308,s-4.225747159,s212.561190585
183_21,s-3.387567233,s-1.605540286,s306.239131266
183_22,s-0.177040323,s-4.976241520,s160.167760550
183_23,s0.776354960,s-4.537129366,s103.879499531
183_24,s2.725407126,s-1.556686952,s104.282073166
183_25,s3.481749932,s-5.225259969,s60.469767360
183_26,s4.099383719,s-5.043099166,s194.088210151
183_27,s3.052648698,s-2.906658802,s277.027920956
183_28,s6.499578344,s-6.397542925,s97.686586199
183_29,s6.644357900,s-2.755107490,s357.315742595
183_30,s-6.462186752,s-2.003244512,s98.025026394
183_31,s-5.259251406,s-3.341721865,s154.361150785
183_32,s-4.318165789,s-5.359223222,s40.576564812
183_33,s-4.381760103,s-4.661333996,s283.985395282
183_34,s-2.251664805,s-3.876222867,s97.891424292
183_35,s-2.373434168,s-2.530638996,s139.984724209
183_36,s1.686367391,s-1.876261210,s146.118549140
183_37,s2.020133753,s-4.922163724,s136.984203539
183_38,s2.352756159,s-3.616135049,s66.470741180
183_39,s2.111809144,s-5.434109464,s205.991064718
183_40,s3.520141450,s-1.354475592,s115.641200731
183_41,s2.926843105,s-3.946670225,s265.191922981
183_42,s4.201442900,s-1.110159423,s359.743935282
183_43,s5.366878293,s-4.712096918,s246.534911053
183_44,s7.375959584,s-4.002646891,s136.411253704
183_45,s-4.804637766,s-1.676426419,s259.979451491
183_46,s-6.268806936,s-1.106097106,s173.484016627
183_47,s-3.723301775,s-2.473814183,s239.837954687
183_48,s-3.018174644,s-3.690503221,s277.969876889
183_49,s-0.446229786,s-2.444186658,s243.251614098
183_50,s-1.900324465,s-2.132557498,s75.759501976
183_51,s-2.565672086,s0.137232621,s180.364114212
183_52,s-1.123443949,s-2.040662538,s0.174503233
183_53,s0.806349142,s-1.727624424,s119.742653324
183_54,s1.338595284,s-3.849348361,s240.986482155
183_55,s2.208598345,s-3.138917038,s79.835315583
183_56,s4.632622869,s-2.847066825,s83.722866974
183_57,s4.132173907,s-3.944864991,s237.987849113
183_58,s7.332887365,s-1.813161800,s271.904360266
183_59,s7.613885340,s-3.199351707,s343.633976287
183_60,s-7.310103499,s-3.442916278,s292.382757891
183_61,s-7.160920856,s-0.809596072,s235.184477687
183_62,s-4.368395383,s-1.430472623,s145.005689402
183_63,s-3.083988261,s-3.781312332,s84.030597582
183_64,s-2.967747681,s-0.096201410,s99.173524752
183_65,s-2.896069293,s-1.466881261,s65.056508087
183_66,s-0.508062618,s-3.203252052,s348.144073617
183_67,s-0.751609729,s-1.179763539,s290.278339768
183_68,s1.323214157,s-1.499586209,s55.026973661
183_69,s1.811269028,s-0.667967875,s106.445417050
183_70,s4.211169856,s-1.731611665,s94.314943291
183_71,s4.822057458,s-0.427494197,s111.110264377
183_72,s5.634198730,s-2.492980477,s171.470975790
183_73,s7.609809989,s-2.982241778,s9.016912937
183_74,s6.037258398,s-0.094709791,s348.158547214
183_75,s-7.492093595,s0.544002235,s179.940657484
183_76,s-1.005094115,s0.339438818,s23.405166759
183_77,s-5.791578333,s-2.326740967,s13.490485119
183_78,s-2.205460890,s-2.525416340,s48.330056106
183_79,s-3.667408705,s-0.433612028,s103.055531648
183_80,s-1.130701890,s-0.370994633,s109.299628199
183_81,s-0.515431153,s-0.504174894,s0.196802806
183_82,s-0.190993438,s-1.476865317,s250.198597061
183_83,s0.328452151,s-1.174068296,s214.865789239
183_84,s3.915221583,s-1.474223357,s342.673352297
183_85,s2.485804808,s1.403766642,s39.298287478
183_86,s2.403999048,s0.770009240,s179.577092034
183_87,s3.095765466,s-0.501992207,s174.782234320
183_88,s7.101007693,s-0.103747204,s156.214561390
183_89,s7.025506255,s-1.454930274,s358.202132072
183_90,s-6.360433315,s0.584962066,s27.458919671
183_91,s-4.067361503,s-0.814119566,s353.252286664
183_92,s-3.618131320,s-2.049411905,s198.450027451
183_93,s-4.463730228,s2.052995844,s92.582363513
183_94,s-3.943968363,s1.149914936,s285.042201479
183_95,s-0.623144901,s1.503116077,s117.488234030
183_96,s-1.274502604,s-1.294922694,s176.105819613
183_97,s2.256680615,s2.537293897,s260.855591138
183_98,s-1.611024751,s0.893896541,s91.863596448
183_99,s0.648303661,s0.551187417,s201.968149083
183_100,s2.801814144,s-1.508508652,s331.964825875
183_101,s3.182487483,s0.329812298,s337.459840252
183_102,s5.817457758,s0.956383093,s196.114185853
183_103,s4.906384158,s-1.640285356,s31.532255074
183_104,s7.571362913,s0.218929122,s207.335990570
183_105,s-5.999263053,s1.539828086,s188.926563610
183_106,s-5.990949128,s0.869491933,s317.203960596
183_107,s-4.694595232,s1.738606387,s330.648165431
183_108,s-2.994446609,s2.239781298,s37.537099948
183_109,s-3.005395993,s1.438877013,s9.283818662
183_110,s-3.400969482,s0.131737207,s304.554754645
183_111,s-1.177951709,s2.090448455,s50.375810883
183_112,s-1.991465585,s1.372538514,s181.926367922
183_113,s2.517050059,s1.824485303,s206.324480639
183_114,s-0.725995379,s-0.285617062,s134.635134042
183_115,s1.987739842,s3.951407437,s142.826089781
183_116,s2.623166385,s3.422500726,s172.934847720
183_117,s4.155563639,s2.485055188,s194.469519000
183_118,s6.629159423,s0.877677872,s139.795961379
183_119,s7.092036463,s1.809753874,s166.019798622
183_120,s-7.170671695,s2.402124075,s14.926066495
183_121,s-4.381776041,s-0.849927654,s286.438614502
183_122,s-3.665133570,s1.783752382,s168.424465660
183_123,s-1.847132349,s2.551161084,s87.846376058
183_124,s-1.368917256,s2.695108865,s334.152206976
183_125,s-1.910169104,s3.181334920,s226.194002291
183_126,s0.290928826,s0.332707127,s265.298563237
183_127,s1.098296734,s1.737126015,s73.519260747
183_128,s1.199113234,s-1.283119387,s124.616428853
183_129,s2.502152379,s2.817634027,s258.787000402
183_130,s2.372060397,s-0.416411461,s245.289475846
183_131,s4.419784179,s-0.057345250,s141.152086381
183_132,s5.305373411,s3.177644258,s351.520884248
183_133,s4.455569760,s1.318725200,s161.470789034
183_134,s6.377823444,s3.130159469,s12.937628360
183_135,s-6.433715326,s3.599969324,s61.296819357
183_136,s-7.175642598,s4.515945459,s342.689332373
183_137,s-6.381609443,s2.432611576,s101.935288252
183_138,s-3.005126414,s4.449711276,s178.928668535
183_139,s-0.686214790,s2.751147158,s181.651804168
183_140,s-0.636642096,s6.962299686,s173.121308647
183_141,s-0.309044234,s4.060493212,s80.521080317
183_142,s1.046288966,s5.996351457,s113.919897179
183_143,s1.321012392,s3.075087511,s78.507767881
183_144,s0.612393132,s2.537045750,s2.442198216
183_145,s2.419721517,s4.228081618,s68.995858889
183_146,s4.048930546,s3.670593791,s208.495261717
183_147,s5.000426386,s5.567568068,s69.243907616
183_148,s6.132028681,s1.939278776,s196.272860259
183_149,s7.241553907,s6.051459471,s111.417761602
183_150,s-7.558978277,s2.038347959,s331.249366025
183_151,s-3.351953409,s2.837366033,s61.988359028
183_152,s-2.574196273,s6.240936609,s342.609424053
183_153,s-2.414386817,s3.401714975,s288.844315087
183_154,s-1.363383898,s3.941487174,s355.425048501
183_155,s-2.024433494,s6.870124221,s134.633258489
183_156,s-0.794469119,s5.104465213,s269.679117594
183_157,s0.588712977,s3.354966735,s317.613467396
183_158,s2.230450416,s0.256054624,s224.002989616
183_159,s1.765576906,s5.172322472,s338.212675445
183_160,s3.142957754,s4.064358331,s16.988476890
183_161,s3.104390577,s1.282706452,s234.998071062
183_162,s5.286416012,s4.316066797,s275.980103357
183_163,s4.392218402,s7.008843026,s320.057775028
183_164,s5.770495555,s4.013464621,s275.908705096
183_165,s-6.080103717,s6.077171358,s290.177076976
183_166,s-6.540308601,s5.312315414,s175.525223119
183_167,s-4.289015172,s4.921473826,s13.554041480
183_168,s-2.634737265,s7.171803914,s73.088574658
183_169,s-2.178290923,s7.619669438,s73.903839823
183_170,s-0.095807592,s5.690099493,s329.601293456
183_171,s-1.343883032,s7.685902835,s209.494515662
183_172,s2.289552836,s5.508130335,s280.128999179
183_173,s0.763474942,s7.589070666,s306.934414791
183_174,s2.151132800,s6.214356358,s279.633966025
183_175,s2.846816057,s5.032025103,s182.022207603
183_176,s2.839282299,s7.377424901,s228.959724546
183_177,s6.457357613,s6.942638746,s63.123689510
183_178,s6.988276217,s4.583114041,s199.860592328
183_179,s7.276751829,s7.523852695,s16.610632999
183_180,s-7.464811099,s7.685902835,s135.081678256
183_181,s-5.091499102,s6.830728344,s355.258923733
183_182,s-3.519290580,s3.711408434,s145.051102220
184_0,s-7.171295838,s-3.812222395,s184.259901868
184_1,s-4.732711464,s-5.677282677,s296.456336299
184_2,s-3.836876398,s-7.309233714,s52.647458898
184_3,s-3.707745501,s-5.773047947,s111.820577510
184_4,s-3.691566928,s-6.198932702,s337.624497816
184_5,s-1.273910919,s-7.772293307,s254.722112505
184_6,s-0.785641273,s-5.524524608,s210.343337280
184_7,s0.825633937,s-6.256089359,s301.725757644
184_8,s1.377490418,s-6.098935381,s255.958645896
184_9,s3.046908373,s-7.228074551,s243.631964325
184_10,s2.646061435,s-5.720391053,s161.724953815
184_11,s2.886536293,s-6.849448669,s189.050845624
184_12,s4.776650417,s-6.524170990,s73.129973085
184_13,s5.094551618,s-5.990831688,s85.069906377
184_14,s7.081249002,s-6.980130790,s167.622229270
184_15,s-7.563729368,s-5.862287289,s349.134214090
184_16,s-4.577167225,s-2.661231071,s147.402268976
184_17,s-6.513124668,s-4.165826678,s211.848612945
184_18,s-2.237460738,s-3.871823253,s343.872475551
184_19,s-1.676685661,s-4.354355495,s307.421025664
184_20,s1.135461722,s-3.379174226,s318.953068414
184_21,s-1.895135080,s-5.531794623,s245.677623934
184_22,s0.891976562,s-2.703477840,s7.418703341
184_23,s0.541851058,s-4.606673726,s35.156885960
184_24,s2.602414497,s-4.302065527,s162.529397320
184_25,s2.737227975,s-1.713020416,s83.068978255
184_26,s2.232960365,s-3.666044321,s209.907801465
184_27,s4.857066344,s-5.189139494,s150.766496650
184_28,s6.838496229,s-4.831950837,s12.828624007
184_29,s7.808027795,s-2.657839800,s139.175602674
184_30,s-6.015595105,s-5.471639900,s88.875563142
184_31,s-7.658482219,s-2.861185672,s120.033768247
184_32,s-3.788296867,s-4.184612223,s108.952534947
184_33,s-5.911133155,s-3.237198854,s212.141205345
184_34,s-1.472920369,s-3.419423716,s238.949072723
184_35,s-2.158298027,s-6.443034846,s161.129639184
184_36,s-1.400989611,s-1.584899031,s206.101086915
184_37,s-0.171032463,s-4.854528970,s38.086096556
184_38,s-1.189787955,s-1.024645481,s200.396904600
184_39,s0.733866235,s-5.627601002,s335.873833076
184_40,s4.701287311,s-4.437462258,s142.546572014
184_41,s2.982194759,s-1.259863548,s185.479596754
184_42,s2.993829132,s-5.871872128,s277.249328563
184_43,s4.869714283,s-3.498897782,s131.607645596
184_44,s6.188104340,s-4.517376511,s226.892868595
184_45,s-6.189057539,s-1.049770259,s57.526657380
184_46,s-3.394847526,s-3.102046348,s243.189123816
184_47,s-2.389601118,s-4.728151375,s153.979192472
184_48,s-4.083723843,s-2.083933082,s279.456361376
184_49,s-3.427247350,s-1.175957505,s57.540326814
184_50,s-2.735836886,s-3.014501184,s71.608831946
184_51,s1.545034480,s-2.296644221,s175.950379205
184_52,s0.824218213,s0.415419336,s173.589596994
184_53,s2.250799911,s-0.186767935,s178.559699958
184_54,s1.711975048,s-4.375078568,s244.916743255
184_55,s2.234180160,s-2.676853243,s35.917514194
184_56,s3.455228828,s-4.248708070,s98.090635784
184_57,s3.406396582,s-3.058251324,s208.350206217
184_58,s6.205771540,s-3.110342190,s288.906261202
184_59,s7.682783891,s-3.745225755,s269.756182664
184_60,s-4.993283345,s-1.097037365,s193.022436908
184_61,s-6.016075481,s-2.579073548,s281.885638602
184_62,s-4.594007659,s-1.556158205,s42.844719117
184_63,s-4.195054573,s0.606713384,s111.035241627
184_64,s-3.984917340,s-3.818291068,s345.952530359
184_65,s0.535275458,s-0.420613610,s247.366866266
184_66,s-0.676542135,s-3.728060152,s322.552506996
184_67,s-2.432958616,s-1.318185512,s179.486222855
184_68,s2.166707474,s-3.314053067,s296.006239700
184_69,s0.095266655,s-2.153646817,s190.322316078
184_70,s3.993406885,s-0.733743027,s139.116527451
184_71,s4.608059938,s-1.429183267,s286.924469571
184_72,s3.970682424,s-0.667016720,s142.462934809
184_73,s5.755356642,s-1.979302102,s196.062562571
184_74,s6.673182982,s-2.051897821,s351.824647210
184_75,s-5.105631335,s0.275850754,s313.406729411
184_76,s-4.175600649,s-0.213897695,s233.212465135
184_77,s-3.169472229,s-0.376200146,s201.967579711
184_78,s-2.126657742,s-0.351395336,s136.249571935
184_79,s-0.832669352,s1.490837395,s21.754978323
184_80,s-1.515784914,s2.252983776,s287.145276237
184_81,s0.851498325,s-1.474316471,s37.716721302
184_82,s1.330042029,s0.501702259,s177.771626008
184_83,s-0.349332831,s-0.180357138,s352.502752532
184_84,s1.925488253,s-2.092004775,s64.204650620
184_85,s2.051042135,s-1.117572255,s87.458039886
184_86,s4.987091309,s1.392910317,s287.260652409
184_87,s4.151882217,s0.067339790,s81.364288208
184_88,s6.416838820,s-1.693911419,s205.689829293
184_89,s7.573425958,s1.737964758,s312.159671921
184_90,s-6.191502547,s-0.650814433,s334.301132153
184_91,s-7.129787661,s0.737855387,s186.883651067
184_92,s-4.537875655,s0.649625678,s28.960325152
184_93,s-3.317105593,s0.243056230,s322.870076860
184_94,s0.647884213,s1.344330844,s284.895074482
184_95,s-0.672141862,s-4.255722498,s61.550956999
184_96,s-0.866191205,s-1.157814975,s60.242226673
184_97,s-0.232872283,s0.894579941,s341.912303512
184_98,s1.131931820,s3.737011376,s46.412802045
184_99,s3.322286753,s0.572617844,s30.618059744
184_100,s1.801776852,s0.764511687,s254.568626964
184_101,s2.501296288,s-1.275387950,s323.254760809
184_102,s5.133370793,s2.430873933,s233.263275088
184_103,s5.929526249,s-0.146287685,s319.320648772
184_104,s4.893689733,s-1.023286105,s213.520300918
184_105,s-7.084386529,s1.495536200,s109.512199667
184_106,s-1.947952429,s0.131938333,s138.920324402
184_107,s-1.607013515,s0.954661735,s260.925443115
184_108,s-5.388181561,s3.288577072,s344.108035610
184_109,s-2.861317443,s2.530455487,s208.162377643
184_110,s-0.195231913,s2.023435164,s252.787527879
184_111,s0.923619276,s4.613404463,s268.298826468
184_112,s-0.028726840,s2.048853407,s249.113521982
184_113,s2.517828820,s2.307619710,s239.673104750
184_114,s3.661057959,s-0.231349188,s131.677950970
184_115,s1.510243454,s-0.472608702,s7.080944679
184_116,s3.882587227,s2.581597818,s155.860709691
184_117,s6.376648176,s2.950900135,s171.034210927
184_118,s6.362434705,s0.939094852,s216.906737937
184_119,s8.021665100,s2.199708415,s78.824386225
184_120,s-7.388017561,s3.145338320,s144.176355578
184_121,s-6.006470838,s2.019858458,s331.586813183
184_122,s-4.728733770,s1.088804957,s120.695445449
184_123,s-1.784593701,s2.461633772,s72.359833056
184_124,s-1.538363858,s-0.770577550,s264.446251710
184_125,s-0.493438173,s0.033274052,s40.675479850
184_126,s-1.283884240,s3.349813392,s23.208601767
184_127,s-0.940798647,s2.834507507,s78.173210023
184_128,s2.549919432,s1.080124500,s318.775071617
184_129,s1.503623335,s2.533338491,s141.157318112
184_130,s3.109804595,s1.693427797,s163.769044235
184_131,s2.627306718,s3.517028242,s158.202740848
184_132,s3.740480379,s3.364251328,s66.527621580
184_133,s3.126558845,s2.254154663,s125.721575746
184_134,s5.894669158,s1.667996331,s160.864454179
184_135,s-6.249208427,s3.869874739,s59.617600090
184_136,s-2.974405967,s3.166308340,s162.733055326
184_137,s-3.172838228,s3.534607599,s67.715004244
184_138,s-2.076258013,s5.799635050,s161.316427787
184_139,s-0.213984022,s5.802009094,s246.909654015
184_140,s-0.527626438,s3.157828382,s293.373548292
184_141,s-0.574266799,s4.396452422,s343.833995566
184_142,s0.283799045,s5.149089764,s144.108555783
184_143,s1.873300578,s1.498236508,s67.700123371
184_144,s0.201264130,s4.015472044,s347.876371519
184_145,s3.696053635,s4.215447738,s208.188388078
184_146,s5.231904657,s6.099414479,s202.888332682
184_147,s3.834810994,s4.838248091,s149.069571309
184_148,s7.145742008,s2.373675449,s343.830333708
184_149,s7.766172375,s3.560104378,s260.250281056
184_150,s-6.480453571,s5.911724543,s353.092018077
184_151,s-6.172066536,s3.074889213,s1.046594447
184_152,s-4.620227526,s3.990178602,s228.334196423
184_153,s-3.573285817,s5.290434185,s59.284255514
184_154,s-2.395859880,s3.384626622,s54.619891511
184_155,s-4.588942745,s1.165710821,s233.570995008
184_156,s-2.559340966,s5.119343039,s6.877428838
184_157,s0.124126565,s5.790437050,s325.154526419
184_158,s0.406037701,s3.201352376,s95.185592542
184_159,s0.147987273,s7.014045915,s95.453640480
184_160,s2.278967078,s3.847858278,s273.527274755
184_161,s1.266608185,s5.261238415,s26.139251158
184_162,s4.614945082,s2.126873779,s253.203113428
184_163,s5.760628216,s3.896053427,s303.887488256
184_164,s5.312308207,s2.982470163,s107.892430952
184_165,s-7.378245189,s4.906993996,s8.731987986
184_166,s-4.981333633,s4.587446164,s340.389494739
184_167,s-5.612972971,s7.423365742,s307.440923336
184_168,s-0.818711928,s7.897697744,s165.945762943
184_169,s-2.774231377,s6.762517510,s220.812657634
184_170,s-0.783544979,s7.055553609,s201.531038897
184_171,s-1.588783015,s5.586395771,s119.724559088
184_172,s0.940061035,s7.568995249,s190.234364648
184_173,s1.573844045,s4.252634529,s22.941728691
184_174,s3.046861645,s4.958866476,s45.339837286
184_175,s2.972905047,s6.757419737,s43.692721117
184_176,s4.509429858,s6.247499505,s96.280765023
184_177,s5.212864123,s7.163510889,s295.110316091
184_178,s6.193387053,s4.357873490,s60.774589141
184_179,s6.581201872,s5.667436310,s350.813497287
184_180,s-7.767032427,s7.378266040,s100.106974898
184_181,s-6.610327234,s6.936880287,s96.938094262
184_182,s-2.931452536,s5.592317629,s317.552319584
184_183,s-3.600811659,s7.436896907,s248.236081185
185_0,s-8.201086290,s-3.039259794,s184.583877109
185_1,s-4.842390477,s-7.568185519,s160.224851018
185_2,s-5.591417816,s-6.880703898,s268.660414276
185_3,s-4.249590594,s-5.729329410,s253.300092807
185_4,s-1.622052695,s-7.046725898,s42.530488426
185_5,s-3.155105032,s-7.838948176,s0.587911686
185_6,s-1.392534152,s-6.982365185,s109.598529375
185_7,s-0.873450159,s-6.037470512,s103.154883039
185_8,s0.779879927,s-8.029148701,s207.922129907
185_9,s2.094151115,s-8.042777237,s43.172827869
185_10,s2.892343922,s-8.025934934,s56.563987382
185_11,s4.507464410,s-4.926660237,s76.905993651
185_12,s4.645013998,s-6.690530167,s167.117768144
185_13,s5.637351455,s-8.171386507,s121.520307781
185_14,s7.461783425,s-6.633734105,s6.068516321
185_15,s-6.089556178,s-7.083659749,s212.521709712
185_16,s-5.842851621,s-5.918886836,s287.591364397
185_17,s-3.225981419,s-4.906914889,s70.453471519
185_18,s-3.678643694,s-6.794558307,s99.865738241
185_19,s-2.441058497,s-5.942278579,s40.621460445
185_20,s-2.121931391,s-5.596327650,s301.460297864
185_21,s-0.640018382,s-3.331580772,s212.164690472
185_22,s-0.311779176,s-3.320407181,s257.290693865
185_23,s1.543749892,s-7.315064663,s285.250252582
185_24,s2.956825023,s-6.569341382,s200.009432883
185_25,s2.904505627,s-7.276916861,s305.279184598
185_26,s5.851278583,s-4.672230746,s161.570337526
185_27,s6.177201213,s-7.147516091,s253.800648808
185_28,s5.042544582,s-4.139346033,s45.878138678
185_29,s5.778993032,s-5.174416248,s211.032267082
185_30,s-8.288192504,s-3.960718415,s78.640278635
185_31,s-7.350971845,s-4.266280997,s12.776991970
185_32,s-7.278174905,s-5.396550333,s274.193804784
185_33,s-4.391227305,s-2.741100884,s338.554303719
185_34,s-3.957002100,s-3.670356999,s129.731157890
185_35,s-1.024469775,s-3.089479305,s58.330019478
185_36,s-2.844190222,s-3.970934657,s263.026126285
185_37,s0.663237988,s-2.136862188,s211.208754247
185_38,s0.736682696,s-4.585256117,s202.523476368
185_39,s4.395139255,s-5.665842430,s305.770561700
185_40,s1.422903048,s-3.935215409,s193.390367573
185_41,s3.603895326,s-3.246255959,s274.366281790
185_42,s3.668546614,s-2.231246422,s314.300068926
185_43,s3.388916441,s-4.201417632,s249.927048665
185_44,s8.030570989,s-4.129742079,s156.644112389
185_45,s-6.183939840,s-2.361602111,s174.362336369
185_46,s-4.186211598,s-1.187317001,s46.191678672
185_47,s-4.566461837,s-4.805394127,s35.735523202
185_48,s-1.976719891,s-1.190755288,s319.933793792
185_49,s-3.107071868,s-5.487765730,s62.270409607
185_50,s0.749360994,s-3.386858416,s319.848936821
185_51,s0.038055440,s-5.579839373,s30.770926929
185_52,s2.588425365,s-1.109746951,s218.228787349
185_53,s2.305236221,s-6.362671495,s251.997571229
185_54,s2.126646053,s-3.396351178,s283.007746877
185_55,s2.957287061,s-4.454545091,s323.203290812
185_56,s3.615280134,s-0.386991784,s244.921154878
185_57,s4.774927107,s-2.747391807,s162.188940807
185_58,s6.628822535,s-3.186849503,s55.975699949
185_59,s8.352621424,s-2.351412852,s152.794606413
185_60,s-8.416495813,s-1.930565520,s201.023001066
185_61,s-5.397360971,s-2.492301646,s120.523461431
185_62,s-4.290105375,s0.062055945,s212.562980342
185_63,s-3.370516786,s-3.508518479,s271.697329081
185_64,s-2.686104966,s-2.959348086,s82.323227313
185_65,s-0.412132275,s-0.307110306,s345.587649821
185_66,s-1.352928369,s-2.677273656,s83.823613595
185_67,s2.008414013,s-2.991208427,s211.693310860
185_68,s0.214407027,s-1.638343299,s170.075299865
185_69,s0.831798874,s-2.367860369,s240.038569005
185_70,s3.460947132,s-1.204438938,s220.168759704
185_71,s2.912981505,s-2.846989418,s183.700026926
185_72,s5.616504693,s-1.736674111,s298.372419723
185_73,s8.494474256,s-1.358017733,s84.766889869
185_74,s4.933499882,s-2.455091623,s160.864185576
185_75,s-7.468741594,s-2.234393001,s227.625905571
185_76,s-6.263913175,s-0.135341282,s242.214651381
185_77,s-2.803990404,s-2.401805381,s257.361356267
185_78,s-3.604001421,s-0.069784172,s43.341539892
185_79,s-1.435425538,s-1.065533162,s208.340450438
185_80,s0.640547543,s0.732662962,s29.614534161
185_81,s-0.849286915,s-2.135161857,s335.847937419
185_82,s-0.002838218,s-0.462811162,s154.670181722
185_83,s1.466909090,s0.086099081,s269.501228389
185_84,s4.354566238,s-0.250512968,s219.013506712
185_85,s4.869021696,s-1.595568509,s283.288780565
185_86,s4.920362420,s1.262179848,s168.111298098
185_87,s5.142727179,s-4.277263709,s348.753571096
185_88,s4.413549893,s-0.186467270,s357.730332320
185_89,s6.946406523,s-0.699276397,s227.864013792
185_90,s-8.194247762,s1.439304363,s65.939656615
185_91,s-7.799778981,s0.387673925,s196.020007841
185_92,s-3.651110984,s0.603518313,s286.908546253
185_93,s-3.710200445,s-1.736303908,s297.474324480
185_94,s-2.002326931,s0.514023885,s218.983451652
185_95,s-2.758299203,s-1.409865756,s356.803129024
185_96,s-0.320616179,s4.013011297,s179.314789779
185_97,s1.978546878,s1.166386733,s96.576492002
185_98,s0.685121083,s-0.811401146,s64.583864089
185_99,s2.487680396,s0.822530391,s36.557049591
185_100,s0.698586185,s0.275681024,s224.900666170
185_101,s2.763058737,s0.274803807,s117.259498207
185_102,s4.324678424,s0.153202651,s317.483972076
185_103,s6.119805808,s0.737801269,s342.475959079
185_104,s8.737752541,s0.013638300,s204.737388740
185_105,s-6.550764970,s1.127412040,s170.384307248
185_106,s-3.784554434,s-0.087336106,s166.664614019
185_107,s-2.618460577,s2.070609916,s35.766857055
185_108,s-1.313865103,s0.219345320,s195.634002170
185_109,s-3.545358755,s2.025141672,s51.817328229
185_110,s-1.600637531,s-0.578150586,s99.435844775
185_111,s-0.917426012,s0.942610739,s36.816123570
185_112,s1.106534690,s2.105000882,s47.420578062
185_113,s-0.047574392,s0.862580317,s114.658417646
185_114,s3.313981831,s2.002494693,s303.215263622
185_115,s3.677672941,s0.739008620,s239.607375168
185_116,s6.038736234,s1.622875508,s41.037251085
185_117,s5.144707276,s2.682413674,s268.934172291
185_118,s5.801550384,s-1.398503134,s132.181213367
185_119,s7.758549856,s1.906978581,s214.289269365
185_120,s-6.760519193,s5.819296465,s181.376699899
185_121,s-6.853756313,s2.152890375,s45.566672420
185_122,s-4.702252487,s1.048055999,s27.215223399
185_123,s-4.276158378,s3.174030137,s263.518095502
185_124,s-5.596501582,s2.861398156,s119.977072506
185_125,s-0.275938395,s1.798315042,s82.054445124
185_126,s-1.052030729,s1.675487740,s153.940076394
185_127,s-0.351267414,s2.310413990,s110.281396837
185_128,s2.186919293,s1.806645725,s55.334307871
185_129,s3.387945404,s2.977019096,s331.070327884
185_130,s4.168576322,s2.197470147,s340.674189765
185_131,s4.879463989,s3.613292423,s40.816051974
185_132,s6.204845090,s2.543907553,s348.015796909
185_133,s7.249286305,s1.805954961,s297.851639862
185_134,s8.503170308,s3.319648885,s102.825170291
185_135,s-7.042190910,s3.566838630,s106.522629072
185_136,s-4.200878862,s5.156643627,s300.692576513
185_137,s-2.897829492,s2.900446086,s158.040748086
185_138,s-1.257491032,s2.220416341,s43.139911113
185_139,s-2.450156650,s2.395148794,s108.031039828
185_140,s-1.762308719,s4.445313624,s218.613905036
185_141,s-1.652145762,s4.967889389,s226.778835214
185_142,s-0.488378123,s4.137629072,s350.364502252
185_143,s1.699783873,s2.587657925,s313.051327994
185_144,s1.540072569,s4.619272008,s83.999525637
185_145,s0.783213537,s3.777624496,s290.120355746
185_146,s4.892059914,s2.086946397,s71.594695363
185_147,s4.185344937,s4.788147473,s64.825459118
185_148,s6.529940833,s3.426571064,s209.233948183
185_149,s7.916434311,s3.487260607,s76.771812113
185_150,s-8.356329718,s3.628457101,s267.229316753
185_151,s-7.532601737,s6.464195188,s56.256247850
185_152,s-6.406779054,s3.019272976,s112.301567885
185_153,s-2.993132519,s6.230708680,s337.615784198
185_154,s-5.239487312,s3.812649464,s171.556961779
185_155,s-0.605996996,s5.729760907,s304.958231929
185_156,s-3.201977017,s4.514661597,s258.970057697
185_157,s0.091222169,s5.068939846,s175.637389230
185_158,s0.016163251,s3.423863073,s328.433849928
185_159,s3.601661804,s4.044094302,s115.179729409
185_160,s4.188751387,s5.656913897,s137.649641817
185_161,s2.430563511,s3.679015369,s294.230817883
185_162,s4.842363253,s6.740367278,s167.433921738
185_163,s5.144852197,s4.607872577,s155.007893459
185_164,s6.725316447,s4.793360057,s112.428519438
185_165,s-4.701518746,s5.094812124,s194.364501210
185_166,s-3.647605708,s5.154664684,s162.418266772
185_167,s-5.349643403,s3.925065906,s108.205980462
185_168,s-4.331128412,s6.825255327,s259.854137865
185_169,s-3.473005626,s4.531634483,s249.713603777
185_170,s-1.893830747,s5.346364675,s327.611132744
185_171,s-0.860899793,s6.874692508,s221.165215515
185_172,s-0.601191906,s6.252994048,s214.635934960
185_173,s0.995825126,s4.833560112,s175.954160333
185_174,s0.707402115,s5.887885679,s260.480575170
185_175,s2.998310791,s5.471354262,s272.048672679
185_176,s3.727676077,s6.276217113,s324.323517079
185_177,s5.733516733,s5.529593684,s243.493380507
185_178,s6.082529297,s7.913241788,s183.429563317
185_179,s7.768272086,s5.797685017,s41.692902876
185_180,s-7.326906977,s8.436471044,s238.853140318
185_181,s-5.178940835,s6.261264338,s30.517132648
185_182,s-5.088068260,s7.191009448,s296.805976627
185_183,s-3.307911553,s7.958014139,s133.988352085
185_184,s-2.303198168,s6.182121056,s304.782602209
186_0,s-5.989332119,s-7.599354323,s152.063716116
186_1,s-3.920121579,s-5.001926176,s257.757335118
186_2,s-5.311235953,s-7.179197118,s82.610477053
186_3,s-3.871154178,s-8.050853025,s347.197956058
186_4,s-3.482801213,s-6.235972626,s9.344745092
186_5,s-2.383382964,s-6.540719149,s123.946389935
186_6,s0.240769136,s-7.740213873,s70.760722605
186_7,s-0.611913311,s-6.061935734,s53.665553704
186_8,s-1.357160577,s-5.229728972,s28.645501570
186_9,s0.068896514,s-7.661056250,s135.306860516
186_10,s1.561886115,s-6.016695852,s331.780913980
186_11,s3.566496119,s-7.053492283,s355.909906315
186_12,s5.070923048,s-6.686547526,s125.022914673
186_13,s5.685653329,s-5.607297335,s139.575524000
186_14,s5.351724139,s-7.362573011,s6.387816838
186_15,s-7.019374651,s-5.901892131,s190.488269815
186_16,s-6.140785428,s-5.423744324,s143.892978506
186_17,s-4.114116889,s-7.178633005,s172.213084254
186_18,s-2.544367055,s-4.567591553,s211.142127282
186_19,s-1.660687336,s-6.804594237,s187.913769629
186_20,s-2.460790946,s-7.019220247,s158.005784944
186_21,s-2.058910688,s-3.838443990,s286.789333034
186_22,s-0.700524347,s-2.914045785,s321.024804559
186_23,s0.837178607,s-7.138089692,s317.759130506
186_24,s1.156984791,s-5.318345082,s169.455252096
186_25,s1.713486011,s-3.797187478,s119.049712296
186_26,s2.392786810,s-5.257492439,s358.453133427
186_27,s4.717655721,s-5.230539299,s210.243107160
186_28,s5.931861444,s-5.130227858,s251.942038760
186_29,s7.630712436,s-5.509927037,s44.981675601
186_30,s-7.399078091,s-3.537224692,s112.419875483
186_31,s-7.641244015,s0.211371346,s26.039919148
186_32,s-1.515051097,s-4.414645955,s323.657852821
186_33,s-3.456275648,s-2.714064667,s8.324860795
186_34,s-4.055642743,s-2.471850290,s88.036431738
186_35,s-3.281756809,s-5.831476077,s260.047301462
186_36,s-1.757723644,s-3.420006839,s290.720806292
186_37,s-0.213814889,s-4.059198779,s135.499652227
186_38,s0.629760252,s-1.568032234,s347.356371206
186_39,s0.495835944,s-6.042949998,s13.893900246
186_40,s0.257380401,s-3.336389650,s188.217344097
186_41,s3.748719556,s-6.656909211,s52.068623961
186_42,s4.362889380,s-3.825162998,s352.649938279
186_43,s6.186543734,s-1.550751527,s241.918295258
186_44,s5.494447348,s-3.930379109,s176.005016922
186_45,s-4.696703751,s-3.497238553,s51.936261981
186_46,s-6.368409444,s-3.808958653,s46.650390681
186_47,s-4.432592500,s-4.475099441,s279.106708353
186_48,s-1.761946405,s-2.419285057,s294.683942295
186_49,s-3.341212372,s-2.595447467,s69.834902438
186_50,s-0.772997152,s-2.580608960,s276.974055489
186_51,s0.249347545,s-0.397555361,s147.945762916
186_52,s1.623465660,s-5.041695650,s34.694304274
186_53,s1.617341799,s-3.210304462,s179.951799332
186_54,s3.134309563,s-4.226945033,s338.133097402
186_55,s4.872638557,s-2.985426380,s141.293831123
186_56,s0.732659915,s-4.423977320,s147.988096436
186_57,s5.238594986,s-5.493831615,s50.363872583
186_58,s7.260921037,s-4.332622296,s276.874272544
186_59,s7.616813941,s-3.001538858,s242.427399450
186_60,s-7.896407321,s-0.943042609,s225.506776912
186_61,s-6.648716423,s-2.248644172,s47.476866159
186_62,s-5.562855182,s-2.040993331,s130.150615796
186_63,s-2.697086004,s-1.585363576,s186.657258958
186_64,s-3.173213898,s1.213979917,s184.785289337
186_65,s-1.181035139,s-2.170915413,s99.596490602
186_66,s-2.261828507,s-1.883615525,s337.164328808
186_67,s1.791107672,s-1.056738701,s176.348820545
186_68,s-0.600822104,s-2.088007489,s59.295649418
186_69,s3.348057360,s-0.211405769,s65.501116610
186_70,s2.321324864,s-2.923768000,s51.630445748
186_71,s2.247858911,s-1.857979865,s317.347038927
186_72,s5.568600572,s-1.317904320,s268.336516245
186_73,s4.866902450,s0.709858546,s167.120156714
186_74,s6.239011295,s-0.643674729,s326.399414221
186_75,s-6.282823420,s-0.458733795,s319.671024888
186_76,s-4.454807730,s-0.636680492,s38.013907311
186_77,s-4.458176959,s-3.284034908,s28.336980471
186_78,s-3.850594319,s-0.691040494,s287.938991226
186_79,s-3.079650209,s-1.943660672,s355.066232809
186_80,s-1.245031378,s-1.132307214,s105.098773043
186_81,s-1.239763422,s0.655040632,s34.626420556
186_82,s-0.335692501,s-1.363068021,s198.864658236
186_83,s0.379493060,s-0.838903808,s175.328627922
186_84,s0.609366525,s-2.507053614,s326.752975007
186_85,s4.871977137,s-2.104581249,s211.651868189
186_86,s2.513020736,s1.558769669,s221.630430565
186_87,s2.895261521,s-3.379180098,s153.310198848
186_88,s6.629481263,s-0.090228137,s310.054280295
186_89,s6.932955359,s-1.351729329,s163.869754719
186_90,s-5.979632784,s0.479372283,s318.491132298
186_91,s-6.043664396,s2.877873174,s134.820870483
186_92,s-4.326640044,s0.125816402,s216.960220960
186_93,s-6.369691018,s0.925934252,s156.589611795
186_94,s-4.341418106,s0.665796548,s10.750186914
186_95,s-1.862845558,s-0.622097994,s170.267478089
186_96,s-0.817680799,s1.384665479,s27.081120949
186_97,s-0.682538377,s2.721784387,s187.550412158
186_98,s0.220365710,s-0.111484552,s70.527730606
186_99,s1.324008008,s-0.078634790,s269.677572546
186_100,s4.511827173,s3.509869220,s193.189751338
186_101,s4.324017740,s2.349191252,s9.762665886
186_102,s3.126796046,s-1.333340796,s162.230443889
186_103,s4.557832971,s2.721864673,s181.616267050
186_104,s7.394400263,s-0.261598273,s219.837799025
186_105,s-7.976128314,s-0.566269508,s1.808549892
186_106,s-5.508738166,s-0.854632509,s146.293528632
186_107,s-5.710860582,s1.557760827,s284.566939892
186_108,s-2.930117227,s2.316298885,s330.957590580
186_109,s-2.983431751,s-1.025947411,s79.802453474
186_110,s0.052318494,s0.701951223,s208.477653739
186_111,s-0.297706436,s-1.195757455,s29.453184939
186_112,s2.483873617,s-1.107893183,s224.843807611
186_113,s0.789869165,s0.035972346,s224.785124668
186_114,s3.530672292,s-0.080308730,s52.453391791
186_115,s0.607265759,s1.547448615,s214.247426649
186_116,s4.590868890,s-1.166932023,s100.774429851
186_117,s4.048419695,s0.546665273,s284.148580384
186_118,s5.260499695,s-0.307740913,s185.946286254
186_119,s6.791524893,s0.510144775,s232.161165021
186_120,s-7.323240558,s3.479443764,s16.630100201
186_121,s-7.152750247,s1.235336730,s134.290734509
186_122,s-4.375540739,s1.643396407,s49.321765187
186_123,s-2.190310450,s0.731646090,s88.253556702
186_124,s-1.818069591,s2.832939512,s68.729492743
186_125,s-3.292091836,s3.496163202,s300.103751168
186_126,s-1.972951652,s0.372472453,s106.349118524
186_127,s0.891283738,s1.289468184,s320.325946904
186_128,s3.278422328,s1.401418333,s75.714616765
186_129,s-2.707064656,s2.311891689,s170.435926117
186_130,s3.756854106,s1.734643733,s324.812330573
186_131,s4.212341211,s4.244737096,s150.609119309
186_132,s1.465766547,s3.058406781,s294.025922348
186_133,s5.847195794,s0.390649674,s11.170438241
186_134,s6.338855052,s1.967622655,s142.958575809
186_135,s-7.265207392,s2.209734523,s274.984004052
186_136,s-4.850950285,s2.634742178,s74.780660696
186_137,s-3.897060951,s1.595856170,s164.028649989
186_138,s-3.731521826,s3.032149636,s257.767770613
186_139,s-1.801249247,s4.859080368,s263.101774281
186_140,s-0.587073481,s3.037318074,s116.948225063
186_141,s1.403949547,s2.657691969,s303.264697242
186_142,s-2.871837531,s1.583323838,s66.183554726
186_143,s0.447892843,s3.758901991,s111.280625989
186_144,s2.311953742,s2.033186302,s255.492310269
186_145,s1.429094033,s4.876139937,s38.634703864
186_146,s5.815635559,s3.601221642,s165.842507370
186_147,s5.287626171,s1.615772113,s359.212828114
186_148,s5.031705774,s4.777751445,s238.414864031
186_149,s7.463595759,s2.730890776,s167.863583841
186_150,s-7.990965171,s3.671765720,s297.651628740
186_151,s-5.740089819,s3.419401781,s125.905485880
186_152,s-5.539510727,s5.278774521,s257.579940209
186_153,s-4.093512029,s2.006573108,s236.264701340
186_154,s-6.042261499,s4.348764737,s317.556213470
186_155,s-2.703234414,s3.792377149,s255.720896808
186_156,s-1.655418182,s6.792220940,s82.764119979
186_157,s-0.188909102,s3.705977593,s239.439966041
186_158,s1.742267406,s1.912269790,s101.395240248
186_159,s1.849246666,s4.966191177,s344.836352800
186_160,s2.702548508,s3.924020328,s357.985118404
186_161,s0.624200952,s6.612395351,s330.624630327
186_162,s3.655702666,s3.721561441,s178.701353869
186_163,s7.713503321,s3.514428714,s180.976844475
186_164,s7.657926630,s5.042844365,s347.194602764
186_165,s-6.967699152,s4.435115981,s85.187192820
186_166,s-6.320924818,s4.355479420,s259.343687770
186_167,s-4.199394053,s5.089845686,s151.847240448
186_168,s-1.853817547,s5.780055794,s329.227092514
186_169,s0.524256444,s3.105853738,s221.479911378
186_170,s-4.350805673,s3.547577756,s275.566310271
186_171,s-0.852160881,s6.545297556,s240.717057583
186_172,s-0.475531453,s5.289734178,s353.404831114
186_173,s0.398842414,s4.491932853,s49.996361747
186_174,s2.765446876,s5.415140265,s59.491742223
186_175,s3.825499887,s7.330180405,s281.102044291
186_176,s4.341418053,s5.235990322,s129.097662441
186_177,s3.442827777,s6.169917921,s30.882114059
186_178,s4.197894293,s4.545665617,s229.808479032
186_179,s6.524527694,s6.818769531,s93.579136840
186_180,s-7.928312325,s5.486605614,s225.762402701
186_181,s-7.141439531,s5.868020855,s297.329967027
186_182,s-4.962600372,s7.539489718,s16.604550534
186_183,s-4.174056563,s7.026424695,s99.502088585
186_184,s-2.886238938,s6.359653399,s357.775524850
186_185,s0.023114820,s7.551325226,s204.558760272
187_0,s-6.824526407,s-6.640416663,s254.354770533
187_1,s-6.061716224,s-7.750781722,s29.809261169
187_2,s-5.294419171,s-7.674915409,s53.040107834
187_3,s-2.538294982,s-7.356586103,s73.222785031
187_4,s-3.167344536,s-5.588642603,s92.642926441
187_5,s-1.861085386,s-7.231205041,s3.834860611
187_6,s-0.503906109,s-6.288804899,s305.459051548
187_7,s-0.164137951,s-7.740255271,s197.034773559
187_8,s0.236180755,s-6.897352514,s320.568357277
187_9,s2.277469941,s-5.289991925,s200.648511089
187_10,s2.593730709,s-7.796937429,s118.244524349
187_11,s3.195411493,s-6.426355292,s48.204980939
187_12,s3.999107514,s-7.454835188,s277.150996814
187_13,s4.739016524,s-5.882614388,s350.650749093
187_14,s6.423341911,s-7.429190743,s108.636050961
187_15,s-4.477123875,s-1.808030829,s168.744171358
187_16,s-5.354934564,s-4.444994270,s75.503720031
187_17,s-5.564380416,s-6.302570419,s203.683820287
187_18,s-3.537678507,s-1.430862464,s248.752301080
187_19,s-3.166008852,s-4.250976728,s162.507375929
187_20,s2.418977715,s-3.529226925,s315.222044413
187_21,s-1.160917619,s-5.204604245,s308.810688896
187_22,s-0.319175229,s-5.311336793,s75.813518049
187_23,s-0.926700291,s-2.789704359,s289.528816152
187_24,s1.034045413,s-6.700278915,s81.321528620
187_25,s2.489779912,s-3.442371061,s145.997802757
187_26,s3.419826568,s-4.958648598,s177.740264266
187_27,s6.540662101,s-5.081527552,s115.110819294
187_28,s5.310389853,s-3.265373167,s10.377225913
187_29,s7.757161608,s-4.278755196,s54.097467686
187_30,s-7.848502036,s-4.000468852,s11.663806168
187_31,s-6.233681131,s-5.707550107,s356.089157877
187_32,s-6.621033249,s-2.709052492,s144.515286593
187_33,s-3.316926819,s-4.816939623,s288.375759160
187_34,s-2.972455735,s-3.352804981,s96.407354057
187_35,s-2.399871404,s-6.015195983,s251.994125659
187_36,s-1.476348203,s-3.739373804,s318.740417901
187_37,s-0.269438457,s-3.469165692,s74.296558368
187_38,s2.497490656,s-4.701167322,s268.741483800
187_39,s1.963474819,s-3.075976720,s1.872105823
187_40,s4.399951453,s-6.541047412,s75.828264484
187_41,s3.604148290,s-3.845803471,s277.134132092
187_42,s4.588197999,s-4.744235047,s213.871710417
187_43,s6.882632359,s-4.472161054,s312.119604074
187_44,s7.297561976,s-2.326574627,s202.388664779
187_45,s-7.077551246,s-3.680368023,s240.130730195
187_46,s-4.706487518,s-3.367728302,s124.255007476
187_47,s-5.403426672,s-0.893205665,s152.642831267
187_48,s-3.453022515,s-0.382476977,s355.308260932
187_49,s-1.944824558,s-3.720702781,s31.264242735
187_50,s-2.137860525,s-2.464903678,s26.709738219
187_51,s0.210669660,s-2.311892733,s105.464542643
187_52,s0.830376901,s-1.554870228,s204.170329180
187_53,s1.012056248,s-3.047020222,s174.055831360
187_54,s3.036044954,s-3.364029720,s336.151737736
187_55,s0.478549314,s-0.795069572,s126.468111068
187_56,s3.699002768,s-2.587553776,s279.385096461
187_57,s4.084389367,s-1.116048540,s219.203177625
187_58,s4.299350464,s-2.499587359,s308.709346868
187_59,s7.349024424,s-3.658300291,s257.230772284
187_60,s-6.894972316,s-0.954214010,s302.511228547
187_61,s-6.927808817,s-2.165865013,s58.200951873
187_62,s-5.856594867,s-1.653806880,s226.942887007
187_63,s-3.998626282,s-1.530061939,s26.430037100
187_64,s-1.417588064,s-0.476824175,s244.140722669
187_65,s-3.495699875,s-2.502591995,s138.733188220
187_66,s-0.878928108,s-0.669167227,s282.226861325
187_67,s-1.290499449,s-3.417218122,s49.292867403
187_68,s2.753196330,s-2.773810168,s221.630558140
187_69,s3.280647980,s-1.943291567,s295.871835030
187_70,s4.510684981,s-1.456031338,s108.151298231
187_71,s3.451989582,s-1.417956709,s253.490076106
187_72,s4.154818802,s-3.325700405,s142.493609464
187_73,s5.940234800,s-2.178261297,s186.689474943
187_74,s5.188980664,s-3.442034169,s342.500871312
187_75,s-5.662615125,s-0.575192325,s246.256486289
187_76,s-6.473230172,s0.655276593,s35.079678554
187_77,s-4.562564205,s-1.125485230,s270.836201002
187_78,s-2.136717485,s-0.471647474,s84.713727172
187_79,s-2.332656496,s0.350283716,s304.707360256
187_80,s-0.771899349,s-2.430696799,s16.297766487
187_81,s-1.098781869,s0.913863148,s42.197890329
187_82,s0.174888791,s-2.019433507,s179.603264607
187_83,s-0.004088335,s-1.165434045,s192.287562348
187_84,s1.447633901,s-0.680027204,s27.015704426
187_85,s3.724288114,s2.597968026,s15.967028933
187_86,s2.317922747,s0.448353714,s66.462479089
187_87,s2.275547029,s-0.454752340,s298.217738397
187_88,s5.290172110,s-0.837227348,s155.733052556
187_89,s7.033447318,s-1.871007009,s44.936327877
187_90,s-7.687041775,s-1.440433676,s63.644561508
187_91,s-4.304295876,s1.072002014,s292.404247257
187_92,s-2.824254159,s-0.271881140,s315.317501574
187_93,s-4.027794550,s0.649987169,s189.921476963
187_94,s-3.218349627,s1.212226238,s19.747955871
187_95,s0.403475743,s-1.834825590,s52.425876298
187_96,s-1.582299021,s1.109164038,s340.938638874
187_97,s-0.916400695,s-0.358457807,s157.680911370
187_98,s-0.150992094,s0.222524224,s25.176330210
187_99,s0.485130948,s-0.099612496,s100.515663928
187_100,s1.890094105,s-1.372318393,s294.941302229
187_101,s5.329449904,s-2.132658161,s295.567522893
187_102,s3.507780640,s1.436129569,s106.117809037
187_103,s6.009639347,s0.627447829,s359.300005442
187_104,s6.679438564,s-1.360305413,s217.770961880
187_105,s-6.595678005,s1.497117660,s118.911335489
187_106,s-4.913560417,s3.693740997,s181.478297923
187_107,s-4.706264890,s2.318027200,s2.961902754
187_108,s-2.405075355,s1.870277660,s55.588890816
187_109,s-4.327813150,s0.140171617,s63.726476334
187_110,s-1.279916057,s-2.076744072,s99.796622071
187_111,s-0.030824278,s0.740069450,s288.329957420
187_112,s0.202850194,s1.891174593,s17.096408225
187_113,s1.800970447,s0.571140373,s230.167786835
187_114,s1.143929002,s3.284989978,s244.308039701
187_115,s1.447748708,s-0.146492556,s142.454217537
187_116,s2.612233084,s-0.716310881,s295.863205511
187_117,s5.165256713,s2.175284217,s97.870648847
187_118,s7.568162093,s0.136690035,s334.258918385
187_119,s7.504262095,s1.763157676,s341.584902136
187_120,s-7.812997859,s-0.172078549,s221.235141648
187_121,s-5.666717961,s1.164596179,s321.415686960
187_122,s-2.524838456,s2.370143947,s216.432034049
187_123,s-3.065392441,s1.569097721,s166.080239119
187_124,s-1.989250007,s1.039771181,s100.703829334
187_125,s-2.711596557,s2.965626129,s189.746812819
187_126,s-0.728124647,s3.211952985,s3.577097754
187_127,s-0.051533508,s1.331968444,s51.958345607
187_128,s-0.177893095,s1.765461771,s63.441816303
187_129,s1.090273685,s0.777948196,s322.206774049
187_130,s4.389318418,s3.755021192,s186.419185617
187_131,s2.150359810,s1.772095090,s93.903217081
187_132,s4.981138187,s2.973846640,s177.251423211
187_133,s5.002460263,s-0.539788623,s2.352719216
187_134,s5.365203231,s1.745401455,s82.354021751
187_135,s-7.181680028,s5.554968053,s146.489954055
187_136,s-5.221921471,s1.809115835,s292.937819277
187_137,s-5.230355653,s4.402199502,s139.518973546
187_138,s-3.899586986,s2.613127087,s56.053697017
187_139,s-1.251302784,s3.927785331,s199.805527298
187_140,s-2.436194218,s4.424463527,s102.296662701
187_141,s0.379796757,s2.656893194,s123.438255723
187_142,s-1.009330708,s4.326666674,s277.968049310
187_143,s-0.078690050,s3.608228478,s246.003164336
187_144,s1.583072481,s0.191912175,s228.228097595
187_145,s2.151416971,s5.378507975,s41.539720818
187_146,s1.891487194,s3.223502758,s318.758737671
187_147,s5.201119200,s3.968423460,s309.282329999
187_148,s7.617430851,s3.675411756,s259.442321520
187_149,s7.102091877,s3.022859409,s144.539637392
187_150,s-7.575438049,s4.769587694,s112.395763411
187_151,s-5.485066139,s5.047589513,s12.084564028
187_152,s-6.704820103,s3.666169768,s131.680901946
187_153,s-2.942716066,s4.500356475,s213.053261377
187_154,s-1.999558126,s4.656766398,s109.354885948
187_155,s-2.070551068,s2.673904607,s83.751651782
187_156,s-1.474179590,s1.753931223,s106.795410203
187_157,s1.092477543,s4.959680151,s114.269189479
187_158,s2.183922536,s6.452362400,s278.530285172
187_159,s0.305231666,s3.552802747,s191.666231479
187_160,s1.995052424,s2.252844638,s233.899681120
187_161,s4.288046681,s4.721588762,s232.371383037
187_162,s4.285531477,s3.167096205,s268.753835509
187_163,s4.628353078,s5.518165326,s325.137857923
187_164,s5.553504450,s4.824529331,s181.006761550
187_165,s-5.612602969,s5.645099566,s235.322351829
187_166,s-3.053096242,s6.096543663,s108.028661803
187_167,s-4.249928870,s4.999347661,s13.955166846
187_168,s-1.159245297,s7.319106658,s127.907163571
187_169,s-3.872269608,s3.923635579,s8.415398941
187_170,s-2.075511163,s5.706997517,s148.099410317
187_171,s-0.531937556,s7.819291426,s293.723824455
187_172,s1.414163943,s5.117325268,s118.151512998
187_173,s-0.031329893,s6.987769196,s252.948255203
187_174,s1.502995093,s7.124269111,s204.337424466
187_175,s3.317242730,s5.122326840,s54.178939484
187_176,s1.757099886,s7.819291426,s329.018320434
187_177,s6.128379522,s6.501138244,s64.856203809
187_178,s5.258827150,s7.271843719,s307.125206749
187_179,s7.065493761,s4.361013317,s229.650670807
187_180,s-7.669457612,s5.274853138,s29.863638486
187_181,s-5.512504015,s7.291714121,s334.193124318
187_182,s-4.194817349,s7.327752912,s161.116964486
187_183,s-3.450126247,s7.815133958,s275.109898873
187_184,s-3.154144065,s6.928068245,s204.184744639
187_185,s-0.513947138,s6.078594786,s57.821846123
187_186,s0.549712136,s4.261601811,s311.177783292
188_0,s-5.549708085,s-8.034996716,s160.454523679
188_1,s-5.377992256,s-5.710774853,s260.703971665
188_2,s-4.202852545,s-6.852875646,s11.453785504
188_3,s-2.009220144,s-6.466734232,s180.267706360
188_4,s-2.610704069,s-7.484986500,s352.298018413
188_5,s-1.486364671,s-4.623471131,s268.229031320
188_6,s-1.254278098,s-6.358674088,s83.505269273
188_7,s-2.272072959,s-7.843735039,s115.730681080
188_8,s0.165454184,s-5.308904028,s359.992200615
188_9,s0.697516233,s-7.969369755,s58.134149998
188_10,s1.085917277,s-7.039205741,s153.003695454
188_11,s3.236376183,s-5.782178650,s118.388509336
188_12,s3.270476992,s-7.080279073,s54.805735160
188_13,s6.147630750,s-8.007761388,s318.271914876
188_14,s7.648639368,s-5.366155276,s245.246917584
188_15,s-6.880973206,s-5.324109460,s308.216232526
188_16,s-5.387229410,s-4.840564624,s134.160551829
188_17,s-2.691689372,s-5.022936468,s107.681500591
188_18,s-2.402289135,s-4.343949011,s285.326608892
188_19,s-3.476047494,s-7.401965983,s261.431928011
188_20,s-0.736010079,s-3.027537052,s178.693123589
188_21,s0.089414207,s-6.746011533,s95.516120126
188_22,s0.338651022,s-4.097967799,s282.611881797
188_23,s2.586407876,s-4.457133518,s307.083027591
188_24,s2.045802870,s-5.446553973,s260.939406516
188_25,s0.872238267,s-3.461528008,s290.833721754
188_26,s2.876085544,s-4.032465790,s236.188497924
188_27,s3.313516814,s-4.877167961,s62.185467584
188_28,s5.274286065,s-7.337880155,s202.841923988
188_29,s8.161614997,s-4.830026471,s346.646322435
188_30,s-8.040980289,s-4.052514354,s239.629034692
188_31,s-5.354677619,s-3.491242501,s204.463842409
188_32,s-3.773661719,s-4.364467194,s334.133604994
188_33,s-4.041626695,s-3.123722897,s359.700962228
188_34,s-1.503311418,s-3.169177305,s69.737349947
188_35,s-0.838789412,s-6.546398221,s17.499360793
188_36,s-2.568873586,s-2.516398082,s46.361648020
188_37,s-0.649712860,s-5.507746608,s331.980493876
188_38,s0.097154031,s-2.854309818,s95.354551105
188_39,s1.065570869,s-4.377503218,s85.194798333
188_40,s1.919000233,s-3.218737710,s252.294130649
188_41,s5.122457029,s-0.534559135,s60.032737782
188_42,s5.851743580,s-4.927746299,s173.059009931
188_43,s5.993207188,s-6.062340606,s343.048098371
188_44,s7.640127139,s-4.500003000,s104.125644056
188_45,s-6.727525126,s-2.876928235,s194.991699571
188_46,s-5.259136006,s-2.382971556,s137.111616631
188_47,s-4.112013769,s-2.256092191,s116.977992450
188_48,s-2.219674297,s-2.136713505,s196.365882532
188_49,s-2.970135809,s-3.025923974,s138.518107453
188_50,s-1.389993032,s-3.115392920,s108.954893254
188_51,s-1.330666186,s-2.018248326,s63.545311155
188_52,s-1.058864896,s-2.040736634,s59.029815533
188_53,s1.885046115,s-2.505411105,s156.849191810
188_54,s2.788086793,s-3.796643797,s140.316362566
188_55,s3.317989043,s-2.580136337,s209.742438557
188_56,s5.420577352,s-2.291945889,s285.558579042
188_57,s4.570860300,s-3.332134533,s250.296408636
188_58,s6.231275905,s-4.197768025,s218.209170064
188_59,s7.100043267,s-2.727470827,s198.909168353
188_60,s-7.585669780,s-1.711181023,s290.043559550
188_61,s-5.987055365,s-1.651135941,s285.868542172
188_62,s-4.857885645,s-0.571517359,s259.324353304
188_63,s-3.137894004,s0.407359807,s227.860920089
188_64,s-4.537872614,s-1.991339699,s324.501420373
188_65,s-1.849891146,s-1.623315983,s119.924654152
188_66,s-0.929320814,s-0.548253735,s337.825283475
188_67,s0.129623072,s-3.897631328,s359.872794689
188_68,s1.283147924,s-0.887007776,s359.311915818
188_69,s1.352726765,s-2.905174749,s352.386175529
188_70,s1.626944363,s-1.379870678,s230.897735260
188_71,s4.254877792,s-2.587630421,s349.772061268
188_72,s4.289800578,s0.530536149,s162.122536962
188_73,s6.011108609,s-2.592772598,s321.436871649
188_74,s8.187910984,s-3.040991306,s94.251270353
188_75,s-5.372258785,s-0.483401237,s258.610374624
188_76,s-4.477039607,s-0.644190811,s211.516820984
188_77,s-5.298183039,s1.556103394,s159.441966315
188_78,s-3.839737725,s-1.551757283,s87.679277906
188_79,s-0.836009603,s0.231980292,s337.555282532
188_80,s-3.386586637,s-1.760854090,s1.294843327
188_81,s-3.130162855,s-1.351724928,s79.395401788
188_82,s-0.801104123,s-1.614318017,s292.649163018
188_83,s-0.016569866,s-0.386529191,s177.561233609
188_84,s3.075829735,s0.190212814,s219.734167992
188_85,s3.892287959,s-0.524886579,s325.393240602
188_86,s6.521089965,s-0.228974148,s123.999940548
188_87,s6.067633258,s-1.690948269,s331.318667275
188_88,s7.188251928,s0.196099163,s347.612285223
188_89,s8.376429706,s-0.209274888,s36.567529952
188_90,s-8.329264705,s-0.900770870,s283.115750785
188_91,s-7.072020798,s0.284129752,s256.149049463
188_92,s-5.773562971,s0.816301956,s267.368827850
188_93,s-3.115705473,s1.334403691,s27.302237465
188_94,s-2.686421790,s-0.153775347,s256.731541176
188_95,s-0.849497257,s1.167525570,s197.869188540
188_96,s0.157288796,s0.454288713,s291.777468097
188_97,s-0.135082685,s1.814934803,s155.322664763
188_98,s1.286315525,s0.427937045,s329.152637000
188_99,s2.266085681,s-1.294102125,s341.498079545
188_100,s2.950962448,s-2.662393759,s334.339268376
188_101,s3.293628727,s2.077473305,s338.002269524
188_102,s2.199766926,s0.695407780,s301.893534152
188_103,s4.633238301,s1.065081439,s219.351074430
188_104,s4.464661892,s-1.853060416,s12.917136007
188_105,s-6.301642765,s0.799155943,s115.793286096
188_106,s-6.168762493,s2.497476336,s336.077525761
188_107,s-4.939815484,s2.487268718,s196.892355741
188_108,s-3.025246638,s2.333889512,s75.847091188
188_109,s-1.613600091,s-0.386068187,s24.043686734
188_110,s-2.351280882,s1.705554537,s150.442993948
188_111,s-1.450419166,s1.606840452,s129.171491818
188_112,s-0.780049933,s1.716605275,s246.911539476
188_113,s0.569132658,s1.635236186,s85.287432720
188_114,s1.199606840,s-0.490384526,s13.580192928
188_115,s3.963470932,s0.577992294,s303.604335763
188_116,s4.067807836,s2.023485842,s290.047537638
188_117,s5.416359114,s0.600461994,s15.527768186
188_118,s6.642096338,s1.186922853,s289.090326056
188_119,s7.901922037,s1.077375630,s108.846634978
188_120,s-7.579456406,s1.049167907,s120.673135379
188_121,s-6.877184518,s2.103444237,s132.916505638
188_122,s-2.410073682,s-0.000416925,s247.592450527
188_123,s-3.168588264,s3.523698379,s315.473207593
188_124,s-2.639780672,s3.361405610,s110.987769832
188_125,s-2.160254763,s2.746486828,s342.737499389
188_126,s-2.049732761,s3.409623393,s238.944944619
188_127,s-1.198483187,s3.678845763,s270.506425858
188_128,s1.182977127,s1.598357219,s312.870915712
188_129,s1.979508514,s1.681459614,s345.752181926
188_130,s2.195486441,s2.783093253,s273.018403495
188_131,s2.789834947,s3.145036301,s286.006751112
188_132,s4.445101779,s2.630153944,s149.548464543
188_133,s4.598081707,s3.034966947,s36.657482112
188_134,s6.512744577,s2.136537492,s58.328179633
188_135,s-8.329264705,s2.682860645,s53.246899764
188_136,s-5.820823619,s3.345168679,s170.504462516
188_137,s-3.243991879,s2.176776992,s335.239139546
188_138,s-3.646534885,s5.178636918,s66.479705309
188_139,s-4.031966249,s4.498087895,s216.520754827
188_140,s-3.398261900,s4.758729696,s218.234768466
188_141,s-0.271015978,s4.248331824,s204.281822192
188_142,s-0.341846198,s2.745993456,s104.487164432
188_143,s1.308100933,s1.150442529,s347.669674439
188_144,s0.849765807,s3.270646924,s225.327107595
188_145,s4.151759344,s3.869814310,s140.066986126
188_146,s2.961358374,s5.176062959,s352.091238101
188_147,s3.293077439,s2.403785743,s316.132686471
188_148,s5.067904290,s4.717230718,s201.768961267
188_149,s7.389440372,s2.726172687,s236.400499272
188_150,s-7.068765161,s2.705840518,s5.490230821
188_151,s-7.607243264,s4.730916455,s227.040231915
188_152,s-4.740351419,s3.719920486,s149.304635494
188_153,s-4.472097919,s3.715045746,s3.007201091
188_154,s-1.571035032,s4.577788247,s268.074581745
188_155,s-2.072967969,s5.356960942,s236.414858499
188_156,s-0.221340874,s6.511629131,s149.533067362
188_157,s1.137590280,s6.262938351,s240.823760806
188_158,s-0.408726517,s4.003050767,s154.919170629
188_159,s1.883189351,s4.806641159,s130.433931911
188_160,s2.932816053,s2.482153908,s19.537107413
188_161,s6.101141763,s6.194878288,s47.843057288
188_162,s5.710061750,s3.444610854,s201.750802887
188_163,s7.697737938,s3.222564815,s197.335520986
188_164,s8.255545152,s3.545936003,s243.299934928
188_165,s-7.711819951,s6.127395467,s239.290242894
188_166,s-5.096261594,s4.243935188,s215.025078918
188_167,s-5.014166056,s5.594951949,s333.326408869
188_168,s-3.662777317,s5.824009733,s281.588520965
188_169,s-3.316309803,s6.357082171,s213.831566718
188_170,s-2.579287833,s7.945726005,s7.703994092
188_171,s-0.823676905,s6.836970330,s295.083422650
188_172,s0.776086671,s7.188796962,s347.608165140
188_173,s2.498548908,s7.307595469,s16.194705760
188_174,s3.601049918,s6.528463001,s50.777693644
188_175,s4.426003978,s6.628810604,s140.324001377
188_176,s4.201532157,s4.232074475,s140.837536078
188_177,s6.309949645,s5.547979601,s232.932452873
188_178,s4.709514644,s7.789824497,s21.039486749
188_179,s7.489813119,s5.246727700,s5.280282577
188_180,s-7.609246603,s8.336043456,s128.237987177
188_181,s-5.632376280,s7.005736249,s150.927077180
188_182,s-4.266765737,s6.071539573,s262.709835378
188_183,s-4.382550870,s6.996352447,s274.393234003
188_184,s-3.324266837,s7.653709464,s283.798368511
188_185,s-1.606386070,s5.586224905,s186.401332629
188_186,s-0.837733426,s7.960495949,s305.067617219
188_187,s0.604751741,s8.131703439,s34.765486437
189_0,s-7.224003666,s-4.249840753,s343.328589435
189_1,s-6.569914615,s-6.357744742,s60.829960149
189_2,s-3.334254803,s-5.306922809,s5.529127894
189_3,s-2.360522927,s-7.859277461,s255.646974453
189_4,s-0.474702259,s-4.249185791,s200.355420324
189_5,s-1.565767250,s-7.308116059,s319.019041793
189_6,s-1.362787609,s-5.259198503,s295.891921640
189_7,s0.018669451,s-6.803353490,s293.586739442
189_8,s0.259019824,s-7.683601049,s173.050637402
189_9,s1.295214361,s-5.606048588,s164.700256182
189_10,s2.358387304,s-6.947853798,s5.993206007
189_11,s3.133374476,s-7.218498241,s330.983398420
189_12,s5.962606542,s-7.631358370,s30.574378149
189_13,s6.645836676,s-7.317594007,s210.681906541
189_14,s8.040087561,s-4.948003681,s93.149116776
189_15,s-5.168970368,s-2.242712603,s345.053724987
189_16,s-4.898353540,s-3.483381986,s267.471868983
189_17,s-2.858797671,s-5.115507645,s26.449172479
189_18,s-4.213000614,s-4.680004024,s332.923891773
189_19,s-2.880138945,s-2.763348991,s97.572225860
189_20,s-0.315262801,s-3.276653337,s55.509825970
189_21,s-1.062809386,s-3.604547509,s314.193525541
189_22,s0.680812947,s-4.582390391,s18.069339264
189_23,s2.388166487,s-4.485136856,s22.557887906
189_24,s2.465713917,s-2.309385609,s258.287361417
189_25,s3.220923290,s-5.312909684,s166.232521965
189_26,s4.670128020,s-5.037106082,s318.412584919
189_27,s4.570808348,s-6.456330592,s101.625116004
189_28,s6.874131842,s-5.706511614,s287.576482092
189_29,s7.655950325,s-3.544122101,s239.347892206
189_30,s-7.509132724,s-3.949987476,s180.144063492
189_31,s-7.423849592,s-5.894377455,s123.677328095
189_32,s-5.267615797,s-6.654413700,s333.623377388
189_33,s-3.785175604,s-3.663283288,s269.852687280
189_34,s-0.079903100,s-2.297252567,s102.062032267
189_35,s-2.418727272,s-5.384106832,s11.024296875
189_36,s0.353340387,s-0.175332121,s27.812725652
189_37,s1.218117730,s-6.267103513,s35.985493733
189_38,s0.919327218,s-3.750013693,s169.123509201
189_39,s1.466277372,s-3.188808445,s306.050752369
189_40,s0.625391145,s-7.979833672,s46.389919838
189_41,s4.958442129,s-4.716172398,s138.601712928
189_42,s3.817877409,s-2.637683434,s41.142638547
189_43,s4.991985399,s-4.326813383,s300.800854051
189_44,s7.450323536,s-3.931682102,s223.778194335
189_45,s-6.680199741,s-1.725972493,s208.325984367
189_46,s-6.633557824,s-0.975083126,s51.275638942
189_47,s-3.362622588,s-3.102065573,s256.783407515
189_48,s-4.380645963,s-2.123902891,s267.306590036
189_49,s-2.003939143,s-2.518419688,s333.209641858
189_50,s-2.321603617,s-4.004054717,s125.132379962
189_51,s0.283950935,s0.434401770,s24.808363172
189_52,s0.033641700,s-2.516870739,s178.092184879
189_53,s2.098820717,s-1.961827044,s303.808015894
189_54,s1.575810607,s-0.117562885,s179.271112603
189_55,s3.714887851,s-3.514359436,s171.815360550
189_56,s2.509346419,s-2.852057634,s342.048978804
189_57,s5.050002981,s-2.612118600,s347.755466080
189_58,s4.880565176,s-3.505819677,s152.675139540
189_59,s5.674167628,s-2.139812959,s254.876384502
189_60,s-7.900865556,s-2.070576656,s86.594384510
189_61,s-7.122949911,s-0.866218614,s338.364661312
189_62,s-4.793410561,s-2.444942877,s54.881327287
189_63,s-3.547354727,s-1.669731018,s320.372547186
189_64,s-1.703794131,s-0.584530432,s112.428683457
189_65,s-1.769237511,s-2.086620606,s275.028348523
189_66,s-1.037327003,s-0.805428373,s37.353341584
189_67,s0.573601694,s-3.783266382,s210.901307212
189_68,s1.352087162,s-2.518128346,s44.592747197
189_69,s0.869862175,s-0.919079814,s170.324657583
189_70,s4.558903116,s-1.874310701,s335.666502166
189_71,s4.550852869,s-0.597392104,s282.731642601
189_72,s2.086359153,s-1.294926952,s160.909125288
189_73,s6.301835068,s-2.986675265,s301.121762930
189_74,s5.144626845,s-1.813183992,s271.380880866
189_75,s-7.794629893,s0.035245564,s208.156182422
189_76,s-4.274456881,s1.447514609,s133.854492526
189_77,s-3.856592408,s-1.096431847,s240.459699389
189_78,s-6.337134722,s-1.491931453,s207.379633151
189_79,s-2.296018606,s-0.123513314,s234.675340047
189_80,s-1.154115590,s-0.456580589,s277.307607438
189_81,s-0.198829913,s-1.449709562,s317.428464706
189_82,s0.293316897,s-1.825867254,s40.341322877
189_83,s1.128418263,s-0.320638322,s326.838856209
189_84,s1.867481004,s-0.172931017,s309.911371706
189_85,s2.741911939,s-0.245352807,s282.739515731
189_86,s4.268269285,s0.309242386,s105.121321853
189_87,s5.235235472,s-0.444153524,s210.396192398
189_88,s6.692000045,s-1.701954798,s267.732834388
189_89,s8.198368379,s0.342104145,s346.480804364
189_90,s-6.512524485,s3.127433193,s249.766850815
189_91,s-6.191768201,s-0.682116537,s5.008854792
189_92,s-2.796322858,s-0.432375785,s66.097807865
189_93,s-3.147227098,s1.375849667,s51.082205512
189_94,s-3.241561932,s0.444389387,s52.508833862
189_95,s-1.803717302,s1.107008103,s76.350882228
189_96,s-0.171119216,s0.897965906,s339.740413036
189_97,s1.111199185,s0.403929878,s11.918029480
189_98,s2.156566096,s1.169012862,s322.414026792
189_99,s4.186777019,s-2.879658569,s273.025401241
189_100,s0.093170128,s1.602800728,s299.342384520
189_101,s3.489840120,s0.224269115,s214.160902522
189_102,s6.041782811,s-1.526076191,s101.792893475
189_103,s3.099135323,s1.319852413,s209.775469794
189_104,s6.439506459,s0.229201113,s94.025838956
189_105,s-6.944890674,s1.368413657,s62.704389310
189_106,s-5.508703607,s1.899005692,s309.280958647
189_107,s-4.953623243,s-1.203439371,s329.478498745
189_108,s-2.797662846,s1.101802978,s113.156277514
189_109,s-0.962111988,s1.721723445,s114.895100861
189_110,s-1.354336068,s0.703409849,s168.157188572
189_111,s-1.092843200,s2.129554456,s151.055305221
189_112,s0.085054267,s1.157052232,s278.327058986
189_113,s0.910455494,s1.955627927,s20.045754472
189_114,s1.894149377,s2.509371696,s251.511738680
189_115,s3.962375787,s1.566723425,s228.521719177
189_116,s5.174722600,s4.542423160,s164.869118437
189_117,s5.569424834,s0.313290113,s130.589314999
189_118,s5.698493990,s1.139456424,s227.458931330
189_119,s6.737383876,s2.248703286,s8.981000835
189_120,s-7.379523426,s3.567863302,s270.451077142
189_121,s-5.842582981,s3.880195931,s179.532962603
189_122,s-5.722759190,s2.602820893,s305.117834591
189_123,s-4.091215052,s2.078869490,s217.904793260
189_124,s-2.662317843,s2.889066910,s337.790969381
189_125,s-1.378924894,s2.073270462,s356.213136698
189_126,s-0.451772752,s1.998079412,s4.665016770
189_127,s0.807396394,s1.336705901,s171.647641122
189_128,s3.593789467,s3.246976617,s71.033607841
189_129,s3.277023529,s1.872005772,s63.370917977
189_130,s3.364419948,s0.679185992,s133.732824105
189_131,s4.931469216,s1.290667875,s349.266462904
189_132,s1.957293704,s4.887990448,s130.373593737
189_133,s7.604599879,s1.132449310,s184.985407346
189_134,s6.259690375,s2.748911282,s290.683478488
189_135,s-7.897971206,s3.923074626,s348.136269003
189_136,s-5.115512097,s5.371163890,s25.648758742
189_137,s-4.769138799,s3.859384484,s269.415575109
189_138,s-2.955300552,s3.684631364,s14.607800228
189_139,s-0.545493307,s2.620247752,s246.959196757
189_140,s-0.545804020,s4.124929771,s295.756464897
189_141,s0.745687606,s2.947025090,s349.184858391
189_142,s0.333779202,s3.896245364,s220.150748843
189_143,s1.436898644,s2.112596305,s290.424874031
189_144,s2.177590527,s4.177728727,s105.555422753
189_145,s4.303246804,s2.752093410,s223.067563546
189_146,s4.393256690,s4.051311955,s51.842070315
189_147,s7.593656888,s4.176986540,s276.087983655
189_148,s8.117713298,s4.964797675,s110.042545962
189_149,s7.915096684,s3.996227365,s258.650527182
189_150,s-6.871878871,s3.679319652,s315.635007482
189_151,s-5.199402196,s7.137055940,s259.547467129
189_152,s-4.307343708,s1.561208144,s359.345464811
189_153,s-3.789239675,s4.187013913,s303.696615234
189_154,s-3.180874468,s4.796896663,s263.745617557
189_155,s-1.391517539,s3.242803821,s338.536396921
189_156,s-1.131494645,s5.647347760,s158.948273243
189_157,s-0.307721358,s5.008608588,s78.938117274
189_158,s1.386006534,s3.478642662,s156.225853731
189_159,s2.727463857,s5.608558282,s225.783660158
189_160,s3.682562059,s4.374110855,s358.261527991
189_161,s2.983764867,s5.583843698,s309.417115046
189_162,s2.554085215,s0.265661123,s40.443404559
189_163,s4.675115218,s5.566849914,s25.612127912
189_164,s4.545287923,s1.948003478,s110.174366115
189_165,s-7.245801661,s4.632173023,s345.035114980
189_166,s-3.511939532,s7.638114603,s3.304202084
189_167,s-4.584314090,s5.078036198,s334.171610754
189_168,s-3.872986098,s5.453138028,s106.256676771
189_169,s-3.224490549,s6.135640253,s127.534410815
189_170,s1.308031573,s5.766364321,s221.787936501
189_171,s0.592198966,s4.756960994,s296.554238321
189_172,s-1.226485507,s7.925601087,s46.357745130
189_173,s1.497379284,s5.053764816,s4.376587672
189_174,s3.137156263,s5.662895146,s197.322635361
189_175,s1.081325919,s7.665937224,s321.854628197
189_176,s4.452759834,s6.007275314,s153.196953037
189_177,s4.800764140,s7.779224831,s125.972632266
189_178,s6.128326350,s5.814142541,s94.647966947
189_179,s7.937452284,s6.208808143,s334.193666957
189_180,s-8.017090622,s6.963902765,s306.782611552
189_181,s-7.515219250,s5.388704487,s339.591099775
189_182,s-5.395301393,s8.048225629,s246.833524344
189_183,s-3.304923884,s7.472339565,s174.175384970
189_184,s-2.151402770,s6.903271488,s340.882249503
189_185,s-1.745102659,s3.763247864,s183.463265497
189_186,s-0.977099824,s7.449476782,s296.274574014
189_187,s0.250031723,s8.039708798,s113.262708934
189_188,s2.152898455,s5.811247243,s85.623420284
190_0,s-6.980400427,s-6.799434295,s47.524216294
190_1,s-7.635962087,s-5.511655959,s155.702293278
190_2,s-3.549486699,s-7.168098802,s151.654595624
190_3,s-2.429914602,s-6.440173474,s223.393681768
190_4,s-2.062684888,s-7.598481272,s298.525912380
190_5,s-0.671328571,s-6.289853388,s153.472389404
190_6,s-0.980928771,s-7.180589015,s147.467638971
190_7,s-0.328287654,s-7.298316631,s223.877572490
190_8,s0.111749546,s-6.704171855,s228.016588338
190_9,s2.023609103,s-7.016240937,s188.252973663
190_10,s1.686677204,s-4.532600931,s80.259481913
190_11,s3.428181760,s-5.266030385,s165.657889934
190_12,s2.169157709,s-7.604772861,s83.437474383
190_13,s4.356131138,s-7.077576116,s147.959904899
190_14,s5.353930094,s-7.476924294,s94.336865133
190_15,s-5.176389333,s-4.736463425,s217.661630177
190_16,s-5.077134684,s-2.537061834,s185.143875301
190_17,s-4.237474395,s-3.546905285,s87.975465262
190_18,s-5.492878214,s-6.285736787,s172.754170828
190_19,s-3.365207943,s-6.268180391,s142.481937666
190_20,s-2.880537450,s-5.573263570,s276.099297099
190_21,s0.214944281,s-2.489390429,s126.721823349
190_22,s-0.562155287,s-5.848074980,s156.290090346
190_23,s1.803493507,s-3.679976389,s175.957154740
190_24,s0.686634191,s-6.374744272,s249.611561397
190_25,s2.670487654,s-5.534837878,s302.587496571
190_26,s2.401803575,s-4.747357778,s329.399513498
190_27,s4.297210568,s-3.014185745,s42.844266185
190_28,s5.112777688,s-4.549955793,s59.710670680
190_29,s7.502907276,s-3.693956353,s38.432147886
190_30,s-7.466816572,s-2.664191444,s178.284474393
190_31,s-3.677503501,s-1.929195688,s176.016862311
190_32,s-4.807581283,s-2.342764148,s265.309660907
190_33,s-3.583383394,s-3.048820390,s3.677035634
190_34,s-3.068966338,s-3.852201974,s190.188355858
190_35,s-1.624737805,s-3.707807713,s14.580716241
190_36,s-1.301989214,s-5.362513242,s43.517980651
190_37,s0.501287106,s-4.581550357,s233.955476086
190_38,s0.791487537,s-5.735600730,s160.063372464
190_39,s3.944709045,s-3.359715318,s247.220002834
190_40,s1.512715195,s-1.966673797,s250.272242594
190_41,s5.872437839,s-7.009443131,s18.333568069
190_42,s2.791600895,s-2.135681149,s243.522375374
190_43,s5.754850549,s-2.463494673,s105.513477308
190_44,s6.550171268,s-4.586115072,s292.403284723
190_45,s-1.537420083,s-1.976181308,s333.018776191
190_46,s-6.822889816,s-5.221393834,s12.017967556
190_47,s-3.667097404,s1.137910811,s253.191116453
190_48,s-4.089336357,s-0.222785754,s70.993860936
190_49,s-3.454911017,s-5.589064506,s83.988191608
190_50,s-1.898904819,s-3.374488368,s125.294807586
190_51,s-0.689463640,s-4.335710956,s358.511481008
190_52,s2.010574215,s-1.565938686,s59.245172292
190_53,s2.730978246,s-1.863845243,s227.253281159
190_54,s1.059614784,s-3.131881314,s138.436183209
190_55,s2.404594947,s-3.128342419,s12.973052658
190_56,s0.652642378,s0.085572139,s46.053761502
190_57,s3.651714151,s-2.699053646,s47.885968298
190_58,s5.058914994,s-3.769638632,s99.914420413
190_59,s7.330867662,s-2.779275758,s66.733946270
190_60,s-7.151028663,s-3.872495929,s79.571806189
190_61,s-6.018605768,s-1.242498554,s331.233303491
190_62,s-4.512114233,s-1.291529192,s134.456129205
190_63,s-3.475147767,s-2.334428423,s188.322701445
190_64,s-1.699508949,s-1.274868027,s306.935900965
190_65,s-1.157450220,s-1.393228590,s319.696557603
190_66,s1.266010379,s-2.975749588,s33.605720899
190_67,s-0.040698535,s-2.330653852,s350.774648417
190_68,s-1.074383116,s-3.609653272,s130.045345819
190_69,s2.703387248,s-0.156581120,s147.272727781
190_70,s3.264805692,s-1.798466236,s233.222281459
190_71,s4.924495222,s-5.939376642,s250.233128786
190_72,s4.893127546,s-1.865882104,s232.010426357
190_73,s6.041726707,s-1.534800502,s174.448695480
190_74,s6.399019030,s-1.328011844,s257.362986123
190_75,s-7.515027611,s-2.003133565,s247.066906780
190_76,s-5.654270970,s0.623176877,s184.816772872
190_77,s-2.831698012,s-0.489953799,s179.965295406
190_78,s-3.592956745,s2.056515938,s61.600930492
190_79,s0.482071396,s-0.579907338,s235.989344687
190_80,s-3.240510605,s-1.109721059,s76.368634810
190_81,s0.263626815,s-1.062580742,s89.778044093
190_82,s-0.338578162,s0.840438663,s178.122411325
190_83,s-0.057202542,s-2.563981963,s201.637401079
190_84,s0.629393787,s-1.616957464,s148.317080800
190_85,s5.174560853,s-0.262178864,s10.766621974
190_86,s4.225331133,s-1.077005227,s248.367810867
190_87,s5.801413977,s-0.767617549,s314.489339739
190_88,s6.668165960,s-0.491547187,s215.961683293
190_89,s7.223014869,s0.785546536,s275.693901598
190_90,s-5.343422532,s-0.861721045,s143.252287182
190_91,s-5.304222955,s-0.972344318,s166.744860780
190_92,s-4.740238608,s-0.089085970,s257.600932517
190_93,s-5.537576554,s1.696954818,s134.742446264
190_94,s-3.621098454,s-1.990656240,s149.022092610
190_95,s-1.411537595,s-0.301784830,s282.568093014
190_96,s-0.831241320,s1.760555880,s199.522566259
190_97,s1.439970613,s-1.050129881,s164.452139363
190_98,s-0.060280344,s-0.160872978,s174.113539627
190_99,s1.501602198,s1.237790720,s356.796224656
190_100,s3.604374301,s0.058373702,s103.497015713
190_101,s4.180638628,s-3.085391979,s328.720163505
190_102,s1.961217713,s1.233447234,s206.122432824
190_103,s5.617211930,s-0.403444272,s309.534484230
190_104,s4.953616164,s1.209868097,s56.391803607
190_105,s-7.686911323,s0.382269306,s135.256120024
190_106,s-7.016804958,s-0.104620623,s138.674790000
190_107,s-4.378056653,s1.853927717,s7.786273401
190_108,s-2.134345516,s2.411069359,s321.525379584
190_109,s-2.138386570,s-1.047323889,s324.534122386
190_110,s-2.485158652,s1.371168715,s13.819362751
190_111,s0.520387576,s0.044055612,s147.724167304
190_112,s1.639046753,s2.585968657,s7.861595126
190_113,s-1.373378011,s0.877681933,s29.960857708
190_114,s1.601286756,s1.909501572,s61.950668032
190_115,s3.620823101,s1.708712211,s160.546794048
190_116,s4.362408817,s2.013983798,s56.859333817
190_117,s3.067643073,s2.246316367,s224.888655862
190_118,s6.410958490,s0.832308578,s346.375725839
190_119,s7.450389795,s1.122179755,s268.360789583
190_120,s-7.175146532,s1.955208871,s221.053353415
190_121,s-6.365166722,s1.406228732,s224.594006173
190_122,s-5.273450284,s3.341521646,s214.106983731
190_123,s-3.032539872,s0.083120522,s356.977854135
190_124,s-3.494195632,s4.168379481,s126.483799655
190_125,s-0.547653440,s3.065969845,s255.326777935
190_126,s-0.911100485,s2.637058494,s69.314936738
190_127,s-0.895675244,s-1.314305831,s153.029008341
190_128,s2.875364416,s2.848336412,s45.531140714
190_129,s0.160059138,s0.801682805,s327.211646545
190_130,s4.022984018,s3.370881831,s33.766785606
190_131,s2.684782091,s-1.234000388,s92.163144130
190_132,s0.698710921,s2.045198589,s302.865570154
190_133,s5.705650102,s2.265779237,s242.790190622
190_134,s3.913658666,s-0.305323023,s328.415016814
190_135,s-6.860886260,s2.923802442,s163.542158071
190_136,s-2.812991571,s1.880923208,s113.674638074
190_137,s-6.609955291,s7.274710262,s277.484817334
190_138,s-2.585472093,s2.624354705,s168.197222774
190_139,s-1.029836070,s4.117268276,s336.080685521
190_140,s-2.735077002,s5.889752238,s133.700731140
190_141,s-0.060625147,s4.365539830,s320.647151082
190_142,s0.109656970,s1.458247076,s231.784436959
190_143,s0.907337442,s3.023379231,s355.929807113
190_144,s1.830490404,s3.238351886,s196.040754497
190_145,s3.027544685,s3.573997350,s121.531154959
190_146,s4.140280888,s0.063010340,s132.796079371
190_147,s4.431634827,s2.998237544,s231.431982431
190_148,s5.046816173,s2.613009789,s193.527310029
190_149,s7.495791234,s2.159583949,s178.605771519
190_150,s-5.932677343,s4.731148482,s222.740000336
190_151,s-5.932133720,s3.346582435,s90.104587471
190_152,s-2.471057749,s0.880026606,s278.089347066
190_153,s-3.844983792,s2.984154843,s209.228445484
190_154,s-3.391784541,s5.009178631,s313.129221258
190_155,s-1.216638067,s2.038909124,s338.120435470
190_156,s-3.335429584,s3.805687798,s193.143927092
190_157,s0.411366417,s3.941414552,s269.712134962
190_158,s0.012310862,s3.255092877,s96.758616577
190_159,s2.013178051,s5.118838283,s245.302898974
190_160,s1.493133334,s4.219761275,s353.334393488
190_161,s3.217425632,s4.459738160,s29.861887025
190_162,s5.543400738,s3.723946640,s180.366767577
190_163,s6.580820215,s3.328657940,s18.609841020
190_164,s7.342456939,s2.968902496,s203.473123979
190_165,s-6.919385482,s5.388428606,s182.724970346
190_166,s-5.587645802,s7.156923521,s338.705371812
190_167,s-2.364185132,s7.155308067,s142.095807548
190_168,s-2.599717207,s4.108371736,s275.709815563
190_169,s-3.468968755,s6.699515300,s116.358043423
190_170,s-0.182741825,s3.561389087,s13.098802628
190_171,s0.891490690,s7.153684500,s3.145058222
190_172,s0.473168391,s5.592606307,s326.697117218
190_173,s0.906360100,s6.365183201,s329.259019100
190_174,s1.023343736,s5.542595713,s139.484336270
190_175,s2.715737165,s4.803220785,s356.225723384
190_176,s3.651117066,s5.181066468,s65.679300736
190_177,s2.957415567,s6.949700399,s226.918278432
190_178,s5.866165367,s6.735070639,s208.195493853
190_179,s7.543654176,s4.077510887,s356.069550948
190_180,s-7.532718612,s6.439176026,s223.288011417
190_181,s-4.413872051,s6.979947723,s278.900259455
190_182,s-4.723690392,s2.622866717,s142.385408040
190_183,s-3.879096413,s5.365626130,s30.132063991
190_184,s-4.555641106,s4.703916514,s166.556605167
190_185,s-3.041906148,s6.659780112,s185.901574113
190_186,s-0.751059795,s7.138963411,s188.367624647
190_187,s-0.318745920,s4.954564685,s183.762338773
190_188,s1.379081143,s7.089257259,s344.047921947
190_189,s2.266368955,s6.754345229,s211.659410237
191_0,s-8.001993244,s-6.262075024,s55.823868138
191_1,s-4.927295946,s-8.222571423,s222.271741749
191_2,s-5.025157816,s-5.429240038,s177.172461053
191_3,s-3.040856620,s-6.530254070,s348.483819946
191_4,s-2.575935900,s-7.356155489,s31.623369712
191_5,s-1.190736313,s-5.595756522,s48.094958024
191_6,s-2.725938954,s-8.092590742,s40.668352600
191_7,s-0.913259393,s-7.945301961,s11.510451426
191_8,s0.288365578,s-7.500560124,s197.021751614
191_9,s2.977593114,s-7.708604684,s208.715539338
191_10,s2.491260103,s-5.273408825,s298.337504109
191_11,s3.589987366,s-5.875843492,s204.556505869
191_12,s4.603820428,s-6.996851400,s132.751458248
191_13,s5.126853047,s-7.989696947,s168.087310068
191_14,s6.293002207,s-5.313125722,s169.215571455
191_15,s-6.110943599,s-6.651983117,s234.218980080
191_16,s-6.950632097,s-5.866978109,s259.131865311
191_17,s-5.715844251,s-4.145505336,s46.503828856
191_18,s-4.618455716,s-5.951386259,s320.996286573
191_19,s-2.749749636,s-5.538023886,s313.099425298
191_20,s-2.284483616,s-4.337413192,s255.114252929
191_21,s1.365527206,s-4.053468677,s74.574931466
191_22,s-1.909702972,s-6.601540138,s70.141523133
191_23,s0.585857128,s-4.626913012,s102.587963993
191_24,s1.368894268,s-6.518353918,s260.043173479
191_25,s3.131479403,s-4.044471874,s358.203216067
191_26,s4.280252436,s-5.723431431,s167.304728445
191_27,s7.049554289,s-4.518848769,s62.171068676
191_28,s6.098501736,s-7.452552574,s312.583038905
191_29,s8.288045592,s-4.652082566,s15.544827276
191_30,s-5.700078965,s-4.559908394,s182.817055595
191_31,s-5.733156178,s-3.758983122,s321.192595036
191_32,s-3.899068273,s-3.306717372,s261.932580975
191_33,s-2.966500964,s-4.319578700,s14.825201802
191_34,s-3.763913696,s-5.384847458,s321.048131710
191_35,s0.695734722,s-6.139797481,s82.952828915
191_36,s-1.507104601,s-3.491239885,s331.901775463
191_37,s-0.608924003,s-3.812160284,s72.323343167
191_38,s2.129784336,s-5.229895463,s311.577680371
191_39,s2.841554071,s-2.053107145,s45.298000326
191_40,s2.228862671,s-4.239805651,s126.915587850
191_41,s5.055644561,s-5.795820406,s310.347596800
191_42,s5.571956999,s-4.175918915,s353.789507620
191_43,s6.396597788,s-4.831597978,s229.489187194
191_44,s8.068987049,s-3.472153480,s322.403020058
191_45,s-6.359015600,s-3.074857892,s275.946609821
191_46,s-4.919200075,s-2.759957552,s101.652576604
191_47,s-4.137495197,s-2.438754060,s36.669687460
191_48,s-1.542320879,s-4.136606123,s288.717305183
191_49,s-3.351922942,s-3.767285155,s207.595384671
191_50,s-0.674534061,s-2.485357360,s319.670677402
191_51,s-0.137648206,s-2.618788664,s118.240985278
191_52,s-0.474215976,s-3.415075432,s336.147609248
191_53,s1.267781987,s-3.677818387,s67.975862631
191_54,s2.464471292,s-0.890815702,s245.510133856
191_55,s4.160784939,s-2.682906572,s219.063056340
191_56,s2.257841266,s-3.396883059,s290.190193014
191_57,s5.294822664,s-3.332420741,s118.639752215
191_58,s5.745523856,s-2.856577670,s341.128551189
191_59,s7.503883676,s-1.321987550,s251.939425169
191_60,s-7.247649406,s-2.664998374,s98.314254930
191_61,s-6.232145166,s-0.790886776,s309.512025452
191_62,s-4.600043511,s-1.819266342,s341.495087614
191_63,s-4.404294057,s0.745739505,s18.863485413
191_64,s-3.678684115,s-3.755958890,s277.564031485
191_65,s-2.572870239,s-1.194236330,s312.176478846
191_66,s-3.087270954,s-2.856085964,s286.514850875
191_67,s-1.221140771,s-1.830605220,s108.129248365
191_68,s1.611688286,s-5.179535747,s237.566107958
191_69,s1.689334894,s-0.394881452,s226.661873746
191_70,s2.129902795,s-2.847365500,s131.114620943
191_71,s1.379682692,s0.830350279,s276.474402893
191_72,s4.350243270,s-2.145784703,s311.427538024
191_73,s6.849611600,s-1.681691018,s132.560677433
191_74,s8.214337274,s-1.055440650,s91.561524261
191_75,s-8.206906317,s-0.831315090,s131.908167331
191_76,s-5.642828918,s-2.842143226,s87.400551825
191_77,s-3.495143718,s0.602806926,s201.876830100
191_78,s-2.554049969,s-2.296434724,s332.639961604
191_79,s-2.789471482,s-0.103996642,s222.331011802
191_80,s-0.556637209,s-0.923274720,s178.731721544
191_81,s0.573902503,s-2.619917319,s42.049484416
191_82,s-0.317276384,s-1.106459890,s242.217242517
191_83,s1.235140723,s-2.382828828,s285.296863338
191_84,s3.972583448,s-0.667190070,s208.503993893
191_85,s4.541395712,s-1.506565641,s124.528225705
191_86,s4.646555312,s0.041322256,s225.936720331
191_87,s5.414574507,s-2.323975737,s36.628441119
191_88,s4.524558355,s-0.363700749,s353.994919535
191_89,s6.286105370,s-0.073540669,s126.637818155
191_90,s-6.843558824,s-0.628876813,s132.624391795
191_91,s-8.191907091,s2.434002321,s14.928460581
191_92,s-5.276824861,s-1.364292940,s23.611284203
191_93,s-2.240734373,s0.839443536,s229.012699088
191_94,s-3.529334811,s2.979723957,s163.141867945
191_95,s-1.916501611,s-1.989061759,s249.235680076
191_96,s-0.120288098,s2.362213109,s234.396703441
191_97,s0.775803671,s-1.374051674,s73.432837383
191_98,s0.645715898,s-1.163724169,s112.564466521
191_99,s3.493753108,s-0.369628901,s266.126363852
191_100,s3.207858582,s1.176757987,s220.509828379
191_101,s3.270703943,s-2.260674584,s17.614881443
191_102,s3.952180659,s0.968637132,s68.167845289
191_103,s6.108310100,s-0.632041776,s66.557007157
191_104,s6.364552282,s0.533931993,s193.513907048
191_105,s-6.266089829,s0.192697501,s297.301558106
191_106,s-5.730668247,s1.954401397,s102.300863729
191_107,s-5.123669739,s-0.741073969,s34.528588063
191_108,s-2.493263944,s2.144409253,s204.548915919
191_109,s-1.797270999,s-0.130151534,s141.670583748
191_110,s-0.814035442,s2.104867752,s50.474001584
191_111,s-1.099677518,s-0.743231594,s319.747521388
191_112,s-0.155459811,s-0.380652933,s285.656893144
191_113,s0.084084156,s0.835357836,s258.791961747
191_114,s0.700207281,s2.250297261,s68.931052691
191_115,s4.493924225,s2.842053720,s43.374051309
191_116,s4.408941982,s1.080260303,s232.544241718
191_117,s5.034803029,s0.925802755,s149.163862593
191_118,s7.262460045,s1.675023105,s223.927568107
191_119,s8.588698203,s0.000165036,s68.681629105
191_120,s-8.270610511,s3.286142907,s325.452464215
191_121,s-6.754038400,s2.818885068,s206.417588886
191_122,s-4.275489866,s2.303565512,s309.060595186
191_123,s-3.924829893,s0.982749774,s222.848144382
191_124,s-6.096664937,s3.306514671,s213.641132093
191_125,s-2.874345343,s5.197961679,s353.235479727
191_126,s0.497283716,s3.221372389,s24.865791487
191_127,s1.134507980,s1.289009746,s224.156033431
191_128,s0.982465940,s3.052446079,s204.939103482
191_129,s2.271367838,s1.912535594,s267.033864003
191_130,s2.100493116,s0.896806785,s219.301066806
191_131,s3.291473606,s4.383744670,s3.039573152
191_132,s5.228758315,s3.543922623,s215.608235044
191_133,s5.451334192,s1.868748975,s73.238011123
191_134,s6.310352756,s1.135155473,s346.692501420
191_135,s-7.261399040,s3.200611377,s347.603294906
191_136,s-4.762702813,s0.531478566,s234.035246725
191_137,s-6.285683835,s3.938760135,s182.458333669
191_138,s-2.536126143,s2.761679309,s77.623702587
191_139,s-1.277502886,s0.123704102,s38.163643558
191_140,s-0.961825371,s3.055789580,s166.981753209
191_141,s-2.533969282,s2.914932865,s76.802995527
191_142,s0.583397133,s4.597889714,s177.826789346
191_143,s2.702953504,s5.163079505,s154.775659648
191_144,s2.818909924,s3.228586583,s337.742265593
191_145,s2.548738583,s1.676152505,s101.758456568
191_146,s4.520579670,s2.114811131,s52.845704185
191_147,s3.063680421,s3.234654805,s5.012533096
191_148,s5.856580594,s2.535794445,s200.845488434
191_149,s4.926667070,s3.780271822,s140.895204547
191_150,s-6.863572755,s4.115396012,s191.393896974
191_151,s-3.888918240,s4.201344688,s281.217491303
191_152,s-6.420637779,s7.163227625,s112.676810276
191_153,s-4.097675507,s2.044887024,s134.836291726
191_154,s-3.757711081,s3.601630892,s146.302025433
191_155,s-1.372203663,s4.285646531,s133.578035170
191_156,s-2.003280120,s4.851792738,s225.173486236
191_157,s0.214365054,s4.521170601,s262.034939967
191_158,s1.726093609,s7.598441912,s50.754493101
191_159,s0.802869516,s3.593886880,s208.646753750
191_160,s4.461315448,s5.408938417,s40.122361047
191_161,s4.490628027,s3.300453177,s41.326208695
191_162,s3.727445814,s4.549830498,s228.189190966
191_163,s6.174904024,s4.432147895,s100.163733347
191_164,s7.648984356,s2.919168522,s301.065225267
191_165,s-8.136751559,s4.568374891,s169.176757366
191_166,s-6.831895211,s6.188417668,s200.312091552
191_167,s-5.229584992,s5.570900544,s241.175370054
191_168,s-2.404122185,s6.055780695,s18.800089350
191_169,s-3.896944592,s5.014448329,s148.143266073
191_170,s-0.567883200,s8.200943614,s320.085044762
191_171,s-0.001652940,s5.443637661,s80.890688838
191_172,s1.143444259,s6.106351188,s48.993464317
191_173,s3.179901332,s5.851084258,s172.902636303
191_174,s1.560404578,s4.159959896,s252.685876326
191_175,s5.226356491,s5.858572064,s76.265137517
191_176,s4.033792337,s6.246510440,s86.058919976
191_177,s4.623387200,s7.129878440,s250.962170883
191_178,s5.237747330,s5.071055311,s13.972401718
191_179,s6.937047731,s6.273299537,s177.586950217
191_180,s-6.593645902,s6.918851631,s54.420146722
191_181,s-4.624950658,s6.102658598,s59.215693606
191_182,s-3.361853134,s6.930043058,s284.700056122
191_183,s-5.259874159,s8.080722314,s328.436748038
191_184,s-3.161418812,s7.226636934,s61.872785794
191_185,s-2.241756856,s7.852103124,s182.025237624
191_186,s-0.968785219,s7.573066920,s304.490665885
191_187,s-0.386352704,s6.079023339,s259.714360669
191_188,s0.269095804,s7.027392241,s329.032411200
191_189,s2.274063162,s8.340977118,s123.499563857
191_190,s2.755634678,s6.274017458,s210.575697056
192_0,s-7.658585670,s-3.572569327,s96.379615966
192_1,s-6.108158749,s-4.693637954,s24.231581501
192_2,s-2.197217344,s-7.532100419,s151.034463342
192_3,s-4.454150937,s-4.850069371,s348.033930171
192_4,s-1.669779322,s-7.759270876,s257.593745955
192_5,s-0.746026492,s-4.868841017,s233.273263054
192_6,s-1.277470134,s-5.894531922,s109.390854109
192_7,s-1.975976497,s-4.000816789,s320.807519639
192_8,s-0.688453813,s-7.946874473,s43.608533445
192_9,s0.127020270,s-6.700194492,s39.173560081
192_10,s2.908410748,s-7.044578745,s151.365279749
192_11,s4.028340872,s-5.638934523,s280.641846769
192_12,s2.502879172,s-7.772265333,s282.262500502
192_13,s5.086449721,s-7.736672960,s358.996653842
192_14,s6.236157952,s-4.530160587,s19.455840247
192_15,s-7.748617458,s-5.143943000,s356.168916740
192_16,s-2.764457623,s-3.945873791,s219.298415930
192_17,s-5.353628969,s-5.794475727,s210.042139207
192_18,s-2.599460417,s-5.100296182,s321.855639507
192_19,s-1.626393770,s-6.719864446,s208.589758031
192_20,s0.031905255,s-3.017221535,s259.280390215
192_21,s2.189081904,s-3.555276174,s332.180271138
192_22,s0.223763466,s-5.674490428,s110.156674225
192_23,s0.292385525,s-6.175400954,s301.897000249
192_24,s1.219524011,s-6.223112128,s336.819378061
192_25,s1.684367047,s-5.756298680,s343.768911656
192_26,s3.015187063,s-6.199005376,s302.957171523
192_27,s5.037703460,s-6.328215611,s265.172657876
192_28,s7.292775994,s-4.706025211,s141.064908681
192_29,s7.485776899,s-3.884750200,s229.384394421
192_30,s-7.772537338,s-2.841072767,s261.277277814
192_31,s-5.260988710,s-5.350344870,s96.601999060
192_32,s-6.632259791,s-2.871204404,s156.024031469
192_33,s-3.808479306,s-0.240491592,s118.819098008
192_34,s-2.233738876,s-3.434039142,s142.232188042
192_35,s0.298372513,s-4.600878544,s109.895085925
192_36,s3.313008961,s-3.984461110,s77.925719464
192_37,s0.753670217,s-2.989569911,s201.393045792
192_38,s1.086281907,s-4.987998167,s83.524283607
192_39,s1.383057091,s-1.851960451,s207.011634808
192_40,s2.169745488,s-2.986644389,s272.321641565
192_41,s4.298618450,s-3.427696607,s337.180546218
192_42,s3.861200362,s-4.819480070,s77.689132681
192_43,s5.692602367,s-0.860848081,s79.158294352
192_44,s5.100200902,s-5.092515930,s170.534386147
192_45,s-6.098607765,s-3.797510071,s324.984769441
192_46,s-4.526660072,s-0.338482112,s272.934288665
192_47,s-4.569734727,s-4.375293838,s268.677305816
192_48,s-1.039040301,s-5.470842984,s230.719783151
192_49,s-4.735955983,s-3.594944802,s197.014160422
192_50,s0.382147499,s-1.780648049,s223.321447875
192_51,s-0.869076252,s-2.962411788,s93.183115745
192_52,s0.689491870,s-2.283518501,s154.080558653
192_53,s-1.027320598,s-0.590887008,s258.098792842
192_54,s2.816312367,s-4.687118202,s163.401307998
192_55,s2.802458840,s-5.838753186,s262.107292643
192_56,s3.128830224,s-3.698682283,s155.191841173
192_57,s4.014478924,s0.160074846,s331.891680601
192_58,s5.150051733,s-3.793426294,s333.672319805
192_59,s7.180695822,s-2.978207752,s359.286059129
192_60,s-7.283538331,s-2.413269224,s166.497625579
192_61,s-5.572547431,s-1.843455782,s193.545391299
192_62,s-5.913172849,s-3.296604364,s201.548441951
192_63,s-3.524001937,s4.963993434,s162.707594100
192_64,s-1.883073261,s-3.743605087,s124.151637766
192_65,s-5.517410669,s0.865149891,s317.745592750
192_66,s-2.665113859,s-3.175220537,s300.733910979
192_67,s2.163243301,s-1.299552410,s185.748049911
192_68,s3.217175567,s-1.166988611,s234.836990434
192_69,s2.728836273,s-2.975532037,s269.903261326
192_70,s0.368188076,s1.440334944,s93.136815072
192_71,s3.632851598,s-2.731800349,s192.043909910
192_72,s4.016137760,s-1.237268161,s201.805125270
192_73,s6.049441416,s0.141789773,s164.766384460
192_74,s6.632338765,s-2.698280076,s95.312192019
192_75,s-7.624718681,s-1.591065234,s58.059213525
192_76,s-5.867277340,s-1.071047628,s321.255925446
192_77,s-3.949853068,s-2.818510912,s351.314501953
192_78,s-2.316495987,s-2.007196616,s199.536410053
192_79,s-2.852880698,s-0.471800297,s23.135204786
192_80,s-0.478350471,s-2.396045073,s130.732576574
192_81,s-1.378943438,s-0.947761752,s141.842424861
192_82,s-1.135111312,s-0.662290633,s115.274116851
192_83,s2.459116529,s0.957265780,s170.414370804
192_84,s3.252022859,s-2.203115891,s42.263178446
192_85,s3.431597037,s-1.555013972,s359.455016263
192_86,s3.829638217,s0.888834556,s341.988695733
192_87,s4.373318703,s-2.270348872,s279.047521716
192_88,s7.961458306,s-0.777123951,s0.221282457
192_89,s7.961458306,s-2.199575789,s2.068782629
192_90,s-7.423948569,s-0.830199683,s163.797438571
192_91,s-6.512617235,s-1.590921359,s250.822800158
192_92,s-3.604752314,s2.219030582,s235.977183590
192_93,s-5.507470017,s-0.628510843,s347.290923041
192_94,s-2.967176233,s-0.289032083,s182.416503610
192_95,s-4.319765438,s5.802812779,s21.238498696
192_96,s-0.213226786,s0.686369766,s258.846153737
192_97,s-0.046830180,s-1.080917866,s115.570271044
192_98,s0.772418925,s1.725391708,s162.682736515
192_99,s3.371849049,s2.628506191,s317.058274532
192_100,s6.297171629,s1.405268648,s337.143146314
192_101,s2.749204110,s-1.143864214,s132.756240773
192_102,s5.518491077,s0.164226043,s202.160762824
192_103,s4.935468230,s-0.637792792,s359.709309017
192_104,s7.381565466,s0.085709556,s84.445585015
192_105,s-6.033162416,s0.992281307,s101.019721727
192_106,s-6.291756251,s-0.376483474,s119.539176468
192_107,s-4.014099341,s0.390843327,s64.573722974
192_108,s-3.495057882,s1.844223508,s24.777505417
192_109,s-1.910959363,s-2.308864487,s256.250338521
192_110,s-3.867115494,s1.108740001,s302.346284640
192_111,s-1.766467213,s0.338208488,s51.894302282
192_112,s-1.304474753,s0.333545648,s234.886222483
192_113,s0.466120683,s0.850224874,s321.758739920
192_114,s1.254439802,s-0.252426123,s150.463964526
192_115,s1.848275576,s-0.867502897,s3.063032611
192_116,s3.204072640,s0.346825097,s252.628487738
192_117,s3.612679229,s3.208105457,s322.643218618
192_118,s7.123683879,s0.441394905,s221.615607296
192_119,s7.323197884,s0.862145983,s14.531366037
192_120,s-6.722439196,s1.642437761,s135.420335659
192_121,s-5.305782477,s2.582028580,s253.589830217
192_122,s-6.398756449,s2.346134091,s97.860034406
192_123,s-4.566516212,s2.809972485,s143.734095665
192_124,s-4.881500062,s3.322590549,s333.501893547
192_125,s-0.739629520,s1.888912844,s330.049495356
192_126,s0.595550168,s2.155362341,s207.392364881
192_127,s-0.829988521,s1.226121840,s33.660977769
192_128,s1.595407465,s3.453329019,s246.808898411
192_129,s1.895549729,s1.228997633,s143.521268846
192_130,s2.987382077,s2.802225501,s206.157174166
192_131,s2.704275063,s1.350901731,s249.203471962
192_132,s4.969369163,s3.542427113,s20.989261862
192_133,s5.371205548,s1.777514999,s84.215517081
192_134,s7.797646631,s2.113938588,s319.985059634
192_135,s-6.936287798,s3.228712246,s67.176409560
192_136,s-6.119998670,s4.281672321,s119.327477149
192_137,s-1.880874850,s3.615294227,s181.920805993
192_138,s-2.097643545,s1.242648851,s176.109319080
192_139,s-0.199511650,s2.332213052,s300.018764999
192_140,s-2.655052113,s2.221816019,s21.627916172
192_141,s-0.298837198,s3.799328564,s43.745262041
192_142,s-1.136556577,s0.759933724,s33.026844367
192_143,s1.089311638,s2.746107393,s8.223980039
192_144,s3.511423558,s3.170938844,s133.646975730
192_145,s3.284976729,s-0.613868385,s331.380187658
192_146,s2.801411752,s3.064369810,s236.562788602
192_147,s5.297003354,s4.200356651,s348.862704739
192_148,s5.985114869,s3.770890527,s182.475464078
192_149,s6.433291329,s4.559576731,s193.856947610
192_150,s-7.602044567,s4.317350064,s330.830659627
192_151,s-6.422875957,s5.099555792,s137.788162912
192_152,s-3.270316608,s2.336244066,s190.964258925
192_153,s-4.825344598,s4.210526498,s181.432145780
192_154,s-2.056482572,s4.817512006,s213.983398023
192_155,s-2.695089686,s2.724529181,s179.327472329
192_156,s-0.166396917,s4.884146944,s276.394276797
192_157,s0.347526245,s2.784309229,s332.314088037
192_158,s1.451844468,s3.825824685,s193.948346842
192_159,s0.854561310,s4.996637317,s247.150029583
192_160,s2.273992324,s5.928134268,s272.871916856
192_161,s5.102196545,s2.627672092,s278.653073427
192_162,s3.229365376,s4.785817837,s262.003250718
192_163,s5.954376173,s5.163706598,s191.896668753
192_164,s7.672726669,s3.333960620,s282.543536003
192_165,s-5.785193882,s5.823976316,s322.629791705
192_166,s-4.218079452,s6.733556274,s191.989567413
192_167,s-3.795986054,s4.055382009,s2.942587156
192_168,s-1.841441347,s7.001662695,s235.343832771
192_169,s-1.411107807,s4.417672756,s257.193086013
192_170,s-2.311193462,s4.095899232,s213.409543145
192_171,s-1.686182251,s2.772345874,s285.524258953
192_172,s-0.663574327,s5.117058169,s113.846414022
192_173,s1.872728725,s5.349508391,s97.008493604
192_174,s1.587765538,s3.925462333,s227.218471182
192_175,s3.659664148,s6.629130603,s123.945698416
192_176,s4.704390899,s6.430226277,s147.456373942
192_177,s3.915472510,s4.466278054,s38.578626359
192_178,s7.404460596,s5.278829864,s109.296623183
192_179,s5.246588085,s6.882816338,s340.088028382
192_180,s-7.708008778,s7.502263769,s304.552443764
192_181,s-6.003043683,s6.381627194,s259.877144240
192_182,s-4.611928929,s7.573835353,s181.113857983
192_183,s-3.480481267,s7.153777145,s343.094481217
192_184,s-2.670160610,s7.727772406,s81.698067274
192_185,s-1.150644026,s5.993311423,s299.713652456
192_186,s-0.142924077,s5.368291352,s38.235285748
192_187,s-2.008592321,s7.586958931,s66.505367646
192_188,s0.049676513,s7.141217673,s90.795267730
192_189,s1.253037020,s6.510624525,s200.894414416
192_190,s1.737564797,s7.062024793,s108.277149879
192_191,s3.879671652,s7.749821904,s52.932225083
193_0,s-7.663217808,s-5.846009013,s149.536633265
193_1,s-7.164475531,s-7.135478810,s276.835635289
193_2,s-6.146697894,s-5.418828316,s176.760478195
193_3,s-3.843784931,s-8.044496564,s121.430120717
193_4,s-2.247111517,s-5.762844439,s112.034268913
193_5,s-3.643467237,s-7.980387561,s183.133001990
193_6,s-1.134980009,s-6.660094349,s41.150526818
193_7,s0.784415397,s-6.334929377,s145.933908882
193_8,s-0.789439270,s-8.240290094,s12.743975904
193_9,s1.024061801,s-7.473724225,s28.438448815
193_10,s2.917855699,s-6.666736233,s88.603506769
193_11,s4.616643761,s-7.707574322,s100.867322898
193_12,s3.893926483,s-3.375411103,s289.619793131
193_13,s4.589131564,s-6.257907000,s151.518660840
193_14,s7.341526909,s-7.671672084,s173.964378729
193_15,s-7.885610510,s-5.182757301,s288.460596206
193_16,s-5.861678681,s-7.122752602,s199.179012544
193_17,s-3.398208026,s-5.705887918,s6.124106161
193_18,s-3.419774471,s-4.443710503,s298.635888735
193_19,s-1.275434390,s-4.837290056,s81.166233889
193_20,s0.169885839,s-5.830325585,s221.912313402
193_21,s-1.686157286,s-4.133351647,s254.759050143
193_22,s0.097705398,s-4.764344549,s165.517007789
193_23,s0.878439767,s-5.467607784,s184.163864773
193_24,s2.199394043,s-5.519905409,s129.105637451
193_25,s4.078560735,s-5.644789861,s274.419824734
193_26,s4.778173470,s-4.817446504,s89.273245984
193_27,s5.828848952,s-3.846661998,s7.235687929
193_28,s6.622984734,s-7.614461143,s323.425177126
193_29,s7.528331455,s-5.189166786,s323.228371727
193_30,s-6.920425395,s-4.984298363,s226.155540785
193_31,s-7.838002733,s-2.520773729,s215.215859840
193_32,s-4.626833939,s-5.462622414,s149.229511027
193_33,s-3.508201251,s-3.818473633,s358.578886685
193_34,s-3.351873703,s-3.470995255,s214.107486498
193_35,s-1.883322043,s-3.601844035,s40.193425908
193_36,s-0.874386557,s-2.285271211,s170.767268420
193_37,s-0.088540032,s-4.336610977,s218.846399243
193_38,s-0.573211817,s-2.168465580,s269.713472048
193_39,s1.628522455,s-4.795701029,s285.451953932
193_40,s2.298109675,s-4.529029987,s21.613130164
193_41,s2.531699336,s-5.583126453,s63.312398070
193_42,s4.539229824,s-0.297337054,s209.400935708
193_43,s3.780460454,s-4.025495890,s122.696177342
193_44,s6.434053041,s-5.714067875,s241.348579706
193_45,s-5.915054233,s-3.736829456,s24.983683379
193_46,s-4.473646871,s-3.061661314,s163.739488383
193_47,s-3.978075159,s-3.830979519,s352.040374769
193_48,s-3.292125430,s-2.476736664,s309.951798408
193_49,s-2.599321712,s-3.642144840,s284.375164988
193_50,s-2.560625646,s-0.907208939,s163.639442073
193_51,s-0.772114333,s-3.544902179,s180.575047859
193_52,s1.927739634,s-3.077820668,s94.973140865
193_53,s2.139484417,s-3.889702580,s224.265137348
193_54,s1.951503541,s-2.722729898,s62.505531889
193_55,s3.712782878,s-2.785945499,s251.022720660
193_56,s2.827490875,s-4.475560470,s4.944572858
193_57,s4.607979256,s-3.161928164,s47.931943269
193_58,s6.938288448,s-5.168856156,s337.692022813
193_59,s6.461601991,s-2.706002308,s238.724492245
193_60,s-7.530404055,s0.018848512,s333.612731589
193_61,s-6.562818996,s-2.090271960,s81.909618597
193_62,s-5.357299885,s-3.412393078,s201.948040670
193_63,s-4.403145747,s-2.044939908,s204.974850907
193_64,s-3.180712961,s-1.925724386,s250.313078798
193_65,s-2.151294407,s-0.413937556,s207.278567022
193_66,s0.724358285,s-1.285981135,s168.044613715
193_67,s1.243998748,s-2.350626861,s30.336235863
193_68,s-0.565637837,s0.573799038,s212.372290997
193_69,s1.590558684,s0.714390592,s343.426397468
193_70,s1.457902946,s-1.659779722,s142.048517196
193_71,s4.347957251,s-2.369549650,s239.564160869
193_72,s5.527436946,s-0.432964251,s314.665671231
193_73,s4.718271574,s-4.592094818,s32.630175162
193_74,s7.482340939,s-1.279674878,s318.290545451
193_75,s-4.997937723,s-0.096474280,s353.008110343
193_76,s-4.927351772,s-1.898230559,s86.251962881
193_77,s-3.427445329,s-0.630178712,s129.007683382
193_78,s-2.533804898,s0.897287409,s317.087314857
193_79,s-4.112823866,s-3.001778347,s92.591931234
193_80,s0.263462906,s-1.852224831,s75.386744556
193_81,s-2.121989077,s-2.589736239,s216.405071998
193_82,s-2.377018714,s0.178179855,s146.931639871
193_83,s1.682022748,s-0.846889659,s309.579599188
193_84,s3.387584110,s-1.925899513,s258.203117611
193_85,s3.056263191,s-1.047472393,s170.401293354
193_86,s6.151432752,s-0.407852344,s85.642229074
193_87,s5.176483894,s-2.731007995,s319.749562903
193_88,s6.679911492,s-2.032259524,s221.562819754
193_89,s7.776746935,s-1.345642945,s308.061991676
193_90,s-7.945659197,s1.443314796,s345.777261997
193_91,s-6.004484428,s0.483140887,s37.098731161
193_92,s-5.387404695,s-1.162155764,s212.788140715
193_93,s-7.144294788,s2.642551873,s316.928444881
193_94,s-4.370046298,s-1.500790463,s201.808255575
193_95,s-4.626765618,s3.295077188,s15.890331232
193_96,s-1.628978850,s0.292329453,s15.734212840
193_97,s0.782839134,s-0.506454628,s337.091093150
193_98,s-0.295089573,s2.195033502,s152.899109181
193_99,s3.346782054,s0.062614435,s181.675016903
193_100,s4.554627583,s1.171177052,s328.430341279
193_101,s4.279594460,s2.976024523,s102.930123652
193_102,s6.600445714,s-0.832361585,s17.011788077
193_103,s7.593505340,s-0.853460889,s141.128897195
193_104,s7.938711345,s-0.408000668,s49.941450243
193_105,s-6.758497530,s1.079779630,s258.136085681
193_106,s-5.073058503,s1.178581185,s344.418932513
193_107,s-3.066655409,s0.488309132,s355.869874910
193_108,s-1.721850759,s0.817609584,s223.562154624
193_109,s-0.948648821,s1.632470882,s135.345382525
193_110,s-3.223821458,s-1.327396394,s290.789949603
193_111,s-1.468457835,s-1.057329716,s140.175211479
193_112,s0.136658550,s1.742314978,s302.460034031
193_113,s0.637908693,s1.262793395,s11.041968777
193_114,s1.934174026,s1.636188700,s180.827709042
193_115,s2.823636248,s0.793618067,s212.369323213
193_116,s3.299000905,s-0.541431331,s214.717918126
193_117,s5.746274487,s1.226250194,s89.956813731
193_118,s6.460153485,s0.565927752,s165.370175594
193_119,s7.321055057,s2.052031706,s249.642307095
193_120,s-4.887762783,s1.681943272,s233.082125785
193_121,s-3.767234012,s1.925382775,s46.324496352
193_122,s-6.627170908,s3.632960765,s14.171940601
193_123,s-3.030447637,s1.259728816,s172.351490375
193_124,s-3.873061688,s4.816994176,s44.173841844
193_125,s-3.236792662,s4.845276624,s122.836790513
193_126,s-0.482389330,s0.536582301,s337.587429528
193_127,s-0.619498338,s3.028541964,s71.368423999
193_128,s0.691139622,s3.538959732,s87.551488646
193_129,s2.562559021,s0.949008666,s69.672467052
193_130,s4.605660091,s6.146536161,s39.355183793
193_131,s3.055441220,s1.557214801,s55.402384098
193_132,s3.063529275,s3.875837128,s17.721952382
193_133,s4.855793055,s2.164681744,s289.561591901
193_134,s8.240440226,s2.492228116,s300.805363975
193_135,s-8.043720168,s2.058704782,s12.068802554
193_136,s-4.543944562,s3.666960064,s197.965011061
193_137,s-4.307135830,s-0.708826737,s331.197424337
193_138,s-3.285027701,s3.864321876,s159.319427860
193_139,s-1.766750199,s1.991408121,s46.294410501
193_140,s-1.416499286,s2.523348169,s283.587003999
193_141,s-0.978162680,s2.128482918,s343.808601281
193_142,s0.574201712,s4.081037843,s181.438702663
193_143,s1.146068036,s1.418076620,s67.866872643
193_144,s0.934949391,s2.399182645,s94.457227431
193_145,s2.276317083,s4.864071288,s33.752309733
193_146,s5.081651528,s3.200147508,s55.819634568
193_147,s4.698972330,s0.303993992,s78.466982099
193_148,s5.454165706,s1.719089671,s247.352409975
193_149,s7.789085749,s4.284904207,s261.324469188
193_150,s-8.130208081,s5.942674950,s94.654503184
193_151,s-6.225975420,s5.273223864,s243.428311296
193_152,s-6.089417248,s3.244063988,s207.753324802
193_153,s-4.033964543,s6.478324348,s27.022459036
193_154,s-2.457537515,s5.724577296,s54.470969947
193_155,s-3.297950181,s1.928394506,s359.394445732
193_156,s0.703866405,s2.685264318,s40.850716984
193_157,s1.253719309,s5.943894653,s309.873173705
193_158,s-0.982974826,s4.051875364,s314.969059030
193_159,s1.185775098,s4.254440966,s196.828201034
193_160,s3.567045449,s3.982817992,s300.043420549
193_161,s5.003725774,s4.268641324,s22.606287280
193_162,s4.734801911,s5.030999272,s122.589671851
193_163,s6.383305180,s2.720785471,s241.742037638
193_164,s7.217109677,s5.200774583,s87.584353580
193_165,s-5.726337550,s3.175555821,s335.846786410
193_166,s-5.107239226,s6.271666816,s184.116351460
193_167,s-4.455179968,s4.198251725,s176.613226743
193_168,s-5.042198730,s2.037421475,s169.997742827
193_169,s0.645227581,s5.063285343,s124.692393009
193_170,s-1.614976094,s5.757298302,s282.386305607
193_171,s-2.400495027,s2.892550344,s203.371334968
193_172,s-0.672530859,s6.103401460,s209.334352515
193_173,s1.556878536,s4.657746841,s0.081093073
193_174,s2.780632170,s2.361914755,s312.927930184
193_175,s2.733539517,s5.469886257,s321.083678882
193_176,s3.224507373,s7.066896372,s214.172483130
193_177,s7.636169770,s3.827031108,s12.742784286
193_178,s5.223536672,s5.628451509,s317.838320209
193_179,s5.333867738,s6.509000786,s1.136713788
193_180,s-7.040077152,s6.936572967,s74.624958343
193_181,s-7.718371530,s6.175829325,s324.328818139
193_182,s-5.549530594,s7.913525073,s18.029689373
193_183,s-3.507630399,s6.344994731,s291.674911384
193_184,s-2.420949655,s6.773930171,s101.460431562
193_185,s-2.968212662,s6.116340923,s189.972564826
193_186,s-2.127653068,s6.367854543,s204.245868283
193_187,s-1.369318274,s7.608933301,s15.093604859
193_188,s1.074818405,s6.293696244,s52.503172876
193_189,s1.509333111,s8.081865755,s29.348160105
193_190,s1.950089091,s5.172668240,s232.175508049
193_191,s4.182727149,s7.289981300,s268.370242623
193_192,s5.434579021,s7.279301611,s122.954615241
194_0,s-6.823954920,s-7.190635682,s331.686518826
194_1,s-3.200292571,s-3.678239663,s243.885043652
194_2,s-5.326210605,s-8.304536537,s193.177354222
194_3,s-3.295574974,s-7.614637117,s47.605148203
194_4,s-2.169998826,s-7.946965432,s252.502180422
194_5,s-3.177691116,s-6.356264521,s254.936835137
194_6,s-1.125046791,s-6.961867156,s299.212137136
194_7,s0.446964186,s-5.923298566,s3.550488223
194_8,s1.835766762,s-5.917784814,s44.010408240
194_9,s0.550468392,s-5.080960767,s150.411932799
194_10,s1.593074331,s-7.195455382,s242.826458984
194_11,s3.445686932,s-7.234536401,s221.290964207
194_12,s4.970843232,s-4.672567035,s151.141615316
194_13,s3.867598388,s-7.630902171,s163.278538418
194_14,s7.006157551,s-6.378098355,s272.711784951
194_15,s-8.251355564,s-5.497369457,s134.350188855
194_16,s-6.088578849,s-5.204586545,s0.837265198
194_17,s-4.157840412,s-5.955887541,s168.440576303
194_18,s-2.672350113,s-4.854439039,s52.470855611
194_19,s-3.802056692,s-6.305731804,s355.914086189
194_20,s-0.885923507,s-5.922378075,s282.534494528
194_21,s-0.670963129,s-4.636295908,s275.798774098
194_22,s-0.625160412,s-4.299176526,s263.223722831
194_23,s2.958265915,s-2.849719570,s145.054093804
194_24,s4.373722010,s-5.878309058,s188.514824012
194_25,s2.080910247,s-5.556078838,s106.047888021
194_26,s2.892866961,s-5.203505710,s299.167607667
194_27,s5.155283288,s-6.715140495,s50.678114106
194_28,s5.916743890,s-6.024006316,s284.368085742
194_29,s8.488521509,s-4.329456716,s16.892203942
194_30,s-8.165908200,s-3.261216623,s203.911694984
194_31,s-6.176467173,s-4.073067021,s201.993094934
194_32,s-5.772259058,s-5.423551323,s174.235662270
194_33,s-3.977588097,s-1.593322484,s21.754422298
194_34,s-3.508190996,s-5.221938691,s337.294839150
194_35,s-1.029385590,s-4.578185609,s79.147830369
194_36,s0.477451000,s-3.734249309,s298.623657970
194_37,s0.573016993,s-1.614173050,s58.974322895
194_38,s0.888971816,s-4.066000668,s205.874097315
194_39,s1.551953431,s-3.135368321,s69.985920018
194_40,s1.579932168,s-4.365250182,s311.804127915
194_41,s3.782736543,s-5.097752586,s193.569422154
194_42,s5.320283573,s-5.330367765,s128.065768400
194_43,s4.177860135,s-3.802103543,s38.236429500
194_44,s5.203046463,s-3.626853396,s354.739648199
194_45,s-6.636325491,s-2.905743777,s339.120864696
194_46,s-5.326849451,s-3.481863958,s163.924794814
194_47,s-4.308303555,s-3.539055471,s245.673014637
194_48,s-1.741647778,s-5.747923385,s182.403496034
194_49,s-2.812297652,s-3.492279425,s246.011663396
194_50,s-0.613023783,s-1.862172365,s17.079055704
194_51,s-1.355606324,s-3.599636750,s153.555738222
194_52,s1.134014807,s-2.864738355,s118.599481772
194_53,s2.033925639,s-1.905648072,s169.254391981
194_54,s3.559540649,s-3.974878902,s65.993406183
194_55,s3.497551096,s-0.805111780,s303.229814171
194_56,s3.051504181,s-3.410150729,s247.769826310
194_57,s4.497441622,s-2.230217315,s327.107693968
194_58,s7.144925805,s-3.876506843,s22.409167808
194_59,s7.572317790,s-2.357381818,s157.027246172
194_60,s-8.452598342,s-2.695885918,s295.282065516
194_61,s-5.838241560,s-2.389789151,s124.736334429
194_62,s-4.883849458,s-2.313292956,s104.518079689
194_63,s-3.876124281,s-1.680299207,s8.376641802
194_64,s-3.354970902,s-2.657502897,s223.187529943
194_65,s-1.680682111,s-1.354910044,s255.049897337
194_66,s-0.491345637,s-1.191047934,s287.222613243
194_67,s0.444255440,s0.922396097,s208.176963288
194_68,s1.328676779,s-0.829924590,s42.953288548
194_69,s0.417584000,s-2.206678411,s139.351563275
194_70,s2.369543526,s0.261841094,s147.021279698
194_71,s3.061225473,s-2.296227163,s67.957502140
194_72,s5.938848181,s-3.446805476,s277.174801510
194_73,s7.225386727,s-2.078389461,s233.262963356
194_74,s5.429324032,s-1.405654116,s259.049340949
194_75,s-7.384694087,s-1.621582216,s169.824420245
194_76,s-6.262756679,s0.654685789,s77.703226130
194_77,s-5.445003446,s-1.786218677,s253.162291068
194_78,s-2.867719796,s-1.206988829,s108.253880280
194_79,s-2.872760105,s0.282118795,s36.586248620
194_80,s-1.299798607,s-1.054486852,s348.820924007
194_81,s-2.520290865,s-4.389099760,s258.084547218
194_82,s0.045959821,s-0.106175246,s9.800373614
194_83,s1.684365853,s-0.084829766,s57.308954737
194_84,s2.804184164,s-2.367470677,s67.479486889
194_85,s2.959029020,s-1.243711174,s293.761713548
194_86,s4.299702561,s-2.659656109,s43.301077331
194_87,s4.818460972,s0.026617646,s332.360567293
194_88,s6.112948473,s1.024742418,s105.404199134
194_89,s8.340303104,s-1.269723208,s326.817647688
194_90,s-7.685396507,s-1.512791807,s16.222420148
194_91,s-5.042350033,s1.558635060,s54.940614322
194_92,s-4.526938646,s-0.856749628,s213.008737572
194_93,s-3.811893517,s-0.665822140,s105.635120648
194_94,s-3.917536391,s0.594535869,s312.536824204
194_95,s-2.447123989,s-0.877016095,s170.618442164
194_96,s-1.508568848,s0.608440553,s50.006729984
194_97,s-0.267394902,s-1.288690536,s194.558370512
194_98,s1.793217873,s2.216715922,s151.994386839
194_99,s2.901407248,s0.461855383,s90.418245163
194_100,s2.508760759,s-2.063449335,s33.697055468
194_101,s3.411040343,s1.425901627,s30.785004539
194_102,s4.648652310,s-2.009686349,s284.308065878
194_103,s6.690503355,s0.265819727,s24.860560632
194_104,s8.433378210,s-0.483254935,s58.980657307
194_105,s-8.161012201,s-0.088884865,s3.225320621
194_106,s-5.339067376,s2.919404756,s73.833818517
194_107,s-2.180349452,s1.710024257,s272.898358934
194_108,s-5.823554677,s0.967223849,s193.410870017
194_109,s-2.757479859,s0.918646970,s299.395804804
194_110,s-1.496728349,s1.060883053,s296.799546103
194_111,s-0.863554623,s1.058027799,s200.046339985
194_112,s-0.057396877,s3.207195843,s78.780652463
194_113,s0.995954963,s-0.104326275,s51.320047710
194_114,s2.850467690,s2.214311201,s125.242168577
194_115,s3.484355702,s-0.005825905,s336.300553113
194_116,s5.200917481,s1.450567589,s41.125257480
194_117,s4.962450601,s0.902068304,s22.693061601
194_118,s7.029595937,s2.197710213,s109.720646796
194_119,s7.402637960,s1.655792407,s183.266589084
194_120,s-6.528056677,s1.410415858,s205.847522289
194_121,s-3.972952370,s2.151582122,s285.182760844
194_122,s-4.814718717,s0.636354867,s105.462181867
194_123,s-4.175594639,s4.695299866,s292.939215781
194_124,s-4.180528528,s3.325279952,s225.264757134
194_125,s-1.451301716,s1.346132515,s94.918484599
194_126,s-0.951277307,s2.292163166,s216.654188890
194_127,s0.037628014,s1.027718326,s343.417557537
194_128,s3.361760053,s6.546293767,s141.250533853
194_129,s1.490769750,s3.196237358,s267.874737444
194_130,s2.722026435,s1.440652887,s278.697942310
194_131,s4.218906463,s1.764963316,s64.485033740
194_132,s4.829560550,s2.347200830,s145.690154625
194_133,s3.859009058,s2.178425768,s65.998076646
194_134,s5.680909200,s3.227369009,s301.092384890
194_135,s-8.377962491,s2.532403770,s318.310451402
194_136,s-6.924412172,s3.201798175,s306.324477941
194_137,s-2.885493257,s3.410791793,s173.795149490
194_138,s-4.306138606,s1.426386532,s135.422824563
194_139,s-2.756100889,s2.404697358,s213.355969277
194_140,s-0.676160186,s4.177376994,s241.103756224
194_141,s0.133045544,s3.779207128,s55.279008430
194_142,s-2.068271967,s3.421369988,s134.795416481
194_143,s0.823801104,s-1.404999551,s76.717215852
194_144,s2.945957001,s3.730261627,s338.304518756
194_145,s3.405310260,s3.204641331,s156.992707935
194_146,s4.325568956,s3.501324259,s123.322165241
194_147,s5.842431189,s1.970328457,s256.385266044
194_148,s5.698101017,s4.641928292,s134.851868054
194_149,s6.859553487,s3.098902125,s127.333873234
194_150,s-7.157013301,s4.267075383,s316.606487934
194_151,s-5.111491170,s5.859228062,s1.890815684
194_152,s-4.153857507,s5.433657804,s109.878308389
194_153,s-5.500934071,s4.563135685,s227.853817924
194_154,s-1.856437338,s2.981488642,s89.290680205
194_155,s-3.529519125,s4.488819262,s208.960854150
194_156,s-2.393159824,s4.146880927,s309.485996437
194_157,s1.044262990,s5.432150539,s265.913138616
194_158,s1.181348781,s3.331889826,s238.727437219
194_159,s2.150236971,s2.682997612,s72.686809248
194_160,s2.181785581,s4.202646779,s111.604247748
194_161,s5.295394819,s4.508031120,s33.186120945
194_162,s6.187484727,s4.121862738,s161.240346317
194_163,s3.599571660,s5.147738528,s171.085787529
194_164,s7.787482802,s4.358101458,s279.361075923
194_165,s-7.418482220,s5.288657300,s16.583503656
194_166,s-5.490754901,s3.180255553,s350.584762262
194_167,s-3.271522831,s6.551471966,s241.511280793
194_168,s-3.815841548,s3.596185211,s127.421983765
194_169,s-2.140300906,s6.504626342,s67.375070486
194_170,s1.142107726,s3.945939130,s196.913289205
194_171,s-1.210749384,s5.865679666,s279.114384800
194_172,s0.189166574,s5.104551045,s201.577773956
194_173,s1.825985639,s6.449070612,s48.347262328
194_174,s3.132499875,s5.249857071,s2.538211968
194_175,s3.403496046,s7.680752333,s230.244304006
194_176,s0.672472273,s7.299996122,s92.354390668
194_177,s3.498109913,s4.299931953,s43.103591445
194_178,s5.820714419,s6.286218567,s171.732911543
194_179,s7.492733371,s5.907642178,s289.863984558
194_180,s-7.418650989,s7.618291921,s281.173004364
194_181,s-5.287994427,s7.783335036,s62.111138546
194_182,s-4.459846378,s8.311388359,s344.819200767
194_183,s-3.443936510,s7.269539936,s115.593574954
194_184,s-1.658157007,s6.241153721,s81.374112227
194_185,s-3.092439575,s7.263868780,s354.742977651
194_186,s-1.390392016,s7.729668732,s80.115900016
194_187,s-0.214627105,s7.345926769,s255.777484770
194_188,s-0.385199839,s6.393155217,s327.317293034
194_189,s1.977262612,s7.065332088,s350.723900542
194_190,s2.896277848,s7.310976227,s83.575747623
194_191,s2.468744520,s7.976252957,s241.887686896
194_192,s4.873559517,s7.625728883,s60.712398735
194_193,s5.556270775,s8.243594714,s302.059038254
195_0,s-7.091160456,s-6.926698654,s93.314242372
195_1,s-5.848809592,s-6.389769366,s346.771147454
195_2,s-4.731335937,s-5.761120820,s269.678069601
195_3,s-3.819737545,s-6.761484276,s174.415000161
195_4,s-2.672476329,s-5.329772997,s0.738329903
195_5,s-1.029218906,s-7.336659508,s88.494059969
195_6,s-1.240777156,s-6.055814222,s168.698422876
195_7,s0.270522088,s-7.197079734,s264.042405815
195_8,s0.417798734,s-5.235889803,s47.874076385
195_9,s1.310812298,s-7.281477839,s242.353366260
195_10,s2.609870649,s-7.837046907,s203.943774723
195_11,s4.084044606,s-5.910852510,s290.623060793
195_12,s5.106459052,s-5.561611250,s205.949847302
195_13,s5.328409476,s-8.373146673,s338.164329962
195_14,s7.855441680,s-6.811150993,s146.431171131
195_15,s-7.400009631,s-5.191227229,s241.829544935
195_16,s-6.476414589,s-2.758012355,s261.368306022
195_17,s-5.507459866,s-5.079753377,s187.997391150
195_18,s-4.169820892,s-4.381531760,s46.973627802
195_19,s-1.517632501,s-5.617172090,s5.557743536
195_20,s-1.814240917,s-4.461181851,s197.857421526
195_21,s0.618899501,s-4.268045741,s97.382574252
195_22,s-0.761457498,s-5.162097872,s43.973196346
195_23,s1.626572632,s-4.896721377,s333.167945452
195_24,s2.556714224,s-6.832375524,s76.784187853
195_25,s2.542617570,s-4.409360630,s19.317983253
195_26,s2.763638548,s-4.911543033,s321.698322931
195_27,s4.593529959,s-3.122839296,s174.947329265
195_28,s7.903724708,s-1.934188539,s16.882395921
195_29,s5.350135570,s-4.845157031,s302.169956237
195_30,s-8.069653724,s-4.438229267,s333.639003595
195_31,s-6.789207836,s-4.684101030,s76.093102885
195_32,s-5.494700825,s-4.255687272,s317.647618490
195_33,s-3.646003279,s-6.270000461,s249.128715316
195_34,s-3.005779044,s-2.541904295,s326.910981041
195_35,s-3.102144570,s-4.317846353,s29.333621782
195_36,s-0.803425547,s-3.915025504,s285.931798304
195_37,s1.605110451,s-3.947146559,s208.429781027
195_38,s0.133312577,s-2.183817851,s147.847184901
195_39,s2.083896147,s-6.257165953,s101.523016709
195_40,s2.429599192,s-4.273640523,s237.586109630
195_41,s3.111605408,s-5.826601619,s32.572952945
195_42,s4.886534731,s-2.156937019,s312.739399567
195_43,s4.381117762,s-5.333357109,s84.332981415
195_44,s8.076890974,s-4.182799600,s286.182861105
195_45,s-7.152267330,s-2.716609385,s154.586180515
195_46,s-5.474668106,s-3.290309141,s19.820031030
195_47,s-3.264828752,s-5.156997683,s169.497398407
195_48,s-5.129488174,s-3.697214308,s146.756320585
195_49,s-2.993055761,s-0.799759054,s85.680230400
195_50,s-1.045458465,s-3.271724616,s195.416518690
195_51,s-0.717797374,s-1.326010242,s349.563801949
195_52,s2.360512141,s0.905080771,s146.117888857
195_53,s1.345260352,s-3.498067466,s198.421722454
195_54,s2.608040810,s-1.566904716,s108.094120551
195_55,s1.963543458,s-3.971346592,s347.019834180
195_56,s2.809116101,s-3.303936800,s256.513242509
195_57,s5.313714705,s-4.085715712,s81.148157697
195_58,s7.165170572,s-1.746652254,s149.498252110
195_59,s7.827845491,s-0.633691930,s84.579989674
195_60,s-7.327473911,s-3.806252177,s78.247959395
195_61,s-6.208671569,s-1.202503841,s183.488399078
195_62,s-6.545625914,s-1.547424642,s236.163318112
195_63,s-4.800763301,s-1.319030522,s238.516986397
195_64,s-4.106470854,s-1.873010154,s3.007483154
195_65,s-1.792256180,s-2.906337538,s175.706270489
195_66,s-2.016502954,s-1.655867453,s208.531658172
195_67,s-0.247338036,s-4.665972059,s23.931869570
195_68,s1.364853523,s-2.676525142,s276.239329447
195_69,s0.816269623,s-1.630527533,s13.685478494
195_70,s3.144295917,s0.602480747,s116.725686242
195_71,s2.523510751,s-1.977928463,s40.961013260
195_72,s3.020665941,s-2.588058713,s293.085107617
195_73,s4.286175055,s-0.555766912,s294.220903919
195_74,s5.939406846,s-3.241519369,s65.161500512
195_75,s-6.486250306,s0.849723022,s287.935372516
195_76,s-5.979493952,s0.605279916,s15.806539492
195_77,s-4.050086971,s-0.227643351,s100.870000939
195_78,s-3.015704608,s-0.430431618,s115.687038909
195_79,s-0.228361047,s-1.152086590,s138.238871872
195_80,s-2.302057706,s-0.886515963,s355.559224708
195_81,s-1.239194213,s0.270790430,s276.846362671
195_82,s-0.516319024,s-3.085303030,s47.988471874
195_83,s2.136027908,s1.975947585,s182.824693924
195_84,s1.102412647,s-0.651579218,s301.995045516
195_85,s2.130128453,s-1.419977601,s271.333451309
195_86,s3.660725367,s-2.129463870,s72.607639739
195_87,s2.690156328,s-1.296217529,s251.380131061
195_88,s4.726118557,s-0.486687548,s326.068878898
195_89,s7.744804064,s0.093975188,s94.396185716
195_90,s-8.026043594,s-1.682738271,s13.635390082
195_91,s-4.094158312,s-1.105077377,s190.222708404
195_92,s-5.952212816,s1.442708892,s202.156436352
195_93,s-2.714354440,s-2.210676666,s196.108509471
195_94,s-2.080274596,s0.978046952,s229.365537744
195_95,s-2.731286255,s0.476632849,s12.390962022
195_96,s0.510835173,s0.097530668,s208.026780877
195_97,s0.253177759,s-1.085630870,s197.210260562
195_98,s-1.342290472,s0.549856492,s282.573653926
195_99,s1.936987911,s1.201871357,s234.845292542
195_100,s3.123227799,s0.224489096,s52.096562295
195_101,s3.538399505,s-1.002355515,s258.834516716
195_102,s6.672809665,s-1.003709252,s281.007957849
195_103,s3.548752832,s1.494737613,s11.028150681
195_104,s7.188756459,s-0.814619190,s60.604199049
195_105,s-7.955287333,s0.834000101,s223.527059805
195_106,s-6.013228404,s2.486570101,s89.051361040
195_107,s-4.498165594,s0.690050975,s147.728222724
195_108,s-3.551675150,s1.175388181,s45.999309811
195_109,s-2.944308623,s2.276027349,s93.484854575
195_110,s-1.659375233,s0.208417969,s275.049971899
195_111,s0.027491440,s1.203394088,s310.212378023
195_112,s1.459778750,s3.938968938,s277.540462574
195_113,s0.890878532,s0.638629661,s152.658443818
195_114,s1.622793133,s2.887564357,s48.709953488
195_115,s2.485571374,s2.242911362,s171.171003984
195_116,s3.560660563,s1.917972839,s69.717068842
195_117,s6.682006244,s1.936533272,s244.360118620
195_118,s6.184431373,s0.634664160,s328.063138906
195_119,s7.216814717,s1.080558595,s347.149650672
195_120,s-7.169845780,s2.434526289,s325.146021370
195_121,s-4.279210537,s2.900834262,s140.011493873
195_122,s-4.643168718,s4.633940127,s46.032251775
195_123,s-3.366357179,s2.819003619,s257.275891768
195_124,s-3.818626861,s1.979444804,s40.245926292
195_125,s-0.454530980,s2.908836038,s118.902812653
195_126,s-0.244868794,s0.939969783,s80.506187124
195_127,s0.269041633,s1.976187262,s150.622597600
195_128,s0.244291744,s3.114448540,s176.834319203
195_129,s2.307026673,s1.584075882,s310.515249003
195_130,s4.776997411,s0.035618775,s349.159889700
195_131,s3.718103417,s3.553978665,s255.319462639
195_132,s5.471863111,s-0.814154891,s108.533341900
195_133,s3.806881912,s1.574900350,s270.263679787
195_134,s4.537998504,s1.793715411,s155.964202540
195_135,s-8.083187308,s4.172824205,s72.270850630
195_136,s-6.877467745,s2.427752414,s209.405404373
195_137,s-5.579306506,s5.347086683,s270.546147006
195_138,s-1.254452201,s2.300906840,s92.739884719
195_139,s-4.728890330,s5.353554088,s236.427050973
195_140,s-4.007496823,s4.077135425,s187.859727518
195_141,s-0.946906189,s2.940247037,s64.922198961
195_142,s-1.784587194,s3.382925379,s18.526228305
195_143,s0.736283760,s4.286733987,s244.671445724
195_144,s2.391787409,s3.636181330,s34.520637754
195_145,s3.009041798,s2.544704253,s49.757458140
195_146,s2.178706819,s4.700220499,s291.473658685
195_147,s4.061382507,s3.262303323,s242.753056992
195_148,s6.933167325,s2.444642624,s152.170344996
195_149,s6.685198002,s4.818142551,s72.657567625
195_150,s-5.184537001,s6.082022618,s211.042972631
195_151,s-6.998208705,s4.070923584,s156.040453740
195_152,s-6.230971009,s3.730968887,s26.137698448
195_153,s-2.010474502,s2.859090080,s311.463735965
195_154,s-2.317014277,s4.382475331,s141.848857239
195_155,s-0.766439919,s4.513369558,s283.726734992
195_156,s-2.032541882,s1.522700454,s82.929628330
195_157,s-2.025268579,s4.175364862,s300.959185372
195_158,s-0.520522289,s3.507681026,s181.065656183
195_159,s1.004644341,s5.434799143,s183.777458162
195_160,s2.037718238,s3.667812912,s282.659215704
195_161,s3.319203371,s4.318230427,s188.915250234
195_162,s4.003757696,s4.143436894,s22.487061674
195_163,s4.875530430,s2.313225505,s10.022113641
195_164,s5.179953640,s3.833582191,s288.789083210
195_165,s-8.254526390,s3.375076530,s237.348982282
195_166,s-3.719625253,s6.218575626,s296.623690499
195_167,s-4.512634195,s3.502782498,s309.878412045
195_168,s-3.218178828,s5.701840305,s168.167708758
195_169,s-3.602505207,s4.616924540,s306.117269700
195_170,s-2.555961901,s5.346293607,s156.155321511
195_171,s0.679747363,s5.077240978,s126.125923494
195_172,s-0.517348555,s5.965036422,s24.365547356
195_173,s0.801913534,s5.251968547,s160.265312787
195_174,s1.358046254,s7.947599471,s283.979026517
195_175,s4.939690037,s7.766357388,s209.985980219
195_176,s1.880434813,s4.957418471,s189.819395581
195_177,s4.062073283,s6.093170410,s95.038576526
195_178,s5.158067698,s5.672340300,s316.661461462
195_179,s6.894478379,s6.135440009,s40.344767746
195_180,s-8.323544936,s6.402835552,s319.403178252
195_181,s-4.495106574,s5.549453983,s127.057873409
195_182,s-7.064611044,s7.805449242,s48.060441726
195_183,s-2.861859078,s7.263291583,s110.723063524
195_184,s-2.967752369,s5.357286865,s290.716502254
195_185,s-2.125684708,s8.057684236,s84.622049933
195_186,s-0.400225646,s7.653047287,s224.183903314
195_187,s-1.579887572,s5.353487150,s290.192880317
195_188,s0.021120563,s7.132678169,s216.585908748
195_189,s1.951035163,s5.942153163,s182.757265841
195_190,s2.337452766,s7.722276243,s153.172172271
195_191,s3.396537546,s7.913211832,s275.033908443
195_192,s4.299688899,s5.680018222,s328.627534916
195_193,s5.441197514,s7.518241895,s179.509717336
195_194,s6.933949384,s8.057684236,s311.396158888
196_0,s-7.532394482,s-6.405818655,s10.510321354
196_1,s-5.808487850,s-8.123534188,s163.793875674
196_2,s-5.240133265,s-5.401484563,s240.697509089
196_3,s-3.848046616,s-6.604473730,s223.169405402
196_4,s-3.054487437,s-7.599959556,s124.045922445
196_5,s-0.959411381,s-7.202687805,s85.790292715
196_6,s0.409604934,s-6.667503240,s217.406917503
196_7,s-0.047152323,s-5.828925559,s297.749639377
196_8,s0.912115892,s-7.321051725,s147.225017092
196_9,s1.948471550,s-7.956680406,s212.268144347
196_10,s3.515964574,s-6.098354543,s85.842624516
196_11,s5.057245117,s-5.453815428,s36.883893424
196_12,s2.821621140,s-7.874505615,s87.254978967
196_13,s6.524690243,s-5.199329218,s109.815135452
196_14,s6.246027322,s-7.422981902,s302.171991389
196_15,s-7.143802026,s-4.306077020,s84.138425363
196_16,s-4.605955936,s-4.001587361,s54.863270095
196_17,s-5.385777310,s-4.490520436,s81.208302710
196_18,s-2.383635117,s-3.989345146,s280.857842263
196_19,s-2.715108017,s-7.161874838,s348.683256159
196_20,s-0.645659456,s-5.623407450,s86.295598769
196_21,s-1.987457130,s-3.034876609,s257.775438228
196_22,s0.676401989,s-4.282913951,s30.155349198
196_23,s0.754776979,s-6.407495165,s28.710362470
196_24,s1.131307518,s-6.025471705,s191.130115884
196_25,s3.629219197,s-4.725979266,s297.462343900
196_26,s4.431667575,s-4.007846429,s216.371033864
196_27,s4.287500479,s-6.997274482,s163.574795459
196_28,s5.242964844,s-5.923183400,s180.635504042
196_29,s8.258484979,s-6.093187111,s194.549317154
196_30,s-6.165730273,s-2.890120662,s95.643138420
196_31,s-6.439010856,s-6.843988400,s169.396300681
196_32,s-6.266212068,s-1.645421418,s31.806110691
196_33,s-3.912287177,s-6.023568679,s331.518283521
196_34,s-3.850052122,s-3.431460452,s275.215268046
196_35,s-1.137991440,s-4.904244402,s16.843367063
196_36,s-1.911513046,s-6.678546594,s249.296326430
196_37,s-0.352560693,s-3.811003665,s254.650817928
196_38,s2.252469109,s-3.468029701,s122.413101093
196_39,s1.560969391,s-5.045423221,s140.151036993
196_40,s1.657330575,s-4.578945847,s351.569354922
196_41,s2.922198019,s-4.222197556,s202.365345316
196_42,s5.656274091,s-3.955446367,s48.054840000
196_43,s5.755551165,s-4.972503834,s66.981480936
196_44,s7.137421334,s-6.000648966,s179.148528011
196_45,s-7.977453878,s-1.527646131,s197.785879334
196_46,s-4.050387346,s-2.632283070,s264.494217702
196_47,s-4.270698513,s-5.305319765,s51.652339654
196_48,s-2.710265441,s-1.842164392,s123.326084483
196_49,s-1.396902541,s-4.352570108,s193.021490892
196_50,s-2.161254142,s-0.461503418,s229.593159829
196_51,s-1.876994183,s-1.892284455,s299.168090211
196_52,s0.951670241,s-3.191848644,s249.806861303
196_53,s1.712299309,s-3.003349951,s227.967622713
196_54,s1.162286881,s-1.952223541,s40.403987640
196_55,s2.973113297,s-3.375956895,s120.868852466
196_56,s4.028694203,s-3.648307669,s42.698235609
196_57,s3.887037463,s-1.418627339,s83.730601699
196_58,s3.668218975,s-2.217058748,s225.536848200
196_59,s6.081851524,s-3.752477335,s156.139914634
196_60,s-5.793047279,s-2.729567306,s193.078370076
196_61,s-5.808380619,s-1.371628001,s314.389490117
196_62,s-4.329220495,s-1.021973512,s337.863044472
196_63,s-4.245476629,s-3.349163200,s358.222943894
196_64,s-3.317301671,s-3.687673414,s88.529892426
196_65,s-3.246509341,s-0.990264255,s132.567106504
196_66,s-1.074864351,s-4.698819263,s101.199227709
196_67,s-0.068710581,s-1.823906976,s61.307301522
196_68,s1.053550431,s-1.577666404,s214.577554114
196_69,s3.025692382,s-1.402664480,s140.011534959
196_70,s2.597646258,s-4.663013863,s133.434833233
196_71,s3.033594000,s-2.067677462,s104.830419933
196_72,s6.234406743,s-2.576496143,s27.702995667
196_73,s8.167295897,s-2.851039241,s280.871363609
196_74,s7.199678100,s-1.601218963,s51.822247227
196_75,s-7.654314481,s-0.377446329,s72.776862685
196_76,s-7.228702652,s-1.312036620,s312.185366091
196_77,s-2.806944409,s-0.695275575,s168.451086076
196_78,s-4.098214924,s-1.951470949,s340.712833874
196_79,s-4.078309639,s0.336188143,s85.776054477
196_80,s-0.928648335,s-0.058432453,s332.758511106
196_81,s-1.242877534,s-1.364460959,s335.824325641
196_82,s0.277693527,s-0.312784000,s312.224228989
196_83,s1.712104143,s-0.028846864,s107.083580030
196_84,s-0.441014901,s-1.210270948,s349.588404764
196_85,s2.966472195,s-0.902357414,s264.262091060
196_86,s4.056916830,s-1.116341464,s359.754675695
196_87,s5.070438191,s-1.275566823,s171.264860277
196_88,s6.838096528,s-0.393658387,s56.534658956
196_89,s8.071264689,s-0.371278615,s137.013820387
196_90,s-5.659003580,s1.065379685,s229.160205410
196_91,s-7.212480617,s-0.417576383,s36.303343348
196_92,s-4.579972102,s1.373312916,s211.077140004
196_93,s-2.389653726,s1.442791146,s295.959888923
196_94,s-0.803350072,s-2.968949015,s219.513910307
196_95,s-2.832680891,s0.610117611,s8.949384667
196_96,s-0.185180719,s0.757364519,s116.847536131
196_97,s3.530605466,s-0.128195248,s23.805695616
196_98,s-0.572190429,s-0.708597842,s102.730900210
196_99,s2.493067231,s-1.227151037,s356.996932481
196_100,s1.867372785,s2.203072124,s152.679062452
196_101,s5.489495167,s-2.307027534,s262.446080307
196_102,s4.618154267,s1.283591489,s57.476577812
196_103,s4.454183525,s-0.621703152,s53.487125613
196_104,s7.655161201,s-0.596813861,s52.062025266
196_105,s-7.328108841,s1.322288907,s43.926560627
196_106,s-5.871261449,s2.013291966,s134.823372403
196_107,s-6.127508247,s-0.757328254,s137.252179463
196_108,s-2.651573903,s1.843755467,s40.366986011
196_109,s-3.526526165,s2.027879582,s140.965458681
196_110,s-0.953034188,s1.885857969,s176.039248989
196_111,s-2.504421617,s0.147580758,s221.020378089
196_112,s0.548430319,s1.087547193,s144.974716577
196_113,s1.051282003,s1.731127258,s352.689365084
196_114,s5.884414390,s0.100363251,s108.103560424
196_115,s2.148770884,s3.426175015,s15.319144900
196_116,s3.217134674,s0.556189797,s244.115399630
196_117,s5.796878884,s-1.116950391,s300.314721005
196_118,s5.519188154,s1.630731906,s119.782580334
196_119,s7.580023587,s2.674040173,s247.426556475
196_120,s-8.016975804,s1.619015534,s70.372139926
196_121,s-6.510673225,s2.516238855,s191.157084846
196_122,s-3.254318580,s0.739458166,s33.384627100
196_123,s-4.173669968,s1.886762733,s152.234491874
196_124,s-3.087383758,s3.062130603,s190.585052781
196_125,s-1.677728367,s0.104409503,s237.689354135
196_126,s0.967688834,s2.640317388,s110.145789596
196_127,s-0.286239572,s0.357357025,s283.119086683
196_128,s0.949880325,s-0.344609001,s274.471524808
196_129,s0.203843502,s3.622476505,s207.629489710
196_130,s1.638811408,s0.704159715,s211.512963535
196_131,s2.312403620,s0.083983534,s35.855445392
196_132,s2.636894283,s1.511221419,s313.352755265
196_133,s7.462635158,s0.242322856,s5.374698639
196_134,s6.331112625,s1.828920761,s82.765654287
196_135,s-8.200108202,s3.471251439,s70.226564275
196_136,s-5.872104248,s3.145809249,s342.582238623
196_137,s-5.845853332,s1.226803252,s213.121622171
196_138,s-2.514408690,s4.816027167,s267.408121252
196_139,s-0.275191868,s2.782098697,s125.394445739
196_140,s-0.512281598,s2.792595534,s205.049548816
196_141,s-0.779062798,s4.587495193,s72.905416283
196_142,s0.387226494,s2.650220257,s234.924502570
196_143,s-0.810332883,s1.167514148,s26.742819068
196_144,s1.617140051,s4.729289597,s115.584804367
196_145,s3.642623719,s4.227066908,s325.638778377
196_146,s3.405061266,s1.634880675,s257.247688609
196_147,s3.986029650,s2.560838646,s78.769292214
196_148,s5.308213503,s2.459261468,s354.184027337
196_149,s7.631820006,s3.669742091,s336.016234154
196_150,s-7.815928317,s3.772643672,s320.795483010
196_151,s-4.038186063,s3.793241632,s151.584747766
196_152,s-4.773260556,s4.250339670,s252.482406476
196_153,s-5.102503989,s1.540264313,s60.036808019
196_154,s-1.243778927,s3.335192915,s215.679107441
196_155,s-4.724128941,s2.961012698,s130.397036771
196_156,s-2.958828352,s3.855356430,s307.106222729
196_157,s-2.604840032,s4.503840360,s254.390592747
196_158,s1.008022439,s3.389553000,s197.167748810
196_159,s1.214134836,s2.319177798,s280.828076898
196_160,s2.319547439,s5.220871269,s179.293180277
196_161,s4.312387856,s4.038111460,s319.822955142
196_162,s4.765156284,s3.943271011,s111.695009266
196_163,s5.751388381,s3.537224066,s344.957416045
196_164,s6.800309341,s4.561000064,s302.655862194
196_165,s-6.750554544,s5.439259705,s2.817584942
196_166,s-6.222526641,s4.715944727,s100.261903665
196_167,s-4.799151354,s6.473075373,s88.768356675
196_168,s-3.953261590,s4.057453121,s102.590807652
196_169,s-3.361423530,s4.653011433,s257.520994413
196_170,s0.237604940,s5.084004380,s138.767903248
196_171,s0.827238151,s5.926406567,s287.378746529
196_172,s0.622287542,s4.160718283,s327.837315211
196_173,s0.973757475,s4.695757027,s124.599010764
196_174,s1.765132229,s6.582991163,s284.002752446
196_175,s4.317697267,s5.221494214,s247.909853426
196_176,s5.093815777,s4.407395561,s90.995029755
196_177,s6.496792853,s4.153342099,s225.760907622
196_178,s7.875576798,s5.849866987,s123.179982608
196_179,s8.145019734,s5.198248882,s9.347913370
196_180,s-7.797167893,s6.579419536,s174.837496470
196_181,s-5.742435175,s5.580343036,s293.558394366
196_182,s-4.851321113,s8.500559206,s143.344330712
196_183,s-3.628155696,s8.281000785,s319.767573699
196_184,s-3.436121331,s6.226354505,s190.759811916
196_185,s-1.494659965,s7.216642053,s225.475847217
196_186,s-2.140024292,s6.209484919,s357.520321095
196_187,s-1.439729765,s5.326669177,s28.875958125
196_188,s0.699823772,s7.299821865,s348.462110379
196_189,s1.193477038,s5.745686953,s16.390529918
196_190,s3.628976047,s7.929811792,s99.530958921
196_191,s2.033819735,s5.722941931,s280.664543678
196_192,s4.684600083,s6.282980903,s303.633566820
196_193,s4.632046741,s7.981837961,s190.063000720
196_194,s5.234977287,s5.535169686,s29.801566564
196_195,s-5.930383279,s8.120299764,s311.352176959
197_0,s-7.106628338,s-4.668055917,s211.463590404
197_1,s-6.055091857,s-7.885003852,s348.969251033
197_2,s-3.810270909,s-7.859170308,s205.155461815
197_3,s-2.968361792,s-7.130034219,s321.980488986
197_4,s-1.826953436,s-6.591264898,s131.048012458
197_5,s-2.674048823,s-5.040613135,s127.911978006
197_6,s-1.132001747,s-6.816536875,s263.669344009
197_7,s-0.811012554,s-7.793358610,s292.538936749
197_8,s1.177876456,s-7.643678655,s82.575928572
197_9,s1.007033933,s-4.253406517,s346.132392783
197_10,s2.880217535,s-7.964748106,s44.193990591
197_11,s4.136803724,s-7.120647335,s25.614898527
197_12,s6.329250732,s-6.947926615,s2.325269025
197_13,s5.566418831,s-7.781228067,s67.831803674
197_14,s7.445202654,s-7.654694976,s96.667385200
197_15,s-7.391457079,s-3.045551792,s257.197488037
197_16,s-7.057719082,s-6.849939706,s180.297661012
197_17,s-2.440738298,s-2.958411338,s127.546642667
197_18,s-4.464074647,s-7.413905990,s160.481700779
197_19,s-0.796973869,s-2.441275230,s251.751734913
197_20,s-3.574410793,s-6.047247322,s244.737692986
197_21,s0.480631776,s-4.109774744,s347.403542960
197_22,s1.798367616,s-3.860706362,s67.121075679
197_23,s0.855653509,s-5.692532893,s219.644108907
197_24,s2.576019293,s-6.504114993,s261.974383615
197_25,s3.768572913,s-5.717264274,s96.140824848
197_26,s3.844979123,s-3.353839279,s175.350915421
197_27,s4.346601344,s-5.418662940,s101.833071732
197_28,s8.269145121,s-5.627006844,s200.919525395
197_29,s7.795318841,s-3.746117154,s287.326107962
197_30,s-5.656242162,s-4.252890726,s78.241639176
197_31,s-3.532966646,s-6.398348306,s160.727056351
197_32,s-4.016509216,s-2.788656885,s315.819521450
197_33,s-5.333041274,s-5.381141759,s315.476559905
197_34,s-4.779746143,s-5.043474393,s153.180662400
197_35,s0.096282131,s-0.849355893,s28.152133544
197_36,s-0.408408280,s-6.086747408,s233.258003045
197_37,s-0.164052814,s-6.769396952,s148.583059552
197_38,s1.159576573,s-1.131211733,s156.428134669
197_39,s-1.068102213,s-5.756887690,s159.745336076
197_40,s2.632314303,s-6.064931777,s306.894580798
197_41,s3.377551141,s-1.934148877,s314.706207801
197_42,s5.391080055,s-4.921181316,s251.251325787
197_43,s5.746288509,s-5.990211309,s253.131494768
197_44,s6.475640231,s-3.194065793,s181.399441049
197_45,s-6.502660240,s-2.488560972,s232.574441077
197_46,s-6.450099376,s-3.842737701,s203.528816692
197_47,s-4.037705993,s-1.366310250,s156.554045923
197_48,s-3.115027119,s-1.772996313,s332.806414417
197_49,s-4.274094381,s-0.638681644,s75.025640752
197_50,s-1.865322027,s-4.118136104,s101.794877998
197_51,s0.381260022,s-0.293578745,s219.067472180
197_52,s2.374575819,s-2.986054634,s147.787102818
197_53,s3.176413361,s-2.766439503,s229.740755460
197_54,s3.124926480,s-1.758415821,s91.648104105
197_55,s3.000524605,s-3.967462596,s277.198442583
197_56,s3.632661297,s-0.601224614,s324.535576857
197_57,s5.681352312,s-4.541065394,s152.880512195
197_58,s4.842937922,s-2.672894116,s253.128872139
197_59,s8.058259271,s-1.245338323,s173.569575914
197_60,s-7.267815134,s-1.625226721,s196.926783485
197_61,s-6.155631260,s-1.198056191,s154.783015820
197_62,s-4.598752228,s-2.357350543,s303.765587698
197_63,s-2.962739511,s-4.337847500,s85.226482130
197_64,s-2.832216148,s-0.213682649,s322.366620267
197_65,s-1.204249649,s-1.587961417,s309.906601668
197_66,s-1.342423741,s-5.383504959,s124.645861869
197_67,s-1.125569347,s-4.447512388,s64.995109413
197_68,s1.775620698,s-0.403602830,s268.840297841
197_69,s1.545875334,s-3.760139906,s59.296119754
197_70,s3.386091477,s-0.933674126,s135.978365116
197_71,s2.138414345,s-5.389912030,s253.955027515
197_72,s4.534370312,s-2.788439244,s195.935616105
197_73,s7.977636748,s-5.044640269,s358.447465911
197_74,s5.458648369,s-1.925971152,s327.859680718
197_75,s-4.808470082,s-0.127314419,s85.705430621
197_76,s-5.071452722,s1.679159083,s175.327248733
197_77,s-5.951019181,s-0.660301967,s17.912340904
197_78,s-2.528248816,s0.769237967,s197.773047654
197_79,s-2.300515257,s-1.446015222,s216.108593358
197_80,s-0.434734696,s-1.955865969,s13.639073554
197_81,s0.895190671,s-0.638371958,s129.111344699
197_82,s-0.122116125,s-2.743195550,s154.970998723
197_83,s1.525156742,s-2.620316901,s129.403914447
197_84,s-1.011241395,s0.379121958,s36.668173286
197_85,s4.816637963,s-0.704945347,s265.738488085
197_86,s4.293291202,s-1.633205741,s67.400981318
197_87,s4.542676686,s0.601212991,s48.500174769
197_88,s5.175196029,s-0.254680935,s284.943447469
197_89,s6.446627600,s-2.030185386,s327.086076730
197_90,s-8.029287230,s-1.459330991,s26.479894100
197_91,s-7.695168427,s0.026386178,s98.359922617
197_92,s-4.607639534,s0.045192294,s185.681381328
197_93,s-4.075045756,s-4.301037204,s88.707997756
197_94,s-1.542514093,s-0.987385233,s62.259229772
197_95,s-1.150626530,s-0.618266526,s348.369023728
197_96,s-1.968276022,s0.389242210,s19.816808074
197_97,s-1.403268102,s1.536202198,s90.369212226
197_98,s1.031506111,s2.292648461,s290.426455921
197_99,s2.899438389,s0.809612517,s159.987344437
197_100,s1.520692461,s-0.617150410,s67.049239120
197_101,s1.350165797,s0.166509539,s357.684110267
197_102,s3.437632439,s0.354414042,s268.255448356
197_103,s6.157355426,s0.409071493,s163.949004598
197_104,s7.648383719,s-1.817893769,s62.999068252
197_105,s-7.251554598,s2.971026722,s21.071332544
197_106,s-6.179719711,s1.075370039,s27.921265142
197_107,s-3.513277248,s-0.269026444,s26.656056713
197_108,s-4.345903866,s1.597604714,s142.013085148
197_109,s-2.194931064,s0.613237409,s21.451146652
197_110,s0.064271407,s1.429387149,s297.428168915
197_111,s-0.003346418,s0.469760588,s251.063506285
197_112,s0.277804648,s0.939706346,s159.209579122
197_113,s2.249223188,s1.735455288,s254.775713678
197_114,s2.096096859,s0.967252188,s154.530759401
197_115,s4.009729456,s1.193747299,s118.225683056
197_116,s5.049019740,s1.314778903,s157.042704470
197_117,s5.070268705,s3.977333160,s315.759140470
197_118,s5.868185805,s2.567526639,s220.807173061
197_119,s7.904115572,s1.110006265,s315.696198068
197_120,s-7.803997236,s1.465372710,s111.482509689
197_121,s-6.694580129,s-0.976244283,s354.759069136
197_122,s-4.802952321,s2.484482592,s261.158690605
197_123,s-3.576295743,s1.925527823,s229.300910409
197_124,s-3.106040271,s1.881675268,s183.686716187
197_125,s-1.851661381,s2.687260012,s100.740197595
197_126,s-1.762827517,s1.953189884,s108.506706139
197_127,s-1.455861717,s3.358722741,s326.543242882
197_128,s1.336797416,s2.757555776,s183.744288102
197_129,s3.154436433,s1.925594387,s91.451024918
197_130,s0.781475543,s3.641325834,s104.128155620
197_131,s2.954146123,s3.524014441,s73.108076929
197_132,s2.067964337,s-0.862758291,s2.684390288
197_133,s6.615335485,s0.460489061,s125.215067323
197_134,s7.310606038,s0.303249082,s215.247741664
197_135,s-6.072822724,s1.584163839,s290.360521877
197_136,s-7.756935460,s6.165668629,s218.100653071
197_137,s-4.693775904,s2.878535649,s69.696307102
197_138,s0.042168533,s3.215813153,s213.248479678
197_139,s-3.145383151,s0.112350977,s315.030562006
197_140,s-0.215467210,s5.699298798,s353.633867271
197_141,s0.173297189,s2.693190772,s180.095173350
197_142,s1.091765696,s4.693888289,s314.510195150
197_143,s1.899100714,s3.181471645,s261.893415740
197_144,s3.501349786,s1.091452058,s94.910201071
197_145,s3.264349936,s6.180507317,s284.595628030
197_146,s6.829116552,s3.227417345,s257.563839196
197_147,s4.465548868,s3.538834185,s280.781542295
197_148,s5.559984644,s1.039172442,s51.182545311
197_149,s7.456367902,s4.037010911,s200.429542209
197_150,s-8.061042726,s2.691807490,s138.026313534
197_151,s-5.524728538,s3.684662168,s192.570621794
197_152,s-6.065164814,s2.165679011,s167.401803169
197_153,s-2.666768052,s3.994293881,s276.383643764
197_154,s-2.215051144,s3.345297265,s347.775485137
197_155,s-5.403230803,s5.162599650,s333.908703618
197_156,s-0.645781396,s4.116033104,s250.144748424
197_157,s0.890063273,s4.806302886,s221.033672784
197_158,s-0.251184907,s1.721150712,s210.195503119
197_159,s3.024917054,s4.682714838,s302.260081788
197_160,s2.819901777,s2.580952456,s323.316047855
197_161,s5.170206262,s0.317882513,s201.056647484
197_162,s3.019970895,s3.837292168,s347.195187661
197_163,s3.944719423,s4.766815414,s305.494557897
197_164,s7.294748058,s2.820191129,s297.155595049
197_165,s-7.426475095,s5.480083846,s218.072100387
197_166,s-3.358552671,s2.449027609,s114.474228669
197_167,s-6.874181751,s4.731698006,s93.942146801
197_168,s-2.411471830,s4.662080201,s61.690846332
197_169,s-1.513426024,s5.761120785,s9.434786258
197_170,s-2.836596960,s4.923827931,s106.497077426
197_171,s0.087924319,s4.631966128,s323.275041773
197_172,s0.431357881,s6.641858372,s112.212421073
197_173,s0.886405574,s7.259835852,s276.699495942
197_174,s1.305891830,s4.800649794,s44.050335210
197_175,s4.161692692,s2.922789515,s116.696656415
197_176,s5.628004357,s5.703783605,s144.788793845
197_177,s4.288081315,s5.622285774,s248.589380510
197_178,s7.265466772,s3.685668714,s171.524706733
197_179,s7.892232937,s5.265016382,s3.842193313
197_180,s-7.308092129,s7.554596647,s118.142240400
197_181,s-5.096807915,s5.909496672,s32.151726740
197_182,s-4.637533155,s6.825332398,s215.008848388
197_183,s-4.248410441,s5.673805952,s109.523099391
197_184,s-4.342610334,s7.782430163,s68.829565480
197_185,s-0.882323717,s7.203962361,s278.087960956
197_186,s0.454429252,s5.587703641,s283.517930726
197_187,s-0.347765338,s7.872337470,s196.853498544
197_188,s0.659087876,s8.182209178,s114.918816727
197_189,s2.236232756,s7.109578319,s124.873435997
197_190,s3.904021482,s7.599214231,s49.060104704
197_191,s3.078054060,s6.857105575,s178.996155742
197_192,s3.059474717,s8.127969332,s198.865263380
197_193,s5.511220825,s6.701031456,s208.139850749
197_194,s6.572184410,s5.954296589,s217.374305063
197_195,s-7.203742881,s7.924078873,s303.729319815
197_196,s-6.102598648,s7.956296775,s321.605185409
198_0,s-7.280425585,s-4.747729742,s315.290950653
198_1,s-5.521763657,s-6.864139173,s322.207943667
198_2,s-4.467964030,s-7.079509641,s88.038966927
198_3,s-4.690589338,s-5.659956547,s158.110036033
198_4,s-3.938402403,s-6.219660930,s194.534394829
198_5,s-2.271628724,s-7.322874770,s42.928906461
198_6,s-1.205661738,s-6.643324769,s324.350394221
198_7,s0.521887394,s-7.525398179,s259.570453477
198_8,s0.635446717,s-6.646742987,s182.679026539
198_9,s1.937374810,s-7.240282970,s301.616236512
198_10,s3.100311382,s-5.715040666,s3.573539045
198_11,s2.387575400,s-7.243306186,s38.205334158
198_12,s3.524797554,s-6.783870422,s244.367347118
198_13,s5.161061702,s-6.606967931,s193.477025325
198_14,s7.098036117,s-6.202306556,s35.527001346
198_15,s-7.140122365,s-3.153354795,s181.151963780
198_16,s-5.087405750,s-6.090033423,s248.836248539
198_17,s-4.306990165,s-4.971142279,s100.705273782
198_18,s-2.600295714,s-6.579037036,s262.231023877
198_19,s-1.486964530,s-4.514183264,s75.196115775
198_20,s-1.380940140,s-6.587472446,s304.750774043
198_21,s-1.356868749,s-4.659808256,s308.781327751
198_22,s0.419161411,s-2.945664157,s233.217083388
198_23,s1.604989475,s-6.568322009,s9.972207104
198_24,s1.175197026,s-4.248503388,s131.385811902
198_25,s2.938459720,s-3.492396259,s70.015789840
198_26,s4.599484934,s-3.365059084,s344.877825957
198_27,s4.472116169,s-5.941702886,s153.706013455
198_28,s7.279289872,s-3.368554709,s27.769522759
198_29,s6.093597529,s-4.860017482,s146.212792924
198_30,s-7.279953383,s-2.697650923,s299.124203560
198_31,s-4.939318046,s-4.350329437,s95.840293003
198_32,s-5.621624009,s-2.838149041,s268.862830087
198_33,s-4.304806431,s-2.840766350,s324.073717803
198_34,s-3.165087957,s-4.430286732,s274.723242948
198_35,s-1.996657509,s-3.443443847,s126.905044845
198_36,s-0.888752297,s-3.980887218,s8.600748434
198_37,s0.287249773,s-5.628882632,s274.616222937
198_38,s1.573950380,s-2.750363191,s272.687244315
198_39,s2.333314877,s-0.235450002,s244.968480299
198_40,s1.584253927,s-6.264932426,s153.587477426
198_41,s1.730197189,s-3.117007996,s156.069101895
198_42,s3.279126428,s-2.901365839,s322.355523477
198_43,s4.308102952,s-7.491778705,s341.733989675
198_44,s6.621868968,s-2.315402990,s300.912888742
198_45,s-6.277948632,s-2.701238466,s253.355375209
198_46,s-4.759554879,s-2.338287961,s198.997250479
198_47,s-2.613728314,s-3.903504957,s96.700899938
198_48,s-2.066363140,s-4.225023326,s356.560443011
198_49,s-2.618693201,s-2.104925863,s199.214807945
198_50,s-0.726650665,s-3.258824173,s27.435011959
198_51,s-0.858354501,s-4.214490897,s224.421931719
198_52,s0.298239945,s-5.053770855,s345.409489335
198_53,s1.354395278,s-2.155398231,s293.564415795
198_54,s2.173248469,s-6.215730897,s209.458700120
198_55,s3.112522508,s-2.022942059,s321.261825155
198_56,s4.237915493,s-4.971565831,s43.124525259
198_57,s4.175149314,s-0.392078430,s84.483657941
198_58,s4.713662861,s-2.781315400,s261.621417666
198_59,s7.358965841,s-2.880984966,s96.945666778
198_60,s-7.002878725,s-1.712197783,s0.164078300
198_61,s-7.144323104,s-2.156195230,s267.580807392
198_62,s-3.066921376,s-0.581681569,s157.494959529
198_63,s-3.875012503,s-2.657722094,s116.577892272
198_64,s-2.789118583,s-2.421731846,s322.023324438
198_65,s-2.750206673,s0.137189067,s150.931905632
198_66,s-1.128420598,s-1.006214755,s202.731496625
198_67,s1.399463718,s-1.593275788,s129.249834643
198_68,s-0.615913279,s-2.437145695,s100.615919823
198_69,s2.403149457,s-2.716632154,s116.306112077
198_70,s2.557828702,s-1.020466307,s325.814425116
198_71,s4.110095085,s-1.771170030,s84.226908318
198_72,s3.175786704,s-5.999321115,s259.965627877
198_73,s4.873406833,s-1.805303982,s134.519802273
198_74,s5.585083885,s-3.346431701,s227.953169697
198_75,s-4.977226612,s-1.353866272,s167.033786017
198_76,s-7.037197365,s0.090928572,s284.977625567
198_77,s-2.811240351,s-1.228130557,s122.843298620
198_78,s-1.495663016,s-1.285972485,s309.848727501
198_79,s-0.608282855,s-1.381422050,s63.451815237
198_80,s-3.029353432,s0.743632456,s310.313394157
198_81,s0.135198833,s-2.641383276,s223.781836813
198_82,s-0.688029656,s-0.431956271,s123.768622592
198_83,s2.217672035,s-1.921767742,s297.841079359
198_84,s1.889221875,s-0.246644682,s249.689676663
198_85,s3.321058251,s0.052933412,s286.420923333
198_86,s4.105130034,s-0.167434667,s70.944562559
198_87,s5.799013558,s0.280635695,s225.053657455
198_88,s5.595495701,s-1.912812876,s307.576612835
198_89,s7.652039591,s-2.302194085,s332.469591558
198_90,s-7.125265347,s0.717547172,s167.837788868
198_91,s-5.727927552,s-1.532900498,s132.755000706
198_92,s-4.609762033,s-0.245938542,s53.391609979
198_93,s-4.226933193,s-1.097090991,s169.989886226
198_94,s-7.249225124,s-2.835157725,s105.041657869
198_95,s-3.466003432,s1.111458867,s348.169465305
198_96,s0.072962391,s0.020500851,s88.206667681
198_97,s0.502839433,s1.079615211,s290.543331305
198_98,s0.284864086,s-0.220941320,s273.306194998
198_99,s1.295722247,s0.602500678,s134.192940559
198_100,s3.691101858,s-3.717568974,s199.802352155
198_101,s1.892572754,s1.391983587,s74.626977566
198_102,s4.062358230,s0.868492575,s306.426486601
198_103,s5.117155695,s0.578828282,s71.400313937
198_104,s7.698797641,s-1.578867365,s125.710022850
198_105,s-6.089869043,s3.646216342,s70.977406970
198_106,s-3.993727473,s0.156325620,s328.704587686
198_107,s-5.022974729,s0.793309210,s156.947690499
198_108,s-1.985830027,s1.987937252,s345.711543283
198_109,s-2.972034382,s2.117098831,s30.241672275
198_110,s-2.126847972,s-0.566045668,s109.857047254
198_111,s-1.409090273,s0.215245188,s60.512286344
198_112,s0.121574532,s3.818870987,s77.426880871
198_113,s2.028831951,s3.631670210,s181.243503418
198_114,s0.632684159,s-2.814495936,s21.001862788
198_115,s1.307792273,s1.457116571,s333.876296130
198_116,s4.810259681,s2.732812036,s74.070578582
198_117,s3.031774816,s-0.712795337,s255.289680982
198_118,s4.023995782,s1.078431967,s180.123240536
198_119,s7.204898128,s-0.868283906,s114.345306512
198_120,s-5.540741792,s-0.010876619,s302.943495893
198_121,s-6.182100574,s0.447172545,s204.951612372
198_122,s-4.916983182,s3.743750658,s139.723916901
198_123,s-2.931403270,s2.455898047,s149.971577462
198_124,s-3.760249160,s1.294998714,s195.033361100
198_125,s-2.098589471,s3.231498750,s136.778290141
198_126,s-1.131855746,s1.761301313,s323.601124037
198_127,s-0.882936118,s0.477046285,s230.599087124
198_128,s-0.518634666,s0.847336602,s104.307362815
198_129,s1.161267936,s-0.956030979,s305.810363636
198_130,s4.894918075,s2.214739794,s359.106543291
198_131,s2.947794253,s0.355459163,s268.882925000
198_132,s4.811062348,s2.899561159,s48.011786975
198_133,s7.205857340,s1.235683752,s148.974458841
198_134,s7.528298328,s0.733997138,s322.101760995
198_135,s-6.652212330,s4.188993288,s69.319631008
198_136,s-5.881694694,s0.872860379,s303.055823833
198_137,s-4.230666989,s1.773714480,s78.706797638
198_138,s-2.362674374,s4.294142887,s314.426266782
198_139,s-2.826066083,s3.272470565,s347.784022883
198_140,s0.353766944,s1.059122097,s240.625942708
198_141,s0.999646383,s4.331297345,s193.479982134
198_142,s1.193507225,s0.132006550,s81.090153817
198_143,s2.296965956,s4.641261904,s228.394551939
198_144,s1.701622042,s3.967881839,s249.623277110
198_145,s2.606488674,s0.696104365,s293.972128221
198_146,s3.454532474,s1.692841364,s320.285525679
198_147,s6.256707983,s1.173137151,s126.210916925
198_148,s5.529174082,s4.792114353,s117.900020849
198_149,s7.049104606,s2.260710748,s21.281096944
198_150,s-6.366174217,s1.649398535,s276.453316450
198_151,s-3.918434866,s3.936887217,s33.022195931
198_152,s-2.985451772,s5.793543072,s340.521778414
198_153,s-4.140242404,s2.998881856,s228.147040190
198_154,s-0.985898292,s5.033385381,s221.035303799
198_155,s-0.702857708,s3.182156292,s59.923871739
198_156,s-2.081428788,s6.197562544,s249.248500295
198_157,s1.158676081,s2.132196590,s97.262516789
198_158,s0.853442622,s3.662241957,s30.145742991
198_159,s1.972139748,s2.296213565,s87.616639886
198_160,s2.858654913,s4.761130358,s283.323583691
198_161,s3.932527576,s3.325307585,s318.585947991
198_162,s3.611215278,s5.989043025,s40.010161902
198_163,s4.693780034,s3.707339919,s133.113378463
198_164,s6.712371759,s2.760988288,s35.972186389
198_165,s-4.808724732,s5.034633069,s335.388759517
198_166,s-5.579563665,s3.496567433,s137.451657985
198_167,s-4.965189649,s6.741657441,s292.817127117
198_168,s-3.133612531,s3.604370981,s78.758869011
198_169,s-1.243109386,s2.282763380,s235.723289094
198_170,s-1.645594771,s6.468303644,s215.214921470
198_171,s0.404755799,s5.934128983,s199.788056856
198_172,s0.673786839,s7.522258177,s277.045208588
198_173,s-0.995663138,s4.191590527,s43.451103767
198_174,s-0.872594023,s4.874473915,s218.947300396
198_175,s3.800644188,s4.153069797,s48.097676489
198_176,s4.686060813,s4.884352274,s41.021663091
198_177,s3.099351718,s6.053427217,s342.207968250
198_178,s4.056354765,s3.827581173,s284.896231846
198_179,s6.984541285,s6.137593715,s126.461173657
198_180,s-7.082421824,s2.675954967,s148.650571242
198_181,s-6.379838660,s7.247820409,s200.762031690
198_182,s-3.818456029,s4.944386498,s269.100097319
198_183,s-3.333265889,s4.582268559,s313.108107253
198_184,s-2.692451535,s7.284475788,s98.005570292
198_185,s-1.372980641,s7.400873507,s212.978225837
198_186,s0.397195692,s6.837669937,s261.922525435
198_187,s-0.242421704,s7.072617068,s351.842874337
198_188,s1.051467871,s5.395438388,s134.307124472
198_189,s2.757088316,s5.062200380,s293.345698668
198_190,s2.336695936,s6.683306664,s239.472214011
198_191,s2.982496684,s7.368236354,s104.282765413
198_192,s4.520380772,s6.991271374,s71.284626237
198_193,s6.849905464,s4.635245149,s262.470394969
198_194,s4.908791649,s5.691104076,s358.532593270
198_195,s-7.087709997,s6.483611812,s48.616701247
198_196,s-4.231528382,s7.456843725,s130.217405191
198_197,s-3.613919860,s7.193064280,s154.419825153
199_0,s-7.392170577,s-5.276184765,s215.428712729
199_1,s-7.078310832,s-6.751765276,s131.049561459
199_2,s-3.006787707,s-6.148532776,s174.934493725
199_3,s-4.192305165,s-7.950041452,s152.488405920
199_4,s-2.925208767,s-7.828780871,s146.629524110
199_5,s0.469565443,s-4.519011423,s6.974093693
199_6,s-1.385995951,s-6.686141896,s162.026323825
199_7,s-0.719716489,s-7.906512532,s137.241092135
199_8,s1.107388599,s-7.811275573,s187.420012849
199_9,s1.454404469,s-5.960424008,s128.078545953
199_10,s1.729100741,s-7.950041452,s220.234942494
199_11,s2.624086113,s-7.950041452,s179.105908435
199_12,s4.032901317,s-6.189088575,s49.823685907
199_13,s4.090577519,s-7.445249144,s185.964623701
199_14,s7.000009891,s-7.917113346,s89.596184132
199_15,s-4.235994359,s-4.711086599,s150.157531803
199_16,s-3.791628217,s-4.378320269,s175.819913089
199_17,s-3.947860241,s-3.575756293,s192.589218509
199_18,s-3.031078575,s-5.550167144,s11.314260990
199_19,s-2.968140261,s-4.607074151,s192.434252666
199_20,s-2.083401090,s-6.579684823,s177.843991088
199_21,s-2.257301241,s-4.262553489,s359.431948248
199_22,s1.285377114,s-4.601771848,s39.260816556
199_23,s0.999330712,s-6.898307815,s311.931146656
199_24,s3.404231211,s-6.205190934,s224.262083053
199_25,s3.564987798,s-3.941882019,s161.633610204
199_26,s4.492674180,s-7.361753537,s248.627489881
199_27,s2.976082573,s-5.678622203,s98.709076573
199_28,s5.169487854,s-7.373232732,s339.965104173
199_29,s7.715527329,s-6.705899988,s213.376732113
199_30,s-7.950169956,s-4.012657196,s134.385865450
199_31,s-6.684138947,s-3.732182470,s309.077290965
199_32,s-3.792925105,s-2.953810652,s295.994258482
199_33,s-3.695352730,s-2.521401399,s70.099302248
199_34,s-1.206904042,s-5.560901923,s124.502315437
199_35,s0.499351738,s-0.969041131,s293.504628200
199_36,s0.291548205,s-3.643635795,s237.876708945
199_37,s1.158554279,s-1.664308394,s24.413011371
199_38,s2.122154336,s-4.740995918,s23.357555905
199_39,s-0.410018470,s-7.109518919,s1.997126471
199_40,s3.414516722,s-3.607386302,s121.861565553
199_41,s4.840168991,s-4.393222002,s281.946666806
199_42,s4.792089232,s-6.271073860,s202.956303225
199_43,s4.984640102,s-0.524280667,s241.480525307
199_44,s5.178844131,s-4.576241484,s280.637416609
199_45,s-6.152002416,s-2.365955759,s351.593746536
199_46,s-5.689175432,s-7.153664847,s335.615586219
199_47,s-5.184673335,s-3.466208524,s281.689058530
199_48,s-5.598906187,s-5.045080927,s42.682168974
199_49,s-0.136220538,s-3.237222135,s298.269761137
199_50,s-2.815040538,s-4.035407954,s179.290501696
199_51,s-1.153549932,s-4.245757911,s301.153679800
199_52,s-0.057475863,s-2.651229655,s67.359668758
199_53,s1.548467313,s-3.388521683,s286.852165188
199_54,s2.416350631,s-1.875049591,s305.834577972
199_55,s1.736534926,s-4.934161426,s12.619082148
199_56,s3.976481322,s-2.126570975,s57.352255897
199_57,s5.530791147,s-3.512034740,s342.271203651
199_58,s7.915902376,s-2.176303480,s278.043530860
199_59,s7.931909209,s-6.791429196,s269.579340320
199_60,s-7.824859269,s0.071762933,s136.295682807
199_61,s-7.278959176,s-1.457183126,s5.763393707
199_62,s-6.078807404,s-1.671352942,s262.182544930
199_63,s-4.086475203,s-2.005283870,s237.138905847
199_64,s-3.843989573,s-1.826947950,s62.776308734
199_65,s-2.739055413,s0.347348610,s236.358575073
199_66,s-3.488802324,s-4.549549520,s14.178521119
199_67,s0.082554631,s-3.301457485,s274.884012683
199_68,s2.932326992,s-3.025136726,s249.264127516
199_69,s5.133338842,s-3.657558939,s238.803580116
199_70,s1.654662443,s-1.295374781,s286.773972695
199_71,s3.103992986,s-2.483458031,s186.137906041
199_72,s4.273547299,s-1.950854262,s251.761341220
199_73,s3.574633484,s1.507734918,s337.460271648
199_74,s5.973339542,s-2.880277349,s344.047173030
199_75,s-7.265431108,s0.200046317,s165.816774517
199_76,s-3.605357234,s-0.890780226,s80.038429262
199_77,s-5.078943933,s-1.520716900,s107.596316404
199_78,s-3.437344355,s0.637166809,s192.636798398
199_79,s-2.671252804,s-1.608209970,s188.320916598
199_80,s-1.198457178,s-2.906167600,s125.159065244
199_81,s-0.576114707,s-1.609277970,s7.256884489
199_82,s0.755056187,s-0.563054534,s190.002515813
199_83,s0.143260736,s-1.862910684,s311.838496372
199_84,s2.312344054,s-0.536008433,s203.385245699
199_85,s3.904066816,s-1.774951185,s43.991635800
199_86,s3.655240561,s-1.248987530,s251.208092964
199_87,s6.918473786,s-1.595737493,s203.794736109
199_88,s7.285846377,s-0.877265420,s216.079417541
199_89,s8.024803319,s-0.767012623,s162.211042787
199_90,s-6.046579169,s-0.088987509,s114.987126813
199_91,s-5.904850075,s-0.974933906,s254.473865538
199_92,s-4.694407493,s1.589044814,s271.137702399
199_93,s-4.821342924,s0.175821280,s38.666313251
199_94,s-4.617580577,s0.090583737,s124.067463024
199_95,s-2.668482081,s1.597851122,s200.561199755
199_96,s-1.328251662,s-1.066656107,s166.182679429
199_97,s-2.764943869,s3.182060150,s202.462773574
199_98,s1.275881323,s-0.721102161,s355.004108419
199_99,s2.958246134,s0.120718681,s295.035586886
199_100,s5.302110770,s0.932792308,s95.972036877
199_101,s5.685445720,s0.099086915,s263.036662539
199_102,s6.270680575,s2.920053388,s121.567692181
199_103,s4.358878731,s-1.046131996,s110.713310601
199_104,s6.361978563,s-0.305974311,s326.246589447
199_105,s-6.728894430,s2.066945866,s133.735373081
199_106,s-5.022437705,s-0.906434260,s228.688736884
199_107,s-4.117587175,s1.976931293,s295.945595876
199_108,s-2.863989938,s1.522746132,s152.514862065
199_109,s-3.741266902,s2.252704383,s302.417636374
199_110,s-2.073625615,s-1.009082671,s297.349608579
199_111,s0.102888437,s0.562641249,s16.643864623
199_112,s1.107908171,s0.664134528,s321.884920231
199_113,s2.058910376,s0.046776439,s250.441969027
199_114,s3.447802146,s0.044662439,s203.849822915
199_115,s0.049215259,s1.950675537,s204.981100738
199_116,s2.526465239,s1.373499153,s55.349203758
199_117,s2.316309731,s-1.185524819,s270.553338654
199_118,s6.338385006,s0.310640165,s198.817904474
199_119,s5.389858994,s1.461798448,s36.992002893
199_120,s-7.938869224,s4.363077717,s268.949852955
199_121,s-5.575170635,s0.178780185,s269.485337520
199_122,s-5.881336717,s2.373336519,s111.254302179
199_123,s-3.666029925,s3.233916167,s193.408107399
199_124,s-2.069328773,s2.620669960,s161.551632663
199_125,s-1.799594531,s3.888672748,s225.722407954
199_126,s-2.516096856,s0.564040234,s286.244921547
199_127,s-0.097487556,s3.293785022,s62.000883584
199_128,s-0.540970126,s1.524702938,s115.524226468
199_129,s1.878568865,s3.314092910,s52.885903443
199_130,s2.212096055,s1.405891119,s308.466019433
199_131,s2.663036609,s2.510170709,s42.802936733
199_132,s5.396669820,s2.395552874,s134.895464781
199_133,s5.965877480,s3.449360788,s83.334728355
199_134,s7.129490300,s4.038477481,s200.759700190
199_135,s-6.033168760,s3.269979035,s320.517392161
199_136,s-6.299636679,s2.412217648,s310.562636105
199_137,s-4.965145363,s3.064234523,s129.442541150
199_138,s-2.577601876,s3.296880719,s231.100109867
199_139,s-2.610566887,s5.430991038,s72.274109442
199_140,s-0.023469756,s3.336000170,s103.623438806
199_141,s-0.288422187,s-0.371990026,s147.419414362
199_142,s1.528186397,s1.221327883,s134.141517414
199_143,s0.109637373,s4.031692822,s229.677630921
199_144,s1.903037965,s2.110447481,s16.232314420
199_145,s2.597725989,s4.295664276,s126.548791669
199_146,s3.615037595,s3.356391727,s316.470435907
199_147,s3.899299116,s2.056587443,s257.008267411
199_148,s4.342606197,s2.889558179,s230.085640104
199_149,s8.236005070,s2.375816116,s60.117235337
199_150,s-7.588321321,s4.760448417,s84.166168097
199_151,s-4.379981930,s3.758000572,s272.699905533
199_152,s-3.313017221,s5.572748026,s193.990669441
199_153,s-4.530091392,s5.200343233,s46.684430627
199_154,s-3.624441625,s2.931585251,s257.679885362
199_155,s-3.025991265,s7.632254670,s274.127665308
199_156,s-1.106601754,s3.249594943,s266.259088408
199_157,s0.568215224,s1.027165939,s139.019879159
199_158,s1.057569406,s4.322927202,s335.570562529
199_159,s1.163438078,s3.230045916,s114.311481624
199_160,s0.744380078,s5.455886897,s260.150204086
199_161,s4.622792402,s3.580663169,s328.702618061
199_162,s5.200643197,s7.041402059,s328.706802848
199_163,s5.380397981,s4.103416313,s102.568739136
199_164,s7.882517024,s5.117446714,s202.553610285
199_165,s-7.098521334,s2.516067365,s263.034380988
199_166,s-5.708898512,s5.305210302,s342.458753873
199_167,s-0.881235231,s3.995769155,s345.261038007
199_168,s-5.113637393,s6.128387176,s122.389703302
199_169,s-1.938395560,s0.971818789,s166.856445079
199_170,s-1.723748965,s6.139568629,s169.441713679
199_171,s-0.153480290,s5.521853811,s298.204960262
199_172,s0.600466817,s5.689747704,s278.263877228
199_173,s1.817341271,s4.605077363,s258.165818258
199_174,s2.336650972,s5.218197385,s137.694811050
199_175,s2.862754431,s6.748312073,s17.752917846
199_176,s2.351978454,s2.334324751,s347.542639410
199_177,s2.975135032,s4.392558599,s7.397039550
199_178,s5.954026478,s4.492758985,s194.916928519
199_179,s6.522583799,s6.412200817,s265.462646728
199_180,s-8.003965133,s5.054320352,s114.508029925
199_181,s-7.489430089,s6.516152712,s200.088440077
199_182,s-4.554723561,s7.745795789,s324.593849814
199_183,s-2.967042321,s6.115039061,s140.952217748
199_184,s-1.906019801,s8.467419006,s233.824657897
199_185,s-1.252676317,s7.523584395,s220.616868017
199_186,s-0.939454672,s6.892641584,s306.454005741
199_187,s-0.135967185,s7.695938995,s334.470337005
199_188,s-0.511901172,s6.926895021,s65.573072774
199_189,s0.533714857,s7.984611653,s190.820171255
199_190,s3.360416555,s6.921582974,s237.233325953
199_191,s5.238951989,s8.096934966,s224.440641010
199_192,s4.223848346,s7.880744259,s318.906138618
199_193,s5.450716467,s5.445887694,s312.101326251
199_194,s6.084568768,s7.338166878,s90.924186123
199_195,s-5.641739754,s7.733537202,s180.787694970
199_196,s-5.396850667,s6.293700905,s12.342871406
199_197,s-4.554763470,s7.974948338,s342.918909496
199_198,s-4.052327898,s7.326850198,s332.246537990
200_0,s-7.926898090,s-6.378330274,s186.956472335
200_1,s-6.560576480,s-4.737640534,s199.203193194
200_2,s-5.116007918,s-6.962675898,s77.667224512
200_3,s-1.209560332,s-4.757501284,s164.178561819
200_4,s-2.651827768,s-6.758250722,s285.547353407
200_5,s-1.290340400,s-7.470725768,s175.152345181
200_6,s-1.131676608,s-7.345280234,s140.129559118
200_7,s1.523561515,s-6.166085359,s116.325273242
200_8,s-0.296796916,s-6.786134655,s270.119448384
200_9,s2.933070246,s-7.720249326,s133.658655546
200_10,s1.833632096,s-5.433431415,s6.973778445
200_11,s3.754916338,s-7.261650185,s283.769232830
200_12,s3.986925555,s-5.293204518,s237.474127312
200_13,s4.676460959,s-7.805639420,s120.749712766
200_14,s6.550966098,s-7.743352276,s188.508473711
200_15,s-7.710123126,s-4.802525830,s223.794669915
200_16,s-4.589240476,s-5.599524985,s198.237627206
200_17,s-5.268259090,s-6.659519606,s129.961043938
200_18,s-3.999447567,s-5.414700682,s111.213755372
200_19,s-2.239283542,s-4.369497601,s129.120688928
200_20,s-0.714834173,s-4.263098913,s1.223063183
200_21,s-1.386839354,s-5.725835623,s227.379819729
200_22,s0.387379727,s-3.686890095,s90.769985307
200_23,s-0.360705502,s-7.643713529,s105.964264014
200_24,s1.076862659,s-3.492053274,s352.012374898
200_25,s2.787046741,s-5.442914934,s16.112199057
200_26,s5.731584570,s-6.404440923,s312.174098748
200_27,s2.344113580,s-3.525610090,s11.929713089
200_28,s6.088550676,s-5.130087527,s106.445516638
200_29,s7.512217188,s-5.954000261,s225.364812316
200_30,s-7.496979042,s-1.736951905,s351.353871809
200_31,s-6.461432729,s-2.949612142,s151.346358071
200_32,s-5.738014272,s-5.720389492,s298.470609016
200_33,s-3.783190189,s-5.044416174,s156.758086550
200_34,s-4.012743330,s-0.445968396,s286.100088880
200_35,s-0.888329821,s-2.902872872,s297.692644243
200_36,s-1.550353754,s-3.449466295,s246.981006862
200_37,s0.090972595,s-5.962624007,s183.518174946
200_38,s-1.282779595,s-3.555710615,s289.827535909
200_39,s-0.244865640,s-2.679504356,s142.080920090
200_40,s1.066972809,s-4.858120483,s166.806047836
200_41,s3.632376276,s-4.636001084,s72.060789992
200_42,s4.715431023,s-3.473485711,s186.465982736
200_43,s5.638764988,s-4.135118970,s99.920257804
200_44,s7.728713504,s-3.807712572,s82.513366804
200_45,s-4.042715653,s-2.602652476,s132.352037904
200_46,s-5.249134882,s-0.808657969,s194.274362401
200_47,s-2.963213029,s-3.684187317,s332.402860474
200_48,s-3.755768147,s-1.517817089,s107.322070000
200_49,s-3.862178087,s-7.841842325,s318.760192337
200_50,s-2.424940325,s-3.629180944,s75.799562985
200_51,s-1.989842246,s-1.200825918,s257.156412962
200_52,s1.375985591,s-1.568808556,s193.696989861
200_53,s-0.408721958,s-1.908389204,s106.693418159
200_54,s2.668036417,s-2.714409133,s110.314733657
200_55,s3.964381235,s-3.363770974,s137.749254131
200_56,s4.096628376,s-1.372461250,s105.251919875
200_57,s5.548337892,s-3.402651534,s95.075710768
200_58,s6.475403892,s-3.693652314,s143.274994682
200_59,s7.450910400,s-2.612872762,s315.121351799
200_60,s-6.707054597,s-1.183608452,s86.740593036
200_61,s-6.975497224,s-0.421765307,s303.092255901
200_62,s-6.348513275,s-2.358768487,s24.652680616
200_63,s-5.644290457,s0.397827312,s255.416179160
200_64,s-2.074955514,s-2.424278220,s15.776759466
200_65,s-1.090773022,s-1.245077491,s293.687376494
200_66,s0.034679974,s-0.227924665,s131.697055869
200_67,s0.608493367,s-1.679952222,s224.227173041
200_68,s-1.092721363,s-1.410559865,s245.528346249
200_69,s2.355861108,s3.997330019,s12.534408965
200_70,s0.653950379,s-1.432866231,s207.366960726
200_71,s2.129808534,s-1.638326274,s112.880018540
200_72,s5.430701586,s-0.354257265,s293.365313488
200_73,s6.977767516,s-3.104621170,s210.917640375
200_74,s6.140332614,s-1.408283444,s211.186362744
200_75,s-7.627184641,s-4.986156403,s27.815036909
200_76,s-3.006961542,s0.596832743,s170.471009789
200_77,s-5.182433989,s-2.372203369,s46.877289572
200_78,s-4.747933197,s-1.604957015,s318.442874787
200_79,s-2.416876085,s-1.801214487,s263.854449527
200_80,s-3.480380101,s-2.312524175,s241.909640651
200_81,s-0.322841240,s-5.100318264,s138.451570650
200_82,s0.956411054,s-0.135817876,s139.416905694
200_83,s1.980001380,s-4.279639444,s98.371809295
200_84,s1.982578909,s-1.389136819,s43.899466218
200_85,s3.196624071,s-1.575626527,s80.385241238
200_86,s3.934688658,s-0.794042219,s9.262614753
200_87,s5.884849591,s-0.351825649,s270.212760242
200_88,s1.181376915,s-2.908983357,s0.897524831
200_89,s7.462138217,s0.315707668,s99.579587343
200_90,s-7.566202298,s-0.349157578,s90.758427540
200_91,s-4.534697275,s1.170980768,s7.366699168
200_92,s-6.176602299,s0.202201900,s325.879640183
200_93,s-2.271975093,s-1.200366371,s22.909319092
200_94,s-4.171381642,s0.403889338,s136.457277976
200_95,s-1.789910530,s3.004906199,s97.285816861
200_96,s-3.583252764,s-0.169419789,s0.318256058
200_97,s-1.927738099,s0.199006869,s122.556797696
200_98,s0.472820584,s0.395048677,s150.680779939
200_99,s0.432673260,s1.147718658,s229.539389051
200_100,s3.684686308,s0.535884261,s121.333503253
200_101,s-0.200584048,s-0.792374406,s284.195754259
200_102,s6.077798817,s0.189200075,s86.278792052
200_103,s4.539118287,s2.063581146,s152.474400375
200_104,s7.318597075,s0.149322324,s56.573490243
200_105,s-5.415468594,s1.668546224,s33.590502474
200_106,s-6.210697644,s-1.130740390,s179.768772625
200_107,s-3.898682827,s1.851218162,s242.842304818
200_108,s-0.416401835,s-0.946588412,s161.861734150
200_109,s-4.144018443,s3.975635928,s59.439139307
200_110,s-0.672325499,s0.049573335,s315.375743343
200_111,s-2.020615401,s0.949103574,s312.101322674
200_112,s1.405554562,s0.872018154,s26.181318024
200_113,s1.728807964,s0.087477839,s340.834856933
200_114,s0.933919281,s0.007113857,s41.623216516
200_115,s0.442994313,s-0.707365060,s112.369786207
200_116,s3.753507137,s0.146471602,s343.804837093
200_117,s2.214055819,s1.558139234,s22.965056669
200_118,s6.551611873,s0.452328810,s109.384036079
200_119,s7.705761575,s1.742393660,s235.635490479
200_120,s-7.585942061,s1.050644189,s341.312907505
200_121,s-7.268660606,s1.970820437,s93.862709229
200_122,s-3.468412123,s2.221360886,s169.635478889
200_123,s-3.820857359,s5.285345346,s29.467759877
200_124,s-2.439838538,s0.483951837,s207.522483252
200_125,s-2.644564690,s2.273830645,s135.896303277
200_126,s-0.423882020,s1.654800757,s73.086350127
200_127,s0.925318970,s1.667240006,s4.901327505
200_128,s-0.050624391,s4.671358048,s73.181401346
200_129,s1.071250083,s2.164108919,s55.188751730
200_130,s1.635339550,s0.657036165,s214.726395128
200_131,s2.133596289,s4.811338305,s357.157246943
200_132,s5.449796340,s2.024717997,s253.012989678
200_133,s4.069908198,s2.165959013,s337.832276385
200_134,s6.010452416,s0.710035942,s333.644182456
200_135,s-7.853876837,s3.150787082,s320.576050798
200_136,s-4.244484549,s1.689705090,s114.568037260
200_137,s-3.457682578,s0.506606311,s181.125738201
200_138,s-2.600424431,s-0.586697294,s132.178088185
200_139,s-1.699480204,s3.177078712,s62.239685362
200_140,s0.341844070,s2.703389120,s213.614015906
200_141,s-1.212281566,s1.700587284,s293.109194943
200_142,s0.133136984,s1.605465445,s323.901156809
200_143,s2.786604066,s1.596666829,s232.903212990
200_144,s3.336899376,s3.455676588,s250.946917604
200_145,s2.942073854,s4.405164016,s196.183348017
200_146,s3.729194358,s0.944340658,s349.183795111
200_147,s2.438271402,s2.552734042,s321.831986567
200_148,s5.813892877,s2.520600575,s268.593372879
200_149,s6.698437562,s4.790790012,s308.260695998
200_150,s-6.662084056,s3.108461238,s102.752619970
200_151,s-6.288070906,s1.834794011,s26.366270689
200_152,s-4.771690374,s4.782679972,s292.550706454
200_153,s-6.042943971,s3.063138713,s49.307680763
200_154,s-2.866433399,s3.644862651,s309.241178639
200_155,s-1.808295809,s5.919219902,s267.091936656
200_156,s-0.409286049,s2.273165156,s160.626059826
200_157,s-0.285216854,s4.848415203,s249.626977946
200_158,s-1.218228149,s6.312858903,s128.971933165
200_159,s-0.975124654,s4.848911396,s329.171103167
200_160,s1.074002888,s5.133108776,s218.487762212
200_161,s3.795323138,s2.099787593,s127.617650005
200_162,s5.011484493,s2.909246462,s216.290577953
200_163,s5.223472618,s4.410869990,s187.993022341
200_164,s7.624381696,s5.702958628,s180.182899956
200_165,s-6.943664858,s4.224877707,s20.298788956
200_166,s-5.182844346,s4.908395356,s13.465267648
200_167,s-2.788405511,s5.162505865,s331.323329399
200_168,s-1.894329434,s4.831151603,s277.852767080
200_169,s-3.216192277,s2.029344707,s89.891562190
200_170,s-1.879883626,s5.062231802,s122.537163345
200_171,s-1.011036345,s2.636128569,s173.230198864
200_172,s1.914135771,s6.692015781,s275.577125205
200_173,s1.162724306,s3.235621932,s129.022490543
200_174,s1.474093837,s2.680373568,s226.163352344
200_175,s4.252381171,s5.654452322,s63.122448941
200_176,s3.449407499,s4.895287900,s49.405137966
200_177,s3.295174229,s3.602785282,s17.741731563
200_178,s4.405117191,s3.991965500,s9.546076863
200_179,s7.630923011,s1.364569468,s105.469411331
200_180,s-7.981568500,s5.301587906,s14.076196321
200_181,s-7.137682792,s5.115930394,s8.063042857
200_182,s-2.888848987,s6.421148615,s139.720637476
200_183,s-3.990517339,s7.532084830,s122.799583646
200_184,s-2.760833939,s4.416594120,s82.606599438
200_185,s-2.382440594,s7.023750699,s250.920669157
200_186,s0.044188424,s6.394352450,s336.496516550
200_187,s0.471686629,s7.831690594,s185.433852264
200_188,s0.588483710,s4.931586951,s331.906818517
200_189,s0.884532106,s6.061961489,s303.509851282
200_190,s3.229634360,s5.414751271,s266.158745847
200_191,s1.237971988,s7.406165643,s239.984137413
200_192,s1.954325831,s6.158163993,s13.659417980
200_193,s5.208427502,s5.386466180,s307.283484317
200_194,s5.774867089,s6.486232036,s114.799961799
200_195,s-5.085414253,s7.180099403,s152.388466981
200_196,s-4.771188172,s7.955688989,s147.291668339
200_197,s-4.373464798,s5.376300642,s128.893419977
200_198,s-2.744266982,s7.955688989,s213.027520364
200_199,s-0.946345447,s7.752185767,s12.053749158
