id,x,y,deg
001_0,s0.298351899,s0.000000000,s87.814709422
002_0,s-1.096465884,s0.198809251,s205.306907301
002_1,s0.668633733,s0.198809251,s248.482215394
003_0,s-0.933107812,s-0.692846675,s292.162788152
003_1,s0.095388352,s0.526745851,s218.326894701
003_2,s0.938113937,s0.580229856,s56.910619811
004_0,s-1.486222684,s0.676952512,s280.330179849
004_1,s0.387177131,s1.475476551,s246.081123877
004_2,s1.475199922,s1.459764618,s285.558155531
004_3,s-1.565026686,s-1.376905185,s121.671186945
005_0,s-1.385402579,s0.999316649,s103.005442850
005_1,s-0.233248073,s-0.673411701,s90.855504576
005_2,s-0.499704469,s0.999316649,s217.450364959
005_3,s1.369001047,s0.685879113,s63.281702276
005_4,s1.401355763,s-1.006296166,s252.632002982
006_0,s1.751278449,s0.342074735,s275.480694109
006_1,s-2.276443221,s1.299110448,s219.213620093
006_2,s0.873850024,s0.779561524,s348.946309653
006_3,s-1.303374408,s0.977699689,s246.773163289
006_4,s-0.212130285,s-0.826040416,s202.579249531
006_5,s1.657650470,s1.278987516,s226.704552347
007_0,s-1.876432837,s-1.582053222,s203.320987961
007_1,s1.522199646,s-0.352136586,s212.863545023
007_2,s1.984966686,s1.974943394,s64.710719426
007_3,s-1.649939453,s0.124931261,s282.720816687
007_4,s-1.842798006,s1.693483416,s318.260804274
007_5,s0.208781823,s-0.240338267,s76.141393808
007_6,s-0.081648454,s1.290306128,s180.619507180
008_0,s-1.789923447,s-0.097045472,s115.757651935
008_1,s-1.872822697,s-1.282283722,s334.441669477
008_2,s0.730413440,s0.147839691,s73.013020286
008_3,s1.022681425,s-1.104102591,s5.594872795
008_4,s-0.014326705,s0.306802314,s102.558080803
008_5,s2.114051608,s0.887147070,s136.928999171
008_6,s1.800720517,s1.184569904,s242.516512680
008_7,s-1.259496393,s0.920917824,s195.556488059
009_0,s-1.277108913,s-0.028634730,s300.682559678
009_1,s-0.013420317,s1.771445311,s220.386416501
009_2,s-1.767998459,s1.485001896,s91.327521919
009_3,s0.583893198,s-0.940590731,s62.913129379
009_4,s-2.070514090,s-0.759427882,s345.873620930
009_5,s1.814454591,s-0.114664726,s187.499896419
009_6,s-1.148173955,s-1.922484144,s16.251009530
009_7,s2.250965104,s1.797338761,s154.849706371
009_8,s0.951551794,s1.797338761,s255.043560560
010_0,s-1.944690473,s1.659355099,s264.433436942
010_1,s-0.572613831,s2.088171414,s287.153071019
010_2,s-0.729587423,s0.263526003,s299.753132338
010_3,s1.108571183,s-2.227701796,s212.511142947
010_4,s-2.518206877,s0.629837331,s186.038843304
010_5,s-0.268017456,s-1.464662982,s236.238211089
010_6,s2.433347968,s2.229588347,s327.238323276
010_7,s1.930084656,s1.418332713,s74.619938471
010_8,s-1.036807563,s1.411565836,s276.626853346
010_9,s0.724306879,s2.376470828,s171.327245494
011_0,s-1.792187046,s-0.708137979,s170.221965014
011_1,s0.643153616,s-1.416173557,s14.749771659
011_2,s-1.056045971,s-1.188157973,s216.871506550
011_3,s0.405889630,s0.187264449,s225.095360487
011_4,s-0.565610154,s1.200917835,s11.838338389
011_5,s0.332466235,s1.975110404,s120.207886989
011_6,s-1.435321505,s2.254697958,s316.310535823
011_7,s2.822855109,s2.262139728,s83.044006977
011_8,s-0.058221703,s-2.461353873,s242.304384998
011_9,s-2.274481602,s1.567672599,s70.905536642
011_10,s2.292972092,s-0.513155819,s151.285985699
012_0,s1.303113919,s-0.106126316,s130.656505276
012_1,s-0.736455447,s-2.467687607,s304.212302184
012_2,s1.460671828,s-1.815174162,s324.991910488
012_3,s-2.290871546,s0.069323241,s90.349276133
012_4,s-1.106874320,s2.219865732,s82.943437048
012_5,s1.361093667,s2.374177903,s195.843232995
012_6,s2.627852716,s1.389001530,s78.122350367
012_7,s1.581342797,s-1.121806386,s175.121556185
012_8,s0.075600363,s2.387559086,s279.198899985
012_9,s2.295365483,s2.409096162,s263.914064127
012_10,s0.825121563,s0.959016065,s51.453920159
012_11,s-1.369792438,s-0.375325917,s331.400999262
013_0,s-1.470892795,s-0.724785408,s121.604287805
013_1,s-0.556976460,s-2.454434372,s106.182440489
013_2,s-0.075480831,s0.701659901,s229.559149805
013_3,s1.718072743,s1.563868897,s166.990999674
013_4,s-2.254880713,s0.333718690,s181.589996096
013_5,s-0.951630006,s-1.589778090,s37.419863118
013_6,s0.938987788,s1.876990720,s65.346038692
013_7,s-0.743732806,s1.940161461,s106.631231654
013_8,s2.374780839,s2.230626273,s127.852269021
013_9,s2.400673927,s1.025340681,s130.952559345
013_10,s1.916288623,s-1.823441595,s341.506974026
013_11,s1.549033130,s0.700201963,s262.076880665
013_12,s-1.970766460,s2.337454282,s55.501060132
014_0,s1.356840553,s-1.128297540,s292.450940409
014_1,s0.228404874,s-1.723204140,s14.825838459
014_2,s2.666372342,s2.027636575,s294.546216092
014_3,s-0.643207079,s0.370438037,s352.435844101
014_4,s-3.048155834,s0.210942207,s188.759509492
014_5,s-1.940813323,s1.639560455,s317.747732734
014_6,s0.987839403,s2.479721885,s178.393131029
014_7,s1.322266459,s-2.322969775,s223.637578465
014_8,s-2.493544019,s2.337985949,s289.147256479
014_9,s2.520597692,s-1.209084896,s52.335941711
014_10,s-0.607193831,s1.581110964,s195.652919982
014_11,s1.979292152,s2.567430797,s65.282589126
014_12,s-0.513797467,s-1.070456328,s66.739610673
014_13,s-2.262108783,s-0.191716032,s225.824481832
015_0,s0.790934004,s1.037706817,s245.663749831
015_1,s1.175053607,s-2.307840673,s55.686762655
015_2,s-2.872968078,s0.046282554,s63.019611498
015_3,s2.083263395,s0.466759750,s57.961060121
015_4,s3.143508928,s0.582338500,s213.572093756
015_5,s1.688659717,s2.384541619,s153.336899524
015_6,s3.157809344,s1.869677995,s68.593847495
015_7,s-1.237904880,s-1.490863138,s83.140101058
015_8,s-0.982278762,s-0.460438254,s33.541590889
015_9,s2.440736733,s1.596480248,s98.999608879
015_10,s0.234438972,s-1.646508652,s60.917482322
015_11,s-2.705968046,s-0.680264690,s137.865197640
015_12,s-2.991550435,s2.308217833,s206.919945398
015_13,s-0.355524027,s0.904247249,s121.975545969
015_14,s-2.784048799,s1.634402500,s27.742573326
016_0,s-1.855559242,s0.479888636,s46.594993254
016_1,s2.238838111,s-0.254500877,s224.050727328
016_2,s-2.892100401,s-2.522630209,s337.362094426
016_3,s2.056822570,s-0.758995793,s18.309150727
016_4,s-0.284765795,s-0.872117428,s2.826369863
016_5,s-0.213983508,s0.787571875,s51.766302555
016_6,s0.532353852,s1.549268036,s3.624631250
016_7,s-0.819579744,s-0.432736550,s92.565216911
016_8,s1.575443754,s2.017131316,s26.012616178
016_9,s3.091186681,s0.688945057,s226.063341917
016_10,s-2.099697045,s2.053729718,s306.374735137
016_11,s-2.871830388,s1.887340374,s83.852798268
016_12,s-2.867278296,s0.851935333,s90.217363265
016_13,s-1.771540511,s-2.063877896,s54.785015725
016_14,s2.905269828,s1.718368740,s353.381041579
016_15,s0.070090368,s2.039226372,s195.927507430
017_0,s-1.647194534,s-0.532826805,s317.792584327
017_1,s-3.110149192,s0.035818552,s305.304233787
017_2,s0.583663685,s2.835280815,s165.063120494
017_3,s3.042917775,s0.609881676,s173.652399619
017_4,s3.097949653,s1.813099412,s280.769280268
017_5,s1.193953358,s1.612510570,s167.466846104
017_6,s-3.070144384,s1.529118454,s254.054689801
017_7,s-1.192192130,s-1.826658032,s61.606772027
017_8,s-3.083865324,s2.390956976,s89.785436210
017_9,s1.310954854,s0.509061912,s321.321605349
017_10,s-1.776408252,s2.887022027,s304.895148099
017_11,s-1.966124965,s2.304001585,s350.440269310
017_12,s-1.235798735,s-2.700323029,s79.245371420
017_13,s1.592200631,s2.863697803,s168.692325107
017_14,s-0.003042770,s-2.849687052,s231.775444398
017_15,s-2.848161900,s2.869765619,s186.704448539
017_16,s0.365550397,s1.847649013,s281.149176472
018_0,s-2.151515244,s-3.032829782,s68.485304841
018_1,s-1.646668360,s1.652492066,s277.261408933
018_2,s-1.644353259,s2.865127246,s51.928474215
018_3,s-2.888298619,s-2.618671302,s287.375454296
018_4,s1.179469851,s-0.871376201,s166.473033816
018_5,s2.034170577,s-0.092239219,s34.696082610
018_6,s0.918068633,s1.702543333,s292.841783389
018_7,s-0.557642421,s0.462348890,s325.947522917
018_8,s2.060668582,s0.434585057,s353.206926845
018_9,s-1.095647474,s-0.753161700,s258.185865046
018_10,s-2.619954125,s0.921788343,s253.172746665
018_11,s-0.282189371,s1.609742567,s19.467020163
018_12,s-0.118288434,s-3.015067484,s251.439541404
018_13,s2.346186535,s2.851460344,s63.774913112
018_14,s-2.766892049,s2.694085373,s200.815340962
018_15,s1.306201143,s0.736250779,s203.112894906
018_16,s2.888525030,s1.669883276,s114.688883884
018_17,s-0.022416786,s2.810473927,s150.024027961
019_0,s1.830558526,s-2.964761434,s12.286524884
019_1,s0.200147388,s-0.201038354,s111.416069970
019_2,s1.834825455,s2.139892059,s320.727688240
019_3,s-0.114060975,s-1.149412107,s254.602509992
019_4,s3.037916782,s-2.531503937,s176.991494083
019_5,s-2.157202792,s2.918993084,s6.606004953
019_6,s2.209907043,s-2.015289935,s132.647299902
019_7,s-0.307178956,s2.861745467,s268.155042865
019_8,s-2.695340544,s-0.741916753,s178.801263101
019_9,s2.992490859,s-0.614874769,s230.807057784
019_10,s0.666284195,s1.133645017,s73.929336941
019_11,s-0.355042923,s1.141837340,s326.797368305
019_12,s-3.262778120,s2.345950751,s2.248139356
019_13,s0.952389824,s2.873652522,s207.053137187
019_14,s1.260037552,s0.428869686,s139.621136447
019_15,s-2.295974809,s-3.190330913,s77.917381638
019_16,s0.021764009,s-3.363809266,s271.547249214
019_17,s1.750222561,s0.052038463,s332.808196250
019_18,s2.890568641,s2.872887083,s179.043545816
020_0,s-3.099997744,s-1.745974322,s182.763691260
020_1,s-1.676642506,s-0.683749085,s294.780369379
020_2,s3.287463179,s-3.052780247,s110.303333491
020_3,s-0.189609329,s-3.028221908,s286.823126748
020_4,s-1.062732688,s1.604858931,s307.420148185
020_5,s-1.700680886,s0.373423764,s191.477645475
020_6,s-2.488964845,s-1.326775721,s230.491662587
020_7,s-1.516684240,s2.513134581,s158.066859586
020_8,s0.989314001,s-1.601486294,s2.412555593
020_9,s2.147023357,s1.290605649,s56.017203958
020_10,s-2.957062447,s1.525798882,s219.192858823
020_11,s-0.404232814,s-1.473862374,s304.051114177
020_12,s3.094255689,s1.518487939,s246.692113897
020_13,s0.672397139,s0.175080936,s277.280349258
020_14,s3.275988458,s2.477442836,s211.570125747
020_15,s2.304548160,s0.028397021,s303.699476519
020_16,s-3.093328464,s0.352960339,s113.139476310
020_17,s0.165306612,s2.107535057,s311.412896237
020_18,s-2.092091930,s1.546840876,s138.793535706
020_19,s1.417312153,s2.595983618,s348.906161912
021_0,s3.101167317,s2.337383367,s44.310735606
021_1,s-2.467093646,s-1.777383053,s48.223045592
021_2,s2.113207150,s-0.790844323,s339.054484873
021_3,s-0.859066153,s-1.095010864,s37.614646418
021_4,s2.145485840,s-2.386172596,s152.768574681
021_5,s-1.919109151,s1.751018661,s214.213999069
021_6,s3.092396781,s-2.008626681,s334.075610691
021_7,s-1.241837512,s1.157908511,s319.241919169
021_8,s0.569094110,s2.635140400,s311.309567938
021_9,s-0.802748410,s2.603155430,s72.382122830
021_10,s-1.056525478,s-3.219469425,s98.531389901
021_11,s-2.682851673,s-0.502021893,s71.968205170
021_12,s-0.633107069,s-0.344333871,s302.388506888
021_13,s-2.690256965,s2.756572611,s140.719614106
021_14,s-1.573580594,s2.768482678,s4.868314458
021_15,s3.117509188,s0.685679318,s21.318709741
021_16,s2.462953666,s1.034213424,s4.796357227
021_17,s1.455782176,s2.767948704,s9.602278440
021_18,s2.356878106,s0.354459095,s149.177679876
021_19,s1.681667142,s-1.706901885,s282.295153991
021_20,s0.267392702,s1.298668235,s287.681153916
022_0,s-3.350848235,s1.465528948,s210.581377877
022_1,s2.380034538,s-3.146639097,s194.189550157
022_2,s-0.811085336,s1.548572629,s49.803507509
022_3,s-2.088090131,s-0.165331944,s174.410948233
022_4,s2.755087769,s0.634749244,s228.232364875
022_5,s-0.056154345,s-2.445308019,s23.609201561
022_6,s-0.669758355,s-0.004962373,s37.350957041
022_7,s-0.211848851,s3.085397122,s81.905073489
022_8,s2.959614522,s-1.704674095,s163.179857640
022_9,s3.255801180,s3.116225263,s117.241883517
022_10,s-2.796700094,s3.260581932,s325.798058861
022_11,s-2.971445515,s-3.187331354,s153.782262454
022_12,s1.169978958,s3.322092038,s261.633548686
022_13,s3.349155145,s2.046454002,s149.967864173
022_14,s1.025850266,s-0.435647962,s231.120796126
022_15,s1.175870560,s0.784649251,s224.112780144
022_16,s-0.658812153,s-1.200672188,s11.777719898
022_17,s0.732247498,s2.508439221,s209.078067978
022_18,s1.821465683,s2.027276349,s169.312897806
022_19,s2.360213898,s3.122762941,s212.032046444
022_20,s-1.376363028,s3.075450464,s129.820813640
022_21,s-3.029002964,s2.018542100,s196.900894298
023_0,s-1.936659982,s-2.149921408,s353.279464875
023_1,s-0.864541606,s0.930852893,s355.324988116
023_2,s-3.777712974,s-0.466115404,s23.562415590
023_3,s1.691966622,s1.526407067,s218.192921228
023_4,s2.076320389,s1.226692489,s357.078030249
023_5,s3.300732446,s-2.364144899,s265.749209202
023_6,s1.841530973,s0.074212758,s177.325668110
023_7,s-2.413845496,s0.490867623,s109.058823458
023_8,s-0.799209482,s1.501155269,s288.711604666
023_9,s-2.856186072,s2.448716385,s118.815859392
023_10,s3.577325941,s-3.987709210,s328.180222724
023_11,s3.672138470,s3.369382260,s94.989153302
023_12,s-0.926803329,s-1.609484890,s76.596128690
023_13,s-3.588753591,s1.379830917,s207.400375545
023_14,s2.378944994,s3.405554441,s49.936102730
023_15,s2.648779727,s1.758060387,s48.230300005
023_16,s-0.407147586,s-2.837881496,s207.289371447
023_17,s-1.255900839,s3.461153608,s47.821564110
023_18,s-3.396224993,s3.384127359,s356.456525131
023_19,s0.572508504,s-1.640117874,s66.703023814
023_20,s-1.791376021,s1.024767799,s82.370853794
023_21,s-2.026401548,s3.438479315,s18.487174143
023_22,s-2.055050887,s2.279446613,s297.165786728
024_0,s-0.014401164,s2.989956935,s181.637644840
024_1,s-3.478154041,s-0.509720152,s276.779692003
024_2,s-2.722930306,s-1.187863190,s195.445088008
024_3,s1.462702472,s-0.518954656,s181.516631096
024_4,s3.070505602,s-1.547812649,s266.281946137
024_5,s2.267938164,s-2.792856181,s223.141569370
024_6,s-3.572872784,s1.484918360,s18.130220705
024_7,s2.591267501,s3.029455136,s82.662826319
024_8,s0.583771735,s2.084040957,s275.126478890
024_9,s-1.550386229,s1.531908750,s311.669984634
024_10,s3.208255265,s0.311862330,s266.934943501
024_11,s1.204735138,s-2.791902318,s106.452121866
024_12,s-2.381183829,s3.014913125,s248.870426859
024_13,s-3.689825322,s2.966391049,s204.969850804
024_14,s-2.512516301,s0.923200057,s220.818538921
024_15,s0.386605075,s0.760424574,s319.428339993
024_16,s3.564707008,s2.978248799,s138.624410483
024_17,s-1.144277027,s0.070145810,s17.004301663
024_18,s-1.341245776,s2.766229749,s57.910816545
024_19,s1.662461892,s2.422244468,s255.925828986
024_20,s-1.044723376,s-2.420633146,s11.168260995
024_21,s2.057626598,s0.284765423,s125.677934141
024_22,s1.390368286,s-2.058335062,s202.864162777
024_23,s-3.698298145,s-1.730524833,s249.620445470
025_0,s-2.449063231,s2.350975772,s281.813199452
025_1,s-1.648177006,s1.756208777,s317.617970209
025_2,s1.154821379,s2.540210566,s248.439334790
025_3,s-0.522002582,s-2.587663553,s253.305957166
025_4,s3.267845723,s-1.179310707,s9.340055132
025_5,s1.482431859,s0.936140286,s90.810826526
025_6,s-1.673735979,s-0.058197399,s212.378047854
025_7,s-1.018758039,s0.788436874,s133.609620482
025_8,s2.086760124,s3.510187400,s285.361458963
025_9,s-2.461493131,s1.403233432,s72.082426723
025_10,s0.088982152,s-0.832210851,s304.375914459
025_11,s2.103219505,s-2.460427398,s187.341690287
025_12,s-1.592438321,s1.450521849,s306.192403395
025_13,s2.603507697,s0.369105523,s199.437361672
025_14,s0.119145334,s1.687820596,s195.284376187
025_15,s3.268283834,s2.426466247,s115.707021489
025_16,s0.887111933,s-3.162593924,s197.508360696
025_17,s1.806118319,s2.695373424,s322.384879338
025_18,s-3.126754460,s3.286589630,s194.453428588
025_19,s-1.978658821,s3.295837195,s38.082915740
025_20,s-1.250637380,s3.386892001,s59.547476134
025_21,s0.841443506,s3.311229461,s115.395790293
025_22,s3.848194475,s3.487922738,s201.563396620
025_23,s1.237642405,s3.324063172,s171.913460209
025_24,s-3.374625093,s0.826957705,s92.757917411
026_0,s-0.720279278,s1.839774908,s0.723327850
026_1,s-2.259291010,s-3.644264214,s160.713340290
026_2,s3.710682375,s-0.864159449,s189.252671592
026_3,s-3.793041371,s2.414082030,s304.631538000
026_4,s0.883372094,s-3.623924625,s106.926192331
026_5,s2.866635014,s3.885522029,s50.036041306
026_6,s-3.584865836,s1.120568177,s141.003361657
026_7,s-2.183135344,s-1.422813015,s92.707692769
026_8,s0.390298354,s-0.913852985,s52.374822004
026_9,s-0.825534990,s-2.983691210,s6.818327543
026_10,s0.066803876,s2.754578951,s209.958514715
026_11,s3.160342794,s0.623072390,s9.309835272
026_12,s-2.119901952,s1.158177707,s2.871213254
026_13,s-1.272436543,s0.936572220,s180.779424651
026_14,s0.787702444,s1.968687612,s115.378695056
026_15,s2.510837503,s-3.728893423,s239.923237435
026_16,s3.708228644,s3.215307761,s319.052336722
026_17,s3.775366745,s2.311896816,s137.023506904
026_18,s-0.918441860,s3.592749835,s308.640948971
026_19,s2.089324504,s2.183140977,s74.332681834
026_20,s0.272910161,s1.774018506,s138.777367875
026_21,s-2.989994665,s-0.839267492,s81.164895448
026_22,s2.164691916,s0.921542819,s320.345999115
026_23,s1.616735270,s2.961806062,s202.073492880
026_24,s-3.909850139,s3.908681752,s157.209251573
026_25,s-2.655844089,s3.417932770,s329.065843690
027_0,s0.394882899,s3.209954877,s207.889501665
027_1,s-3.075853349,s0.957728630,s7.016707267
027_2,s1.984404535,s-3.072148437,s179.519749340
027_3,s0.934081639,s2.518229736,s257.135455908
027_4,s-3.421575981,s-2.384400616,s157.686194657
027_5,s3.035135462,s-1.145213462,s254.074173871
027_6,s-3.141250924,s1.668383797,s171.023295083
027_7,s-2.182418344,s-3.122011486,s114.135577593
027_8,s3.594029002,s1.369498692,s70.512988245
027_9,s-0.528591147,s0.781181982,s252.916052867
027_10,s1.198625015,s-2.122034535,s66.345421442
027_11,s3.095155772,s-2.286327681,s194.119175362
027_12,s-3.457872824,s3.072762409,s357.704304502
027_13,s-3.230017013,s-0.373990051,s299.759084033
027_14,s2.162007284,s0.004139443,s77.561300622
027_15,s-2.112105255,s1.309676978,s352.237828728
027_16,s1.764921864,s-0.992965743,s321.342330103
027_17,s2.418751925,s0.382950626,s247.860510733
027_18,s3.193790779,s2.820072873,s225.186110974
027_19,s0.358489697,s-2.425413907,s95.175477703
027_20,s-2.063246572,s-1.593498163,s40.317698019
027_21,s0.683193104,s1.379713340,s337.897114568
027_22,s-1.387119475,s-2.249262982,s117.236125021
027_23,s-0.994238941,s0.165665133,s212.344495212
027_24,s-0.800778685,s2.365363546,s277.662448802
027_25,s-1.385952048,s3.223110253,s312.342682032
027_26,s-0.312198926,s3.167982560,s84.975787771
028_0,s-3.378501608,s-2.742575492,s112.285784550
028_1,s0.248689928,s0.688726658,s156.495261072
028_2,s0.054540750,s-1.446945116,s258.195619559
028_3,s2.392018762,s0.402415389,s190.580786770
028_4,s3.184892946,s1.143608546,s334.010891026
028_5,s3.211421687,s-2.854098018,s154.922046485
028_6,s-1.903250743,s2.829910027,s20.615072630
028_7,s-1.067605265,s0.065269281,s191.014013996
028_8,s0.751373437,s1.122128466,s27.106127060
028_9,s0.786262801,s2.852755347,s198.966701781
028_10,s0.462411239,s-1.907045837,s187.437879751
028_11,s1.807038165,s0.378808957,s344.499568953
028_12,s-2.013951698,s1.931792500,s224.634682531
028_13,s-1.399824405,s-1.180645499,s24.032260199
028_14,s3.468277008,s-2.192379240,s305.601592091
028_15,s-0.581737454,s-2.085519223,s157.421818741
028_16,s-0.889347462,s1.262339639,s332.097782955
028_17,s-3.092007976,s1.845117831,s0.588031681
028_18,s1.645637140,s-0.243502874,s71.980412420
028_19,s-1.866423596,s0.093108358,s168.891678395
028_20,s-3.041877855,s0.459498362,s35.496763587
028_21,s-0.830781688,s2.696967149,s295.798904237
028_22,s-1.724938301,s-3.039021670,s287.843472444
028_23,s2.632300848,s2.632573759,s117.881240339
028_24,s-2.814378589,s-1.205086848,s9.543603864
028_25,s1.802057242,s2.840655533,s210.248324358
028_26,s-3.413573715,s2.835053426,s164.709244633
028_27,s3.284466800,s-0.016241069,s262.734093206
029_0,s-3.706162838,s-0.855189807,s217.223162505
029_1,s3.456118214,s-3.186291007,s183.579656399
029_2,s2.833474235,s-1.498387969,s189.080260030
029_3,s-0.324895167,s0.407386857,s289.104923759
029_4,s0.900728564,s-2.787206622,s88.424391574
029_5,s-2.765554727,s1.532961110,s23.269055822
029_6,s0.988695158,s2.516373853,s234.727195594
029_7,s-3.075352969,s0.087357507,s236.320910158
029_8,s3.305293112,s-1.941714548,s256.266157336
029_9,s-1.990483148,s2.138377561,s155.399154696
029_10,s0.149220953,s-3.526205030,s161.102248595
029_11,s3.261856237,s3.531931270,s27.517248760
029_12,s-2.118468734,s0.023065652,s64.288138024
029_13,s-3.320013369,s1.507021132,s268.795231990
029_14,s0.513613599,s-1.880524124,s98.552373995
029_15,s-3.632105515,s2.442215292,s34.256143508
029_16,s-2.375003529,s-2.754534050,s239.039208566
029_17,s-1.682177233,s0.557845149,s351.986042574
029_18,s-0.002451155,s2.460551691,s57.562201561
029_19,s2.571281203,s2.787979259,s110.411335216
029_20,s0.622711633,s3.518244566,s17.050117088
029_21,s1.159796256,s0.691534740,s76.012846061
029_22,s0.342739643,s-0.674269817,s236.073824358
029_23,s2.857669979,s1.810064957,s186.342165985
029_24,s-3.262432931,s3.483952019,s77.082593910
029_25,s-3.655395097,s-1.750467581,s336.714601112
029_26,s-0.542626398,s3.548036147,s272.705051426
029_27,s1.296215023,s1.956516519,s137.552651252
029_28,s1.569490088,s3.534554430,s54.161690937
030_0,s-2.897086875,s-1.827844423,s271.958801877
030_1,s-2.061900391,s-2.047647183,s97.929926286
030_2,s2.763074910,s-0.516586684,s159.458422133
030_3,s3.093889602,s-2.958051871,s82.199581762
030_4,s-1.638644754,s-3.494229362,s337.266361353
030_5,s-0.991207019,s2.367834805,s196.494364190
030_6,s-1.055894102,s-0.859940230,s172.331279630
030_7,s-0.416465449,s-0.140181409,s174.847997578
030_8,s0.892343495,s-3.375927603,s55.947807954
030_9,s1.963787285,s1.118243672,s4.786732072
030_10,s1.992868044,s2.975596886,s336.219633644
030_11,s3.668654762,s1.357396680,s129.284341913
030_12,s0.724534022,s-0.608035169,s163.377115561
030_13,s-0.756429682,s2.942930873,s109.984357825
030_14,s0.790758707,s2.846739228,s25.604157680
030_15,s-0.827296413,s1.312895171,s347.235859559
030_16,s0.407018075,s2.383607134,s323.137639098
030_17,s2.371120108,s-1.890710429,s49.569774199
030_18,s-2.207631434,s-0.652944287,s225.021405551
030_19,s-0.019261098,s3.076164898,s128.220147202
030_20,s2.551690199,s-1.336968191,s109.846864232
030_21,s3.592810253,s-0.256286457,s125.493547959
030_22,s3.328571420,s0.366600725,s4.583921740
030_23,s2.960909809,s1.422290534,s312.110781443
030_24,s-3.303709853,s3.076164898,s247.963136995
030_25,s-3.540287480,s0.399397133,s359.336914246
030_26,s2.445262767,s1.920538543,s230.322425945
030_27,s1.323395444,s-1.342127758,s243.549527036
030_28,s-2.547442138,s1.961324382,s109.269802142
030_29,s-1.991099183,s1.048148030,s255.963730949
031_0,s0.287877480,s0.417625715,s196.962164307
031_1,s-2.342036648,s2.571729912,s122.578703963
031_2,s-3.258341287,s1.011011601,s280.098029834
031_3,s-0.870735246,s-2.014730071,s4.992736379
031_4,s2.439241779,s0.905434038,s128.398219967
031_5,s1.638898517,s1.963768097,s59.583454662
031_6,s-2.459240271,s3.336243159,s187.535773147
031_7,s3.099168748,s-2.290068220,s221.275738685
031_8,s0.845537008,s1.834001002,s25.691830325
031_9,s2.862009014,s-0.214491101,s178.264599740
031_10,s-0.281636332,s2.378264349,s74.415625883
031_11,s-2.622206566,s-3.696453697,s168.892794774
031_12,s-0.046831989,s3.270830293,s105.894537349
031_13,s-3.172623461,s2.389371657,s304.625046294
031_14,s-2.930066301,s-1.293938991,s33.689578186
031_15,s-3.109390677,s0.387795218,s80.379005494
031_16,s3.019512785,s1.748663972,s19.294390342
031_17,s2.560389248,s3.739678385,s195.032702750
031_18,s-0.031733571,s-0.991060252,s6.440324559
031_19,s-3.611906008,s3.844768059,s97.811576605
031_20,s1.445748227,s-0.426142051,s240.907784434
031_21,s0.310572553,s-0.283582896,s79.736151562
031_22,s3.378680446,s0.179752865,s102.140670314
031_23,s4.078591615,s3.736575398,s338.609502799
031_24,s-0.865219740,s0.491083988,s11.945791834
031_25,s-1.831126276,s2.886747196,s115.996964148
031_26,s-1.589307093,s1.758779252,s263.045639811
031_27,s1.657426026,s-3.686861929,s315.692145724
031_28,s2.118026953,s2.634969183,s195.842711837
031_29,s1.127587173,s3.477485166,s220.586887459
031_30,s1.804143119,s3.474546733,s332.663377942
032_0,s-2.215468869,s-0.608277072,s226.447668813
032_1,s3.549195700,s0.497222141,s158.971359469
032_2,s2.042716764,s-3.536151843,s9.105359022
032_3,s0.762867012,s-2.479197343,s1.584478282
032_4,s1.086758675,s0.988755019,s46.945168621
032_5,s-3.161637388,s2.478740114,s19.450727992
032_6,s-0.548161530,s2.951187368,s114.615202957
032_7,s-1.723413691,s0.719473990,s161.899619112
032_8,s-1.809481426,s3.445335330,s261.012180544
032_9,s1.256566658,s-3.362824802,s193.246322735
032_10,s-0.653296633,s3.471321688,s335.253262951
032_11,s2.560490508,s0.944999121,s302.304971959
032_12,s-0.969333142,s2.725859011,s23.653117875
032_13,s2.589910304,s-2.721066445,s86.048030046
032_14,s-2.160209173,s-2.585354391,s137.005408640
032_15,s-3.211318357,s-0.139350095,s81.623293601
032_16,s0.964928707,s1.568499983,s0.145353606
032_17,s3.692885767,s-1.938032119,s45.852780196
032_18,s-3.042289538,s3.414179539,s96.431917734
032_19,s3.439646349,s1.670018976,s20.345536023
032_20,s0.864097606,s2.283997787,s24.749809707
032_21,s0.784103706,s-0.686072881,s183.381195960
032_22,s1.008376181,s-0.056196364,s287.100843100
032_23,s3.510388606,s3.272081954,s179.692611359
032_24,s-0.432761945,s-3.077814923,s84.916691062
032_25,s3.194827045,s-1.203264880,s16.629280683
032_26,s0.954749853,s3.326615175,s85.102863102
032_27,s-0.120667589,s0.763086350,s21.641032848
032_28,s3.739690771,s-3.168025387,s138.737331002
032_29,s-3.141973185,s-3.482948014,s206.666479508
032_30,s0.858339986,s3.440955697,s334.226360046
032_31,s1.353730766,s3.315687180,s314.825156631
033_0,s-3.780395197,s-0.531270117,s204.094990767
033_1,s-1.911908070,s2.344969439,s138.005294317
033_2,s-3.948750366,s0.474042453,s292.457847643
033_3,s-2.559181696,s-4.127999481,s40.110181416
033_4,s4.065560952,s2.816753792,s354.639219741
033_5,s-0.273671776,s-0.595616355,s5.384735875
033_6,s3.576390422,s-1.487354416,s270.738372519
033_7,s0.930036534,s0.710322218,s60.610308705
033_8,s1.917194740,s3.579326822,s2.515573838
033_9,s4.064234335,s-4.198298427,s267.322335587
033_10,s-0.054551269,s0.117301963,s194.429876852
033_11,s2.044769927,s0.661668136,s247.452079658
033_12,s3.783788913,s3.689729801,s102.520836446
033_13,s2.768241480,s-0.208381066,s167.329453237
033_14,s-1.032313670,s0.884310563,s163.704712680
033_15,s-1.508456397,s3.587936332,s253.408596586
033_16,s-1.965602091,s0.703800932,s28.390241032
033_17,s0.490007857,s1.727353678,s114.999248027
033_18,s-1.698106436,s-1.239070389,s135.262850952
033_19,s-0.690305669,s3.756527211,s351.585895399
033_20,s3.016939354,s2.071631420,s23.442689154
033_21,s4.071173258,s0.585255767,s224.297182930
033_22,s-3.862937307,s2.840656679,s204.009622996
033_23,s-4.083664018,s3.849817158,s77.064084457
033_24,s1.431484827,s-3.605501968,s297.750401791
033_25,s2.495862261,s3.816751316,s330.542977092
033_26,s1.581734931,s2.991681806,s84.785647743
033_27,s0.467044398,s3.745031073,s325.352819420
033_28,s0.207547640,s2.775352551,s191.107827634
033_29,s1.993164295,s1.960293012,s267.062767092
033_30,s-2.575155139,s-1.038320470,s135.000259716
033_31,s-2.493580601,s3.605427165,s229.039766965
033_32,s1.255082909,s-0.956006872,s103.743240080
034_0,s-2.329891990,s-3.308153762,s358.737153205
034_1,s1.244766543,s0.654372587,s15.315001959
034_2,s3.807254530,s-0.681553128,s82.181307582
034_3,s2.148086239,s-0.274832661,s116.956549045
034_4,s-0.982462550,s-1.987938450,s137.238797995
034_5,s4.194715769,s3.875102918,s138.105842058
034_6,s3.264711223,s-2.353604072,s236.505190643
034_7,s-3.086840172,s-1.495419325,s221.544671558
034_8,s0.824517927,s-3.313546838,s218.579880135
034_9,s-3.978151421,s1.631637199,s24.970415715
034_10,s2.578024465,s3.786719640,s169.922941715
034_11,s-2.075558140,s2.257618106,s202.652508336
034_12,s1.764860486,s0.477737790,s288.711539212
034_13,s3.315465761,s-3.044580277,s303.848086223
034_14,s-3.970692660,s-0.334058990,s307.265385526
034_15,s-2.913757926,s-3.993587197,s279.460193045
034_16,s-3.687047021,s3.562690242,s73.791446652
034_17,s3.619051669,s1.017929054,s188.093573221
034_18,s-0.018793359,s2.604229680,s203.956487198
034_19,s1.209068866,s3.982801393,s85.638916300
034_20,s-0.591499915,s1.998509084,s289.381173224
034_21,s-2.821910166,s0.369968051,s106.931748811
034_22,s0.326819073,s2.403142146,s34.583714307
034_23,s0.328978527,s0.891102565,s193.703156231
034_24,s-2.187179430,s2.832839449,s105.727943483
034_25,s3.400008695,s3.046028925,s262.567969767
034_26,s-0.995214125,s3.330979040,s52.112731543
034_27,s3.410145370,s4.026914536,s232.253541393
034_28,s-2.961491243,s4.008101904,s289.103409038
034_29,s2.267015005,s-2.289149211,s357.090002248
034_30,s-1.740312140,s-0.310683650,s214.444805330
034_31,s3.911159164,s2.591762060,s348.984743593
034_32,s-2.113557406,s3.522063875,s275.049793526
034_33,s2.752542548,s1.691226670,s142.722961900
035_0,s-1.310914725,s-3.467340004,s296.320998215
035_1,s3.951464932,s3.786830256,s241.763264588
035_2,s0.846667775,s-1.365731009,s217.949840124
035_3,s-4.041058568,s-1.740993406,s123.750687860
035_4,s-3.126511682,s-2.418042874,s17.931445956
035_5,s-3.318137156,s-0.579219031,s12.521759753
035_6,s3.923906088,s-1.858747061,s292.525236968
035_7,s-3.829115063,s-3.597682290,s275.730016418
035_8,s1.414294621,s-0.858418649,s16.823279283
035_9,s-0.199654819,s2.298886791,s359.882772762
035_10,s-0.546915579,s-3.522555802,s144.346257784
035_11,s0.743661614,s3.682589419,s16.467353816
035_12,s-0.372407339,s0.290297531,s28.250110677
035_13,s3.948651953,s1.259010095,s225.178083281
035_14,s-1.861434304,s2.828283491,s282.605032122
035_15,s-3.494789370,s0.303381771,s342.532465010
035_16,s3.136071300,s-4.236195659,s340.251382111
035_17,s-1.492730973,s-0.958580109,s159.986995642
035_18,s3.782035770,s0.234684441,s6.981545567
035_19,s2.040227690,s-3.834063371,s281.358972638
035_20,s3.234026930,s1.736504834,s265.298473370
035_21,s-2.829407777,s1.320497154,s159.153749244
035_22,s-0.778145085,s2.755084710,s54.667014074
035_23,s-0.114976435,s-2.044050097,s246.642236499
035_24,s-0.214481536,s3.506088964,s82.717961211
035_25,s2.307680707,s0.519665072,s265.325758980
035_26,s-3.184450095,s3.698005623,s249.019008486
035_27,s2.255034538,s1.535488756,s82.996292962
035_28,s-2.321512803,s3.456229079,s143.684970076
035_29,s1.274967690,s2.710269903,s132.131736560
035_30,s-4.173658347,s3.504143290,s35.423030302
035_31,s1.970065150,s-0.360429939,s92.550658697
035_32,s3.907514437,s2.756469055,s273.248548129
035_33,s2.427153552,s3.634367920,s170.994136822
035_34,s-0.737066209,s-1.051182924,s15.143597895
036_0,s-1.585609918,s0.550080788,s101.814774359
036_1,s-2.169127362,s-0.592126822,s30.140690286
036_2,s-3.722984963,s-0.901296482,s47.959773625
036_3,s-1.796370591,s3.414955003,s316.067713506
036_4,s1.207046248,s3.496624714,s273.103843396
036_5,s-2.164465431,s-3.218201974,s236.066901128
036_6,s2.313079786,s0.539124132,s283.574378656
036_7,s-3.826913498,s1.104913554,s253.776731899
036_8,s2.348002694,s-0.339429789,s159.811378657
036_9,s2.397588939,s-3.533554187,s65.611303077
036_10,s-0.396660390,s-0.804996805,s116.732875796
036_11,s1.245944895,s-2.835353739,s255.831944474
036_12,s1.247381262,s2.520774388,s187.816899369
036_13,s3.869634688,s-1.719734260,s208.047356019
036_14,s-3.944538878,s-2.999644929,s170.677471582
036_15,s-3.610034987,s-3.784607868,s144.918454273
036_16,s-2.288568502,s-1.703143733,s319.695176289
036_17,s0.226638917,s4.013072108,s115.665161805
036_18,s3.783501039,s2.105396786,s89.169344604
036_19,s2.230089269,s2.897598591,s156.545440532
036_20,s0.305799536,s2.038432103,s345.036095793
036_21,s0.365262600,s2.815762093,s313.071637357
036_22,s0.441144927,s0.929118409,s245.474593600
036_23,s1.745698594,s3.809962961,s57.810031762
036_24,s-1.532535700,s3.902764906,s299.744099177
036_25,s3.797735414,s0.647839810,s175.277251591
036_26,s-2.625365119,s2.466280027,s30.894005445
036_27,s-0.807409287,s-2.988690674,s184.396639787
036_28,s-3.971539808,s1.487631871,s134.406866195
036_29,s-3.471086988,s4.097466301,s282.419674861
036_30,s2.979745250,s1.969832181,s187.894479846
036_31,s-1.082657590,s2.467052114,s268.565211913
036_32,s1.952404540,s-1.018290680,s18.077896679
036_33,s3.456002009,s3.810213079,s273.683830632
036_34,s3.821916685,s2.794107011,s295.654947961
036_35,s1.443164176,s1.007660991,s315.988754420
037_0,s-4.275916516,s-1.256917949,s140.947032207
037_1,s4.099985877,s-1.924394848,s189.370892016
037_2,s-0.406561816,s-0.090839585,s352.055813575
037_3,s3.325091831,s0.998385243,s5.623321299
037_4,s2.796002099,s-0.222652891,s238.338307767
037_5,s-3.785754718,s-2.590326214,s246.713321777
037_6,s-2.204068780,s-4.202184242,s234.930653823
037_7,s-1.275687182,s-0.715653108,s37.353220551
037_8,s3.804822023,s-3.744791484,s215.650386272
037_9,s3.404931135,s2.879730201,s354.534216685
037_10,s-2.776717364,s-0.098808994,s73.928850755
037_11,s2.621054562,s-1.888939228,s353.355666621
037_12,s1.612704486,s3.394942939,s301.973439668
037_13,s1.660731781,s-0.727607708,s20.888427399
037_14,s0.886596975,s-0.767875696,s69.609485752
037_15,s-3.708884040,s1.001158524,s329.318254006
037_16,s-4.124284786,s-0.159812438,s78.122573941
037_17,s0.069653138,s2.000429321,s75.745086793
037_18,s1.034772361,s1.596757733,s314.769960810
037_19,s3.971908934,s2.452461847,s155.737742207
037_20,s1.094241639,s-2.671086829,s205.669619929
037_21,s-2.444888301,s1.699943763,s219.354571423
037_22,s-3.873372065,s2.797467560,s341.340840409
037_23,s0.334639568,s1.895085847,s294.230801369
037_24,s-3.012055646,s3.765641390,s329.896791590
037_25,s-2.756387125,s-0.828895195,s42.404959293
037_26,s4.108415082,s1.118730534,s266.786190826
037_27,s4.232394723,s-2.854212867,s42.780221906
037_28,s-0.901970739,s-2.032948147,s8.935582867
037_29,s-3.352672986,s4.111933909,s94.422231282
037_30,s-0.876261249,s3.894040607,s158.910261199
037_31,s1.848334908,s2.569482717,s158.398132179
037_32,s4.064847056,s-1.528195370,s149.623582815
037_33,s1.662868911,s4.072321085,s42.532296935
037_34,s4.054753705,s4.022921294,s52.654775176
037_35,s-4.195584896,s4.194035865,s62.066151553
037_36,s0.636084449,s0.508124628,s202.826308004
038_0,s-2.735420675,s0.745317965,s324.775862776
038_1,s-4.026100574,s-2.960278872,s336.832815852
038_2,s-2.889936448,s-2.613928012,s265.420323652
038_3,s2.778109636,s-3.050640192,s47.747520503
038_4,s1.552369002,s-1.994640146,s220.197186973
038_5,s-3.049327679,s3.898037802,s309.110676601
038_6,s3.883304890,s-2.143357804,s335.089270417
038_7,s0.889264662,s3.817444146,s153.349297601
038_8,s1.993436493,s3.250693122,s238.866913102
038_9,s-3.928061909,s1.226076397,s344.037670292
038_10,s3.585713814,s3.275399077,s162.635473048
038_11,s4.224019525,s0.910316440,s17.393471264
038_12,s4.206997096,s3.886827321,s183.322775639
038_13,s3.773036872,s-3.462491138,s153.760494725
038_14,s-4.016518450,s-1.836679489,s288.256260445
038_15,s-3.974048550,s3.869205312,s133.117062506
038_16,s-2.632204492,s-1.028831589,s181.579934295
038_17,s-3.169395114,s-3.540674232,s353.480803289
038_18,s3.984221859,s-0.719047029,s69.028570015
038_19,s-1.556045262,s1.905993889,s295.905601219
038_20,s1.248916705,s0.605705597,s240.441153637
038_21,s3.112514906,s1.479574442,s242.804404147
038_22,s2.069555116,s0.084091966,s38.181908494
038_23,s-0.406039016,s-1.690745224,s96.895809520
038_24,s4.219311182,s-0.056597793,s37.243056625
038_25,s-1.771266949,s0.604403179,s212.735826250
038_26,s2.555517540,s3.505513441,s252.367465696
038_27,s0.033654245,s0.799082970,s69.748627534
038_28,s-2.800515776,s3.507275996,s341.368147160
038_29,s0.227461420,s-4.076485488,s291.247341524
038_30,s-3.653646022,s3.303229205,s280.961169287
038_31,s-3.828475149,s-0.768694071,s217.006270768
038_32,s1.055634838,s3.078471541,s277.485688300
038_33,s-2.968454586,s1.453738029,s276.426251181
038_34,s4.267244789,s2.370947351,s84.624084542
038_35,s-0.575687197,s1.511832943,s281.810636371
038_36,s3.264479628,s-1.043310277,s266.392372452
038_37,s0.339717978,s-2.330573357,s56.249044180
039_0,s-3.474824565,s-1.569711997,s306.670846048
039_1,s-3.948147448,s-0.328111552,s336.318723344
039_2,s-0.403491898,s-1.092299513,s238.546518958
039_3,s-2.162473030,s-3.257499627,s114.941503574
039_4,s-1.047586419,s-2.145485329,s324.426342965
039_5,s1.603100319,s3.014262763,s289.991133326
039_6,s0.000254453,s-2.730701399,s64.482735623
039_7,s-0.888838263,s2.362490827,s45.712158373
039_8,s-3.788264276,s-2.660305647,s145.088604345
039_9,s0.400196137,s0.360310723,s136.964978652
039_10,s-1.653398163,s-0.058299182,s275.431376698
039_11,s2.859837772,s1.756937891,s73.990957503
039_12,s3.609959115,s-2.636921110,s247.073047675
039_13,s1.748346048,s0.945139382,s245.039383667
039_14,s-3.997754468,s1.994862141,s175.681820963
039_15,s-3.762041773,s3.420442208,s297.056950615
039_16,s-2.438927880,s-0.892563292,s227.369109569
039_17,s0.363231507,s-1.484360442,s295.386210062
039_18,s3.682829627,s0.152360727,s307.897462837
039_19,s-2.618541012,s2.062908231,s292.831904837
039_20,s-3.259019699,s-3.546872460,s149.417843478
039_21,s-2.755089726,s3.323965178,s348.845722335
039_22,s-1.649521209,s3.304997201,s84.288901279
039_23,s-4.129900160,s-1.736075713,s256.781785046
039_24,s-1.448569646,s2.952273543,s4.713672815
039_25,s-4.113096605,s0.575545748,s294.805072427
039_26,s0.744979949,s2.576608345,s252.425281261
039_27,s-3.272385693,s1.595816798,s203.832893399
039_28,s-2.768083366,s1.008151713,s292.279092397
039_29,s0.724869714,s-1.917225866,s170.194585052
039_30,s3.624645777,s2.901833651,s38.773840543
039_31,s1.609121564,s-2.673380121,s22.272579697
039_32,s1.682045110,s1.746578355,s355.963124397
039_33,s3.032557960,s-4.058539693,s298.491451118
039_34,s3.542489717,s3.645874329,s334.203497279
039_35,s2.685496134,s3.362543714,s9.528913868
039_36,s-0.756211272,s3.628305132,s272.555596286
039_37,s1.330485178,s-1.114613704,s107.001332357
039_38,s3.082832492,s0.746811377,s98.607066542
040_0,s-1.104544910,s-2.225275730,s355.767929457
040_1,s-3.592340590,s-2.138647212,s350.745745935
040_2,s3.121839223,s-2.924395464,s330.987305917
040_3,s0.652816365,s2.626046559,s187.086186127
040_4,s1.653845674,s-4.108533666,s180.362803058
040_5,s-2.758274676,s-0.821228695,s26.943133733
040_6,s-1.480738497,s-4.062369402,s100.867765167
040_7,s-2.114152590,s1.210143537,s350.130081685
040_8,s1.623047355,s0.087928238,s144.721217378
040_9,s-3.825765488,s0.247330103,s174.921476499
040_10,s1.463642932,s-2.477681506,s28.058587855
040_11,s-3.161833362,s-1.069372189,s109.350230608
040_12,s3.723827283,s-0.606817276,s271.417395809
040_13,s2.836685064,s-2.067150481,s60.898233238
040_14,s-3.680575873,s3.375768996,s195.485271674
040_15,s-2.848055395,s-2.661378847,s239.653275077
040_16,s0.511307541,s-0.184642222,s132.457177211
040_17,s1.974997559,s4.095826831,s223.573727914
040_18,s2.335737737,s-2.561994911,s30.860824648
040_19,s-0.362906418,s-3.112041765,s174.004320590
040_20,s2.244997597,s2.468216930,s68.375992451
040_21,s-2.801626210,s3.671873981,s269.783118558
040_22,s0.411270674,s3.268011352,s57.497553193
040_23,s-3.728145685,s4.113418504,s83.877438574
040_24,s-0.952301601,s1.712314380,s327.754462887
040_25,s3.539795327,s2.073902776,s329.180804772
040_26,s-0.526365542,s0.812041373,s275.786416538
040_27,s1.681179103,s3.211950023,s107.962578339
040_28,s-2.070095805,s4.120219483,s9.811847762
040_29,s3.623846973,s3.821177774,s178.121385080
040_30,s0.755618157,s-0.965931028,s300.158294951
040_31,s3.728003827,s0.707195461,s343.844844027
040_32,s-0.808054417,s4.087248259,s278.721991745
040_33,s0.964402665,s-3.610443555,s141.893238258
040_34,s-3.589158633,s2.048404368,s307.589022598
040_35,s2.084342083,s-1.437347683,s302.901611286
040_36,s-1.057198637,s2.594975004,s120.419806711
040_37,s2.776797030,s1.833619867,s327.998356079
040_38,s-1.369162667,s3.901280123,s276.825377040
040_39,s1.049993820,s0.959909014,s64.222423733
041_0,s-3.446934812,s-1.655157545,s104.409752614
041_1,s1.469488835,s-3.524778615,s176.037845636
041_2,s-1.914489724,s-1.596890924,s130.620067812
041_3,s-0.893940219,s0.566388853,s117.645692727
041_4,s1.060885155,s-0.314210841,s36.518458105
041_5,s3.693172686,s-3.439861791,s92.360058444
041_6,s3.781371305,s-2.155207864,s36.670462154
041_7,s-2.415632636,s1.430894951,s71.931245447
041_8,s-2.534134023,s2.447711810,s117.481389939
041_9,s2.690660245,s-0.742455297,s241.966136459
041_10,s3.769813801,s1.102368742,s30.645158274
041_11,s2.941966478,s-2.138962362,s17.580438472
041_12,s0.521582976,s2.218351852,s97.126286259
041_13,s2.628366102,s0.752288591,s334.252803428
041_14,s-3.541766040,s-1.105367722,s220.623578908
041_15,s-2.107763123,s-4.255454541,s243.716910397
041_16,s-2.248672937,s2.736836818,s283.613585286
041_17,s-0.671649094,s3.005599362,s33.489054868
041_18,s0.235625180,s2.913213768,s29.695824127
041_19,s-0.502697894,s3.877203908,s270.010606045
041_20,s-3.129922456,s2.761058865,s107.401932722
041_21,s-1.056762150,s-0.157283777,s105.126984295
041_22,s3.678682817,s3.248128955,s13.341640738
041_23,s1.608690808,s3.349289244,s245.343371249
041_24,s-2.652433363,s-0.031991467,s169.293005079
041_25,s3.793739682,s2.219546619,s289.577342049
041_26,s2.411747662,s2.597309258,s25.761788071
041_27,s2.086782835,s0.677606351,s329.602004955
041_28,s-1.203306477,s1.736107814,s356.664780550
041_29,s0.000092218,s0.837646391,s97.049813366
041_30,s2.083214173,s-2.417066450,s260.342093039
041_31,s-3.833973511,s2.773352954,s2.633505535
041_32,s-4.198690167,s1.550437888,s175.257156884
041_33,s0.920435037,s-1.434496313,s180.424034294
041_34,s-0.679806304,s-3.668727407,s180.323490003
041_35,s1.328946499,s1.260534862,s33.780946651
041_36,s-2.925033242,s3.330931581,s250.580408260
041_37,s3.290157557,s3.877203908,s310.170148221
041_38,s-2.360464648,s3.877203908,s23.706089112
041_39,s0.936656812,s1.368873326,s11.438380051
041_40,s2.277910745,s2.163700411,s296.497177500
042_0,s-2.829940058,s2.192566956,s140.043574614
042_1,s-1.617669468,s-3.978021584,s357.621107402
042_2,s1.037802400,s-3.388751863,s16.286982455
042_3,s-3.810914847,s2.209258560,s98.796356740
042_4,s3.860940459,s2.269089628,s244.689169942
042_5,s4.183037672,s-2.201802480,s47.544114789
042_6,s4.122845850,s-3.513633540,s257.793390604
042_7,s0.356929029,s-0.646982611,s297.795510468
042_8,s-1.773024251,s0.655208487,s299.589591814
042_9,s-4.121807789,s2.694927696,s78.150146822
042_10,s3.282022642,s-2.954772319,s343.036758863
042_11,s1.122390035,s0.989781965,s89.512473519
042_12,s-2.660422358,s-4.426585784,s313.317239898
042_13,s1.626400339,s1.944270818,s304.995922174
042_14,s-1.195355481,s3.029339660,s76.486096433
042_15,s-1.657526659,s-1.382978193,s35.755942697
042_16,s-3.442613619,s0.528727925,s268.064330698
042_17,s1.830009490,s-0.000319738,s349.479670389
042_18,s-3.018921563,s-2.735632063,s328.048994571
042_19,s-2.947678768,s3.336127613,s158.550745428
042_20,s3.299003552,s-0.567079493,s327.163107932
042_21,s0.477254734,s2.475659372,s24.276353756
042_22,s-0.722283397,s3.612625517,s176.454468678
042_23,s-3.816735848,s-2.998549705,s293.717946343
042_24,s-0.928208615,s-2.934645382,s221.917568490
042_25,s3.902256121,s3.695604377,s204.659618712
042_26,s2.831319999,s3.930309702,s339.826958787
042_27,s3.097132062,s1.071600918,s207.437885141
042_28,s1.099612807,s-1.845126303,s188.457933272
042_29,s1.808451760,s2.745154657,s5.899179958
042_30,s2.223856188,s3.863600794,s188.965888963
042_31,s-3.018842669,s3.863321749,s200.228218145
042_32,s2.837460721,s-2.626624796,s311.776362410
042_33,s-0.416746529,s2.283652626,s301.924625718
042_34,s2.353019675,s1.095674199,s25.068100456
042_35,s-1.330933765,s3.833588784,s100.999238947
042_36,s-0.252418148,s-2.156388975,s252.845172853
042_37,s0.316501192,s1.836894916,s190.885814124
042_38,s2.461330367,s3.218793496,s129.221922983
042_39,s0.454264135,s3.835596513,s299.449279909
042_40,s4.165367441,s0.318570721,s324.784158656
042_41,s4.256046815,s3.911545399,s336.160081690
043_0,s-2.790880970,s-0.881027164,s139.464998154
043_1,s-3.528963296,s-3.340502234,s185.317220995
043_2,s3.648496192,s-2.900870941,s232.387143639
043_3,s3.028278852,s-1.651732415,s130.097407164
043_4,s3.753802506,s-0.512634763,s104.841370595
043_5,s-0.709810017,s2.924797827,s315.990385031
043_6,s3.178443971,s-0.149333392,s339.667268487
043_7,s-2.222936697,s-2.719925844,s342.198747415
043_8,s0.151572520,s-3.047376836,s350.565846959
043_9,s-3.560554098,s-2.333875857,s65.047592836
043_10,s1.701540055,s-0.825488476,s127.571496374
043_11,s-1.181636485,s-2.093929473,s325.839240823
043_12,s1.181722208,s2.529365099,s154.797374891
043_13,s0.953882841,s0.242573769,s349.192011081
043_14,s-3.531907685,s3.810228443,s40.230388799
043_15,s-3.191922586,s3.251322313,s136.663171584
043_16,s1.776162712,s1.363886922,s331.730443497
043_17,s-1.560011914,s-3.900931943,s121.436823127
043_18,s3.539296038,s1.485114917,s76.852753304
043_19,s0.004729802,s3.045110322,s141.048273342
043_20,s2.188245474,s-2.751280168,s136.878457975
043_21,s-0.240060888,s1.334757032,s217.181332013
043_22,s-1.059362024,s0.409342416,s307.096999746
043_23,s1.958201886,s3.782186107,s182.007172845
043_24,s-0.853472735,s3.829774645,s119.748729852
043_25,s-3.268321140,s1.801565563,s244.815413725
043_26,s2.033793750,s-0.120203090,s356.114032328
043_27,s3.373842037,s3.309010347,s235.456262543
043_28,s1.196460234,s1.498007131,s110.697295803
043_29,s3.801575824,s2.727183312,s250.857123783
043_30,s1.071457210,s3.074663663,s262.553128150
043_31,s-4.068759984,s2.737748039,s328.952569220
043_32,s-0.043397438,s3.608387093,s236.928641185
043_33,s3.408170937,s-4.076887245,s280.531533920
043_34,s-1.734581383,s-0.291317448,s92.182396900
043_35,s-2.579964983,s2.367345962,s49.797365923
043_36,s-3.759326687,s0.094230716,s94.039924075
043_37,s0.403274840,s1.751244007,s11.775807645
043_38,s0.464400062,s-1.929332352,s10.100541281
043_39,s-0.160926034,s-1.067879541,s36.690909048
043_40,s-1.984023375,s3.030204078,s314.746148615
043_41,s3.717590798,s3.848184693,s264.098194230
043_42,s-3.988540945,s-1.125503957,s299.841285371
044_0,s-1.866395915,s-2.112552402,s19.376136800
044_1,s-4.293481387,s-3.963672771,s181.199035669
044_2,s-4.231912193,s-0.493852918,s333.212342319
044_3,s1.925161607,s0.352637803,s301.866502518
044_4,s-0.654856797,s-1.219969325,s54.246032280
044_5,s1.851572129,s-3.730622431,s331.815816395
044_6,s2.529455365,s-2.789048786,s96.596042026
044_7,s-1.904429727,s2.214468012,s333.152598600
044_8,s1.189200238,s-0.541679006,s102.546849154
044_9,s-3.539172688,s2.678916000,s30.064691188
044_10,s-1.183390117,s1.085824179,s175.183633962
044_11,s0.714579028,s3.837118972,s107.926673266
044_12,s-4.140530970,s-1.728735696,s140.386787607
044_13,s4.156341073,s-2.801651251,s144.107773040
044_14,s3.030275706,s-3.712372784,s318.468568096
044_15,s-2.889868448,s0.267364574,s27.441206826
044_16,s-0.478999799,s2.254705226,s335.027343971
044_17,s-1.769356310,s3.985880174,s106.797315249
044_18,s-4.257511262,s1.015645598,s357.915312912
044_19,s-3.115875238,s3.115374679,s91.104763687
044_20,s0.167878503,s-2.477988399,s18.038184624
044_21,s3.748128474,s-1.137732597,s212.992255137
044_22,s-0.160460121,s-2.664399231,s148.555211969
044_23,s2.637862954,s1.436441948,s119.717006581
044_24,s1.007920652,s2.603481382,s123.287589499
044_25,s4.172670992,s0.946798355,s254.066564471
044_26,s3.813829890,s2.059534151,s199.367021613
044_27,s-0.018464903,s1.249231800,s323.422902403
044_28,s-2.707348855,s-4.113539148,s123.179540780
044_29,s-3.865452681,s3.965874441,s341.648910425
044_30,s-3.325838130,s0.067933967,s55.367090270
044_31,s-1.811547504,s-4.181815215,s68.203872724
044_32,s2.956129869,s2.774109473,s140.420216472
044_33,s3.922848195,s3.005636120,s246.233967289
044_34,s4.117276057,s-1.556617160,s2.867831777
044_35,s-4.145347688,s3.082460769,s84.706645161
044_36,s-0.939534634,s3.911488356,s194.131696213
044_37,s1.708077488,s4.019045117,s226.759004017
044_38,s0.626448963,s1.258519432,s223.759306217
044_39,s3.887264809,s3.983065101,s12.698415597
044_40,s-0.015949226,s2.826465742,s281.754669708
044_41,s2.329457044,s-0.316892599,s204.808071267
044_42,s-2.271455770,s2.374078919,s30.677596758
044_43,s-1.933852749,s1.198304395,s264.545304384
045_0,s-4.414435320,s-0.557647505,s296.817865622
045_1,s-3.678973320,s-0.923985316,s244.004630385
045_2,s-3.669120743,s0.336386736,s193.658031184
045_3,s3.007378405,s-3.117168525,s12.978000901
045_4,s2.904679084,s0.138304554,s171.144942441
045_5,s-1.813700816,s-3.663938663,s185.065760698
045_6,s2.302327230,s-1.504082567,s35.367333477
045_7,s1.374106328,s-0.898975144,s20.368479189
045_8,s-2.296014872,s0.175502861,s206.024115017
045_9,s-2.151584449,s3.853150686,s269.972275854
045_10,s-1.520122422,s-2.812841365,s349.899962991
045_11,s-0.362631185,s0.358404796,s204.554168647
045_12,s2.855339785,s-0.904723448,s310.873267689
045_13,s-2.805947707,s-4.108803202,s83.641380767
045_14,s2.640167104,s2.949099712,s8.754730239
045_15,s4.029753673,s-3.605907876,s50.633688159
045_16,s-3.664383165,s-2.712342703,s18.720305574
045_17,s-1.498535775,s2.640602733,s165.825797527
045_18,s-2.470371961,s1.311774142,s347.528704879
045_19,s-0.836989008,s2.157631157,s356.797802724
045_20,s-4.339157110,s1.651200893,s14.255973889
045_21,s-0.117070761,s-1.575825570,s345.859931363
045_22,s4.169859847,s3.948773813,s269.558579350
045_23,s4.282816641,s1.535369403,s326.109043231
045_24,s-0.726415548,s1.277064095,s1.854104255
045_25,s-2.320008524,s-2.434617428,s207.371568122
045_26,s-4.221705232,s3.251764231,s181.047507333
045_27,s4.040763416,s1.923098161,s248.052875598
045_28,s2.064872257,s3.206788723,s79.110576546
045_29,s-0.079920359,s2.195591331,s209.152460781
045_30,s1.162336392,s3.942118956,s343.772122289
045_31,s3.691474895,s-1.391088028,s145.563934768
045_32,s-4.172989446,s3.814052025,s84.911135880
045_33,s-1.970401739,s-1.293117150,s125.068004943
045_34,s3.353427630,s2.061893236,s172.005625914
045_35,s3.575729313,s3.911413553,s355.755893728
045_36,s0.833586248,s0.163976731,s218.053495718
045_37,s3.773828033,s2.561709199,s226.947401236
045_38,s-3.504949200,s3.028039588,s177.299581849
045_39,s1.596019660,s-0.422587315,s88.293932060
045_40,s-2.872794170,s3.954121979,s74.550574996
045_41,s-2.797567225,s1.889159318,s95.456748062
045_42,s-0.247154872,s3.897850739,s95.402353352
045_43,s1.354409402,s3.039267161,s280.398486542
045_44,s0.173311830,s-4.436024074,s51.581142661
046_0,s-2.937368006,s-0.333093156,s349.390367080
046_1,s-2.448052524,s-3.504280679,s261.418273334
046_2,s-1.272720030,s-2.671915594,s131.853980462
046_3,s1.661141407,s-1.846663653,s167.329298992
046_4,s-1.219168041,s4.279262045,s309.184229623
046_5,s0.880843524,s2.595948824,s187.020832998
046_6,s-2.184248867,s1.816355463,s55.871686504
046_7,s4.460786029,s-2.384898370,s129.059502154
046_8,s-3.217605159,s4.389485457,s245.600757376
046_9,s-4.780300101,s-2.085432134,s44.777295391
046_10,s-4.519785826,s0.631126291,s41.109534883
046_11,s-4.035234666,s-3.916600717,s299.620511357
046_12,s0.228294099,s-0.889413119,s210.633363946
046_13,s2.041540151,s0.708838177,s23.168894537
046_14,s-2.112300529,s-0.009913453,s359.964770607
046_15,s4.825359832,s-4.766224198,s319.606890723
046_16,s1.611713820,s2.710354504,s354.257157714
046_17,s-0.635484619,s4.321364728,s77.091965974
046_18,s-2.705716734,s-1.824380318,s344.717172092
046_19,s4.762407693,s3.319458573,s346.829216480
046_20,s-4.724343915,s-0.786044649,s353.950134727
046_21,s2.928616588,s0.301967604,s128.560608073
046_22,s2.919126651,s-2.960805474,s213.971514682
046_23,s3.152320787,s-4.280697329,s209.248657505
046_24,s-3.687396649,s4.352914640,s36.855635074
046_25,s-1.923981400,s2.836483389,s212.405478794
046_26,s3.599823119,s1.573319923,s255.965225014
046_27,s-4.045315244,s2.336751852,s69.119240248
046_28,s2.700188981,s3.297323767,s251.836372078
046_29,s-0.710014573,s1.627434839,s344.532739110
046_30,s2.733210611,s-1.684986949,s31.384576832
046_31,s4.081480116,s2.761123163,s148.742780061
046_32,s-4.555719611,s4.260057688,s148.115141498
046_33,s-2.067700539,s3.733307051,s169.837937702
046_34,s-0.123881786,s-2.476545329,s15.105425000
046_35,s-0.141846399,s4.195629579,s163.528678449
046_36,s1.053964852,s-1.018212547,s335.691751535
046_37,s-1.224349376,s-0.638987553,s196.413406336
046_38,s3.516708205,s-0.756102163,s204.340724549
046_39,s4.637442217,s-1.567051545,s218.940224503
046_40,s-1.110185905,s2.443402978,s318.634293579
046_41,s-3.781201736,s3.014775921,s117.700279757
046_42,s-4.717198904,s2.202281035,s25.399977015
046_43,s-0.492514153,s2.944736806,s74.105482904
046_44,s4.630400624,s4.029751968,s9.176987467
046_45,s1.894437105,s2.329563115,s318.446440418
047_0,s-4.563533988,s-4.355259751,s24.734373070
047_1,s-3.266623549,s-0.873105405,s219.929169566
047_2,s-1.081994685,s4.042468697,s342.244647985
047_3,s1.399491912,s0.764145654,s10.566611985
047_4,s-0.994473945,s2.221097336,s190.879920058
047_5,s3.266377380,s1.419504631,s37.568274713
047_6,s4.570357890,s-1.971433298,s132.467967864
047_7,s4.214519478,s-3.178990534,s116.516410203
047_8,s-0.881514740,s-0.967192769,s60.038855831
047_9,s2.825664085,s-0.652797034,s45.389262427
047_10,s-3.674607754,s-2.237354933,s325.166018025
047_11,s-1.157546887,s-2.330990568,s34.789662689
047_12,s2.675755515,s0.777617112,s273.553940172
047_13,s-1.784702158,s-1.864343748,s14.668157291
047_14,s4.267305664,s-0.382485890,s189.242826927
047_15,s2.894494661,s3.023465547,s254.351098136
047_16,s-2.237965045,s3.251151887,s188.334201979
047_17,s-4.519154457,s-0.048611242,s32.863909623
047_18,s0.978237971,s-1.662785544,s325.135691198
047_19,s4.321687302,s1.771402807,s198.441629760
047_20,s1.791069373,s-2.682756620,s210.247819044
047_21,s-2.039011322,s2.216083013,s32.403503572
047_22,s3.945430955,s2.522396370,s198.978302437
047_23,s1.044526364,s-3.510779956,s129.594712731
047_24,s1.306877856,s1.822377829,s110.862357296
047_25,s-3.733046675,s0.353819618,s65.696141538
047_26,s4.306142443,s-0.994518064,s117.394954548
047_27,s-2.678317247,s0.415108166,s297.441898926
047_28,s-4.644313436,s1.757410722,s123.913704849
047_29,s-1.310625362,s3.804487695,s124.060926555
047_30,s1.482063805,s2.291084461,s205.427558736
047_31,s-4.462554267,s3.896076920,s293.703127794
047_32,s2.352721347,s-4.350984568,s32.815224382
047_33,s-4.001524670,s3.963724466,s204.859226922
047_34,s-2.822522166,s4.105317973,s45.895816832
047_35,s-2.009267652,s1.337792063,s164.514547158
047_36,s-1.978435058,s4.152285958,s61.196072519
047_37,s0.038120345,s0.301583693,s242.557227111
047_38,s4.538131387,s0.949436223,s285.718058039
047_39,s0.413611451,s-0.861546565,s299.773742113
047_40,s-1.670515913,s2.292445124,s141.130989253
047_41,s-2.810549711,s2.909936699,s90.436855746
047_42,s1.903382553,s3.932414441,s84.567037619
047_43,s0.865306650,s3.689505328,s25.020191244
047_44,s3.057166982,s-4.555787698,s45.252318850
047_45,s-0.181116561,s3.985954224,s337.442966023
047_46,s3.758498967,s3.991890715,s271.815304501
048_0,s1.808676027,s-0.820633122,s158.213778493
048_1,s-2.510262881,s-0.555936240,s22.556625021
048_2,s4.022387342,s-1.212605224,s49.861542204
048_3,s2.112180132,s-4.242183637,s80.896639853
048_4,s0.444621662,s-0.445490530,s251.182051540
048_5,s3.275323691,s4.636849584,s70.034089673
048_6,s-4.923434374,s-0.529572583,s337.270149762
048_7,s2.995772865,s-4.195647919,s187.306947483
048_8,s-4.030089420,s0.009108169,s242.812027835
048_9,s-2.486656667,s-2.788674797,s100.700389560
048_10,s-0.881708706,s1.504067538,s83.817915391
048_11,s4.466755990,s0.446015242,s335.319437448
048_12,s1.350662652,s-4.341039860,s95.507433031
048_13,s-0.071649678,s4.644263707,s191.635842937
048_14,s0.366299770,s-2.230091384,s7.997331982
048_15,s-2.142272470,s3.835034830,s219.808001246
048_16,s-4.262174365,s4.606386099,s77.510282465
048_17,s-4.173345794,s-4.091744465,s84.560950583
048_18,s3.544029096,s3.377510952,s325.097269793
048_19,s-0.385895178,s0.459872832,s71.351509638
048_20,s-2.792296538,s-1.159388539,s208.983458275
048_21,s-1.900742267,s-1.250372876,s179.948293410
048_22,s2.873215439,s0.031194044,s317.665088240
048_23,s2.818591572,s3.445986825,s307.657210241
048_24,s-4.603706803,s2.626182129,s30.564363859
048_25,s-3.891558420,s3.385715971,s268.046182896
048_26,s-0.767511647,s3.719101943,s250.548436672
048_27,s-3.246884844,s2.855799237,s156.956682019
048_28,s0.304766393,s2.240497167,s59.098776854
048_29,s2.309562962,s4.473480969,s114.604931997
048_30,s-3.237337624,s0.356906862,s154.925782486
048_31,s3.866361093,s1.727258515,s241.968286303
048_32,s-3.047757598,s4.569275316,s58.511609785
048_33,s-0.298122609,s2.845964217,s170.365160500
048_34,s4.451208775,s4.347969705,s77.205990477
048_35,s-4.374091366,s1.475436681,s228.312627699
048_36,s4.529574983,s-2.084514845,s173.443787363
048_37,s4.082226302,s-3.534097929,s118.778283712
048_38,s2.714449339,s1.733030204,s147.484352272
048_39,s1.749406893,s4.640119829,s274.263788105
048_40,s-4.491591904,s3.589706916,s237.602733963
048_41,s-4.888522935,s4.644263707,s223.922098870
048_42,s-2.074760560,s2.781266985,s161.469358293
048_43,s-2.402915732,s1.353829602,s15.385426874
048_44,s-1.819717300,s0.521470798,s80.660115170
048_45,s-4.692738152,s1.733566765,s3.170043835
048_46,s4.544227046,s3.621404489,s298.653984484
048_47,s1.231768339,s0.779360481,s306.119296848
049_0,s-4.380008698,s-3.977539128,s273.895915908
049_1,s-0.900638873,s-0.076306518,s231.715202849
049_2,s-1.941363010,s-2.456875153,s152.926328991
049_3,s-3.766228553,s1.817622380,s244.343616413
049_4,s-4.192826161,s-2.180663470,s230.052705837
049_5,s-2.620365664,s-1.815276592,s248.912971482
049_6,s0.244143249,s0.169098389,s135.413517218
049_7,s1.115712990,s-3.478319980,s36.193820476
049_8,s-4.162780615,s-0.451802467,s336.446097784
049_9,s-2.579991523,s0.796315059,s249.732505738
049_10,s-0.471173164,s3.140751391,s274.261904015
049_11,s-1.166505688,s-4.083470121,s234.173186517
049_12,s0.320561715,s4.099135335,s224.052041278
049_13,s4.122865548,s-1.630562774,s50.145275403
049_14,s2.327956556,s1.993934118,s189.715432522
049_15,s2.879577414,s2.770623805,s328.522724883
049_16,s-0.843501098,s-1.800081391,s332.241059011
049_17,s3.434358760,s1.717365016,s90.969200878
049_18,s-1.718354371,s3.003047433,s108.235922942
049_19,s-2.033677296,s-4.174006916,s159.232425686
049_20,s-2.043417839,s1.305281416,s276.598355233
049_21,s3.551107230,s4.178036892,s153.770111095
049_22,s2.512000297,s0.698975346,s110.845010032
049_23,s-1.253473170,s-1.230073907,s336.134168954
049_24,s-4.249298169,s3.147021919,s104.967304686
049_25,s1.165786451,s0.234577618,s100.046885140
049_26,s-3.181968621,s4.159460140,s17.596343171
049_27,s-4.071822628,s1.173081635,s76.618585432
049_28,s-4.399639927,s4.199047255,s189.430594035
049_29,s3.574127787,s3.102357229,s78.727869269
049_30,s0.617364391,s3.803077030,s263.309429840
049_31,s3.807790535,s-4.286537767,s120.682868702
049_32,s1.112114917,s2.510926000,s15.586388944
049_33,s-0.327505892,s0.734536015,s109.284834989
049_34,s-4.347401111,s0.514957990,s142.893732281
049_35,s-2.342888824,s3.037220471,s116.540304932
049_36,s3.090779045,s-1.994533814,s300.635315540
049_37,s2.547528743,s-0.893765598,s97.132674919
049_38,s4.045204590,s4.231736768,s167.764341281
049_39,s0.153781078,s-1.758462829,s272.770407013
049_40,s1.684652997,s3.358118542,s269.762518731
049_41,s-3.924222312,s3.465085521,s74.731216469
049_42,s4.234731156,s0.273331404,s259.828031477
049_43,s0.787323132,s1.582375373,s195.910783373
049_44,s3.230524004,s3.181652352,s44.892582839
049_45,s2.969270891,s0.354328225,s108.269934247
049_46,s1.481451574,s-0.068789702,s316.600667042
049_47,s1.742781881,s1.309451321,s342.198907264
049_48,s-1.866475817,s0.780230496,s47.426171251
050_0,s-0.299197389,s-2.617873871,s292.645538870
050_1,s-3.560649521,s-2.979269978,s61.060151041
050_2,s-0.078502720,s-0.501883139,s219.719795443
050_3,s-0.016589042,s-3.442429502,s303.935695338
050_4,s2.089697422,s0.890016888,s61.271948800
050_5,s2.727265300,s-1.147324554,s305.115577104
050_6,s4.109636143,s-1.153330313,s265.204703839
050_7,s-2.446131531,s1.218107707,s181.052278767
050_8,s0.031545412,s1.537385219,s62.702215144
050_9,s3.720710700,s-4.110620749,s3.390547955
050_10,s-4.470394335,s0.268232561,s279.749784540
050_11,s-1.332873612,s4.582026515,s180.442733111
050_12,s2.860776031,s1.818997734,s21.008649238
050_13,s0.603418660,s-3.551719037,s167.031523811
050_14,s3.100240465,s-3.164294559,s45.433063796
050_15,s3.964875012,s1.097034736,s320.980837445
050_16,s-1.689711695,s2.768041762,s130.621782730
050_17,s-2.943123800,s1.937559832,s182.134243300
050_18,s0.498198726,s3.427544316,s149.333934967
050_19,s-4.683549705,s1.145714812,s308.737472451
050_20,s-0.550427500,s2.960314113,s13.233402687
050_21,s1.759050673,s4.102253424,s310.955917827
050_22,s0.999073869,s-0.478838468,s299.687207896
050_23,s3.120846179,s4.621272731,s147.969304141
050_24,s-2.777677127,s-1.424466694,s139.939020657
050_25,s-3.971052456,s4.203077854,s264.865613156
050_26,s-3.168515340,s0.082657782,s109.627467191
050_27,s3.038432803,s2.398231973,s354.062814005
050_28,s-2.560679151,s-0.687891539,s343.448365849
050_29,s1.540418827,s-0.124267468,s332.379765471
050_30,s0.229459960,s0.467267939,s343.578362732
050_31,s4.249207998,s4.240457119,s151.923168314
050_32,s-4.202804458,s-4.206479324,s167.282735378
050_33,s-3.580915090,s3.070863217,s289.013982155
050_34,s-2.526750622,s-3.948262471,s162.438955108
050_35,s0.484537374,s-2.052138000,s71.370608151
050_36,s-4.093663815,s-1.790890189,s197.904219958
050_37,s3.755149837,s2.766776808,s28.961442100
050_38,s2.459746331,s4.544314119,s290.832870772
050_39,s2.222292370,s3.591421903,s317.698599694
050_40,s3.863894090,s4.648208583,s166.985515675
050_41,s0.269928711,s4.638760646,s214.342714417
050_42,s0.031053465,s4.493329194,s51.909461469
050_43,s-3.092672284,s3.462434454,s245.275750927
050_44,s3.362651528,s3.028104254,s142.098883488
050_45,s-0.807807986,s1.053922069,s7.920032566
050_46,s1.262345445,s2.302330115,s230.220056547
050_47,s3.287605941,s1.029650149,s146.993786470
050_48,s-1.626551910,s4.517711164,s269.432977880
050_49,s-4.692388121,s2.492515805,s232.214431862
051_0,s-4.138263229,s-2.408476463,s177.764557557
051_1,s-2.087563524,s-4.538832025,s39.841199471
051_2,s0.209022996,s3.507489801,s129.180899563
051_3,s2.473278345,s-1.966455235,s52.071233795
051_4,s-4.238346895,s-1.168946657,s259.342046551
051_5,s0.078744824,s0.930762375,s186.484475521
051_6,s4.574711833,s-3.396792267,s182.908888726
051_7,s4.043131823,s-1.554938570,s55.733976032
051_8,s-4.383339122,s3.738684925,s57.691513313
051_9,s-0.071594764,s-1.722782964,s354.565976140
051_10,s-1.241353319,s0.460380239,s176.599905669
051_11,s3.794614327,s-2.386562833,s53.198130338
051_12,s0.263199388,s-0.513308566,s229.695217142
051_13,s4.458896301,s0.924124928,s14.742054301
051_14,s2.954780137,s-1.632419009,s276.066527679
051_15,s-3.173656189,s-0.993822366,s53.001747083
051_16,s-2.546421302,s4.124407918,s43.994162361
051_17,s-4.085033472,s0.635136489,s238.821702375
051_18,s-2.860311751,s3.567109312,s264.200427148
051_19,s-2.252878619,s-1.682529600,s80.537604472
051_20,s-3.137282627,s2.299478615,s359.021064206
051_21,s1.469090829,s1.192800632,s99.904398879
051_22,s3.871064573,s3.499775357,s99.262958954
051_23,s-1.950225158,s0.723104343,s318.416912083
051_24,s0.572607310,s2.004744535,s77.933517615
051_25,s-4.248650441,s2.647812122,s2.235980554
051_26,s-0.478868133,s2.682054086,s272.865196407
051_27,s-3.764122013,s0.111625511,s91.168876054
051_28,s-1.093811417,s1.193060195,s132.906317808
051_29,s-2.922385266,s0.788789628,s91.635015623
051_30,s4.722792051,s-2.483546234,s23.410748462
051_31,s4.631639627,s-0.661789136,s88.909319758
051_32,s0.926234188,s-3.611015412,s207.834705715
051_33,s-3.648863326,s3.772182068,s197.975274101
051_34,s2.220465726,s3.722613934,s7.399920125
051_35,s-1.447206579,s4.005979219,s138.245795431
051_36,s2.882456007,s0.869527337,s33.972992487
051_37,s-0.078450876,s4.140983943,s232.145163688
051_38,s2.131037879,s-0.914711476,s328.453019734
051_39,s4.484279267,s2.649775600,s225.972597963
051_40,s1.658912640,s4.340795951,s253.274595639
051_41,s-2.076109467,s4.429280505,s179.578171708
051_42,s-0.912454407,s-3.852785330,s24.205315829
051_43,s1.574849071,s-0.018012175,s201.157760740
051_44,s2.439231312,s2.661960713,s250.050097905
051_45,s3.189204520,s4.304410513,s89.482745850
051_46,s4.690841273,s4.415343047,s83.457509414
051_47,s4.092124978,s1.972686141,s351.218665111
051_48,s2.912684928,s4.024019446,s30.517899270
051_49,s-2.055583698,s2.168805901,s189.731276245
051_50,s1.113969222,s2.495777692,s243.325026176
052_0,s-1.263160556,s1.679861486,s316.318511213
052_1,s-4.725938819,s-2.350714709,s179.818575831
052_2,s-2.318449253,s-0.364235091,s319.141849596
052_3,s0.421986983,s-1.692841030,s54.762659886
052_4,s-2.194761274,s0.274263892,s321.377859010
052_5,s3.496566109,s-2.326411501,s285.712730353
052_6,s3.734767792,s-3.552970081,s289.612297400
052_7,s-1.358995561,s-4.140406661,s171.497635968
052_8,s-3.373465702,s-2.873615060,s193.831006735
052_9,s-2.191819510,s-1.222753457,s179.477631261
052_10,s-2.840995497,s2.897489060,s285.528158519
052_11,s-2.873292462,s4.367397885,s309.770276734
052_12,s-3.294921690,s3.068000395,s330.760042109
052_13,s-1.669163999,s3.224846569,s205.732755764
052_14,s-2.139545359,s-1.917493147,s277.804262344
052_15,s-0.438455065,s2.181705798,s346.023509634
052_16,s-4.860476704,s2.700240252,s59.691855116
052_17,s-0.655953264,s3.342117618,s349.694424463
052_18,s-4.366348011,s2.049879204,s174.699575611
052_19,s-0.044548429,s4.223274264,s148.091931607
052_20,s4.483514502,s0.574565953,s326.169813962
052_21,s-1.064086447,s-0.027982879,s336.727255292
052_22,s-1.456327907,s0.084202130,s160.204126313
052_23,s4.832870282,s-0.604880867,s95.524052883
052_24,s-4.616090646,s3.552420596,s115.829728788
052_25,s-4.702116499,s0.671054887,s253.459517269
052_26,s-1.654354002,s4.373641582,s297.962664243
052_27,s2.405724004,s1.447894952,s146.562127180
052_28,s2.155038921,s-0.273247687,s117.938496420
052_29,s0.147573745,s-0.673084854,s240.752582526
052_30,s4.874016649,s-2.238307712,s237.822126616
052_31,s3.850435626,s-1.134807744,s265.780102915
052_32,s-4.728877020,s4.600799464,s70.941511239
052_33,s-1.171248405,s-2.432242094,s21.860698114
052_34,s-3.684453873,s1.715260337,s123.208493182
052_35,s1.774984667,s2.948484425,s157.804964957
052_36,s1.556136961,s-0.608624153,s74.137828148
052_37,s-0.326367295,s4.562406304,s171.495593039
052_38,s4.774875249,s4.407146853,s54.640092489
052_39,s4.622117555,s-1.586067035,s197.177975521
052_40,s-4.466224465,s-0.523480775,s179.754649986
052_41,s-4.143274930,s3.986060242,s342.197002682
052_42,s-3.603503187,s0.174060475,s105.969766672
052_43,s2.823905355,s1.606484525,s6.034784318
052_44,s0.622732547,s3.282086530,s146.305024613
052_45,s2.109511343,s4.623940794,s167.461404346
052_46,s1.250131885,s0.413202132,s255.621568515
052_47,s3.426076432,s4.460144055,s170.191917645
052_48,s-3.450588156,s-0.579215131,s47.026665797
052_49,s0.064810457,s0.621139293,s206.500072192
052_50,s-3.893925550,s4.570344521,s243.888898091
052_51,s3.873171551,s2.749680430,s284.899954750
053_0,s-1.234658290,s3.203758107,s136.915795426
053_1,s-4.369442899,s-4.134331595,s339.664431780
053_2,s0.057119195,s-1.152727645,s4.850809988
053_3,s-4.659085679,s1.130296522,s72.265193365
053_4,s3.089998117,s-3.121586114,s184.760428507
053_5,s-3.402146969,s-3.005180766,s183.657384732
053_6,s3.679843192,s-0.999835557,s343.380357724
053_7,s4.612267552,s-0.401609162,s152.284491999
053_8,s-0.992336872,s4.355031595,s324.890618371
053_9,s1.662501846,s-0.795009163,s269.512640906
053_10,s-0.166769265,s-2.446141031,s152.886782279
053_11,s4.521851613,s4.257881557,s340.584213143
053_12,s3.153902902,s4.194079841,s236.517826449
053_13,s-2.836431425,s-3.210975213,s313.783567689
053_14,s-2.713515383,s4.239240298,s211.485670421
053_15,s3.532365130,s0.325944839,s214.076527391
053_16,s-4.717939771,s2.626807142,s125.751017615
053_17,s1.977996183,s-4.495679853,s85.311558319
053_18,s1.529350423,s3.658167671,s144.429371413
053_19,s-3.670256399,s-1.493042732,s53.159112394
053_20,s1.893643005,s2.906650554,s266.284360764
053_21,s4.135168082,s-2.973087524,s97.708450551
053_22,s-0.734691564,s-3.274000399,s67.255428481
053_23,s2.637092008,s1.336151984,s152.390730308
053_24,s1.448566582,s3.887161124,s186.538664744
053_25,s1.757984899,s-2.289079996,s100.327905641
053_26,s-3.927726629,s-0.359947422,s67.107265196
053_27,s0.197759977,s0.172790092,s212.650145605
053_28,s-0.437465712,s4.448278740,s312.440563777
053_29,s3.707414888,s1.539773385,s188.318838696
053_30,s4.376213067,s-4.707766660,s299.501567847
053_31,s3.981574838,s2.719272039,s25.185189214
053_32,s-3.443030409,s0.093504180,s312.939725464
053_33,s-4.531174687,s1.663970620,s218.751077404
053_34,s-4.629236684,s-2.406973069,s306.582483969
053_35,s-2.446655714,s-0.072230054,s210.701860420
053_36,s-1.537468802,s0.111627730,s246.000883207
053_37,s2.220333275,s2.887524873,s4.722414792
053_38,s-4.717939771,s-1.113350890,s146.931539108
053_39,s3.606455731,s3.679174129,s39.059065187
053_40,s-2.636228588,s1.531249448,s339.086164620
053_41,s-2.667934939,s3.103169570,s6.338050097
053_42,s-0.514503976,s2.609145851,s90.432493206
053_43,s4.625887821,s0.406798929,s263.706778076
053_44,s-1.096640989,s2.697621319,s253.777541212
053_45,s3.515688625,s-2.054057716,s294.448163298
053_46,s3.014597263,s4.459483531,s253.883456265
053_47,s-1.161674273,s-2.096682954,s351.900249285
053_48,s-1.564053750,s4.136779960,s300.942428453
053_49,s1.196924464,s0.335322120,s353.573356478
053_50,s-3.654911616,s4.224263459,s130.861189277
053_51,s-2.765836281,s1.487328149,s180.797272790
053_52,s2.458971068,s3.929571877,s166.909848351
054_0,s-3.667500180,s-4.695937412,s162.824542702
054_1,s-2.243409624,s-1.898618697,s287.092843511
054_2,s-2.139712820,s-2.535732395,s329.054601826
054_3,s1.598684103,s2.111362346,s162.426175636
054_4,s4.634081845,s1.262421627,s19.836997730
054_5,s-0.565330483,s-1.206614888,s236.951999178
054_6,s3.518068711,s-4.790130214,s304.306590889
054_7,s0.884970515,s-4.294198936,s281.999800144
054_8,s-2.755927276,s4.427196889,s157.645265933
054_9,s-4.007516842,s-0.490457733,s0.277708466
054_10,s-4.764412021,s4.659647586,s134.488073157
054_11,s2.044188668,s3.210853169,s93.537862888
054_12,s3.371494547,s-4.210916468,s88.808027550
054_13,s4.602971362,s-1.345054379,s293.766258131
054_14,s4.439461936,s-3.650984989,s152.746238857
054_15,s-0.087103893,s0.987910764,s294.966163822
054_16,s-0.968355342,s4.067208605,s145.297484533
054_17,s4.373575126,s-2.265843443,s321.763937962
054_18,s2.213806512,s4.794153702,s33.629668136
054_19,s-2.681353428,s-1.499364600,s236.414452768
054_20,s0.591571685,s-4.523101443,s69.691662665
054_21,s1.856259528,s0.495722894,s87.480382095
054_22,s1.136684719,s0.878318164,s148.060799181
054_23,s4.155509895,s1.763355230,s135.219604963
054_24,s-3.867618825,s1.524085004,s266.088059644
054_25,s-2.392767387,s-4.322697024,s245.210379543
054_26,s-4.740101112,s2.418095026,s191.939566917
054_27,s-1.845771583,s1.216178958,s234.363827837
054_28,s3.819190094,s-0.618392940,s92.658854174
054_29,s1.628606493,s-2.016050048,s22.821453644
054_30,s2.834043259,s-0.939443217,s92.430047038
054_31,s2.770018562,s3.419649140,s254.716808185
054_32,s4.110634792,s3.041488390,s240.431166111
054_33,s2.033907641,s3.191019039,s151.672726922
054_34,s-3.681788439,s2.341220790,s104.506712995
054_35,s-0.818728384,s4.774395694,s328.809723405
054_36,s0.762513698,s3.638463915,s296.527785657
054_37,s-3.217413487,s3.299188536,s184.151018758
054_38,s-1.046807282,s2.430309845,s314.944343429
054_39,s3.920648237,s4.056329081,s298.696863529
054_40,s-2.759397803,s4.670415597,s68.284146056
054_41,s-4.840000569,s-0.054388193,s299.101169556
054_42,s-3.350001639,s0.039113803,s64.744391891
054_43,s-3.912968719,s-2.772900397,s208.941255662
054_44,s0.459861489,s-2.810786123,s107.710547016
054_45,s0.736612948,s2.024717847,s350.756887148
054_46,s3.946782701,s1.045710125,s59.778270603
054_47,s3.560591580,s4.816311990,s248.265493838
054_48,s-1.549674161,s4.609711069,s339.017217633
054_49,s-1.339900564,s1.392308685,s136.970549505
054_50,s-4.968036333,s1.592206294,s259.230133300
054_51,s-1.918952565,s2.607928645,s97.237667683
054_52,s-0.454081293,s0.078513584,s141.455397999
054_53,s-3.731916437,s-1.372947407,s44.635653602
055_0,s-4.001291655,s-3.690638333,s66.280605171
055_1,s-0.973409064,s-1.551042359,s183.096069388
055_2,s-0.095254440,s-2.937969523,s95.583549502
055_3,s1.523870156,s-4.131536804,s305.811313312
055_4,s1.619046386,s4.109031520,s91.016640788
055_5,s3.900499511,s-2.880152106,s280.976913005
055_6,s2.060208734,s-3.313189065,s11.351123741
055_7,s3.064354685,s-2.467546447,s158.419091340
055_8,s-3.425895492,s-1.414246798,s31.008197464
055_9,s-1.788003980,s-4.364560379,s37.213652717
055_10,s-3.997650088,s4.383706798,s236.337336026
055_11,s-1.082681389,s2.241454382,s334.941567329
055_12,s3.630176144,s1.383317574,s2.184057040
055_13,s-0.497437589,s-0.223208749,s4.122378009
055_14,s3.920348468,s-0.523953751,s250.094171190
055_15,s4.214189964,s-1.363763424,s261.821638580
055_16,s-4.656110001,s-2.133283427,s1.025100822
055_17,s-4.561357778,s-0.438134589,s292.676341231
055_18,s-1.683874963,s-0.484263881,s82.624694482
055_19,s1.156318659,s2.442549536,s123.515605464
055_20,s-3.732991009,s-2.986593069,s347.642353170
055_21,s-0.855105016,s2.608947447,s289.499325690
055_22,s-2.207741039,s-1.863243891,s233.724004562
055_23,s1.189316174,s0.485734216,s0.935929841
055_24,s0.363302510,s-4.449556375,s78.789313014
055_25,s-4.656110001,s4.324252942,s256.756508322
055_26,s-4.285700988,s2.312704900,s272.501171231
055_27,s-1.155973457,s3.725614542,s262.011841773
055_28,s3.919977137,s4.342952210,s34.101174366
055_29,s0.585546463,s-1.179958608,s310.759566088
055_30,s2.228067808,s0.510021776,s350.637006505
055_31,s1.924467109,s2.887345913,s44.330031829
055_32,s-4.055256960,s3.265303275,s154.690418723
055_33,s-2.268967383,s1.193682905,s320.042746997
055_34,s4.176741171,s2.608033223,s246.846018513
055_35,s-4.472198645,s1.328653696,s277.780591088
055_36,s2.835049672,s2.100450596,s262.883697212
055_37,s-3.278639296,s2.975834936,s290.749405890
055_38,s0.784983188,s3.238905928,s78.853587597
055_39,s2.924035923,s4.320998575,s316.207419193
055_40,s-2.774175225,s2.522348339,s184.454956975
055_41,s-1.915575765,s3.167960699,s359.297223028
055_42,s-0.282957996,s4.257518001,s355.431700512
055_43,s-3.047289608,s1.695378918,s290.321450589
055_44,s-1.414426009,s3.369501745,s47.427660338
055_45,s3.987305273,s-4.256014076,s182.918461778
055_46,s0.586875402,s4.097625627,s204.183654379
055_47,s2.336135902,s4.291887668,s115.280876697
055_48,s-3.653421252,s-2.268861491,s336.749619747
055_49,s-1.022601122,s1.369658129,s292.125751240
055_50,s-3.384998904,s-0.298672872,s212.568527785
055_51,s-1.249071352,s-1.568279997,s290.586060961
055_52,s-1.555105259,s4.304082971,s134.594443108
055_53,s1.544222809,s-3.172092496,s3.231183352
055_54,s3.933406370,s3.381106208,s92.172913989
056_0,s3.405193060,s-3.669040818,s67.302782300
056_1,s-3.926807405,s-4.780298670,s303.390171311
056_2,s-1.020139656,s-4.571325385,s311.555863104
056_3,s-0.110586414,s-1.778925982,s245.479602856
056_4,s-3.200598827,s2.738946910,s206.554014278
056_5,s2.698079574,s1.393581333,s0.621907621
056_6,s1.743725498,s-1.960031884,s78.181952714
056_7,s2.795956754,s-3.300203835,s342.136352446
056_8,s-4.680888504,s-3.752830978,s92.995091558
056_9,s-3.973047392,s3.941275332,s101.610015112
056_10,s-1.922588313,s0.865877266,s8.777222611
056_11,s2.118018920,s4.475592065,s142.344951279
056_12,s1.353462109,s-3.263838736,s101.754336782
056_13,s0.289637032,s-4.028937873,s227.668172948
056_14,s-2.196191083,s0.028076465,s292.330384916
056_15,s4.221985359,s-2.259845957,s345.450098798
056_16,s-3.866313807,s2.210452122,s132.677366778
056_17,s-0.540410011,s-0.067314910,s55.587651693
056_18,s2.700333688,s4.541016505,s319.577963673
056_19,s0.461139530,s1.739736231,s339.393150806
056_20,s1.324112701,s2.198929439,s7.411924597
056_21,s3.236325868,s3.834273810,s313.338106780
056_22,s4.524211878,s0.246551361,s285.821728873
056_23,s0.097112994,s-0.659617527,s190.931902478
056_24,s0.969055938,s2.922792405,s96.937265070
056_25,s0.802124655,s1.933068198,s104.608547836
056_26,s-4.657494256,s1.627531767,s164.435678310
056_27,s-3.379363322,s-0.948232575,s83.914829694
056_28,s4.004413564,s4.040743452,s270.317477624
056_29,s3.900756621,s0.189468390,s4.955295117
056_30,s-2.399570627,s-0.600443063,s41.082286577
056_31,s1.751658947,s1.914528985,s13.194357377
056_32,s0.097262813,s-2.683776686,s176.177749318
056_33,s-4.662195095,s4.090424446,s270.594965443
056_34,s-4.665101421,s3.235806684,s219.835733490
056_35,s3.346069182,s-0.446307473,s299.847393229
056_36,s4.075541887,s2.142605336,s340.789658749
056_37,s-0.923621875,s-2.313925815,s335.768023454
056_38,s1.758097238,s0.069408478,s111.989598156
056_39,s3.045241989,s-1.266064970,s117.760891266
056_40,s-1.064441570,s4.516552690,s137.668500994
056_41,s-2.356083084,s4.412476076,s10.969767827
056_42,s-4.442552664,s4.564169326,s331.362367245
056_43,s-2.055846271,s-2.296003053,s252.519672253
056_44,s2.797528160,s2.893920408,s173.282985797
056_45,s5.189357524,s4.030110121,s71.013575484
056_46,s3.987330604,s-5.015487624,s314.224018697
056_47,s4.855160807,s-0.926051189,s140.222313247
056_48,s-2.946888920,s1.929681334,s339.108204834
056_49,s1.042331345,s3.635071902,s248.445654767
056_50,s0.476205915,s4.542009552,s130.486522598
056_51,s-1.031654624,s4.495522308,s36.803559117
056_52,s-0.741394986,s3.675221070,s33.769651174
056_53,s5.135416675,s3.167200078,s194.029041112
056_54,s-0.086417062,s2.270824964,s7.487854780
056_55,s5.036190149,s1.165597062,s326.323237943
057_0,s-3.804123491,s-3.015742000,s102.317894565
057_1,s-0.206448631,s-3.224885134,s238.280692729
057_2,s-4.020887400,s-1.628343240,s253.462952109
057_3,s4.322438282,s-2.455354293,s316.782519095
057_4,s1.495303382,s-3.533360099,s27.930567555
057_5,s1.969833702,s-0.222933427,s35.989552703
057_6,s2.556904570,s-3.841211339,s343.499160025
057_7,s3.683073254,s-2.726709435,s271.710909840
057_8,s-1.977111791,s-0.466984537,s206.480568867
057_9,s1.792795046,s-1.941395243,s267.297739222
057_10,s0.189545813,s-2.837636767,s251.026545407
057_11,s-0.253957829,s-4.289698759,s17.493449225
057_12,s-0.670547162,s-0.006359606,s9.847789732
057_13,s2.888716505,s-3.894762817,s21.417374646
057_14,s3.861929959,s-4.330402759,s209.074560357
057_15,s3.639909766,s-0.502989839,s49.489768512
057_16,s-0.027647142,s4.155089948,s231.094177014
057_17,s-3.923847013,s3.832940811,s175.567106531
057_18,s-3.373948166,s-1.896511339,s290.619099504
057_19,s-0.407357639,s0.748591700,s279.797612991
057_20,s-1.099582552,s-4.236424271,s78.856592982
057_21,s-1.191665746,s-0.789980422,s332.699400862
057_22,s-1.384502547,s-1.648622833,s60.128453755
057_23,s4.322677411,s-1.332280532,s119.610594414
057_24,s-3.782244545,s-4.326624796,s245.707781288
057_25,s3.485383560,s1.522494327,s1.212559797
057_26,s0.237471909,s2.458418394,s35.602695817
057_27,s-1.296615583,s1.702199904,s180.998484469
057_28,s1.071335840,s-4.306575194,s297.586053581
057_29,s-4.070947356,s3.117187756,s92.385853024
057_30,s4.539526605,s1.605261827,s65.856764723
057_31,s3.439393103,s3.256661248,s214.424810333
057_32,s-3.277084832,s2.996280099,s97.808198072
057_33,s-2.557852411,s3.938337314,s224.568831870
057_34,s-3.077673401,s-0.476443144,s38.902741051
057_35,s-2.820362063,s0.863952852,s340.344151817
057_36,s-3.178055112,s-3.526230908,s210.817791347
057_37,s-3.854374394,s4.232035526,s4.478200249
057_38,s-1.194857573,s4.243037604,s264.924268522
057_39,s2.508321104,s1.485684421,s117.045143682
057_40,s-1.025286746,s3.072152438,s75.599642146
057_41,s-1.679991870,s3.170250045,s246.264976681
057_42,s-1.079670630,s2.167403046,s39.924529175
057_43,s4.091255083,s0.364594308,s354.831363211
057_44,s2.233651717,s2.339819059,s128.887700635
057_45,s0.123066064,s-0.220795382,s78.575205243
057_46,s3.187857441,s4.082764213,s89.262147472
057_47,s1.553282812,s1.300249797,s258.327868527
057_48,s-4.013350048,s-0.255203092,s164.206874378
057_49,s-3.235089624,s0.816794316,s142.168071582
057_50,s2.665313083,s-2.539225999,s349.055156676
057_51,s2.307362361,s4.168408258,s42.550143150
057_52,s1.250599715,s3.099424765,s182.183075813
057_53,s4.349135312,s3.067340260,s154.043201125
057_54,s0.304001794,s-0.073630948,s203.481317277
057_55,s4.539074722,s3.679303830,s103.199925534
057_56,s-1.868799487,s4.270228802,s179.564595945
058_0,s-5.033517032,s-0.177952088,s221.269193225
058_1,s-4.839797285,s-1.788780818,s208.946983054
058_2,s-0.857925798,s-2.967588947,s29.208632342
058_3,s1.227193517,s2.710364803,s184.057975243
058_4,s-4.642032361,s-2.472216077,s177.007379446
058_5,s2.512007364,s2.032248586,s266.053865106
058_6,s-3.696898843,s0.761982478,s308.382101031
058_7,s2.375659933,s-0.469953980,s57.199043305
058_8,s0.674964489,s0.576354777,s109.785482649
058_9,s-0.464424751,s3.181506821,s202.566206613
058_10,s-2.793757185,s3.084523992,s316.341468242
058_11,s2.441227613,s0.325795518,s307.587835690
058_12,s3.981587791,s-3.366032073,s273.527867884
058_13,s4.750658767,s-1.670051361,s14.938547233
058_14,s1.719602134,s-2.496445573,s197.717924107
058_15,s-1.060893450,s-5.021884643,s127.208085638
058_16,s-0.319268142,s-0.183256148,s356.134285984
058_17,s-3.561902334,s2.075978328,s6.557394504
058_18,s-2.892474731,s0.148597819,s111.877958412
058_19,s3.170729574,s4.343974041,s66.251792577
058_20,s-4.580869867,s0.763682167,s173.589053797
058_21,s-1.567730252,s4.135636202,s309.033146429
058_22,s2.848971837,s-4.828992548,s54.301478871
058_23,s3.742986833,s-0.902241132,s312.494409610
058_24,s-4.490543101,s2.408436913,s98.330990860
058_25,s-4.271442435,s1.824698524,s52.942689285
058_26,s-5.000830064,s-4.626793071,s43.019123940
058_27,s1.357346262,s4.497420556,s185.828138959
058_28,s-2.052670162,s3.979525323,s269.426179907
058_29,s2.347761664,s-3.442545599,s218.630190365
058_30,s0.730243266,s-0.839433589,s16.226494795
058_31,s4.356478543,s0.301425277,s246.464344125
058_32,s-0.858400611,s4.576705603,s142.010031753
058_33,s0.458221700,s-3.172170759,s229.830513803
058_34,s-0.764002141,s4.063934390,s92.247378967
058_35,s1.072194861,s4.138497565,s278.488242491
058_36,s3.832480179,s1.981052745,s59.217289909
058_37,s1.316937351,s0.433400202,s177.630863842
058_38,s-1.231746802,s4.706796380,s356.937493104
058_39,s0.685495346,s4.718321492,s31.230474114
058_40,s-1.404340120,s-2.552412094,s311.254658554
058_41,s5.218181021,s2.559576614,s335.760375797
058_42,s-4.421693523,s3.361898916,s350.882851399
058_43,s-3.827873120,s-0.684673921,s13.368940109
058_44,s0.234091621,s4.306949353,s287.165426199
058_45,s2.014751592,s-1.561762289,s143.176208859
058_46,s3.074624090,s3.240521271,s200.833386590
058_47,s4.075858289,s0.880854864,s270.367572826
058_48,s-5.049756978,s4.613901280,s247.252095604
058_49,s-3.495107073,s3.912909312,s12.921898361
058_50,s3.041109275,s3.785772729,s131.000055630
058_51,s-3.980213091,s4.757299937,s101.514818802
058_52,s5.246287002,s4.492190516,s127.918919989
058_53,s2.226777185,s1.486761374,s237.878008354
058_54,s4.289004459,s4.725183498,s222.352818802
058_55,s3.921206033,s3.272898817,s235.155753426
058_56,s-2.747022708,s4.735695366,s285.997864721
058_57,s-1.300181013,s-0.580760078,s202.836793552
059_0,s-2.021300193,s-4.937813226,s239.150486456
059_1,s-1.193847981,s2.116290140,s338.201964404
059_2,s1.823312315,s0.286153118,s268.002611061
059_3,s-4.164894080,s-5.117651558,s107.181129183
059_4,s0.735599895,s-1.324345808,s39.194293199
059_5,s-1.004350523,s2.550478899,s217.567087890
059_6,s2.231702531,s1.740975180,s306.689876115
059_7,s1.590596461,s2.779462359,s142.172957438
059_8,s3.110277667,s-0.834119312,s302.924135767
059_9,s-4.407949171,s-1.128019629,s274.848105366
059_10,s-5.130658496,s-0.142519618,s175.899702963
059_11,s3.692025558,s-2.892450832,s155.273448088
059_12,s-4.126627259,s3.267000389,s111.310121887
059_13,s-1.863896146,s4.677264270,s95.367476338
059_14,s4.744884511,s-0.707613065,s20.071083833
059_15,s4.801848976,s-4.145859229,s229.269526492
059_16,s4.293747215,s-2.295595886,s161.881186088
059_17,s4.770108297,s-0.205027979,s283.237567556
059_18,s-3.747596486,s4.906018434,s136.134157078
059_19,s-3.252244403,s1.434437761,s133.652698727
059_20,s-4.075589483,s-1.967877338,s177.609474144
059_21,s-2.139163505,s-0.603396685,s274.564330988
059_22,s1.959395239,s-0.578862203,s103.965956231
059_23,s4.661176709,s1.047213366,s347.199160011
059_24,s0.757076345,s1.799049406,s95.659388300
059_25,s-1.948779889,s1.697979675,s274.637990107
059_26,s3.011889475,s-4.011156573,s186.324376769
059_27,s-5.156330385,s4.214365172,s314.413885280
059_28,s4.819209310,s3.753106032,s62.234661628
059_29,s-4.033756686,s2.297704443,s29.960960328
059_30,s-2.735586768,s2.316932303,s150.503262521
059_31,s-1.759055112,s-3.340502786,s82.588141882
059_32,s-3.389988316,s-0.555284527,s303.724807676
059_33,s-0.325854490,s2.606152631,s283.670744838
059_34,s0.110680540,s-2.073032767,s335.885805636
059_35,s4.117685360,s-0.130771414,s235.654369904
059_36,s-3.215965729,s3.710988118,s181.950857951
059_37,s2.401155392,s-4.661789423,s184.924490118
059_38,s0.962972542,s3.004657326,s44.209833177
059_39,s4.186724564,s3.995365044,s291.161748304
059_40,s1.727585683,s-2.489049220,s51.352893551
059_41,s-3.384460551,s-3.170350522,s249.884609501
059_42,s3.624420209,s1.319784619,s85.502076219
059_43,s2.192288341,s4.625354506,s107.783680064
059_44,s3.163718330,s4.190117037,s289.803882818
059_45,s-4.239041028,s4.631598437,s327.373918925
059_46,s1.047513074,s4.260662792,s239.534622245
059_47,s-2.024074389,s4.263855834,s319.220250092
059_48,s1.897036859,s-3.783593496,s247.073675675
059_49,s2.687201690,s2.751861347,s338.021024927
059_50,s-4.837082562,s1.362298093,s62.836970952
059_51,s0.323265523,s4.892696915,s281.416993966
059_52,s4.206383404,s2.203500341,s174.533161454
059_53,s4.888792591,s4.848152504,s147.620906978
059_54,s-4.564363298,s4.932044646,s311.184787619
059_55,s-1.427838440,s-2.223671333,s313.386995637
059_56,s-4.093499645,s1.622914340,s110.343448028
059_57,s-3.172439476,s4.195798731,s60.939775985
059_58,s-4.783026331,s2.539365935,s67.308690969
060_0,s-4.933385145,s-0.548741876,s5.761538625
060_1,s-4.416981218,s-5.198456532,s114.624764755
060_2,s-3.154997312,s-2.781585454,s275.112383951
060_3,s-5.112971498,s0.081171279,s339.604695382
060_4,s3.033443963,s-1.637680037,s142.866887865
060_5,s4.519049794,s-4.909950358,s144.941367108
060_6,s-3.518287181,s0.398574030,s182.585981672
060_7,s-0.248039111,s-4.026495140,s191.118340371
060_8,s4.813029850,s-3.555841909,s216.160384145
060_9,s-1.180945139,s-0.389645944,s182.033513466
060_10,s-0.660850370,s-3.255170729,s167.932997563
060_11,s-3.211297367,s1.767459382,s172.459872993
060_12,s-3.021293394,s3.393020365,s204.575811562
060_13,s3.530653764,s-4.711515646,s308.998486786
060_14,s-5.208305079,s2.234652022,s304.807139599
060_15,s-2.874964138,s2.206998636,s93.345906094
060_16,s-0.881085689,s1.181405666,s65.071188369
060_17,s4.598658958,s-1.800387328,s267.743898049
060_18,s-3.894086333,s1.593986776,s344.084383400
060_19,s-3.166743891,s-4.384349867,s200.717288493
060_20,s-1.667582411,s0.900179396,s49.477302531
060_21,s3.588864533,s-3.360285720,s257.716611563
060_22,s-3.501803176,s4.876857065,s30.691133342
060_23,s0.483214709,s-1.066480291,s325.321663375
060_24,s-0.594647740,s3.745906713,s11.213065821
060_25,s1.422915399,s0.055326217,s167.937448439
060_26,s-0.306248528,s1.825904599,s283.803719821
060_27,s1.600501461,s3.986404471,s115.836751671
060_28,s3.112461023,s2.088520328,s135.462777124
060_29,s-5.208305079,s-2.689893905,s217.334120398
060_30,s0.492814111,s3.933449194,s210.814359703
060_31,s-5.170406318,s3.739086143,s292.546425877
060_32,s4.078864825,s2.839475184,s149.172653235
060_33,s4.769598063,s-1.274844434,s30.484501588
060_34,s3.369921889,s0.439602712,s115.609920426
060_35,s4.902710481,s3.001101369,s279.833048050
060_36,s-3.527508610,s3.101354907,s19.706888597
060_37,s-4.853765239,s2.385325693,s331.688646423
060_38,s-1.592939896,s4.875973043,s325.485181676
060_39,s-2.648036144,s4.697959300,s75.102017240
060_40,s-4.270282588,s4.146170896,s24.202842667
060_41,s-0.634639059,s-2.271099637,s202.788982832
060_42,s-2.988526808,s-0.385323791,s318.602663406
060_43,s-0.982645905,s0.446814738,s11.446051998
060_44,s-1.375253821,s3.971843176,s169.397825107
060_45,s-1.824655782,s0.011022356,s96.836620738
060_46,s1.945813435,s1.967271942,s56.381265771
060_47,s-1.968805909,s3.827792981,s325.568123664
060_48,s3.151836714,s-0.626067195,s304.581734907
060_49,s3.333104131,s1.220867219,s139.193538667
060_50,s2.450230920,s0.714443158,s123.601176698
060_51,s1.080390473,s1.307156502,s64.661697250
060_52,s1.505908706,s4.187981067,s174.561332282
060_53,s2.376189475,s4.660673472,s58.415353358
060_54,s-5.203649862,s0.751728556,s178.451221500
060_55,s-4.913122197,s4.840776920,s103.518397206
060_56,s3.345578227,s4.785045932,s67.465004259
060_57,s0.921065717,s4.849156847,s297.207959221
060_58,s4.587318729,s4.564823967,s298.514303323
060_59,s3.221276774,s3.818882097,s66.820358378
061_0,s-2.159500787,s-4.091546633,s214.011617607
061_1,s-4.404061345,s-0.760189529,s128.931657549
061_2,s2.359057313,s-3.642905682,s133.532774323
061_3,s-2.284999727,s2.402893896,s221.982275353
061_4,s-4.354201594,s-3.206477361,s309.913640486
061_5,s-4.626124823,s0.596197559,s202.374791465
061_6,s4.883151561,s0.285013224,s352.285980652
061_7,s5.295957270,s2.079041536,s61.283217397
061_8,s3.896037852,s-2.397501812,s122.425679578
061_9,s-3.860633099,s-4.380928930,s352.800053242
061_10,s-4.983443490,s-1.490411559,s347.264114737
061_11,s-3.977069033,s-1.312910923,s343.965004752
061_12,s-0.841469436,s-5.219640749,s291.688884748
061_13,s1.852583359,s-2.434215850,s236.696948165
061_14,s1.944394674,s-1.750549871,s164.199351902
061_15,s1.710079428,s-0.344569491,s350.591940544
061_16,s2.686759434,s-2.512965334,s77.374407518
061_17,s5.042643169,s-2.512032747,s44.378708139
061_18,s-2.839523050,s-1.004205564,s129.762761133
061_19,s1.671818090,s0.847981388,s175.538860224
061_20,s-1.121578895,s-0.682401861,s336.853811298
061_21,s3.721477090,s-0.773534991,s304.585687918
061_22,s-1.048559639,s-4.002425310,s237.657540807
061_23,s4.868396338,s-1.511437460,s99.105625120
061_24,s-0.801628759,s1.999478821,s288.510664470
061_25,s-4.941637570,s3.919737253,s314.153199873
061_26,s2.880585785,s-2.240175680,s47.663442246
061_27,s-3.068789100,s4.827451930,s222.125106329
061_28,s-1.380124546,s4.024753846,s137.519344454
061_29,s-3.716862982,s3.543195226,s182.838486885
061_30,s3.150440430,s3.567888451,s17.797171377
061_31,s3.707841609,s3.338533728,s241.270695987
061_32,s4.604894290,s-4.152552375,s220.203395312
061_33,s0.923037836,s-1.219436058,s18.745951290
061_34,s4.777390710,s2.831380663,s273.884625572
061_35,s-2.298791257,s1.177081948,s10.299783159
061_36,s2.754009521,s1.540808728,s175.278389120
061_37,s-2.851258963,s-3.494816528,s143.463547351
061_38,s4.838438238,s1.762167561,s299.496919505
061_39,s-1.837917776,s-0.024842461,s118.426392742
061_40,s-4.833732626,s4.217981455,s348.071141151
061_41,s4.190525135,s2.789988734,s63.720022843
061_42,s4.226655040,s4.686306444,s227.538043110
061_43,s-0.522130414,s2.737279956,s245.811928064
061_44,s1.912219643,s2.058694212,s257.498770414
061_45,s-4.802927347,s-2.347440480,s110.249503851
061_46,s0.292402992,s4.555287340,s171.572486718
061_47,s-1.959483041,s3.442379867,s313.846924723
061_48,s0.659877640,s3.406142427,s72.076400001
061_49,s0.572652178,s4.823197885,s25.567104457
061_50,s-2.855334514,s3.376891017,s220.890349957
061_51,s1.814388510,s1.588577825,s190.987985873
061_52,s4.237085402,s4.149964148,s229.389798040
061_53,s-4.962345904,s2.557800479,s193.975363504
061_54,s-4.980124087,s4.757680314,s131.902211145
061_55,s-2.384866793,s2.219014783,s26.221417067
061_56,s-3.370706641,s1.593061788,s335.826146526
061_57,s2.481315156,s4.008390350,s191.489513500
061_58,s-4.916404557,s-0.522964862,s356.696739134
061_59,s2.556870991,s4.818641231,s225.811841640
061_60,s-0.929232437,s4.333555615,s188.944908882
062_0,s-3.130894518,s-1.472701598,s291.009785123
062_1,s-4.961646638,s-2.469561203,s117.806135317
062_2,s-4.010565456,s-3.376303875,s326.912143834
062_3,s-2.271611619,s-0.317455848,s218.793143894
062_4,s2.422024745,s1.310947356,s320.174020062
062_5,s0.568715489,s-0.715688530,s125.508492650
062_6,s5.415885298,s-5.638450857,s64.829460864
062_7,s-1.692636505,s-1.958403639,s103.601299731
062_8,s4.413962588,s-2.471067298,s39.770101494
062_9,s-4.534403050,s0.504875611,s99.215765996
062_10,s-3.450010043,s1.040962976,s166.612098888
062_11,s1.138066092,s2.186019412,s124.142737793
062_12,s2.147669922,s-1.853561715,s351.535483219
062_13,s1.056922226,s-0.012476943,s239.223430340
062_14,s1.884070111,s2.689710977,s359.435158987
062_15,s2.831384836,s-3.457882962,s1.356764787
062_16,s0.590694379,s3.541839741,s26.491778070
062_17,s5.484104517,s2.134632817,s85.294418793
062_18,s0.057065606,s4.285710692,s105.082046813
062_19,s-2.210565886,s1.889831338,s203.183671761
062_20,s-2.697076936,s0.684080237,s140.357084729
062_21,s1.598358169,s5.177979522,s346.299422861
062_22,s4.044434589,s1.888169781,s58.370251013
062_23,s2.397534068,s-0.613126174,s213.338623471
062_24,s4.736380889,s2.688665510,s143.079407753
062_25,s2.914946433,s-5.386190532,s315.505016568
062_26,s5.133975363,s-3.058928264,s209.556298579
062_27,s-5.205172024,s-0.385525914,s159.813851217
062_28,s-5.036325598,s2.118975776,s292.875705500
062_29,s2.323351325,s3.544612582,s323.304082230
062_30,s2.615881021,s0.330461646,s218.110272863
062_31,s-0.667746222,s0.469088260,s340.563882582
062_32,s-0.078944879,s-2.933475961,s147.201098625
062_33,s4.398368127,s1.682184136,s123.693907799
062_34,s3.991782102,s3.037742352,s55.495526597
062_35,s4.188871017,s0.015336796,s71.405863886
062_36,s0.006496453,s3.294835357,s177.487987241
062_37,s-3.118700385,s5.099045493,s195.901261910
062_38,s-3.895609238,s2.709436961,s321.933290112
062_39,s0.210252256,s5.126953829,s273.435722426
062_40,s-4.225457426,s1.582712274,s188.592921469
062_41,s-2.929507805,s3.215581516,s304.648409735
062_42,s5.158119729,s0.460181467,s84.353936530
062_43,s4.654403555,s5.150984460,s159.603539129
062_44,s5.490843203,s0.986494648,s136.032597776
062_45,s-5.224019001,s5.077770338,s250.933034771
062_46,s-2.662192880,s-2.781567446,s34.557151574
062_47,s-1.532633542,s5.137335034,s308.442670995
062_48,s-4.729036301,s3.565762706,s301.470865733
062_49,s-2.875863542,s4.215436020,s284.879045209
062_50,s3.581698309,s4.849879752,s141.327338313
062_51,s-2.332834362,s4.761284994,s41.915115308
062_52,s-1.016140415,s5.116610130,s356.881016797
062_53,s-4.966405514,s4.714096209,s77.212633653
062_54,s3.162256192,s-2.147377474,s188.196168306
062_55,s-3.280145330,s4.751781465,s125.915887959
062_56,s-1.408595078,s-1.269203514,s167.930750611
062_57,s-2.036388383,s2.403115319,s164.914278286
062_58,s4.341970098,s4.626380347,s249.713079741
062_59,s3.482191088,s1.698064213,s61.261901564
062_60,s-0.953251117,s3.294615425,s85.976612320
062_61,s5.406935913,s4.886342491,s346.016684625
063_0,s-4.904750739,s0.653587614,s120.084574588
063_1,s-4.722945016,s-4.522307830,s219.369709756
063_2,s-3.986648597,s-2.807015763,s324.042132910
063_3,s1.172357360,s-0.731948879,s194.331197394
063_4,s-3.534020323,s2.677485013,s81.140664660
063_5,s-4.201166379,s-0.388496550,s227.657308079
063_6,s2.261457538,s1.353360966,s83.912965718
063_7,s2.896365397,s-4.461964962,s274.203087220
063_8,s3.065421050,s2.115202400,s85.293891699
063_9,s-3.743105509,s-1.558874538,s32.992197151
063_10,s-2.507725576,s4.482941789,s131.221333088
063_11,s3.891753049,s-0.848822421,s39.896478125
063_12,s-2.305998659,s-4.559072019,s101.795791993
063_13,s0.076074378,s1.623719694,s141.994866584
063_14,s0.413069462,s-4.352848468,s52.625755061
063_15,s3.097022733,s2.927423289,s258.199385615
063_16,s1.693991851,s-0.869493270,s89.431568683
063_17,s4.990372246,s3.058957341,s59.409596300
063_18,s-4.956392386,s-1.361104357,s189.394744795
063_19,s-4.227313616,s0.946207087,s276.989685922
063_20,s-0.126819157,s-3.381886885,s218.196164186
063_21,s3.635926052,s-1.907847505,s159.394126343
063_22,s1.395611817,s4.307589163,s242.808952774
063_23,s2.834086570,s4.782691691,s290.414939971
063_24,s-1.732983454,s4.715137676,s140.502550934
063_25,s4.713916939,s-3.363344033,s226.519313463
063_26,s0.571253127,s-1.838006847,s288.909703266
063_27,s-4.909251433,s4.244429805,s193.213537842
063_28,s-4.198776272,s-1.142844869,s349.572919288
063_29,s4.312773266,s-3.628667891,s190.031210840
063_30,s4.285298947,s3.588800492,s310.505266061
063_31,s-0.818465219,s-1.196732009,s130.908985071
063_32,s0.111698226,s4.713245326,s150.036658535
063_33,s4.864288812,s0.448511052,s293.671300278
063_34,s4.319185825,s-0.794393031,s259.095323798
063_35,s3.889223168,s4.013874162,s173.417856194
063_36,s-3.694415751,s0.706468400,s129.457483047
063_37,s-0.056498160,s0.070377609,s164.113547496
063_38,s-0.185162140,s3.500066955,s188.559602950
063_39,s-0.838371385,s-1.750352377,s103.598575829
063_40,s4.835295714,s1.279937587,s160.790590956
063_41,s3.571622357,s4.442480427,s269.928211951
063_42,s3.367782990,s-3.065376655,s169.298968642
063_43,s1.224149459,s-3.486515460,s181.061486421
063_44,s2.387979592,s2.699291612,s302.730483567
063_45,s-4.997610572,s2.513573068,s340.281543729
063_46,s-3.983857002,s3.640227270,s240.370070581
063_47,s-0.815110676,s4.683965924,s55.180262541
063_48,s-1.126412996,s1.157877142,s44.614221311
063_49,s-2.348842516,s2.759222014,s319.826146314
063_50,s-1.995277885,s-1.944526885,s111.096188328
063_51,s-4.789502445,s1.094196588,s21.782499966
063_52,s-0.057321112,s3.832136291,s294.997690653
063_53,s1.009901507,s4.695887882,s133.856629627
063_54,s-3.275291944,s4.482024852,s266.343937448
063_55,s-1.008432660,s2.964276296,s84.749636305
063_56,s-2.024835199,s-1.084674434,s323.403450759
063_57,s-4.803196518,s3.316997150,s333.139194904
063_58,s2.733038289,s-1.354272292,s300.063223146
063_59,s-2.940572136,s3.425812983,s248.719532735
063_60,s-2.395688323,s-3.906773172,s76.586558506
063_61,s4.092739353,s2.941637407,s106.674661594
063_62,s0.794995979,s2.007354374,s190.394055036
064_0,s-5.181768083,s-1.796071994,s285.661180652
064_1,s-4.619106399,s-3.192390749,s82.577300180
064_2,s-2.395932783,s-0.655511552,s72.263336251
064_3,s3.174975871,s4.769929117,s285.545059671
064_4,s-1.783878389,s1.802741496,s151.647396433
064_5,s0.621306019,s-4.847705558,s137.387910895
064_6,s0.924271446,s0.499189608,s9.008535513
064_7,s4.990672953,s-1.503131426,s278.859479251
064_8,s4.873172341,s-4.869190683,s238.864483144
064_9,s-3.639861215,s-0.980159427,s92.448027034
064_10,s-3.481975771,s-3.961142930,s190.632367640
064_11,s0.239525895,s-1.671484647,s343.544619044
064_12,s0.765241854,s-0.006568684,s39.079125874
064_13,s-3.750709410,s-4.790252374,s90.199999452
064_14,s4.510535252,s-3.191909369,s136.809504280
064_15,s1.464091198,s1.812060491,s80.455944434
064_16,s-2.909907616,s4.877681175,s240.920446726
064_17,s-1.450369081,s-5.038308182,s201.899600325
064_18,s-5.105790988,s3.181417533,s163.870101778
064_19,s-4.963290220,s4.375983009,s152.885629437
064_20,s-0.239500005,s-0.193047333,s294.117790158
064_21,s-2.190436883,s-3.713624304,s119.076920828
064_22,s2.630370544,s-1.934534911,s32.455940418
064_23,s2.270760611,s-0.826590952,s20.902665922
064_24,s-0.867080869,s2.529743951,s260.356304800
064_25,s-2.614053780,s3.335391236,s147.024840024
064_26,s3.898600588,s-0.974058874,s260.883989384
064_27,s4.556083216,s2.640266310,s275.945843386
064_28,s-2.048698846,s-1.676559691,s46.164722607
064_29,s2.060773354,s5.031218520,s283.900389655
064_30,s-0.302381834,s0.956506405,s85.588759459
064_31,s-0.237955366,s1.357214774,s201.980759849
064_32,s0.832810324,s-2.744413602,s121.633107004
064_33,s1.701958931,s0.314381057,s282.117282789
064_34,s-3.514555181,s1.232139865,s236.992781433
064_35,s3.108600082,s-4.572121170,s293.225873975
064_36,s-4.605005059,s2.623883534,s244.180452952
064_37,s-1.260530780,s3.855823467,s57.135652126
064_38,s0.735216219,s3.405353109,s191.683886128
064_39,s-1.222308714,s-0.049157803,s223.228822519
064_40,s-3.572234357,s2.164074132,s201.007591784
064_41,s-1.640510649,s4.461208810,s76.115827307
064_42,s2.644909160,s2.732816782,s286.859709089
064_43,s1.137313775,s3.875035177,s227.567303115
064_44,s2.067375943,s4.245163019,s189.498257843
064_45,s-0.697808303,s4.886952045,s8.390523791
064_46,s-4.432301346,s-2.532345204,s202.983977304
064_47,s-4.854867446,s0.366089489,s235.450471958
064_48,s2.566673621,s5.022228012,s110.923296145
064_49,s3.502720035,s2.060610977,s306.283710280
064_50,s-0.163330707,s-0.829571651,s313.897845949
064_51,s-1.323003066,s3.485055870,s275.239414550
064_52,s4.677045029,s0.094550698,s338.213259709
064_53,s4.560796385,s5.008849458,s54.799983824
064_54,s-5.133282177,s2.560227256,s40.781213785
064_55,s-5.150003179,s4.981626826,s357.067559718
064_56,s-1.086838114,s5.055324291,s245.085834421
064_57,s-3.686127696,s5.003179671,s309.089779539
064_58,s-4.044250118,s4.417112798,s230.604947410
064_59,s0.436263174,s2.150958469,s171.541423122
064_60,s-4.981304629,s1.827501131,s91.203400459
064_61,s4.362858027,s3.917777403,s285.553096605
064_62,s3.521542023,s3.989347763,s352.847940689
064_63,s-1.021708184,s0.692199629,s7.237636726
065_0,s-3.798582018,s-0.639018085,s143.633556584
065_1,s-3.713827027,s-4.125433692,s243.403701888
065_2,s0.330255222,s-4.654544026,s195.885770691
065_3,s-1.358432213,s-3.582710793,s355.527167898
065_4,s-0.882067780,s0.921017361,s260.751369224
065_5,s3.849061569,s-4.760220530,s12.723575945
065_6,s2.875130847,s-0.055542395,s89.983504935
065_7,s4.562332184,s-2.306447378,s138.596924255
065_8,s4.658160335,s-4.412821286,s139.639527121
065_9,s-2.264846062,s3.979094229,s28.098789431
065_10,s-1.661772034,s-2.107698830,s14.502544656
065_11,s-2.807300649,s5.014704414,s258.319644342
065_12,s4.865534028,s-0.725401935,s151.950581513
065_13,s-4.866699783,s0.584932361,s26.836782914
065_14,s4.820947094,s-2.898938907,s134.888942419
065_15,s2.268915785,s4.219461633,s218.757825716
065_16,s2.831011318,s-1.180683265,s228.255559195
065_17,s2.177566748,s0.257948599,s242.146836885
065_18,s-0.265797526,s-1.786365816,s200.319237771
065_19,s-4.630978290,s-3.169909070,s100.927600473
065_20,s1.443914412,s1.452581277,s167.024109958
065_21,s4.710830718,s4.272738894,s192.803703873
065_22,s-1.893013636,s1.501009634,s11.946733443
065_23,s2.357446627,s-0.397065745,s51.342762012
065_24,s1.876301756,s-3.512164959,s74.074054009
065_25,s-0.255311795,s-2.650176474,s83.580027558
065_26,s-0.585588708,s0.054052458,s258.750951514
065_27,s-0.320858268,s4.290854119,s153.648681493
065_28,s-4.905932082,s-0.566692472,s330.344366412
065_29,s2.456727079,s-2.960552843,s359.223827821
065_30,s-0.488720236,s1.816268654,s204.831654003
065_31,s1.140775260,s2.239663699,s357.031219375
065_32,s1.586524428,s3.124283102,s348.958878883
065_33,s4.891364706,s3.392848529,s235.074335911
065_34,s0.031840827,s5.018819837,s59.777016551
065_35,s4.900083961,s0.058469006,s330.420698073
065_36,s-4.225867744,s-1.747547752,s30.450459671
065_37,s-3.477930781,s4.693342658,s199.828334813
065_38,s-2.983769129,s3.606282428,s204.361333563
065_39,s-0.896606004,s-0.758908404,s210.002633285
065_40,s4.723588538,s5.165734229,s216.109395408
065_41,s-3.213476598,s0.136915119,s297.760428808
065_42,s2.736938099,s3.899080227,s319.696546708
065_43,s3.210861730,s2.675478726,s88.890778970
065_44,s4.803133540,s1.196102977,s305.748256173
065_45,s-4.704311195,s4.753391666,s248.761527378
065_46,s3.008259896,s1.063631759,s151.246956525
065_47,s-2.585616906,s-1.903042324,s45.105783626
065_48,s-3.205657835,s5.010510995,s129.388824045
065_49,s-3.794489536,s0.703790751,s55.485562418
065_50,s1.256477400,s4.652715054,s190.147610476
065_51,s1.877103194,s4.965398503,s76.587585128
065_52,s1.791032919,s3.820200710,s39.467360747
065_53,s4.306005080,s4.829772556,s83.140357222
065_54,s-4.976720675,s-1.449526880,s45.495921576
065_55,s-2.359971289,s2.200237893,s339.878074364
065_56,s0.399828334,s2.115777498,s296.482371559
065_57,s-5.112879084,s1.910563507,s0.997932526
065_58,s3.427527392,s0.786961783,s355.011788271
065_59,s-1.598914002,s5.069608083,s160.728685589
065_60,s4.048766323,s2.220149677,s129.603190859
065_61,s4.551226363,s2.746046435,s198.829057579
065_62,s3.461104969,s5.180605177,s135.941741807
065_63,s-3.543373842,s2.542881148,s230.221738944
065_64,s-0.989000706,s2.658153037,s122.302046613
066_0,s-4.451031510,s-2.370245608,s253.398074307
066_1,s-3.947792135,s0.053847187,s167.045793383
066_2,s-4.803529032,s-4.654769030,s256.191811095
066_3,s2.392807060,s-4.252109952,s57.946834135
066_4,s-2.610248656,s4.232768631,s178.254722488
066_5,s4.292207565,s0.138315523,s218.967345450
066_6,s-2.644806607,s-4.885620906,s237.575398067
066_7,s0.764631371,s3.275280738,s132.980476642
066_8,s0.218222613,s0.818396207,s158.996706773
066_9,s2.896723020,s4.332163331,s354.954714196
066_10,s-4.376648585,s1.470035922,s352.916371051
066_11,s0.697956902,s-1.176856846,s141.361580996
066_12,s-4.289530441,s-1.207967589,s100.780705539
066_13,s-0.796910378,s-2.341836142,s88.633064276
066_14,s-1.886237013,s-2.797329272,s193.376205053
066_15,s3.324691904,s-1.536945451,s58.736588746
066_16,s4.740571177,s-2.722207235,s239.753552052
066_17,s-1.079527555,s0.907360928,s163.744562156
066_18,s-0.372097476,s-1.585005909,s258.108323300
066_19,s-0.043872198,s0.932928467,s198.715938131
066_20,s3.272382848,s-2.454375417,s300.283624239
066_21,s4.883787832,s3.392660663,s145.897917130
066_22,s2.650534145,s-1.283628217,s181.046436846
066_23,s-0.020230621,s-3.084085720,s224.095659422
066_24,s2.217257478,s1.074504875,s231.597430706
066_25,s4.438509913,s1.595880385,s160.335030267
066_26,s0.200875124,s4.059057935,s182.357569741
066_27,s1.148500501,s-0.024809819,s306.218269392
066_28,s0.884407147,s2.028441270,s260.220469880
066_29,s2.278375015,s-0.125294017,s84.627107999
066_30,s2.686001355,s1.925739963,s233.552468221
066_31,s3.729495786,s-3.886387663,s68.000906183
066_32,s-4.039012197,s-3.152118629,s37.999930108
066_33,s-3.403536793,s1.843434821,s145.322812649
066_34,s4.931009399,s-1.337158889,s231.583967649
066_35,s3.174725477,s-0.748860249,s103.369990903
066_36,s0.813352978,s-0.561518371,s347.547502453
066_37,s-0.798684001,s-4.318124830,s298.896492838
066_38,s2.111228299,s-0.868694336,s247.700333732
066_39,s-1.003660561,s3.317078439,s140.373159717
066_40,s2.861185617,s-0.058503627,s94.621990233
066_41,s-2.110490034,s-3.697320708,s176.204189739
066_42,s-1.899435807,s1.242145752,s323.139066200
066_43,s-0.088704096,s1.987702933,s59.772028242
066_44,s2.466447703,s-2.735313454,s269.370069252
066_45,s-2.428426825,s-2.506156078,s330.149950074
066_46,s1.760617889,s3.104866349,s133.333896104
066_47,s-1.644049510,s4.829386678,s220.935349960
066_48,s-3.427838182,s4.300535591,s21.640603433
066_49,s-4.706485078,s4.570433151,s133.077918635
066_50,s-1.436963934,s2.240665705,s58.834734610
066_51,s-1.632020415,s4.240245414,s32.451569823
066_52,s-1.572770892,s-1.320682529,s224.170555824
066_53,s3.436996921,s1.239848864,s213.598552516
066_54,s-0.452990218,s3.460696047,s42.169091561
066_55,s0.877909862,s4.650966116,s170.347500495
066_56,s-0.610217494,s4.518524904,s5.697853987
066_57,s3.741656252,s4.233910220,s69.898870047
066_58,s2.637173634,s4.345604035,s7.536997918
066_59,s-4.007246897,s3.743428799,s9.641008101
066_60,s1.186008037,s1.479490508,s90.179710024
066_61,s0.651616994,s-2.309320694,s7.329332513
066_62,s4.885299656,s4.699714283,s44.273358461
066_63,s-4.757832893,s2.035987227,s89.746997998
066_64,s-3.957025036,s2.650017782,s53.412458101
066_65,s-2.003974318,s2.811725419,s158.227000212
067_0,s3.136201989,s-1.897294547,s179.528942782
067_1,s-0.779171103,s-4.767721877,s125.489981425
067_2,s-4.512836749,s-3.949551430,s73.162667308
067_3,s1.494901562,s1.644464951,s240.980037800
067_4,s1.303546450,s-4.328981942,s184.758147826
067_5,s-3.228690580,s0.624367616,s309.972564659
067_6,s-0.416021324,s-1.863293691,s272.083877648
067_7,s-2.607471128,s3.500981687,s159.779998769
067_8,s1.057281238,s-0.719451777,s228.423542102
067_9,s-2.315890325,s0.751815415,s176.058246033
067_10,s-2.419626567,s-4.561868997,s324.536631237
067_11,s3.295552834,s3.525330381,s197.196521157
067_12,s-4.465958772,s4.697725323,s335.119046394
067_13,s-3.664447257,s-2.338865177,s45.612163004
067_14,s2.907969362,s-3.688495135,s83.842694755
067_15,s2.786842672,s1.772616451,s352.176612610
067_16,s4.294944491,s-4.764169626,s175.508714976
067_17,s4.589245682,s3.905695174,s78.766777738
067_18,s-4.305581990,s-1.489678677,s281.879598422
067_19,s-1.240268648,s-3.292410915,s279.393766739
067_20,s-2.254269737,s-2.764887418,s146.480535887
067_21,s0.454056293,s-2.460123839,s316.660858033
067_22,s4.509603156,s-0.708741984,s25.104230927
067_23,s2.167068135,s4.275266057,s152.868844265
067_24,s1.822002177,s-2.611350913,s271.764402342
067_25,s1.982963437,s4.755287185,s173.840228852
067_26,s4.538999664,s-3.157735627,s136.797355285
067_27,s-4.087932319,s0.804961846,s36.902134062
067_28,s-3.629607786,s-3.858354273,s324.783884888
067_29,s-2.662997802,s-2.153578257,s26.445355063
067_30,s1.824021827,s0.450001879,s69.981141760
067_31,s0.282112230,s-4.026250565,s96.487794387
067_32,s2.921807231,s-1.041536139,s43.220665725
067_33,s-1.354587598,s0.577193326,s260.373117288
067_34,s0.338082938,s-0.160848437,s172.564707420
067_35,s-1.869705359,s3.357505781,s8.814587744
067_36,s-3.309754365,s1.483998828,s148.146548343
067_37,s-1.164262562,s4.776904871,s241.440568277
067_38,s3.024907015,s4.591664258,s131.624189034
067_39,s4.878774186,s-3.763201242,s176.954206857
067_40,s4.460798170,s2.627304354,s189.865336138
067_41,s-1.873406075,s1.525497058,s205.702267257
067_42,s1.287829910,s-2.643531437,s300.788131638
067_43,s1.446414134,s2.363605892,s214.034433349
067_44,s0.042740404,s4.710625813,s277.274582455
067_45,s-1.582499212,s2.515322629,s276.252307816
067_46,s-4.276873613,s1.225974090,s307.444956338
067_47,s-2.528337364,s0.067491393,s74.405386135
067_48,s-1.906555866,s4.055779323,s12.265193561
067_49,s4.095814488,s1.890839329,s45.365941087
067_50,s2.302239516,s-1.593598975,s68.703883262
067_51,s-0.199748481,s0.719444317,s12.188629217
067_52,s2.371193542,s0.178520494,s2.204304494
067_53,s-0.079786775,s-1.034657661,s34.925540217
067_54,s-1.668524375,s-2.381624989,s58.499896105
067_55,s-4.325702652,s1.869364901,s319.263776547
067_56,s-4.470236358,s3.093444258,s213.095808237
067_57,s4.890389910,s0.155592225,s118.106314264
067_58,s4.004310225,s-1.376664212,s268.079289330
067_59,s4.599663944,s-2.768830934,s238.059394772
067_60,s4.342268252,s4.734684424,s113.484203318
067_61,s-0.373865774,s4.761971240,s358.544236558
067_62,s-0.355167498,s3.872484349,s126.065002920
067_63,s-2.486715101,s2.415539776,s45.636675513
067_64,s4.812853746,s2.751716085,s191.485280490
067_65,s-3.938342035,s3.642322225,s254.529124598
067_66,s0.964665468,s1.846026433,s152.751375708
068_0,s-2.558517682,s-2.655190627,s125.249354630
068_1,s-4.973176585,s-3.167075983,s193.463920008
068_2,s1.803504984,s-2.614283442,s218.059870993
068_3,s-4.780450212,s2.486738792,s53.869572853
068_4,s1.519457830,s-4.965213700,s145.092020260
068_5,s-1.691904713,s-5.392363469,s247.768358952
068_6,s2.358965287,s0.679704003,s239.683571284
068_7,s4.353253842,s-5.384996217,s292.174834287
068_8,s5.464204710,s-1.238491233,s162.856846405
068_9,s-2.954211714,s0.171269785,s238.554737903
068_10,s-1.061818866,s-4.531438124,s339.273626090
068_11,s0.686619033,s-1.550346586,s225.091389730
068_12,s-0.699555765,s1.429110097,s30.298240346
068_13,s-4.998034026,s4.990357645,s344.858991427
068_14,s2.942991286,s-2.206240849,s20.797028494
068_15,s-2.987544566,s-4.447948154,s339.749494029
068_16,s1.749092600,s-3.056502296,s197.884384978
068_17,s5.311078614,s1.078352548,s152.723186891
068_18,s1.474324763,s3.390754117,s180.525730881
068_19,s-2.700294379,s-1.569890360,s202.640646088
068_20,s2.005762059,s-0.137503382,s275.092873734
068_21,s-1.340662507,s0.765775567,s167.651779815
068_22,s1.206234319,s0.622571922,s95.107498739
068_23,s2.645153339,s-1.073318737,s249.423670048
068_24,s-3.869400354,s-0.019736917,s210.612657781
068_25,s0.255817377,s-2.694424436,s332.043992857
068_26,s1.869541343,s1.592357318,s63.838766909
068_27,s4.516497691,s0.913392481,s287.479656058
068_28,s-3.278100571,s4.958824376,s200.023866993
068_29,s-1.220371315,s3.195095650,s124.761843562
068_30,s0.602721440,s4.539430660,s324.569110527
068_31,s2.834557061,s4.711610139,s53.024144142
068_32,s5.105219710,s-4.313281494,s318.178682073
068_33,s0.068207691,s1.884288432,s258.481423301
068_34,s4.822613850,s0.543406371,s32.270924435
068_35,s2.903418627,s-5.233005836,s131.450724923
068_36,s-1.099073683,s-2.340599119,s237.133836926
068_37,s-3.636583266,s4.193942405,s191.553330123
068_38,s-1.122548432,s-0.624757901,s65.284051404
068_39,s4.870390051,s-2.081293718,s268.352095587
068_40,s3.664432383,s3.506279867,s136.722102293
068_41,s2.324728112,s3.063485573,s221.269775698
068_42,s0.007762391,s0.781566203,s260.005821265
068_43,s4.300987205,s-0.687174388,s247.952891492
068_44,s5.235330209,s3.985856157,s3.423700612
068_45,s-5.076589438,s3.562690649,s109.818467311
068_46,s-2.772625669,s4.489932274,s70.200213726
068_47,s-3.094345992,s1.464465897,s321.899643294
068_48,s-4.684429319,s-2.003495535,s155.391512446
068_49,s0.327414564,s-0.368841147,s64.235415993
068_50,s3.607970740,s-0.029877659,s168.002130377
068_51,s0.589443339,s1.244156481,s183.493083828
068_52,s-1.679760433,s3.540051179,s102.529516164
068_53,s2.496384826,s4.414975498,s225.759552942
068_54,s-4.683642203,s1.280729578,s67.722701441
068_55,s-5.182997995,s3.301953582,s347.042697386
068_56,s-3.967021194,s3.252958666,s214.859432404
068_57,s-1.710655675,s4.584100716,s275.844355658
068_58,s5.036786170,s4.956669887,s262.106739831
068_59,s-4.880908921,s0.397515087,s158.114308195
068_60,s3.864566517,s4.638221709,s20.515978565
068_61,s2.125855583,s2.382572950,s162.735144383
068_62,s4.717402510,s3.985117168,s241.663286858
068_63,s-1.124979414,s4.938494322,s247.661677481
068_64,s-1.535680002,s2.232763904,s100.209721637
068_65,s5.450630865,s4.922973844,s91.410363261
068_66,s1.930225545,s4.442242332,s52.105514538
068_67,s-0.897031158,s4.710011695,s67.866191396
069_0,s-2.382085737,s-2.681062470,s101.315471892
069_1,s-2.307672607,s-0.468948564,s123.568766577
069_2,s-0.718994060,s-2.400002705,s36.535567954
069_3,s2.948409042,s-3.508540991,s107.545730894
069_4,s0.241503081,s0.510220368,s185.184610728
069_5,s3.077745085,s-2.152815813,s229.744112137
069_6,s4.879548088,s-4.778557899,s88.950145322
069_7,s0.159588302,s-4.753620161,s359.603764507
069_8,s4.991623010,s-2.822046999,s120.581718603
069_9,s3.027950652,s2.946185558,s221.363978991
069_10,s-4.731267318,s-4.920626532,s338.764988730
069_11,s0.469521303,s1.707502291,s293.624528633
069_12,s-3.273118042,s-3.638774049,s309.873576408
069_13,s5.130295197,s-1.209223910,s336.793820797
069_14,s1.237479710,s4.647825992,s242.554301437
069_15,s-1.028898191,s0.683379864,s105.135015719
069_16,s3.031563669,s0.597808399,s339.222005053
069_17,s3.605725557,s2.549795464,s314.746555063
069_18,s3.476801726,s-1.150003003,s144.043686236
069_19,s-4.538547538,s-0.235612686,s79.193777313
069_20,s-4.910474063,s-2.652241782,s209.897545387
069_21,s-5.312184876,s1.773538389,s89.219030094
069_22,s-0.556169416,s-4.265962016,s67.544684689
069_23,s-4.541926633,s1.052928144,s212.563064885
069_24,s2.113215804,s-0.323569152,s114.191980233
069_25,s-0.455465764,s-3.385374433,s286.151167090
069_26,s1.581660730,s-4.195226753,s65.541635738
069_27,s-4.937834289,s4.924580286,s346.576806876
069_28,s-0.745765850,s-0.672896718,s272.693218405
069_29,s0.742319451,s-2.375676191,s35.404621482
069_30,s-1.858286198,s4.490071723,s252.958564342
069_31,s4.120033305,s-0.846359731,s281.651280634
069_32,s5.242541665,s4.904187771,s231.333123019
069_33,s0.270994614,s3.630510239,s37.818163883
069_34,s-1.508879397,s1.053308759,s11.853257929
069_35,s1.979715470,s1.419760053,s192.031905154
069_36,s-2.509059761,s4.811849285,s67.107060798
069_37,s-2.696515767,s3.193039677,s174.072352926
069_38,s-3.709327202,s4.625929888,s54.260148098
069_39,s-3.157206124,s0.162399045,s196.441920444
069_40,s4.997055053,s2.470862123,s309.868464319
069_41,s1.857088002,s-5.489674427,s24.663524307
069_42,s-4.665062480,s-3.881015350,s123.135621594
069_43,s5.178843967,s1.166235312,s323.720244435
069_44,s0.193857365,s4.908131460,s196.775642326
069_45,s-0.895908564,s4.494802121,s280.197669962
069_46,s-1.884104643,s-2.206424776,s318.242880100
069_47,s0.301566250,s4.144811596,s334.642652183
069_48,s-2.790521015,s-1.952538646,s284.115733559
069_49,s4.660419778,s4.241233364,s79.036310572
069_50,s-0.426703584,s1.596579575,s42.387797106
069_51,s5.313492442,s2.894479312,s266.631857450
069_52,s1.077933893,s3.193577226,s57.621550522
069_53,s3.427605070,s4.018801001,s77.484476047
069_54,s-4.309255467,s4.000035318,s292.796092694
069_55,s-5.270123711,s3.916690099,s22.860173723
069_56,s-0.760020340,s2.484412281,s9.225825623
069_57,s-5.162961915,s0.228421220,s24.879553460
069_58,s5.313492442,s4.070837041,s78.288902847
069_59,s1.592583841,s2.912556688,s69.145977458
069_60,s2.712342081,s4.562430827,s263.052979561
069_61,s1.416909490,s2.038355061,s109.963228179
069_62,s4.154383043,s1.348953503,s39.598762144
069_63,s-4.187277976,s3.068486142,s94.077900040
069_64,s-4.052082486,s-1.104269640,s310.836975143
069_65,s-3.106781389,s2.669277980,s348.806876521
069_66,s4.561358463,s4.906916820,s129.596130857
069_67,s-3.441119753,s2.119582086,s217.711879600
069_68,s2.317717657,s4.838253092,s109.220609505
070_0,s-3.384952837,s-4.396486776,s109.793373748
070_1,s-4.414149170,s-2.378484311,s111.703747798
070_2,s0.789775657,s-3.547963466,s97.679904314
070_3,s-1.977005190,s-3.748045254,s316.662530534
070_4,s-1.652214852,s-1.497174827,s332.497858384
070_5,s4.722141060,s5.115988842,s88.652482786
070_6,s-0.634545455,s-0.860430367,s151.550441822
070_7,s-3.000888010,s-1.412547457,s335.353384997
070_8,s-1.478443092,s-0.229351969,s45.174029384
070_9,s-2.933804359,s-2.777056222,s306.588281752
070_10,s-3.568603332,s3.523999809,s339.236887917
070_11,s-5.316698807,s-1.790519798,s61.500218756
070_12,s-2.247072713,s-0.001603726,s217.432229813
070_13,s-5.490697400,s1.724088343,s186.715483352
070_14,s-0.750644180,s0.728037551,s341.380786482
070_15,s2.214279368,s-4.044787689,s27.330248706
070_16,s2.841472005,s-1.273577646,s179.519564304
070_17,s4.773801842,s-1.659755896,s239.399271382
070_18,s-4.127683955,s-3.417102527,s283.755139504
070_19,s-5.157770415,s0.336264263,s213.547548580
070_20,s2.696845133,s0.053169334,s15.928367314
070_21,s-2.335565167,s-5.254708616,s79.406645168
070_22,s4.098467930,s0.546421535,s353.336459326
070_23,s5.220056277,s-0.744937512,s268.424779065
070_24,s3.670067232,s-2.270689765,s96.855021502
070_25,s-0.678152061,s4.785557761,s16.074903747
070_26,s4.111972693,s-1.140876913,s199.136170133
070_27,s-5.428341761,s-4.942683846,s146.436294401
070_28,s-0.755120930,s2.644123199,s95.547120659
070_29,s4.314468853,s2.191255181,s80.827132796
070_30,s5.202021050,s-3.141067072,s100.888778532
070_31,s4.328302177,s4.346599120,s129.596480640
070_32,s1.478936310,s-0.878905889,s195.892305508
070_33,s0.248756587,s-0.447819070,s233.855556762
070_34,s4.801984230,s2.843545585,s274.409573097
070_35,s5.260323517,s1.346739453,s298.741228642
070_36,s-5.346476486,s4.079034275,s16.733050217
070_37,s-4.508717986,s-1.500158551,s211.104276653
070_38,s-5.208196029,s-0.585735864,s12.543378302
070_39,s2.926524685,s3.744479684,s300.971370239
070_40,s-2.606834255,s1.143454647,s1.353187744
070_41,s2.924961339,s1.834703580,s91.087721688
070_42,s4.505038455,s-3.639204604,s62.401087385
070_43,s-2.397499879,s4.810414924,s356.976272712
070_44,s1.703194501,s1.565984089,s219.059449820
070_45,s-3.684826517,s-0.155616239,s318.277214408
070_46,s-1.913866492,s3.006449084,s210.813490292
070_47,s3.277553419,s2.858734757,s272.729408413
070_48,s1.335641574,s-4.478153712,s289.172673167
070_49,s-2.056969376,s1.618169940,s144.581737945
070_50,s0.599669571,s3.050919617,s226.687245508
070_51,s1.215387230,s4.971896861,s164.531538834
070_52,s0.889994853,s3.855933458,s92.657801209
070_53,s2.801537873,s5.169249826,s77.389752929
070_54,s-5.314158085,s5.130781158,s285.747729194
070_55,s1.901316368,s3.160213771,s104.084138357
070_56,s-3.808572708,s4.428388820,s142.625776888
070_57,s-2.843638290,s5.161009650,s82.730034182
070_58,s5.267894815,s2.395428049,s93.205916917
070_59,s-2.350011821,s3.597808132,s150.094934031
070_60,s5.224478961,s4.022774167,s29.903851360
070_61,s-0.476127642,s3.025882342,s126.666967518
070_62,s0.244637956,s4.343103382,s8.525340698
070_63,s-4.891233757,s1.901569599,s138.582105994
070_64,s2.906973214,s-3.106860810,s308.525878003
070_65,s-0.803222666,s4.685102348,s64.943922814
070_66,s1.215955215,s-1.667266421,s11.815547598
070_67,s-4.760774934,s4.998927022,s222.350984418
070_68,s-0.721063885,s2.027824146,s36.878349234
070_69,s0.090003898,s4.944778956,s48.222794050
071_0,s4.137804039,s-4.631986143,s83.571828011
071_1,s-4.976991807,s-1.069644186,s267.145175642
071_2,s-2.740565988,s-3.808367956,s295.716450778
071_3,s-4.428761542,s3.461109157,s145.644722215
071_4,s-4.430307265,s-2.829587920,s205.257924165
071_5,s1.303008092,s-2.650289872,s14.352723785
071_6,s2.191417838,s-0.151481545,s227.307871549
071_7,s4.705850296,s-2.897748991,s112.132889176
071_8,s2.226337520,s-5.213164907,s273.550856982
071_9,s1.848257372,s-0.074093634,s93.867823549
071_10,s-2.313621429,s-3.206275220,s70.643341926
071_11,s4.512579767,s-0.084296388,s331.207880067
071_12,s1.042445904,s-4.578613945,s55.362107143
071_13,s-1.231893474,s-4.169143594,s164.222599770
071_14,s5.045412789,s1.771719747,s351.130682614
071_15,s4.065329707,s-0.031283612,s32.637606028
071_16,s3.076541099,s-2.626779517,s347.568308456
071_17,s0.527161284,s-3.428078017,s248.482476668
071_18,s0.483302669,s-1.515364977,s196.880946807
071_19,s-4.976991807,s0.479938694,s283.108948166
071_20,s-0.951490104,s0.917732137,s339.335129025
071_21,s-4.885654743,s-5.136054397,s248.596217294
071_22,s-0.246572495,s4.620842792,s261.113131288
071_23,s-0.943187979,s1.489166871,s174.819001186
071_24,s3.138949066,s2.224822563,s262.052409940
071_25,s0.248643980,s4.805132568,s30.998963238
071_26,s4.114531361,s-2.126801437,s171.106647400
071_27,s0.455043265,s-0.462418743,s97.227270891
071_28,s-4.086193815,s2.098150337,s336.866656750
071_29,s-0.189172214,s-0.592108019,s203.995660591
071_30,s0.523199167,s-2.855140081,s67.822589048
071_31,s-0.724317118,s-3.009195331,s281.661353423
071_32,s-2.213278678,s4.793911418,s16.110780995
071_33,s-0.575537336,s3.483559015,s134.852439247
071_34,s1.179546549,s3.580999681,s229.000425730
071_35,s4.899320320,s2.624056719,s270.589476826
071_36,s-2.523022280,s1.977517715,s201.320657199
071_37,s-3.478875344,s-1.071735528,s157.712275677
071_38,s-3.550330211,s2.001281504,s142.099246352
071_39,s-2.700508791,s3.692708853,s127.807496358
071_40,s1.921675761,s-2.810468742,s70.245261217
071_41,s0.831226148,s2.639391208,s152.843451667
071_42,s4.610531850,s4.548423861,s335.867526793
071_43,s-3.777164095,s2.954103994,s21.426890407
071_44,s3.419473117,s3.096501673,s65.475295112
071_45,s-3.369775204,s-4.636193013,s73.748883273
071_46,s-4.901615581,s0.816493744,s94.381104041
071_47,s-0.053960227,s1.696254127,s227.087524773
071_48,s-4.882289316,s4.496156513,s159.566638688
071_49,s-2.514242956,s-0.017417606,s140.901632760
071_50,s0.584361071,s3.763697749,s74.290739699
071_51,s4.928695352,s1.459914270,s337.157729460
071_52,s2.027888306,s2.918501203,s298.291697780
071_53,s2.675532878,s0.761459563,s326.867129340
071_54,s-3.899880377,s4.675757235,s53.214838487
071_55,s1.983287851,s4.722825676,s253.545279766
071_56,s-2.523894690,s0.757724425,s308.011733432
071_57,s1.654671918,s2.843894651,s43.101146105
071_58,s3.227088288,s-0.293421975,s107.285678268
071_59,s3.912233236,s-1.079246165,s177.599815175
071_60,s1.909919086,s-1.309023610,s20.169817061
071_61,s-0.929650842,s-1.980629798,s219.256477139
071_62,s1.908551067,s1.033219137,s107.065684643
071_63,s-4.746549994,s3.324240381,s338.719526128
071_64,s3.728856176,s1.148773360,s164.359504453
071_65,s-3.030719939,s4.697319764,s128.868551859
071_66,s4.954294323,s4.145664322,s357.098688095
071_67,s3.358198201,s4.622485634,s249.845539028
071_68,s-4.306628254,s0.244752873,s323.285851510
071_69,s4.393751370,s3.190089400,s16.646681636
071_70,s4.826155876,s-2.564749275,s159.798829261
072_0,s-2.170860934,s-2.765843466,s199.974259595
072_1,s3.630155992,s0.243615634,s331.731428662
072_2,s-2.109981708,s0.779877468,s193.384556729
072_3,s-3.617579396,s-4.828605649,s44.626031655
072_4,s-1.054620468,s-0.603008244,s75.897748379
072_5,s-0.990996847,s-4.684420670,s256.734842396
072_6,s-4.901278068,s-0.730328216,s338.191991654
072_7,s4.862848602,s-1.676953804,s105.458831614
072_8,s4.811396596,s-4.391532407,s129.109262049
072_9,s0.365930020,s4.135152109,s201.988350301
072_10,s-4.602761855,s-2.713382264,s70.471129905
072_11,s-4.571273399,s-3.390851244,s119.290380689
072_12,s-2.084772516,s-4.872098872,s180.012463639
072_13,s4.757513075,s2.639535337,s66.917592080
072_14,s-1.764274858,s-2.043474591,s196.331293766
072_15,s0.015271074,s-3.394104812,s298.479011244
072_16,s-0.328416904,s4.607034399,s172.078597079
072_17,s1.519516445,s-2.032434071,s189.898299538
072_18,s-3.392683316,s1.533466101,s162.077044280
072_19,s0.165147098,s-0.246116994,s119.495974386
072_20,s4.741100516,s2.021465825,s358.948423561
072_21,s-1.019799322,s-4.260560664,s2.888343988
072_22,s2.099037038,s2.365675980,s322.890427511
072_23,s0.606557624,s-1.623309636,s104.564913126
072_24,s2.443523955,s-4.280210029,s303.275290538
072_25,s-3.531117928,s-1.289575873,s305.943294870
072_26,s4.812352292,s-1.085652418,s281.297164442
072_27,s-1.758566965,s4.161063115,s53.825522692
072_28,s-4.681105155,s2.682121685,s355.874348065
072_29,s4.741826575,s1.369413844,s163.646187335
072_30,s-1.031400129,s3.338105128,s350.527822441
072_31,s-2.721400732,s3.473404318,s347.210259041
072_32,s4.159730895,s3.931800454,s72.434547523
072_33,s4.376600347,s3.710661385,s275.215303097
072_34,s-0.928320946,s-2.321115273,s276.748690659
072_35,s-3.091583301,s0.356433490,s9.976135512
072_36,s-4.882677218,s4.118440165,s110.782094696
072_37,s0.239502146,s4.927506598,s119.480683815
072_38,s4.831235351,s4.799036245,s267.764497360
072_39,s-2.690901092,s1.982765667,s263.829124137
072_40,s1.336891061,s-0.869115726,s2.607856803
072_41,s-0.012093064,s2.281106185,s112.382943360
072_42,s-4.268136902,s-0.077382493,s86.390934053
072_43,s2.505029094,s1.714595676,s201.889143100
072_44,s3.649134406,s-0.714547230,s193.779734448
072_45,s1.848249749,s4.613875867,s64.821733090
072_46,s-4.497366002,s1.023362141,s288.554409648
072_47,s0.848681953,s3.236021254,s232.353875341
072_48,s4.809061613,s-4.038403918,s138.352983074
072_49,s2.359755227,s4.760282485,s53.680669876
072_50,s-4.067287569,s-2.788949379,s212.081113677
072_51,s-1.587464220,s4.910496295,s342.176362627
072_52,s-0.036526288,s1.747971402,s78.384922014
072_53,s2.730796966,s-2.169130780,s211.937215436
072_54,s-2.067601050,s3.233194636,s26.186185257
072_55,s-3.876526782,s4.855544543,s189.784991284
072_56,s-1.367511983,s0.429673385,s87.033218861
072_57,s2.288029505,s0.115820414,s236.946349450
072_58,s-3.220471322,s2.310781092,s81.174772492
072_59,s-3.710866474,s-3.846888274,s264.888549524
072_60,s4.771058409,s0.596962435,s62.892283128
072_61,s0.731785112,s-2.619561190,s351.463254947
072_62,s1.731098176,s2.549849844,s326.762111686
072_63,s0.892783524,s1.365883197,s112.178672465
072_64,s-3.224350039,s-3.827531480,s14.097715331
072_65,s2.179138494,s3.185696255,s4.665903097
072_66,s0.623355543,s0.130770473,s243.557229996
072_67,s3.361616474,s3.170047447,s289.586772670
072_68,s-4.348309338,s2.193152998,s274.310526463
072_69,s-3.745689917,s4.316242051,s44.067890742
072_70,s3.577611519,s2.359725191,s62.716091264
072_71,s2.915668430,s4.759861172,s294.580347900
073_0,s-5.109730080,s1.450502995,s141.018341679
073_1,s-4.537306028,s-3.349693643,s353.260142203
073_2,s3.810793058,s2.144009105,s284.106835742
073_3,s-0.059378348,s-1.977310184,s266.539346883
073_4,s-2.143998448,s4.318820505,s185.278583427
073_5,s1.489504401,s5.046596698,s109.251200181
073_6,s4.673016585,s0.555699682,s6.369128632
073_7,s5.052123894,s-3.948084069,s109.219231385
073_8,s5.125131970,s-0.874083876,s203.962506382
073_9,s-2.372344899,s1.171820547,s138.181626787
073_10,s0.666800401,s0.255022896,s289.690236346
073_11,s0.977561348,s0.710389828,s259.385029437
073_12,s-0.595637341,s1.832493873,s53.420283124
073_13,s-0.860346215,s-4.715992044,s91.161147434
073_14,s0.510783176,s3.099478918,s133.391438778
073_15,s-3.376766496,s1.865163301,s289.126668698
073_16,s1.359531560,s-4.160649744,s279.545798831
073_17,s4.052896160,s-5.172277511,s262.089901718
073_18,s-4.494931260,s-1.361249625,s112.024880666
073_19,s-1.049108717,s4.306898832,s172.744858832
073_20,s-2.784284803,s1.821480590,s48.591433206
073_21,s4.952918740,s0.229900413,s87.658756401
073_22,s2.308197575,s-0.544098902,s128.785738136
073_23,s1.304825314,s-2.846687492,s42.926817680
073_24,s2.566036433,s-5.292702660,s137.935018071
073_25,s4.476113965,s-2.907159634,s145.433577809
073_26,s2.634794275,s-3.896055821,s251.331358254
073_27,s0.964093073,s4.233723156,s90.167335300
073_28,s-4.939157595,s4.529717845,s200.329719356
073_29,s-3.298619591,s-2.491648339,s87.914435564
073_30,s-4.294166141,s3.022488171,s156.707578713
073_31,s-3.883038750,s-0.219090822,s278.519828960
073_32,s1.698054944,s0.115368938,s246.109986672
073_33,s-2.951574456,s-1.085286873,s299.598917848
073_34,s3.213362818,s4.100680614,s84.740731949
073_35,s3.579370851,s-0.878033745,s277.191910650
073_36,s3.171436874,s-2.142620861,s237.048462783
073_37,s-4.740198236,s2.031394275,s178.546547225
073_38,s-4.900975971,s0.597298027,s45.334434573
073_39,s-3.257707638,s3.167444000,s1.245169243
073_40,s1.976755123,s1.912912080,s237.727082684
073_41,s2.365978288,s-1.024932747,s122.301858355
073_42,s3.726905171,s5.056052431,s35.811942192
073_43,s-3.710895065,s3.835456786,s178.633321022
073_44,s-1.284426775,s-3.580219780,s340.031735739
073_45,s2.671464688,s2.680761989,s53.445938170
073_46,s2.069561125,s1.389532687,s334.589454293
073_47,s-1.739138676,s-2.444126422,s326.353182599
073_48,s-5.115066152,s-2.383948151,s245.694515275
073_49,s2.693120707,s5.110072950,s118.859556541
073_50,s0.068156387,s2.138245036,s341.037193272
073_51,s5.288598298,s3.986057414,s157.945306180
073_52,s3.485795395,s3.879711847,s2.907651276
073_53,s4.893197618,s3.624117591,s197.203097769
073_54,s-5.094766565,s5.078245414,s330.584957770
073_55,s-2.501238452,s4.754805209,s355.966411394
073_56,s-3.519110730,s5.117376605,s94.464545644
073_57,s-2.405204163,s3.651530336,s7.122101951
073_58,s4.387663019,s-1.178795858,s22.673435546
073_59,s-1.455863285,s2.441926934,s267.644488981
073_60,s3.140775157,s3.422086151,s296.217139726
073_61,s2.435119098,s0.810223469,s248.564840996
073_62,s-0.065603180,s5.053096454,s14.252925661
073_63,s-0.659668890,s-2.211699267,s140.274470476
073_64,s-3.444248069,s-0.613573140,s305.036291529
073_65,s-0.086987463,s3.466449620,s94.353894309
073_66,s2.095024111,s-1.418428223,s35.789384024
073_67,s-3.032842965,s4.160334274,s63.190401551
073_68,s-0.209294792,s5.073436356,s176.829758404
073_69,s-3.129667982,s2.878370815,s20.818825081
073_70,s4.936236941,s5.120576947,s343.244282210
073_71,s3.456999073,s0.697169606,s29.309192985
073_72,s-4.920782674,s3.064829411,s176.651579139
074_0,s-3.662878940,s-5.230508319,s29.221588585
074_1,s-5.352843037,s-0.336793560,s335.190295343
074_2,s-5.633729534,s-3.565234695,s290.957325511
074_3,s-2.744245219,s1.564268113,s223.051528800
074_4,s0.288800880,s-3.819900092,s281.861988843
074_5,s-4.833156917,s-2.253408242,s191.626897707
074_6,s3.646338532,s-0.520946762,s357.975922915
074_7,s4.309427638,s-0.810061044,s47.893695449
074_8,s5.532767416,s-2.981134646,s359.955337136
074_9,s-5.685908477,s4.528716414,s134.776110277
074_10,s-0.000994499,s1.509670290,s270.682239559
074_11,s-1.438673230,s-2.602347375,s30.159280474
074_12,s-4.163041512,s5.015123940,s254.902787176
074_13,s0.886502665,s-1.888603895,s87.805361890
074_14,s-4.597809471,s-0.745983615,s333.359096369
074_15,s-2.459297509,s-5.139651834,s170.799904479
074_16,s4.953210783,s-1.396974216,s192.377046278
074_17,s5.397881201,s4.134194038,s1.617027736
074_18,s2.121441785,s0.986807048,s333.023178423
074_19,s-3.929196618,s-4.589474615,s114.157773808
074_20,s-1.892714643,s3.465434035,s180.476942934
074_21,s-3.132925788,s-0.038048044,s90.027863424
074_22,s4.630027422,s-5.033589070,s312.697737469
074_23,s-2.852018177,s-0.891820354,s213.393295906
074_24,s-0.307195231,s0.455569200,s330.943253422
074_25,s4.923757776,s3.238537894,s344.246329251
074_26,s5.510755339,s-5.369178244,s341.826007389
074_27,s-4.431714824,s0.421749922,s298.912166242
074_28,s-3.061702710,s-1.678542425,s27.318115651
074_29,s1.629805628,s1.270095099,s308.950866424
074_30,s3.822899052,s-3.063398158,s317.594898304
074_31,s4.107388068,s3.795274623,s146.224669151
074_32,s-4.194656643,s1.864924420,s208.057259754
074_33,s0.772150741,s-3.674246835,s221.530641359
074_34,s1.295180947,s4.366615643,s58.762649594
074_35,s4.457679661,s1.154049215,s35.996000381
074_36,s-4.791786242,s2.642556564,s6.086777631
074_37,s2.461134806,s-0.377939224,s287.013769629
074_38,s-0.161716725,s4.917447517,s107.376463978
074_39,s-1.207868398,s0.510232016,s268.152078045
074_40,s0.176566031,s-2.251414406,s102.507342814
074_41,s2.365117208,s2.953098219,s272.812005890
074_42,s-2.012690730,s-3.079707603,s237.422266917
074_43,s5.468689376,s1.987012675,s114.258232865
074_44,s1.300153364,s-4.349078040,s212.105361032
074_45,s-5.049907988,s5.571360356,s270.765026108
074_46,s-3.254007357,s3.863763404,s168.343463706
074_47,s3.691471087,s2.164400608,s150.413741763
074_48,s0.497736435,s-0.661125247,s131.862478729
074_49,s5.456728364,s5.516363437,s265.096191431
074_50,s1.828239056,s2.222236612,s114.837441143
074_51,s1.834491062,s3.997746894,s337.012139983
074_52,s1.140523680,s2.488440415,s210.273574546
074_53,s4.480075378,s1.929059908,s271.708114363
074_54,s-3.470299127,s5.350489422,s197.031636834
074_55,s4.760850227,s5.221849179,s255.699449912
074_56,s-0.911133360,s5.650736781,s193.221364611
074_57,s1.051728055,s1.281736150,s20.953388119
074_58,s1.701947353,s5.100051169,s8.075563979
074_59,s-3.076205603,s5.584259539,s80.402435575
074_60,s-3.269252161,s2.979681168,s163.275299953
074_61,s4.350089644,s0.243624557,s319.445022459
074_62,s-5.429843046,s2.843538187,s288.689237643
074_63,s0.760777254,s4.637901345,s246.939849636
074_64,s-3.847306850,s1.128089751,s347.547742609
074_65,s-5.396073832,s1.524126635,s169.358425874
074_66,s-2.318844950,s5.638732816,s220.634980007
074_67,s3.313743274,s3.102035137,s251.509831497
074_68,s3.794658792,s2.697495285,s156.286354810
074_69,s5.268384801,s4.388185358,s266.278623465
074_70,s3.404835210,s4.711437490,s64.027036743
074_71,s-0.633843124,s2.253750751,s291.530200571
074_72,s-1.011437479,s4.568712358,s94.127348755
074_73,s-1.575325062,s2.223048862,s143.210355093
075_0,s-0.465494013,s-3.136088714,s356.323075029
075_1,s-3.136991772,s-1.217734749,s142.248093316
075_2,s0.957480622,s-0.777112444,s272.110207810
075_3,s0.458185532,s-4.949474715,s326.954890536
075_4,s-3.999477174,s-2.154153049,s346.382929498
075_5,s4.592487908,s-5.429840458,s277.870615304
075_6,s1.891775001,s3.000030353,s324.824627807
075_7,s-1.189663297,s-1.914149410,s137.010670763
075_8,s1.877419171,s-1.222772365,s225.132955730
075_9,s5.601628628,s-1.930340099,s27.076234923
075_10,s-4.496856483,s5.277560575,s314.623666873
075_11,s3.172638026,s-4.528200159,s289.339656914
075_12,s-0.346736462,s-1.551418521,s226.953318597
075_13,s-2.289571334,s-3.296482783,s129.618356137
075_14,s1.613553320,s3.004112163,s273.283884008
075_15,s5.607306720,s0.696684939,s355.615827179
075_16,s5.022687675,s-5.213424775,s86.986247474
075_17,s3.738440797,s2.645036638,s156.677437140
075_18,s3.600733134,s1.252184469,s237.890271870
075_19,s5.622537001,s1.734093030,s156.286337839
075_20,s-3.422169448,s1.648639402,s170.932328367
075_21,s-3.985308319,s1.692135746,s171.850487683
075_22,s-2.060035361,s-0.649777538,s344.859766671
075_23,s2.528129506,s-1.107983978,s166.299725595
075_24,s-5.570480499,s4.749995204,s298.533422928
075_25,s-1.133413991,s2.017408233,s266.788565509
075_26,s5.571924538,s5.284298130,s177.195387102
075_27,s5.292785971,s0.117231213,s211.939609998
075_28,s3.554707490,s-1.608582157,s224.552965002
075_29,s-3.951959011,s-1.000751674,s100.257973882
075_30,s-1.994492726,s5.189176934,s124.697911077
075_31,s-5.450263496,s2.640674030,s108.923357898
075_32,s-5.215741348,s-5.802869309,s290.625921492
075_33,s-2.203260657,s-4.391525646,s30.283456936
075_34,s-5.475708918,s-0.911472556,s91.767227530
075_35,s3.968674725,s0.278059232,s277.710484740
075_36,s-3.400467464,s4.173573400,s319.773804360
075_37,s-1.202513856,s-5.434704630,s320.934042563
075_38,s1.456551672,s-3.361773766,s76.551975448
075_39,s-0.645472881,s2.729135452,s27.173279263
075_40,s0.018511630,s5.334958176,s6.096042667
075_41,s-4.028325411,s2.433625397,s60.165064498
075_42,s-5.344234541,s-4.280763432,s130.911275098
075_43,s-4.249325472,s4.594236544,s110.767212332
075_44,s2.942059090,s5.088129351,s144.508499605
075_45,s1.444334445,s0.057094202,s352.171469521
075_46,s4.622740744,s3.972561291,s252.464492195
075_47,s4.916878120,s5.308172634,s102.110153439
075_48,s4.786041087,s1.964459671,s319.609763091
075_49,s-2.133356399,s2.766617930,s58.165192724
075_50,s-3.544579556,s4.991275160,s169.824930527
075_51,s-4.435848461,s-0.043865833,s104.285112189
075_52,s-0.761726951,s3.086979060,s253.373541095
075_53,s-2.973961365,s1.216784412,s29.195473571
075_54,s-5.526773580,s5.287042983,s222.349218791
075_55,s5.230551229,s4.276315133,s25.442726046
075_56,s0.728878277,s4.226430195,s340.166559245
075_57,s5.558033300,s2.762780104,s243.717133652
075_58,s1.100451996,s4.397385708,s292.230395597
075_59,s3.831481033,s3.589655952,s165.112597192
075_60,s-2.743972965,s4.213358090,s6.715213548
075_61,s-4.114976239,s0.673912131,s337.639868800
075_62,s-5.472181858,s4.115166398,s32.207237070
075_63,s-5.459485328,s2.273976249,s170.060299624
075_64,s2.566562656,s3.876109473,s11.990185394
075_65,s0.330066901,s-0.650843685,s223.009667486
075_66,s0.301938569,s-1.606376760,s38.487205443
075_67,s3.566954728,s4.481542655,s348.808710774
075_68,s1.120110578,s0.881708206,s53.224883095
075_69,s-0.648042666,s1.350559580,s331.130929055
075_70,s-5.227279192,s-0.111148963,s348.437850989
075_71,s-4.850159147,s2.374772598,s55.614666490
075_72,s-1.585098434,s3.408296709,s111.112364302
075_73,s-3.183150891,s2.916797483,s221.107233075
075_74,s3.241183922,s2.999389833,s132.044737896
076_0,s-5.269572865,s-3.637910182,s14.983614585
076_1,s-5.475860624,s-2.695025035,s264.676427989
076_2,s4.209018557,s0.653924927,s180.680256754
076_3,s-1.852386694,s-3.296806232,s225.289225517
076_4,s-1.708578039,s-5.317687448,s139.929657760
076_5,s4.753058974,s-4.802920287,s270.598466678
076_6,s4.582762236,s-2.710739901,s60.746690586
076_7,s2.858242297,s-2.146514067,s237.252613684
076_8,s5.448630046,s-3.031815035,s101.850681233
076_9,s0.596777274,s4.455800162,s283.795501762
076_10,s3.700504754,s-3.534661306,s304.517808078
076_11,s4.081488837,s-4.621035718,s339.539545856
076_12,s-1.406849169,s-4.394567047,s222.528136019
076_13,s-4.265066334,s-4.874407890,s116.864069759
076_14,s-0.449647931,s-3.837177276,s204.820232034
076_15,s-5.050493902,s0.949047734,s193.110474839
076_16,s3.426719437,s1.170533704,s355.612771538
076_17,s-2.086646430,s1.420304108,s3.083890751
076_18,s5.467108186,s-0.762837211,s330.199696141
076_19,s5.353453825,s0.256272964,s34.655206475
076_20,s-5.315850433,s2.803265623,s43.815563667
076_21,s-3.244873177,s-1.796730164,s95.983215188
076_22,s-1.899035417,s3.427017084,s266.023104288
076_23,s0.137186198,s-5.566521572,s327.116751006
076_24,s5.097615029,s4.107346219,s28.526665930
076_25,s-5.097819937,s-0.799227380,s130.489034227
076_26,s-2.603108383,s-1.609612100,s336.553223900
076_27,s2.011187182,s-5.174652475,s302.125294614
076_28,s0.555333980,s4.575259715,s41.083864494
076_29,s4.108897289,s-1.254066274,s152.618800618
076_30,s-4.300152975,s3.554667863,s201.834701611
076_31,s-5.423279400,s1.296346445,s103.949739455
076_32,s-3.368605513,s-4.050134305,s282.222790237
076_33,s-1.625876364,s-1.749953473,s174.044343468
076_34,s1.322189174,s-3.809858222,s254.010042094
076_35,s0.652233562,s0.872710095,s89.407438208
076_36,s-0.396387187,s4.394239166,s133.130023312
076_37,s3.047988567,s2.764038378,s331.821897559
076_38,s2.604727507,s-3.022388179,s229.429466295
076_39,s1.986542362,s4.902409528,s146.012833138
076_40,s-5.487085795,s5.052971433,s72.783588459
076_41,s-4.938511045,s2.531355716,s23.503395904
076_42,s-5.528124965,s0.442448247,s6.217586920
076_43,s4.095686973,s1.815331418,s338.067524280
076_44,s-4.014570086,s4.619532814,s160.890243690
076_45,s0.968508070,s-0.648325518,s341.274329812
076_46,s-1.369751621,s2.123048049,s86.691288781
076_47,s0.099098406,s2.189081739,s103.470087596
076_48,s3.219325156,s5.017015309,s152.228479047
076_49,s2.777464354,s4.358501035,s75.814810928
076_50,s-2.898123415,s3.817327625,s27.957672538
076_51,s-2.201543791,s5.191682613,s67.022009778
076_52,s3.555881074,s5.190325849,s303.103812760
076_53,s-3.158713396,s0.911968410,s80.131072003
076_54,s-0.968004894,s5.080744068,s137.167668182
076_55,s4.458601773,s5.179199752,s186.353572771
076_56,s-3.930869155,s2.159625118,s320.800130451
076_57,s5.467945078,s5.155434186,s281.729148667
076_58,s5.422153620,s2.681653683,s173.608732536
076_59,s5.193458660,s2.524482675,s54.570641075
076_60,s-2.679777273,s1.711779120,s56.025514466
076_61,s-4.908296719,s5.088434912,s321.949483909
076_62,s-3.952945558,s-0.561906336,s261.421883797
076_63,s0.176965262,s5.229767079,s330.861929402
076_64,s0.463750052,s3.369936099,s249.900908643
076_65,s-3.481163438,s4.470277395,s339.981106400
076_66,s-2.542937245,s0.392712949,s277.865077201
076_67,s5.381662582,s1.073698657,s125.642959321
076_68,s5.324714808,s-1.862427097,s316.274005620
076_69,s4.770363281,s4.820755115,s125.594209103
076_70,s-3.681701838,s2.852590475,s251.340460203
076_71,s-2.411054933,s4.612869790,s233.985577114
076_72,s-3.514510275,s5.150027665,s103.512895302
076_73,s-5.547034667,s3.697757965,s220.761963247
076_74,s-0.650618554,s1.433224864,s339.794598216
076_75,s1.623072884,s5.229767079,s28.936654170
077_0,s-5.763639937,s-4.791813989,s140.215734919
077_1,s-3.546458775,s1.777752393,s65.111049171
077_2,s-5.213776533,s-1.893437395,s8.882816323
077_3,s-5.743743715,s0.308522396,s142.626248963
077_4,s1.492372807,s-0.787750662,s200.036217972
077_5,s3.514231459,s-2.074080707,s357.651982248
077_6,s3.461911062,s-5.702443638,s207.697434734
077_7,s3.686805517,s-4.479497176,s342.806809919
077_8,s5.699121596,s-4.305115431,s301.291692219
077_9,s5.610626756,s-2.548865112,s138.052066701
077_10,s-5.619000777,s1.495222940,s189.108960353
077_11,s-3.271884429,s0.196609702,s236.638883269
077_12,s-5.627937799,s-1.329222058,s277.956123013
077_13,s-2.929916366,s-4.095294096,s150.560984545
077_14,s-2.530813336,s-4.656812829,s224.087371343
077_15,s0.509476966,s-0.954008193,s57.030613989
077_16,s-5.854266639,s-3.982324000,s129.295398283
077_17,s0.158006737,s-3.706294704,s161.111695735
077_18,s5.741797599,s0.622676141,s31.099148819
077_19,s-4.899368149,s4.757827783,s311.556307992
077_20,s-0.863150382,s0.247883800,s227.725475606
077_21,s-3.688626689,s-0.015569605,s81.761889085
077_22,s-1.580327454,s-2.111737554,s50.576065273
077_23,s3.929317345,s-3.215129282,s260.536386659
077_24,s2.046417667,s-2.014707831,s59.189975540
077_25,s-2.243886966,s-0.362929595,s189.917560498
077_26,s2.473529215,s3.564204250,s155.689398418
077_27,s-4.453917522,s-4.980476773,s98.220242642
077_28,s5.181802321,s-1.566562117,s129.095754724
077_29,s-1.893160132,s-5.986324220,s284.690097736
077_30,s-2.528945970,s5.451597755,s339.535729599
077_31,s-4.957382620,s5.663432026,s142.712019566
077_32,s4.144422350,s0.924548483,s129.004363648
077_33,s-3.831838335,s5.378141953,s273.094707204
077_34,s1.095639498,s4.901561408,s260.027499914
077_35,s1.135156274,s-2.870311742,s255.954652541
077_36,s3.094734084,s-0.672172665,s127.407499394
077_37,s5.856514234,s5.663432026,s309.548886327
077_38,s-2.061454262,s1.607076266,s192.615181642
077_39,s0.840083856,s2.634187841,s100.483583467
077_40,s-0.348105269,s-2.237103152,s144.651448754
077_41,s-5.786519382,s4.410655147,s129.888628715
077_42,s0.670112037,s1.567139190,s77.975570920
077_43,s-5.679180225,s-0.018352542,s40.787158380
077_44,s-4.364891360,s4.690410609,s315.819373373
077_45,s0.057872759,s3.551127483,s131.494653294
077_46,s-2.544936984,s0.183118032,s96.125789531
077_47,s2.706203639,s0.663805379,s171.522826696
077_48,s4.190721755,s4.569159261,s30.293048909
077_49,s2.534225759,s-2.417322530,s292.873387906
077_50,s0.484087127,s5.417774840,s348.349113297
077_51,s-5.817809631,s2.109008163,s274.602954317
077_52,s1.722227637,s3.133164857,s169.322216128
077_53,s3.979075476,s2.738745782,s36.949794399
077_54,s-5.858116037,s5.544660076,s329.848561159
077_55,s5.193405150,s4.197970450,s262.779743600
077_56,s-1.081009139,s1.520235478,s218.454296262
077_57,s5.828044685,s3.804507991,s71.054473195
077_58,s3.961044566,s5.155158481,s332.921337872
077_59,s4.159116730,s-1.901465309,s120.081910909
077_60,s-3.775140461,s2.421080576,s277.022725835
077_61,s-0.269378930,s2.190354011,s169.234416167
077_62,s5.602309264,s1.906023025,s162.963095853
077_63,s-2.612493544,s3.063045133,s97.903498268
077_64,s-1.878673152,s4.623848404,s336.743231826
077_65,s1.061888515,s0.878127636,s62.131100468
077_66,s1.791240240,s4.237475373,s295.302429447
077_67,s5.478511574,s5.070873908,s340.453448382
077_68,s4.358813517,s4.087779993,s262.425137965
077_69,s-2.570894877,s4.659439957,s56.670308549
077_70,s-0.762872321,s5.606025442,s308.055281645
077_71,s-0.357887944,s5.642678135,s324.407779068
077_72,s3.749383706,s0.874419409,s143.222911874
077_73,s-3.340561158,s5.529825197,s331.908351783
077_74,s-3.970315752,s2.889296247,s277.980251067
077_75,s2.078546970,s5.617062399,s241.323489506
077_76,s5.003442714,s5.646948302,s17.295605244
078_0,s-4.791619363,s-3.765279637,s50.910466974
078_1,s-0.719531649,s-1.551353111,s76.447936262
078_2,s2.328404935,s1.685234286,s357.043093189
078_3,s-3.572303174,s-3.694086650,s113.816849311
078_4,s1.338205676,s0.024081749,s320.535882851
078_5,s5.714023584,s-1.593229432,s32.757350183
078_6,s1.002641380,s0.748590636,s201.133762794
078_7,s2.130285406,s-0.710674026,s100.855570451
078_8,s5.312969345,s-1.255039250,s357.902767098
078_9,s5.952614910,s-2.874668261,s322.531059317
078_10,s-4.046996361,s-0.902740674,s167.166030013
078_11,s0.151759676,s-1.433437306,s140.037622939
078_12,s3.967697904,s2.900823537,s347.629495268
078_13,s-3.420452240,s-1.700517893,s275.770989641
078_14,s1.823163595,s-5.768868474,s330.761315392
078_15,s5.143700217,s0.435891852,s63.077303129
078_16,s5.216638692,s4.221994710,s86.025968473
078_17,s-0.959429845,s-5.447256454,s270.590573853
078_18,s4.203258103,s4.655782354,s245.331120864
078_19,s2.310217222,s-2.391502694,s302.636622800
078_20,s-1.828687770,s0.981475050,s272.154842416
078_21,s-5.475053191,s5.799503219,s43.197225803
078_22,s0.778370729,s-3.401013381,s98.395958824
078_23,s0.668900736,s2.621322912,s134.728195380
078_24,s-0.489428673,s-0.632868183,s139.580966894
078_25,s-1.622229660,s-2.762334798,s322.358094617
078_26,s1.621974146,s-1.347262016,s343.942173377
078_27,s2.932812566,s-5.242428949,s271.721737517
078_28,s0.850000283,s5.371069383,s152.896649251
078_29,s4.787421690,s5.518649890,s284.939165048
078_30,s-4.678642804,s0.582323313,s69.456012811
078_31,s-5.140549389,s-5.798866778,s212.842315423
078_32,s3.536083712,s-1.030173447,s212.295819629
078_33,s-5.429976103,s-0.418518125,s40.214611972
078_34,s-0.563156790,s-2.210713633,s339.645351548
078_35,s-3.492231223,s1.806518747,s275.572843128
078_36,s0.442309710,s5.599016533,s294.592942683
078_37,s5.715166102,s0.350874688,s59.434277904
078_38,s4.589872389,s2.774165962,s189.508953179
078_39,s4.414262025,s-5.263656440,s288.192402987
078_40,s-5.642973882,s3.323112230,s84.491851762
078_41,s-3.567378487,s3.582932002,s310.384754056
078_42,s-5.337236608,s-2.167615785,s73.235110539
078_43,s-1.729907524,s5.218326510,s31.568219479
078_44,s-0.853374882,s3.153774983,s274.563277882
078_45,s2.057920763,s4.689104526,s171.572226665
078_46,s-3.718817625,s3.667647286,s309.627449416
078_47,s4.318989389,s-4.189575418,s157.451428922
078_48,s-3.218628731,s4.758569854,s319.634406646
078_49,s3.920320057,s2.171723671,s67.091674638
078_50,s-4.099154022,s-0.322895413,s309.135373366
078_51,s-4.406631444,s2.787641140,s95.134892537
078_52,s-5.518632745,s3.856581101,s45.952690180
078_53,s-5.606449673,s5.318338292,s355.288920702
078_54,s-3.969233783,s5.109379068,s41.543401260
078_55,s-2.717973647,s5.593577894,s145.557335292
078_56,s2.075646542,s5.776506341,s297.877856497
078_57,s4.606608788,s-3.522861421,s348.252416267
078_58,s-1.572079409,s3.851629598,s245.431999615
078_59,s1.530315094,s3.836866332,s29.801717871
078_60,s5.742436124,s-4.507523698,s9.984614650
078_61,s0.675855698,s4.288315311,s219.507544886
078_62,s3.894121826,s3.316962877,s69.749794201
078_63,s-1.927291179,s2.811817274,s55.472514009
078_64,s3.609741031,s0.048083177,s28.197319264
078_65,s3.087551045,s5.264907963,s262.911972412
078_66,s5.217473273,s5.813031399,s238.411332774
078_67,s4.657328915,s1.766536384,s18.803112345
078_68,s3.428996010,s5.688822187,s347.883283533
078_69,s-0.310207924,s3.723166538,s117.265883633
078_70,s-5.546936451,s0.872221053,s139.104662681
078_71,s-3.834939514,s-4.876731824,s177.502412637
078_72,s-3.757844544,s5.733398383,s70.293471412
078_73,s0.907582712,s1.324394685,s31.326470744
078_74,s2.713191535,s3.118003068,s239.367877820
078_75,s-1.729392912,s3.288484735,s58.881790404
078_76,s5.860786908,s4.258342722,s186.655339871
078_77,s-2.329671081,s4.585055057,s68.914444583
079_0,s-5.040999662,s-2.402107696,s150.395563353
079_1,s-2.840241133,s0.327741099,s295.792027236
079_2,s-1.203154231,s-4.476994700,s290.494095597
079_3,s2.716027675,s-4.685282640,s226.369217063
079_4,s-3.300986636,s-4.180838413,s313.461649179
079_5,s3.265809951,s-2.515059056,s308.816449584
079_6,s3.926441860,s-4.824179685,s267.623414133
079_7,s-1.103663699,s2.009310140,s47.661708733
079_8,s5.280501836,s-2.346256698,s226.377395424
079_9,s3.403518636,s-5.393043006,s303.194032319
079_10,s-2.090907446,s-3.225357031,s197.492916572
079_11,s-4.317825703,s-3.888060180,s61.208116430
079_12,s-1.517467079,s1.017772566,s223.483450959
079_13,s-3.800206172,s1.135842433,s116.000987676
079_14,s2.579948709,s1.464429620,s286.922617988
079_15,s5.160220578,s-3.168781723,s48.137493523
079_16,s0.859353753,s4.477640720,s261.451984723
079_17,s3.263102371,s-0.525441000,s260.999085472
079_18,s5.035008286,s4.328870068,s133.993462733
079_19,s4.691466506,s-0.444960344,s201.647951703
079_20,s-5.288789601,s5.065024180,s318.644119292
079_21,s-3.317788523,s-4.701029087,s145.042916569
079_22,s-0.382848219,s4.941256560,s277.843399847
079_23,s-4.768281264,s1.719395022,s143.031296359
079_24,s-1.064321197,s3.443116486,s159.438247394
079_25,s-2.183682065,s-0.708358876,s245.090033401
079_26,s1.144907692,s-4.702649406,s112.594350794
079_27,s2.571997779,s3.721666958,s224.173369553
079_28,s0.322573099,s3.452693867,s89.854966854
079_29,s5.103354452,s2.374254932,s284.003565475
079_30,s-5.357734778,s0.471404183,s40.715635164
079_31,s-4.282434654,s0.180760726,s295.750428844
079_32,s-1.448206412,s-5.004572290,s29.004241427
079_33,s1.112519157,s0.096816070,s75.571544741
079_34,s1.529570728,s-3.321085279,s190.193790573
079_35,s-4.703247103,s-1.195852985,s271.963521258
079_36,s-0.663251121,s-2.343498917,s222.154612416
079_37,s5.199278053,s5.013510795,s199.371669485
079_38,s0.318972121,s-4.121097963,s162.170422465
079_39,s0.103714823,s1.829024973,s142.057253102
079_40,s-1.435589643,s1.533974672,s284.664694646
079_41,s-3.184954657,s1.831272123,s300.843623791
079_42,s-4.982160501,s5.030598989,s239.536145235
079_43,s-2.847488553,s-2.153825790,s38.991837126
079_44,s1.794693986,s0.746830331,s159.118631543
079_45,s-3.156241575,s4.142452496,s110.902153406
079_46,s1.918054138,s2.121374583,s209.433171150
079_47,s-5.087567620,s-2.131312982,s142.634876737
079_48,s3.200549074,s1.099052728,s288.532068277
079_49,s0.566980484,s-1.596845170,s161.146891275
079_50,s-0.192747148,s4.885972190,s0.585114431
079_51,s-1.974043697,s2.888960364,s74.954640639
079_52,s-5.175516343,s-4.549349491,s261.407323543
079_53,s2.425133205,s5.034137655,s314.069524079
079_54,s2.473143313,s4.389223115,s138.476934353
079_55,s-4.524660775,s4.249562707,s272.724738661
079_56,s4.013051896,s5.004672079,s289.783097420
079_57,s-3.765300521,s4.893475259,s113.184924507
079_58,s-0.545629237,s1.320684455,s130.529183932
079_59,s3.528549225,s4.528059517,s176.951227515
079_60,s-2.260817509,s0.920672096,s44.652401908
079_61,s-2.817760909,s3.123172609,s44.945801642
079_62,s-3.989384673,s1.440877115,s340.536173250
079_63,s1.172585004,s3.478934764,s102.449599028
079_64,s-1.563836581,s3.926333284,s133.308400613
079_65,s-1.968536084,s4.677076288,s154.963086895
079_66,s-1.299536371,s-1.745719386,s45.004291523
079_67,s0.370833846,s-4.784760874,s114.691151592
079_68,s4.796342882,s3.232207633,s211.634726727
079_69,s4.103618135,s1.951487814,s147.548220517
079_70,s0.559274400,s3.070257792,s111.609696861
079_71,s0.070157901,s4.155301217,s202.093221359
079_72,s-2.005444624,s2.421388919,s294.683368941
079_73,s1.231695365,s-4.103974279,s105.594612163
079_74,s4.275579473,s-2.605622494,s344.559065905
079_75,s3.040997731,s3.194966816,s188.455261966
079_76,s0.613669727,s4.384587388,s356.888108513
079_77,s1.623303098,s0.189724801,s179.995612513
079_78,s4.413273476,s0.123709376,s136.765894514
080_0,s-4.468833756,s-0.810353586,s212.928162047
080_1,s-5.165989550,s3.766067412,s150.289143726
080_2,s-3.567607558,s-5.268055920,s95.563157693
080_3,s2.207411299,s-2.956470243,s315.637943859
080_4,s1.942520230,s-5.158989843,s101.491039735
080_5,s0.571731535,s3.876440949,s138.634828978
080_6,s-2.540966973,s0.824139939,s122.568448644
080_7,s3.806146620,s-5.108747468,s165.710288653
080_8,s3.642523934,s-1.904370365,s1.293826296
080_9,s5.120493535,s-0.255729705,s325.318334862
080_10,s-3.474083148,s-3.080573624,s48.232922384
080_11,s-1.318611927,s-3.743597139,s34.211840458
080_12,s-0.330634022,s-3.012696848,s255.662331289
080_13,s4.801697718,s-2.047185621,s288.778549144
080_14,s1.732387914,s-4.042049899,s161.711797336
080_15,s-0.680829828,s-5.048093722,s113.823921149
080_16,s0.153978259,s-0.261101737,s112.378136897
080_17,s-1.123244789,s-0.491322958,s6.956935212
080_18,s5.435764552,s-4.369866311,s189.496559032
080_19,s1.510721753,s-4.970245173,s251.503715170
080_20,s-5.397579546,s-0.964001866,s221.427109663
080_21,s2.930211832,s0.330762180,s64.785460275
080_22,s-3.264977525,s2.838958940,s236.245366947
080_23,s-1.992336300,s-4.963297425,s265.621676395
080_24,s2.931574586,s-3.882085308,s223.182796652
080_25,s1.180035388,s0.736232363,s22.735908386
080_26,s-0.557778148,s3.231696894,s74.559571081
080_27,s4.687804901,s2.340097359,s219.001214715
080_28,s5.166190070,s-1.123149658,s156.391328998
080_29,s-0.217856438,s2.302039443,s67.425052432
080_30,s-4.450478358,s1.221271794,s224.266645611
080_31,s-5.347885268,s1.888685478,s123.161492425
080_32,s1.477137043,s-1.252008618,s123.274068970
080_33,s-3.254519369,s5.152505433,s336.115371253
080_34,s-5.333513792,s0.362392583,s135.506352556
080_35,s-5.191357674,s-3.568349992,s278.312178332
080_36,s-1.769004671,s4.431981757,s50.007652558
080_37,s-1.413824818,s4.160598480,s340.113939554
080_38,s3.868899382,s-0.217476381,s75.087974795
080_39,s0.591912791,s-2.945433392,s188.882432789
080_40,s-4.171703141,s4.992013591,s315.746780393
080_41,s-3.401890666,s-1.731900946,s332.201994354
080_42,s-1.483822754,s-4.557757903,s224.485050320
080_43,s4.126626624,s3.515780187,s4.857274931
080_44,s-1.241874810,s2.825371388,s174.711951832
080_45,s2.660777230,s0.587522295,s230.465848281
080_46,s3.286502633,s-1.577733503,s61.385193739
080_47,s4.305356584,s4.099103824,s256.173667501
080_48,s0.753784229,s-1.140222162,s63.373855716
080_49,s2.765489897,s2.972282296,s282.773838478
080_50,s-4.210494545,s0.690732363,s349.096345693
080_51,s2.042101470,s4.038128173,s315.179827409
080_52,s-5.194146602,s-2.988501106,s85.517594946
080_53,s-3.080897042,s-2.252047078,s352.939233338
080_54,s1.869605727,s4.965034925,s133.958930519
080_55,s3.563936682,s2.610554689,s348.611619010
080_56,s1.965668118,s2.602221117,s294.833478044
080_57,s3.979157867,s4.176329792,s174.145533805
080_58,s2.244170880,s-0.531343913,s123.120536701
080_59,s5.418289672,s4.526235634,s79.196092597
080_60,s-4.256342901,s2.532172474,s194.042624160
080_61,s3.323714301,s3.966206489,s280.822514460
080_62,s-1.972511092,s-0.421204022,s305.506298010
080_63,s-3.203328059,s4.291094512,s263.496872707
080_64,s-3.782470783,s3.581675229,s344.022089751
080_65,s-2.503326123,s3.994763928,s31.660268089
080_66,s-0.360568375,s0.342512637,s1.697299352
080_67,s-2.512413960,s-1.163096293,s70.505671398
080_68,s-1.498529157,s1.991414165,s344.425950962
080_69,s2.044841062,s1.079055759,s283.016176852
080_70,s-0.117438377,s-4.156445729,s65.238627006
080_71,s-1.618692732,s5.101918300,s293.189271497
080_72,s0.020465107,s5.107454112,s101.121546663
080_73,s4.183382048,s1.390212006,s125.820029253
080_74,s-1.674951188,s1.220194594,s68.109292427
080_75,s0.002595500,s2.974525359,s270.812323941
080_76,s5.391412417,s1.968140777,s308.489410606
080_77,s4.915803305,s5.156449655,s64.237906805
080_78,s4.763118089,s2.979154691,s127.287697234
080_79,s-5.025076599,s-0.904676921,s104.818121451
081_0,s-5.549298763,s-1.296678002,s165.187682378
081_1,s-5.325083438,s-3.895609448,s183.541052382
081_2,s-5.505652433,s-2.976268848,s36.661469811
081_3,s-5.636744267,s-5.373004989,s245.667336676
081_4,s2.591105964,s-0.918940512,s242.733872671
081_5,s5.418574264,s2.021530454,s199.837344621
081_6,s5.292178069,s-1.540160431,s29.859782702
081_7,s1.946728534,s-4.402592606,s237.369226857
081_8,s1.620861822,s-0.581773895,s52.350365768
081_9,s5.573899244,s-2.929317441,s272.639377734
081_10,s-2.343249943,s-3.119810896,s44.509895531
081_11,s-5.527953705,s-0.338863924,s31.748454839
081_12,s1.086578584,s-4.043928078,s91.896147665
081_13,s-1.657353030,s-4.503107959,s242.380167824
081_14,s5.682987537,s-0.413118893,s30.341174287
081_15,s4.312250177,s-1.389181929,s182.693592602
081_16,s0.701559069,s2.879473412,s262.936166423
081_17,s4.819028201,s-3.309881058,s237.142132587
081_18,s-3.510191655,s4.061585841,s351.210760426
081_19,s3.760466120,s3.768899950,s2.333867561
081_20,s-1.462105135,s4.797397749,s33.072831096
081_21,s-3.651501052,s3.171159403,s330.658395409
081_22,s-1.484329557,s0.365475376,s270.944924665
081_23,s-2.978913167,s0.365007348,s223.057740175
081_24,s-0.415081538,s-3.472933805,s316.141766507
081_25,s2.640570460,s-2.301739229,s51.976352016
081_26,s3.221218139,s-3.253913567,s177.935330411
081_27,s3.984099898,s-2.750647676,s103.773848080
081_28,s-2.396990338,s-0.001713967,s358.402500357
081_29,s4.027978337,s-5.597969734,s285.249964318
081_30,s3.508151453,s2.765668878,s354.922824484
081_31,s-0.776840833,s1.995800449,s223.224142631
081_32,s-1.905258244,s4.183248072,s295.760824456
081_33,s-0.791448808,s-5.028510078,s205.116170805
081_34,s-0.074310329,s3.723511857,s213.280493910
081_35,s-3.133917812,s-1.446484679,s198.782028653
081_36,s0.714355221,s-5.298492689,s260.774859366
081_37,s3.917741683,s5.180187425,s296.942597569
081_38,s5.468001660,s2.982716400,s186.032551313
081_39,s4.874078264,s4.579220003,s241.643354773
081_40,s-2.021459893,s2.971048312,s94.389626317
081_41,s-1.523178767,s2.955984412,s79.959956489
081_42,s-3.028543112,s-5.646183369,s242.988425766
081_43,s-5.094975307,s5.336496056,s32.724507625
081_44,s-3.266730742,s4.762234498,s77.068754524
081_45,s5.540203724,s-4.277203878,s187.849985430
081_46,s2.642195683,s4.077432296,s328.765565315
081_47,s-5.460125489,s1.966673426,s109.939133062
081_48,s3.390384891,s1.160825682,s54.412679759
081_49,s-0.180153517,s-1.210181356,s35.627732996
081_50,s-4.690840903,s1.409928327,s124.644621077
081_51,s3.475397915,s-0.751599117,s21.069180803
081_52,s-1.466760160,s2.121849094,s261.994235816
081_53,s-5.636744267,s4.969828409,s150.913806575
081_54,s-3.692318042,s-3.810496337,s40.102594296
081_55,s0.666193820,s0.743348440,s166.618936435
081_56,s5.586767647,s4.148078524,s184.497491534
081_57,s4.313495374,s1.571204468,s323.972726808
081_58,s5.624913868,s1.131096965,s312.043596495
081_59,s-0.752075622,s5.278786438,s305.497639473
081_60,s-3.607968332,s1.378786552,s154.157596965
081_61,s-4.603839216,s4.640923219,s149.784103737
081_62,s-2.784059730,s3.068503911,s313.846887495
081_63,s-3.266514204,s5.300546204,s312.307389572
081_64,s-2.853354914,s1.971348549,s28.943918468
081_65,s-3.414125802,s-4.442840293,s121.976219442
081_66,s1.152323202,s5.073216550,s186.548721840
081_67,s2.277655777,s3.235248927,s75.155333390
081_68,s1.269152923,s1.705345641,s142.755435196
081_69,s4.427513629,s3.672845985,s337.293964987
081_70,s-3.858892017,s5.355824883,s213.062892904
081_71,s-4.695535101,s-5.019125946,s34.804842614
081_72,s-2.775695582,s4.826546166,s170.731354144
081_73,s5.181523263,s3.963389037,s61.416880754
081_74,s-5.601554385,s1.754275791,s74.659407679
081_75,s-0.499111211,s3.535798572,s200.711510802
081_76,s0.405148982,s-2.864902810,s26.784658818
081_77,s1.824942712,s4.149636706,s331.266586544
081_78,s3.369282962,s5.327402002,s81.085314483
081_79,s2.384148164,s5.145214556,s114.364955426
081_80,s-3.956906227,s-0.031994846,s168.356053845
082_0,s-0.249165492,s-0.335032821,s228.066032559
082_1,s-2.812709782,s-0.014880329,s324.381351490
082_2,s-3.498303339,s0.686389892,s164.352612875
082_3,s-2.017610549,s-5.498590719,s71.441600081
082_4,s2.058154918,s0.300087699,s79.092449286
082_5,s2.525442154,s-4.514351162,s19.526105374
082_6,s-0.405739926,s1.874850998,s34.237167374
082_7,s4.285089670,s-2.202851448,s118.207353069
082_8,s3.782238245,s-4.909969960,s198.997443597
082_9,s5.322588210,s-3.155214876,s69.863230180
082_10,s1.044900122,s-2.954580610,s266.586847839
082_11,s-5.409528778,s-2.617032916,s310.087504939
082_12,s0.625580102,s-4.741188854,s97.279104635
082_13,s-2.674131992,s-1.308248191,s308.780502468
082_14,s-4.364672636,s-2.707637736,s303.596978100
082_15,s2.984247846,s-2.407272137,s36.135188532
082_16,s5.063472357,s-3.767435036,s354.196043849
082_17,s2.708907904,s-3.170452835,s40.190817853
082_18,s5.294148238,s-4.810845476,s243.964164903
082_19,s-3.995666273,s5.124566720,s119.672199210
082_20,s-3.981893415,s-1.220714163,s85.356939234
082_21,s2.005977601,s-1.528775286,s122.667537886
082_22,s-1.019213000,s4.840395525,s73.338371631
082_23,s0.086798849,s-3.191067713,s341.098045607
082_24,s-2.792411267,s-0.730386732,s92.723152868
082_25,s-5.082441945,s-4.978291260,s129.156162838
082_26,s1.332873764,s2.934093809,s10.084934982
082_27,s-0.845266033,s0.499056238,s145.218226596
082_28,s5.204885968,s-1.816968647,s239.339228762
082_29,s2.487884023,s1.559912463,s26.253769651
082_30,s-4.178281142,s-5.554580644,s338.583037687
082_31,s-3.111540188,s-4.229231179,s285.971318710
082_32,s-3.935698288,s3.692781753,s231.205003723
082_33,s-1.174089395,s3.704826122,s136.959291931
082_34,s4.305751843,s3.004961275,s61.382343876
082_35,s3.876267829,s0.011527064,s48.129161079
082_36,s-0.073629583,s-1.085277787,s86.019040983
082_37,s0.646382634,s4.718919613,s233.608807515
082_38,s2.296855721,s-2.390005155,s158.268954124
082_39,s1.667390533,s1.291785325,s130.844856069
082_40,s-1.382941204,s-4.140142820,s239.416126922
082_41,s-4.154777755,s3.249871027,s271.567805830
082_42,s0.117374920,s0.510859320,s168.199752021
082_43,s-4.262199369,s-2.301376322,s250.579918648
082_44,s0.727191054,s5.096568469,s331.499207025
082_45,s-1.457624339,s0.281569399,s26.162947260
082_46,s-2.094680493,s-0.287249952,s120.301264394
082_47,s3.985373142,s-3.508771113,s181.401529711
082_48,s4.904045049,s0.232352407,s322.653678500
082_49,s2.412377609,s5.011136692,s32.709878612
082_50,s-2.844177550,s4.900471652,s232.009570828
082_51,s0.730810265,s-0.830245287,s347.200633772
082_52,s3.279560552,s2.918370921,s81.483334994
082_53,s-3.762124047,s4.458491829,s1.101088113
082_54,s-1.770227568,s2.976834448,s263.095937155
082_55,s-1.223089671,s-1.533363085,s235.878395581
082_56,s2.946551114,s2.160118168,s65.636135661
082_57,s2.634360019,s3.454282899,s91.314045737
082_58,s3.812180816,s5.045921975,s304.171776876
082_59,s-1.942383815,s4.423554351,s155.305377217
082_60,s-5.319033047,s3.605358184,s119.840530143
082_61,s1.363788271,s2.538277108,s9.260055722
082_62,s-0.330002831,s4.265105120,s76.055102295
082_63,s0.834099601,s0.716899680,s2.597809970
082_64,s-2.540472850,s5.047207322,s348.231349944
082_65,s5.191717801,s1.327436266,s82.120178445
082_66,s0.021197601,s2.506742428,s338.213452030
082_67,s3.349891404,s1.962830108,s85.265767060
082_68,s-0.450270902,s2.876743956,s197.166511894
082_69,s4.245361345,s4.663508327,s184.826050662
082_70,s-4.268072868,s0.407220959,s135.232729658
082_71,s-5.325044228,s-1.410707147,s277.841581241
082_72,s-4.938114109,s2.472635171,s73.091081887
082_73,s-1.972853012,s2.055585027,s33.032756174
082_74,s2.399779688,s3.815178769,s236.119565471
082_75,s-5.332471461,s5.124566720,s308.747094730
082_76,s4.831662260,s2.703532076,s140.501499329
082_77,s1.093457372,s4.420703814,s256.364152188
082_78,s4.902905044,s5.124566720,s115.531795897
082_79,s2.498228402,s-0.788198580,s79.615416108
082_80,s-3.045182587,s3.706052762,s49.752825214
082_81,s-5.210075854,s4.775639092,s245.061950754
083_0,s-4.732127029,s-4.977919903,s165.830135177
083_1,s3.563940234,s-5.494459764,s216.526535849
083_2,s2.161319014,s-3.766867606,s322.112100363
083_3,s0.592132848,s1.530511882,s303.141145936
083_4,s-4.148264106,s-5.482474249,s341.142600601
083_5,s-3.023180776,s-3.792034802,s71.840180624
083_6,s0.909644870,s-4.413362778,s124.619109425
083_7,s5.705828137,s-5.368404545,s171.700932098
083_8,s5.632463508,s-3.658591268,s311.646785243
083_9,s0.794222487,s-1.681897837,s254.374318823
083_10,s-0.652408780,s-1.054461965,s134.562786616
083_11,s0.416099986,s5.053696613,s35.813647534
083_12,s-4.917076513,s-1.528984003,s175.411081217
083_13,s-3.495646468,s1.911686758,s333.935633038
083_14,s-3.865532101,s2.659670176,s329.505602216
083_15,s0.905866581,s0.158563044,s173.890735777
083_16,s0.755857790,s2.247496358,s262.138422055
083_17,s3.570902940,s-0.729825134,s135.911617254
083_18,s4.565762456,s-3.062931072,s160.784160434
083_19,s1.711184302,s-2.260436906,s278.561733684
083_20,s-5.256527323,s1.010480579,s48.248287013
083_21,s-1.268969999,s-4.887101610,s191.642708788
083_22,s-4.614668422,s-2.703428715,s321.525212908
083_23,s-2.934508894,s-1.760044362,s99.234093011
083_24,s5.629030796,s-1.341837685,s184.489446521
083_25,s-4.015129466,s-3.456644848,s357.605162353
083_26,s-1.748217032,s5.413919828,s178.812612662
083_27,s0.316831108,s-3.952011846,s328.799607488
083_28,s3.499164960,s-3.036604510,s65.817880687
083_29,s3.849060880,s5.264368862,s268.964118946
083_30,s-5.502574880,s-2.811627042,s333.617330303
083_31,s1.686930526,s1.261345085,s227.024713758
083_32,s2.232282453,s5.613658982,s97.634705858
083_33,s4.464881128,s0.610406167,s168.915301355
083_34,s5.238382583,s-0.144290198,s169.897300983
083_35,s-0.749455492,s1.821156046,s54.245939883
083_36,s-4.599019079,s-0.229575698,s303.009744577
083_37,s-1.184456632,s-3.465167527,s103.373775976
083_38,s4.614451743,s1.580405417,s26.381226007
083_39,s-3.744996975,s4.838049094,s138.354935188
083_40,s-1.667560915,s-2.375429508,s8.476807772
083_41,s-1.270540910,s3.636841103,s19.523672261
083_42,s-3.346496540,s3.552732219,s54.913674468
083_43,s-1.417159297,s-0.929829769,s213.658558011
083_44,s-3.106989594,s-5.170613424,s18.274292164
083_45,s5.325375584,s2.052240834,s196.996750353
083_46,s3.818881917,s-4.407423227,s87.238131124
083_47,s-3.763046359,s0.364405528,s110.512470786
083_48,s3.212359176,s5.076895378,s358.042014773
083_49,s-1.512059025,s2.037506307,s325.409409788
083_50,s-0.645279826,s1.043445122,s17.209935272
083_51,s-2.053523961,s1.099811580,s332.657993301
083_52,s-4.889771407,s2.248133244,s270.199084503
083_53,s0.972664918,s5.086420864,s141.699020257
083_54,s-0.713250858,s4.891262462,s357.629151270
083_55,s5.097609427,s4.199503621,s65.529199734
083_56,s-4.185711346,s-1.758975798,s241.713238018
083_57,s4.103674539,s4.151607271,s329.054510805
083_58,s4.271341294,s3.476952839,s5.489118006
083_59,s3.368380782,s-2.173044086,s80.036282427
083_60,s-5.458571912,s3.360233699,s74.713638769
083_61,s-5.502574880,s4.977215862,s227.061442671
083_62,s-1.227542327,s4.394250772,s308.174728607
083_63,s-4.492043259,s3.628134593,s48.698412031
083_64,s4.379306365,s-1.322542246,s258.727329047
083_65,s3.396702170,s0.236551550,s146.727389963
083_66,s2.086416217,s0.362922318,s299.736501708
083_67,s5.699625000,s2.778774465,s119.859412869
083_68,s3.722900324,s4.686025764,s48.237211588
083_69,s5.684499121,s5.397964396,s207.368837882
083_70,s-0.550530762,s5.668483846,s199.746274078
083_71,s-2.947569619,s3.109795631,s115.841220564
083_72,s-4.583470261,s5.654066985,s280.661432243
083_73,s2.532152691,s2.716735010,s338.860650647
083_74,s1.954788512,s2.783036812,s165.899176374
083_75,s5.146385403,s-0.652219025,s146.437646358
083_76,s-0.583317583,s-0.805666409,s78.414811223
083_77,s4.959431736,s5.594260254,s194.933642365
083_78,s-0.683715745,s4.260618964,s305.934525593
083_79,s1.407524367,s5.593128571,s44.877002570
083_80,s-5.383727560,s1.846679125,s22.049202685
083_81,s2.270980841,s2.270746640,s337.494712607
083_82,s2.528731857,s1.534678235,s185.710240761
084_0,s-3.706523313,s-0.918835230,s239.870449978
084_1,s-2.643119046,s1.049899878,s126.880404461
084_2,s-0.173231837,s-1.321639113,s299.480134595
084_3,s4.228091702,s-4.015445042,s174.461170564
084_4,s2.781372917,s2.632506276,s23.425124587
084_5,s5.059186622,s-2.359635646,s265.927144677
084_6,s1.125535830,s-1.030205028,s346.250107484
084_7,s5.806894768,s1.252282300,s98.476216015
084_8,s5.328577553,s2.159290465,s115.497194684
084_9,s4.691509684,s-0.497711518,s50.882265219
084_10,s0.028786251,s-1.925796765,s225.062434012
084_11,s-1.887064219,s-2.822563447,s290.437082120
084_12,s-4.116789552,s-5.652137435,s176.051806920
084_13,s-4.834772944,s-3.960235383,s354.112155381
084_14,s-4.001584272,s-4.046753449,s30.373586869
084_15,s4.025192401,s4.370255020,s229.413353847
084_16,s1.441244909,s-5.100813300,s114.241788784
084_17,s5.314315441,s-5.080032383,s126.662663590
084_18,s0.151625959,s-4.036496625,s350.576557944
084_19,s4.808138989,s-5.739283339,s222.133699791
084_20,s0.188171587,s4.095452910,s253.657774833
084_21,s0.795061250,s3.530300858,s313.868060728
084_22,s4.100669303,s-2.252852674,s267.068892777
084_23,s-0.644963589,s5.743811314,s80.096096425
084_24,s-5.527021864,s-4.296502967,s115.569518671
084_25,s1.378739084,s-0.391989682,s179.113954127
084_26,s-5.772835640,s3.174870656,s347.217414379
084_27,s-5.486287563,s2.151448954,s348.810904557
084_28,s-2.203391572,s4.676439641,s197.637279447
084_29,s-2.566604209,s-4.087692345,s234.416959256
084_30,s-0.440456184,s1.360710122,s193.249506442
084_31,s-3.698837541,s5.036442249,s271.959353933
084_32,s-3.312119251,s4.590570367,s23.065955664
084_33,s-2.472224373,s5.926129153,s76.981072551
084_34,s5.479844336,s2.455714870,s257.547091308
084_35,s4.584719107,s2.489508421,s80.195507767
084_36,s2.930183664,s-2.943656737,s154.748451687
084_37,s5.606154327,s3.344982643,s247.231522913
084_38,s-2.772616977,s4.708544723,s229.318787465
084_39,s3.742837552,s1.041208086,s335.094462819
084_40,s-4.640585678,s5.827817996,s122.278143052
084_41,s-1.049879337,s-0.014602176,s353.535400737
084_42,s-4.924898070,s-2.538411304,s177.642279224
084_43,s-1.651698486,s1.936253130,s277.889798781
084_44,s-1.557416718,s-4.842700023,s281.380691293
084_45,s2.432554617,s5.868949029,s316.603131536
084_46,s-0.001890976,s3.508611789,s253.252251624
084_47,s1.815941133,s1.163792364,s93.713724317
084_48,s0.811295244,s-4.874822593,s70.889975907
084_49,s3.010554772,s4.290382842,s317.157734059
084_50,s-3.896826577,s2.192118647,s215.118824224
084_51,s-3.865706921,s3.543509238,s18.209227610
084_52,s-5.365279357,s5.864729493,s98.679615256
084_53,s0.971055783,s5.805487306,s142.842569873
084_54,s1.495640261,s2.259693999,s131.091698620
084_55,s2.785526594,s-0.312944060,s119.445791497
084_56,s3.907525606,s5.031590393,s247.619525727
084_57,s3.952862816,s3.275007151,s147.747883718
084_58,s-0.784600475,s2.517411374,s27.625637841
084_59,s3.642998838,s5.939682996,s252.743232827
084_60,s-3.553336801,s5.939682996,s210.464397994
084_61,s0.579060904,s0.874628227,s359.606331340
084_62,s-2.563479031,s1.127416044,s155.682852943
084_63,s-4.972043330,s1.265827571,s104.922082992
084_64,s2.277416922,s-1.171317398,s286.046267091
084_65,s0.053255423,s5.744194729,s200.495031835
084_66,s-5.721926067,s-0.697057826,s308.386388300
084_67,s1.409353326,s3.931434390,s178.472971717
084_68,s-5.035026981,s4.233401128,s238.667708171
084_69,s5.228679041,s4.935350888,s139.621605682
084_70,s-5.608033062,s5.019122087,s258.261155751
084_71,s-3.700320095,s0.668487514,s21.820952549
084_72,s-3.351349778,s3.927407415,s70.636097443
084_73,s-4.563994124,s3.502109686,s357.440263059
084_74,s2.020082737,s3.024607827,s183.232361312
084_75,s2.514187803,s4.511312236,s308.908960663
084_76,s5.022558907,s1.080089936,s311.266491316
084_77,s5.542978243,s5.939682996,s104.890142308
084_78,s2.494813968,s1.199121170,s196.836141620
084_79,s-1.414192151,s2.139929984,s107.521137193
084_80,s-5.604229509,s1.658808013,s112.409590191
084_81,s-5.644186733,s0.389340449,s32.614568641
084_82,s-4.978122563,s-0.017362269,s111.672910582
084_83,s-2.418972250,s-1.719767618,s296.207148436
085_0,s-0.358846813,s-3.815620573,s222.265963360
085_1,s-5.481549043,s0.929789204,s148.688930421
085_2,s-4.272330529,s-0.852221112,s179.800465049
085_3,s3.756686740,s-1.697220485,s176.477864810
085_4,s-2.886105140,s-4.511214196,s82.347618438
085_5,s0.817408739,s-5.407703552,s312.526736947
085_6,s-2.953281281,s3.759885271,s20.810126013
085_7,s4.489899372,s-3.710622571,s69.931440267
085_8,s-3.293718593,s1.916157874,s301.657707765
085_9,s5.321510003,s-3.208286711,s207.064379898
085_10,s-5.113804691,s-5.069548570,s301.408659127
085_11,s1.210673941,s0.190968304,s210.003210880
085_12,s-4.116176975,s-2.865656787,s287.746339605
085_13,s-5.238221952,s-3.836428602,s169.824294321
085_14,s-1.309447365,s-2.488154118,s289.023269843
085_15,s0.814179129,s-1.879558478,s327.540713948
085_16,s-2.517405874,s-1.730472963,s295.197150948
085_17,s4.725595733,s-0.831234928,s167.496503841
085_18,s-0.211903381,s2.520005114,s275.935612811
085_19,s4.779065079,s-2.301546503,s139.412186053
085_20,s-2.919250024,s-5.246552360,s340.478171830
085_21,s-5.189012056,s4.290949542,s305.219667105
085_22,s-4.158633181,s-4.267351376,s112.007086351
085_23,s2.761987377,s2.739063858,s173.065137710
085_24,s-2.107623309,s-4.114505865,s122.431722482
085_25,s-5.390003917,s4.285571593,s238.908914727
085_26,s0.037142021,s4.446121991,s161.971853267
085_27,s3.793142075,s-0.606898284,s182.245666226
085_28,s3.998605940,s-5.259472512,s153.907038385
085_29,s4.378712864,s0.457051184,s99.729122646
085_30,s0.843040775,s5.463545130,s74.052163511
085_31,s1.826178121,s-3.735932836,s126.255996882
085_32,s-3.323077296,s-2.369830599,s125.225235677
085_33,s4.251765868,s2.036447594,s248.095741934
085_34,s2.693681821,s-1.823381217,s182.311301131
085_35,s2.585604490,s3.954598664,s115.642430651
085_36,s3.032331577,s1.437192741,s37.664510476
085_37,s4.174458269,s4.089304075,s86.053059111
085_38,s5.309781062,s3.894008239,s97.889894305
085_39,s4.289818985,s-4.860317446,s186.413392413
085_40,s-3.723087534,s-0.661853260,s271.579368039
085_41,s-1.911689867,s3.086700056,s291.252125395
085_42,s3.453629700,s4.598823762,s205.457162311
085_43,s0.785446040,s-1.203275004,s334.653146303
085_44,s-1.459242244,s5.306804824,s316.784632303
085_45,s-3.662719544,s0.809759103,s130.830554108
085_46,s-0.172976695,s0.379140382,s326.865634144
085_47,s3.746186362,s-2.515505766,s315.101964322
085_48,s4.690288960,s3.156762223,s251.995193395
085_49,s4.205850472,s-3.571248536,s152.615319239
085_50,s-4.743187994,s-2.745773701,s245.338564966
085_51,s-0.640133818,s5.480726466,s254.482187282
085_52,s-0.396718247,s0.373873402,s100.541022119
085_53,s-2.330183113,s-0.032325852,s47.504042814
085_54,s-2.420709903,s4.446291413,s323.626074010
085_55,s-0.666845127,s4.548572932,s76.524862809
085_56,s2.541658394,s-2.939006088,s206.124476538
085_57,s5.255434118,s2.704384933,s61.305763369
085_58,s4.875118076,s0.160594286,s252.946085168
085_59,s5.199596431,s1.933091704,s31.980039961
085_60,s-5.339203087,s1.811295489,s65.771749963
085_61,s-2.184991709,s0.878741643,s204.306102055
085_62,s-5.232933968,s-0.314457632,s105.979722942
085_63,s1.514575904,s1.652561780,s204.449378233
085_64,s-1.882955906,s-3.995896898,s211.304732006
085_65,s3.966624814,s5.480726466,s308.426791650
085_66,s3.735135367,s4.543211847,s58.746652274
085_67,s-0.279157527,s5.413487603,s120.249632400
085_68,s2.619965311,s-0.620921288,s358.449796598
085_69,s5.318723592,s5.381903960,s99.618236820
085_70,s-4.388480553,s1.476096148,s87.008219049
085_71,s-5.373789545,s2.963368262,s110.820588288
085_72,s0.186792535,s-4.331484773,s12.225363962
085_73,s-2.086404272,s5.166858363,s257.983415640
085_74,s5.360614464,s4.323667856,s335.164496421
085_75,s4.357549734,s5.336419273,s95.171261325
085_76,s1.963462303,s-1.283172716,s43.433323424
085_77,s5.423259538,s-1.638546259,s299.207228240
085_78,s-4.482033118,s3.030892599,s126.913535540
085_79,s-0.173313693,s2.007613008,s340.030908225
085_80,s-3.131766306,s-1.588169937,s162.871211775
085_81,s2.257045258,s5.184212412,s257.778028329
085_82,s-4.237807935,s5.478951857,s233.694970257
085_83,s3.060668968,s5.063958090,s138.234138403
085_84,s-4.875698441,s1.881440334,s185.211374596
086_0,s-4.179536420,s0.258986184,s231.849411338
086_1,s-5.847698068,s-2.415642154,s103.354491878
086_2,s-2.162907738,s-4.523141694,s4.310082211
086_3,s-1.560608793,s-5.661615549,s119.573257456
086_4,s-3.919704321,s4.335037562,s260.262278100
086_5,s-5.645986905,s-5.360829436,s80.436024938
086_6,s4.038358574,s-1.839181138,s13.798202406
086_7,s4.419690661,s-0.203919495,s30.345690423
086_8,s3.540080905,s-4.070863044,s45.797882437
086_9,s5.832016111,s-4.453798620,s275.269855136
086_10,s-3.389433797,s0.892853434,s64.748229627
086_11,s-1.516548607,s-2.215339798,s318.401746646
086_12,s-5.058441725,s-0.803058251,s89.828292073
086_13,s-4.666299108,s-3.468194441,s45.619377527
086_14,s3.110913755,s-5.640761440,s302.352280871
086_15,s0.048227595,s-0.229878286,s45.100249730
086_16,s-4.856759545,s-5.324232067,s32.855995968
086_17,s5.588284802,s5.024408415,s31.983288208
086_18,s4.152354015,s2.135150602,s58.324644244
086_19,s0.452798649,s2.485009996,s230.738112353
086_20,s-5.774071222,s1.361399523,s333.826630564
086_21,s-5.474890985,s1.865912712,s134.046012848
086_22,s-1.122570917,s-4.316960969,s73.455175765
086_23,s-5.285331617,s-1.838947654,s113.608589045
086_24,s-4.015249084,s4.021417722,s170.069715993
086_25,s3.132646323,s1.147227340,s293.263436057
086_26,s4.539886811,s-4.282833535,s260.512169389
086_27,s4.798865272,s-5.911285349,s275.872337604
086_28,s3.243064720,s3.668303740,s23.226905642
086_29,s1.314869228,s2.692138372,s127.187958445
086_30,s-0.580385041,s3.694718346,s311.228969871
086_31,s-3.432434319,s2.362833186,s131.453534233
086_32,s-1.578393756,s-1.728404467,s169.113104000
086_33,s5.009530916,s3.353198178,s1.614416741
086_34,s1.313342331,s0.237540467,s188.966876559
086_35,s1.822102857,s5.504871900,s61.685253917
086_36,s5.218734337,s-1.122024664,s242.055521985
086_37,s3.199477885,s-2.550634081,s281.645706860
086_38,s-0.692219443,s5.095372778,s6.634435010
086_39,s4.942890254,s-1.679660274,s190.109274259
086_40,s1.949446160,s1.990360203,s31.375754814
086_41,s-5.792606806,s0.137449430,s13.847623058
086_42,s-5.476166460,s3.144382571,s297.954880805
086_43,s-4.257780626,s3.106187224,s247.137261192
086_44,s-2.984127232,s3.140211919,s252.787748182
086_45,s1.799400192,s5.393488786,s263.692290510
086_46,s-2.962823286,s3.436068298,s38.867510656
086_47,s-1.487581917,s1.881718457,s212.108416765
086_48,s1.404444176,s-1.383468058,s100.614555918
086_49,s5.695054294,s-3.056918755,s290.721841935
086_50,s-2.685428166,s4.794915999,s39.147588361
086_51,s2.034895372,s-0.661481113,s285.877585533
086_52,s-5.853013527,s5.201688517,s104.181059526
086_53,s2.584412797,s-5.508641308,s92.657919838
086_54,s-1.719509302,s-0.707652150,s304.332136493
086_55,s4.767330477,s5.461423859,s355.972950207
086_56,s1.068993439,s1.732806501,s175.623803349
086_57,s5.251421357,s2.244321985,s320.565183934
086_58,s2.586659440,s1.479969912,s320.729626978
086_59,s3.230526673,s-1.301490911,s14.860076323
086_60,s-3.417327569,s-4.566301102,s169.077063564
086_61,s-2.016073183,s5.398992829,s2.809739644
086_62,s-4.370547281,s5.469435347,s186.534500746
086_63,s1.291371433,s5.022439150,s118.110111700
086_64,s-1.567992831,s2.342336263,s310.559809627
086_65,s0.560978500,s4.734895516,s321.315919138
086_66,s0.303212738,s0.891073596,s206.006290041
086_67,s-1.681882555,s-5.177528194,s107.642319625
086_68,s-1.223278821,s-0.125925558,s356.953580234
086_69,s3.221608371,s2.911835323,s13.304886678
086_70,s-2.357980836,s0.280772873,s290.235287840
086_71,s-2.302353709,s1.090996019,s66.628761939
086_72,s-0.796163049,s-3.974023028,s81.536083693
086_73,s-1.475103891,s2.901067723,s73.745919974
086_74,s-0.169104186,s5.452900577,s251.631472283
086_75,s1.615658156,s-2.925539883,s293.682227081
086_76,s5.327771632,s0.449271357,s222.803652507
086_77,s-2.551543699,s5.334555424,s167.541120399
086_78,s5.703540217,s5.268116519,s318.012390191
086_79,s5.804045455,s4.159182857,s55.350661980
086_80,s-5.232868095,s3.699108301,s139.620616065
086_81,s4.041749206,s5.537975770,s308.926653809
086_82,s-2.072987317,s4.323778460,s276.865375205
086_83,s-5.285862085,s5.512774150,s295.494047878
086_84,s2.098650197,s1.188665396,s276.793974923
086_85,s3.051092524,s4.951695694,s264.682133661
087_0,s-4.964310519,s-5.274946566,s300.170440186
087_1,s5.032733485,s-1.751040247,s260.338593634
087_2,s-3.322881323,s0.950474899,s133.534501379
087_3,s-2.980053117,s-4.800158659,s326.290793929
087_4,s-4.265047364,s4.794067255,s223.744287491
087_5,s0.232482395,s5.180793005,s177.793414631
087_6,s-0.803886808,s5.123589306,s327.485015575
087_7,s-0.271495196,s-1.453808758,s264.555825848
087_8,s-0.527488422,s-0.605522672,s59.061424326
087_9,s4.539394811,s-4.445319495,s317.788294678
087_10,s-3.977598636,s-3.775887940,s202.365327614
087_11,s1.974060014,s5.203390650,s104.792080034
087_12,s-0.164978417,s3.083292006,s12.528196007
087_13,s-1.249849407,s-3.368822485,s179.847641430
087_14,s2.685541489,s4.790304580,s212.586231381
087_15,s0.504494130,s-1.940135924,s338.649175948
087_16,s2.893750539,s1.185209555,s91.627031345
087_17,s3.561371997,s2.100955422,s250.141547125
087_18,s1.775017300,s-4.844639354,s345.664156837
087_19,s5.326382869,s3.568048970,s180.472175925
087_20,s-0.909444564,s-5.270328119,s215.526650636
087_21,s5.433402218,s-3.672040640,s333.115341829
087_22,s-5.033271294,s0.620756723,s292.799110906
087_23,s-2.644827969,s-2.701355284,s165.086313814
087_24,s3.220752745,s-0.709702852,s280.703641116
087_25,s1.308948127,s-3.228837279,s313.670811379
087_26,s3.643154021,s-3.176796600,s128.250970465
087_27,s5.085406896,s-0.151538131,s215.535051760
087_28,s1.905771890,s1.169998733,s240.222129697
087_29,s-0.647753029,s1.704562319,s311.040297356
087_30,s-2.248242247,s0.526318429,s81.284982360
087_31,s3.355384593,s-2.283156709,s247.896093391
087_32,s-5.150838837,s-1.803266502,s150.062955267
087_33,s2.730373301,s5.301527432,s156.902457170
087_34,s-1.476295426,s3.423319798,s160.977310947
087_35,s4.218767959,s2.848978854,s289.677948267
087_36,s5.011445787,s-4.892614163,s149.023762369
087_37,s3.834580501,s4.977461269,s308.477074996
087_38,s-1.247512591,s-2.209212223,s215.080251965
087_39,s5.442290341,s-2.815676669,s324.684235447
087_40,s-2.630879298,s-0.774819969,s151.371180796
087_41,s-3.748135120,s-2.929327656,s74.458916693
087_42,s-2.831680679,s2.410499684,s207.240516004
087_43,s-5.036011671,s4.455595398,s61.092014030
087_44,s-2.342595756,s-1.780710671,s157.411579647
087_45,s4.296185418,s1.743371859,s76.165892550
087_46,s3.173083333,s3.617625345,s326.172183299
087_47,s4.651267480,s1.486864935,s48.576911607
087_48,s5.247928614,s4.160575077,s187.028070625
087_49,s0.156168692,s-4.504219244,s203.360478227
087_50,s1.635661158,s2.444901700,s141.962144037
087_51,s-5.057100036,s2.170410005,s128.517430407
087_52,s1.812463723,s0.164682326,s236.485289086
087_53,s4.867877468,s1.941269981,s335.883417219
087_54,s-2.810698243,s2.531916776,s245.717050660
087_55,s0.534339441,s4.585672332,s301.847424374
087_56,s-1.730709177,s5.372712635,s198.586038869
087_57,s1.728909996,s4.705480709,s29.513217561
087_58,s-4.580068711,s-1.388237442,s76.398732782
087_59,s0.476987846,s5.049754371,s204.813548400
087_60,s-4.328593336,s0.563155403,s206.575222051
087_61,s-4.281071239,s-5.161907958,s21.386176975
087_62,s-1.083611329,s-2.604512761,s55.095722337
087_63,s-3.513855727,s4.402779261,s341.560215223
087_64,s4.499526631,s4.605443565,s288.635517556
087_65,s-1.685750893,s0.512436939,s206.625866880
087_66,s-0.461146189,s4.028484430,s212.975783040
087_67,s5.391408971,s5.308874976,s173.545004976
087_68,s4.396258324,s-0.212132522,s140.766656502
087_69,s5.466957335,s1.513923075,s210.937885397
087_70,s3.398061546,s-1.087905852,s5.788089977
087_71,s-5.210650321,s-4.545271318,s151.673296024
087_72,s-5.108793417,s3.797958865,s245.254545643
087_73,s-5.134992505,s2.815144824,s120.643030317
087_74,s1.064882001,s3.236756080,s251.685790487
087_75,s-2.305496463,s5.294182808,s233.279793323
087_76,s-1.496579483,s3.027209128,s89.565428525
087_77,s2.226162749,s2.513165616,s108.574939595
087_78,s4.148553219,s-1.705311622,s244.817041634
087_79,s0.145953321,s2.729926245,s255.983539581
087_80,s-5.171094287,s5.123052155,s113.497535606
087_81,s3.084107534,s0.118063192,s295.227123604
087_82,s0.082997214,s1.394295608,s191.087442646
087_83,s-5.143363226,s3.274847729,s260.978452767
087_84,s2.720457327,s3.313255653,s320.478065824
087_85,s-4.603417571,s5.327113993,s317.975871949
087_86,s0.299080762,s-0.461321964,s108.156093378
088_0,s-5.229781039,s-4.962396623,s274.573426184
088_1,s-5.522028280,s-2.076910011,s138.677499157
088_2,s-2.877547489,s0.711028992,s94.840235683
088_3,s-1.473535716,s-3.240912978,s120.226883870
088_4,s-3.638694565,s-2.734460831,s227.901064869
088_5,s0.332948026,s-0.146516998,s180.997693814
088_6,s3.467505809,s-0.549570866,s141.212661231
088_7,s-5.037490325,s1.394052705,s14.342260141
088_8,s5.022055018,s-2.446568685,s282.128465224
088_9,s4.689298565,s-1.937844401,s153.682415736
088_10,s-0.028443188,s-5.396437717,s208.393534394
088_11,s-3.805220949,s-2.139476827,s262.702298321
088_12,s-5.543013480,s2.768470234,s123.598432801
088_13,s-4.490640860,s-5.167642545,s185.491224349
088_14,s-2.943815770,s-1.422298692,s208.963974732
088_15,s2.035863556,s-1.211421217,s73.708769531
088_16,s0.644743063,s1.167853565,s173.428399923
088_17,s-0.678395019,s3.761473322,s292.271518388
088_18,s4.467257632,s5.527225106,s201.317471634
088_19,s5.365406897,s-5.414148649,s17.041100312
088_20,s-2.645169727,s-1.480462411,s319.435489664
088_21,s-5.569000859,s5.488360163,s263.079908382
088_22,s1.869321264,s0.866166398,s352.169487736
088_23,s5.410368797,s3.568291916,s319.132376052
088_24,s3.962900024,s-2.412699632,s168.519505381
088_25,s3.911306650,s2.739838042,s283.746866994
088_26,s5.410368797,s-1.026004968,s267.126020100
088_27,s-0.923461219,s-1.721216593,s282.850937166
088_28,s0.375075944,s-2.095869275,s225.075830736
088_29,s-0.324455191,s-4.618113406,s146.920748263
088_30,s-2.770199734,s2.627824824,s319.399127236
088_31,s3.569737152,s-5.300638516,s181.480166212
088_32,s2.905197320,s1.031148133,s219.786465391
088_33,s1.382337111,s-2.991463675,s204.785317943
088_34,s0.272891365,s2.496310481,s209.944462299
088_35,s-3.941284041,s1.306228868,s80.161612810
088_36,s0.738158516,s-0.001206484,s352.285094769
088_37,s5.371459201,s-1.706460004,s334.768371637
088_38,s4.329997871,s3.757292028,s118.464781852
088_39,s4.647941274,s-0.460772924,s269.475815079
088_40,s-3.222492739,s-3.231964712,s321.684105125
088_41,s-5.549786252,s0.185904768,s21.435463820
088_42,s-4.336461411,s4.212187130,s222.540493458
088_43,s-5.175492729,s-0.892178843,s251.877910815
088_44,s-2.573778224,s3.483169286,s230.768869521
088_45,s3.975851290,s-4.728862410,s266.301868270
088_46,s-1.288074213,s-3.237599785,s305.552933695
088_47,s5.391586163,s-4.181693057,s192.182935526
088_48,s5.281920035,s5.454309351,s301.047027949
088_49,s1.017599208,s-2.930793616,s103.563781219
088_50,s-3.710613759,s5.537822821,s87.820770025
088_51,s-0.556886913,s2.251489737,s195.584559505
088_52,s4.896414004,s4.438326737,s150.557291816
088_53,s4.311320810,s2.120341447,s129.345218524
088_54,s4.066668892,s5.391326490,s300.322419808
088_55,s-3.108643981,s1.882750915,s90.668434476
088_56,s-1.195949918,s0.473605465,s302.389464485
088_57,s3.256262391,s4.090316112,s357.429581694
088_58,s3.356531876,s1.023248216,s213.365999135
088_59,s5.410368797,s4.877368174,s355.089640475
088_60,s-3.854371356,s-0.225741106,s149.820543926
088_61,s-3.461233238,s2.764461254,s231.853605604
088_62,s-4.926561328,s3.458993165,s139.670270362
088_63,s0.908097259,s4.364708058,s211.272503376
088_64,s0.482849896,s5.537822821,s218.804208741
088_65,s1.888589800,s1.508865640,s93.055045113
088_66,s2.063751827,s-2.888227199,s26.682569917
088_67,s-3.041508533,s5.378263617,s334.506610717
088_68,s5.393565136,s3.025609529,s103.534904820
088_69,s-1.335824688,s5.530935589,s300.309383936
088_70,s-1.176640130,s4.231548881,s295.699744914
088_71,s-1.995536197,s-4.267025632,s171.663214593
088_72,s1.394564082,s4.458946946,s47.878708717
088_73,s-5.086212675,s5.437672917,s172.915335306
088_74,s5.216619849,s1.213591049,s87.233115395
088_75,s3.008607987,s4.733134752,s241.084314223
088_76,s-4.231937006,s4.679505884,s230.775549303
088_77,s-1.638370537,s1.756403215,s203.768711912
088_78,s5.219515815,s-4.741052605,s267.580235288
088_79,s0.302912348,s4.001646549,s9.148554306
088_80,s1.344852022,s5.522336046,s244.773135698
088_81,s-0.318862967,s-2.973458431,s343.409597877
088_82,s-5.570110004,s3.519757375,s43.462467249
088_83,s0.422308324,s5.151024953,s317.378722259
088_84,s2.333598082,s3.111182208,s252.359242995
088_85,s3.021683614,s3.955377508,s237.649813201
088_86,s3.548288224,s-0.322170151,s270.703995601
088_87,s3.579239181,s0.314256065,s236.022972260
089_0,s3.777551496,s2.675802974,s124.007945446
089_1,s-4.220498931,s-2.599872967,s298.084823124
089_2,s-3.500952800,s-0.105564278,s344.975097659
089_3,s0.722748301,s-1.192579996,s320.530145175
089_4,s-4.337544131,s-1.407927197,s93.194618016
089_5,s5.209614386,s4.721567089,s248.369219598
089_6,s-0.207265299,s-2.180835669,s317.291632469
089_7,s2.477943019,s1.097135124,s94.909027052
089_8,s4.773227196,s2.174254652,s69.866683714
089_9,s4.001947955,s-5.018678942,s311.848694523
089_10,s-3.532027913,s0.926041351,s205.788818230
089_11,s-3.553662559,s2.004500833,s259.100638787
089_12,s-0.948727601,s-5.279741476,s291.734247125
089_13,s-3.505019629,s3.511094062,s196.415043367
089_14,s-2.488116527,s-2.349794926,s120.933753487
089_15,s0.177035447,s-0.016559345,s325.774629616
089_16,s-2.632920147,s-2.883593974,s147.950916691
089_17,s4.768574442,s-0.616968497,s274.520403211
089_18,s-0.148255017,s3.556756381,s139.819265193
089_19,s3.562321897,s-4.374717750,s61.494099760
089_20,s1.829399463,s-5.212112850,s151.268045979
089_21,s-3.573161437,s-5.251590886,s240.092208209
089_22,s-4.052847122,s-2.915941474,s236.275984277
089_23,s1.671436048,s-2.211276291,s220.773778491
089_24,s-1.230945106,s-1.465926790,s174.232477380
089_25,s-5.100847511,s0.866947992,s1.815219614
089_26,s-1.462828524,s-0.020974247,s157.424248219
089_27,s1.270873164,s-0.272988037,s18.024226787
089_28,s1.214083494,s-5.092362483,s116.484252360
089_29,s0.792223107,s-3.342782513,s96.970868776
089_30,s-5.235368038,s3.228083893,s357.415430512
089_31,s-0.536461908,s-3.921108528,s343.901262101
089_32,s-2.246864122,s-5.170203382,s183.145026913
089_33,s-4.520920582,s1.315253754,s144.499915636
089_34,s4.936206678,s5.181449293,s118.260584738
089_35,s-0.297409405,s-4.538061825,s108.459555423
089_36,s0.759037542,s5.002537569,s256.937199029
089_37,s-3.111097311,s1.745523711,s352.556265065
089_38,s4.408649796,s4.220385570,s96.859187281
089_39,s0.850767496,s2.915555508,s355.865163981
089_40,s-3.453696880,s-3.848375054,s149.620979220
089_41,s0.409204981,s2.975635274,s238.489330270
089_42,s-1.992798074,s5.220127836,s199.871077068
089_43,s-5.269215275,s-0.693529388,s194.797325609
089_44,s-0.817155154,s3.077220758,s103.426851509
089_45,s1.716186326,s0.290240752,s24.446833792
089_46,s-2.882802805,s4.256702332,s251.030322724
089_47,s-4.420508748,s4.943566294,s54.678582421
089_48,s4.155870715,s-0.230511354,s304.132288892
089_49,s3.801356602,s-3.260120046,s208.338023291
089_50,s2.477074802,s1.914224357,s270.584209897
089_51,s-3.262597246,s5.145041531,s257.460147108
089_52,s1.723830962,s4.070067865,s335.977998784
089_53,s-2.618651674,s4.958046153,s213.975496114
089_54,s-0.251044051,s0.410329999,s127.930484990
089_55,s2.869733280,s5.184948244,s11.460249644
089_56,s5.100724278,s-3.042485644,s102.657744123
089_57,s5.081424182,s0.981469894,s326.328113182
089_58,s4.946409436,s-4.261774559,s308.142658493
089_59,s4.428673548,s2.906908826,s275.590655327
089_60,s-4.959928067,s1.946671186,s166.952099778
089_61,s-2.169284415,s1.814545076,s308.416011236
089_62,s-1.492176355,s4.296593519,s19.406520884
089_63,s-1.799987185,s-0.315632366,s17.649089676
089_64,s-5.227793252,s-1.822866152,s114.925708342
089_65,s-4.432989928,s3.582797168,s46.483617143
089_66,s2.233672352,s-1.968801259,s163.548073416
089_67,s2.941998401,s-2.660169972,s273.940099809
089_68,s3.943215335,s4.254256072,s289.075649112
089_69,s-2.952069104,s0.616193500,s330.795422076
089_70,s-2.341799709,s1.439352608,s239.437402781
089_71,s-2.623655858,s3.040722964,s296.196449990
089_72,s-4.767129402,s4.890790370,s52.487485769
089_73,s-3.829714831,s4.565955122,s351.441494641
089_74,s-4.445582477,s-3.727709302,s28.125030496
089_75,s1.078194107,s-4.104003797,s301.451724414
089_76,s1.471878239,s2.025626844,s46.078099480
089_77,s2.329326718,s4.116932306,s79.651373851
089_78,s5.233925605,s4.069228574,s7.884606791
089_79,s3.503147251,s-2.484531418,s68.399768409
089_80,s-5.284513106,s5.116073749,s297.585056106
089_81,s4.594208384,s-5.138193737,s12.415375051
089_82,s0.615302560,s3.963464583,s34.630863602
089_83,s2.212373425,s3.607325126,s308.936977741
089_84,s4.321985787,s1.882673252,s198.735796177
089_85,s-0.099514264,s5.175626099,s299.036383179
089_86,s1.331791573,s5.012890269,s337.645759865
089_87,s2.517718665,s-1.181358537,s325.799514289
089_88,s3.925593563,s0.291620554,s260.575794722
090_0,s-5.047308300,s-2.547335194,s41.951554421
090_1,s-1.685205124,s-2.809598671,s159.746777198
090_2,s-3.442116469,s-0.851421850,s200.547495303
090_3,s-5.419173759,s-1.967380473,s145.483903759
090_4,s1.321049824,s-3.087952340,s300.112061031
090_5,s5.196055488,s1.289093367,s183.614773961
090_6,s0.091267234,s1.023242147,s10.785374436
090_7,s2.904737277,s-3.266434137,s183.460783712
090_8,s-1.701375274,s-4.518083844,s135.167080355
090_9,s2.237085434,s-5.151497302,s192.226874629
090_10,s-4.742122802,s-5.309541398,s67.173347207
090_11,s-2.845669729,s-5.351218887,s254.743055759
090_12,s-2.969468565,s-3.987492815,s79.603902871
090_13,s-0.184459343,s-1.599836825,s61.482734900
090_14,s-2.432824974,s-3.693456369,s100.989294792
090_15,s5.390412866,s-4.314245125,s8.481980305
090_16,s2.904753514,s-1.418434976,s57.582917309
090_17,s5.069204693,s-1.528054468,s326.412688165
090_18,s-3.318665962,s3.818965307,s353.884717394
090_19,s3.607460690,s-2.684564487,s126.342681552
090_20,s-4.711910241,s0.271593122,s311.180409991
090_21,s-5.419173759,s0.049000411,s230.923301255
090_22,s1.434505049,s1.166999663,s100.893861977
090_23,s-2.127876393,s1.872012561,s85.859886813
090_24,s-1.062336512,s1.603666421,s133.294962049
090_25,s-4.689024448,s-1.096408674,s246.464288899
090_26,s5.211659010,s-5.435177139,s222.538148729
090_27,s4.975891834,s4.583808783,s18.055123740
090_28,s4.504910030,s-3.610616784,s126.186903510
090_29,s3.947562211,s2.055785787,s228.959265069
090_30,s-3.313490284,s2.798243384,s32.657385794
090_31,s0.926830685,s-1.102353571,s112.540088419
090_32,s-3.149800586,s-2.415206486,s167.189760935
090_33,s2.630370355,s4.616452383,s344.761949383
090_34,s-1.885645995,s4.501454370,s63.716944609
090_35,s3.622460542,s2.813940099,s240.689732253
090_36,s2.623901508,s3.779224037,s192.386655976
090_37,s1.907942079,s-2.217279164,s340.786750286
090_38,s2.141557641,s-2.558647484,s224.662525363
090_39,s-1.803898383,s0.549237806,s96.909145685
090_40,s0.260231882,s-4.693404229,s129.305108344
090_41,s-0.345294628,s4.980225442,s117.688783774
090_42,s-4.127344709,s-0.641925802,s342.363134716
090_43,s0.353777615,s-0.235931201,s250.624445575
090_44,s2.263516063,s2.025045729,s289.017585803
090_45,s0.782865022,s-5.414278189,s39.570381408
090_46,s-0.235134827,s2.009675357,s242.652827077
090_47,s4.568997272,s5.385836839,s87.751609206
090_48,s2.525167344,s-4.444271999,s300.479907947
090_49,s-2.663255984,s0.433746361,s312.697358058
090_50,s-2.142969089,s5.005232366,s198.664646721
090_51,s-2.325565347,s1.012162291,s207.544987443
090_52,s-1.413259439,s-1.851957826,s254.356483504
090_53,s-1.148323418,s-4.790011053,s21.680911376
090_54,s-2.627548254,s-1.872655555,s32.041577882
090_55,s0.925929076,s0.695268960,s65.928272464
090_56,s1.329432573,s5.296672449,s300.116726114
090_57,s-1.661187941,s-0.126801218,s33.806394807
090_58,s5.370550704,s4.378497925,s308.327470466
090_59,s3.509702321,s-1.949448101,s322.520521575
090_60,s1.652207213,s3.891383119,s281.497674955
090_61,s-4.295434281,s3.785114910,s127.489110724
090_62,s-4.833498685,s4.505482673,s94.259620656
090_63,s-1.004314800,s5.248975523,s93.714203416
090_64,s4.589147836,s3.657236493,s23.833593158
090_65,s5.409184389,s-3.801823579,s130.596818870
090_66,s-3.255768828,s-2.361510054,s352.001770093
090_67,s3.927043362,s5.381558949,s68.856513467
090_68,s-2.957010649,s2.151560045,s40.775747874
090_69,s-0.817841621,s3.665918395,s2.218924849
090_70,s-5.221831357,s5.405546385,s76.019572318
090_71,s2.704069432,s5.416636596,s40.535534999
090_72,s0.015053755,s2.239594741,s359.574834842
090_73,s-3.176259202,s4.695915316,s286.083049284
090_74,s3.483187641,s5.374960334,s280.652623644
090_75,s5.037970059,s-0.459396774,s142.750052957
090_76,s-4.599364324,s1.164177853,s240.813122191
090_77,s-0.692237155,s-0.793661261,s42.545151950
090_78,s3.301290317,s0.962717887,s13.771377341
090_79,s-3.403878209,s-1.377887173,s341.181296112
090_80,s-4.532819077,s5.393810154,s189.815292216
090_81,s-5.066132414,s-3.524535904,s59.588604921
090_82,s-1.449415338,s2.398820430,s100.002954100
090_83,s-5.351704011,s4.271869632,s131.137520617
090_84,s2.831828396,s4.354887595,s115.614512299
090_85,s-0.193947908,s4.090995830,s210.187271060
090_86,s1.940183102,s-1.181018846,s69.897513010
090_87,s0.831858694,s2.985668772,s347.215154468
090_88,s3.344197782,s-0.445775877,s25.047195627
090_89,s2.268369559,s0.964925966,s302.197270053
091_0,s-5.053825592,s-1.286785904,s80.160665581
091_1,s-3.454986206,s-4.424918056,s157.249965767
091_2,s-4.527409489,s2.627440233,s337.098002612
091_3,s-3.210067146,s-3.037524811,s227.823506239
091_4,s-4.263143521,s1.748659255,s6.885391903
091_5,s2.524921652,s-3.322328899,s204.798353319
091_6,s2.114591393,s-2.243736859,s147.742632005
091_7,s3.665638041,s-3.492098698,s278.849797165
091_8,s5.314596243,s2.368063854,s86.017430271
091_9,s3.882029795,s-5.206516470,s250.237043746
091_10,s-1.610082871,s-4.193474739,s168.540227717
091_11,s-4.497599633,s-1.135560261,s231.032548463
091_12,s2.049700741,s1.935457609,s117.541942541
091_13,s-0.543508060,s2.129304424,s199.457509294
091_14,s0.565126558,s-5.271417070,s162.347454316
091_15,s5.180479945,s5.238622383,s26.120850618
091_16,s-5.047641359,s1.524917176,s185.971138291
091_17,s3.950187040,s5.234126707,s358.235666474
091_18,s2.745916550,s4.918775224,s96.106216545
091_19,s1.549138810,s-3.821496158,s54.537260256
091_20,s-4.578399105,s1.019030538,s1.710495452
091_21,s0.282605292,s0.308686615,s272.755110136
091_22,s3.031551459,s-4.566803345,s122.614258593
091_23,s0.517418562,s-0.109337526,s194.608093335
091_24,s-4.787945463,s-3.170263157,s94.335148545
091_25,s0.328186213,s2.506784683,s304.080455713
091_26,s5.151753699,s-2.515851806,s282.148400055
091_27,s-2.382720682,s-1.366193842,s83.380564593
091_28,s1.369675152,s-2.450556861,s83.805905945
091_29,s5.357931507,s-5.248453641,s195.640429986
091_30,s-2.682988680,s3.884177411,s342.695212139
091_31,s-2.396018396,s1.458679644,s333.653672863
091_32,s-4.480789297,s-5.036386101,s291.109596742
091_33,s-1.309514612,s4.772305940,s128.415462060
091_34,s4.255322047,s3.784454331,s153.094938314
091_35,s-2.686771700,s-4.493754129,s102.942545459
091_36,s-0.165969854,s-1.565740717,s87.751308569
091_37,s4.937132124,s-0.952480944,s246.679998684
091_38,s4.702080185,s-0.134889310,s71.340176628
091_39,s0.610061491,s-2.134631895,s33.221808586
091_40,s0.627893183,s1.350309576,s147.777481041
091_41,s-3.621873923,s-1.435222940,s137.812058270
091_42,s-1.138465540,s-0.848912409,s146.830216181
091_43,s-1.294219035,s2.841216271,s352.731013200
091_44,s-5.133890335,s-4.346193894,s90.653180185
091_45,s-2.129701835,s3.816519103,s103.000777373
091_46,s-0.737672893,s4.619195828,s103.107200498
091_47,s1.939301321,s2.279722281,s304.264084352
091_48,s3.704611769,s4.577041922,s224.984947841
091_49,s0.959168834,s-3.445860211,s338.317982804
091_50,s-2.995655995,s-2.613956975,s167.258838633
091_51,s0.114614971,s3.994711740,s33.269805795
091_52,s-2.649843921,s5.115071805,s328.671350882
091_53,s5.081656199,s3.255811542,s25.551709926
091_54,s-2.930869156,s4.365591369,s292.419821047
091_55,s2.136691479,s4.756599655,s124.927512360
091_56,s-1.119406667,s-0.153060555,s48.260116233
091_57,s5.362017840,s4.405866473,s37.292186900
091_58,s4.670803516,s2.274785861,s109.882281776
091_59,s2.383856324,s5.148258631,s270.394276113
091_60,s-2.534310853,s0.086193439,s261.869386353
091_61,s-4.385451992,s4.556550364,s240.219439035
091_62,s-0.667932860,s2.291924061,s63.938919675
091_63,s-0.637824015,s1.392083684,s188.528358218
091_64,s-4.914753539,s-0.062093001,s59.702891348
091_65,s1.122014729,s-1.443045357,s61.829933126
091_66,s4.903180030,s3.886820397,s104.849751565
091_67,s4.406300120,s-4.233484897,s233.352878098
091_68,s1.170837822,s-0.567457051,s245.920822905
091_69,s-4.198920659,s4.801484167,s64.062543218
091_70,s-3.922116138,s-5.016641231,s131.378227511
091_71,s-4.932187533,s5.164576412,s346.271212745
091_72,s0.403050037,s-0.839602713,s225.154669636
091_73,s2.255504956,s4.037714069,s222.361256581
091_74,s-2.274924980,s1.291964619,s218.834560462
091_75,s2.868350411,s0.594866907,s281.602643958
091_76,s3.328357333,s3.185148944,s198.408617316
091_77,s0.498765322,s-2.769277552,s23.269593589
091_78,s4.934134093,s0.838977219,s307.672892131
091_79,s3.472885093,s-2.252504407,s101.148065032
091_80,s-3.177773515,s2.378015100,s317.097956984
091_81,s0.604371894,s3.871584628,s7.371721067
091_82,s-1.542166416,s1.725074845,s166.861450366
091_83,s4.324567922,s1.630896383,s145.325397331
091_84,s-4.372159706,s3.070262462,s278.325382373
091_85,s1.561069926,s1.539831514,s229.861961864
091_86,s1.324981547,s3.324438827,s124.447022489
091_87,s1.445818642,s1.130643221,s186.955138030
091_88,s3.459418528,s-2.854629051,s288.645896851
091_89,s2.848210319,s4.493004842,s277.312199221
091_90,s-0.647707450,s-3.652757354,s305.698984807
092_0,s-5.870235228,s-4.854855301,s226.936491327
092_1,s-2.271757711,s2.796669052,s25.920545716
092_2,s-1.824204549,s-1.246647132,s235.418434697
092_3,s-3.871993345,s-4.884354909,s238.889581113
092_4,s3.518616911,s-2.377966163,s117.021883300
092_5,s1.044248124,s-0.632031960,s184.742107485
092_6,s-0.453425982,s-0.307747841,s100.972309636
092_7,s1.204740912,s-3.772935011,s191.665783520
092_8,s5.714187649,s-5.747194095,s169.655103971
092_9,s5.026133191,s-0.784977848,s275.077869541
092_10,s1.975844461,s-1.438442579,s315.281986061
092_11,s-4.249365276,s-2.661802056,s329.537135339
092_12,s4.277069062,s0.194345273,s208.932721591
092_13,s-3.169872264,s-4.732182842,s57.665357884
092_14,s-1.906633737,s5.806817093,s247.264218118
092_15,s0.440803347,s-3.425819270,s260.767339490
092_16,s4.919619177,s0.362253833,s354.380403322
092_17,s-2.235988366,s-3.965431933,s3.412122089
092_18,s-2.573699310,s4.103164397,s237.629064710
092_19,s2.903306829,s0.641530715,s332.332706779
092_20,s6.045639445,s-3.765688426,s37.192224060
092_21,s-1.454408478,s3.129317646,s171.287841961
092_22,s-5.342994606,s5.476098976,s285.107533456
092_23,s-2.557117698,s-3.594130675,s190.048736575
092_24,s-5.944780615,s-2.676570689,s129.274565518
092_25,s2.802183676,s1.952824960,s204.784873702
092_26,s-4.631578727,s-1.739995931,s341.876192815
092_27,s-2.495995358,s5.178224138,s183.848892374
092_28,s-5.679109820,s-3.549158132,s25.524454632
092_29,s1.449251312,s-3.208689943,s347.755540403
092_30,s-1.128652365,s-1.513513524,s287.758092577
092_31,s1.209450284,s0.746790588,s73.852840293
092_32,s2.803482676,s-0.130756422,s155.450554078
092_33,s-4.019883289,s4.444055082,s132.536760711
092_34,s-5.966315509,s3.495238910,s198.528777559
092_35,s-5.254519948,s1.324968450,s152.448860198
092_36,s-4.539328453,s-1.343648191,s265.423578208
092_37,s5.123266694,s1.692660420,s149.470018147
092_38,s-1.504470202,s-3.765684280,s84.941246932
092_39,s-0.972458821,s0.088087117,s238.408371714
092_40,s5.927168053,s3.319074438,s87.664766944
092_41,s5.197031941,s4.304928218,s239.522259266
092_42,s2.034870228,s-2.414193317,s95.164558263
092_43,s4.599267593,s3.538578177,s315.854291279
092_44,s-4.732959935,s3.314045879,s122.909533085
092_45,s2.582875017,s2.554385738,s346.530979824
092_46,s-4.097321705,s2.591119921,s329.988727602
092_47,s-3.438217476,s3.536140712,s43.784318208
092_48,s-0.026549082,s4.277861259,s205.692171047
092_49,s-0.113692713,s-2.298672994,s175.219697898
092_50,s5.679378921,s-0.299337168,s61.380534343
092_51,s6.060363039,s1.630627496,s223.930852568
092_52,s2.052676389,s0.414260368,s150.986595507
092_53,s5.145022680,s2.966166632,s296.185514758
092_54,s3.840115489,s3.003460963,s191.803703908
092_55,s-0.699779134,s5.557493354,s342.355087940
092_56,s-5.181193733,s4.678645322,s35.164536454
092_57,s0.375363415,s1.149326815,s81.341405499
092_58,s1.681211049,s5.456575113,s27.840397246
092_59,s1.217236000,s4.734848061,s191.769520178
092_60,s1.343901477,s-5.339038283,s279.813533922
092_61,s-0.769760996,s1.866795937,s192.214816003
092_62,s2.092643844,s5.599167146,s258.669302732
092_63,s3.102568787,s5.160703061,s185.180137862
092_64,s5.022860742,s-3.581557100,s321.182953761
092_65,s4.308329432,s4.613853215,s268.249006291
092_66,s-5.943852667,s4.285144686,s226.706125891
092_67,s-5.854203825,s5.842403157,s107.919685440
092_68,s-4.257633215,s5.819611124,s333.281127910
092_69,s-2.916693986,s1.856896292,s59.398951602
092_70,s-0.988080339,s0.988489206,s233.437578278
092_71,s5.833776608,s5.777351500,s79.013262619
092_72,s-1.714110767,s4.563835373,s75.629151161
092_73,s6.021372754,s2.480209096,s139.559797519
092_74,s0.678241882,s5.645704288,s275.920085586
092_75,s-1.327447851,s2.746268627,s223.407612789
092_76,s1.666171494,s-2.531351716,s226.122267384
092_77,s-5.475218624,s2.654966956,s207.603479173
092_78,s-5.351577145,s-1.594376506,s268.230169909
092_79,s1.710139168,s3.266945315,s322.528196056
092_80,s1.666619839,s1.138380944,s46.004617421
092_81,s-3.670016534,s-0.636578441,s189.712652015
092_82,s-0.567997013,s-5.236535441,s293.615063714
092_83,s0.198751412,s3.240630221,s55.238119189
092_84,s3.342371977,s2.823738142,s122.590202077
092_85,s3.237690579,s1.401652849,s110.436960856
092_86,s5.885302739,s5.366977162,s4.464162877
092_87,s4.417793418,s-2.917643086,s17.175021989
092_88,s-3.575041260,s4.755575432,s127.323722079
092_89,s-1.160557621,s3.764418254,s207.732570338
092_90,s0.595544803,s1.652609200,s106.637979119
092_91,s-2.930986771,s3.752939517,s322.494056824
093_0,s-5.115161591,s-5.551132358,s160.921734889
093_1,s-5.835456251,s-3.092452922,s121.795350320
093_2,s-2.138502372,s2.525807024,s29.363271767
093_3,s-1.192483930,s-4.401125616,s107.807445805
093_4,s-4.439459062,s-5.579842781,s175.596758752
093_5,s-2.145888046,s0.317422331,s249.802160080
093_6,s5.417377279,s-4.487668214,s260.622499793
093_7,s2.375973834,s-6.055355321,s16.052449561
093_8,s-2.914798980,s-4.401718787,s275.837299964
093_9,s6.120677393,s-6.529131474,s244.592188213
093_10,s4.619621809,s-2.245246252,s359.730706621
093_11,s-3.615446329,s-1.131016801,s213.766523205
093_12,s-6.439301947,s-2.472827350,s283.700823817
093_13,s-3.947130658,s1.842575927,s278.275239325
093_14,s0.786905518,s-2.798895439,s258.395571676
093_15,s1.617302972,s-3.534457747,s16.545049899
093_16,s1.333393404,s-2.125369061,s76.560172235
093_17,s0.121120937,s4.114113270,s29.083573166
093_18,s3.284227640,s-6.361263405,s15.622156865
093_19,s6.107368217,s-1.530234931,s153.332987567
093_20,s6.384698109,s-2.436657933,s161.156682515
093_21,s6.475763603,s1.056797373,s66.293336927
093_22,s-5.673698238,s-0.093588144,s225.324921278
093_23,s-3.292366192,s-0.704880629,s143.897143985
093_24,s-5.668293196,s-4.004196521,s64.297880565
093_25,s3.785638545,s-0.680295975,s240.782294623
093_26,s4.424469249,s6.040994291,s282.186605174
093_27,s-1.337640689,s3.761481115,s3.424621189
093_28,s5.404098563,s1.705129274,s4.648213136
093_29,s6.228235763,s4.602480578,s348.518245216
093_30,s1.879962410,s4.578178179,s75.821375772
093_31,s2.999216134,s0.838601142,s94.107324401
093_32,s0.632340893,s-0.572531228,s133.534909034
093_33,s-1.062957006,s0.710102716,s154.940643710
093_34,s-3.459386097,s0.796000307,s256.202522240
093_35,s-5.075466394,s0.886899385,s271.176046830
093_36,s-0.450538830,s0.497637864,s248.634136939
093_37,s0.006663050,s-1.118279948,s112.264207045
093_38,s5.133308050,s6.027651012,s306.705065304
093_39,s4.117404796,s6.101154537,s340.629610960
093_40,s-2.427385957,s1.230895832,s218.618076689
093_41,s2.154229943,s4.043785359,s17.564274774
093_42,s0.977425288,s4.335869144,s250.461274857
093_43,s1.370066747,s-1.266581020,s106.909452458
093_44,s-1.108757870,s2.615533760,s156.376241622
093_45,s-2.235629767,s-3.415153050,s143.314047342
093_46,s-2.275962710,s-1.278071567,s238.689617873
093_47,s-6.460713126,s-1.286268011,s3.855956583
093_48,s1.151473163,s2.694573116,s32.690692421
093_49,s-6.442267506,s4.384143396,s30.085326923
093_50,s-5.251839801,s3.032565803,s224.355604117
093_51,s2.885172788,s5.316912133,s303.984676220
093_52,s0.804715981,s3.738362454,s162.485086473
093_53,s3.497323057,s2.500471120,s245.580888653
093_54,s3.472205202,s4.892148042,s308.822955716
093_55,s0.027816672,s-4.533536308,s28.254510872
093_56,s-3.111915965,s3.977007471,s260.005726075
093_57,s2.718736019,s-1.332477502,s86.470882131
093_58,s2.472127952,s2.173984009,s315.734273771
093_59,s-0.915042316,s-1.465866097,s350.369819747
093_60,s5.540638479,s-1.676406702,s200.338726906
093_61,s5.354223940,s4.094073339,s172.729754050
093_62,s5.430717485,s1.022784688,s296.168539130
093_63,s-3.295596475,s5.051219393,s192.238266898
093_64,s6.408938185,s0.255440100,s149.821701766
093_65,s3.708941704,s1.364318003,s250.783785389
093_66,s-6.375427013,s0.536652642,s212.961893204
093_67,s-6.359448584,s1.978590042,s17.222328091
093_68,s-4.096041852,s4.344466371,s266.082136303
093_69,s-5.200159372,s2.009660608,s243.690950173
093_70,s0.645082585,s5.812672796,s265.344526483
093_71,s-5.711083784,s3.238792559,s132.667602074
093_72,s4.295402295,s3.056243932,s0.391831574
093_73,s0.782766541,s0.120751508,s77.324716981
093_74,s2.004975215,s5.732887854,s80.771428709
093_75,s6.463007552,s2.691483117,s164.796964512
093_76,s1.077251457,s5.001304354,s91.887502101
093_77,s-2.273785752,s4.979705672,s352.246388373
093_78,s-5.324172012,s6.108100183,s17.186617494
093_79,s-1.821286713,s4.352862984,s240.264836242
093_80,s-1.064504183,s4.875844578,s12.867020014
093_81,s6.244830028,s6.077809694,s118.625406847
093_82,s-0.919392089,s6.100989619,s279.499570363
093_83,s5.145469631,s2.977147381,s205.098367681
093_84,s6.239707737,s5.259356303,s210.866453255
093_85,s4.388483673,s3.705669376,s300.451244495
093_86,s3.944385616,s3.956729929,s74.816677907
093_87,s-0.460930977,s5.915234153,s26.147614007
093_88,s-4.462053977,s6.051644615,s49.001384926
093_89,s-4.013290367,s5.972634460,s149.064146152
093_90,s-6.409805428,s5.997400162,s298.798408377
093_91,s-4.705756380,s5.329292959,s282.499501252
093_92,s-1.514816190,s5.458160047,s142.750387994
094_0,s-6.030210593,s-3.410238081,s242.936374820
094_1,s-4.304259586,s-2.117907552,s70.810637715
094_2,s3.110561222,s-5.671574443,s231.982866037
094_3,s3.329574941,s-5.133634972,s326.150446180
094_4,s-3.956579187,s-5.992770351,s63.386241954
094_5,s1.345510522,s-5.530435333,s250.393870801
094_6,s4.565280960,s-2.311393623,s163.976696943
094_7,s3.467942973,s-1.631191198,s183.301572371
094_8,s3.228873926,s4.012813121,s272.096667650
094_9,s3.429380155,s-6.200742143,s18.629101653
094_10,s5.422987342,s-5.383391963,s64.814064291
094_11,s2.018228305,s3.919547282,s243.327898421
094_12,s-5.585672977,s-4.628271576,s328.843437614
094_13,s-4.343024216,s-4.699940970,s145.584308779
094_14,s-0.246578578,s-4.180802161,s289.863313321
094_15,s5.144159803,s4.112498142,s225.588104460
094_16,s-4.718983219,s3.727357853,s188.793644495
094_17,s4.950947013,s-3.312512012,s200.582741792
094_18,s5.978234461,s0.700473174,s233.533892033
094_19,s2.266994808,s-2.249185946,s110.521036637
094_20,s5.883231512,s-2.430515092,s108.769953260
094_21,s-0.581058606,s2.440232491,s4.964355989
094_22,s-1.705398239,s0.503212150,s186.751599965
094_23,s-4.000375344,s4.239018380,s55.775428481
094_24,s-4.851840936,s4.052564454,s148.240866032
094_25,s-0.287409189,s5.725785653,s129.089844042
094_26,s-5.683270915,s-6.181789218,s3.262906581
094_27,s2.582757234,s-0.468507804,s22.330016474
094_28,s-3.652774812,s-0.731747104,s328.304717563
094_29,s-2.104029059,s-3.667523314,s351.689777185
094_30,s0.071584493,s4.724027070,s234.632870423
094_31,s1.505403330,s-3.245325702,s126.475787852
094_32,s0.059177261,s-5.933498850,s253.654702958
094_33,s-5.289499949,s-3.330835667,s269.422481238
094_34,s3.339006892,s0.076264480,s280.227654487
094_35,s0.416660137,s-0.938127895,s272.813334992
094_36,s-2.893575877,s3.377254134,s338.834181337
094_37,s5.812440637,s2.855161636,s89.949255201
094_38,s-4.584639396,s0.659162590,s342.268692300
094_39,s-6.226419314,s0.371723730,s186.111899663
094_40,s2.614706767,s0.507292858,s191.682813919
094_41,s5.998439387,s-1.204614638,s90.618748871
094_42,s-3.013940025,s-3.053522047,s76.920971707
094_43,s6.060873963,s1.126100274,s216.173881295
094_44,s-5.656690037,s4.674774221,s13.100973367
094_45,s-5.290980150,s-0.540251728,s170.708037498
094_46,s-1.741691363,s4.815332915,s18.055502959
094_47,s-0.741942431,s-0.191761730,s1.177007345
094_48,s1.646678234,s4.872033999,s280.476940976
094_49,s-6.000922882,s-0.828990645,s14.707755306
094_50,s-5.672943424,s3.187893396,s83.826218896
094_51,s4.966469512,s0.196591005,s133.588927166
094_52,s4.801679800,s-1.606292519,s17.311028301
094_53,s3.646722565,s1.386665880,s73.752276407
094_54,s1.659213272,s3.227097523,s134.981960493
094_55,s-6.288633710,s3.295146904,s155.404491584
094_56,s-4.050892181,s-3.377167064,s352.918364183
094_57,s-5.061946844,s1.582837956,s34.782264906
094_58,s-3.578127738,s5.097916154,s166.901642505
094_59,s5.938790905,s3.228058650,s78.791163711
094_60,s0.585409391,s0.866852931,s28.035659606
094_61,s-2.064033637,s-5.365878756,s127.613165592
094_62,s2.189288859,s-4.412963231,s337.809387175
094_63,s4.244340935,s4.953517570,s322.910134306
094_64,s2.218044579,s2.498198952,s243.442139625
094_65,s0.775676485,s4.864839892,s309.822261778
094_66,s0.769390656,s5.638813182,s22.766964097
094_67,s-3.644434398,s0.063148296,s182.777448553
094_68,s-1.503289633,s-0.338986623,s157.408957460
094_69,s-6.210668401,s1.362209634,s30.361592068
094_70,s2.468915998,s4.123253521,s187.501470785
094_71,s2.341965429,s1.271439164,s39.027649789
094_72,s0.708858567,s5.603478282,s56.303217251
094_73,s-2.536547316,s5.099337152,s328.804071933
094_74,s5.309830481,s2.712321108,s0.784541886
094_75,s4.528889138,s1.121865250,s216.188417995
094_76,s0.341597886,s3.476768342,s149.379819015
094_77,s-5.342443885,s5.148871969,s227.694441263
094_78,s1.263010268,s3.534766695,s147.856575833
094_79,s-5.226717291,s5.745074402,s301.281376474
094_80,s-3.828923915,s1.223520989,s79.227383043
094_81,s0.547372904,s-1.728236791,s292.484489819
094_82,s-1.868892342,s2.697722334,s151.423095102
094_83,s3.175233540,s5.638033943,s134.638299665
094_84,s-2.880552127,s5.686959673,s88.975679284
094_85,s-2.018406966,s5.328007995,s228.258921953
094_86,s1.413889933,s0.269926971,s148.886763117
094_87,s6.045945277,s5.712730264,s73.944153532
094_88,s-5.726014863,s1.343623646,s341.339561427
094_89,s-6.098608478,s5.597051198,s171.446217779
094_90,s-4.425128217,s5.733029515,s328.374092688
094_91,s2.532260236,s5.378555631,s306.277269196
094_92,s-1.556479524,s1.963965039,s203.780221231
094_93,s5.607867437,s3.371460194,s120.374423112
095_0,s0.899813968,s-1.501053343,s78.492029894
095_1,s-4.751184065,s-0.331111457,s60.174041799
095_2,s-6.331829135,s-2.611802782,s61.544392330
095_3,s-4.868536738,s-2.645887390,s66.399624532
095_4,s-4.567802056,s-4.454299444,s347.880746093
095_5,s2.755372542,s-1.941624055,s211.784049896
095_6,s4.365092607,s-4.565617808,s100.206935027
095_7,s3.690324142,s-5.643145448,s297.597816327
095_8,s5.082328032,s2.457859037,s145.605512714
095_9,s2.355743354,s0.108475570,s199.644331190
095_10,s6.258258073,s-4.599549011,s283.796133269
095_11,s-1.692746936,s-1.246608764,s257.771410004
095_12,s-5.676217012,s-3.827964673,s245.182946312
095_13,s0.481731960,s-6.268097643,s168.694056909
095_14,s-6.258325032,s-1.593061018,s18.401717823
095_15,s-0.285320944,s0.094060139,s316.282422062
095_16,s6.293052504,s3.099863667,s51.221823111
095_17,s-1.305944063,s-2.248880943,s354.705397983
095_18,s4.274544685,s-5.427700660,s242.976872140
095_19,s3.706698867,s5.634520315,s323.096412779
095_20,s6.237325244,s4.353366215,s8.551707256
095_21,s4.710330606,s-3.724232013,s100.586864612
095_22,s0.419368709,s3.963569301,s256.450594440
095_23,s-5.927806112,s5.230357582,s209.229832798
095_24,s0.379163827,s0.066395467,s58.819474554
095_25,s-2.474941787,s3.173367080,s26.528109311
095_26,s-4.785823919,s0.738434181,s215.708267361
095_27,s-5.910302014,s0.640724495,s316.753857251
095_28,s2.931503576,s3.217831168,s170.829660473
095_29,s0.097531928,s-5.259621409,s355.582090954
095_30,s5.744426605,s6.273309037,s221.713158557
095_31,s6.235321650,s-2.738692188,s357.839431258
095_32,s3.794603451,s-3.740844807,s323.161967285
095_33,s-6.363431359,s4.047618470,s212.682019025
095_34,s-1.463447275,s5.840082531,s97.989732489
095_35,s-3.370295213,s-1.529231825,s334.880362698
095_36,s1.591359587,s1.223076198,s109.352555189
095_37,s-5.406241939,s5.399039239,s185.499453663
095_38,s3.703297644,s1.695216059,s335.637989055
095_39,s2.206970816,s0.759549728,s256.875549612
095_40,s-2.544277965,s-3.739695372,s279.991830348
095_41,s3.941921228,s4.832496112,s219.960986350
095_42,s1.051661203,s0.281210719,s80.224010377
095_43,s-1.095900922,s0.186143508,s170.328082038
095_44,s-6.099127216,s1.940109081,s271.947513207
095_45,s-6.288144548,s1.445964095,s284.275578495
095_46,s-4.267330590,s4.102606387,s331.874672448
095_47,s-2.065830245,s-2.992369730,s251.840605899
095_48,s5.400225956,s5.439788245,s28.215712125
095_49,s-3.724203697,s-0.458227871,s37.280173980
095_50,s-0.504563761,s-2.526982563,s324.686647988
095_51,s0.513363143,s-4.345349179,s81.763085001
095_52,s2.399502076,s-2.901844330,s162.547159509
095_53,s3.017327241,s5.601273560,s343.036252688
095_54,s5.514178275,s-0.264676071,s86.403595226
095_55,s-5.782889596,s4.213374318,s180.666838474
095_56,s-5.534558971,s3.115789089,s297.874535174
095_57,s-5.354171701,s4.683719168,s3.760540451
095_58,s-1.460954053,s2.095162290,s228.624433387
095_59,s-0.371720021,s1.307612957,s117.901208379
095_60,s-5.377914382,s3.777233836,s353.341927243
095_61,s3.243101895,s4.079609026,s17.003564520
095_62,s6.277663760,s0.731624005,s34.322066163
095_63,s5.595472550,s1.963339218,s98.562209741
095_64,s1.460356916,s3.986571141,s305.338425618
095_65,s3.183320736,s1.032754016,s133.315773313
095_66,s-5.220591990,s6.185248503,s235.748023989
095_67,s2.559364321,s2.030078238,s79.587710143
095_68,s0.843698910,s5.666898453,s304.233314008
095_69,s-2.162689054,s0.522281519,s216.385359988
095_70,s-1.711345730,s-1.813562023,s221.123324556
095_71,s-4.012048621,s2.581189246,s68.293737859
095_72,s0.869677807,s-2.986121166,s26.606421491
095_73,s2.336428016,s4.432481375,s240.024583125
095_74,s2.212218064,s5.034056160,s75.722293370
095_75,s5.073349338,s4.792502603,s289.935001441
095_76,s6.314508485,s6.280297575,s15.128174635
095_77,s-3.737657072,s2.366474242,s355.515408521
095_78,s-6.393987058,s6.140542492,s2.067789333
095_79,s-2.643896312,s4.734931589,s167.727900912
095_80,s-0.149116803,s3.592394445,s329.890056054
095_81,s4.513061234,s-0.715453217,s15.792908112
095_82,s4.504363607,s2.688510930,s323.957438928
095_83,s-0.860738198,s5.368502088,s330.583307711
095_84,s-4.184023704,s3.713211044,s190.163875736
095_85,s4.072203156,s2.410347476,s220.941988854
095_86,s4.928932653,s6.286683756,s172.532825449
095_87,s2.531461646,s6.170642378,s131.048790553
095_88,s-3.329739887,s5.797671883,s321.023402963
095_89,s-3.950980017,s6.141518393,s354.852910307
095_90,s-1.773642453,s3.973505935,s179.208105447
095_91,s-2.591861945,s5.921893979,s260.228212366
095_92,s3.690444604,s6.332161044,s102.189358217
095_93,s1.318218638,s6.178847154,s253.917224295
095_94,s3.716330027,s3.294662898,s15.762345996
096_0,s-4.193669678,s-1.540218263,s251.657954776
096_1,s-2.121845440,s-1.666852996,s212.659394042
096_2,s-4.675082123,s0.976849940,s87.315743584
096_3,s-4.434179557,s-1.770125099,s135.576246646
096_4,s-4.314825657,s3.292643007,s82.168194660
096_5,s0.965526466,s-0.580018586,s258.497204077
096_6,s0.268484532,s-5.915290182,s147.927669039
096_7,s1.816163679,s-1.811490279,s36.852574567
096_8,s0.562542185,s-4.606016449,s236.412384507
096_9,s3.310063120,s5.512475754,s54.123632498
096_10,s1.102689892,s-3.156763739,s36.401517076
096_11,s-5.331127931,s-0.934248549,s104.463049891
096_12,s-5.297677503,s-5.806118217,s186.712348420
096_13,s4.542880048,s-1.450152371,s250.613028271
096_14,s-0.214035562,s-1.221539413,s206.293887106
096_15,s-5.299559046,s3.158185890,s81.486416660
096_16,s-2.632257182,s-2.965192108,s343.197894339
096_17,s-1.467955340,s3.529813297,s49.805216421
096_18,s4.994861701,s-5.669018188,s150.406158899
096_19,s1.414678623,s0.837623524,s86.699287338
096_20,s5.640912003,s-5.485271420,s75.568385484
096_21,s3.335384756,s-3.088736983,s75.316850761
096_22,s-5.893443656,s2.228716929,s112.429813770
096_23,s-5.947416998,s4.969883876,s65.572930618
096_24,s-3.854472377,s-1.053960994,s144.819635954
096_25,s-3.129348887,s-5.531480627,s65.270726926
096_26,s2.860494366,s4.537355273,s179.448127067
096_27,s-3.364632505,s-3.974218067,s175.812709264
096_28,s3.980120586,s3.361022803,s336.070960490
096_29,s1.986670710,s5.949641455,s356.804629439
096_30,s-2.850228475,s3.762299184,s291.909066487
096_31,s5.552638311,s-2.318948255,s302.938195846
096_32,s2.322822438,s-2.879107047,s99.793120399
096_33,s-2.486862347,s2.351341858,s26.154733272
096_34,s0.569424030,s-2.491456080,s324.008594734
096_35,s-5.444338636,s-2.640931094,s73.888678754
096_36,s4.524522959,s1.150192357,s271.233697392
096_37,s-2.092544016,s2.625956405,s3.441752874
096_38,s3.047751754,s-6.006737841,s31.092535517
096_39,s2.046459620,s-4.578049998,s301.748758870
096_40,s-0.265454394,s1.978274912,s325.820428555
096_41,s-1.951511317,s-6.006737841,s202.016675450
096_42,s0.149639130,s5.753387307,s168.959485231
096_43,s5.700975853,s3.524008276,s60.971431068
096_44,s-3.227855965,s5.515866712,s187.193476362
096_45,s-1.634913237,s-4.589722881,s2.710998001
096_46,s-3.004087938,s1.005845918,s301.575873417
096_47,s-4.450396380,s2.102297794,s153.349180538
096_48,s4.200660484,s-0.846187646,s170.325038045
096_49,s-1.625883454,s-0.529642659,s252.118136218
096_50,s-4.306181343,s-3.404454257,s10.866913448
096_51,s1.748854742,s3.252149617,s335.352509066
096_52,s5.217784196,s2.934281158,s20.234473346
096_53,s3.649381284,s4.171635547,s118.706202875
096_54,s2.314707875,s5.284928212,s250.914234012
096_55,s-3.376345830,s4.810309284,s339.254479954
096_56,s-5.630823996,s0.925214780,s338.518411957
096_57,s-4.905702541,s-0.423359764,s341.042110948
096_58,s-4.401028809,s5.052406673,s63.505954690
096_59,s-6.049808048,s5.975364842,s239.513776011
096_60,s5.040755853,s4.778065760,s37.600777107
096_61,s3.944293350,s-2.562174689,s185.257122165
096_62,s-0.286032474,s4.126262911,s56.272483809
096_63,s4.921726765,s-0.354740552,s215.218835364
096_64,s1.441858990,s2.236141478,s245.139263052
096_65,s-0.487627766,s0.107358972,s278.193205215
096_66,s-2.421455514,s5.860075596,s46.028407516
096_67,s-1.082608697,s-0.848569856,s32.779505719
096_68,s-5.563981937,s4.593372556,s293.511511885
096_69,s0.364717854,s0.937707828,s238.681457045
096_70,s-1.461571099,s2.477448232,s286.977302572
096_71,s3.940562680,s1.375959204,s54.082355879
096_72,s5.733389457,s1.020824054,s3.978562297
096_73,s5.744632615,s-1.177128265,s108.776943311
096_74,s5.888480821,s0.219235520,s259.788036096
096_75,s0.083210737,s-2.636006600,s293.604074766
096_76,s3.571775988,s5.959142736,s192.783241650
096_77,s-1.241801668,s4.480122443,s212.260919837
096_78,s-3.703062274,s5.344319079,s153.515988888
096_79,s5.645412789,s4.662681079,s305.872801114
096_80,s-0.794793832,s5.627108886,s118.396274292
096_81,s5.938957005,s5.469871460,s215.688921572
096_82,s3.323460839,s3.007904854,s238.813063471
096_83,s-0.054500955,s2.921495726,s313.756445481
096_84,s5.899756332,s5.910275371,s25.427900352
096_85,s4.270148021,s5.540728375,s219.627647166
096_86,s-1.644220817,s1.323409478,s328.902220354
096_87,s1.405004773,s5.852772839,s60.160112857
096_88,s-4.857554716,s4.309144439,s155.385640282
096_89,s-6.036021911,s3.599416068,s339.299601827
096_90,s-3.088546557,s3.450914318,s261.773122018
096_91,s2.937849716,s5.971385960,s198.784477745
096_92,s-0.635125502,s5.981524788,s130.481623032
096_93,s-1.501226514,s4.962673502,s77.078951564
096_94,s2.844793195,s-0.267640182,s240.775508703
096_95,s3.878922461,s2.419953527,s350.643281548
097_0,s-5.608240608,s-6.064754969,s20.218147907
097_1,s-4.963060028,s-2.940891440,s14.594707474
097_2,s-3.710817084,s-0.399580035,s153.083292850
097_3,s-5.038765164,s-1.111969942,s252.170548260
097_4,s-3.272120730,s-5.096053367,s322.269567647
097_5,s-2.138445437,s4.552406205,s157.992867649
097_6,s-2.859255419,s-3.098382808,s241.106150526
097_7,s-1.354357811,s-3.259790290,s320.565426463
097_8,s-1.316891308,s-0.385254300,s304.212207905
097_9,s1.881974342,s-2.031556851,s120.964039492
097_10,s4.104702909,s-4.926323403,s12.936414030
097_11,s-0.192536949,s0.097814905,s284.211013450
097_12,s-5.610343362,s-3.622398393,s209.242667212
097_13,s-3.411920338,s0.231646521,s139.477314068
097_14,s-0.430144715,s-1.648206848,s229.353429143
097_15,s-2.789300323,s-2.612333601,s347.689127895
097_16,s-1.422712679,s-5.713774869,s307.123571984
097_17,s-2.328092538,s5.561981835,s163.476623126
097_18,s2.588069267,s-3.274676298,s286.916166029
097_19,s5.525006291,s-4.058247283,s5.258866693
097_20,s0.582991572,s-5.536363604,s237.524801377
097_21,s5.604292008,s-5.519996778,s181.669938001
097_22,s-4.195821066,s1.865385293,s27.305337728
097_23,s-5.715780389,s1.073779662,s299.353439697
097_24,s-4.584831682,s-4.599507159,s314.529880350
097_25,s-1.162494745,s1.265079852,s234.562692889
097_26,s5.798311831,s-2.869115025,s113.747475494
097_27,s1.345727998,s-4.067242897,s190.838623623
097_28,s0.092766008,s-3.601011446,s277.227958124
097_29,s-0.287638531,s-1.130450703,s240.432787006
097_30,s2.123291547,s-2.774797111,s210.770949324
097_31,s5.424992995,s-0.042590254,s291.815983705
097_32,s3.666426989,s-3.416111168,s166.048790680
097_33,s-4.720005299,s1.155936219,s76.095098332
097_34,s-4.129904358,s5.590637702,s290.087106471
097_35,s-3.588032253,s2.909716080,s90.932620382
097_36,s-1.765002972,s-4.747140917,s357.223826332
097_37,s-5.753224329,s4.545380719,s268.513005592
097_38,s-0.961615039,s4.185036941,s32.513308823
097_39,s-3.798973882,s-2.262799843,s198.190372334
097_40,s2.820126216,s5.524365108,s33.342111160
097_41,s1.496801384,s3.059791395,s50.933367846
097_42,s-0.579104315,s-4.437712098,s285.643193398
097_43,s-0.578374875,s5.244000857,s230.234435544
097_44,s-5.760215301,s-2.341602422,s64.009489279
097_45,s-2.320144239,s4.856789487,s219.001381462
097_46,s-5.725177884,s2.282618134,s343.784161406
097_47,s4.285819248,s1.962213427,s69.412748262
097_48,s-2.222091441,s-0.345273983,s87.829943485
097_49,s-2.898759867,s0.212229708,s153.637299700
097_50,s0.058569135,s2.905535504,s352.684442114
097_51,s3.498532880,s3.443690301,s250.741722550
097_52,s-1.496470806,s-1.874665391,s342.851114690
097_53,s6.068500014,s0.827969479,s100.287775486
097_54,s1.753146540,s1.632843963,s65.627145364
097_55,s1.647813599,s4.088574454,s29.157891609
097_56,s0.347205841,s1.845968462,s34.157425472
097_57,s-4.867360895,s3.359713951,s98.938488505
097_58,s-3.120104161,s4.503361764,s165.795178933
097_59,s-4.154434454,s4.547346866,s185.887426680
097_60,s-0.088383806,s1.566086787,s194.232287901
097_61,s6.049853581,s2.393258938,s327.532658664
097_62,s5.148995833,s2.258480376,s240.481868149
097_63,s-2.647662424,s-0.756489617,s118.600751111
097_64,s4.428181248,s-1.919275449,s28.725723115
097_65,s3.822703261,s1.756592286,s94.199171735
097_66,s-0.606425574,s2.732875247,s217.374850689
097_67,s-5.226007912,s4.020411392,s359.122453937
097_68,s4.494129754,s4.813775755,s178.011567810
097_69,s3.151817432,s1.428435392,s345.647429157
097_70,s1.612146197,s0.716021119,s144.745641200
097_71,s1.076232941,s0.422438123,s252.730713078
097_72,s2.596435356,s4.228843476,s294.007971118
097_73,s-1.190833382,s0.920163630,s42.625297604
097_74,s1.193026148,s-1.276877492,s118.626090210
097_75,s2.397518711,s5.365953680,s343.972309941
097_76,s5.749259579,s4.321699334,s77.364966013
097_77,s-5.113829197,s5.596655010,s61.222731204
097_78,s-3.137686181,s3.174206264,s47.577083501
097_79,s0.120426946,s3.720310392,s108.977385408
097_80,s4.231342840,s5.331778470,s229.205784630
097_81,s-2.411689117,s0.713284608,s55.193287159
097_82,s1.968041564,s-4.620265849,s313.055190494
097_83,s2.817934067,s-1.225733280,s89.860101197
097_84,s0.389291577,s5.262140668,s286.793496892
097_85,s6.068500014,s3.845623345,s18.039825594
097_86,s0.885686971,s4.600391517,s250.447056059
097_87,s3.254439316,s1.072073836,s128.926213393
097_88,s-2.256821595,s4.018959552,s115.576015562
097_89,s-3.139050759,s5.469259622,s45.292474921
097_90,s-3.988965503,s-3.719868122,s315.530219745
097_91,s2.251793637,s5.621650376,s29.248559620
097_92,s3.896281282,s5.373857484,s206.050254922
097_93,s5.368979002,s5.300087466,s245.050526771
097_94,s-3.651076026,s4.219888268,s214.726186342
097_95,s-2.903818777,s1.951942204,s299.763987434
097_96,s5.798165175,s5.567272851,s154.985550565
098_0,s-5.613931312,s-1.594957303,s334.855055846
098_1,s-1.169851414,s-1.747370439,s131.577950259
098_2,s-5.807246270,s-4.582588849,s181.557734336
098_3,s0.387059187,s3.693522118,s36.298079915
098_4,s-1.249652626,s-3.307653117,s147.835733532
098_5,s-4.975246958,s-5.681168586,s142.417498633
098_6,s2.192462757,s2.738521584,s189.137695386
098_7,s5.329953365,s-4.361665882,s4.670172876
098_8,s0.608702272,s2.670648396,s250.732668963
098_9,s2.078917787,s-1.950549008,s89.877614104
098_10,s4.544874407,s-5.463074875,s189.537299923
098_11,s-5.506610029,s-0.569323956,s323.325387651
098_12,s-4.827528963,s-4.077260728,s232.342639039
098_13,s-4.847970827,s4.978561611,s157.538797956
098_14,s-0.245538125,s-0.284764159,s222.368772591
098_15,s5.208756869,s1.551599073,s214.952160861
098_16,s-4.025513395,s-5.040989096,s357.452875282
098_17,s1.355659171,s-1.682369087,s220.477881427
098_18,s3.897502861,s-0.893860556,s240.215141031
098_19,s3.560857602,s-5.043141519,s203.450327962
098_20,s5.677806544,s2.720364506,s199.055292352
098_21,s5.583182012,s-1.869571615,s28.843565574
098_22,s-3.279557909,s1.720564116,s17.571659869
098_23,s-5.789726187,s0.838467121,s25.978728132
098_24,s-2.982262970,s4.294080521,s80.877496266
098_25,s1.209034189,s5.736441656,s272.623485942
098_26,s-5.906478409,s-3.283834753,s357.275651912
098_27,s-4.209323556,s-3.679126264,s275.572206133
098_28,s5.647381203,s-2.783107892,s319.276533762
098_29,s-2.071937690,s-0.065028852,s328.584074788
098_30,s3.084596848,s-3.674271786,s90.814354805
098_31,s2.427345156,s-2.643769795,s13.562921651
098_32,s-2.430652970,s0.692370520,s301.199066972
098_33,s-0.042466800,s5.834540963,s254.199373985
098_34,s4.271002900,s4.015951956,s75.054503813
098_35,s2.263732782,s3.749499759,s325.512471051
098_36,s1.680475273,s4.772227980,s246.856390030
098_37,s-5.001056503,s1.967468848,s334.557846290
098_38,s4.607845912,s-4.127693585,s30.144994492
098_39,s2.494998592,s0.004254310,s98.503912370
098_40,s4.262777481,s-2.248342926,s170.151849201
098_41,s-4.979731272,s3.001637801,s335.904057320
098_42,s1.150404871,s-5.573847172,s15.946462507
098_43,s4.309192372,s2.591852173,s80.589836792
098_44,s-5.789956562,s2.765698006,s134.668303503
098_45,s-5.833679260,s-5.883798476,s197.670243560
098_46,s-1.145907673,s1.714777151,s346.778448401
098_47,s2.526435769,s-1.556912129,s2.451704652
098_48,s3.699880360,s2.086315639,s337.477919972
098_49,s1.216166763,s1.781301742,s61.645348269
098_50,s3.243742858,s0.982983033,s304.930596490
098_51,s2.580969020,s5.841641307,s168.438154561
098_52,s2.973395551,s5.698268959,s341.381938682
098_53,s5.463105881,s5.433886424,s175.310180273
098_54,s5.582994150,s1.196652124,s311.228544324
098_55,s-4.312953159,s2.175613465,s114.513052428
098_56,s-4.407699949,s2.497412343,s323.944343220
098_57,s5.621517832,s4.491976021,s98.662035768
098_58,s-5.712289334,s0.404946436,s76.012669287
098_59,s1.290723083,s-3.292478707,s224.447908881
098_60,s-2.389752910,s5.240569296,s143.963078913
098_61,s5.430751380,s5.793757195,s353.115986243
098_62,s5.762162742,s3.675964152,s245.231430231
098_63,s3.753002506,s4.237198050,s313.474274191
098_64,s3.460831001,s1.137362986,s347.709408751
098_65,s5.030887112,s-0.814849756,s192.134909005
098_66,s-3.427837654,s5.880121338,s266.720098413
098_67,s-1.458111150,s5.426984716,s254.665821950
098_68,s-4.402369210,s3.950537245,s341.087886626
098_69,s-3.398358059,s5.935993977,s332.570071095
098_70,s-2.304734183,s-0.314646704,s60.145781760
098_71,s-3.410530354,s-5.520454126,s54.951018106
098_72,s-5.089214588,s4.738523000,s236.215225565
098_73,s0.545550514,s5.834643343,s337.285100445
098_74,s2.712950211,s4.731548909,s38.107400550
098_75,s-0.534822686,s2.953095137,s206.987120509
098_76,s-3.396151833,s-1.382136244,s297.030936207
098_77,s-2.641863201,s-2.318019841,s12.032588118
098_78,s2.256410195,s-0.325168722,s279.847413515
098_79,s-2.822000149,s1.110186856,s107.909959696
098_80,s-2.145012170,s1.408530748,s182.350046785
098_81,s-5.382629269,s5.814695454,s260.983114319
098_82,s-5.746295104,s2.964521157,s51.419610837
098_83,s-0.179192311,s4.904612806,s146.518532935
098_84,s3.296976644,s2.282651415,s10.862381483
098_85,s0.611966708,s-1.123788753,s173.255883470
098_86,s4.476803288,s5.430431810,s328.095126191
098_87,s2.170029889,s-3.267053748,s164.978735224
098_88,s-2.313591804,s4.368645339,s268.605744606
098_89,s-2.448711826,s5.898902992,s313.751945855
098_90,s0.487281863,s-4.429750303,s119.883022445
098_91,s-4.688180290,s-2.027417022,s150.061543402
098_92,s-5.836585058,s5.810030427,s282.663172617
098_93,s-5.176618161,s-0.293294132,s258.745834426
098_94,s-2.610609292,s5.496614804,s272.592358153
098_95,s0.988357129,s3.768410775,s3.001444643
098_96,s-2.403329615,s-1.989995057,s82.716314235
098_97,s5.197671039,s3.160048435,s173.476757336
099_0,s-5.654274119,s-4.066052339,s287.689357910
099_1,s-5.781478343,s-2.646365655,s168.177774497
099_2,s-4.211720083,s2.580025508,s213.359431349
099_3,s-3.249737511,s-5.790936306,s21.286091334
099_4,s-5.756567103,s-1.781843471,s108.006971414
099_5,s-3.394369488,s-4.042542048,s41.381639956
099_6,s3.604109247,s-3.184034014,s288.727073923
099_7,s0.406125602,s-6.015227627,s155.624116530
099_8,s3.140509041,s-4.506178051,s247.838094135
099_9,s6.064542763,s-3.695919919,s325.338776474
099_10,s5.910608850,s-5.852769844,s258.249994121
099_11,s-0.045768852,s-0.941956572,s350.209064009
099_12,s5.550337829,s-0.527836437,s308.733384030
099_13,s-0.190673993,s-2.859019321,s318.808091288
099_14,s-4.473052975,s-0.945426492,s177.711905648
099_15,s-4.981217389,s-4.300517948,s234.838231871
099_16,s-5.503867866,s1.124968852,s161.287504518
099_17,s6.045758540,s3.472842484,s27.971412480
099_18,s-0.007075618,s-3.929518392,s264.014429666
099_19,s1.698826467,s-5.917411207,s298.417004271
099_20,s6.145179581,s-1.212626126,s104.275564204
099_21,s4.636474284,s5.154525161,s352.228553070
099_22,s-1.759153527,s1.050449634,s321.275115431
099_23,s-3.255247692,s5.320618824,s43.353747983
099_24,s0.471884468,s-2.176542679,s90.391390783
099_25,s-0.217454626,s1.952202264,s258.434334837
099_26,s-4.082854933,s0.238480114,s232.916891114
099_27,s-1.196073183,s-3.203032174,s348.975938605
099_28,s-3.210793947,s-0.209127058,s207.546547153
099_29,s-2.177217650,s4.499649654,s135.545495835
099_30,s0.102066256,s0.282770188,s188.339536351
099_31,s4.681415381,s4.003032314,s186.857474190
099_32,s5.670773599,s0.543878917,s287.067727782
099_33,s-2.477943377,s3.862988112,s118.268433575
099_34,s-2.412208210,s4.885264859,s289.774130337
099_35,s6.196054430,s-1.390066789,s210.582566775
099_36,s-0.828973437,s4.308715591,s331.536957166
099_37,s-2.928560655,s-2.105859398,s60.882713832
099_38,s2.220198538,s3.938370874,s354.334351038
099_39,s5.176593095,s1.432613776,s165.549352616
099_40,s-4.511731634,s-2.388598727,s283.687438274
099_41,s4.539587480,s-5.948781550,s113.473721756
099_42,s1.721243277,s-0.136765782,s15.604962816
099_43,s4.341047927,s1.260527357,s143.626802225
099_44,s-3.587929568,s-3.056584093,s197.127267666
099_45,s-5.205897344,s5.945608577,s3.730369466
099_46,s-3.767300144,s2.401070961,s98.704077641
099_47,s-5.721768838,s-5.446040693,s67.904360595
099_48,s0.342016321,s5.871096054,s38.761604493
099_49,s2.147566033,s-2.420321958,s183.069365090
099_50,s1.361157342,s5.335291560,s303.361999395
099_51,s3.353776298,s0.352170974,s8.676704083
099_52,s3.382573898,s-2.612851792,s216.890045214
099_53,s1.787068168,s0.678642742,s88.576212888
099_54,s5.913221939,s5.928701511,s119.365841380
099_55,s-1.838504880,s4.672385197,s46.159352551
099_56,s-4.938496167,s-1.812620234,s174.400745920
099_57,s-4.701713421,s3.305910614,s318.905459681
099_58,s-1.532954214,s-5.923857154,s114.238181428
099_59,s1.655417983,s4.290441771,s278.998514878
099_60,s4.685493621,s-0.829696485,s73.424926055
099_61,s5.469405197,s-2.718212239,s292.009815791
099_62,s4.882938449,s-3.205151357,s228.742223879
099_63,s-0.135588778,s5.301260153,s158.988886692
099_64,s5.893352965,s4.627765095,s247.923211292
099_65,s1.273583386,s5.998695452,s322.676957240
099_66,s-5.895581731,s2.307151930,s93.775819037
099_67,s3.664467692,s-0.163734388,s215.499613657
099_68,s-2.398765277,s5.863306492,s48.561427899
099_69,s-1.292733798,s6.017794432,s178.580295799
099_70,s-0.540012517,s1.250709091,s83.047975083
099_71,s-0.987340481,s3.254093957,s217.212663773
099_72,s-2.854139988,s-0.547928092,s18.086481087
099_73,s1.210461785,s4.243426047,s295.258029538
099_74,s3.345858805,s4.303477362,s212.826886207
099_75,s3.902500888,s5.883931748,s64.408557664
099_76,s-0.561963859,s5.326240865,s312.384187154
099_77,s-5.330792397,s0.301151552,s216.246273642
099_78,s-4.474072935,s5.798742444,s313.420209039
099_79,s-3.915676117,s3.972302504,s282.213399089
099_80,s-2.694314007,s0.956976225,s304.565755316
099_81,s-5.457275843,s-1.043608477,s347.045558470
099_82,s-5.895581731,s4.071792853,s295.939176669
099_83,s2.922831006,s-2.226433727,s92.906474097
099_84,s3.687226109,s1.130641059,s260.401429222
099_85,s1.306346050,s2.032881212,s203.365624815
099_86,s2.707364434,s5.158762328,s142.218663250
099_87,s-1.323243273,s-2.224810307,s155.546339950
099_88,s-2.024255250,s-0.931830474,s169.981149881
099_89,s-5.869577844,s5.601948142,s279.081823276
099_90,s-5.084697670,s3.019689115,s46.982000411
099_91,s-0.183676001,s3.526049792,s71.698942958
099_92,s-3.446575318,s1.418672323,s108.958955517
099_93,s-3.976427227,s4.122042330,s103.637239350
099_94,s0.733930901,s4.607578441,s63.971377098
099_95,s5.897629478,s2.465408235,s324.305724303
099_96,s1.973120354,s2.817087079,s131.233836017
099_97,s0.547726523,s2.850502592,s346.248294305
099_98,s5.745840783,s4.983098340,s225.053413841
100_0,s-5.746161382,s-4.840405684,s216.067756043
100_1,s-4.802008224,s1.301517546,s97.572420618
100_2,s-5.283129504,s-5.087771591,s56.997498829
100_3,s0.200093384,s-1.076868356,s159.558968089
100_4,s-1.548814362,s-5.681983359,s322.718660065
100_5,s-0.147443616,s-2.996339084,s71.750715337
100_6,s-3.172286945,s-4.745244587,s350.234029148
100_7,s-3.834969557,s1.594599364,s332.251702710
100_8,s5.267316183,s-5.441860732,s228.172090986
100_9,s-1.173668355,s-3.863966142,s56.157658670
100_10,s2.861789755,s-3.572453666,s3.027897291
100_11,s4.329180382,s-5.595684047,s159.581517999
100_12,s-4.542652522,s-3.900058408,s321.985798770
100_13,s-1.341217088,s-0.960988144,s243.613345629
100_14,s-5.725393184,s-2.114565271,s127.889060053
100_15,s4.777051245,s-1.468217306,s346.359074077
100_16,s2.374374194,s-4.111492569,s176.337132353
100_17,s-3.902213855,s0.592797392,s292.538535913
100_18,s5.187096044,s-3.718971047,s85.575650861
100_19,s0.704921125,s-5.713146518,s241.192616924
100_20,s-2.418469383,s-3.068747215,s351.955854320
100_21,s1.637045969,s-1.322168560,s200.999305665
100_22,s-0.354708699,s-4.260122879,s351.997845165
100_23,s-4.517771600,s-1.901760672,s314.668978401
100_24,s-1.487635870,s2.392743583,s187.918732663
100_25,s-2.376505187,s-3.733653052,s49.082865377
100_26,s-0.216368579,s-0.117122991,s70.811364025
100_27,s2.480709374,s-2.969895448,s156.305080726
100_28,s5.570625116,s-2.197992319,s174.040525254
100_29,s-1.540109867,s3.452377225,s239.932857852
100_30,s3.094185152,s4.645067983,s86.429512478
100_31,s-3.950784002,s-1.805379166,s45.337420775
100_32,s4.709462828,s2.724742972,s139.148328068
100_33,s1.264393334,s-5.563612553,s176.826792324
100_34,s-0.482677531,s4.131317503,s280.219652317
100_35,s-5.802664787,s5.728650555,s191.815198356
100_36,s-3.307771026,s5.393855848,s8.493997918
100_37,s-4.751818164,s-1.028306893,s336.168751942
100_38,s5.385470071,s4.367146731,s254.745098325
100_39,s5.793127094,s-2.357385623,s135.939419661
100_40,s-5.268127571,s1.487310448,s139.005987744
100_41,s0.595254493,s-3.186936208,s252.651309533
100_42,s1.682492526,s4.439862815,s33.146838596
100_43,s1.702842385,s-2.765127177,s152.903527849
100_44,s-4.479008045,s5.328713355,s33.601804670
100_45,s-5.685295161,s1.323206412,s49.719280442
100_46,s1.610394107,s3.113909550,s199.301720178
100_47,s3.506166493,s3.542533484,s161.228383347
100_48,s-4.554672970,s-2.962345903,s298.801290611
100_49,s1.071452843,s4.248237595,s127.199905235
100_50,s5.689386144,s5.593802770,s258.487399867
100_51,s2.679135071,s2.408191905,s204.826265333
100_52,s5.322212499,s-0.399001663,s326.170427371
100_53,s-0.565591834,s2.625788890,s145.685315126
100_54,s5.851892970,s2.374636899,s2.409493394
100_55,s-0.183278393,s0.946689341,s135.463563032
100_56,s0.104843861,s5.735142096,s142.955692431
100_57,s-5.802664787,s-1.589501716,s199.694397322
100_58,s5.646012985,s0.686663305,s269.671809500
100_59,s4.445848071,s3.732145435,s300.166312944
100_60,s2.552858329,s4.531334362,s20.026763076
100_61,s0.607608256,s2.712110320,s70.037435446
100_62,s-3.485517100,s-3.446127712,s196.180303784
100_63,s3.825392866,s5.615706867,s111.730832057
100_64,s5.794183489,s-4.728849497,s22.771377954
100_65,s5.801223935,s-1.351810833,s342.255447530
100_66,s-2.362518926,s1.151603182,s223.202579596
100_67,s3.735492341,s-0.252391894,s30.854601890
100_68,s-5.012840000,s2.000358704,s16.245273571
100_69,s1.486621716,s0.474039509,s336.173393292
100_70,s-3.776123565,s5.012630845,s308.544729402
100_71,s-4.124386235,s5.424861664,s159.755691970
100_72,s2.424001223,s3.474526511,s327.600461377
100_73,s-5.107811757,s3.535841948,s239.350503493
100_74,s5.838156163,s1.235062093,s178.129583642
100_75,s0.868555833,s3.173503320,s23.276016248
100_76,s0.272456351,s4.679402861,s335.409628196
100_77,s4.628911729,s2.288328783,s296.299049044
100_78,s-2.688028056,s2.442479362,s218.477798230
100_79,s4.849753128,s3.314818447,s63.351926334
100_80,s2.986332287,s-0.858959801,s12.450538767
100_81,s1.002509183,s5.447127906,s186.651671123
100_82,s0.739788680,s-0.045818399,s327.171865344
100_83,s3.912596618,s0.671205250,s22.927425808
100_84,s2.202518368,s5.602560814,s341.765064515
100_85,s1.208244965,s2.066662315,s171.095100708
100_86,s5.176124855,s5.551878046,s68.292096834
100_87,s-3.637803619,s-0.671334126,s89.282709258
100_88,s-4.139186823,s-0.222438243,s21.876654972
100_89,s-5.665238582,s5.185696255,s5.183152830
100_90,s1.752969002,s1.450154679,s213.717702276
100_91,s-1.409350795,s-2.546588998,s290.915656570
100_92,s4.338136452,s4.261485817,s124.251917660
100_93,s-3.123295081,s5.131064899,s109.927157992
100_94,s-1.394007713,s2.892412452,s21.410431501
100_95,s-4.419788993,s2.800162026,s359.834789902
100_96,s2.864602254,s4.908081288,s154.497451715
100_97,s-0.231132952,s1.261069684,s329.616124843
100_98,s-3.784194809,s3.029747336,s302.841892038
100_99,s-5.681540571,s2.970989490,s98.235446328
101_0,s-5.008084951,s-4.624101736,s44.384268375
101_1,s-3.506262940,s-5.951856829,s357.076889067
101_2,s-0.883546971,s-5.979059074,s73.459339270
101_3,s5.752866963,s-5.089453203,s263.273378797
101_4,s1.991182047,s-0.134034210,s292.872837504
101_5,s1.558615366,s-4.568786400,s312.414505789
101_6,s-3.040948150,s-2.197461343,s183.800845313
101_7,s2.984317479,s3.288447242,s155.196747914
101_8,s5.160526231,s-3.248419530,s117.256517218
101_9,s3.688372561,s-6.319949793,s17.874078407
101_10,s6.197478713,s-4.159922464,s171.969220059
101_11,s-4.876536165,s1.025822399,s262.305730407
101_12,s-0.984651558,s-0.117972727,s55.822743219
101_13,s-3.897368036,s-5.653546331,s54.375927832
101_14,s-5.455606090,s-3.773359416,s141.919131930
101_15,s-6.052923660,s-2.883399238,s113.043417660
101_16,s-3.677655880,s3.408857996,s110.905271393
101_17,s-0.602031443,s4.605485337,s349.180059721
101_18,s-2.809992920,s-4.412846934,s14.323030155
101_19,s5.974021475,s-2.620005725,s220.661883173
101_20,s4.644962606,s-0.773639797,s14.280415942
101_21,s3.207333133,s-3.300178688,s113.784819772
101_22,s-4.140568370,s1.389810516,s62.235432620
101_23,s-0.323233168,s-2.993669170,s209.396748801
101_24,s-5.116061322,s-2.647274361,s193.194406978
101_25,s2.636479140,s-6.380847459,s306.265231761
101_26,s-4.132754196,s-2.406690536,s103.532291107
101_27,s-1.446960174,s-3.439108057,s11.739401490
101_28,s0.436818059,s5.135642579,s95.916024368
101_29,s5.994509557,s-5.811091403,s279.115771059
101_30,s0.858523978,s3.204861694,s148.783687922
101_31,s4.217921587,s-3.087823788,s349.279967813
101_32,s3.853039802,s2.915611938,s28.678771227
101_33,s-5.204163277,s-0.320513422,s314.958692460
101_34,s-1.718474550,s-0.241792183,s136.310211081
101_35,s5.715906311,s-0.271419901,s267.824831382
101_36,s-6.115966227,s3.461902241,s359.228659516
101_37,s0.939474293,s-3.862090680,s28.413993588
101_38,s-4.538958276,s0.690771007,s108.345492378
101_39,s1.727008875,s-2.479091272,s123.720476473
101_40,s-5.840936095,s3.832686718,s17.242711549
101_41,s3.693954956,s4.873978715,s241.022182074
101_42,s-3.905843363,s-1.141956850,s128.368769738
101_43,s5.792109375,s3.475993284,s299.333536084
101_44,s-6.132109038,s0.740040840,s116.511708407
101_45,s-2.265946324,s1.967894407,s101.063320551
101_46,s1.524688396,s4.047685840,s115.115567384
101_47,s-5.746968611,s4.894060002,s104.790678670
101_48,s6.300984890,s5.282033299,s139.283371593
101_49,s1.713579100,s5.317448805,s22.695231985
101_50,s2.316563332,s3.199192550,s72.661968418
101_51,s4.407146073,s5.231774826,s147.565764854
101_52,s2.228091954,s2.768533995,s324.766681369
101_53,s1.628935565,s3.603946297,s107.752293091
101_54,s2.183306281,s4.050255400,s351.984393011
101_55,s6.365836069,s1.416910853,s206.321596229
101_56,s0.790732080,s2.041625596,s56.861588428
101_57,s-3.317849047,s-1.059169445,s198.606376943
101_58,s-5.969280989,s-1.367258982,s272.762049786
101_59,s-1.010316071,s4.811692264,s327.782462754
101_60,s-1.891606720,s3.111039543,s342.453002664
101_61,s-3.352045229,s-0.534327421,s94.595527046
101_62,s2.293378184,s0.331988041,s263.388048785
101_63,s-3.038379804,s0.621497070,s183.316084278
101_64,s1.285624043,s1.092215446,s329.825731050
101_65,s0.607962686,s0.955287363,s66.578807510
101_66,s-5.911567931,s2.316532458,s286.709508059
101_67,s-2.603444046,s2.606578431,s11.608507519
101_68,s-3.267819650,s5.249000416,s81.361152949
101_69,s-1.633109610,s1.879950353,s287.937266480
101_70,s-5.991025800,s5.981691471,s85.683987899
101_71,s-2.332860244,s3.531745368,s305.434893585
101_72,s-0.162859629,s-4.079785488,s12.853813209
101_73,s6.316109519,s4.125524294,s221.670248286
101_74,s3.958534038,s5.726268005,s1.915478022
101_75,s6.018016284,s5.863606798,s2.141554259
101_76,s6.125799166,s2.782280067,s349.704576916
101_77,s-4.725578535,s3.306117209,s354.105587040
101_78,s-1.079008551,s-2.447835550,s93.169371863
101_79,s-4.705210769,s-1.028797376,s125.986918552
101_80,s-3.497285697,s5.728353711,s88.356145910
101_81,s-4.274623454,s2.891946674,s108.160358865
101_82,s4.002397243,s-2.215373509,s240.148082085
101_83,s5.686568139,s3.813983821,s314.652699030
101_84,s-0.327075695,s-1.718909021,s268.371551137
101_85,s3.809398258,s-0.278988590,s357.747003576
101_86,s6.090815737,s-1.663870586,s337.638160059
101_87,s5.173393026,s-0.232410680,s164.271869768
101_88,s-4.638084408,s5.668671038,s299.623758367
101_89,s-0.955547850,s3.375108001,s112.571294797
101_90,s-3.371938127,s4.231094970,s133.926826228
101_91,s0.678190068,s-0.363451228,s286.112994197
101_92,s4.814134838,s4.213987001,s301.912345388
101_93,s2.480721242,s2.238283764,s354.452124867
101_94,s5.681962207,s4.708751913,s295.653539230
101_95,s-1.141868095,s0.221924328,s34.117137709
101_96,s-6.082629064,s5.888914611,s132.125378778
101_97,s4.898480438,s-2.188894616,s320.136698766
101_98,s0.292463543,s5.860819308,s198.292310442
101_99,s-0.609684827,s5.812581176,s24.944903661
101_100,s-4.084252238,s5.866606603,s37.179027643
102_0,s-1.462153470,s-5.613580660,s243.779794135
102_1,s-3.052857796,s-5.802166939,s152.923421912
102_2,s-1.227623322,s2.876874194,s234.117493786
102_3,s0.278507694,s-4.722273262,s329.305781676
102_4,s-2.864815459,s-1.992539332,s109.653905056
102_5,s4.447536863,s3.163746339,s148.528576041
102_6,s0.300635648,s-0.188834163,s64.527232913
102_7,s1.193676224,s-5.934293720,s33.905159798
102_8,s1.239577463,s-4.550971185,s310.781902740
102_9,s4.424345802,s-0.838859613,s60.611114693
102_10,s4.964332973,s-4.169102611,s175.482167012
102_11,s-0.600372764,s-0.997941329,s317.016609921
102_12,s-5.456326375,s-4.717855554,s306.573425769
102_13,s-5.778503345,s5.653434405,s73.167769594
102_14,s-0.272800859,s-5.349188522,s207.839741445
102_15,s-2.024473399,s4.965377599,s318.943092516
102_16,s-2.026706195,s1.700234616,s305.297990244
102_17,s3.922105629,s5.155061367,s316.714551959
102_18,s2.293258541,s-5.503148990,s32.611003001
102_19,s2.915860003,s-1.476482540,s286.533367871
102_20,s2.915564860,s-5.694833548,s63.604762225
102_21,s5.024795564,s-5.686412576,s17.593927863
102_22,s1.073139676,s4.360361004,s103.269276606
102_23,s-5.521118236,s-3.270782702,s127.686746172
102_24,s-5.555632943,s-1.983058199,s228.943023886
102_25,s4.021346891,s-2.381210561,s326.436563579
102_26,s-3.186835580,s-0.745490226,s87.786421592
102_27,s3.555172455,s-3.104174919,s290.557918326
102_28,s2.440751272,s2.877439878,s179.238344124
102_29,s2.002756614,s-1.747888066,s125.238017270
102_30,s3.611406213,s0.819674634,s204.753533867
102_31,s1.653803153,s1.841758912,s252.647778189
102_32,s1.817151229,s1.508229812,s357.629333680
102_33,s-1.234148328,s-0.044932228,s171.611499602
102_34,s-5.095813115,s5.615372270,s270.042778678
102_35,s-1.328758648,s2.016109263,s352.159038262
102_36,s-1.545843039,s0.952686659,s266.805307397
102_37,s-3.901609666,s3.267261057,s129.282148882
102_38,s3.682130609,s-0.315962511,s24.175001632
102_39,s2.879874975,s3.875280526,s165.583021735
102_40,s-3.389963744,s-4.154947541,s220.701756776
102_41,s-3.418123081,s1.882500538,s221.865865676
102_42,s5.372391519,s0.226510040,s67.978496619
102_43,s0.946501598,s-1.642958714,s4.180090231
102_44,s-0.674590725,s-2.486401049,s3.084189022
102_45,s-4.238482544,s2.455882639,s0.453684717
102_46,s-1.132454160,s5.007095413,s140.240467454
102_47,s1.316327217,s0.273646725,s222.327911929
102_48,s-5.011666945,s-2.842825484,s76.000754246
102_49,s-5.749583085,s-0.256148691,s51.750912811
102_50,s4.591669365,s-1.373854619,s203.293754654
102_51,s-0.198521721,s-2.555446746,s46.001664031
102_52,s5.751509133,s3.590093847,s277.735699789
102_53,s5.795757200,s-1.168473199,s339.928359380
102_54,s4.776972714,s-2.522299433,s41.410844931
102_55,s-3.460856075,s1.343279256,s99.019708274
102_56,s-5.679220414,s4.474740943,s243.972200817
102_57,s2.770711222,s-1.093481135,s19.725827347
102_58,s-5.429366807,s-0.710072239,s240.234774077
102_59,s-3.023827276,s3.389909286,s71.279439087
102_60,s-4.628678076,s-1.141999132,s37.997214935
102_61,s-2.924915512,s-4.795341267,s317.897513823
102_62,s2.616348455,s-0.571632752,s14.399304874
102_63,s3.273128818,s1.670328004,s199.659997927
102_64,s1.493246006,s2.716221230,s193.235595455
102_65,s0.332781142,s3.392583530,s163.170635172
102_66,s-1.600834118,s0.314800945,s266.403742310
102_67,s-3.784243470,s-2.543476354,s37.283823399
102_68,s-3.844968230,s5.533394467,s318.457506775
102_69,s-1.819633165,s3.643896503,s232.158280235
102_70,s3.026345074,s5.565224789,s12.137438951
102_71,s0.181501475,s5.557623883,s186.549631286
102_72,s5.746711610,s5.622256770,s83.288972114
102_73,s4.335030314,s1.768256926,s81.697487166
102_74,s-2.396334426,s-1.113942355,s113.864140874
102_75,s4.032372438,s4.831540454,s5.723770072
102_76,s-0.196908649,s4.251499816,s230.744970998
102_77,s0.905228716,s-3.286561420,s118.515799403
102_78,s-4.705078347,s5.647320080,s16.673008956
102_79,s-5.485053444,s3.242819477,s22.378710446
102_80,s0.429536945,s4.693075082,s238.937994139
102_81,s1.985838965,s5.597920801,s282.885138009
102_82,s-5.812391837,s3.094207930,s48.300238451
102_83,s-4.815795076,s0.000696967,s50.934409672
102_84,s-4.176121351,s1.208438286,s110.760011947
102_85,s1.907939709,s4.456850549,s28.587870725
102_86,s5.679024953,s4.528778346,s314.070662943
102_87,s5.763878745,s1.329711004,s337.647320092
102_88,s-0.883867192,s1.357231623,s342.558265791
102_89,s-1.505109913,s5.716708161,s355.728591028
102_90,s-4.439756507,s4.623041030,s121.245734441
102_91,s-0.032187391,s2.191749315,s158.079772134
102_92,s-2.626429943,s5.716708161,s174.534216118
102_93,s5.109813860,s5.612706270,s248.269243989
102_94,s0.272280188,s1.468271899,s114.805331283
102_95,s0.025133856,s0.657800327,s340.710050127
102_96,s1.525636190,s-4.112725712,s17.448415859
102_97,s5.356216453,s3.826624459,s323.028680786
102_98,s4.264655801,s2.336665712,s180.099101057
102_99,s-2.843077856,s0.523866966,s241.857620667
102_100,s4.033733044,s5.716708161,s56.731249497
102_101,s0.767020833,s5.716708161,s312.849340855
103_0,s-4.598141012,s-2.238936430,s87.465604760
103_1,s-4.545434932,s-5.904571414,s11.741016159
103_2,s-6.136603251,s-5.270389942,s226.507076533
103_3,s6.322069192,s-4.959283248,s291.790083773
103_4,s-2.810505527,s2.602108729,s278.013765240
103_5,s3.631451488,s5.968148454,s344.910755374
103_6,s0.270972417,s-6.156759198,s325.385589695
103_7,s-4.551688998,s-6.851514580,s291.714671156
103_8,s5.751986015,s0.655323150,s86.476386070
103_9,s5.528900018,s2.245111751,s39.021160984
103_10,s4.239191538,s-6.277213472,s228.920774493
103_11,s-5.179121573,s-3.149478479,s89.031705172
103_12,s6.689701491,s-0.827503477,s78.622369312
103_13,s-1.759837625,s-2.840152067,s259.131173910
103_14,s-0.994574665,s-1.576767512,s266.554432503
103_15,s-4.165307994,s-0.945445494,s286.767047498
103_16,s6.697898052,s-4.455575973,s222.755803970
103_17,s-0.657644984,s-3.050411209,s274.140866619
103_18,s2.963329537,s-6.305564858,s278.398388373
103_19,s2.373791673,s-0.370378593,s316.194526297
103_20,s6.598844572,s1.910909095,s218.534336224
103_21,s6.046531503,s0.647078235,s62.173305075
103_22,s1.616784751,s2.445168531,s307.117607581
103_23,s1.412626704,s-1.521921012,s326.457180032
103_24,s-6.468504136,s-3.949001094,s133.679235296
103_25,s-2.613581827,s4.567564329,s74.729619245
103_26,s2.873186632,s5.499142303,s209.020447742
103_27,s-1.781087526,s-3.519833582,s248.822112512
103_28,s0.171865227,s-3.732579561,s77.622917159
103_29,s-1.096239503,s1.876685218,s199.358228395
103_30,s3.716811765,s4.229612858,s134.608786277
103_31,s4.630541516,s-2.870321692,s208.327241658
103_32,s5.348703378,s-0.406400332,s19.646287895
103_33,s-6.089995313,s-3.754205169,s142.137886169
103_34,s-6.452479738,s-1.874918044,s150.084887831
103_35,s-1.104216041,s-1.213796101,s180.919477683
103_36,s-0.901497660,s-4.127858426,s278.352206807
103_37,s2.166893784,s-1.268170205,s340.238414660
103_38,s4.056557604,s1.518366407,s241.870696572
103_39,s3.786951816,s3.698848628,s322.269001667
103_40,s6.640275008,s3.958294675,s193.941100864
103_41,s4.981020239,s1.794665634,s330.492867621
103_42,s4.519913420,s2.174624120,s337.996160171
103_43,s1.922956996,s-4.733448766,s245.236574960
103_44,s-4.302095844,s3.704913983,s227.953297506
103_45,s-5.784261489,s-1.991509160,s195.529498956
103_46,s-2.741538034,s-1.884172075,s61.939697869
103_47,s6.484472317,s2.957060969,s42.707730694
103_48,s-2.345399456,s0.412331212,s331.274945057
103_49,s-2.285635067,s3.743150967,s64.237471339
103_50,s6.335154035,s-3.456771650,s100.959153928
103_51,s2.801337745,s6.410814698,s259.372107747
103_52,s-4.551254496,s2.678227188,s236.965122286
103_53,s1.221705814,s3.408680313,s324.363143028
103_54,s6.648940112,s5.237108220,s219.442266655
103_55,s-0.577112233,s5.776309064,s304.201549646
103_56,s-6.293680109,s5.469658019,s177.146152688
103_57,s-2.199011014,s1.907245262,s251.163226151
103_58,s4.103278807,s0.590230351,s241.859660300
103_59,s1.068443408,s5.283529472,s113.692148572
103_60,s-1.037429219,s-0.443870967,s238.474817495
103_61,s1.377877684,s-0.374871906,s138.478419340
103_62,s-2.132750219,s6.128544648,s74.453778933
103_63,s6.733357889,s4.477348280,s177.271762822
103_64,s5.222158778,s2.576144872,s298.675899720
103_65,s4.235026201,s5.627309051,s219.385498550
103_66,s-2.716505796,s3.225069085,s352.942179154
103_67,s-0.129828279,s6.410814698,s305.873757807
103_68,s3.086107063,s1.441204566,s336.495943747
103_69,s-6.283741117,s-0.151992601,s359.744009409
103_70,s-4.651677909,s1.914373894,s27.446735377
103_71,s-2.257395277,s2.702660846,s178.209864250
103_72,s-2.248102957,s5.907731248,s151.278794600
103_73,s5.301764896,s4.188932679,s56.429395164
103_74,s2.184513235,s2.799790273,s124.310317053
103_75,s0.049825918,s5.836145830,s231.887200813
103_76,s6.708802419,s6.393196162,s206.582229017
103_77,s-3.132956072,s-0.267957276,s7.591708032
103_78,s-6.518964035,s0.275726862,s130.381091592
103_79,s-5.388795128,s5.080025149,s66.151389331
103_80,s-6.528971390,s4.256204394,s31.413529833
103_81,s-6.360399474,s1.881172196,s349.097333788
103_82,s5.440152332,s4.832376738,s334.814078770
103_83,s4.894949871,s6.287422208,s350.210202919
103_84,s0.673513279,s3.016626308,s157.589165023
103_85,s1.242484624,s3.847930609,s71.455065605
103_86,s0.265680846,s0.565669258,s280.566882884
103_87,s5.585290727,s6.397353166,s122.924092033
103_88,s-0.040516769,s3.198361597,s296.042057606
103_89,s-4.842150151,s4.045833511,s181.308612060
103_90,s-5.056443628,s6.379717645,s355.003640517
103_91,s-1.417092871,s4.704246262,s223.688521231
103_92,s2.477405179,s6.379589864,s306.053902753
103_93,s-3.093014565,s3.944709001,s316.436433495
103_94,s6.128592083,s6.221478450,s189.057444685
103_95,s-4.949991619,s-0.899153390,s174.951872150
103_96,s4.568306000,s0.776019533,s293.040013080
103_97,s1.381837654,s5.797426446,s186.100041945
103_98,s-0.066379725,s1.506794927,s73.267192504
103_99,s-6.441019674,s6.302315397,s90.420254627
103_100,s-3.703785647,s0.260855767,s298.237768602
103_101,s-3.791424325,s5.013825333,s191.814140617
103_102,s-3.036070771,s6.367435889,s12.380187984
104_0,s-6.389424600,s-6.657027213,s262.690520101
104_1,s-4.512975256,s-4.216434208,s21.674212122
104_2,s-4.234635150,s1.487868202,s190.009801118
104_3,s-0.284817219,s-2.524790156,s175.143918504
104_4,s-6.428751243,s-0.523932437,s242.084291897
104_5,s-2.792124513,s-6.325769429,s15.445237966
104_6,s-0.295325934,s-0.589349373,s288.755524516
104_7,s3.130927297,s-6.052420887,s187.017797031
104_8,s4.217337296,s-2.181561388,s205.460248598
104_9,s3.029292729,s0.720817102,s144.365637978
104_10,s5.171830233,s-3.403107426,s248.640990874
104_11,s3.812076794,s1.645848614,s230.573147192
104_12,s-6.103676598,s-2.822480035,s237.554104754
104_13,s-0.154559787,s-5.018639192,s184.267563853
104_14,s-2.228952124,s1.349253037,s295.855746337
104_15,s-4.704999359,s3.994015749,s359.299873809
104_16,s-1.658200845,s-3.069673750,s18.555096856
104_17,s6.279541910,s5.951315716,s180.321647009
104_18,s5.980992073,s5.484764330,s356.905458531
104_19,s6.203977741,s-2.096034491,s2.559421953
104_20,s5.706688524,s1.170324398,s167.843695712
104_21,s6.321649239,s-3.422097799,s304.569606901
104_22,s-5.916174987,s-2.168563087,s330.886171348
104_23,s-6.238815308,s-3.402138167,s36.456333269
104_24,s-2.946398735,s2.807245930,s264.126358822
104_25,s-4.154935693,s-4.977220268,s318.454436761
104_26,s-2.600096865,s-4.289070088,s283.241121584
104_27,s2.340182679,s0.413053365,s36.787377749
104_28,s4.762515081,s-0.392036205,s265.361091084
104_29,s2.421708173,s-4.751518366,s255.951474671
104_30,s-3.922993575,s0.572683362,s94.378419746
104_31,s3.769811762,s-1.384347514,s199.993406034
104_32,s6.245187858,s-0.788243824,s76.022363505
104_33,s-3.642124865,s3.443069504,s192.236143405
104_34,s-5.315237738,s-3.310238207,s183.071989023
104_35,s-4.845285954,s5.193638419,s329.896790098
104_36,s-0.496550000,s-1.066085588,s21.513051042
104_37,s-2.763783242,s4.832929667,s44.814377708
104_38,s4.531601539,s-1.302985247,s64.169362129
104_39,s6.429942331,s0.233832932,s195.134108280
104_40,s6.532765570,s2.656312769,s178.509556463
104_41,s3.919495657,s0.883212019,s221.285676234
104_42,s0.245114025,s2.289076274,s0.123034644
104_43,s2.273427796,s-2.225720921,s120.554310337
104_44,s1.930442523,s3.501815974,s157.619535883
104_45,s-6.443837708,s1.979459285,s198.030559495
104_46,s-6.458027750,s3.347441286,s357.561152694
104_47,s-1.407584127,s0.252789168,s189.874807777
104_48,s0.119295158,s0.829808958,s145.172801183
104_49,s0.759677169,s4.465139655,s26.391064235
104_50,s4.938645763,s1.013144502,s75.804414748
104_51,s-0.109141513,s-6.485290410,s28.775269621
104_52,s3.195762584,s-3.461070664,s333.761942758
104_53,s5.348144373,s5.669062492,s346.518605517
104_54,s5.004213662,s3.276118335,s136.475100747
104_55,s-5.205367022,s1.070165199,s33.595065360
104_56,s-5.792867066,s5.566849090,s298.479046502
104_57,s-0.183613442,s-1.221433283,s316.441586035
104_58,s1.866655826,s0.596726333,s72.564225583
104_59,s-2.714274927,s-5.826089337,s46.793661354
104_60,s1.739564221,s1.541160552,s268.618556952
104_61,s3.647434575,s2.241516083,s91.998665519
104_62,s0.624619207,s-4.127604334,s49.783485669
104_63,s4.401453187,s5.867997104,s271.372024235
104_64,s-2.991577661,s2.137446285,s59.926213293
104_65,s4.293025765,s-5.076305145,s310.766055376
104_66,s-1.472285021,s4.495707981,s205.425881354
104_67,s-5.092179302,s0.881129734,s221.145792460
104_68,s3.970764235,s3.271977550,s328.429260114
104_69,s-5.378116082,s2.791782640,s281.919822197
104_70,s-4.087497095,s5.849525013,s115.800336457
104_71,s-1.539561601,s3.997782605,s194.558693607
104_72,s2.262276095,s-3.289472089,s89.678658253
104_73,s-0.047034014,s5.436344539,s306.791271170
104_74,s4.240883470,s6.033856965,s105.478658395
104_75,s-6.169582177,s-1.088708593,s110.742896504
104_76,s2.869802149,s5.956680939,s343.645436958
104_77,s-3.207763404,s-3.289546013,s79.554759542
104_78,s-3.803429894,s4.757617963,s51.810329938
104_79,s-0.252676039,s3.901467902,s160.883539117
104_80,s-4.012998954,s2.147794141,s13.303088811
104_81,s-0.092916611,s0.203307393,s74.377554541
104_82,s-2.706098783,s0.691742634,s326.404817071
104_83,s1.083352082,s-0.282708291,s279.659669718
104_84,s4.278443304,s4.659455144,s250.098838156
104_85,s-1.101436430,s6.251841049,s59.694947616
104_86,s6.532936144,s4.528456767,s220.105965099
104_87,s6.482818793,s3.390549898,s74.170431636
104_88,s2.371725530,s1.882382025,s139.649700484
104_89,s-5.801294199,s6.069433790,s2.612380245
104_90,s-5.270079651,s-2.150688610,s277.387700520
104_91,s0.298995400,s6.178662206,s215.515593008
104_92,s-4.236172838,s5.719191130,s278.260015223
104_93,s-2.913955979,s4.087736189,s259.766882198
104_94,s3.022144841,s2.498062134,s178.936201670
104_95,s5.510493518,s6.230737528,s345.196261962
104_96,s3.289412288,s4.619518956,s187.178052503
104_97,s1.336192283,s5.423622547,s210.794856179
104_98,s1.165022813,s6.218995761,s58.795853815
104_99,s-6.071333243,s4.342034366,s62.748297160
104_100,s-6.453646518,s5.135465869,s48.014598863
104_101,s-3.541949520,s1.406142606,s254.067938591
104_102,s2.130657043,s4.143622473,s156.146874080
104_103,s0.016716634,s4.935566646,s359.689156418
105_0,s-6.349887010,s-3.662734226,s49.958291498
105_1,s-0.081648145,s-6.119254180,s176.348528272
105_2,s-5.194477843,s-1.794575623,s103.375504383
105_3,s-6.235903219,s-2.736800006,s98.004015087
105_4,s-5.350166835,s-4.797803277,s183.722393066
105_5,s1.683663034,s-2.222614867,s111.882444158
105_6,s6.027655754,s-0.934630999,s312.544131131
105_7,s6.040929416,s4.581300850,s248.245493947
105_8,s0.642836613,s-0.409759231,s164.527093902
105_9,s5.670930285,s-6.110435371,s205.705280501
105_10,s6.063615142,s0.526639295,s230.229999006
105_11,s-6.348508695,s-1.922071876,s232.262403743
105_12,s-2.091473205,s-2.307763356,s62.684822337
105_13,s-3.038850544,s4.459863778,s37.401721954
105_14,s0.212875465,s-0.867008146,s141.002579615
105_15,s-2.242390088,s-0.724075638,s71.761074417
105_16,s1.577389614,s-4.535900757,s101.927236050
105_17,s-1.130888161,s4.059656022,s121.093198001
105_18,s1.793681100,s5.410104312,s214.578273418
105_19,s2.738631387,s-5.678716752,s326.085275764
105_20,s4.714039946,s-4.683262440,s99.434263068
105_21,s3.865070269,s-3.433260136,s252.326071821
105_22,s-2.885689111,s-5.438884013,s305.011704204
105_23,s-4.151632659,s0.886981437,s178.873986948
105_24,s-0.702353777,s1.737861991,s46.419414299
105_25,s-3.537209083,s-0.703455388,s294.297742750
105_26,s3.750608077,s3.020690163,s259.637191722
105_27,s-1.495877372,s-4.561952211,s213.036780847
105_28,s-1.179727900,s3.068248719,s37.236354560
105_29,s-0.798596547,s-2.939203487,s149.215459200
105_30,s6.244160499,s-4.387856798,s293.207785929
105_31,s-5.684179485,s-1.100295297,s211.161327116
105_32,s5.515721576,s-0.968579003,s183.533364973
105_33,s-5.901373321,s0.306375916,s258.533456976
105_34,s3.054792801,s-1.792100263,s191.754008987
105_35,s-3.633448731,s-2.144213125,s211.943478676
105_36,s-1.790586823,s5.817520062,s37.999742528
105_37,s-0.133139122,s-3.515312223,s143.115476926
105_38,s0.327514366,s5.695785991,s235.034064929
105_39,s4.293456459,s-0.632446250,s60.421004580
105_40,s3.092068146,s0.437808282,s270.585533143
105_41,s4.891763574,s6.251437996,s199.269679941
105_42,s1.634491741,s-3.630736720,s226.144269698
105_43,s-1.597007916,s1.619536668,s110.418639655
105_44,s-4.420543549,s-1.269212016,s347.170529117
105_45,s-5.433232260,s3.942613630,s219.386727802
105_46,s-0.808245398,s-0.447075121,s320.793364328
105_47,s-5.897072896,s0.840682673,s147.448307865
105_48,s4.522230346,s3.056694244,s0.624788539
105_49,s-2.426972934,s2.294307230,s78.131191980
105_50,s1.412978448,s-3.167348872,s312.991698234
105_51,s-3.717403414,s-0.053981789,s17.821165431
105_52,s6.173877347,s6.299927798,s170.644170880
105_53,s-5.812160664,s2.287298332,s64.094243375
105_54,s-5.406290037,s-5.420967904,s98.010720861
105_55,s-5.061769285,s4.358532177,s298.698920009
105_56,s-4.454368607,s5.610749639,s181.792666470
105_57,s-3.380445370,s6.148402049,s59.923512834
105_58,s-0.842564024,s-5.735640329,s108.980096050
105_59,s-4.202673340,s3.344595776,s41.550591198
105_60,s2.771336091,s3.334942150,s239.608179819
105_61,s1.378535623,s5.559037113,s40.096751306
105_62,s2.659731413,s4.067334027,s173.081026158
105_63,s4.320698457,s5.541882216,s313.655415983
105_64,s4.142638703,s-2.223989763,s261.184388047
105_65,s0.407912152,s-3.433555478,s179.192765536
105_66,s-4.289886970,s-3.695237794,s218.119255156
105_67,s-2.939457045,s2.420051277,s92.131849239
105_68,s-5.074498728,s2.752111273,s283.087053031
105_69,s-0.984020767,s5.307485321,s257.831467609
105_70,s-2.776413570,s3.340099176,s106.193765763
105_71,s3.688827804,s4.311672053,s182.684694454
105_72,s2.845047798,s5.822054834,s343.948893356
105_73,s-2.920956133,s5.100407875,s232.198511305
105_74,s-4.763597978,s2.843052836,s72.683980582
105_75,s6.274394191,s4.253980521,s250.414889962
105_76,s4.489642344,s2.042116903,s326.053825316
105_77,s-6.397380895,s3.993117187,s326.222670823
105_78,s0.308106611,s0.205940545,s248.003876223
105_79,s-6.280682309,s5.141571159,s33.911692753
105_80,s-5.763579385,s4.113270486,s339.958064920
105_81,s-6.172376719,s6.290829862,s94.335619492
105_82,s5.961893004,s-2.498973791,s266.111821269
105_83,s5.618643109,s4.489478322,s70.282344806
105_84,s1.931320836,s5.264544871,s253.626086603
105_85,s0.355853923,s1.297475002,s234.384383822
105_86,s1.494702358,s2.368253805,s82.436154380
105_87,s0.747848927,s2.814690295,s92.827538496
105_88,s-2.396763540,s6.315664039,s318.803713000
105_89,s0.063569414,s2.603935855,s39.370537696
105_90,s-6.376622944,s1.778798703,s216.708502389
105_91,s2.884833783,s-2.972365024,s154.216122473
105_92,s-2.929550844,s5.161333865,s48.400362345
105_93,s3.755917975,s5.459507326,s9.869125247
105_94,s5.911815886,s1.242896002,s121.609756370
105_95,s6.076331059,s1.847907040,s286.206071463
105_96,s6.225208626,s6.061164540,s343.421279056
105_97,s1.993197453,s-1.594734415,s22.289063946
105_98,s4.361273901,s1.444356866,s93.485666644
105_99,s-0.125993010,s3.654820873,s334.936112564
105_100,s-4.706075635,s6.240889166,s226.398727508
105_101,s-3.459817043,s2.597758486,s269.111939842
105_102,s-5.416600906,s5.773343023,s300.254044572
105_103,s1.456681505,s1.834701358,s334.816448648
105_104,s-1.821961998,s6.320923040,s79.303167200
106_0,s-3.407844692,s-1.263730928,s41.585847558
106_1,s-1.056501752,s-3.629171124,s219.804759759
106_2,s-3.292446815,s-2.046189439,s147.852341255
106_3,s-5.160168235,s2.875011951,s27.473155416
106_4,s-0.259404183,s-5.687742511,s324.809197995
106_5,s0.795947705,s2.374119216,s98.448102698
106_6,s5.824121338,s-4.741054230,s273.908070959
106_7,s5.324402986,s-5.876785708,s19.089943986
106_8,s6.385332134,s-4.208968251,s290.893562758
106_9,s1.723021022,s-5.824275599,s282.274315313
106_10,s4.321441736,s-1.800015025,s102.850230584
106_11,s1.923333686,s-1.365504945,s0.283550873
106_12,s-5.216082010,s-1.251792012,s52.358628547
106_13,s3.532949658,s-2.643978017,s59.489641820
106_14,s3.378259269,s1.197304791,s119.952842380
106_15,s-2.881479424,s-4.283145039,s102.480510771
106_16,s-3.785636946,s-4.726534191,s280.899353665
106_17,s4.310319965,s-4.427540982,s28.585843546
106_18,s5.857892347,s-1.361854566,s210.474453346
106_19,s5.164903788,s-0.629614577,s280.023674380
106_20,s5.403575896,s5.355288272,s93.818737973
106_21,s4.892113826,s1.020811104,s143.678773636
106_22,s-4.786454709,s2.770963614,s162.772208229
106_23,s-4.876526216,s-4.388332854,s340.316290856
106_24,s-2.795082694,s2.293913247,s175.600947956
106_25,s-6.260716690,s0.299475868,s15.058756354
106_26,s-3.164238787,s3.686240869,s287.351452847
106_27,s5.269059031,s2.934216104,s201.409225721
106_28,s0.951249684,s-1.738712088,s271.609075230
106_29,s0.782779880,s-3.321884346,s155.001521193
106_30,s-2.991395032,s4.514652425,s347.270330365
106_31,s6.398484530,s-3.339312581,s336.911551500
106_32,s4.123292798,s-2.922892334,s5.252242623
106_33,s1.839995926,s0.023435680,s3.157535507
106_34,s-6.238575246,s1.646762153,s183.502684333
106_35,s-0.027763567,s-0.913492569,s208.293837805
106_36,s4.246303596,s0.238817324,s304.475568003
106_37,s-6.327300427,s-1.863871930,s228.976588040
106_38,s-4.425633018,s-6.355108151,s1.965397060
106_39,s3.206426723,s-1.084180749,s156.470057469
106_40,s-0.858645336,s4.467770650,s81.649520241
106_41,s-2.430609209,s-5.681918366,s100.115987260
106_42,s2.718370781,s-3.805606303,s153.874024099
106_43,s6.255390949,s1.840416640,s160.685391698
106_44,s-3.638595075,s5.076406943,s203.934029927
106_45,s-4.948222672,s4.626401099,s14.346631097
106_46,s-1.743569576,s-3.034431897,s149.920923616
106_47,s-3.683099177,s-0.234338086,s339.582404718
106_48,s-4.571828589,s3.445164481,s34.865402783
106_49,s3.144323105,s1.459587197,s96.889371321
106_50,s6.171590391,s3.205029315,s69.094173329
106_51,s1.485784289,s-2.925642428,s27.406481364
106_52,s-0.807415940,s1.368482348,s81.625557981
106_53,s-1.066535069,s5.911037508,s204.819469604
106_54,s6.031753969,s-2.921599402,s167.925328355
106_55,s-2.353365935,s2.560798652,s167.091043987
106_56,s1.628915139,s5.793189542,s43.263039651
106_57,s-3.956841523,s-3.454070710,s269.921412679
106_58,s-5.503335812,s-2.498281456,s73.280272972
106_59,s-4.421435524,s5.032963530,s200.175116109
106_60,s-2.606388989,s-0.402288424,s52.154963668
106_61,s5.421713827,s0.514537677,s222.997893941
106_62,s0.773136528,s-1.112293075,s2.325974212
106_63,s4.566940159,s4.822075161,s224.834088974
106_64,s2.037120247,s5.023364467,s181.274326381
106_65,s2.955341025,s5.846861352,s36.736455345
106_66,s-6.337610458,s5.148392899,s83.666509163
106_67,s-1.812699521,s3.341698260,s213.192763514
106_68,s-1.000952794,s0.877316142,s73.069624489
106_69,s-4.748812588,s4.465154332,s13.077902182
106_70,s-0.379515856,s3.031967516,s80.778586113
106_71,s3.475608381,s2.741913219,s41.701733374
106_72,s1.015733268,s4.921356580,s299.138804979
106_73,s3.534290781,s5.711627027,s98.222530475
106_74,s6.211902501,s5.819486974,s59.496801446
106_75,s3.500006033,s5.047805964,s227.180934500
106_76,s3.697989184,s-0.957772089,s341.027540099
106_77,s-5.303680166,s1.404938864,s116.916069907
106_78,s-2.564681016,s5.313104161,s239.454125568
106_79,s-3.616043322,s3.807167715,s206.507584512
106_80,s-1.870084137,s5.534142020,s277.346829144
106_81,s4.227124704,s1.985350553,s88.240462404
106_82,s-5.688657376,s-3.096091856,s176.247606708
106_83,s-1.895510098,s4.462952672,s76.706050204
106_84,s-2.044768876,s-1.531187712,s182.034831869
106_85,s1.374596112,s3.023606392,s284.200541098
106_86,s5.967724718,s5.449096041,s129.312610175
106_87,s4.145010919,s2.977186574,s120.733848540
106_88,s-0.093016701,s0.764557172,s17.083739287
106_89,s-5.914391553,s5.570840777,s68.023029631
106_90,s0.286781651,s4.303413564,s22.800432271
106_91,s1.226953051,s1.306486432,s329.331757115
106_92,s-0.715268615,s-1.454032039,s323.313803535
106_93,s-0.584510023,s5.802727836,s340.655431017
106_94,s-4.183210115,s5.847846022,s29.525175941
106_95,s5.876607784,s1.403871810,s324.658681081
106_96,s2.808306363,s0.193772217,s194.433054852
106_97,s4.711083931,s4.437059143,s323.808997922
106_98,s4.142882521,s5.818217414,s260.349692906
106_99,s-6.314862317,s2.809133524,s132.195537749
106_100,s-4.830002880,s5.871585053,s198.999811430
106_101,s-5.541591162,s4.794472381,s356.066422185
106_102,s-5.847117726,s0.392337876,s142.999592524
106_103,s-0.315270724,s2.581425768,s329.409543291
106_104,s-0.023712024,s5.282010345,s256.211004300
106_105,s-2.162289105,s1.686701718,s22.666794110
107_0,s-3.239476629,s-3.209758096,s195.041431738
107_1,s-5.452617395,s-5.645629937,s247.492227408
107_2,s3.605707501,s-5.270754556,s301.723518478
107_3,s0.023476474,s-2.204913552,s57.451581148
107_4,s-1.231618726,s0.645017902,s254.837956055
107_5,s4.026962880,s1.458462255,s30.881065083
107_6,s-5.875216961,s-0.437237029,s328.926975543
107_7,s4.617287178,s-0.326392368,s269.020173970
107_8,s1.567686917,s-4.596049753,s44.567025515
107_9,s1.730364410,s-1.316286083,s277.621641279
107_10,s4.231716585,s-1.778625263,s233.700054345
107_11,s-2.317443992,s5.405625326,s295.753511763
107_12,s-2.733869784,s-3.495197364,s35.790440084
107_13,s-2.970678126,s-1.375956606,s351.549113836
107_14,s-4.829633833,s-3.739468181,s98.073924597
107_15,s5.774530241,s4.688975566,s71.064559607
107_16,s4.587211177,s5.831967189,s83.534855602
107_17,s5.194643862,s-1.911592627,s88.112776440
107_18,s4.594654186,s-4.216798298,s136.789251261
107_19,s5.800988050,s-4.805716091,s41.912255866
107_20,s3.429521276,s-3.071877556,s283.028494108
107_21,s5.606769853,s2.700481350,s88.815161702
107_22,s3.570068921,s-4.133456866,s83.834559063
107_23,s-3.530476885,s3.517272682,s10.048517346
107_24,s-3.692491267,s-1.869374842,s308.749126392
107_25,s-4.424184597,s0.196793004,s196.584290510
107_26,s-0.143049439,s-0.394527637,s65.506768855
107_27,s3.991366018,s-1.232228583,s324.017258487
107_28,s1.679992426,s-2.231409517,s246.050091958
107_29,s-5.203378682,s-3.522840280,s188.463816887
107_30,s4.490116733,s-3.711724719,s329.172753037
107_31,s1.765639355,s-0.395733980,s99.539808098
107_32,s1.149450511,s3.847471059,s82.963042938
107_33,s-5.835812849,s5.472107421,s223.643791553
107_34,s-2.016618615,s5.736198442,s13.275433804
107_35,s-2.220333855,s1.470955032,s17.494531411
107_36,s-5.825318102,s2.649929403,s106.695606416
107_37,s2.375291694,s0.434836320,s20.042530237
107_38,s-4.003193196,s-1.115495883,s293.924320375
107_39,s0.241964142,s5.584212604,s277.857053617
107_40,s4.854803807,s2.953138262,s80.346339948
107_41,s2.061878535,s4.845066292,s169.831909309
107_42,s5.454652239,s1.094543486,s135.912593486
107_43,s4.648168440,s4.466820691,s130.221092476
107_44,s0.321537834,s3.597146215,s172.594226686
107_45,s-4.317430392,s2.470654178,s93.973866983
107_46,s-4.709400188,s-2.718349676,s316.558133905
107_47,s-0.696888292,s2.886087891,s77.072952991
107_48,s-2.596142187,s-2.141078560,s305.746575502
107_49,s-5.794480076,s-3.599947985,s291.224255824
107_50,s2.480268455,s-5.378859689,s28.310113268
107_51,s3.786287142,s0.578563601,s207.992697181
107_52,s4.691868709,s3.323239140,s297.144773035
107_53,s-5.524323501,s4.741716638,s0.731141666
107_54,s5.797403192,s1.982083727,s263.090860562
107_55,s-3.317610291,s5.513162921,s72.189996728
107_56,s-1.201884385,s-1.253310494,s295.468010481
107_57,s-5.608459460,s1.995250008,s317.492568128
107_58,s-5.452039441,s3.459465743,s34.940085362
107_59,s5.703906759,s-3.937079063,s188.807729429
107_60,s5.385574995,s5.670896680,s223.361989050
107_61,s-1.237049210,s0.091646577,s342.720794049
107_62,s0.183737716,s-0.901299625,s125.224500195
107_63,s5.794344042,s-1.041518584,s199.256276077
107_64,s2.855880777,s4.786597599,s273.051305841
107_65,s3.382251433,s-0.229753976,s275.521878997
107_66,s-1.016947859,s4.783165159,s36.921823021
107_67,s-3.758333795,s0.276778107,s103.366475628
107_68,s-0.124995984,s3.137890717,s44.140819239
107_69,s0.424791670,s-3.713054488,s190.370405264
107_70,s-1.262160135,s-2.508156927,s352.550858549
107_71,s-0.662961214,s3.664854784,s234.311596231
107_72,s3.925886462,s3.884231073,s87.201891779
107_73,s3.425487906,s2.649511056,s210.436783391
107_74,s1.163044396,s5.462411629,s91.028926483
107_75,s4.778112115,s0.512447403,s253.342914375
107_76,s1.204015869,s4.896217272,s213.300803416
107_77,s-2.970219686,s5.604698901,s236.608935093
107_78,s-0.912382653,s5.760281625,s26.207434707
107_79,s-5.747371228,s-1.948858443,s252.031106824
107_80,s-5.003670595,s3.673817979,s86.088636266
107_81,s-2.259683197,s3.276808486,s250.381893904
107_82,s0.186771079,s-4.729578796,s1.359553326
107_83,s3.764612600,s5.093962764,s281.398144637
107_84,s-3.961934561,s1.725484997,s30.788233678
107_85,s-2.709822280,s-0.934045521,s315.490482546
107_86,s-0.325308684,s0.218489164,s181.200969680
107_87,s3.015644170,s4.330716163,s155.728897566
107_88,s2.720330924,s3.631080134,s60.827432160
107_89,s5.049349760,s1.080159199,s80.875872139
107_90,s-5.380017862,s1.415606395,s355.412968486
107_91,s0.577160927,s1.942294557,s103.363729347
107_92,s-4.824488255,s5.221700455,s262.914423179
107_93,s-5.879344973,s1.336749910,s17.394255837
107_94,s-4.969513603,s5.528759905,s248.755440276
107_95,s2.703356225,s2.331181451,s348.149550308
107_96,s-1.934560672,s-3.317264463,s117.279235603
107_97,s4.015609258,s2.939577491,s79.969851477
107_98,s-2.603186659,s1.008503921,s179.076252327
107_99,s-4.820055851,s5.610679887,s178.687758521
107_100,s-4.730871216,s-5.715311440,s177.992372236
107_101,s-2.661448844,s4.521197842,s127.314536246
107_102,s3.919575617,s5.688170151,s15.282798439
107_103,s-1.630186659,s3.088528229,s182.445681124
107_104,s1.252146764,s4.400713235,s152.814653620
107_105,s1.947661011,s1.741465761,s86.953051354
107_106,s5.472697110,s4.051290932,s151.455211910
108_0,s-2.091748299,s-0.761960737,s162.268575514
108_1,s-5.354604550,s2.521024356,s358.193206155
108_2,s-0.794493188,s-1.997098812,s194.761996930
108_3,s-5.435073416,s-5.706454570,s198.883714072
108_4,s3.986997255,s-0.536101950,s155.976913535
108_5,s-3.194238730,s-5.064790477,s203.796643054
108_6,s-4.145836991,s-0.974699148,s11.164217447
108_7,s-3.419855887,s-1.816474504,s167.549439334
108_8,s5.855548970,s-4.309440449,s104.215893113
108_9,s2.759343688,s-3.610055347,s356.960308023
108_10,s-1.604421439,s-5.765305765,s46.921816992
108_11,s-5.798635949,s-4.768561990,s59.053860700
108_12,s4.451468288,s-3.706343036,s39.355596402
108_13,s-2.891970565,s-3.988193469,s267.894326571
108_14,s-3.177662849,s2.687060536,s318.539382677
108_15,s1.308186131,s0.647871313,s253.738639573
108_16,s-4.166147368,s-5.802779718,s346.939399698
108_17,s0.297922275,s-2.544485691,s158.546813560
108_18,s-1.701613919,s-3.744110781,s92.232571075
108_19,s5.287508288,s0.309810844,s87.916872264
108_20,s-0.981547645,s-3.278396762,s272.701592681
108_21,s1.445440812,s-2.898936696,s66.101979770
108_22,s-4.632914637,s-4.871677228,s178.178383459
108_23,s-5.979934257,s3.856190854,s359.910891210
108_24,s-2.588325681,s-5.947187753,s107.640005291
108_25,s-5.841240184,s-2.814558204,s193.731029855
108_26,s2.930055432,s-2.318204096,s161.940669637
108_27,s4.163339112,s-1.305767917,s92.594924237
108_28,s4.927178449,s-3.141198358,s17.243608921
108_29,s-1.773334700,s4.224555824,s219.273062006
108_30,s-3.853285108,s4.223594396,s45.490738832
108_31,s0.699532611,s0.364372511,s61.064029745
108_32,s1.721537240,s3.099396251,s325.224778588
108_33,s-2.452688016,s-1.619466512,s13.521633419
108_34,s0.689161870,s2.007356103,s148.720961949
108_35,s-1.160036475,s-5.304879488,s228.150923243
108_36,s-0.121748617,s3.603547583,s185.629118665
108_37,s2.963587839,s0.329805040,s241.947584125
108_38,s0.595182681,s4.199212727,s357.085844196
108_39,s2.122730035,s4.329846386,s9.261888260
108_40,s4.563855077,s1.960650079,s244.118495953
108_41,s3.949490678,s-4.894268180,s309.013485037
108_42,s-0.161232928,s-5.682625489,s89.044596996
108_43,s5.459941054,s-0.792924657,s106.773153836
108_44,s-4.914204429,s4.277503898,s224.522252255
108_45,s-3.888972871,s-3.050422374,s237.254934215
108_46,s1.958734515,s1.580202750,s94.357017049
108_47,s-2.497923526,s5.539644062,s187.189889774
108_48,s5.524881915,s-2.030934360,s58.489886414
108_49,s-0.107479454,s-0.293929303,s307.730500735
108_50,s1.135045145,s-5.729926190,s260.673053307
108_51,s-3.732898759,s0.083954890,s7.706207678
108_52,s-3.579969584,s1.040905959,s219.754372675
108_53,s3.543471244,s-1.495866736,s70.371383569
108_54,s2.681750203,s1.041195226,s244.306403962
108_55,s-5.361749579,s-1.891793337,s33.776892747
108_56,s-1.110517648,s1.019123886,s11.753614800
108_57,s5.641339686,s5.681102260,s48.026417005
108_58,s3.173085466,s5.772771452,s119.941810680
108_59,s1.617974653,s4.852400098,s189.416282331
108_60,s4.277255232,s0.815512247,s315.694869260
108_61,s5.702228303,s-5.501725139,s281.996406238
108_62,s-4.650282389,s-4.102896153,s71.195773253
108_63,s-1.467412843,s4.856397020,s253.977599490
108_64,s2.739466651,s5.243879889,s68.411899511
108_65,s0.778090082,s2.851876117,s191.880162690
108_66,s-3.789162461,s5.308629072,s142.432851650
108_67,s-5.926705964,s5.365463640,s302.388342113
108_68,s-1.287561947,s-0.343491271,s345.257976858
108_69,s3.253935883,s2.487695485,s73.303803351
108_70,s-3.102014073,s5.728270461,s331.880284636
108_71,s0.443531611,s5.177849059,s233.609251561
108_72,s-1.282687219,s-1.257710606,s40.281772952
108_73,s5.484170922,s-2.640557934,s28.531321747
108_74,s5.155501354,s3.076417005,s62.892870187
108_75,s-0.882526199,s3.997806255,s117.317026809
108_76,s5.583273760,s-1.371025579,s210.912829389
108_77,s-5.518884763,s5.386093323,s280.246906225
108_78,s0.477235627,s3.223048840,s304.525947351
108_79,s-6.030985106,s2.994184225,s14.278364809
108_80,s0.008644189,s3.202637264,s248.627897439
108_81,s1.459594010,s-0.711769233,s226.541365605
108_82,s0.694356425,s5.843367443,s244.576068182
108_83,s0.749631470,s-1.495137792,s69.341365284
108_84,s2.168379063,s4.100370493,s139.368946508
108_85,s4.487447283,s4.758614370,s157.557632770
108_86,s3.776505574,s5.507362194,s255.085123952
108_87,s2.008289015,s5.769911731,s137.003519073
108_88,s-4.475746221,s5.740225334,s25.315897775
108_89,s-4.764293615,s0.362793285,s195.211211291
108_90,s-1.305332627,s-0.400937650,s242.124745490
108_91,s-2.716604426,s2.944127992,s158.203275825
108_92,s-2.295741390,s0.365425152,s123.509070620
108_93,s5.773409610,s2.459942258,s95.611355551
108_94,s5.442276694,s5.555120384,s248.365515264
108_95,s-0.870222092,s5.238598144,s285.728677328
108_96,s3.355536994,s3.670162115,s56.659192665
108_97,s4.146691977,s3.743478417,s80.905196215
108_98,s3.364748930,s-0.194603551,s92.789364196
108_99,s-3.707596619,s2.704049907,s191.686644416
108_100,s-1.919357132,s1.501683118,s22.608481682
108_101,s-5.331775797,s0.909178797,s150.186639753
108_102,s-3.055592767,s0.441043342,s116.155082535
108_103,s-3.447464438,s4.772264908,s293.078387860
108_104,s-5.304328335,s3.681426898,s327.171475118
108_105,s-5.990405765,s1.659510272,s292.304781542
108_106,s2.694152702,s3.240260961,s193.978455044
108_107,s4.295031969,s2.476665307,s304.632737801
109_0,s-1.649264133,s-1.560631237,s180.491533175
109_1,s-6.068994182,s-4.434385896,s29.154747690
109_2,s-3.514353827,s-2.553665612,s90.002322707
109_3,s-1.479846086,s-5.723338474,s216.035483451
109_4,s-2.370710235,s5.385152736,s176.157454799
109_5,s1.198367024,s-5.674535260,s268.603986237
109_6,s-1.081027419,s0.490219875,s99.538014062
109_7,s5.779827849,s-5.521058671,s56.554149654
109_8,s-4.337260853,s0.189413359,s358.135371444
109_9,s5.832933422,s-2.991316725,s330.002770938
109_10,s4.491208382,s-3.020351664,s80.172325149
109_11,s-6.249651622,s-0.274339789,s217.521424503
109_12,s-4.473733346,s-2.593396483,s138.452566510
109_13,s-4.698371148,s-1.136546562,s80.436265204
109_14,s-3.717309429,s-3.364439878,s213.640577124
109_15,s-6.208489470,s-5.762957593,s199.185361257
109_16,s2.493991096,s3.050028947,s153.128069927
109_17,s-4.062563398,s-4.831447538,s320.849273098
109_18,s5.086206256,s-3.145598653,s297.578523602
109_19,s4.811965347,s2.799524092,s167.792881672
109_20,s2.078297712,s-1.417455412,s355.871893026
109_21,s3.799808406,s-3.940279297,s13.036322393
109_22,s-6.034728608,s-3.256073303,s300.366372153
109_23,s5.842238578,s0.156090322,s272.638490993
109_24,s-1.606918199,s-2.975151371,s329.572012539
109_25,s0.293983230,s0.806618580,s6.395222059
109_26,s4.834142364,s-1.785622993,s239.451256416
109_27,s2.112141341,s-4.099795838,s283.256288055
109_28,s-2.477907101,s-3.375495811,s259.805655425
109_29,s5.847537911,s1.926057168,s342.538273847
109_30,s5.716298123,s-4.351623321,s47.960244299
109_31,s5.885743318,s5.667968090,s183.626162658
109_32,s5.617954875,s-1.705563229,s62.716142151
109_33,s3.908763028,s1.713564844,s246.832075240
109_34,s-3.465527766,s-0.114377628,s43.881805271
109_35,s1.565633474,s-3.018293615,s282.125893289
109_36,s-3.217109158,s0.373465491,s203.686242786
109_37,s2.399701046,s1.329128733,s198.531486050
109_38,s2.288295718,s-4.835768095,s63.680239387
109_39,s-2.351785201,s1.308815910,s209.097650708
109_40,s5.321700197,s-0.270063997,s324.004086413
109_41,s3.081625571,s-0.020770419,s140.736785697
109_42,s0.798930937,s-0.729557596,s76.737310619
109_43,s3.534513187,s0.603494713,s112.913286527
109_44,s-4.652159806,s-0.390132829,s236.551329109
109_45,s3.006133651,s4.640868809,s82.679313530
109_46,s-3.129090513,s-4.411568189,s249.936470583
109_47,s-5.683661572,s4.592969123,s241.890914400
109_48,s4.173685349,s-5.269697669,s128.727141149
109_49,s0.149483057,s4.208145099,s126.940335753
109_50,s-0.805592708,s-1.470521128,s220.528267892
109_51,s-2.690075130,s2.165275564,s269.030798369
109_52,s5.663018821,s2.651251587,s279.683085457
109_53,s5.885743318,s1.630679036,s242.254137927
109_54,s-4.978801039,s0.848985629,s286.547902278
109_55,s4.387524952,s4.817418112,s144.526034999
109_56,s-3.411133590,s2.317716082,s264.795148193
109_57,s-2.627566066,s5.679710032,s150.296761786
109_58,s-5.276821998,s-3.144804809,s86.162270867
109_59,s-4.795440764,s2.829511316,s81.973355541
109_60,s-3.028628725,s5.799088129,s211.724561711
109_61,s-3.558518666,s3.436511307,s235.309594064
109_62,s-2.033431554,s3.209706468,s112.048958130
109_63,s2.482575237,s5.799088129,s111.462193588
109_64,s4.402140789,s2.106206307,s182.155131078
109_65,s5.436260593,s5.546319119,s124.885085384
109_66,s-2.628829587,s-3.435254244,s16.290755081
109_67,s-5.778819785,s5.636634828,s294.602434929
109_68,s-2.163517591,s4.721207339,s222.743993285
109_69,s-5.452290043,s4.331637404,s326.988658823
109_70,s-6.007430583,s-0.671378455,s233.422137784
109_71,s0.148356472,s-5.598531239,s126.447084251
109_72,s0.653560142,s1.339711023,s138.847794230
109_73,s1.308929547,s-2.007451144,s313.793663369
109_74,s3.208411020,s2.974688822,s249.671112422
109_75,s4.679577691,s0.951287538,s132.279122925
109_76,s5.666190937,s3.676828447,s77.831664226
109_77,s-5.089815919,s4.007320485,s312.847010348
109_78,s-3.253652314,s4.669851113,s333.690576129
109_79,s-5.667710895,s-2.356946992,s276.051889283
109_80,s-2.212846708,s-2.808263212,s232.795157149
109_81,s-4.268305998,s2.882151120,s30.738267561
109_82,s-3.550380168,s4.758011381,s74.953340898
109_83,s2.490722320,s-1.254782873,s29.910377211
109_84,s1.255191297,s5.799088129,s243.391188891
109_85,s-0.706570808,s1.465830412,s209.319438217
109_86,s-2.305692829,s-0.140073369,s249.310412422
109_87,s1.026572974,s2.552981626,s350.600667830
109_88,s-2.887117383,s4.615448665,s355.988807630
109_89,s-4.378167359,s1.330435542,s9.578269868
109_90,s-4.137622208,s5.752923663,s79.681007943
109_91,s-6.202506519,s0.580459790,s200.206315006
109_92,s0.296677160,s3.808461911,s243.668028799
109_93,s2.077291361,s5.799088129,s252.088830607
109_94,s5.499877371,s4.315023405,s287.799469357
109_95,s4.193154079,s-1.039213448,s247.577356040
109_96,s0.395152850,s5.766184072,s340.123434062
109_97,s4.913607371,s4.964558708,s307.494123117
109_98,s-1.733788267,s4.963461651,s223.397935229
109_99,s-5.597735275,s3.475759475,s202.936398017
109_100,s-2.185541948,s0.877670946,s62.402842160
109_101,s-5.989775210,s3.290191564,s125.460162755
109_102,s-2.982905082,s-1.737386397,s299.238477367
109_103,s2.212964882,s5.554292069,s197.187601852
109_104,s-4.938820780,s5.738070257,s111.595943629
109_105,s-1.282972274,s5.677292611,s48.143925526
109_106,s1.431750901,s3.870406540,s312.819125309
109_107,s-1.145321157,s2.899759287,s70.307952978
109_108,s0.815484718,s-0.279218512,s85.893557390
110_0,s-3.247758752,s-0.885582056,s167.704607577
110_1,s-5.219887343,s-3.595165505,s234.340622885
110_2,s-5.701419341,s-0.872262731,s71.012386440
110_3,s-2.311168980,s-3.200412036,s228.472516722
110_4,s-4.890970916,s-1.838069260,s202.845546615
110_5,s3.953470244,s-4.122935339,s231.361360400
110_6,s-1.001164661,s-2.483365687,s355.337730640
110_7,s-2.381662839,s-6.619654857,s87.622289702
110_8,s-0.709867615,s5.341837124,s340.509371274
110_9,s1.427502817,s-2.919920597,s36.699315996
110_10,s6.087649143,s-4.354262241,s111.101796978
110_11,s-5.765005149,s-4.217208502,s172.341420410
110_12,s-2.485980752,s2.011902883,s293.175812243
110_13,s-6.375269871,s-5.217046932,s93.112565567
110_14,s-2.407784244,s0.643657055,s46.059916412
110_15,s0.900517452,s-6.351305086,s78.943322123
110_16,s-0.484960224,s0.084840100,s305.249055913
110_17,s4.895649726,s-3.992052305,s171.997089588
110_18,s-2.007233031,s-3.678919208,s256.223195870
110_19,s3.143058101,s-3.081058196,s86.809520844
110_20,s0.227775664,s1.605525523,s322.650378620
110_21,s4.408926485,s-1.753465368,s269.531532644
110_22,s-6.213306057,s2.207809647,s102.631515473
110_23,s-4.647872448,s1.866551559,s67.767713147
110_24,s-4.055571640,s-4.201103480,s187.517857626
110_25,s-6.126964401,s1.155339318,s99.813330351
110_26,s-1.430315391,s0.090720044,s347.470804140
110_27,s-5.313646854,s-1.364074962,s357.846272608
110_28,s2.520738082,s1.354988742,s116.129558508
110_29,s0.513692720,s-2.215783622,s76.032405967
110_30,s3.235451135,s-6.072834191,s137.085947710
110_31,s5.295022221,s-1.240388806,s347.064270147
110_32,s4.219919924,s6.325335517,s323.612429004
110_33,s-4.281996469,s3.210087832,s278.940533616
110_34,s-1.129053277,s-4.242433922,s254.781270889
110_35,s-2.324615393,s-1.117762108,s76.455448817
110_36,s-2.030042677,s3.355334797,s127.133199460
110_37,s-6.117733062,s-3.397245266,s190.481824847
110_38,s0.977951931,s-0.947552804,s148.433694770
110_39,s-3.226649022,s-1.718496673,s301.537003724
110_40,s2.266640773,s-1.168658181,s32.071467369
110_41,s5.851268663,s5.507203126,s132.002921226
110_42,s5.899459689,s0.176002878,s194.191130639
110_43,s5.880865889,s-3.195849435,s272.643492034
110_44,s-1.902080953,s6.202293464,s94.840700395
110_45,s1.014705708,s4.550308331,s318.128953095
110_46,s-3.612763131,s0.014970273,s158.039552196
110_47,s-1.950650721,s4.105050713,s248.341079475
110_48,s-0.830269788,s0.684327900,s147.854686399
110_49,s0.894715978,s3.300703501,s283.484303899
110_50,s0.692815005,s-5.184286189,s268.989622062
110_51,s6.789417698,s1.760022302,s195.306633722
110_52,s5.331747245,s2.540429996,s160.532383301
110_53,s2.194611362,s-3.862956122,s99.606445252
110_54,s5.652034916,s1.648255285,s5.104974648
110_55,s-1.571814359,s1.060653669,s324.636917892
110_56,s-3.506639895,s4.496230909,s71.850729590
110_57,s0.434398690,s-1.310436098,s335.375769532
110_58,s-2.334829528,s-2.290386488,s54.166402617
110_59,s-3.923745339,s3.267013252,s58.037382106
110_60,s3.516456519,s3.957032906,s282.543532876
110_61,s0.774673379,s1.894762529,s313.527353002
110_62,s3.177844655,s4.967027647,s355.682170878
110_63,s1.807650385,s2.341471634,s21.293362246
110_64,s5.835399497,s2.801227567,s21.516453861
110_65,s3.219463329,s1.837341269,s274.572310217
110_66,s-0.122609734,s5.973324143,s112.424963124
110_67,s-5.533179238,s4.637958882,s138.526596447
110_68,s-6.334361737,s4.337989143,s340.382847798
110_69,s-2.520266374,s6.355798262,s178.240552613
110_70,s1.116725929,s-0.169368218,s155.866396297
110_71,s6.517500879,s5.593579130,s80.762968137
110_72,s1.935831392,s5.044240869,s191.107905003
110_73,s6.638158694,s0.347100428,s222.060408893
110_74,s5.893451954,s-1.811751978,s274.258201629
110_75,s2.187159431,s5.021903270,s312.172068295
110_76,s6.204155193,s2.050142220,s32.552849423
110_77,s-5.513407915,s1.907514237,s129.463765842
110_78,s-3.934577855,s4.920850717,s312.050264539
110_79,s-4.563865103,s0.467662735,s17.717670288
110_80,s4.853813218,s1.513413371,s235.030371025
110_81,s4.273685474,s0.639545041,s88.695224656
110_82,s2.672143725,s6.321232987,s43.395756911
110_83,s1.251755066,s6.358150185,s110.900823927
110_84,s4.032453078,s5.699648517,s281.502834147
110_85,s5.894958498,s6.045270621,s90.394097337
110_86,s3.905229049,s-2.093592439,s103.850767715
110_87,s5.024172122,s3.733592040,s49.304264874
110_88,s-4.381155593,s5.907795401,s44.480028224
110_89,s-6.316085180,s-0.514148517,s111.671052656
110_90,s-3.681897902,s5.956670083,s46.891877442
110_91,s-6.097801109,s6.133627557,s259.220562298
110_92,s0.365309888,s2.844816722,s58.944032046
110_93,s-1.233827472,s2.011776622,s287.179744798
110_94,s0.443283893,s3.851829714,s328.823596565
110_95,s0.548002282,s6.005152173,s164.156406481
110_96,s4.980900872,s5.368117970,s141.250966840
110_97,s-1.095925224,s5.719105718,s157.334114201
110_98,s6.253927624,s3.889340220,s95.964206985
110_99,s-5.603432348,s6.171124033,s204.969204010
110_100,s-0.102363104,s5.441910784,s56.694728629
110_101,s-4.799258929,s-0.347822201,s150.544630861
110_102,s-1.057533770,s4.675710450,s236.279938299
110_103,s-6.156476927,s3.524605214,s75.763924572
110_104,s6.806114705,s3.110690806,s123.052401067
110_105,s2.707419480,s-1.209218202,s71.684732909
110_106,s6.550834153,s6.398909671,s53.752001207
110_107,s1.481734711,s4.121837343,s128.765668051
110_108,s2.304961528,s2.022232972,s246.936267688
110_109,s4.427201200,s3.137884726,s135.050385607
111_0,s-7.050017977,s-5.382770971,s344.701965165
111_1,s2.126797650,s1.310763060,s359.298654677
111_2,s-6.439131700,s-3.089105997,s217.220435948
111_3,s-6.812736153,s-6.208573837,s329.707824478
111_4,s4.123888954,s-1.030906473,s45.451409711
111_5,s-0.504587212,s-5.554647173,s314.386197713
111_6,s6.397044135,s-6.433901970,s102.985511115
111_7,s-2.817475291,s-5.683555464,s210.220344969
111_8,s1.768183254,s-4.091283915,s81.257029924
111_9,s1.110847676,s2.260172139,s283.354433533
111_10,s3.678696691,s-4.668545766,s206.826377100
111_11,s5.479824670,s-2.590193903,s325.883067343
111_12,s-1.230251493,s-2.845872348,s339.083052811
111_13,s-4.564318360,s-1.932818457,s122.977606819
111_14,s0.611464911,s-0.334679221,s105.716482792
111_15,s-4.780595732,s2.354617880,s250.212439608
111_16,s-5.957111942,s-2.354434618,s68.436846905
111_17,s-3.127010435,s5.572674255,s314.220375406
111_18,s-4.151762952,s2.122320182,s137.334517306
111_19,s0.101158472,s-1.337500798,s352.129176710
111_20,s4.909906428,s-2.183200405,s80.710639702
111_21,s-0.238979033,s-2.775199003,s114.631097721
111_22,s5.002431596,s1.829619435,s306.832332986
111_23,s5.507202397,s3.054177571,s215.184686085
111_24,s-4.723007600,s-1.348873723,s281.109768031
111_25,s-4.109908808,s4.567268122,s92.988575356
111_26,s-4.004987341,s-3.779372597,s38.210814155
111_27,s-2.559888914,s-2.643955970,s209.900849652
111_28,s-7.024131392,s4.613706364,s304.554376731
111_29,s3.679201484,s-2.925981374,s278.570386157
111_30,s1.376884675,s4.654976737,s64.557642081
111_31,s5.833129336,s-2.990545400,s111.757990648
111_32,s-0.803720406,s-1.287951215,s19.721544477
111_33,s5.554676026,s6.457922509,s8.011943296
111_34,s6.847856734,s1.766215545,s297.122195291
111_35,s4.281382759,s-2.838104633,s189.037751564
111_36,s-6.202166465,s3.341088122,s231.498419956
111_37,s-5.659635373,s4.187607902,s82.652427944
111_38,s0.890449293,s-4.297257321,s219.923361779
111_39,s0.364665915,s1.579621346,s218.344938745
111_40,s3.210012304,s-2.021854666,s288.986591911
111_41,s-6.860297506,s3.239807282,s119.015880036
111_42,s2.548350053,s3.494779230,s109.078203308
111_43,s2.776193729,s-1.218587846,s85.378447553
111_44,s6.828842937,s-1.326218193,s165.817954388
111_45,s0.731701064,s-7.027284656,s131.742527321
111_46,s-3.703507769,s-1.502417318,s116.002858906
111_47,s2.086738125,s2.299564319,s335.841304105
111_48,s-3.936619713,s-7.054052916,s306.299413233
111_49,s2.940037302,s-3.346495559,s155.455101632
111_50,s-4.910105784,s1.704849783,s143.905767136
111_51,s-1.576834785,s-0.827894665,s52.946089855
111_52,s-0.805265406,s2.475625519,s232.485069366
111_53,s3.473960799,s0.754419661,s165.095947762
111_54,s-4.680052064,s3.657053888,s27.907202907
111_55,s-0.838981189,s6.803043241,s341.100135755
111_56,s6.852915943,s5.962020549,s349.175284419
111_57,s3.800873601,s4.318063105,s311.049754230
111_58,s-1.046296805,s5.222047695,s161.814342372
111_59,s-1.623006885,s5.950124896,s115.977288355
111_60,s-3.113322420,s2.155469955,s99.178775720
111_61,s-5.216130939,s4.901125929,s247.812975451
111_62,s1.239801843,s6.665735466,s275.350288370
111_63,s1.465874911,s-0.064217834,s155.148848350
111_64,s-5.924150878,s6.468586544,s266.414030721
111_65,s-1.508080490,s0.696867557,s248.049765302
111_66,s3.366773252,s5.435543374,s38.402409096
111_67,s2.886922651,s6.236899507,s340.986800980
111_68,s-0.891678364,s4.752504791,s214.478848866
111_69,s6.148013509,s0.509922781,s269.102425984
111_70,s5.477886083,s4.384867569,s214.634017667
111_71,s4.056014728,s1.329388546,s258.134211275
111_72,s-1.988981131,s0.611029110,s194.210739691
111_73,s1.607576045,s0.438674323,s346.322438739
111_74,s-2.881909577,s6.655164402,s198.206255075
111_75,s-3.809624908,s3.918602061,s273.846006325
111_76,s-1.862160981,s5.611056595,s267.628074347
111_77,s-3.236857053,s5.164251287,s227.015909325
111_78,s-4.050229181,s5.867665883,s171.431818156
111_79,s-4.012156785,s0.211922781,s111.651238296
111_80,s0.637847962,s6.352564971,s251.231978560
111_81,s6.621183227,s4.872929082,s49.900592259
111_82,s6.729248626,s3.189765653,s232.453700222
111_83,s-3.775487887,s0.673457806,s353.887572929
111_84,s-5.677631909,s1.158638789,s211.831722608
111_85,s-5.620231531,s5.619320522,s309.334590567
111_86,s-3.692570717,s6.739470272,s270.285092571
111_87,s1.056618602,s5.728278437,s273.959973604
111_88,s6.813335126,s4.308303476,s133.767007556
111_89,s3.766931085,s2.705401317,s254.147988968
111_90,s2.115009791,s5.922346316,s130.875771629
111_91,s-0.330378654,s2.744568104,s92.089776004
111_92,s3.358644581,s-0.332169705,s271.507386632
111_93,s4.451267688,s6.106814252,s110.771927590
111_94,s4.075339158,s4.726818981,s81.739245216
111_95,s1.171870292,s3.257971854,s227.253991441
111_96,s-0.325229314,s6.196513717,s336.095476329
111_97,s-6.562345995,s-0.350592565,s338.974403893
111_98,s-5.718494024,s2.381310974,s281.547109990
111_99,s-6.353643312,s6.824501137,s319.534954249
111_100,s2.842515483,s6.661223945,s154.283078031
111_101,s-1.507074486,s1.880119336,s16.743622260
111_102,s-4.507157780,s-0.697121820,s265.919883570
111_103,s1.890583526,s6.729042971,s43.967671171
111_104,s5.545159080,s5.772298857,s134.192719560
111_105,s6.662238459,s6.708163865,s289.939670920
111_106,s3.827445147,s6.549764103,s110.755389499
111_107,s3.793529800,s6.185380173,s219.626429851
111_108,s-6.567615827,s5.553771824,s351.943662706
111_109,s2.135149619,s6.679114824,s24.930190458
111_110,s-4.092361412,s6.597986025,s202.383904176
112_0,s-6.487168505,s-5.000348725,s274.899383335
112_1,s-4.736438679,s-1.025407903,s25.724628782
112_2,s-2.478146143,s-6.428869618,s111.491329722
112_3,s-6.241348549,s2.625159051,s144.287798182
112_4,s1.137266020,s-4.578927178,s320.312219779
112_5,s-6.284573029,s-2.108366383,s60.178052229
112_6,s4.568480442,s-2.747615250,s247.939088369
112_7,s-6.387053209,s-1.460761397,s248.809761917
112_8,s-0.113947198,s-3.445428912,s156.018420680
112_9,s-5.265433922,s-4.155122287,s193.686043891
112_10,s4.708741758,s-3.613379292,s221.683464008
112_11,s5.155145458,s-4.952643797,s68.272851805
112_12,s-4.656921312,s-3.099593092,s204.482489558
112_13,s-4.677224318,s5.971967251,s248.521786362
112_14,s-0.003879321,s-6.652403757,s67.780754746
112_15,s6.195138930,s4.057372566,s194.129552697
112_16,s4.477440770,s0.338003159,s201.549513770
112_17,s1.472963638,s-5.283705088,s337.483876257
112_18,s-3.225697138,s-3.722644929,s325.734250308
112_19,s3.943192888,s0.196215236,s344.003817878
112_20,s1.621690309,s-1.125576859,s123.235237850
112_21,s4.224157408,s-1.634537783,s259.216562194
112_22,s5.508566134,s2.551344506,s273.116700384
112_23,s6.505804437,s-0.734173938,s225.471612834
112_24,s-3.865950714,s-5.053356381,s5.224964144
112_25,s-6.375317615,s3.044372959,s79.857521730
112_26,s-3.253173637,s-2.608695694,s232.874335395
112_27,s-0.425913228,s-1.663742390,s331.490560617
112_28,s-3.293185180,s0.779007522,s287.695904620
112_29,s4.985146569,s-6.725483381,s236.881215106
112_30,s4.226817223,s2.819418942,s108.567999333
112_31,s3.638573710,s4.307436471,s156.218142645
112_32,s1.751951244,s5.371699206,s248.411514869
112_33,s6.042329223,s-6.068088758,s300.804121550
112_34,s1.400737569,s3.206234268,s323.019161406
112_35,s6.713158007,s2.958841945,s43.401339949
112_36,s0.018216053,s-0.372943776,s17.399495874
112_37,s-6.429098393,s-2.474061518,s90.944024515
112_38,s-3.596124488,s1.620322964,s85.764043500
112_39,s-1.316038002,s-0.407329106,s257.831087189
112_40,s1.908216341,s-2.330285298,s358.651893428
112_41,s4.810711490,s3.331181211,s294.945178781
112_42,s-5.525246123,s3.116915210,s179.720468840
112_43,s-2.125664284,s0.790620244,s188.550884387
112_44,s3.976270045,s0.925128324,s152.482171008
112_45,s2.207722597,s-2.969211550,s5.739766549
112_46,s3.843786793,s4.817142753,s124.611327845
112_47,s5.985280812,s1.811552008,s240.119171598
112_48,s-4.566555080,s4.566651838,s95.283926274
112_49,s-2.001139790,s-1.239968306,s158.298092685
112_50,s0.032254964,s0.953422573,s282.296776586
112_51,s0.983069981,s1.762480100,s157.559302913
112_52,s-1.136159363,s-3.649341960,s160.671396981
112_53,s-6.102717772,s-0.423108233,s46.671178465
112_54,s3.330396025,s-4.216431257,s203.394956220
112_55,s0.406506595,s-1.059919991,s164.026105900
112_56,s1.643942376,s4.065698479,s194.037022125
112_57,s1.986598828,s6.347158532,s191.289621605
112_58,s6.699784707,s0.475005760,s158.968482110
112_59,s6.460367974,s5.806133349,s176.442373949
112_60,s-4.312563449,s0.680572698,s39.424505847
112_61,s0.490169226,s3.505429097,s54.868010828
112_62,s-2.001536890,s-2.369838343,s286.198072285
112_63,s1.886482829,s-0.698371856,s83.897730362
112_64,s-4.407007393,s1.680649143,s155.745955683
112_65,s-0.392355757,s3.730614043,s49.831150534
112_66,s6.308947504,s4.022704781,s358.639227200
112_67,s2.198246252,s-6.048074029,s88.900701316
112_68,s4.755128614,s5.067673399,s81.034803688
112_69,s2.409066239,s-1.156429628,s349.070522518
112_70,s3.543444667,s5.307710819,s296.638487176
112_71,s5.914760030,s-1.818597159,s60.064044320
112_72,s-4.320444796,s-1.425882222,s356.942218625
112_73,s-3.174315598,s2.619585600,s166.843586515
112_74,s0.590995603,s6.255695274,s4.454982544
112_75,s6.703710234,s5.078316443,s99.729165275
112_76,s-0.942402140,s2.710587529,s76.423717350
112_77,s-1.448670949,s-1.846103477,s189.688367246
112_78,s-0.639882925,s5.685766215,s95.614255441
112_79,s-2.938530135,s4.553467196,s357.799728583
112_80,s2.807117431,s5.897605324,s134.282159913
112_81,s2.059711299,s-2.444833300,s50.773696849
112_82,s6.651274937,s-1.957261311,s313.768256262
112_83,s-0.047521692,s5.715918405,s44.351464803
112_84,s-5.379779649,s4.250286145,s77.914074656
112_85,s-6.398029136,s3.990939863,s258.820660747
112_86,s-2.843848350,s6.375528233,s349.679345881
112_87,s1.283286008,s-0.233420033,s122.486768420
112_88,s2.781826563,s2.438684265,s344.930097400
112_89,s4.411626650,s6.374690560,s213.793671455
112_90,s-2.242988466,s2.387517636,s274.524087376
112_91,s-2.160454844,s3.273004455,s63.337526219
112_92,s-1.702376276,s5.134287782,s38.112322757
112_93,s-1.643527082,s5.255220814,s91.898076634
112_94,s3.512160524,s6.357855657,s235.834672573
112_95,s6.468255344,s2.492247801,s26.651279556
112_96,s-3.394765337,s3.463509128,s211.566987685
112_97,s-1.483205898,s6.296349718,s332.105358360
112_98,s-6.135726607,s6.252170698,s268.586226301
112_99,s1.641000323,s6.149727889,s111.408538323
112_100,s-3.405210467,s4.552242539,s356.077373445
112_101,s0.133760379,s3.073088686,s328.613068759
112_102,s0.512684377,s3.835443458,s38.888677656
112_103,s-3.351643428,s5.779369288,s338.866495115
112_104,s4.875047373,s4.006787561,s244.107221449
112_105,s2.802941047,s4.765277354,s275.273925483
112_106,s4.862996120,s6.218454617,s252.870908007
112_107,s5.526241923,s-0.990665648,s134.401908278
112_108,s-6.240159385,s5.286070212,s273.866215652
112_109,s-6.118019637,s1.386511031,s336.961474092
112_110,s-1.511121862,s4.184216956,s238.239589768
112_111,s-2.559489822,s5.686206086,s34.659336600
113_0,s-4.076325035,s1.106650781,s224.972592161
113_1,s0.337759783,s-4.466066524,s37.659294703
113_2,s-5.424398152,s-3.269861116,s244.764779139
113_3,s2.284901996,s-1.536987922,s130.138433298
113_4,s-4.370428649,s-0.043554345,s216.356770027
113_5,s1.064385909,s-3.239511228,s95.821294303
113_6,s-4.883578513,s-2.540164692,s167.353873232
113_7,s2.193291684,s-1.677328134,s240.091018534
113_8,s2.058287044,s-6.127928011,s252.210717332
113_9,s6.126517780,s-2.807693378,s47.104810031
113_10,s5.515116337,s-5.686944752,s16.159460995
113_11,s6.008157032,s-1.295332775,s348.990435940
113_12,s-3.656340430,s0.038373166,s311.180416132
113_13,s0.555778342,s-6.199963704,s68.187494923
113_14,s-6.084126428,s0.414812851,s74.916142906
113_15,s-5.018174224,s2.097626423,s129.998931392
113_16,s-2.826494598,s-6.235430918,s310.565054198
113_17,s-5.064035255,s-4.628018834,s256.538732177
113_18,s1.709063819,s3.386467849,s316.718701156
113_19,s3.413617222,s-6.214421306,s260.770687659
113_20,s5.397081311,s3.157466308,s20.830405027
113_21,s6.126517780,s-4.683849174,s157.412436137
113_22,s-5.117232240,s5.316737196,s182.666391919
113_23,s0.209250572,s1.361457111,s221.391284949
113_24,s-5.897124394,s-5.013415586,s351.102041369
113_25,s2.187047341,s1.730088348,s296.971294462
113_26,s-4.113624585,s2.269309039,s202.434494721
113_27,s-1.485414252,s-2.536843289,s348.158405953
113_28,s1.223519120,s-1.608954453,s35.319322364
113_29,s1.246474616,s-0.016242348,s325.415871796
113_30,s5.365928554,s-3.072702927,s316.689477574
113_31,s1.113933173,s2.905697507,s25.930503281
113_32,s4.275273427,s-5.513445458,s202.763231974
113_33,s-6.036172572,s-6.254497983,s82.893203673
113_34,s5.323785808,s-0.584272095,s100.354335677
113_35,s3.337076021,s-3.748984518,s357.592924908
113_36,s-5.966493199,s0.768825167,s17.732603300
113_37,s-6.039729375,s-0.206640172,s26.986967481
113_38,s-2.393179442,s-5.179849170,s171.260305117
113_39,s0.128179476,s-2.971531216,s326.347874838
113_40,s-1.774496254,s-1.830791564,s274.661151523
113_41,s-1.734527278,s-2.770265030,s266.168087270
113_42,s-0.914276913,s3.973807000,s309.338910161
113_43,s-3.235972893,s0.817909217,s4.583875061
113_44,s6.051045215,s-5.659962176,s26.695101046
113_45,s-0.113478894,s-1.440853442,s44.363942122
113_46,s4.360273746,s-0.146543824,s261.600689422
113_47,s4.284678058,s-0.414700829,s177.678148310
113_48,s-5.734365793,s4.368642716,s145.277378110
113_49,s5.126521707,s3.627346079,s170.734659278
113_50,s-2.603206769,s-0.449208003,s1.427650685
113_51,s-4.858464951,s0.834400329,s183.949564133
113_52,s-0.873281282,s-1.892742157,s189.841342747
113_53,s1.886382402,s5.821442669,s227.929167428
113_54,s0.416668522,s2.597421960,s124.695888739
113_55,s-0.142216211,s4.235805389,s56.985327071
113_56,s5.941779792,s-0.053438415,s293.450899684
113_57,s2.557314823,s-2.259517440,s200.058843980
113_58,s5.055461106,s-2.703044118,s88.339905285
113_59,s4.616386255,s5.320165829,s255.884545596
113_60,s-4.664011864,s5.780540342,s340.012338566
113_61,s-4.790083706,s4.115041828,s240.186580828
113_62,s-6.037398058,s4.878376881,s270.279834768
113_63,s-2.948760253,s-1.958327816,s8.409545925
113_64,s-6.159326176,s2.946574579,s187.268567362
113_65,s0.549325409,s1.677027192,s169.784123571
113_66,s-2.138122196,s4.742121491,s38.012434604
113_67,s-0.685603114,s5.800369386,s270.862649968
113_68,s1.385873182,s4.332242634,s273.561940578
113_69,s2.427834727,s5.873168041,s180.331047432
113_70,s-4.046820276,s3.452615784,s164.660543148
113_71,s2.941799993,s5.765068144,s160.049300104
113_72,s-2.871377243,s3.531622751,s20.335120263
113_73,s5.913048490,s5.297009251,s111.754784190
113_74,s-5.503387959,s-2.179806448,s32.900822185
113_75,s5.966933270,s1.932089211,s301.779623893
113_76,s3.047964467,s1.457201271,s235.633920475
113_77,s-3.751417674,s5.219115777,s37.785297711
113_78,s1.871841370,s-0.325031942,s72.751354750
113_79,s3.129221850,s-1.659795577,s77.701373348
113_80,s3.597299039,s0.357592080,s157.259388124
113_81,s3.731192792,s5.192108928,s162.781354277
113_82,s1.040668003,s2.345943897,s0.656959197
113_83,s1.125212349,s5.518626113,s120.120628987
113_84,s-3.103821839,s5.870275068,s250.007703714
113_85,s2.283784216,s-3.975541198,s108.410281527
113_86,s-3.222909333,s3.283911211,s181.963385102
113_87,s2.932418134,s-0.382413886,s214.246886312
113_88,s2.871051982,s2.501928111,s336.731091552
113_89,s0.558864866,s-4.749781479,s280.172066056
113_90,s-1.431862872,s3.238639993,s5.641264690
113_91,s0.784912371,s3.577980710,s150.617951719
113_92,s3.939852425,s2.910967806,s146.043645598
113_93,s2.966450980,s-5.228619191,s80.294942164
113_94,s6.126517780,s2.916755390,s53.521731530
113_95,s6.057054525,s5.692661746,s267.991874581
113_96,s-0.954055857,s3.665726500,s85.095721650
113_97,s-1.511159628,s1.372030172,s120.754031928
113_98,s-5.440614181,s2.613454889,s328.768550051
113_99,s-5.364968620,s3.222815469,s354.794565967
113_100,s-5.394078212,s5.277399620,s105.312638021
113_101,s-1.177850131,s-3.721558348,s135.881580666
113_102,s4.780129847,s-1.144417044,s46.838423494
113_103,s0.765020595,s4.811800125,s328.492149932
113_104,s-1.483832220,s1.916770522,s164.161595566
113_105,s-1.208806681,s5.706552833,s329.514088689
113_106,s0.081098108,s5.517158343,s113.170948794
113_107,s3.158391347,s4.365484859,s315.514605885
113_108,s5.283445906,s2.065397394,s144.073803057
113_109,s-4.207921215,s4.513727129,s204.068520242
113_110,s-5.036268092,s4.957031934,s57.302444950
113_111,s-2.686038460,s5.816710168,s11.075894697
113_112,s-4.251933703,s5.265046359,s104.738532193
114_0,s-6.376741560,s-0.377225640,s106.091016103
114_1,s-1.968118913,s-4.113322687,s256.855665916
114_2,s-5.586800249,s-6.029174366,s179.877746329
114_3,s-3.002577235,s-1.946102902,s204.338657296
114_4,s-0.582673330,s1.675608264,s83.891120919
114_5,s6.432600390,s-1.327972327,s215.829877615
114_6,s-0.835261743,s-6.290303916,s45.229286771
114_7,s4.949664992,s-6.059337033,s55.097745547
114_8,s3.759050142,s-4.147738597,s3.254387408
114_9,s1.822117777,s1.478454289,s8.521452696
114_10,s2.379397639,s-0.039251708,s157.176663228
114_11,s5.691117541,s-5.748573524,s79.022191138
114_12,s-4.524802310,s-4.200399189,s217.119882462
114_13,s-5.870246030,s-2.490465664,s201.216487316
114_14,s-4.742633783,s2.585189555,s9.007197277
114_15,s-5.854307237,s2.283503144,s69.628460757
114_16,s-3.554246153,s-0.253436476,s308.697340568
114_17,s2.319993419,s3.098424021,s77.528206573
114_18,s-0.595372620,s-4.476165823,s255.602269211
114_19,s-0.889345977,s4.161008485,s135.201824929
114_20,s-3.697864510,s-4.754992897,s161.872030653
114_21,s-0.191861225,s1.645464701,s79.601840491
114_22,s4.069664696,s0.057724122,s101.058378919
114_23,s5.914077942,s0.640540242,s274.621996116
114_24,s-3.498368325,s4.219290928,s201.408581926
114_25,s-3.865007803,s-1.694839397,s154.153119911
114_26,s1.545933219,s0.179121696,s131.351869892
114_27,s-4.775667794,s-2.737092787,s186.029224536
114_28,s-5.690656379,s5.906005263,s164.530086366
114_29,s-1.503582827,s-3.885600477,s22.685816333
114_30,s3.603635015,s3.515031399,s54.890516425
114_31,s0.730419601,s-6.146140671,s40.210779551
114_32,s1.018692629,s4.923048588,s123.971136170
114_33,s2.769336703,s-6.119699003,s156.239001944
114_34,s3.323236988,s4.259872771,s125.804430911
114_35,s1.897142019,s-4.441737149,s33.240827188
114_36,s-0.451567408,s-0.928119060,s1.581982375
114_37,s3.756449802,s4.264974615,s45.077219894
114_38,s-0.259439007,s0.606732630,s5.527357749
114_39,s0.799705465,s3.993517652,s183.743266396
114_40,s-6.369633109,s-5.534438914,s82.548574157
114_41,s1.733802041,s2.486953443,s149.155291193
114_42,s-1.607901312,s1.470369378,s301.598148038
114_43,s5.276730244,s3.175468218,s142.611749625
114_44,s6.145861104,s1.354849727,s337.459840620
114_45,s5.371296364,s-5.449110625,s163.398056541
114_46,s6.400270573,s6.181592234,s51.641372925
114_47,s6.314451231,s-3.656464504,s45.785595819
114_48,s-5.972598280,s1.489104681,s315.235490287
114_49,s2.964881329,s3.607971344,s2.513219867
114_50,s-2.175243518,s-1.979524158,s83.079305288
114_51,s-2.278535049,s-0.848054015,s282.692892351
114_52,s4.727377310,s4.632093418,s121.701439151
114_53,s-4.391359506,s3.914981026,s348.195426783
114_54,s5.542535404,s5.453270666,s166.348921392
114_55,s-0.449437894,s-3.658572400,s117.693133234
114_56,s1.614156981,s4.826007748,s64.166816802
114_57,s6.367137270,s2.348665253,s275.915506216
114_58,s5.158740064,s-2.564993178,s273.927247741
114_59,s5.142009863,s-0.194720537,s212.473353597
114_60,s-6.212652378,s5.275651231,s345.352363731
114_61,s0.105989935,s2.705649112,s244.247617179
114_62,s2.404477198,s3.950380228,s294.546247857
114_63,s-4.577864500,s1.016331809,s28.320111234
114_64,s0.742794445,s-1.035757459,s103.044608909
114_65,s-2.124977040,s6.314550834,s83.742404770
114_66,s3.184496045,s-1.079462343,s246.749739872
114_67,s1.279408884,s3.108531487,s47.685672753
114_68,s4.670147194,s3.477718998,s127.705040888
114_69,s3.391094218,s1.165144758,s68.497863822
114_70,s2.792047232,s1.600037417,s215.446834217
114_71,s6.185645680,s5.041886172,s290.755329760
114_72,s-3.019168886,s3.515589594,s110.189698668
114_73,s-1.812660652,s-2.828874327,s175.474454977
114_74,s-0.573131541,s6.353368675,s308.546315745
114_75,s-0.809378568,s6.260113038,s295.422341972
114_76,s-0.425419483,s-1.840440735,s251.822480764
114_77,s-6.130673744,s4.002446814,s118.472476908
114_78,s5.323335254,s1.156146218,s102.520624304
114_79,s-6.203018803,s0.818021671,s301.159734216
114_80,s-0.145085745,s4.948223336,s33.368117423
114_81,s6.370652336,s2.888914351,s329.332902255
114_82,s5.952440738,s6.240752415,s83.493118724
114_83,s1.385625903,s-6.205986373,s97.721373360
114_84,s-3.233742716,s6.312992082,s101.840161308
114_85,s-1.412931897,s2.563548984,s265.993096171
114_86,s-3.659720822,s2.744057220,s74.213528292
114_87,s1.488050383,s-3.085099799,s115.145532004
114_88,s-1.769270462,s5.264517212,s38.930810211
114_89,s-6.311177054,s5.521238531,s99.376348791
114_90,s6.393657493,s-0.401002471,s318.268088063
114_91,s4.023831750,s-2.801564236,s187.213668774
114_92,s5.350009900,s-0.991828085,s15.417714315
114_93,s3.427498296,s-0.588620400,s225.366854014
114_94,s3.648208045,s6.104072462,s184.653660920
114_95,s4.179686769,s2.564194551,s15.631079442
114_96,s-6.228337347,s4.756497930,s302.033338932
114_97,s-2.714651207,s5.192653939,s148.168142677
114_98,s4.224517099,s5.027748778,s51.902248132
114_99,s-4.918947080,s5.105243046,s54.329040589
114_100,s-2.016976906,s3.237668178,s185.615918261
114_101,s1.510160870,s6.020852762,s62.989840662
114_102,s6.126414796,s3.661625189,s35.070994160
114_103,s0.747490517,s5.941668247,s31.744593975
114_104,s4.681484231,s6.286218387,s127.636804293
114_105,s1.525043614,s6.405202140,s98.914409314
114_106,s-4.315661361,s2.645758580,s308.440004560
114_107,s4.466989561,s3.955090293,s171.982499350
114_108,s-2.561312519,s0.785074047,s163.682009162
114_109,s-2.170985929,s4.274674196,s82.607837724
114_110,s-4.108432141,s4.619143965,s64.574502391
114_111,s-6.303148597,s6.356222592,s228.182468232
114_112,s2.873482038,s6.204999695,s72.695501997
114_113,s-5.211602323,s5.011296480,s85.540400695
115_0,s-4.699016918,s-1.963025770,s35.767193129
115_1,s-5.943755070,s-6.364708149,s47.933480623
115_2,s-0.816798512,s-4.987392261,s20.705561491
115_3,s-4.964160817,s-3.557215759,s135.971424190
115_4,s-5.933135252,s-2.850538543,s306.760807856
115_5,s4.148954759,s3.613975003,s161.971999366
115_6,s2.526008165,s-3.052553489,s223.940066856
115_7,s-2.713123543,s4.556979967,s54.531194810
115_8,s1.492661096,s-2.205412176,s242.167939835
115_9,s5.213328229,s-3.487437095,s252.517712751
115_10,s5.106637116,s-2.507328609,s27.432876701
115_11,s4.882667909,s0.782745350,s75.864352542
115_12,s-2.502907344,s-6.443898158,s4.673641643
115_13,s-1.674614763,s-3.047965329,s333.158768437
115_14,s-3.199750683,s0.393307334,s167.695608483
115_15,s-5.395902940,s-0.395498433,s61.361125213
115_16,s3.025440943,s-0.285427382,s210.358705851
115_17,s-1.195773103,s-6.572479793,s188.348797944
115_18,s-0.829076017,s-2.921511571,s287.494031401
115_19,s-0.038684072,s-3.381809889,s226.066286904
115_20,s3.272465289,s2.506850097,s248.310766617
115_21,s5.497397731,s-0.866167813,s175.202720923
115_22,s0.359113704,s2.891967066,s20.998798686
115_23,s6.817425770,s-2.597831079,s243.529836105
115_24,s-6.668204366,s6.672172334,s242.267670346
115_25,s-6.434416446,s-2.582708553,s241.798145367
115_26,s0.069585811,s-4.261974401,s29.341920307
115_27,s-6.928229850,s-1.578121794,s49.170759846
115_28,s-1.455446940,s-4.150445133,s225.645109412
115_29,s3.514101758,s-2.087615616,s97.069047936
115_30,s6.560481628,s2.326585229,s16.046921892
115_31,s3.310876272,s-0.725299467,s29.244142589
115_32,s2.485043506,s2.162028428,s262.323757801
115_33,s6.013985808,s-4.384571174,s88.810637490
115_34,s2.743920870,s-5.984647284,s91.513640398
115_35,s6.769184414,s-1.692768647,s168.335535625
115_36,s-6.899154299,s1.251666380,s303.348452659
115_37,s-3.414126546,s-1.155954716,s239.396379275
115_38,s3.141068181,s0.446776662,s338.098368871
115_39,s0.861083921,s-0.903278911,s90.765812265
115_40,s-1.222893264,s0.277484639,s352.087247303
115_41,s5.252405719,s5.862673663,s9.134702028
115_42,s6.713000012,s5.513636018,s286.203872028
115_43,s4.415999785,s6.316306503,s206.330795453
115_44,s4.715717160,s-0.001302893,s266.868465531
115_45,s-5.957163617,s1.566261898,s254.463668965
115_46,s-0.067388347,s1.547940049,s58.827592468
115_47,s5.386603579,s1.888460567,s185.507375195
115_48,s-4.750631205,s4.224617634,s319.717027876
115_49,s-0.592040942,s1.461197470,s232.099013828
115_50,s-3.738770460,s-0.933160422,s107.826703040
115_51,s-5.288833268,s0.505223031,s304.913420830
115_52,s-5.733103305,s0.917637307,s260.683434352
115_53,s-1.607172714,s6.077441361,s119.328003720
115_54,s2.419531680,s-4.308882719,s354.807594100
115_55,s2.414905939,s-1.700999837,s197.005771937
115_56,s5.683936359,s0.413682628,s201.652019286
115_57,s5.422153241,s4.201209346,s23.000147198
115_58,s3.151642212,s5.655508616,s260.233935201
115_59,s6.711856978,s-1.069534764,s229.617563897
115_60,s-3.904087359,s5.922520041,s232.070387155
115_61,s-3.000839608,s-0.603711044,s36.775065762
115_62,s-5.010025469,s3.145484159,s56.264355955
115_63,s-1.977409062,s2.414106915,s119.510286218
115_64,s-3.574926643,s2.286411260,s287.108904870
115_65,s0.091197047,s-1.658260729,s107.395939602
115_66,s4.975243650,s1.450732587,s179.237796243
115_67,s6.872736742,s4.746247118,s10.742885289
115_68,s5.200248623,s6.600079505,s269.344376716
115_69,s5.724248299,s4.995375508,s150.434760446
115_70,s6.810923006,s1.791773607,s196.413422562
115_71,s0.694342389,s1.062173327,s221.868831692
115_72,s-6.920934105,s5.303678209,s344.564895911
115_73,s-1.531135210,s6.621608812,s60.457175218
115_74,s-6.767698875,s-5.390402426,s200.848102166
115_75,s-3.645755294,s-3.395212359,s210.125900701
115_76,s-4.271942570,s5.775786800,s179.150998818
115_77,s-0.684527433,s5.150530836,s72.404372080
115_78,s-0.724319378,s-1.499754830,s118.330977415
115_79,s-6.788360991,s1.796551241,s354.714396175
115_80,s1.438509404,s5.294371368,s160.723159966
115_81,s1.050501007,s-3.368815123,s136.936478212
115_82,s6.872736742,s6.580448229,s187.293674319
115_83,s4.733412425,s2.644953760,s264.335645732
115_84,s-3.891078517,s5.017149384,s82.913165410
115_85,s-5.765275551,s3.823584426,s44.490228752
115_86,s-5.809929662,s6.385788731,s91.315094352
115_87,s1.315039869,s6.068453992,s69.040567919
115_88,s-6.892373538,s2.514838861,s27.953121187
115_89,s-2.476028280,s0.112456932,s223.601258318
115_90,s-0.487852530,s3.570961942,s76.220047288
115_91,s4.889020017,s5.072270926,s190.769769045
115_92,s-2.601605395,s5.057447022,s246.869261138
115_93,s-4.843399127,s6.672172334,s329.858370513
115_94,s-0.758633989,s4.919443990,s237.908747956
115_95,s-0.730138178,s6.646810714,s160.324376363
115_96,s-2.497026393,s6.561049121,s267.812281845
115_97,s-3.261498253,s4.098848622,s26.001422703
115_98,s-0.155674556,s0.332551768,s224.778900511
115_99,s3.401632681,s4.243058847,s121.101556663
115_100,s1.551061207,s1.587453274,s230.451631494
115_101,s3.122648196,s6.261821317,s203.754709063
115_102,s-1.170889746,s5.911639997,s142.719864132
115_103,s1.940276529,s5.030230748,s263.353515416
115_104,s2.429747130,s6.651450466,s283.338241158
115_105,s0.733785298,s3.658959891,s76.522331646
115_106,s6.293324692,s6.529673087,s301.497558150
115_107,s3.652910659,s3.656858072,s130.999435300
115_108,s-4.976073289,s6.222300376,s34.449124152
115_109,s-6.184382601,s5.164483826,s316.838890432
115_110,s-0.019073574,s6.671153120,s125.721767460
115_111,s0.332321640,s5.667421912,s98.384759068
115_112,s-1.115270076,s3.274808603,s289.344609652
115_113,s4.078042271,s5.347419865,s144.859116888
115_114,s-4.415984299,s1.506893496,s326.677455891
116_0,s-6.550211678,s-3.577483256,s233.166973265
116_1,s-6.628510302,s2.016805544,s54.734347532
116_2,s-2.433467685,s-1.871406359,s182.167147682
116_3,s-4.738424505,s-6.537625788,s268.986919006
116_4,s-2.406847172,s-3.880509689,s83.152829738
116_5,s-2.179859755,s-5.217852337,s289.247051772
116_6,s0.684406380,s-1.795618808,s169.656924188
116_7,s4.273011499,s-2.773515126,s80.747792096
116_8,s3.501964408,s-1.639184560,s342.185472596
116_9,s5.388540527,s-5.359141149,s139.768875156
116_10,s4.652754357,s0.098637177,s231.648157160
116_11,s1.457175734,s4.179396502,s325.247334083
116_12,s-0.864484158,s6.002239741,s156.551499163
116_13,s-4.694133118,s-2.288273658,s225.112114180
116_14,s-5.776743468,s-6.603386210,s56.394654662
116_15,s0.536147403,s-5.578151069,s254.774994414
116_16,s5.318287000,s3.228324009,s81.494098613
116_17,s3.449013091,s1.040839640,s122.686363106
116_18,s-0.631604109,s-6.686529241,s146.628019976
116_19,s3.461678694,s-0.328014799,s163.379841742
116_20,s6.694722979,s-0.681007879,s85.361862121
116_21,s5.385840412,s-1.219287830,s256.582304240
116_22,s6.786178971,s-4.108653388,s129.299112578
116_23,s6.069914500,s6.151001021,s81.123672858
116_24,s-5.464740054,s-4.545470132,s299.770781616
116_25,s-4.373133971,s1.260377757,s339.838455683
116_26,s-1.123919545,s0.505118979,s152.363051423
116_27,s-2.347174177,s-0.326884560,s126.980852941
116_28,s-5.876882827,s-2.183643453,s19.659114165
116_29,s4.048768492,s4.415986727,s290.422895657
116_30,s1.517501111,s3.128364801,s173.154539384
116_31,s4.493031718,s1.347007241,s241.763439048
116_32,s4.905085768,s1.965645319,s37.821835114
116_33,s-1.431505927,s-3.675723463,s226.872102348
116_34,s-2.847074619,s-6.901522015,s195.030664164
116_35,s-6.711208530,s0.733241651,s110.662446282
116_36,s-3.297725697,s-5.857553441,s187.347431843
116_37,s-3.955016646,s-5.270774439,s110.502835518
116_38,s-4.113817806,s6.904154098,s307.592783263
116_39,s-3.198570030,s-1.541697415,s55.614980314
116_40,s-5.793039769,s0.543647002,s108.111074664
116_41,s-0.764620967,s-1.551731603,s161.766495359
116_42,s3.157926147,s1.551370781,s245.713776648
116_43,s2.308151293,s-1.891126844,s2.906198085
116_44,s2.979640059,s6.196564398,s218.471004282
116_45,s5.626412932,s1.079065346,s83.444774416
116_46,s5.461895296,s-0.400929526,s68.765742561
116_47,s0.315528757,s-2.940322354,s46.031813451
116_48,s-4.970775854,s6.640349604,s327.977646309
116_49,s-4.592061261,s6.904154098,s143.203531563
116_50,s-1.493656910,s-0.569681020,s350.163518657
116_51,s6.674252022,s-1.746048410,s346.732518625
116_52,s-6.786839806,s4.000053132,s248.125107035
116_53,s-6.651030729,s4.895040657,s23.784303430
116_54,s-0.656307491,s6.487140151,s216.474314944
116_55,s4.574291482,s5.576013832,s41.570703988
116_56,s4.330491640,s2.508927001,s64.619547280
116_57,s-5.259940521,s3.883158446,s261.838816615
116_58,s1.354063263,s-5.151161261,s71.991175669
116_59,s2.780840871,s5.511067872,s238.110368474
116_60,s-2.298104456,s-2.856861580,s306.101893018
116_61,s-5.921612923,s0.581508511,s84.493165513
116_62,s3.625805627,s0.256813302,s152.564973394
116_63,s2.718956457,s6.876952171,s279.160460801
116_64,s-3.968991888,s5.797312115,s92.525596693
116_65,s1.471157509,s-0.928029253,s232.469338545
116_66,s-0.606707057,s1.355666744,s114.659904491
116_67,s5.514373779,s5.119769357,s85.957425825
116_68,s2.115689901,s2.260712537,s290.207572828
116_69,s6.178642932,s4.370384174,s206.046127533
116_70,s6.600376762,s5.554357732,s5.901176433
116_71,s6.388334509,s2.634871551,s55.614804974
116_72,s-4.407380074,s5.714606465,s321.535872514
116_73,s-5.305539837,s3.557636256,s333.989268622
116_74,s-6.499470547,s2.658724929,s96.902400398
116_75,s2.368810059,s3.980942453,s121.142088711
116_76,s-3.379916393,s2.128187167,s102.379466046
116_77,s1.799922527,s5.676650898,s132.740975672
116_78,s1.181197325,s4.818520499,s70.445078842
116_79,s3.429132382,s2.344222077,s8.812463087
116_80,s6.927160499,s4.306619282,s96.564498223
116_81,s-0.338426612,s2.622888663,s274.171017683
116_82,s6.978948617,s0.820591849,s323.058420192
116_83,s3.014777716,s-3.938427695,s247.980298343
116_84,s-5.738584093,s5.469986445,s111.795157556
116_85,s-6.563997294,s6.755457632,s49.634399695
116_86,s-4.993605559,s0.754060644,s283.422012388
116_87,s-0.951179311,s3.686319794,s70.780928346
116_88,s-1.723849074,s6.795579578,s96.253768233
116_89,s-2.823969230,s4.776957697,s272.665731364
116_90,s1.903209875,s2.107099881,s43.026355584
116_91,s0.176595016,s3.573008267,s125.124390978
116_92,s6.170856862,s3.326507466,s72.906863190
116_93,s-1.750723219,s4.982164699,s152.126256181
116_94,s4.017080481,s6.860956025,s272.456565624
116_95,s5.482374924,s1.742184980,s104.780973176
116_96,s-6.501273356,s5.410264717,s358.879687463
116_97,s-6.352862079,s4.073203285,s121.347952904
116_98,s-1.691915475,s0.882452999,s216.879112001
116_99,s-2.770288463,s5.841852552,s264.864787581
116_100,s-1.955918679,s3.784444782,s106.723805062
116_101,s2.183141201,s6.092089242,s132.107794358
116_102,s6.427875803,s6.806462993,s350.970326481
116_103,s-4.084496820,s4.470110589,s153.908643840
116_104,s3.801799824,s3.117539902,s285.028227779
116_105,s-2.464817045,s6.733675438,s350.098277568
116_106,s5.127482180,s6.904154098,s344.258832009
116_107,s1.621041795,s6.543584272,s325.829742681
116_108,s-0.233987867,s4.572385824,s86.818455401
116_109,s-5.733531131,s6.857060228,s12.987102985
116_110,s-3.875853852,s6.632311776,s336.172926753
116_111,s-5.203141472,s2.758511998,s359.474428560
116_112,s0.729968706,s6.087433085,s39.032002597
116_113,s-0.091975228,s5.177647211,s337.668396218
116_114,s4.348943425,s-1.814516437,s138.103179303
116_115,s6.982671665,s6.250581877,s204.697906751
117_0,s-5.425954911,s0.108691535,s335.723302651
117_1,s-4.023127168,s1.785191630,s153.041241981
117_2,s-6.310783273,s-4.182231901,s36.839349587
117_3,s-1.572712303,s-3.283948665,s202.229521156
117_4,s-0.143091090,s-5.406016006,s140.403590650
117_5,s-3.817824620,s-2.831559528,s27.877752575
117_6,s5.340646613,s1.595099097,s311.134166881
117_7,s-4.772401755,s-5.876074657,s192.250811993
117_8,s4.922505424,s-0.939754808,s221.733579873
117_9,s5.140211346,s-2.566014297,s260.381768755
117_10,s2.288436502,s-2.759529489,s175.481341661
117_11,s6.271081192,s-3.245070204,s0.415650789
117_12,s-1.483335693,s2.043687546,s158.519115342
117_13,s-4.865705236,s0.997678102,s214.950811009
117_14,s-6.448239137,s-5.666516986,s147.086728066
117_15,s-4.258017969,s5.468532524,s68.965815649
117_16,s5.992533492,s-5.418482972,s106.522556431
117_17,s3.733787095,s-3.839541925,s214.737909956
117_18,s3.038697789,s-5.375860025,s188.737706804
117_19,s1.661118104,s-2.268289833,s314.545033911
117_20,s3.962030787,s-5.201168240,s168.887785979
117_21,s0.016139746,s-6.321798691,s201.560210847
117_22,s-1.136537766,s-6.292939905,s245.337042781
117_23,s4.774201541,s-2.713148108,s357.933230387
117_24,s-4.671379364,s-1.726138863,s254.643036358
117_25,s-3.958617892,s-3.357781998,s268.447150421
117_26,s-2.913953206,s2.313679551,s155.267498065
117_27,s-6.079503093,s0.499971709,s28.044819779
117_28,s-4.556789342,s-4.481834047,s2.369651401
117_29,s-6.447328266,s-6.410513861,s242.865036634
117_30,s4.484422608,s4.688072905,s298.627023673
117_31,s4.704312539,s0.175712674,s40.810691077
117_32,s3.705684077,s6.164039526,s280.826873717
117_33,s4.847434804,s3.558103102,s45.905456092
117_34,s1.451080805,s-4.527355374,s182.996342168
117_35,s-0.881237642,s4.973351735,s206.942609853
117_36,s-0.011102656,s-0.218106869,s246.147064957
117_37,s-4.830140883,s4.794933816,s57.893525211
117_38,s-3.796668750,s-2.450475675,s265.223454562
117_39,s0.491878713,s0.214730689,s207.542975468
117_40,s3.170652058,s-0.517737399,s180.742863297
117_41,s-6.224089784,s6.287278505,s13.299186388
117_42,s4.168030752,s-3.046148036,s309.792607175
117_43,s2.260729367,s-1.384436882,s226.462005667
117_44,s-1.772457062,s-5.033326008,s58.355095101
117_45,s6.102765066,s-1.956282885,s282.494431364
117_46,s6.280577845,s-0.794428501,s329.148297191
117_47,s2.255626164,s-0.054932287,s349.468169895
117_48,s-1.007968486,s-0.693754465,s223.402796773
117_49,s-6.416293758,s3.376129793,s165.150262401
117_50,s-1.055750899,s1.523459645,s260.392047222
117_51,s-2.998408588,s-1.075874598,s2.818893921
117_52,s-6.219846420,s2.702209432,s106.584334023
117_53,s1.543751497,s3.754472743,s288.359121411
117_54,s-2.372197063,s-0.345303192,s332.402625326
117_55,s6.198823149,s5.932729423,s159.813723655
117_56,s3.590815685,s2.223820539,s89.476836585
117_57,s4.212131427,s-2.266317097,s77.553296938
117_58,s-1.797353609,s4.292392894,s143.515397907
117_59,s6.048162501,s2.486332733,s275.538146759
117_60,s-4.540290872,s1.995155555,s99.028439875
117_61,s-3.379483057,s-5.842568256,s164.463862379
117_62,s-6.361421655,s-0.994104164,s162.054187702
117_63,s3.082627985,s5.695248746,s346.578623839
117_64,s4.123205325,s-1.077747008,s46.065444874
117_65,s-2.831855365,s3.537904293,s125.322628952
117_66,s-5.967137065,s4.121652750,s162.573364936
117_67,s2.520207198,s-2.028833933,s120.394238453
117_68,s-1.262459578,s6.033142344,s294.335279369
117_69,s6.115298429,s0.476434122,s128.545922206
117_70,s5.230921422,s5.637798561,s85.862125815
117_71,s6.195571730,s0.605046158,s67.290221847
117_72,s5.309804674,s-3.961554457,s20.322203847
117_73,s-4.313437868,s-0.141509429,s331.787387609
117_74,s-5.390094584,s3.246598044,s308.332167203
117_75,s2.363647052,s5.075271068,s102.470708180
117_76,s1.201440507,s6.192637615,s224.015822435
117_77,s2.882489683,s1.191242863,s312.457409841
117_78,s2.021854756,s4.951663607,s69.230308031
117_79,s-4.822915478,s-0.459378044,s268.178263995
117_80,s-4.094008130,s0.129414243,s180.118951441
117_81,s5.564879084,s3.281577680,s55.826262147
117_82,s5.082646601,s6.269020915,s24.511931135
117_83,s2.375362471,s2.485162117,s326.056194118
117_84,s-5.530144324,s-2.417602977,s293.545969852
117_85,s-2.532946183,s5.566647492,s181.996999234
117_86,s3.474168984,s6.306555154,s127.680100836
117_87,s-1.540989143,s2.439201952,s247.598606511
117_88,s-3.659427687,s-0.966298346,s99.851820419
117_89,s0.503995036,s1.576977067,s38.571747146
117_90,s-2.442858316,s4.738586113,s303.205664114
117_91,s6.030862517,s6.356075009,s84.133725945
117_92,s1.269499186,s1.628684682,s305.132054217
117_93,s6.280577845,s3.466698544,s241.943762963
117_94,s-3.159585917,s4.492688022,s308.670469984
117_95,s5.972162872,s4.525981580,s206.713897918
117_96,s-6.366537886,s4.992353363,s174.750639776
117_97,s2.854496105,s6.315521145,s102.737625829
117_98,s0.158277573,s-1.918659697,s154.223520853
117_99,s-3.880975727,s2.484878726,s128.593543662
117_100,s-6.383002194,s5.118937165,s163.897437085
117_101,s3.107017465,s3.675283912,s89.404619293
117_102,s1.859467668,s3.185108511,s144.742998632
117_103,s-4.592849264,s5.650124413,s271.864187979
117_104,s-1.756978296,s-0.953388078,s20.052731753
117_105,s-4.401437863,s6.355061873,s199.691775274
117_106,s4.024787951,s2.060691988,s149.421623240
117_107,s5.633312974,s3.801360730,s282.598179987
117_108,s-4.176959950,s3.013094706,s333.851616060
117_109,s1.259979741,s0.354281072,s5.346188060
117_110,s0.889003942,s-3.630228091,s330.689269682
117_111,s-2.744733036,s4.015533735,s154.715905103
117_112,s-5.128006681,s6.309076190,s107.637829376
117_113,s-1.325418953,s3.414335674,s144.142830269
117_114,s5.479723980,s5.123142624,s328.531160901
117_115,s1.949364248,s3.800723411,s331.589056989
117_116,s1.793347760,s1.816190125,s9.342098888
118_0,s-2.110868400,s4.683864469,s62.900146811
118_1,s-5.957747585,s-3.532804302,s243.027062324
118_2,s-6.744859073,s2.180380639,s183.961011219
118_3,s1.655937479,s-5.673944854,s245.769047618
118_4,s-3.802376295,s-2.947108342,s32.492577456
118_5,s-0.222546177,s-4.506074515,s138.180851794
118_6,s3.095487183,s0.576669281,s350.167182267
118_7,s-0.487625710,s-6.726056547,s94.294046102
118_8,s6.669195912,s-5.056174556,s208.274513759
118_9,s3.384424218,s2.628695683,s19.717642588
118_10,s6.003251921,s-5.803530877,s275.126586476
118_11,s4.860959224,s0.732378781,s41.770213969
118_12,s-6.328230982,s-6.787616022,s0.905985388
118_13,s-1.988775279,s-5.597869732,s357.090793108
118_14,s-4.112420999,s-3.871784704,s217.349139113
118_15,s-1.864504118,s-0.414372778,s327.924414311
118_16,s-2.050403761,s-7.043380835,s61.817104030
118_17,s-5.039098070,s-4.596084555,s16.094452589
118_18,s2.304348055,s-3.102321138,s279.040870728
118_19,s3.748526436,s-2.292221920,s212.667520141
118_20,s2.025894222,s0.338425309,s29.639855421
118_21,s5.024291112,s5.046470980,s102.381088904
118_22,s5.843347886,s-3.387457827,s18.632512593
118_23,s4.988138713,s-4.021012152,s36.819725722
118_24,s-6.529033651,s5.185090252,s5.009633762
118_25,s3.491139458,s-3.939915448,s194.548927507
118_26,s-6.742228303,s-2.933793309,s217.235004432
118_27,s-0.777992932,s-4.169347667,s44.125986424
118_28,s-5.000041954,s3.910208226,s27.895596833
118_29,s-0.736946082,s0.030607621,s75.038077729
118_30,s-4.224430738,s1.611241147,s167.023062367
118_31,s-5.371410232,s4.406484231,s336.041430405
118_32,s-3.880251820,s-5.199894006,s249.879133319
118_33,s-2.815869164,s4.451345373,s252.199206457
118_34,s-3.991766235,s4.578817511,s261.173967627
118_35,s1.125661730,s2.873639011,s293.101273415
118_36,s0.282539512,s0.028266112,s353.540207695
118_37,s-5.616867585,s3.854341060,s159.170017285
118_38,s2.229898522,s-1.313925626,s356.322859167
118_39,s-5.422393954,s5.145864696,s127.263122296
118_40,s3.604497917,s2.981888986,s343.581792802
118_41,s-0.968664885,s1.157500303,s196.139069766
118_42,s-3.656432216,s3.024388311,s232.444668184
118_43,s2.530618206,s-6.056896759,s218.011724272
118_44,s0.135513724,s5.014876519,s282.966013491
118_45,s6.445985882,s-0.963187137,s249.473422609
118_46,s6.858355746,s0.014033569,s134.301073617
118_47,s4.736133541,s6.556088518,s354.124877937
118_48,s-4.457029265,s6.462649555,s88.924575560
118_49,s0.289283616,s3.081935000,s294.988494520
118_50,s-3.165376326,s-0.312517451,s326.131407960
118_51,s-6.889399273,s-0.712926494,s307.863871421
118_52,s-3.464652539,s6.498333496,s330.694835892
118_53,s1.037211275,s5.571956867,s310.291774928
118_54,s-4.994613477,s2.169523428,s163.379168537
118_55,s-2.793412087,s0.609938871,s257.865187640
118_56,s-0.407692029,s5.348320691,s142.264999627
118_57,s6.834145832,s-2.781821712,s144.192759877
118_58,s-4.851190607,s-2.552283602,s128.502082822
118_59,s6.865255304,s4.204814060,s335.712823938
118_60,s-5.336112299,s-0.093586118,s276.063475396
118_61,s-1.769485227,s2.949573827,s218.248680806
118_62,s1.086258594,s4.529617999,s168.688415413
118_63,s-4.594211044,s0.329532733,s266.730992778
118_64,s0.008624202,s1.278691948,s184.683510597
118_65,s6.697342304,s-0.162909596,s298.255436850
118_66,s2.762851445,s0.946933646,s309.232520720
118_67,s0.820006706,s-1.300975009,s13.500731796
118_68,s6.556959656,s0.874120176,s25.660219237
118_69,s6.123238240,s3.923807494,s143.394515227
118_70,s5.117064751,s5.493344418,s127.803943507
118_71,s-2.630028320,s-4.369722256,s191.713942219
118_72,s1.846994253,s5.897956717,s157.421544942
118_73,s-1.440710963,s-1.148378071,s298.175929772
118_74,s-4.378696594,s5.090765754,s288.804321426
118_75,s-6.598056018,s4.134155802,s344.415214657
118_76,s-4.806395138,s-0.808570031,s104.321055063
118_77,s2.933538070,s5.302241810,s331.461946588
118_78,s5.849117076,s-2.048164197,s234.148500534
118_79,s0.934008148,s1.527655848,s43.084391106
118_80,s2.651135415,s3.013493803,s149.642010254
118_81,s0.907780268,s-2.324848581,s203.308966095
118_82,s2.550168050,s6.544627154,s69.672526692
118_83,s5.941915420,s2.694706841,s197.383314029
118_84,s-5.404073301,s5.898795262,s38.709441540
118_85,s-6.017355788,s1.700970158,s280.022711360
118_86,s-6.511819112,s0.861010726,s309.628692187
118_87,s-3.597566470,s5.537176667,s174.852026257
118_88,s-2.989638228,s1.329704713,s21.036933717
118_89,s1.674466913,s6.580898983,s190.757303358
118_90,s-1.586715830,s6.441932063,s154.391528397
118_91,s4.107199734,s4.221498759,s210.350474491
118_92,s-0.834640304,s4.470580130,s7.746745205
118_93,s4.427435691,s-2.043504843,s230.092532455
118_94,s3.665456758,s5.978448411,s155.608620735
118_95,s4.730838800,s2.499856588,s143.109965520
118_96,s-4.832541616,s2.775743894,s32.290420673
118_97,s-3.088553757,s5.925214726,s244.765303708
118_98,s-1.539678973,s3.658030684,s320.335836543
118_99,s-1.311680292,s2.135735374,s215.616979560
118_100,s-3.320923661,s-4.136355374,s249.728443972
118_101,s-1.938335118,s4.186439712,s62.558091594
118_102,s-5.050923918,s-3.210157569,s275.785475099
118_103,s1.858955267,s3.330275154,s168.506160462
118_104,s4.306610653,s5.275685162,s274.442246464
118_105,s4.946485729,s3.153734829,s45.345167954
118_106,s4.239021644,s1.439886577,s170.275397524
118_107,s5.811468207,s6.130982471,s166.373193325
118_108,s3.111773932,s3.680731309,s283.237161977
118_109,s-2.877051307,s-2.169137755,s258.120990084
118_110,s-3.880062433,s6.511391651,s80.445809113
118_111,s1.954259406,s2.259699296,s308.064482509
118_112,s1.909290109,s-3.377850254,s201.540535684
118_113,s0.258475213,s5.665021904,s76.344916303
118_114,s-6.830852582,s6.358734336,s45.557866309
118_115,s-0.246044742,s3.855298158,s351.946435123
118_116,s6.630706891,s5.886760903,s286.904559608
118_117,s6.691072749,s2.832725850,s40.115561022
119_0,s-1.644080206,s-1.022059293,s255.826314012
119_1,s-6.434945139,s-4.058653631,s290.558929207
119_2,s-6.952635863,s-0.482954494,s343.871801307
119_3,s-6.483834031,s-6.187871028,s316.590925451
119_4,s0.553054564,s-6.531130198,s144.607764197
119_5,s-4.001393755,s-5.502821238,s110.967037335
119_6,s-4.871518243,s-4.150938954,s184.945400309
119_7,s6.849246584,s-1.800552674,s269.822356475
119_8,s2.122431638,s-7.129754729,s20.869378511
119_9,s3.935251390,s-7.069497666,s319.895956195
119_10,s-1.126888189,s-4.479250377,s67.664376977
119_11,s4.698017049,s-2.849913835,s139.188958009
119_12,s-4.453547521,s-2.911396079,s127.275712459
119_13,s-2.329911472,s0.521713533,s175.348523108
119_14,s-6.961073289,s0.692786654,s227.471220574
119_15,s-3.797933841,s-3.990318334,s96.319702489
119_16,s-3.578515695,s2.921910618,s353.002699159
119_17,s-0.804497795,s1.362730286,s170.544332798
119_18,s2.039471646,s-1.836350583,s1.211754774
119_19,s-5.879071747,s-3.661510501,s113.102446235
119_20,s4.869059189,s-4.072272616,s56.622262910
119_21,s3.241450938,s-0.871210345,s196.862134257
119_22,s5.976808783,s-5.064503936,s287.499088425
119_23,s6.893738521,s2.460064006,s312.370352434
119_24,s-1.909164814,s-2.778939624,s93.899360857
119_25,s-5.964423774,s2.022293391,s58.706908152
119_26,s-0.740336555,s-5.164331999,s278.931319485
119_27,s4.053793847,s3.246201806,s292.666907668
119_28,s-3.648873010,s-1.663183502,s230.336050186
119_29,s-5.408849011,s-0.586285080,s175.600234714
119_30,s-1.131921586,s0.889460952,s66.398431882
119_31,s-6.923453323,s-3.127950683,s114.873756371
119_32,s-0.549924704,s-2.470190969,s245.543220908
119_33,s-0.441306995,s-1.626856435,s170.823042266
119_34,s2.815464946,s-1.975565898,s329.386517909
119_35,s5.895510905,s-2.769393782,s345.877192658
119_36,s1.874230321,s-0.230296538,s310.757520347
119_37,s-2.668779226,s2.228148769,s200.008048694
119_38,s-6.902715563,s4.630046647,s211.802078966
119_39,s0.047652706,s6.592249824,s20.136147030
119_40,s-4.423276566,s6.346826781,s83.502411541
119_41,s-4.940006767,s0.793812022,s346.889419889
119_42,s-0.525247275,s-6.304118130,s135.625673702
119_43,s-0.262938845,s-0.586770570,s118.533415548
119_44,s1.915082619,s4.635023922,s87.663010506
119_45,s6.367788286,s0.443136393,s118.779322777
119_46,s4.848161586,s-0.909626803,s247.693100699
119_47,s-0.061031714,s1.400485568,s295.505396794
119_48,s-6.134808491,s1.063928228,s332.651074102
119_49,s-6.817500663,s1.710192308,s60.689543433
119_50,s-1.295926564,s5.731633946,s336.703222230
119_51,s-6.893467994,s2.764400612,s272.306403471
119_52,s-2.402855181,s6.288474742,s1.005343327
119_53,s0.735505514,s5.710423046,s140.878933689
119_54,s0.183712319,s0.734223998,s25.975368878
119_55,s-6.432224373,s3.698813948,s66.298659647
119_56,s3.714367619,s0.780824690,s316.881504432
119_57,s4.976702759,s3.337857238,s88.437096972
119_58,s6.347463597,s5.576466621,s15.108304330
119_59,s0.553699848,s4.420500661,s347.633802407
119_60,s-5.091089810,s6.643364961,s321.816062099
119_61,s-1.245475897,s-2.454451976,s173.083635716
119_62,s-2.598612312,s2.809258188,s75.420080020
119_63,s-1.517879950,s6.451102349,s54.278997121
119_64,s2.943738302,s-1.058873255,s158.754379318
119_65,s2.277535704,s-3.050114845,s77.771922453
119_66,s4.336901249,s0.198039044,s315.350410172
119_67,s3.738927939,s5.975712598,s308.475797989
119_68,s2.899751161,s0.019614318,s271.648910799
119_69,s-5.599788605,s5.255371178,s222.969740806
119_70,s5.417645159,s-1.235250747,s104.701171519
119_71,s2.571827416,s5.353633941,s322.300907870
119_72,s-0.582368767,s5.785847594,s309.083499680
119_73,s-6.861164651,s4.491962785,s274.486065562
119_74,s0.495444762,s6.209806221,s129.904264147
119_75,s-4.752299352,s3.602072659,s160.849512405
119_76,s-1.588180413,s2.176565513,s345.350864824
119_77,s5.136052033,s4.006759505,s77.846816690
119_78,s-6.515915046,s5.937153504,s227.035689654
119_79,s3.609020506,s6.617920494,s129.499758612
119_80,s4.335763287,s4.752661584,s196.599909665
119_81,s0.565530451,s-2.349510412,s74.929556321
119_82,s6.683404655,s0.869429890,s270.723404701
119_83,s2.585447146,s1.846659997,s171.765663856
119_84,s-6.007142538,s0.415353947,s106.345481268
119_85,s-3.251002371,s6.428029379,s348.359314042
119_86,s-0.506938335,s3.097543060,s84.797049237
119_87,s6.460374912,s-1.180416141,s248.221474514
119_88,s-0.435154548,s0.151133447,s169.526391700
119_89,s-0.084158904,s5.200423369,s317.060781633
119_90,s2.629289748,s6.592249915,s249.896624345
119_91,s-6.438055162,s-1.855094991,s239.820244158
119_92,s3.011925757,s5.583087181,s276.557317917
119_93,s-0.847504098,s1.698865049,s304.166244776
119_94,s-2.492447433,s3.360329291,s112.681784093
119_95,s6.314100968,s6.534096177,s303.920672988
119_96,s-4.118698498,s6.023010325,s27.861321818
119_97,s-6.930437604,s6.415609251,s55.373425783
119_98,s-7.027913338,s5.551931255,s321.887773688
119_99,s-1.767375928,s4.424963175,s132.061739611
119_100,s0.961213718,s6.532815874,s142.097851344
119_101,s1.294716390,s3.038419561,s210.369928884
119_102,s6.337786449,s1.241056458,s199.570809517
119_103,s0.574061594,s-1.306489349,s313.030925246
119_104,s-2.673965337,s-4.406740318,s275.553614466
119_105,s4.571050697,s1.114718118,s186.166206266
119_106,s5.007742375,s2.333802250,s336.744420056
119_107,s6.644103237,s3.898421008,s12.481773290
119_108,s-3.168775473,s3.556212908,s141.260834332
119_109,s-3.913671474,s4.341857643,s234.234268996
119_110,s2.684266780,s3.838774261,s178.087246880
119_111,s-5.922875263,s3.180388453,s297.670452458
119_112,s-2.971879984,s4.531437065,s90.234240507
119_113,s-4.595060625,s-0.333923627,s14.992070198
119_114,s6.838194541,s1.735006109,s286.204357795
119_115,s1.846963370,s5.033388461,s276.410279099
119_116,s5.458494880,s5.142812779,s268.010351938
119_117,s5.367115897,s5.694882458,s192.317371497
119_118,s6.910561077,s5.948401596,s139.939288036
120_0,s-6.444577744,s-4.884103404,s26.675034682
120_1,s-4.270424304,s-4.966529388,s305.903957836
120_2,s-4.902312824,s-6.194348447,s147.353300175
120_3,s3.181365112,s-0.060529373,s167.220105314
120_4,s-4.901410878,s-1.038445696,s221.934631958
120_5,s6.247067570,s-1.306537200,s307.900951877
120_6,s-5.584320700,s-2.998998601,s69.861841782
120_7,s3.077880751,s-6.626073294,s214.579867120
120_8,s4.080710699,s-2.046530952,s117.504984247
120_9,s4.933974456,s-6.501166825,s21.808250001
120_10,s6.740717003,s-5.792824909,s22.137596410
120_11,s5.885169904,s-2.793875479,s157.933157122
120_12,s2.962955343,s-5.517402699,s158.933946263
120_13,s1.081156449,s6.353005785,s100.950588334
120_14,s-4.286604654,s-2.432538734,s305.310193603
120_15,s1.506013792,s3.798717623,s207.730955856
120_16,s-6.358209471,s-4.196540926,s293.360841386
120_17,s-0.599331214,s6.604809452,s252.751664359
120_18,s-4.660124896,s4.490142204,s19.309513423
120_19,s3.127919465,s0.577744409,s18.422395667
120_20,s6.712298629,s-0.777922453,s213.852866722
120_21,s1.174257228,s-6.354685412,s276.659886914
120_22,s5.659124298,s5.748690222,s0.626031651
120_23,s5.919680804,s-4.464443562,s197.451780091
120_24,s-5.940523902,s-2.025497139,s64.622226590
120_25,s-1.108510152,s2.721174174,s136.921898389
120_26,s-1.693547775,s6.118381526,s2.025848911
120_27,s-5.808835047,s-1.073963459,s141.810676711
120_28,s0.516508033,s-4.827997744,s72.313558228
120_29,s4.407501028,s0.797334281,s122.641446547
120_30,s2.832984412,s4.365393353,s230.961610242
120_31,s5.779357501,s-3.677295709,s352.938880895
120_32,s4.210291630,s-4.293180585,s330.485028806
120_33,s6.012909003,s6.622179560,s168.028717851
120_34,s0.423424092,s-3.329767355,s212.922623790
120_35,s5.877086144,s4.663071481,s210.637933822
120_36,s1.352301970,s-2.105268577,s277.231895572
120_37,s-6.102805068,s-5.916166257,s252.775077321
120_38,s-4.152969641,s6.646692399,s211.841051087
120_39,s-4.577823651,s6.054183659,s32.267324006
120_40,s-1.033130352,s-2.722715248,s33.321894069
120_41,s-0.962268869,s-6.542614210,s293.408639809
120_42,s5.920763719,s0.133940215,s191.517101461
120_43,s4.318162241,s-0.309489570,s334.354158794
120_44,s5.373995964,s-1.142189609,s54.902572912
120_45,s0.543268720,s4.778326946,s316.294802347
120_46,s2.792482266,s1.704701518,s291.812553612
120_47,s6.704216277,s-4.346235433,s314.603033615
120_48,s-2.490727072,s-3.277703239,s292.289334061
120_49,s-0.661868776,s-5.131347670,s12.695910627
120_50,s-3.984762906,s5.709467789,s357.371598454
120_51,s-3.127428716,s-4.377687054,s40.722827609
120_52,s-5.747459531,s5.130843809,s20.381958934
120_53,s-2.298999570,s-5.411253885,s270.573085562
120_54,s5.296258262,s3.531881467,s309.711506349
120_55,s-6.377138131,s-0.597586649,s283.972087860
120_56,s-5.119842586,s5.694549033,s331.779629976
120_57,s0.485166504,s-0.555334756,s166.459358573
120_58,s-0.310432401,s-5.615844015,s163.371529600
120_59,s4.569148713,s-2.465678674,s58.607264065
120_60,s-2.271939991,s4.505546145,s315.291963178
120_61,s-1.553706783,s1.894241014,s28.873516595
120_62,s-3.630982867,s2.276424069,s144.775977128
120_63,s-5.186333721,s0.564419600,s288.817614465
120_64,s-5.876912933,s4.416461328,s321.403321353
120_65,s4.059545099,s3.638800549,s256.949522432
120_66,s3.974889426,s-1.266962350,s279.608310213
120_67,s-0.240908727,s4.087478760,s155.534385827
120_68,s4.351762044,s6.499945694,s348.811862978
120_69,s2.144004887,s4.961271251,s28.281614077
120_70,s1.948572076,s1.274965226,s239.897864642
120_71,s-0.534103120,s5.172060695,s240.659852021
120_72,s-5.553713373,s-3.738959063,s33.533016310
120_73,s-5.354747041,s3.525583326,s114.744938259
120_74,s-0.737693371,s3.663606206,s179.794316862
120_75,s-0.974370205,s-0.772892863,s91.803810301
120_76,s-1.989763896,s0.660009598,s11.986383018
120_77,s5.059632677,s1.220124993,s82.938637239
120_78,s-0.733632123,s4.419128253,s120.210188004
120_79,s-4.316478334,s0.741418767,s171.653993313
120_80,s6.554024922,s5.806780638,s171.656613540
120_81,s3.729087871,s6.463345478,s81.284548896
120_82,s6.760806861,s4.034953189,s357.918427601
120_83,s0.450533392,s0.461234114,s335.572612367
120_84,s-2.442086664,s-1.982975169,s178.551604734
120_85,s-6.409267097,s3.440569608,s164.913483638
120_86,s-6.311533761,s6.525838154,s133.833808585
120_87,s3.828174424,s4.114089482,s273.302670047
120_88,s-4.240353354,s-3.839420621,s216.232641069
120_89,s-1.658707850,s3.365930989,s262.218377395
120_90,s-0.615419337,s1.041604235,s69.952249451
120_91,s1.690641927,s-1.004915625,s122.612555570
120_92,s3.978933473,s2.650301703,s317.402318893
120_93,s6.760806861,s1.259376714,s191.411528822
120_94,s4.541144811,s-3.871630323,s28.093255768
120_95,s5.729438330,s1.192830585,s5.461332445
120_96,s-5.856332038,s2.097093646,s336.397140068
120_97,s-4.668158002,s2.284852322,s353.412128798
120_98,s-6.127757399,s0.963125068,s219.563860592
120_99,s-4.107670266,s4.040614879,s349.420531328
120_100,s1.574362786,s-3.674438386,s283.085822453
120_101,s2.096670097,s6.102262615,s25.458574565
120_102,s-1.557168085,s6.128483888,s150.214115152
120_103,s-5.291768896,s-0.391207637,s241.347903442
120_104,s2.508533103,s3.702065171,s215.558096064
120_105,s-3.279523215,s2.310054110,s139.846352011
120_106,s2.975736306,s1.191310875,s289.564135461
120_107,s-3.978529997,s-1.226670844,s205.208609880
120_108,s-6.473948569,s4.574335592,s91.076495776
120_109,s-3.241556244,s6.363129740,s164.931546110
120_110,s0.771692538,s3.700225977,s241.202147056
120_111,s-6.526000897,s5.543816996,s226.566905868
120_112,s-1.747706696,s4.988954453,s301.337276015
120_113,s2.380209062,s-1.868447995,s289.729061082
120_114,s6.603424819,s2.923837317,s350.397867236
120_115,s6.591392620,s3.375926144,s357.620674985
120_116,s-1.510221791,s-0.027355393,s145.166241400
120_117,s3.114099355,s6.645709308,s302.695212349
120_118,s6.506959417,s0.837888562,s157.098189204
120_119,s6.760806861,s4.814791473,s5.709467369
121_0,s-6.181239701,s-2.957225373,s344.962074252
121_1,s-5.824021764,s-5.134029692,s145.788567962
121_2,s-0.978155113,s-4.326755080,s297.537066477
121_3,s-5.857737251,s0.541107517,s52.090924928
121_4,s-6.181239701,s-1.400994201,s259.654771131
121_5,s4.130013213,s-3.747688605,s19.258699302
121_6,s1.629014364,s-5.191994631,s322.929129155
121_7,s2.367310938,s2.090446991,s163.438769073
121_8,s5.054127425,s-6.205370582,s86.920091326
121_9,s5.920350859,s-4.886854697,s64.562729170
121_10,s4.918875748,s-5.006663604,s78.596795177
121_11,s4.821568258,s-4.786492943,s170.211672391
121_12,s0.180771475,s-3.527330400,s36.657735196
121_13,s-4.881762429,s-6.094119322,s233.777346454
121_14,s-5.156305101,s2.133506294,s67.230646056
121_15,s2.456275399,s2.569458086,s158.730275823
121_16,s-1.588664119,s6.033005201,s10.688568107
121_17,s1.380708742,s-3.020920395,s167.119273395
121_18,s-5.210696163,s4.888180958,s217.587161187
121_19,s-3.941248296,s1.366908234,s302.416462230
121_20,s-0.446098354,s-0.437016033,s213.820458180
121_21,s-2.608988686,s-3.191620676,s56.796617134
121_22,s0.965898585,s2.644009135,s35.664696885
121_23,s-5.543949735,s-2.372372694,s22.794813715
121_24,s-1.341877606,s-6.082250029,s60.341076227
121_25,s-5.469502990,s-1.709827828,s44.189980865
121_26,s-4.477315197,s-3.467204675,s312.380672194
121_27,s-2.025841031,s-5.169303164,s122.859306118
121_28,s-6.004594551,s5.803922271,s269.794493429
121_29,s-3.295172490,s-6.208397545,s120.734374109
121_30,s4.004214685,s3.726619838,s176.246110248
121_31,s5.704344004,s-4.201613098,s17.028603626
121_32,s-3.106536661,s-5.031289131,s326.327411566
121_33,s2.759713545,s3.615855537,s132.333395993
121_34,s-3.828556765,s6.137160872,s45.193470321
121_35,s2.078088871,s1.154178489,s82.769447713
121_36,s-3.323513808,s-2.402554251,s42.025622144
121_37,s-4.001458206,s0.448352406,s235.641129506
121_38,s-5.790989373,s1.113061789,s287.417088146
121_39,s4.864831235,s-0.913629332,s299.731156580
121_40,s-2.396872979,s3.083821481,s344.280970867
121_41,s4.991243512,s-3.451543844,s73.937653331
121_42,s6.048726157,s-2.309969449,s64.963792105
121_43,s1.138293773,s-6.243398910,s155.180608316
121_44,s5.846565042,s1.715597607,s229.280166243
121_45,s5.471914922,s0.821700245,s310.946310910
121_46,s4.281656404,s6.192866166,s21.025062134
121_47,s-3.012391159,s3.862675757,s202.516060743
121_48,s-4.289150964,s0.231358167,s78.080182947
121_49,s-6.181239701,s3.270335545,s237.482503795
121_50,s5.857085374,s2.765631825,s201.289890210
121_51,s-6.161455097,s4.133239921,s181.203461092
121_52,s-3.555970107,s-0.278646401,s191.846679215
121_53,s2.991850553,s-1.687383809,s240.209355869
121_54,s-0.870116260,s-5.505371946,s35.723452168
121_55,s0.574372772,s6.128410823,s359.183359493
121_56,s3.425316526,s1.051441168,s235.694090977
121_57,s1.063338025,s-1.831320829,s180.507423452
121_58,s-3.554090806,s4.608264790,s67.092312822
121_59,s4.766029826,s-2.726664760,s250.571662039
121_60,s-3.581463621,s5.452971522,s331.331980901
121_61,s-4.390224096,s3.075174947,s235.323810520
121_62,s-3.736939867,s-4.237336153,s148.359510203
121_63,s-5.724128838,s2.706054709,s292.829170169
121_64,s-1.268655528,s4.359881971,s252.009531845
121_65,s-4.776933730,s3.238924359,s76.115741559
121_66,s0.271093771,s-3.125082527,s314.839105699
121_67,s0.897294201,s5.792455837,s126.615756099
121_68,s6.181088244,s-1.013796958,s112.620470166
121_69,s6.182757179,s4.124135209,s230.428776694
121_70,s5.468285183,s5.365516714,s338.256291674
121_71,s-1.032474859,s1.847775318,s320.416056965
121_72,s-5.340988321,s5.635050535,s250.751399493
121_73,s-3.227331193,s5.978555448,s48.233860603
121_74,s2.779806840,s6.008238526,s137.170027692
121_75,s2.745428220,s5.424555263,s210.720019232
121_76,s4.495929345,s-4.368095665,s132.184219310
121_77,s-2.507404801,s6.140165368,s90.394741855
121_78,s-0.413367562,s3.213305750,s303.074024070
121_79,s-2.390517439,s-3.843890010,s248.355542222
121_80,s3.889959565,s-1.487205471,s129.727123620
121_81,s0.143000409,s0.187031425,s340.292018126
121_82,s1.928191261,s6.181234416,s303.498512354
121_83,s6.112490586,s5.872040982,s252.871949128
121_84,s-4.643848947,s6.150001832,s252.174779311
121_85,s-2.142136818,s4.842462180,s179.637395636
121_86,s1.183368514,s1.527540175,s107.180103942
121_87,s4.531976982,s0.762462921,s169.304442395
121_88,s2.806503617,s0.941974810,s334.886773822
121_89,s-5.534807594,s-0.898103176,s288.051221108
121_90,s-2.084403596,s-2.285369006,s335.881767616
121_91,s-4.176872877,s2.831946131,s13.223309837
121_92,s-2.526241434,s0.870845708,s78.354996952
121_93,s3.930155671,s2.423957883,s51.324833565
121_94,s2.858779404,s3.141693585,s350.408509495
121_95,s2.081185451,s3.634213804,s69.109244921
121_96,s-1.109973581,s6.156657583,s195.197350643
121_97,s-1.448874506,s-4.678169619,s319.729470806
121_98,s-0.658058573,s-3.198853239,s73.994352079
121_99,s5.437589453,s6.170807764,s356.732587596
121_100,s-4.646783287,s-5.139907699,s15.127326813
121_101,s-3.920574984,s1.922384499,s35.167760342
121_102,s-0.351206748,s3.736580295,s107.193222138
121_103,s-0.011363359,s1.968142182,s234.813474006
121_104,s5.936871145,s-1.141175541,s82.497656674
121_105,s1.034849409,s3.355672491,s306.535362463
121_106,s4.493678851,s0.047936378,s307.989218423
121_107,s5.860805781,s3.376876362,s13.063758419
121_108,s-0.493306010,s5.285773652,s303.408984059
121_109,s0.259231780,s4.161280225,s273.706027811
121_110,s-1.990999559,s-2.055331400,s69.127001450
121_111,s2.060492020,s4.035830431,s69.815415865
121_112,s3.691722589,s4.803719941,s89.145321807
121_113,s4.114650611,s2.645263404,s115.378861114
121_114,s-0.754614217,s6.126892280,s48.433053159
121_115,s-6.147513124,s2.160369897,s65.765172224
121_116,s3.684802306,s5.728150407,s259.731172501
121_117,s4.870070938,s2.135158484,s119.778229458
121_118,s5.175941519,s4.801503558,s13.922505324
121_119,s5.376987718,s3.719963411,s155.510529441
121_120,s1.069708898,s-5.106275108,s354.371397076
122_0,s-2.200226000,s2.214453526,s160.565999679
122_1,s0.490523206,s-2.201160173,s54.517398051
122_2,s-6.260296984,s-0.432063439,s287.666992441
122_3,s-6.412307548,s-5.999636815,s321.744064872
122_4,s0.022162206,s-5.610466242,s0.854607644
122_5,s1.182138961,s-3.315792590,s132.565549996
122_6,s1.477719580,s-1.169540841,s291.391615902
122_7,s-2.797297219,s-2.444638764,s342.066757971
122_8,s3.063709131,s-6.659718535,s140.587614710
122_9,s4.746995098,s1.123295744,s160.041874401
122_10,s6.623846753,s-4.801373823,s116.279671216
122_11,s6.590439452,s-6.062589425,s6.056250826
122_12,s0.995955565,s-0.545025755,s292.859564572
122_13,s-6.494052360,s-5.074924941,s299.079335579
122_14,s0.672503930,s-3.334938915,s66.168612425
122_15,s-3.675904535,s5.301508967,s251.600018003
122_16,s-3.498674033,s-6.424636580,s156.717597408
122_17,s3.064477964,s0.869270403,s234.776775456
122_18,s-1.785249080,s-4.359011369,s206.007494096
122_19,s6.428097323,s1.152813436,s10.737224294
122_20,s2.049028267,s-0.237202935,s179.738035908
122_21,s2.460437079,s-4.466572985,s212.340653436
122_22,s6.281440202,s-1.794838151,s80.172331954
122_23,s5.168505816,s-2.384101582,s277.262985704
122_24,s-6.752345662,s4.095567891,s326.140850392
122_25,s-5.275474606,s-1.739476137,s299.517173803
122_26,s-1.493321327,s2.625929462,s185.831003147
122_27,s-3.208432799,s-0.960593231,s65.425544803
122_28,s-1.901864201,s6.615450984,s226.741761299
122_29,s3.224504043,s-2.684497358,s348.012382139
122_30,s-3.729868916,s-5.089789436,s149.750323065
122_31,s-1.672566454,s-2.694980971,s123.256192645
122_32,s2.836239173,s0.021335999,s181.787435870
122_33,s3.863300941,s4.454413403,s317.989508758
122_34,s1.880437240,s-5.886601145,s81.183125195
122_35,s5.326720240,s-0.684470475,s15.304088369
122_36,s-5.752702737,s1.444391926,s296.004299109
122_37,s-0.471997679,s-5.121662788,s268.918507349
122_38,s-5.716084089,s6.283966861,s218.597804726
122_39,s-6.584201989,s-2.106528191,s181.012397224
122_40,s1.885445113,s4.751755479,s158.969805445
122_41,s3.850772154,s4.786830467,s2.657453036
122_42,s2.779761121,s1.642632311,s262.978591480
122_43,s6.535207885,s3.593823880,s121.109549730
122_44,s-2.935224039,s3.879183803,s37.918198271
122_45,s3.674138610,s-4.066176568,s259.183130246
122_46,s-0.463018814,s-3.054381371,s127.099794319
122_47,s5.155383110,s0.157677626,s164.498846587
122_48,s-6.542180157,s0.950475641,s201.228798019
122_49,s-6.214277221,s3.608408551,s315.660345693
122_50,s1.158275200,s3.160064953,s54.628565498
122_51,s-5.980578681,s-2.735484965,s128.589019215
122_52,s-1.847274515,s-4.980472405,s8.647607676
122_53,s-0.235290406,s1.996579435,s348.143686876
122_54,s-0.522857290,s0.944873382,s143.860344827
122_55,s4.683237136,s4.388533943,s97.436457723
122_56,s4.007334291,s3.018567090,s78.472713200
122_57,s2.638777531,s4.374136164,s118.992611731
122_58,s3.651951670,s1.659654266,s44.477273027
122_59,s5.780851608,s3.304804031,s210.933532501
122_60,s-2.445502342,s4.608600270,s24.653967359
122_61,s-3.120603459,s1.184522409,s241.245180486
122_62,s-6.752345662,s2.516384240,s281.451561052
122_63,s-1.114591468,s4.009585853,s235.251675077
122_64,s0.746151334,s-4.367719177,s69.414924507
122_65,s-0.607550386,s6.653489901,s47.049640268
122_66,s1.687908866,s-1.965963810,s132.834956003
122_67,s0.772443045,s4.753804563,s134.197164506
122_68,s-4.005101636,s-1.932134464,s4.952630801
122_69,s1.348768103,s2.809552175,s263.815144192
122_70,s6.623846753,s0.387295931,s287.598297347
122_71,s2.640837704,s2.922422602,s75.417512459
122_72,s-1.693193912,s-0.204493907,s351.248533888
122_73,s-2.628318129,s-0.710692767,s287.691077064
122_74,s-6.042580948,s4.198765665,s104.320244261
122_75,s-1.080985840,s3.209551282,s157.291501931
122_76,s4.125848181,s0.549550911,s242.901548292
122_77,s-3.511079658,s2.326602687,s223.698157704
122_78,s4.388825301,s3.494398787,s309.396665008
122_79,s-3.912590143,s6.432656965,s290.884468389
122_80,s4.657349530,s-0.732863756,s255.770350143
122_81,s3.044179509,s-1.412344829,s73.134462162
122_82,s-0.271739480,s1.638086508,s238.903150221
122_83,s3.506644579,s6.659825437,s313.339426203
122_84,s-4.963917052,s6.628396419,s90.825395829
122_85,s-6.544527160,s5.490167086,s148.236839730
122_86,s1.333410344,s0.113440247,s125.863625811
122_87,s-5.418340132,s2.095661381,s220.921312191
122_88,s-4.940901167,s6.175930937,s153.644533650
122_89,s0.588604391,s1.580796930,s135.814891152
122_90,s-1.353997435,s6.278380657,s157.164112123
122_91,s6.131685210,s6.680645267,s105.625595679
122_92,s5.424230971,s1.507039612,s242.253300907
122_93,s-0.139317933,s4.496945009,s202.992968062
122_94,s0.979321144,s2.618890726,s343.081363840
122_95,s2.114335168,s5.526867502,s192.792632524
122_96,s-4.481386082,s4.737538027,s127.163118416
122_97,s-6.196829345,s5.730168956,s353.815348109
122_98,s-6.714537212,s0.309914123,s122.877133181
122_99,s0.402473215,s5.131602217,s47.762759080
122_100,s3.147078374,s3.672403024,s272.487446065
122_101,s-4.628559508,s-0.748395819,s44.142784508
122_102,s3.236083448,s6.670788592,s181.480912820
122_103,s5.303645427,s6.509745313,s183.212354094
122_104,s0.910531945,s4.158189222,s36.088959163
122_105,s4.454311083,s-2.961599879,s300.464656705
122_106,s5.969905774,s4.630374941,s140.188262844
122_107,s5.307511077,s6.629657335,s129.055462653
122_108,s-3.166370679,s5.877530153,s286.784421913
122_109,s-6.141987834,s4.745062879,s6.967571625
122_110,s0.803258101,s6.531852288,s21.183301057
122_111,s-5.857287609,s2.277332160,s200.642140732
122_112,s2.184644630,s6.196021509,s22.470163460
122_113,s6.564429681,s6.450937001,s220.825323714
122_114,s-4.592939581,s-4.020112280,s225.083686173
122_115,s5.031021919,s5.545799644,s233.437759644
122_116,s-1.415775242,s5.701374848,s329.455334779
122_117,s6.535289371,s5.318459349,s256.549009503
122_118,s6.211844483,s3.128488202,s341.076382365
122_119,s-3.925036952,s3.390787637,s310.020646741
122_120,s-6.539988500,s4.182536636,s108.690041412
122_121,s-1.056342001,s5.369901667,s223.056254902
123_0,s-4.907099795,s-1.031443605,s189.429055912
123_1,s-2.523775657,s-2.261249618,s43.871409722
123_2,s-1.275266402,s-5.040479846,s83.307847408
123_3,s0.946648450,s-6.092441562,s288.186043965
123_4,s-0.411489120,s-2.765000366,s222.484491417
123_5,s-0.179507018,s1.718799166,s94.070571219
123_6,s3.278987518,s-5.779498440,s182.403568802
123_7,s-5.738059622,s-3.017450173,s62.840417999
123_8,s3.373171299,s-1.025161242,s276.878152060
123_9,s2.344631233,s1.481708292,s116.609377798
123_10,s4.115630413,s-6.182397300,s95.014049411
123_11,s6.261957084,s-2.715440931,s234.314836066
123_12,s-3.599402862,s-3.526690055,s154.153876577
123_13,s-6.171280061,s-4.327412066,s164.424143208
123_14,s1.353377626,s-1.015485104,s62.374563706
123_15,s-4.706082054,s-2.102776110,s40.145633062
123_16,s-2.471047481,s3.355955290,s66.563763137
123_17,s2.079464006,s-6.102381015,s154.442573393
123_18,s4.964110534,s-6.235245524,s329.321878204
123_19,s1.600990255,s-2.562827889,s2.554179727
123_20,s-2.063738716,s-0.803919996,s178.333690304
123_21,s0.592435219,s1.629237257,s275.947495094
123_22,s3.079848198,s-0.436633159,s188.254094705
123_23,s5.162833977,s-2.859131447,s280.629566932
123_24,s-4.265100994,s-6.198398091,s45.865964760
123_25,s-0.775191893,s1.929097394,s206.006836942
123_26,s-5.533093429,s-1.798344677,s57.467518514
123_27,s0.503012377,s-2.592173209,s103.480459549
123_28,s-2.780517411,s-4.924250208,s301.370531030
123_29,s-1.932989215,s-1.756888555,s293.942485842
123_30,s3.666342908,s1.540249606,s262.796042954
123_31,s2.987722862,s-3.461165482,s233.480772837
123_32,s4.681750112,s-3.697012728,s61.685918495
123_33,s-0.095590749,s3.554272440,s56.297683589
123_34,s6.127035092,s-4.992658769,s25.717830722
123_35,s6.187114196,s0.132852793,s106.548530505
123_36,s-5.475462010,s2.833297555,s161.336320161
123_37,s-4.431256946,s5.739161871,s34.412968152
123_38,s-0.586190453,s-1.924179130,s113.894780587
123_39,s1.321224784,s5.168356594,s28.266311400
123_40,s6.143318392,s-0.701351388,s138.603598782
123_41,s3.432458393,s5.894240870,s308.318943553
123_42,s-6.275706912,s-6.305501198,s214.202101082
123_43,s1.998905705,s5.818240900,s170.137557897
123_44,s-0.998580012,s-3.652524778,s339.230226555
123_45,s-1.708440069,s4.670508209,s69.844012230
123_46,s-0.677280127,s3.701548433,s111.073087594
123_47,s5.045125911,s-0.996812087,s97.978632435
123_48,s0.025026406,s-5.700072236,s123.773252920
123_49,s-2.478240605,s6.180020472,s308.795605470
123_50,s0.391303308,s1.136526885,s6.697892429
123_51,s-4.301848747,s-4.942386523,s12.403855460
123_52,s-1.755306485,s-0.166477637,s103.977582037
123_53,s-4.621704265,s-4.478708359,s321.569686279
123_54,s3.954361100,s-4.643359093,s311.700179099
123_55,s-6.321754551,s3.918417169,s313.801424662
123_56,s3.879883643,s-1.713542639,s134.515957912
123_57,s2.807200508,s-2.497960591,s311.053006332
123_58,s2.420707787,s3.977976894,s53.332789197
123_59,s-0.471097346,s0.732974346,s239.479471199
123_60,s-0.810726559,s-1.479078686,s24.016464552
123_61,s0.791385482,s5.572173964,s39.193656261
123_62,s-2.451194845,s0.986935075,s321.760304581
123_63,s0.942597080,s4.410236517,s120.632293865
123_64,s2.493167979,s2.696175700,s104.726930996
123_65,s4.455991326,s3.378242627,s169.284642843
123_66,s1.377357763,s0.072073659,s59.309127784
123_67,s2.448882858,s4.661722316,s121.266780202
123_68,s4.575658285,s1.775661885,s99.137630907
123_69,s6.011357445,s3.413248581,s172.454943236
123_70,s-5.861685593,s-0.807971915,s126.332177489
123_71,s4.055910896,s2.050355720,s237.998667116
123_72,s2.828340940,s6.163123510,s254.293798176
123_73,s-2.604041731,s4.588004647,s144.490414113
123_74,s-4.539062349,s-0.264983710,s221.216704152
123_75,s-2.117882362,s6.201695211,s129.500758703
123_76,s2.505320584,s5.099633880,s315.636262099
123_77,s-2.374957141,s3.939886174,s358.449028481
123_78,s0.381957375,s3.396720432,s96.678001713
123_79,s3.932400744,s4.784302221,s64.610375500
123_80,s-3.283588022,s4.832569535,s179.403837030
123_81,s-0.042088448,s4.324661741,s316.215104912
123_82,s5.424424318,s4.969253905,s328.466804960
123_83,s5.566862181,s-1.375427600,s171.013501921
123_84,s4.546367537,s4.687729311,s78.109473674
123_85,s-5.531772037,s0.987170958,s126.325264859
123_86,s-5.703593514,s0.256084983,s108.068615694
123_87,s-6.083927587,s5.381282722,s56.761539075
123_88,s-5.114183208,s3.097896374,s46.230368692
123_89,s0.929593324,s6.199667797,s341.579029738
123_90,s-0.494525888,s4.754106506,s175.516279367
123_91,s4.660411497,s-0.424951446,s269.839126660
123_92,s5.046873524,s3.550373035,s214.900427642
123_93,s6.066656851,s0.795080781,s162.291107325
123_94,s4.800916943,s5.375425785,s203.857274315
123_95,s4.805576341,s6.185521005,s230.725824536
123_96,s-3.196571987,s3.401121382,s198.970622729
123_97,s-6.298913604,s2.981242096,s277.870956584
123_98,s-0.259225902,s6.155337917,s238.852166220
123_99,s-5.566142290,s6.121634847,s199.830064327
123_100,s5.188958014,s0.916140427,s137.393813256
123_101,s-3.126360629,s0.338861440,s23.705106176
123_102,s5.633444149,s5.604545621,s186.815925494
123_103,s5.365372719,s1.900816211,s175.268701579
123_104,s3.346091854,s4.829643575,s355.748925860
123_105,s4.210888002,s5.959493721,s146.249175009
123_106,s2.436807896,s3.540398561,s256.414032387
123_107,s3.086404036,s1.049914687,s205.317699619
123_108,s-6.121516158,s4.758446002,s81.035750505
123_109,s-6.298321291,s6.168595460,s3.445768917
123_110,s-5.939571273,s-4.988533594,s48.786618532
123_111,s-1.803966772,s0.735612246,s70.139226974
123_112,s4.694447813,s3.207835381,s204.333763150
123_113,s0.339850367,s6.161441170,s333.723577568
123_114,s6.230053022,s6.072105912,s207.897846105
123_115,s3.409357145,s5.562635971,s48.883171751
123_116,s-0.394210852,s-0.679201085,s353.553179155
123_117,s-5.910042940,s4.162251942,s322.017020429
123_118,s-6.040497408,s1.485204795,s119.306388258
123_119,s5.132638770,s2.492246042,s104.640678359
123_120,s0.713026845,s-5.167643798,s124.005998224
123_121,s-4.543489828,s3.867033012,s136.993867384
123_122,s1.392555072,s2.600292940,s77.515702692
124_0,s-6.821325529,s4.442068942,s153.652515869
124_1,s-4.754514527,s-2.979401169,s30.715578496
124_2,s-3.927509883,s-3.856128210,s259.349329068
124_3,s-4.257387828,s-2.172948326,s107.170841114
124_4,s-6.887083816,s-5.765956049,s131.179424757
124_5,s-4.118980196,s-4.220857631,s324.362837820
124_6,s2.890330941,s2.137702808,s282.873176743
124_7,s-4.959977979,s-6.764976996,s101.968277132
124_8,s0.243310498,s-0.944500109,s169.287033942
124_9,s7.004625879,s-6.493945036,s103.402124660
124_10,s6.399735880,s-3.913686384,s224.021750850
124_11,s3.339321004,s-0.616955934,s47.296652813
124_12,s1.155977695,s2.081979856,s180.668110498
124_13,s-6.641495538,s-3.279028750,s11.438719645
124_14,s-3.363921802,s-4.667753733,s346.607806789
124_15,s2.982307953,s-3.448041341,s306.539519648
124_16,s-1.334288022,s-3.848159440,s183.650236140
124_17,s0.372545375,s-6.163251836,s90.372057231
124_18,s-1.071627314,s3.460270026,s96.498334480
124_19,s4.999419254,s-6.889490057,s33.467601925
124_20,s6.264749717,s2.038953466,s192.771514776
124_21,s5.622595605,s-2.647943517,s211.784274766
124_22,s6.920865038,s-2.491220911,s199.910098749
124_23,s5.730996838,s-1.100638148,s82.577013804
124_24,s-4.773684581,s-0.660524773,s104.426713295
124_25,s-3.039310000,s-1.481957995,s200.590634001
124_26,s-3.203576822,s1.922789971,s143.558972062
124_27,s0.009053478,s0.477359292,s263.858896618
124_28,s-0.018830099,s-1.934334100,s341.943589139
124_29,s-1.961518687,s-6.177482768,s91.818067257
124_30,s-0.004594563,s1.915646115,s54.664943573
124_31,s3.286548397,s0.430641665,s319.912848227
124_32,s5.355371787,s-1.796075775,s94.446375925
124_33,s-0.205585661,s-4.171538130,s276.145685371
124_34,s6.844754334,s-7.219407770,s11.416123957
124_35,s6.790981875,s4.048247321,s122.995462916
124_36,s-2.913784052,s3.025815540,s221.495329677
124_37,s-6.040240939,s-0.581450585,s338.209498206
124_38,s-1.723421935,s-2.531150706,s149.122216038
124_39,s-5.901915971,s6.521601400,s331.561239316
124_40,s-5.479852351,s-4.826008046,s312.642237772
124_41,s-5.429601899,s4.746650452,s70.263315366
124_42,s2.415066936,s-6.721269901,s169.104235007
124_43,s-1.083937856,s1.392638079,s344.671967247
124_44,s2.115863682,s0.053507591,s45.870467315
124_45,s4.939022363,s5.418118713,s205.858895187
124_46,s0.730624579,s2.141188980,s107.669822672
124_47,s4.110022584,s-5.430572350,s177.968406302
124_48,s-3.161725887,s-0.709947603,s15.486570575
124_49,s-3.423944879,s3.301391461,s278.717410780
124_50,s-6.466399443,s-4.617130535,s168.707244317
124_51,s-3.073605316,s1.256162365,s123.478926818
124_52,s4.469158093,s0.964269426,s343.174906872
124_53,s-2.221183160,s-4.838698966,s182.449344928
124_54,s-6.333086558,s1.878977429,s139.924890507
124_55,s6.008363724,s1.503098456,s69.737966564
124_56,s6.391136123,s6.297754464,s131.214328271
124_57,s4.813174612,s-5.548641845,s224.683557323
124_58,s7.106841247,s6.559303214,s213.966351032
124_59,s7.162505678,s5.035841229,s169.033528464
124_60,s-5.624243881,s-1.857456829,s84.150893065
124_61,s-3.285156659,s-1.063654366,s155.885821095
124_62,s2.441804082,s1.220719962,s69.867095221
124_63,s-6.889557841,s0.148402039,s123.869385462
124_64,s-0.579461241,s-2.920397009,s81.104419834
124_65,s-6.299978841,s5.786334970,s79.320653399
124_66,s1.893544732,s-0.873832677,s289.040222675
124_67,s1.144390653,s4.032717450,s26.597377005
124_68,s6.218545393,s0.385136070,s350.541720101
124_69,s1.460573688,s5.878373691,s353.301439084
124_70,s7.032059433,s5.349010762,s215.245805860
124_71,s-2.533761371,s5.030146627,s272.568981369
124_72,s0.436439257,s2.618375389,s304.961837589
124_73,s-0.159568137,s5.757293261,s139.266997231
124_74,s-4.095287516,s6.842479914,s154.722821098
124_75,s-6.664299592,s3.544597618,s254.202223228
124_76,s-5.946894925,s1.567320763,s199.485078976
124_77,s-3.240397741,s5.834227602,s114.834787364
124_78,s-2.075471212,s1.339553959,s111.180748064
124_79,s2.821928115,s5.887897948,s310.884400089
124_80,s2.105766767,s1.530682117,s137.524730510
124_81,s6.408468488,s5.512688672,s266.407565095
124_82,s6.455444087,s-1.630870152,s109.570350256
124_83,s2.239792906,s2.919748573,s116.241624695
124_84,s-0.987135070,s6.793305859,s85.594321137
124_85,s0.325415521,s4.602805053,s340.838913074
124_86,s-1.987871238,s-1.394168030,s105.589860825
124_87,s-2.028513298,s2.891485881,s268.646417844
124_88,s4.585584938,s6.737584218,s149.846516493
124_89,s5.349725523,s4.482708717,s153.890666965
124_90,s5.769961577,s2.873790303,s149.420128669
124_91,s4.140193392,s4.802488894,s234.996286696
124_92,s-2.657828873,s6.613757311,s196.732348590
124_93,s6.869868832,s6.741209015,s16.853579534
124_94,s-1.329097128,s5.930359496,s262.453660584
124_95,s3.316160189,s6.792011439,s54.601660005
124_96,s-6.416147921,s5.163221245,s88.763282348
124_97,s-4.046954517,s3.605759032,s6.552860716
124_98,s-6.944684031,s6.284004803,s277.162303543
124_99,s1.625090824,s-1.974147953,s72.127029384
124_100,s-4.021452493,s0.472915198,s244.563369969
124_101,s5.879727291,s6.292507085,s2.559862270
124_102,s0.299089775,s6.371622615,s186.643028384
124_103,s3.341660795,s3.950967072,s307.332609434
124_104,s0.672847097,s5.986952866,s67.291830422
124_105,s-1.135503451,s2.261915380,s39.178948519
124_106,s6.930154765,s-0.090610100,s190.709748088
124_107,s7.083370713,s-1.391016423,s95.640964236
124_108,s-3.422140304,s6.747620721,s156.793866962
124_109,s-1.435656042,s-4.912163565,s10.853347389
124_110,s5.578474643,s1.442612270,s181.020826898
124_111,s3.581820516,s6.647029442,s137.714160208
124_112,s-0.863266111,s4.485815980,s118.032397093
124_113,s1.398113080,s6.647980845,s329.492583111
124_114,s-0.579811007,s5.195832505,s284.673766543
124_115,s3.666051113,s6.842479914,s300.093922133
124_116,s-2.281874043,s6.842479914,s210.574433836
124_117,s0.500375834,s6.842479914,s124.120755093
124_118,s3.298755296,s4.288602517,s303.781897784
124_119,s7.143259856,s1.440270499,s46.991245311
124_120,s-5.077813895,s5.988617646,s330.055433319
124_121,s-5.983049621,s-2.127455703,s359.718116672
124_122,s4.795784892,s3.841753102,s221.314988453
124_123,s-0.105676910,s3.212442029,s86.388660732
125_0,s-4.787554320,s0.404446248,s240.500038325
125_1,s-7.004282292,s-4.136165611,s280.910583768
125_2,s-6.544871772,s-5.169856979,s199.350527233
125_3,s-5.518025781,s-2.223850603,s105.859479869
125_4,s-1.614354199,s-4.380885854,s44.655647250
125_5,s-0.506158710,s-0.617408357,s325.857080075
125_6,s-4.483836799,s0.616998393,s248.586769282
125_7,s6.000035713,s-6.639103081,s337.753454442
125_8,s-3.844134542,s-3.208135305,s284.685569837
125_9,s-4.718677098,s4.558225511,s44.282405518
125_10,s6.807792743,s-3.008424967,s167.738838224
125_11,s1.415395838,s1.437338226,s326.529616921
125_12,s-5.023975867,s-3.549112554,s172.592428580
125_13,s-3.478865049,s0.001051540,s190.676075263
125_14,s-6.325455873,s-2.322883727,s126.124426943
125_15,s0.905964497,s-6.280276042,s219.810528377
125_16,s2.188693778,s-0.527218680,s9.629557831
125_17,s-3.429243604,s-2.166878114,s151.240488670
125_18,s4.714409861,s0.510278015,s236.519107580
125_19,s-0.595488960,s1.222832125,s244.173692559
125_20,s5.579915869,s-4.014163165,s347.946763639
125_21,s4.470584672,s2.114597141,s36.568632756
125_22,s6.474930724,s0.820461541,s106.928304052
125_23,s-2.674009803,s3.297647535,s82.258452922
125_24,s-4.648560199,s-2.917604277,s180.004445874
125_25,s-4.957290702,s-6.574780976,s323.320182043
125_26,s-7.001618798,s6.351289603,s54.880704873
125_27,s-6.625066525,s-2.775726288,s292.251182366
125_28,s-0.941270741,s-2.149756792,s218.487580754
125_29,s3.418859589,s-6.726521616,s333.634950419
125_30,s0.564060102,s-0.240289257,s307.754455815
125_31,s4.097897387,s-2.253299238,s293.044097513
125_32,s6.931196325,s0.235400706,s112.932290510
125_33,s5.628803084,s-6.789070770,s5.730947709
125_34,s4.200248610,s6.648146708,s247.809016219
125_35,s6.863893839,s-0.731107955,s296.229249607
125_36,s-5.992420631,s2.027611585,s294.758593885
125_37,s-4.024015421,s-1.307670419,s297.587794897
125_38,s-3.229008981,s6.414357073,s169.223648096
125_39,s-2.522582196,s-5.821475749,s274.834553573
125_40,s-7.008982084,s2.277267949,s251.438655807
125_41,s4.737855434,s-3.553151492,s12.847147867
125_42,s4.139840876,s-7.129991032,s72.481034609
125_43,s3.418684047,s1.163959283,s268.971859920
125_44,s6.628346764,s-3.582726192,s259.641439469
125_45,s-0.496068731,s-3.148888881,s42.381766523
125_46,s0.963049296,s-4.664955320,s357.342217077
125_47,s6.080272147,s-2.312408773,s111.818088979
125_48,s2.207292103,s3.360004839,s321.089625711
125_49,s-6.211890937,s5.210437899,s61.163322120
125_50,s-1.592831830,s-0.265905757,s24.644495350
125_51,s5.173483225,s-1.186322855,s80.156451087
125_52,s1.400268619,s6.565166990,s271.573659679
125_53,s-6.891917525,s4.682506757,s339.156059700
125_54,s2.788604841,s-3.883019282,s240.505990667
125_55,s-3.142397993,s4.494969170,s332.991788353
125_56,s-0.208464391,s0.947055305,s43.614774515
125_57,s3.021779733,s5.178382391,s33.831726554
125_58,s5.710449164,s0.122784921,s267.893811417
125_59,s3.060485498,s6.699762356,s259.556854180
125_60,s-2.601698436,s2.244824094,s231.892418462
125_61,s-2.924258172,s0.733490754,s284.034971024
125_62,s-3.556395434,s2.637779130,s248.080428710
125_63,s-4.515056441,s1.997370725,s13.436679206
125_64,s1.520991029,s5.909674418,s15.316892931
125_65,s-2.019639543,s-3.157089744,s188.303872911
125_66,s5.382514945,s3.005344076,s236.534794798
125_67,s5.874344030,s4.013637835,s283.316582391
125_68,s6.856192675,s5.433660530,s248.903646683
125_69,s1.684028928,s0.229448186,s213.300141083
125_70,s-1.892336803,s2.238349480,s328.181852724
125_71,s5.130648462,s-0.748532863,s350.526640896
125_72,s-7.012967791,s4.038984935,s19.624510350
125_73,s-1.918299827,s-1.560828011,s115.873175338
125_74,s-2.081668695,s6.371957100,s265.310800075
125_75,s-6.878823312,s-1.470900496,s104.804877774
125_76,s-0.207449123,s2.484644071,s111.700355695
125_77,s4.602657949,s3.485492575,s358.444137803
125_78,s-6.506601511,s3.130315803,s277.283909534
125_79,s-0.586140386,s6.335573635,s352.304020023
125_80,s-0.742838159,s-5.144932093,s253.485158626
125_81,s1.331753723,s2.290994561,s42.404425188
125_82,s6.397255272,s1.456252515,s308.146430437
125_83,s6.895019241,s6.614009259,s252.027639756
125_84,s-4.397997808,s4.668423776,s345.891492546
125_85,s3.713907901,s4.218906543,s10.537462749
125_86,s-5.496912111,s-0.058454695,s173.039843808
125_87,s-4.811334973,s6.224638544,s2.308239021
125_88,s-0.900518494,s0.644305602,s1.457814329
125_89,s4.140282463,s2.183750357,s236.950861040
125_90,s-2.003924349,s5.400790199,s256.256388515
125_91,s6.502161472,s2.396447889,s72.147093286
125_92,s1.003662820,s6.612017455,s62.275224152
125_93,s0.183539678,s6.133220527,s239.297893008
125_94,s2.393974608,s2.568701372,s334.032900346
125_95,s2.199032810,s6.668572667,s284.418285005
125_96,s-3.640081768,s5.869388484,s161.023859961
125_97,s-6.160752638,s4.333185218,s118.438629920
125_98,s-6.983807099,s1.418303999,s243.574257884
125_99,s-0.975108829,s1.977137337,s290.533599707
125_100,s1.191550947,s-3.020895455,s245.560974626
125_101,s-3.456120552,s3.777069421,s301.384790823
125_102,s-5.007902974,s2.720526475,s31.617856626
125_103,s1.234001895,s2.430694628,s327.734714943
125_104,s2.606511952,s-1.417180788,s149.422003002
125_105,s5.717319096,s5.066982467,s285.961712076
125_106,s-0.570336002,s5.786884086,s168.413745565
125_107,s0.257297611,s3.625576839,s301.043405559
125_108,s-4.468523857,s6.674449903,s105.806880406
125_109,s3.369128894,s2.337912794,s74.525057961
125_110,s-4.043675406,s6.699762356,s17.255120068
125_111,s5.497253330,s1.858133498,s192.705494071
125_112,s6.655026819,s2.613555486,s88.541302091
125_113,s2.226567142,s5.722933396,s207.598675681
125_114,s4.640343341,s4.940631749,s101.822350301
125_115,s6.959654318,s-1.594563213,s37.134456060
125_116,s-1.174523147,s6.651899347,s331.739297974
125_117,s-4.315831373,s3.357790693,s48.962572879
125_118,s6.482047042,s4.924404400,s3.488492326
125_119,s6.437995962,s0.524781869,s299.278137314
125_120,s-6.868455935,s5.392047524,s272.213462225
125_121,s-1.055762980,s1.191407991,s22.238484230
125_122,s-5.844207343,s6.306234037,s150.454091407
125_123,s-1.886727130,s6.606104570,s349.268419743
125_124,s5.874169596,s6.278014665,s156.089813712
126_0,s-6.498446484,s-4.471785941,s216.399156327
126_1,s-2.245466034,s4.125171190,s86.464603167
126_2,s4.378272913,s-5.758477649,s325.603900762
126_3,s-5.967652480,s-5.360966147,s186.667018391
126_4,s-6.531383760,s-2.908888376,s107.359815560
126_5,s-3.682350646,s-6.840527112,s307.847034937
126_6,s-0.361386047,s-3.815581166,s325.052727906
126_7,s-2.296836123,s-2.435940487,s99.607711561
126_8,s2.121865083,s0.376383963,s20.213025989
126_9,s2.497904170,s1.705551575,s23.391626492
126_10,s-3.552896568,s0.882483135,s36.304502435
126_11,s4.139665190,s3.527552330,s37.516522387
126_12,s-2.968413160,s-4.032894820,s321.126062927
126_13,s-4.104706561,s-4.778679350,s232.510920533
126_14,s-2.419874611,s-6.038791409,s233.454918678
126_15,s3.021779352,s5.660366175,s120.665785087
126_16,s0.296109939,s-6.380700814,s218.093014272
126_17,s-4.855168587,s0.121216329,s348.504805133
126_18,s2.195112989,s-5.168624750,s41.803693247
126_19,s1.265197936,s-2.146006247,s33.848097805
126_20,s6.125832393,s-0.579272096,s319.533707597
126_21,s5.034910583,s-0.137228882,s209.351937833
126_22,s1.559787646,s1.518422564,s157.782299436
126_23,s5.591778553,s-5.525145248,s340.723063908
126_24,s-6.155562905,s1.780821585,s233.711207267
126_25,s-4.840906223,s-0.733808076,s140.460551601
126_26,s-4.676056240,s-5.221791944,s71.220908637
126_27,s-6.461960021,s2.257787428,s264.306006850
126_28,s-0.719611669,s-0.935712904,s242.771053107
126_29,s-6.441409717,s-1.290756359,s270.378084096
126_30,s6.305539185,s2.148412615,s266.065683727
126_31,s-0.546012324,s-5.997649497,s48.923387201
126_32,s3.119443034,s-2.633315319,s204.411507465
126_33,s2.179867190,s-3.084187016,s152.591074188
126_34,s6.558788192,s1.605585263,s100.983580128
126_35,s3.034578924,s-6.128709391,s306.472169598
126_36,s-3.645835692,s4.053527100,s108.802886740
126_37,s0.061555605,s6.030367578,s141.012705628
126_38,s-3.171021630,s-1.585440977,s319.285120787
126_39,s1.240157937,s-0.055960590,s77.261969811
126_40,s3.664753261,s1.754396907,s230.750342609
126_41,s-0.867768489,s4.131669098,s78.914777878
126_42,s-2.896185382,s-6.403246932,s85.671879230
126_43,s-3.971761767,s-3.459439859,s185.913662773
126_44,s3.111989077,s-2.373583992,s162.395532846
126_45,s5.963207453,s4.063256146,s334.771363379
126_46,s-2.428799801,s-1.465664902,s154.327021286
126_47,s-2.163402655,s-4.831134592,s168.189834752
126_48,s-4.518260808,s5.480405627,s244.256873077
126_49,s-5.438767258,s0.470001347,s197.838285982
126_50,s-2.740189434,s3.365790527,s136.904915895
126_51,s1.709370546,s6.467114898,s294.672473809
126_52,s-3.444114523,s0.217540696,s47.205348916
126_53,s5.825839092,s3.446027221,s5.586199678
126_54,s1.386706872,s4.372203459,s88.898577853
126_55,s2.699027896,s-0.998843939,s206.600224577
126_56,s-5.405944060,s2.810636884,s23.599825493
126_57,s4.439158944,s6.467114898,s298.037204253
126_58,s4.002996399,s-3.032850382,s110.101021088
126_59,s4.433748968,s-0.753101616,s211.037615888
126_60,s-6.375079364,s-2.741044710,s54.844324519
126_61,s2.084489052,s1.508169477,s213.760761795
126_62,s-1.712103054,s-1.909876978,s3.244729627
126_63,s-5.723516887,s6.461292650,s70.977413818
126_64,s3.645117623,s4.741771747,s348.499948784
126_65,s6.322221050,s-2.984212143,s261.080130245
126_66,s0.210360811,s-5.165250059,s29.997811308
126_67,s-5.389883603,s6.144218161,s268.012911620
126_68,s0.158087601,s5.026072051,s50.325997829
126_69,s3.531319505,s5.496570860,s348.412011773
126_70,s6.381985621,s2.671120228,s275.997160279
126_71,s6.540688343,s-3.809326319,s289.469492090
126_72,s-0.887342716,s2.800081977,s264.476715441
126_73,s-2.715323909,s1.555209370,s359.854436469
126_74,s-2.244871505,s1.977729311,s93.933318450
126_75,s-6.143912055,s-0.270395656,s288.415373705
126_76,s0.673811077,s0.540945484,s111.581677161
126_77,s-4.813750269,s1.699374327,s345.655056512
126_78,s0.322966480,s3.788465041,s170.719638570
126_79,s5.512515548,s5.333192170,s319.437123737
126_80,s4.479720233,s2.083588779,s44.437977299
126_81,s6.758397736,s-0.461707225,s331.386134440
126_82,s6.247569837,s-6.355049133,s283.285918381
126_83,s6.628486929,s0.487774307,s137.321389252
126_84,s-6.130876688,s1.043893664,s242.981502980
126_85,s-4.993338010,s4.462664418,s22.650709440
126_86,s-3.638155561,s6.368453273,s308.862856724
126_87,s-6.370927224,s4.346086654,s23.715571423
126_88,s4.275508256,s5.312982990,s71.959643426
126_89,s-1.778403500,s-1.189362088,s201.743812574
126_90,s-0.855518234,s2.136003916,s112.678019105
126_91,s2.509656953,s-0.241965232,s259.258305684
126_92,s3.598184975,s6.423849598,s250.483045254
126_93,s1.964694126,s2.992661475,s92.859408915
126_94,s5.769151568,s6.043189388,s318.207754710
126_95,s1.741777481,s4.818897824,s301.783961202
126_96,s-4.115628629,s5.391820044,s294.528409762
126_97,s5.591677820,s-4.701992570,s6.462335379
126_98,s-0.413864802,s6.363342354,s225.309517501
126_99,s6.688762184,s6.116044870,s326.864441984
126_100,s-3.486415322,s4.640838317,s68.568844129
126_101,s-6.492743507,s5.337576178,s169.889270364
126_102,s-0.854327386,s3.368523239,s47.178401935
126_103,s5.309529599,s6.461911938,s249.538731921
126_104,s-5.153749074,s-1.707577129,s168.861776538
126_105,s4.687115120,s4.452644440,s309.490432366
126_106,s2.954009435,s2.744365221,s273.980544745
126_107,s3.744951274,s0.954709069,s19.471033935
126_108,s-4.110978504,s0.778668104,s40.035708585
126_109,s-2.681825159,s5.050656109,s247.625725628
126_110,s-5.235929546,s3.392086894,s8.092597636
126_111,s-4.261768244,s1.981234709,s183.343782548
126_112,s1.497884251,s5.382652386,s203.833083611
126_113,s4.432171309,s6.402549277,s91.916173443
126_114,s4.543813997,s4.733778396,s5.332692554
126_115,s-1.087557201,s4.516179215,s354.405836583
126_116,s2.191241177,s6.248397310,s65.770641366
126_117,s3.540700152,s-0.204381149,s75.238240519
126_118,s6.561444445,s3.338871406,s90.978099442
126_119,s6.623034853,s-2.275594048,s332.846181055
126_120,s-2.045826963,s4.839219064,s210.635403572
126_121,s-3.466003856,s6.279089980,s254.152194706
126_122,s-3.726507996,s-0.973290452,s142.592698821
126_123,s6.296524155,s6.440019330,s150.586778984
126_124,s-5.232956642,s1.618887346,s309.631102974
126_125,s-1.892849331,s6.373835851,s21.745809652
127_0,s-6.063626049,s-3.991172749,s128.462908121
127_1,s-3.450729365,s-2.511850338,s12.664181160
127_2,s-4.943003605,s-3.079037850,s230.299481141
127_3,s-6.086549731,s-2.406400180,s94.647657043
127_4,s-6.129230102,s-0.562438152,s6.189890080
127_5,s2.134679459,s-2.567982852,s316.580132191
127_6,s-0.868278407,s-5.077437225,s347.600905038
127_7,s-3.480034379,s4.058331423,s32.231492756
127_8,s-2.494384255,s-3.487966256,s308.245724195
127_9,s4.523309396,s-6.205278920,s142.171212873
127_10,s6.131070563,s-3.941590956,s107.382238054
127_11,s3.835689097,s-2.908111313,s227.553954042
127_12,s-4.151832156,s0.660746843,s353.272084763
127_13,s-3.110038019,s3.498739745,s121.382263801
127_14,s-4.410760419,s-2.433112556,s86.910001573
127_15,s0.846033917,s-1.699858393,s36.409411028
127_16,s-0.952891597,s0.862240918,s343.349793921
127_17,s5.290352151,s-2.914713713,s44.841129139
127_18,s-1.977913996,s-5.365687538,s127.001722167
127_19,s0.003238739,s-5.511106615,s146.680569357
127_20,s4.253994597,s-6.039015701,s225.269151825
127_21,s6.105604564,s3.298085653,s283.370942190
127_22,s5.097196873,s-5.402751638,s210.070957521
127_23,s3.118937423,s0.304182148,s331.623400324
127_24,s-4.238933608,s-1.611265712,s328.975594259
127_25,s-6.031591150,s-5.925983640,s74.528509865
127_26,s5.599871598,s-1.108154339,s158.480594601
127_27,s-4.243143630,s6.106992996,s134.160492345
127_28,s-0.124668564,s4.578592708,s158.741398860
127_29,s4.889471239,s2.033569289,s312.197828755
127_30,s-0.007095905,s5.363371735,s109.219872306
127_31,s-1.149251018,s2.215654866,s138.090976602
127_32,s-5.208340908,s-4.843631513,s283.238725868
127_33,s5.596016580,s3.019923129,s16.393927541
127_34,s1.310703654,s2.214505133,s135.160376202
127_35,s2.091430633,s-0.135399845,s282.741267790
127_36,s4.556822200,s-0.837883873,s323.151582236
127_37,s0.364739650,s-5.834130582,s282.571723689
127_38,s0.909777388,s4.248801820,s180.691605770
127_39,s2.120076450,s1.264862684,s261.638073852
127_40,s1.185379815,s-4.089354639,s36.637174419
127_41,s3.017253718,s-5.651726817,s67.459615380
127_42,s3.971062512,s-2.067014276,s314.954123772
127_43,s5.513856137,s-6.126576696,s349.462188602
127_44,s-4.143604528,s-5.944674437,s202.283448392
127_45,s4.785891670,s4.774312220,s79.853540914
127_46,s4.556279580,s3.188018981,s17.785360756
127_47,s1.740267069,s-4.223768676,s240.324862984
127_48,s-1.620114303,s5.247484519,s278.325149971
127_49,s-3.354142356,s-4.622599887,s71.612288600
127_50,s3.261123502,s0.374448735,s43.043489825
127_51,s-4.334111451,s3.605713529,s324.808278340
127_52,s0.742649276,s0.870674367,s284.073970837
127_53,s-2.874181231,s-5.793796211,s215.579185612
127_54,s-0.948646862,s-0.746850621,s296.998603707
127_55,s-2.907546690,s-4.314519105,s82.865925917
127_56,s4.728398405,s-3.414748444,s275.448243522
127_57,s5.289146881,s-0.740286297,s232.923174152
127_58,s3.477660064,s1.068046531,s191.958063387
127_59,s6.082625710,s-2.741308317,s160.122296313
127_60,s-6.104912740,s5.652337813,s283.138443820
127_61,s-4.776259191,s-1.272205346,s223.728577574
127_62,s1.208425823,s4.931714378,s163.475002622
127_63,s-5.390800264,s2.305312278,s159.543493701
127_64,s-5.997647422,s2.512839286,s294.140866242
127_65,s-0.010674342,s2.877714940,s166.370613687
127_66,s2.344251445,s-1.439009060,s119.589251859
127_67,s0.455227053,s2.361934377,s257.948287202
127_68,s-3.074790269,s-3.127699998,s314.986568205
127_69,s5.051192739,s0.175675227,s25.767691834
127_70,s-0.184394090,s-0.289704730,s82.615509921
127_71,s4.633489603,s0.648119779,s113.211487709
127_72,s0.349245967,s-4.094751156,s141.139036138
127_73,s-5.658537538,s1.774689971,s295.330512557
127_74,s-0.466398009,s-0.243361583,s243.861886768
127_75,s2.900194049,s3.868821978,s113.588323944
127_76,s3.753851699,s1.970578654,s57.998729360
127_77,s0.165842959,s0.885171909,s93.902678700
127_78,s-0.145264987,s-2.803687962,s231.877060191
127_79,s3.194513509,s4.987151697,s340.724300909
127_80,s-4.738910423,s1.341368315,s29.953155560
127_81,s6.029239913,s2.423973363,s357.147144196
127_82,s4.028431313,s5.261992491,s18.986014965
127_83,s5.381603762,s1.651644500,s224.408694462
127_84,s-3.856325375,s-0.560164675,s185.932164013
127_85,s-5.309848189,s4.229505384,s211.347149219
127_86,s-5.400188749,s-5.819867270,s145.673342514
127_87,s-2.848523449,s-0.571794448,s250.153659699
127_88,s2.671349753,s-1.119974921,s276.547826294
127_89,s-2.358897147,s5.566268151,s340.639823784
127_90,s2.129502283,s4.801128943,s228.304328229
127_91,s-4.731086770,s-0.554893601,s47.317713145
127_92,s-5.875258997,s-1.848082014,s293.991190420
127_93,s3.002389195,s1.750890921,s272.614943533
127_94,s3.482579975,s5.990226637,s72.465290388
127_95,s1.135278201,s5.568516655,s287.793973399
127_96,s-5.082941074,s6.060915280,s173.584255027
127_97,s-2.839901673,s4.711557988,s348.792828769
127_98,s-4.548148488,s2.692854391,s316.005431362
127_99,s6.153954768,s6.120204250,s333.661732647
127_100,s1.120712706,s6.154647525,s197.383321875
127_101,s-5.714720193,s4.198716531,s194.199035466
127_102,s2.628758538,s4.209742043,s135.660209172
127_103,s0.757143330,s3.030525397,s318.797773663
127_104,s-0.745982131,s5.456724453,s205.130263985
127_105,s2.155789014,s6.088018996,s231.282392464
127_106,s0.762118428,s-0.817185701,s279.351922416
127_107,s2.746106205,s2.861511964,s143.830333869
127_108,s-2.705831361,s6.112472188,s328.909644997
127_109,s-4.537681747,s4.395703953,s74.055816572
127_110,s-5.315108949,s5.932142516,s227.156542820
127_111,s-1.604623443,s2.843476381,s100.770049319
127_112,s-1.704719834,s6.092879931,s259.864034039
127_113,s-4.628785396,s3.200130683,s359.981999420
127_114,s6.104771091,s1.836684925,s24.336894514
127_115,s1.244122165,s-2.074783001,s158.957928591
127_116,s5.532670369,s6.109630745,s28.796950175
127_117,s0.196995640,s5.915714006,s332.165982984
127_118,s-1.111760016,s3.331973782,s339.489957978
127_119,s1.812169503,s3.507768651,s271.560607108
127_120,s3.500314517,s4.470784882,s353.704536833
127_121,s-5.751752870,s4.878869234,s30.385962835
127_122,s-5.134362747,s3.279525669,s257.916396322
127_123,s-3.036017702,s5.762396550,s21.549937046
127_124,s-3.691118977,s5.676653172,s175.293425416
127_125,s-3.609933063,s2.173079283,s35.043068678
127_126,s6.169567414,s0.981811147,s44.938850649
128_0,s-3.575366316,s-3.830039686,s116.947572069
128_1,s1.885459706,s-6.332257699,s241.755246443
128_2,s-0.229265661,s-5.083075423,s57.014877854
128_3,s-4.372487675,s-6.409878063,s201.509841067
128_4,s-5.668336225,s-5.837416217,s23.940152844
128_5,s-1.853198714,s2.856945538,s222.893390680
128_6,s-6.278018077,s0.079196146,s162.733514874
128_7,s-1.284127783,s5.927686803,s140.758323470
128_8,s-0.250760100,s-1.450633093,s49.742995741
128_9,s6.734946954,s-6.922060328,s267.673651497
128_10,s6.545535105,s-4.779731085,s28.335621506
128_11,s0.886718179,s-2.682092217,s118.334424589
128_12,s-5.481836279,s-4.052347442,s238.989135596
128_13,s-2.632901956,s-0.680977134,s318.883016547
128_14,s3.137782621,s-2.046009391,s332.202386822
128_15,s0.500197212,s-3.882602629,s109.582812188
128_16,s1.018913196,s-4.932132434,s173.345844612
128_17,s-2.859915378,s0.636192241,s139.393319539
128_18,s-2.043750394,s-1.562872656,s36.343304968
128_19,s0.226042478,s1.215556226,s209.515402822
128_20,s-2.854800289,s-2.370033453,s169.246076570
128_21,s3.977909994,s-6.820056065,s34.125167423
128_22,s3.730118704,s-3.862725470,s11.918340509
128_23,s4.208897777,s-5.254612591,s70.108598483
128_24,s-3.378884984,s-3.046935367,s324.285398385
128_25,s-3.716470351,s1.635464200,s221.178743565
128_26,s-0.829184360,s-0.069063057,s263.589812567
128_27,s-2.264743001,s1.579038380,s247.005136390
128_28,s-4.875344817,s-1.800249244,s185.371209494
128_29,s-1.306686317,s6.656714019,s247.734173588
128_30,s-2.131504722,s-2.733653824,s290.052232313
128_31,s2.951346146,s-1.137314722,s235.723891021
128_32,s-3.419412762,s-5.865222932,s215.176792681
128_33,s1.828950136,s-4.281992154,s59.743895534
128_34,s1.511613463,s6.743240092,s186.781383675
128_35,s5.619581087,s0.743089689,s250.608038781
128_36,s-4.336235895,s3.782988734,s83.205625393
128_37,s-6.866678320,s-4.665680549,s341.452712834
128_38,s-6.415990077,s-0.316568986,s50.177034316
128_39,s-1.087673747,s2.657257363,s104.476370075
128_40,s-0.508900676,s-1.682187692,s243.760476503
128_41,s-6.410834157,s1.668546313,s344.495568915
128_42,s-5.183320989,s1.558768389,s330.426081647
128_43,s4.283009184,s-5.198961713,s226.665681500
128_44,s3.909761798,s0.830602854,s233.209102735
128_45,s6.470551865,s-1.172986808,s44.452776912
128_46,s6.355264672,s-3.294895693,s7.947584244
128_47,s5.375170375,s-3.596992544,s167.639064308
128_48,s-6.197292160,s-2.874729078,s278.005699683
128_49,s-2.311930688,s6.408739373,s339.837787903
128_50,s-0.038330427,s6.269542768,s49.914572486
128_51,s2.674673444,s5.430506337,s280.314874791
128_52,s-0.182972472,s-6.895354216,s209.411648751
128_53,s2.704353928,s3.743724599,s141.901688587
128_54,s-0.853902065,s-2.782187376,s137.500924377
128_55,s6.284651838,s-2.055979910,s113.613718713
128_56,s-0.723330893,s0.684113344,s140.316948976
128_57,s6.350749125,s6.212778075,s318.535830922
128_58,s6.833047890,s6.829107566,s46.361988713
128_59,s6.884349088,s1.408822228,s260.732012397
128_60,s-6.844616228,s-0.017857211,s35.265443482
128_61,s-3.701206341,s5.949983418,s23.508658155
128_62,s-6.825512716,s3.804981492,s319.247573721
128_63,s0.964831663,s5.934722390,s114.888490443
128_64,s-4.646391700,s6.126975631,s25.893464010
128_65,s5.194725875,s-2.258799273,s244.464805477
128_66,s6.952677223,s-2.796387230,s150.459990806
128_67,s6.876775015,s2.745058748,s180.481658612
128_68,s3.609600944,s6.069599214,s110.344692162
128_69,s3.046593798,s4.344849210,s290.364620367
128_70,s6.865000382,s3.835159113,s327.935339738
128_71,s-1.848554306,s3.511877779,s149.105705155
128_72,s-5.508408140,s5.559283166,s175.399283482
128_73,s-3.200159199,s2.438407169,s184.635420654
128_74,s-0.644832708,s4.044081832,s135.266449357
128_75,s-2.336161501,s2.880604098,s268.792606607
128_76,s-4.142768401,s3.346829211,s28.971103629
128_77,s0.225576114,s-2.870168913,s176.921685915
128_78,s1.780833722,s5.363725263,s4.919579616
128_79,s4.647634053,s2.058584632,s278.873638214
128_80,s2.016510200,s-0.348079237,s83.515531361
128_81,s3.409831227,s-1.222453044,s85.386834780
128_82,s5.291034861,s4.340232301,s52.108676221
128_83,s5.735194813,s1.002505946,s319.176329756
128_84,s-2.252350970,s6.882988393,s236.643045417
128_85,s-6.436152990,s-3.354711908,s215.666085401
128_86,s4.453265410,s-3.226787086,s206.424810727
128_87,s-6.053610577,s-1.694475224,s74.998924439
128_88,s-1.969280470,s-3.885358082,s190.146533336
128_89,s3.324632158,s3.698986608,s206.589836591
128_90,s-0.246300372,s3.053330659,s249.329155176
128_91,s5.126300046,s0.519667495,s259.476087040
128_92,s-2.275514636,s-2.609535384,s131.277517709
128_93,s2.752094138,s4.558109427,s79.288499318
128_94,s6.923075169,s2.470137388,s86.987961132
128_95,s5.406380440,s-0.375559082,s251.417850722
128_96,s-6.832077106,s6.256794598,s332.828084068
128_97,s1.869297988,s-2.831959277,s135.232192600
128_98,s-4.007951955,s3.902478841,s270.851713836
128_99,s2.048643852,s6.804083837,s103.825938144
128_100,s5.241788152,s3.820759530,s108.141662042
128_101,s0.591023859,s1.920036536,s15.869915696
128_102,s-2.652813909,s4.059069601,s62.214101155
128_103,s0.465229445,s2.599622304,s109.455007810
128_104,s7.011273625,s5.245013733,s22.217009184
128_105,s5.783297888,s5.393382681,s238.429411115
128_106,s3.722065902,s5.514922192,s73.616191098
128_107,s5.605877455,s6.823242409,s92.489988002
128_108,s-3.530851980,s5.983487436,s4.196226181
128_109,s3.293847636,s6.811170057,s347.512760719
128_110,s-4.279454457,s0.781844082,s159.486406375
128_111,s2.291517359,s4.301111473,s0.190686348
128_112,s-6.079463123,s6.851187885,s187.530469006
128_113,s-6.881856793,s4.060427030,s81.915290019
128_114,s1.456605321,s5.035192383,s142.525263278
128_115,s3.339797901,s1.144155170,s202.079043296
128_116,s-1.580640268,s6.882988393,s77.720848156
128_117,s6.710697244,s5.970941084,s203.421454048
128_118,s5.713366058,s6.600826681,s273.309464243
128_119,s5.761697455,s2.948640585,s301.633463494
128_120,s-4.572865078,s6.602811252,s147.409250171
128_121,s-6.170588996,s1.342804572,s192.176948483
128_122,s0.412032588,s4.701384973,s98.622676824
128_123,s-6.921562641,s5.382096421,s43.658136144
128_124,s2.593005212,s3.099564998,s154.609732537
128_125,s0.938506832,s6.525961616,s259.218860657
128_126,s4.015290671,s6.665764065,s189.033740202
128_127,s4.721875385,s1.493367872,s234.588433102
129_0,s-6.606720581,s-5.215034848,s80.696671716
129_1,s-6.455863323,s-1.552210391,s174.467210350
129_2,s-4.757083935,s-4.739440481,s105.260474666
129_3,s-6.304105561,s-5.645950811,s183.625831628
129_4,s-5.363574668,s-2.812618530,s149.336277588
129_5,s-3.859260813,s-4.087361862,s321.980911949
129_6,s-2.989044589,s-5.204988324,s345.371702670
129_7,s-1.742106356,s-4.531950278,s80.469289739
129_8,s4.424938609,s-6.318220872,s29.191116261
129_9,s0.394711186,s-3.947503574,s31.796627845
129_10,s4.580854142,s-5.435701865,s225.128431926
129_11,s5.417050469,s-4.959370164,s317.838805396
129_12,s-3.828014599,s-0.570006342,s4.862787947
129_13,s5.325129455,s-2.780798203,s227.953162456
129_14,s2.520935218,s5.095900634,s71.544134641
129_15,s-0.563785239,s-2.987645711,s31.182112692
129_16,s6.026225941,s-2.137436532,s26.450868870
129_17,s3.848156054,s-5.302105858,s303.591127627
129_18,s0.058698291,s-6.361753159,s73.618549463
129_19,s6.569521565,s4.326540547,s359.989347983
129_20,s1.740283579,s-5.755837684,s334.525843235
129_21,s6.424058493,s-1.641893645,s359.718464818
129_22,s6.490615289,s6.492554657,s295.555153282
129_23,s6.611121351,s-3.234720417,s180.018048289
129_24,s-6.458463023,s-2.423534501,s52.412587085
129_25,s-1.579664780,s3.037687854,s294.188477272
129_26,s-2.260850856,s2.467381621,s295.753471118
129_27,s-5.301811616,s-1.241897403,s290.321023930
129_28,s-5.779107694,s1.891963255,s326.287698290
129_29,s1.398546329,s-2.330592158,s306.221874020
129_30,s3.750570677,s-0.949448215,s59.695003704
129_31,s-3.599037083,s1.753724099,s208.815478063
129_32,s2.029507933,s-3.660462956,s283.179084402
129_33,s2.198927663,s-6.592440422,s13.211179703
129_34,s6.441465050,s-4.602730766,s158.006392936
129_35,s-0.013016804,s3.176988591,s342.406590578
129_36,s-4.624935353,s2.152729652,s302.868620100
129_37,s-5.997490411,s-4.452869492,s59.341591513
129_38,s-2.951755008,s2.472777644,s265.493617401
129_39,s-4.791235097,s-5.662084501,s131.130839686
129_40,s-2.637144880,s5.526774026,s174.482331458
129_41,s0.582244533,s4.961950425,s240.280441570
129_42,s2.862252680,s-6.220276262,s130.890988505
129_43,s6.173904853,s-3.146227566,s290.372619253
129_44,s-1.705706140,s-0.413249097,s96.755831131
129_45,s4.997374005,s-1.893959152,s174.451413608
129_46,s4.224464505,s3.186211485,s238.349435525
129_47,s5.285496082,s-4.019313525,s4.536852282
129_48,s-4.259738130,s-3.100818134,s49.547089463
129_49,s5.351678222,s6.321064356,s18.795027404
129_50,s-6.585722683,s2.319332875,s105.182963755
129_51,s3.575840341,s1.454998075,s116.547944936
129_52,s-1.983495316,s-2.971800166,s357.613754971
129_53,s2.219012370,s-4.285503925,s47.285460995
129_54,s-6.011371349,s-0.311117645,s69.865554495
129_55,s-6.191142399,s-3.171087906,s8.824917735
129_56,s-4.391200447,s4.925548365,s15.954079798
129_57,s-3.379928860,s-6.567270704,s159.909423061
129_58,s-6.563044430,s1.384673429,s212.036135289
129_59,s6.576431611,s-1.254082917,s277.901066792
129_60,s-4.639400567,s5.166710390,s281.349241854
129_61,s2.740935733,s3.645214265,s186.191879780
129_62,s1.819182720,s-0.089367663,s146.296549852
129_63,s-3.399518336,s-1.470210079,s248.088637834
129_64,s-2.043741449,s1.177285579,s297.847633878
129_65,s0.062690615,s6.370273174,s358.295737736
129_66,s-0.886165909,s6.114682677,s14.651062743
129_67,s4.131571376,s4.247477800,s200.200159551
129_68,s1.069418239,s1.074669317,s302.876905891
129_69,s5.850938898,s5.209126407,s244.419844568
129_70,s4.317464917,s-1.939263636,s42.968464351
129_71,s1.229803106,s-5.696492801,s174.503445864
129_72,s2.499424514,s4.213280234,s208.320308191
129_73,s-4.745512265,s3.234311818,s336.895946394
129_74,s-6.470761261,s3.936680061,s214.652501608
129_75,s-0.309327461,s5.883288863,s25.623555131
129_76,s-4.486032810,s-1.950787617,s83.408741868
129_77,s-1.732465912,s5.151820659,s233.544488660
129_78,s4.683158009,s-1.073355432,s300.614931546
129_79,s4.355250548,s5.640749297,s27.094811798
129_80,s5.792196668,s3.543691476,s33.828098158
129_81,s6.641760685,s5.602373902,s289.430415462
129_82,s0.974969974,s5.809441446,s352.744034303
129_83,s0.849355407,s3.688467567,s55.057563505
129_84,s-6.434384893,s6.542981940,s87.762536355
129_85,s-2.243887795,s6.514531170,s219.071726325
129_86,s-2.703167448,s0.776878683,s142.055713842
129_87,s-2.196115674,s-4.000292818,s22.674183337
129_88,s2.865951745,s-0.270781217,s168.837108582
129_89,s4.433159128,s1.179121102,s29.315389710
129_90,s-6.306142099,s0.065617813,s47.127970375
129_91,s4.853264653,s-0.103398449,s166.209114632
129_92,s5.586683389,s6.655553901,s121.681588607
129_93,s5.263832272,s-0.264496001,s247.271481394
129_94,s0.453235191,s-5.458250245,s203.143705207
129_95,s1.726542104,s5.522052243,s267.753585970
129_96,s-6.615148947,s6.131716867,s170.298760408
129_97,s3.370805634,s2.833314148,s262.434194542
129_98,s-1.713457739,s5.913932594,s177.479858576
129_99,s3.473043629,s6.193365449,s136.990160681
129_100,s6.413418288,s0.828701517,s245.207357792
129_101,s1.558424440,s4.704709774,s67.045180048
129_102,s-0.723999440,s4.112315947,s346.009767188
129_103,s-5.917294062,s-5.905765980,s158.344344649
129_104,s-5.422567439,s3.842697358,s76.090666324
129_105,s5.570484290,s6.015396245,s358.313317552
129_106,s-5.847449434,s4.919583852,s359.493147407
129_107,s3.768042724,s4.972756745,s90.108076110
129_108,s-5.228533689,s4.316275284,s124.202211826
129_109,s-6.551804831,s5.326047755,s282.759508933
129_110,s-2.861198109,s6.356353448,s227.015093870
129_111,s1.957265307,s0.904447733,s281.202848565
129_112,s-4.633263086,s6.596371911,s131.358265027
129_113,s-1.924093019,s4.060986103,s46.899609161
129_114,s0.642327204,s-1.765175028,s172.138914692
129_115,s6.393370055,s1.751723744,s111.773135831
129_116,s-1.708209303,s1.120246890,s290.308619314
129_117,s5.320393072,s1.677162679,s322.115661759
129_118,s6.587077881,s-0.223160884,s190.703513605
129_119,s2.778217990,s5.387547043,s316.322848825
129_120,s-2.844287075,s5.050731345,s275.422634334
129_121,s1.990827532,s5.547666346,s356.389742573
129_122,s-6.130319621,s5.190854516,s124.264223631
129_123,s-2.139776033,s-1.613461297,s75.906782739
129_124,s-4.011632052,s5.204460854,s250.102257520
129_125,s1.337651029,s1.382053450,s179.864013768
129_126,s1.306626123,s6.212795285,s349.176764610
129_127,s-5.224996211,s6.640856655,s327.905003036
129_128,s-4.005305374,s4.491259678,s54.783148712
130_0,s-6.570976501,s-4.686472866,s173.546873198
130_1,s2.467998107,s-5.767861152,s61.885694022
130_2,s2.720735751,s-3.488999249,s294.009949756
130_3,s-4.410286073,s-2.365871175,s337.307254738
130_4,s4.311808743,s-3.777217589,s22.797114497
130_5,s-0.192546670,s-5.451821265,s209.461333721
130_6,s-4.354331968,s-2.628724211,s285.602304162
130_7,s-3.974489636,s-5.927937562,s31.054709197
130_8,s5.344720908,s-2.455877142,s180.988828932
130_9,s1.723397653,s0.468213198,s126.818592377
130_10,s3.945141167,s-0.044096231,s311.457784517
130_11,s6.270601429,s-6.297345788,s130.992435783
130_12,s-5.765008426,s-2.284321376,s76.867987120
130_13,s-5.939134025,s-6.141287575,s109.528641717
130_14,s-1.411709870,s-6.420543673,s15.040800705
130_15,s-6.485770856,s-0.407723036,s16.444181418
130_16,s1.309062564,s-5.030594918,s175.570601847
130_17,s-4.869963693,s2.807209722,s60.008135323
130_18,s5.061405716,s1.451967162,s202.772808001
130_19,s3.398946455,s-5.755984373,s305.632699949
130_20,s-3.263107081,s-3.856830569,s151.198614012
130_21,s0.726715270,s3.095385270,s80.112259571
130_22,s3.064213233,s-1.814778885,s15.573051066
130_23,s6.116587490,s-4.654027325,s193.551466014
130_24,s-4.581694273,s-4.287657118,s141.070415970
130_25,s-6.829615558,s2.673989481,s330.406926997
130_26,s-3.932310755,s-6.557259820,s203.820567741
130_27,s-6.863483962,s-0.700744006,s23.837359623
130_28,s0.071080329,s-1.509391820,s37.606950050
130_29,s-4.281172475,s-0.647028195,s273.799312907
130_30,s1.704575213,s0.112727939,s97.954296690
130_31,s-0.380186251,s-3.350707420,s290.075620888
130_32,s0.874467414,s-3.867853691,s112.962745153
130_33,s5.621141906,s-5.818774827,s241.250936442
130_34,s2.166868707,s-4.730787695,s20.143028262
130_35,s4.781606881,s-1.023212595,s107.691420399
130_36,s-6.174390487,s0.241887808,s212.594737249
130_37,s-6.707474541,s5.152100499,s228.718936657
130_38,s-3.490463557,s1.769094551,s247.303134448
130_39,s-2.138426790,s-4.706989104,s100.576087448
130_40,s-0.801408671,s-2.409179342,s302.207450048
130_41,s-6.827291757,s3.599359378,s299.402276975
130_42,s6.431671573,s-1.150451628,s92.073168391
130_43,s-6.313669597,s-2.981857803,s177.609428051
130_44,s1.165760694,s-1.972151889,s208.392494438
130_45,s6.087953339,s1.743101270,s256.623806487
130_46,s-2.728588741,s-2.797519202,s200.867407203
130_47,s6.420397468,s-0.308709022,s66.236225190
130_48,s-0.513617055,s-0.224983720,s98.210710997
130_49,s-5.198100625,s0.345303300,s22.107560240
130_50,s-3.835109652,s-4.512900701,s78.067883811
130_51,s4.595346221,s-0.011381788,s352.776427703
130_52,s-3.706679811,s5.284587251,s164.931170719
130_53,s3.393899487,s-0.018471253,s358.779204373
130_54,s3.542779615,s1.924759932,s298.022160604
130_55,s4.569335890,s6.240162962,s321.772865219
130_56,s6.286973087,s-3.559321699,s29.670862441
130_57,s3.801423381,s6.606038494,s121.673151282
130_58,s6.291765729,s2.432240000,s174.214390937
130_59,s4.850354223,s2.215450446,s56.444809382
130_60,s-5.651435828,s-0.465801937,s355.286345056
130_61,s-0.089235926,s6.712378269,s95.741820774
130_62,s-3.788282159,s4.212722679,s116.047381378
130_63,s1.323447062,s-0.599110297,s190.400406829
130_64,s-0.369017097,s4.382525652,s24.959745154
130_65,s-3.142307802,s-0.253296901,s149.177736940
130_66,s-2.209592801,s3.573174308,s111.449180123
130_67,s-2.282544627,s3.141829613,s347.269658326
130_68,s3.392750447,s5.044144563,s64.219781767
130_69,s6.320631264,s5.995602932,s127.949421032
130_70,s1.740988386,s2.704368745,s59.705089427
130_71,s4.027112931,s3.972471400,s312.332327688
130_72,s-6.725787567,s5.800435755,s292.409694590
130_73,s-6.567691307,s1.788444819,s252.963410246
130_74,s1.853084670,s2.298528883,s239.497534335
130_75,s-1.097390864,s5.676442440,s294.184042258
130_76,s-2.914996035,s5.872923432,s247.634005354
130_77,s-4.550358676,s3.877191701,s2.008133411
130_78,s4.796300242,s3.955476004,s56.137843067
130_79,s5.588217832,s2.954708836,s280.420504529
130_80,s3.231557441,s-2.559953362,s249.619796792
130_81,s2.235623549,s5.707165818,s150.187756314
130_82,s1.544963677,s5.738400573,s262.852350300
130_83,s2.964067309,s4.571871264,s84.789977847
130_84,s-2.676230821,s5.623532569,s66.122196600
130_85,s2.602730771,s6.638669226,s182.761497110
130_86,s-5.382603825,s6.422015234,s233.058386954
130_87,s0.719406541,s2.029812662,s76.946847090
130_88,s-2.264011307,s-1.619128009,s99.113808125
130_89,s5.566236419,s5.501619854,s132.729384280
130_90,s-4.915689690,s4.118166144,s209.889244537
130_91,s5.053104526,s0.063998109,s197.864149470
130_92,s4.257534703,s6.786101909,s153.794092731
130_93,s5.582012886,s4.275860775,s315.649026201
130_94,s4.443857479,s-1.972180195,s314.759864956
130_95,s-4.699345309,s5.755199717,s1.177707908
130_96,s-0.499034760,s6.183175348,s282.737893501
130_97,s-3.839794351,s2.858013018,s69.656506312
130_98,s-2.278746027,s0.316715032,s250.163866301
130_99,s1.057690345,s-0.159234088,s288.077527008
130_100,s-3.041726389,s6.732810103,s206.476603553
130_101,s-5.039548211,s1.390603734,s230.730455256
130_102,s0.663800856,s6.713539125,s186.149910698
130_103,s-4.074474894,s1.829499856,s84.587575536
130_104,s-2.186450201,s6.678216999,s200.142573259
130_105,s4.379074302,s3.388943101,s359.088067487
130_106,s0.964272782,s5.081028283,s230.178335081
130_107,s3.442189989,s1.225410210,s104.115027831
130_108,s6.398049301,s0.648164850,s279.620901438
130_109,s-6.725193632,s4.170545261,s171.974203134
130_110,s-5.613123742,s2.333949939,s262.211917132
130_111,s0.097745052,s1.511648557,s218.003648616
130_112,s5.700047232,s-1.916748879,s354.846800577
130_113,s-0.117665535,s5.364444947,s254.504314873
130_114,s-6.209335808,s3.920370253,s46.502080732
130_115,s1.237279265,s5.950354243,s230.499284794
130_116,s-1.533305406,s4.076288104,s299.587841603
130_117,s5.878501772,s4.112021052,s89.764440042
130_118,s5.385933868,s6.613374017,s96.706446509
130_119,s5.840542195,s6.734668007,s313.872389051
130_120,s-5.071351985,s6.742435158,s210.094324414
130_121,s-5.841208990,s4.253429328,s114.123912025
130_122,s-6.329716510,s6.764564166,s134.644395357
130_123,s-3.835556381,s5.839094483,s41.594577928
130_124,s-5.500002025,s5.905516502,s349.219992196
130_125,s0.034089838,s3.976862494,s58.150745731
130_126,s-2.925242048,s1.878074664,s306.009519019
130_127,s-1.198346815,s6.662238818,s317.530667632
130_128,s2.773264825,s2.162392160,s96.838817967
130_129,s6.529017765,s2.622166702,s220.544833850
131_0,s-6.135506297,s-3.334749753,s151.127774324
131_1,s-4.460033365,s-6.467787354,s71.325104028
131_2,s-1.142254116,s-3.495861614,s180.594271074
131_3,s-3.732061058,s-5.575485615,s57.097577433
131_4,s-0.632617520,s-6.644807829,s359.456767180
131_5,s0.897288886,s-5.962941685,s283.785108155
131_6,s-6.235769982,s-2.595488772,s98.145082046
131_7,s5.278058547,s-2.567467653,s29.610681137
131_8,s0.041477969,s-6.368326057,s137.891228450
131_9,s-0.629034915,s-5.411166400,s309.807803960
131_10,s6.195136531,s-5.444961257,s272.380029791
131_11,s3.795586197,s-0.899492280,s275.529230037
131_12,s-2.605897863,s3.578932296,s195.276486775
131_13,s-5.764337516,s-0.068204876,s85.879092711
131_14,s0.818685533,s-4.965337838,s194.877329501
131_15,s-0.092458423,s-4.231727281,s287.363054830
131_16,s-2.968859367,s4.963637307,s307.012244897
131_17,s-1.722993408,s-2.830358204,s30.173501181
131_18,s-0.323133193,s2.872682216,s173.412964804
131_19,s2.061256858,s-3.909889919,s303.755414788
131_20,s1.964805083,s6.059753620,s272.438473439
131_21,s5.010310745,s-4.164490789,s217.462969026
131_22,s3.678598354,s-2.462881171,s208.957134296
131_23,s-5.004630954,s2.336718183,s84.289735268
131_24,s-6.198860814,s-1.680856110,s27.477873440
131_25,s-5.302066694,s-5.727926840,s305.123131929
131_26,s-6.192645391,s-4.906461173,s171.887101338
131_27,s-6.259593174,s2.233272782,s284.443539466
131_28,s-5.219778821,s-4.092428246,s151.713785021
131_29,s-0.878431185,s-4.948907163,s181.003039399
131_30,s0.573877632,s2.151303078,s136.796641812
131_31,s3.154549626,s-2.627191884,s91.421335757
131_32,s-3.634475679,s2.687096435,s351.511704039
131_33,s5.946309129,s4.877981491,s138.340682366
131_34,s6.136325187,s-1.505337911,s44.457777741
131_35,s4.946461447,s3.409027105,s37.926060416
131_36,s-5.442211740,s3.339015356,s246.811889440
131_37,s6.191640954,s0.510173900,s27.912460448
131_38,s2.185460798,s-6.018626643,s124.968676654
131_39,s-1.900186151,s6.118987118,s231.518610739
131_40,s-2.157599889,s-4.701036179,s151.931530788
131_41,s3.482862582,s5.856415735,s140.724071063
131_42,s3.551244625,s3.797175640,s258.104785747
131_43,s4.044076688,s-4.505628068,s59.924504651
131_44,s5.793616911,s1.619593374,s279.967644356
131_45,s5.475615120,s-0.329765894,s278.383912457
131_46,s3.184233393,s-5.833400467,s339.611003365
131_47,s6.240749631,s1.890520239,s154.820873620
131_48,s-2.601474528,s-0.650554988,s339.774422838
131_49,s-4.613488573,s-1.334887584,s119.717266513
131_50,s1.693096346,s-4.269375944,s96.393513786
131_51,s-5.363441762,s-2.217565987,s294.710605553
131_52,s3.689705952,s-2.030847557,s204.144272827
131_53,s-4.117035945,s-1.704672064,s45.118786367
131_54,s4.804749050,s6.246106348,s47.832820670
131_55,s5.038289373,s3.439158877,s98.505202769
131_56,s5.185246784,s-3.720732905,s125.477052561
131_57,s4.589857696,s-1.064887955,s13.935816677
131_58,s-3.264309041,s-1.407722535,s347.519777179
131_59,s-5.452613472,s5.391458060,s150.274803353
131_60,s0.149318381,s2.666967003,s313.896014776
131_61,s-6.229739502,s3.288615861,s24.577111200
131_62,s-4.147110184,s-2.115348985,s181.521768819
131_63,s3.777684335,s2.900770118,s69.599051610
131_64,s-3.064756018,s-0.413380823,s143.614128120
131_65,s3.239559352,s-0.279641389,s115.987612995
131_66,s-6.053622117,s6.176266977,s349.096465601
131_67,s-1.211339799,s5.848038013,s297.032557320
131_68,s-3.947238449,s1.752824391,s189.210339854
131_69,s3.740919165,s2.063901794,s178.076754465
131_70,s2.969560559,s6.106043812,s177.389478129
131_71,s3.528890409,s3.342455434,s125.314610314
131_72,s-3.962969761,s0.583839690,s8.304420390
131_73,s-0.805954127,s-0.339681505,s242.127820901
131_74,s-6.172233908,s3.657286645,s76.784693243
131_75,s-4.812285256,s3.658729268,s61.842371892
131_76,s-0.449242863,s6.215152277,s90.081724361
131_77,s-5.067198840,s4.441612975,s97.300860836
131_78,s-2.174265684,s1.526725948,s240.194266079
131_79,s5.784048261,s4.283684561,s59.932046803
131_80,s-0.210331345,s4.703551512,s356.541252645
131_81,s5.875563143,s-3.650800154,s139.307006136
131_82,s1.908210784,s-0.427828061,s88.515672753
131_83,s6.643347049,s3.550513519,s138.604994675
131_84,s2.755225834,s0.518504538,s21.239269909
131_85,s-5.717756627,s5.850810485,s154.088322695
131_86,s-2.476363776,s4.932954981,s226.035638529
131_87,s-2.550222384,s0.723062376,s332.361527696
131_88,s-1.507529781,s2.203576162,s65.100214543
131_89,s2.349930391,s5.078702422,s359.637310967
131_90,s0.797407325,s4.419592041,s232.221792428
131_91,s1.239189610,s1.002366808,s237.569743582
131_92,s-0.802808327,s1.824595364,s268.072729189
131_93,s-6.007345382,s5.495082821,s1.884853569
131_94,s6.386835296,s5.859888185,s233.233439585
131_95,s2.903156187,s3.406039381,s303.332774899
131_96,s-2.485644260,s3.174929240,s22.438856914
131_97,s-1.144227908,s3.789812605,s300.324693635
131_98,s-3.818707350,s6.244348104,s28.369301769
131_99,s3.861835433,s0.595520939,s294.933194873
131_100,s-3.795450704,s3.397732872,s271.685064542
131_101,s-3.122321504,s-3.335836600,s248.595906111
131_102,s5.367324280,s1.776650762,s113.323312215
131_103,s2.270779350,s-4.969119313,s300.672228017
131_104,s6.548106103,s-2.225810391,s328.885475233
131_105,s4.592767489,s-5.087176555,s229.280059057
131_106,s3.006708865,s1.971438081,s311.541795025
131_107,s1.185394237,s5.150580589,s291.036718209
131_108,s-6.066481210,s4.846136190,s356.405933321
131_109,s1.966210441,s5.481887782,s34.757537499
131_110,s-2.241232717,s0.410292520,s210.818430125
131_111,s-0.593917545,s-1.590136923,s99.340955449
131_112,s-3.325035891,s0.483674273,s198.972506201
131_113,s-0.198638337,s-2.562168825,s233.298180721
131_114,s-2.113228885,s6.269428994,s315.690898732
131_115,s1.449432742,s6.229009890,s139.354073084
131_116,s3.886098036,s1.471259234,s19.191376352
131_117,s6.333820016,s6.196875133,s215.139698265
131_118,s-1.081184459,s0.495600395,s171.832737458
131_119,s5.600387284,s3.946241679,s69.272193963
131_120,s-6.029379830,s3.563442983,s282.446696434
131_121,s-4.247275601,s5.575775432,s337.744266290
131_122,s0.286796715,s-0.459438208,s279.667441100
131_123,s0.736823639,s5.989421819,s225.948014255
131_124,s-1.065121193,s2.340666662,s84.004244291
131_125,s-1.416206832,s-1.861618255,s202.960750774
131_126,s5.779440215,s3.404176778,s90.649207140
131_127,s5.260173256,s5.848432116,s326.972389789
131_128,s4.871783282,s2.108487245,s119.899832880
131_129,s4.427456033,s0.523915185,s160.148490240
131_130,s4.279941558,s4.901562910,s321.866693045
132_0,s-3.529767072,s-4.124128527,s108.026540693
132_1,s-6.269159691,s-6.623978175,s231.700720691
132_2,s-3.233619852,s-3.800815350,s105.487451849
132_3,s6.747649725,s0.091136423,s82.453899599
132_4,s-3.409643735,s-2.734241272,s191.147357414
132_5,s0.287556340,s1.930760981,s84.191031131
132_6,s2.023721142,s-6.848488435,s252.581348443
132_7,s2.525049553,s-5.114122750,s163.177864010
132_8,s1.449608062,s-6.109585864,s25.948208642
132_9,s-4.483705990,s-4.644917732,s329.467677961
132_10,s5.837079644,s-5.307121053,s80.506044627
132_11,s-2.223086915,s-4.603280531,s234.626224280
132_12,s-0.143062197,s-5.949016914,s305.411607820
132_13,s0.380793501,s-1.879626382,s305.268807158
132_14,s-0.923870661,s-2.808539104,s340.164539389
132_15,s-5.587339302,s-3.229362746,s314.743718249
132_16,s-3.262834593,s2.382008446,s322.265137294
132_17,s-0.680971037,s-4.857709144,s55.331032609
132_18,s-6.115321435,s-5.523367878,s34.941372390
132_19,s-3.946893619,s-0.273094290,s310.838820506
132_20,s4.620184374,s-0.345654821,s245.246077512
132_21,s3.545922860,s-2.730865205,s260.154850349
132_22,s6.404293531,s1.282667108,s357.625287754
132_23,s6.925593596,s-3.889226126,s262.107150532
132_24,s4.334539592,s3.750746850,s314.953987394
132_25,s-0.847293567,s4.283077149,s95.604691464
132_26,s-1.096467872,s2.737357428,s240.581623618
132_27,s0.211033637,s-4.221046057,s79.379106952
132_28,s-5.819043643,s0.111300706,s327.144866884
132_29,s0.468397672,s-5.239076900,s101.354959923
132_30,s3.339632171,s-1.873898324,s87.304632086
132_31,s-3.737952682,s-2.741918626,s259.378952107
132_32,s0.058098277,s-0.390008344,s292.423843497
132_33,s4.385594943,s2.130608444,s18.943735612
132_34,s1.406590826,s-4.479225556,s57.658052369
132_35,s7.055407436,s-2.739654548,s60.622398034
132_36,s3.797993488,s-1.483496862,s166.109859976
132_37,s5.224726908,s-6.770099883,s56.024598504
132_38,s5.116714065,s3.010818489,s171.614317020
132_39,s-3.161921544,s4.953277007,s66.380733884
132_40,s-6.457536491,s-2.554623455,s122.004121230
132_41,s0.399502883,s0.586927712,s63.421653459
132_42,s-2.661541087,s-5.078039019,s77.210819452
132_43,s-6.900909288,s4.834281658,s245.993488835
132_44,s2.822004418,s-6.130623782,s194.890740713
132_45,s-0.888239004,s2.005254465,s264.337397771
132_46,s-5.740600568,s3.001473558,s302.794476229
132_47,s-1.577556565,s4.839381120,s230.922897765
132_48,s6.794827271,s-5.598076868,s239.479258114
132_49,s2.926569475,s6.347429139,s288.199437913
132_50,s-1.730892303,s-5.895847546,s260.177562101
132_51,s6.976248737,s4.316082455,s51.711141092
132_52,s-4.290441444,s-2.380691222,s333.082929622
132_53,s-4.483860748,s3.814920225,s310.756997141
132_54,s-5.395756341,s3.097901336,s208.156385932
132_55,s-6.257409194,s4.867830274,s226.373004421
132_56,s-0.996925269,s1.057536891,s197.311420208
132_57,s0.751058229,s1.957861220,s285.981537459
132_58,s-4.023135099,s2.744759960,s16.106640548
132_59,s-2.680460762,s0.327625542,s298.915988310
132_60,s6.885224533,s3.049326502,s104.431202723
132_61,s6.250021070,s2.436051907,s337.713065304
132_62,s4.475731255,s-6.516154400,s92.661639690
132_63,s5.143538511,s-2.050065961,s332.401701628
132_64,s3.223261240,s-3.479911077,s340.495085126
132_65,s-6.707804949,s-0.584011374,s7.113441879
132_66,s-3.809529331,s-1.633239036,s263.056654767
132_67,s-5.005148816,s-1.437086424,s141.146864057
132_68,s0.657455166,s-0.483647597,s11.123049460
132_69,s-6.639524528,s-1.470951594,s63.562461632
132_70,s0.640031581,s6.142801696,s180.357025032
132_71,s0.940396296,s-3.628190976,s161.422419051
132_72,s-4.052597603,s5.872515124,s341.384331536
132_73,s5.949115147,s-2.964041200,s237.591599998
132_74,s0.892119542,s0.896431024,s251.056915048
132_75,s2.706178234,s5.836533137,s275.356984636
132_76,s-2.013379211,s-1.186994355,s10.866598723
132_77,s1.504837242,s4.200503564,s103.253139234
132_78,s-3.078503405,s0.624016899,s82.256698254
132_79,s-2.455576083,s-3.601917756,s314.334941269
132_80,s-6.003243495,s6.368325936,s277.454831250
132_81,s-6.083173801,s3.723732500,s216.992971443
132_82,s-1.342858809,s1.986423958,s65.709331232
132_83,s3.258637614,s4.438321589,s109.086470446
132_84,s-5.688549584,s5.744592470,s243.545030539
132_85,s4.014850265,s5.280812930,s82.078797747
132_86,s1.833869944,s-2.397703886,s162.022002734
132_87,s2.026010242,s1.981500940,s56.350278281
132_88,s5.416813421,s3.762389075,s157.553424202
132_89,s6.258894991,s3.808401072,s352.264857710
132_90,s5.864916008,s5.341356189,s17.552112984
132_91,s-6.513429201,s0.583131693,s155.166924064
132_92,s4.890043151,s6.350759577,s194.368322247
132_93,s-5.548144456,s2.039941155,s328.960286263
132_94,s-4.827482540,s-3.335397992,s187.599818082
132_95,s3.522764917,s6.382438512,s359.979554665
132_96,s-0.678104787,s3.178150043,s313.652169835
132_97,s3.062172921,s4.191094599,s185.588432692
132_98,s2.633505596,s0.645027810,s57.181726068
132_99,s2.269831402,s4.974810358,s258.495563867
132_100,s0.220793755,s5.124290345,s314.187964713
132_101,s1.440931653,s6.233182041,s82.725395949
132_102,s2.243258288,s4.390993670,s358.356639756
132_103,s7.003393100,s1.807699767,s59.974890446
132_104,s-6.953427710,s6.422479411,s107.111502257
132_105,s-3.714284281,s1.484500210,s253.454302795
132_106,s-0.028819275,s6.285680931,s290.921972660
132_107,s-3.249778556,s-0.314351222,s97.818179640
132_108,s1.202157744,s6.314005763,s359.844262271
132_109,s-4.836058924,s6.382980147,s81.326763169
132_110,s6.787829991,s-0.579545084,s192.613833377
132_111,s1.374424510,s5.091028493,s294.429791620
132_112,s0.694704638,s4.167590827,s101.260597347
132_113,s-0.665866782,s-0.139506566,s53.257888540
132_114,s2.795884791,s1.740757395,s20.540436365
132_115,s-2.778254670,s2.653371637,s199.243594428
132_116,s5.049114414,s4.749175759,s97.944363572
132_117,s-2.809549366,s3.184751016,s256.663409535
132_118,s-6.926596134,s5.076856780,s183.629021884
132_119,s-3.117438506,s3.920708188,s280.802938026
132_120,s-6.175359194,s2.967961253,s177.719395523
132_121,s-5.398052787,s4.740222344,s178.990164960
132_122,s-4.800764634,s0.895555404,s119.447021963
132_123,s3.307836171,s0.666909050,s19.880765894
132_124,s-2.515643218,s3.733189954,s249.650791792
132_125,s6.651033258,s5.908974929,s180.320881244
132_126,s-3.759443384,s5.557572129,s340.317247415
132_127,s3.983864831,s3.780847974,s34.484193133
132_128,s1.945268950,s6.446384456,s319.810159970
132_129,s5.055960302,s5.692508229,s243.988304265
132_130,s-6.923186747,s3.389072949,s253.061218962
132_131,s-0.349081206,s-2.366916663,s260.548119149
133_0,s-2.361923399,s-3.860135861,s257.355672632
133_1,s-6.742462733,s-4.995565216,s266.846369394
133_2,s-6.801105771,s-3.273348758,s205.631937622
133_3,s0.180848803,s-7.224994449,s70.326290301
133_4,s-3.191569884,s-3.433587452,s207.071808627
133_5,s1.120337245,s-5.124385349,s115.136229237
133_6,s-3.287006152,s-7.202118828,s271.198335944
133_7,s0.567583290,s-5.796140561,s325.128586300
133_8,s-5.037855287,s-5.099491424,s273.034863084
133_9,s0.766487176,s-1.537589328,s277.377548607
133_10,s4.516934279,s-2.787968810,s275.334755490
133_11,s6.664881145,s-7.131006392,s327.753171181
133_12,s6.858212869,s-2.434533950,s20.495585570
133_13,s-5.068194803,s3.643232705,s288.050106248
133_14,s-2.568830281,s0.653420934,s87.730662660
133_15,s4.662904159,s-0.064962569,s40.596464392
133_16,s-4.562109690,s4.980908705,s200.104871917
133_17,s-4.874274885,s-2.146305823,s238.944838278
133_18,s-6.824345296,s4.781560227,s85.287439401
133_19,s-6.497942519,s1.587738537,s228.857607769
133_20,s1.191286124,s6.041228137,s323.661639581
133_21,s3.274488107,s6.032886276,s84.968879404
133_22,s0.360873290,s4.883662910,s354.804298139
133_23,s2.533274610,s-5.504321669,s124.324504713
133_24,s5.339086796,s-5.116606617,s256.362475763
133_25,s3.747694944,s1.280645714,s31.617397024
133_26,s-5.273903168,s-4.048792835,s54.270420345
133_27,s3.408725788,s-3.726581814,s163.011838436
133_28,s-5.423111084,s4.756702041,s286.598797237
133_29,s-1.116741604,s-3.518914091,s30.399845633
133_30,s-6.733905429,s6.554143127,s174.681806160
133_31,s-1.888889100,s-6.902685293,s287.910440688
133_32,s-7.041510100,s6.652747223,s226.390369138
133_33,s5.239519597,s-6.482546937,s25.544072683
133_34,s6.262812758,s3.973770886,s311.478088967
133_35,s3.316356665,s-7.123746602,s3.924434367
133_36,s2.677460241,s-0.124275871,s60.308611900
133_37,s6.409442853,s5.698761331,s256.932417292
133_38,s3.811359840,s-1.834061514,s229.529961803
133_39,s-4.891165932,s-6.727594384,s218.776351550
133_40,s0.159878805,s-3.241733813,s256.424874355
133_41,s-2.960957253,s1.233722773,s23.193801522
133_42,s-0.801492073,s0.860948952,s296.552562651
133_43,s-2.358026274,s6.565575448,s312.284151902
133_44,s-5.311799207,s-0.000651510,s356.284889310
133_45,s1.735709593,s3.473807115,s81.786728949
133_46,s-1.523522076,s3.973890691,s16.145974818
133_47,s2.590600368,s-6.788264892,s234.428760107
133_48,s6.361280449,s-5.296582076,s98.454855605
133_49,s5.160708571,s3.368045696,s305.736741004
133_50,s6.908288372,s4.093051857,s13.186643565
133_51,s4.319979004,s5.302030963,s96.020422827
133_52,s-2.977482895,s-4.591283192,s134.757141820
133_53,s-2.875989553,s2.071457109,s64.941031986
133_54,s-5.488516216,s2.858367140,s353.741423080
133_55,s-6.962934764,s-0.521503103,s65.185032198
133_56,s-2.418410088,s2.695640973,s84.394246260
133_57,s3.292962784,s0.315644661,s265.722147568
133_58,s-0.763676346,s-5.180933701,s318.621833213
133_59,s1.338569297,s6.695488908,s209.129970720
133_60,s4.839871084,s-1.414131202,s60.866132949
133_61,s4.452900114,s4.236784205,s202.136377932
133_62,s4.384688911,s-7.104760692,s295.918629595
133_63,s2.250982770,s5.068798659,s206.329310833
133_64,s-0.727874923,s-5.933583815,s45.646241475
133_65,s-6.952223772,s0.481580681,s211.716032268
133_66,s-4.070647999,s1.740108549,s94.286132104
133_67,s6.188315833,s-1.503071081,s306.536004595
133_68,s6.630259105,s-4.239246017,s125.073503373
133_69,s-2.209214830,s4.807492333,s44.799669215
133_70,s-3.471958592,s5.013341827,s247.332340734
133_71,s3.217677250,s6.598969575,s230.364304095
133_72,s2.705977938,s-2.367060749,s299.974255161
133_73,s1.887476601,s2.144704597,s340.266700197
133_74,s3.209725226,s3.387868503,s286.813370135
133_75,s2.447208428,s1.499958226,s339.641344979
133_76,s4.515348746,s5.018116575,s275.119325806
133_77,s-0.766299329,s2.250558893,s180.870714552
133_78,s-1.118745976,s6.381514007,s87.750476938
133_79,s-6.309704878,s3.703005553,s123.903758028
133_80,s-4.426504859,s1.164769897,s97.379027892
133_81,s-4.235209678,s0.439159373,s92.765414238
133_82,s-5.137776891,s6.100725118,s91.710679286
133_83,s4.791190710,s5.754350242,s280.366616737
133_84,s2.397961498,s-3.421495161,s84.558871293
133_85,s2.323996768,s5.991148593,s345.976146516
133_86,s3.951502387,s-3.756452309,s327.818955406
133_87,s6.471666643,s1.518509633,s11.454756333
133_88,s5.949163866,s4.491379672,s191.517642648
133_89,s-7.053156177,s-1.912300437,s145.390569417
133_90,s3.548473685,s6.765957053,s93.252938782
133_91,s-6.883059507,s2.312152002,s178.903849543
133_92,s1.718906900,s-1.268921445,s213.226122821
133_93,s-4.389304233,s6.701370631,s172.401542178
133_94,s0.964875101,s6.772241444,s16.960479979
133_95,s-5.822856768,s5.413573000,s299.220280069
133_96,s-4.523273475,s-0.496944348,s142.163657539
133_97,s4.942214780,s6.634194133,s135.031020616
133_98,s5.861767993,s-0.845440324,s21.433891058
133_99,s6.920255712,s6.057800428,s253.949149183
133_100,s-2.002756465,s4.267174906,s210.800481371
133_101,s0.511990117,s1.477653243,s332.202156618
133_102,s3.547841118,s-0.604737059,s214.116827099
133_103,s5.909663347,s6.833899243,s179.183068336
133_104,s-3.039584801,s3.441939982,s240.041246420
133_105,s-7.020056397,s3.288818249,s333.370285461
133_106,s-3.618112984,s-0.862183043,s331.099810447
133_107,s2.320679210,s3.350298101,s201.126015439
133_108,s6.342876393,s6.533133637,s128.406638881
133_109,s-3.496118516,s5.649329484,s259.094401203
133_110,s-1.460037677,s5.549195016,s39.825363053
133_111,s-5.406045575,s-1.585701976,s256.905308756
133_112,s-2.766997734,s3.233788616,s205.544388834
133_113,s-1.180875790,s-3.013147005,s8.540938180
133_114,s-0.768373041,s6.857747290,s148.082267370
133_115,s5.501361806,s5.848584515,s241.759001428
133_116,s5.184590788,s1.100640706,s121.318349639
133_117,s-6.909952159,s4.811829267,s257.944172914
133_118,s-3.631763295,s-2.160553601,s207.225859078
133_119,s-3.886973860,s2.079566030,s30.031011995
133_120,s1.522576890,s4.212066279,s326.980019351
133_121,s-3.306540705,s6.277761538,s172.282653874
133_122,s-0.627536751,s3.025040618,s186.046419081
133_123,s1.375777232,s2.875398334,s155.012209657
133_124,s6.836398929,s6.707318589,s141.044434068
133_125,s0.933298986,s1.192134306,s232.071287918
133_126,s6.273676961,s1.144787640,s109.436107120
133_127,s7.052586360,s0.504141762,s177.849292750
133_128,s3.141073587,s1.830368299,s40.571468877
133_129,s6.867469261,s4.749055948,s357.827350089
133_130,s-3.851743961,s6.835647182,s26.019463930
133_131,s1.887294091,s-0.788374542,s212.545407780
133_132,s6.353117107,s-0.130317943,s278.833930329
134_0,s-6.101016430,s-5.125266424,s316.042755676
134_1,s-3.569834610,s-3.100763458,s234.557928327
134_2,s-2.118233884,s-4.428165483,s110.563885709
134_3,s-6.112354247,s-7.185836442,s231.577458573
134_4,s4.179920281,s-0.448930741,s22.220663853
134_5,s-5.882669989,s-4.299420977,s208.206701075
134_6,s1.626443535,s2.186453513,s165.565621861
134_7,s3.386705868,s0.486352653,s336.124777902
134_8,s5.409339890,s1.868352117,s37.387630656
134_9,s0.750944944,s-4.396985019,s103.003928296
134_10,s1.739045840,s-6.668087879,s201.954204393
134_11,s3.999140391,s-3.869300909,s355.734943277
134_12,s-4.073929425,s-3.899029890,s156.587986643
134_13,s-4.476770936,s3.538146262,s331.555419826
134_14,s-5.602738066,s2.957727013,s318.249868280
134_15,s-0.097002088,s-2.355338593,s113.448981807
134_16,s-1.100386343,s2.907397681,s153.354870368
134_17,s-1.952633604,s-5.335421218,s165.625773632
134_18,s-6.140766399,s0.955658765,s6.329489297
134_19,s1.151686321,s2.919038516,s74.482293109
134_20,s3.123706964,s2.762018491,s233.725510621
134_21,s2.733682783,s3.118217833,s176.166329922
134_22,s6.293603685,s4.167674455,s29.552011219
134_23,s-1.973367184,s-6.842972208,s61.662663129
134_24,s1.088571460,s-2.784292718,s60.976154451
134_25,s4.834984679,s-6.905309725,s116.862747124
134_26,s-2.451360828,s2.045560048,s344.019387070
134_27,s-4.593564647,s-6.391500292,s129.947837625
134_28,s-5.658475815,s0.201249817,s302.206060858
134_29,s-4.249023434,s-6.812844032,s176.058731118
134_30,s-5.674789855,s-2.311310366,s287.518779837
134_31,s-2.095641165,s-1.448721964,s21.741915789
134_32,s6.936670168,s2.928242071,s83.309144241
134_33,s4.103199214,s0.968492681,s171.925887070
134_34,s4.051962022,s-2.218035970,s291.480237898
134_35,s6.834988342,s-2.563763590,s342.018755585
134_36,s6.730090335,s-4.342860941,s237.990759087
134_37,s4.596875103,s-0.884373336,s211.782557190
134_38,s6.602911232,s-6.248129616,s303.125048516
134_39,s-5.321124831,s-2.533070384,s147.370794989
134_40,s-6.309864706,s-3.247105863,s30.586420821
134_41,s-7.027345964,s6.873946956,s350.642081120
134_42,s-1.324134034,s-1.442319971,s141.258992332
134_43,s-6.751238717,s-6.565086993,s103.537712804
134_44,s-0.233021660,s-4.953378873,s306.813902934
134_45,s-4.856853861,s-5.259684279,s108.356596387
134_46,s-0.626513004,s2.016711628,s94.992182929
134_47,s2.093400170,s-0.897802358,s259.636448499
134_48,s-3.132013986,s-5.102715999,s11.556280421
134_49,s3.860555183,s-6.798041246,s233.841995013
134_50,s6.638332120,s-0.870748322,s317.868395155
134_51,s5.962588734,s2.199044035,s164.906130648
134_52,s-6.961323957,s-1.658523699,s19.421283321
134_53,s-6.703074224,s-2.681591536,s139.410213427
134_54,s1.045875115,s0.098014139,s62.193749738
134_55,s-5.750003788,s-1.441323461,s228.973584916
134_56,s-7.117706305,s-5.196526240,s323.080126750
134_57,s-5.604946908,s-6.056863351,s237.691261652
134_58,s0.349601165,s3.228108933,s142.179150177
134_59,s-4.368760892,s5.732327176,s309.597034552
134_60,s-0.916638724,s-2.856618751,s351.199359228
134_61,s5.225290924,s1.164648000,s35.757037587
134_62,s1.048762690,s-1.233008552,s167.595065840
134_63,s-1.402915608,s0.253236234,s105.407192495
134_64,s5.432368897,s3.121665263,s39.705987228
134_65,s-1.603419541,s0.373977733,s73.608469076
134_66,s-0.573403866,s4.582206097,s284.719504800
134_67,s-3.262765061,s2.008250771,s192.138702921
134_68,s-6.009958548,s4.182668740,s245.395075709
134_69,s-7.117706305,s5.151409682,s48.776456268
134_70,s-6.368373413,s3.709347575,s183.418857110
134_71,s1.962154432,s4.145341028,s125.905309890
134_72,s-4.849542336,s-0.722678535,s342.308509000
134_73,s-0.125270791,s5.598282239,s89.481408679
134_74,s0.245680753,s3.846753492,s352.036217471
134_75,s5.058189314,s0.294728506,s192.927631912
134_76,s4.467785762,s4.939064137,s278.870888129
134_77,s4.146283893,s3.124563302,s187.417576227
134_78,s-5.055962879,s2.253527134,s184.501247278
134_79,s-5.224806791,s6.481610295,s115.472602182
134_80,s-6.361969180,s5.736494699,s232.221607273
134_81,s5.643260867,s2.615031832,s264.818892628
134_82,s1.579895976,s3.746648739,s131.973513535
134_83,s-0.302656571,s6.698956841,s227.055843053
134_84,s4.588508229,s2.657937948,s223.957915476
134_85,s0.218206646,s-1.499363715,s60.327319426
134_86,s4.113630447,s6.618056640,s97.697897457
134_87,s4.997999480,s5.159593220,s174.386967595
134_88,s2.908210858,s1.122471908,s2.020173734
134_89,s-2.884488669,s3.167830935,s248.339379597
134_90,s6.927809513,s3.501102943,s261.695786248
134_91,s-3.254226230,s5.247340820,s122.524682321
134_92,s-3.281939386,s-0.864981463,s191.772336014
134_93,s-7.037231487,s0.623062444,s241.367890886
134_94,s2.825835286,s6.889742442,s7.443295420
134_95,s-4.779217910,s4.424131450,s28.729821675
134_96,s6.378615681,s1.273798308,s30.008617772
134_97,s1.252638472,s6.710875918,s119.414359478
134_98,s-4.216197052,s6.582187696,s163.430828740
134_99,s5.415615379,s6.501271453,s158.506837751
134_100,s-0.981156216,s6.807833427,s261.847434057
134_101,s2.154466070,s4.514799865,s25.467397853
134_102,s2.738502832,s0.201750949,s161.772194650
134_103,s2.391569860,s-5.239016119,s305.293625758
134_104,s0.000314400,s3.222961178,s323.266039773
134_105,s-3.227198100,s2.635700123,s315.803577005
134_106,s-5.853831202,s1.941318895,s353.659502202
134_107,s-3.367439932,s3.627019537,s273.160036448
134_108,s-2.062265652,s5.799649829,s146.461251885
134_109,s-0.683582469,s1.981448169,s339.452612088
134_110,s-5.584189670,s6.772330614,s188.100590905
134_111,s5.157490658,s3.642719529,s202.133017959
134_112,s-2.476574141,s-5.681659064,s60.612166440
134_113,s4.112873243,s5.960593391,s127.836561453
134_114,s1.604919525,s5.065050682,s29.002144831
134_115,s6.967245159,s6.724443812,s103.016076053
134_116,s6.690978778,s3.767100224,s326.694935362
134_117,s-7.117706305,s6.889742442,s16.390905656
134_118,s-1.914418436,s4.753182573,s80.507299900
134_119,s-1.102757062,s6.734067414,s32.667839970
134_120,s-0.561675197,s5.452995020,s26.904701940
134_121,s-4.147851690,s-0.101673596,s276.431972629
134_122,s2.452710105,s6.037543302,s115.809979039
134_123,s-1.343064814,s3.899017318,s136.327236521
134_124,s5.848497272,s4.890291016,s226.389790857
134_125,s6.765556557,s4.883226252,s242.252814158
134_126,s5.627521052,s-3.637971597,s78.491738406
134_127,s6.220597205,s6.740544052,s316.461851420
134_128,s3.227492643,s3.508973627,s41.316588051
134_129,s4.804466216,s6.889742442,s117.794492479
134_130,s-3.535745427,s0.207468430,s340.818333680
134_131,s-4.934043322,s-1.359449415,s75.687947381
134_132,s-1.181088293,s6.006369984,s137.491603580
134_133,s4.412641334,s4.402985398,s336.527252763
135_0,s-7.337887239,s-0.835683999,s23.958021693
135_1,s-6.393400118,s-5.497056905,s173.955577369
135_2,s-5.550088652,s-6.386082944,s220.663782036
135_3,s-4.170726445,s-5.563170373,s136.827583808
135_4,s0.871477364,s1.319132712,s338.031633900
135_5,s-1.509619659,s-4.609822156,s342.413891820
135_6,s-4.716704823,s-3.934807991,s21.630285911
135_7,s-4.229816706,s-2.732887518,s354.306165523
135_8,s7.064597018,s-0.637762352,s277.283308639
135_9,s4.877185031,s-6.412828082,s99.873113462
135_10,s0.255238911,s-4.350406935,s43.117145324
135_11,s5.279285651,s-5.376331587,s71.399518752
135_12,s6.416020709,s-3.645876564,s251.459908735
135_13,s-6.760883840,s-3.713766573,s154.115691053
135_14,s-6.842443642,s-7.369197788,s23.618251575
135_15,s-6.826788653,s6.364040455,s248.358698193
135_16,s-1.602584269,s1.494902100,s162.607311953
135_17,s-6.008750588,s0.608512962,s316.471311854
135_18,s-2.284772968,s0.420148725,s287.521900741
135_19,s1.343635455,s-3.799355779,s180.786415387
135_20,s2.074700951,s-7.394624985,s4.744033545
135_21,s0.564577062,s-2.611663668,s239.626951127
135_22,s-3.402733548,s-1.704580493,s291.900060026
135_23,s-0.307217580,s-6.946248615,s117.293438063
135_24,s3.608130651,s-3.786606672,s238.853744459
135_25,s6.947248486,s-3.326512486,s125.068109538
135_26,s-7.349503149,s3.605294480,s277.422237801
135_27,s-0.253352093,s-3.863528684,s283.842624550
135_28,s-7.304226202,s-4.511699548,s332.391705880
135_29,s-0.545233652,s-4.202052742,s267.356746331
135_30,s-4.718841254,s-1.737871882,s18.591284785
135_31,s1.278878270,s3.517755237,s328.073069557
135_32,s1.081776676,s-5.546520943,s85.817090895
135_33,s3.217768738,s4.844133541,s23.350345899
135_34,s-3.034574209,s-5.882646254,s345.936698279
135_35,s6.568570256,s-0.322488312,s46.180346116
135_36,s-0.036232352,s-3.532111845,s211.564290772
135_37,s7.125294922,s-7.332270495,s78.982922617
135_38,s7.120151920,s1.811055911,s213.300556676
135_39,s-2.615299893,s3.771766507,s347.081016151
135_40,s-4.132972730,s3.680549707,s179.490358945
135_41,s-6.657560940,s0.705225844,s309.256325626
135_42,s-5.691227359,s-2.896900879,s345.300727034
135_43,s-6.716063022,s-2.801546595,s283.632624189
135_44,s2.005903773,s5.423924786,s85.440205294
135_45,s-1.357761262,s-3.506302348,s181.768285852
135_46,s5.025861171,s-3.646888501,s89.217920446
135_47,s-0.832924012,s1.090836858,s18.382280989
135_48,s4.619856134,s2.829806720,s224.583297563
135_49,s3.461278210,s2.978071852,s80.132827227
135_50,s3.114750050,s-4.970999197,s104.817280685
135_51,s2.301762335,s-1.584692881,s66.826359932
135_52,s-1.744807777,s5.693640185,s211.359760730
135_53,s-5.912853277,s-4.918944525,s244.525586165
135_54,s-2.527370841,s-1.420293922,s169.217287543
135_55,s-6.578337986,s4.509141461,s352.010933985
135_56,s0.542641432,s6.331690222,s252.463585257
135_57,s6.893536532,s-1.963554170,s223.228329422
135_58,s0.895285930,s-0.846724023,s109.483975504
135_59,s3.246731451,s2.568524971,s289.563990320
135_60,s0.933436192,s4.327112541,s253.451338972
135_61,s5.647695517,s0.386187854,s184.849035689
135_62,s5.327111570,s6.170728446,s53.967580731
135_63,s4.717386118,s4.235056511,s324.138407708
135_64,s4.637234422,s2.027930906,s36.465550432
135_65,s-5.451277295,s2.615579810,s232.815394946
135_66,s0.678682619,s3.799867039,s59.078126897
135_67,s0.080680800,s-1.714377116,s13.299367596
135_68,s-2.202874710,s2.149926383,s68.952454162
135_69,s4.203997877,s-2.879902375,s358.816691857
135_70,s-1.800465582,s6.621729397,s91.449390353
135_71,s-0.601941584,s4.036203749,s68.833408197
135_72,s3.584206421,s5.492123305,s184.129976414
135_73,s1.476573614,s-2.004808842,s235.024872580
135_74,s4.312238167,s-2.306163383,s259.959703719
135_75,s2.556722616,s1.864827397,s28.668907563
135_76,s4.145908366,s6.539400283,s92.425580098
135_77,s5.204290597,s2.884020813,s323.829630830
135_78,s-4.713091645,s2.650801644,s132.147329130
135_79,s-4.432134507,s-0.743531928,s356.266428891
135_80,s-6.283619540,s1.822045864,s306.892470696
135_81,s-1.065146409,s6.840391447,s71.826983070
135_82,s-3.461021217,s5.192711451,s320.224507332
135_83,s-6.118086831,s2.187822692,s76.151300341
135_84,s5.481659269,s4.646328111,s200.290388858
135_85,s3.722518559,s3.738961511,s137.480749070
135_86,s-3.179267991,s4.983544808,s34.769264859
135_87,s2.537470162,s6.949922025,s52.393337526
135_88,s4.866877914,s1.113080233,s229.806347139
135_89,s2.289143271,s4.205204692,s354.380334079
135_90,s3.486920437,s3.946150901,s35.157690202
135_91,s-4.338798086,s0.392926557,s135.530041153
135_92,s-5.373021498,s1.779231200,s182.312219165
135_93,s-7.299432073,s5.169879990,s135.702216486
135_94,s2.615946619,s-2.592713608,s280.418830656
135_95,s-5.327350209,s6.463258307,s223.800796280
135_96,s-4.841695733,s6.912145009,s243.826431180
135_97,s-2.850349422,s5.945287133,s335.345356718
135_98,s0.727255213,s6.949922025,s235.524810196
135_99,s6.396261374,s1.328494877,s240.674893312
135_100,s3.324257596,s-0.923029980,s270.351631822
135_101,s6.734761108,s0.805257415,s309.080075659
135_102,s6.936950891,s5.957059739,s35.316901222
135_103,s0.337336053,s4.148938464,s322.390679230
135_104,s-0.184793652,s0.037238199,s159.346078442
135_105,s0.650741527,s2.718085733,s215.482440494
135_106,s-6.868167391,s3.671572049,s157.232624481
135_107,s-2.141788104,s1.543482360,s77.763281047
135_108,s-5.939901103,s6.798726406,s99.350725570
135_109,s-0.487532965,s1.476287988,s273.169162619
135_110,s3.308300499,s5.137677163,s329.504380764
135_111,s1.205921457,s1.801962469,s16.171694694
135_112,s5.018778623,s5.302436304,s226.492155242
135_113,s6.690560790,s6.796223422,s37.339621346
135_114,s4.726871591,s6.875926849,s313.726787941
135_115,s6.419017939,s3.924553808,s70.359914485
135_116,s3.439440701,s-1.926461863,s239.131817821
135_117,s-5.790266897,s5.619345324,s40.551646857
135_118,s-7.319518187,s6.721785832,s347.630292954
135_119,s-4.470372512,s6.082561881,s346.654366140
135_120,s-0.383879085,s6.536320993,s172.002651189
135_121,s-3.826544279,s2.578515774,s34.905239726
135_122,s-2.482493157,s6.949922025,s335.144749797
135_123,s-1.187196756,s6.143201360,s72.424947074
135_124,s5.842240763,s-0.384896963,s15.255056229
135_125,s-5.228313312,s4.416864092,s347.843803832
135_126,s-1.209105762,s3.744557749,s108.836878689
135_127,s7.183215082,s4.636373003,s89.284856126
135_128,s3.383291431,s6.781708761,s95.543042093
135_129,s6.397970398,s6.876874205,s98.027347850
135_130,s-5.282718779,s4.683728850,s99.393783956
135_131,s-0.299431176,s-1.688739969,s245.507713495
135_132,s-4.524854474,s5.063268266,s252.683508606
135_133,s2.215510516,s2.473285030,s339.616477506
135_134,s5.328308722,s5.207409559,s269.212403693
136_0,s-2.518358536,s-4.558013263,s61.843955410
136_1,s-5.886154116,s-1.246294643,s141.234640070
136_2,s-6.816933553,s0.310878744,s190.701911525
136_3,s-3.494980813,s-6.061626546,s226.419274194
136_4,s-1.007217270,s-2.633809259,s297.087490730
136_5,s0.791198558,s-5.280885372,s329.821887260
136_6,s4.075304568,s-0.017368161,s98.142001196
136_7,s1.594910450,s-5.890282335,s257.959286350
136_8,s-5.885557597,s-3.023821333,s249.695085376
136_9,s-0.485945699,s3.308925876,s344.420059027
136_10,s5.997613679,s0.897976196,s66.933969696
136_11,s7.353744026,s-7.287951314,s329.298810672
136_12,s5.484526847,s-4.733019256,s30.316342576
136_13,s-4.053169318,s6.779769765,s29.567869945
136_14,s1.603715066,s-3.806205739,s314.463851435
136_15,s-1.202785328,s-6.106688843,s289.350767617
136_16,s-4.041454483,s-2.668152209,s247.264575048
136_17,s-1.513132891,s-4.673000254,s233.107411929
136_18,s3.924813416,s-3.603721669,s301.147901482
136_19,s6.540463012,s-0.556406180,s204.577245735
136_20,s2.116728072,s-1.939433005,s195.114194441
136_21,s5.934099356,s-0.898829031,s66.812363358
136_22,s2.821149464,s-3.842221569,s114.158388232
136_23,s1.435523383,s2.281848561,s26.015805316
136_24,s3.539359756,s6.126406451,s155.183656761
136_25,s7.312786380,s-5.895759693,s307.397036000
136_26,s0.276642310,s0.743329405,s335.085153028
136_27,s4.463040154,s-1.125088437,s187.353856709
136_28,s-6.857246838,s4.226126230,s177.669925283
136_29,s2.933691066,s-7.347514142,s127.704344953
136_30,s0.470733485,s-6.894433739,s226.806594148
136_31,s-5.487274857,s-6.067766828,s31.806980406
136_32,s-4.839196800,s-1.201871390,s351.885610467
136_33,s-3.992263630,s-1.557631458,s6.210465236
136_34,s7.349099043,s-2.763174015,s111.691407291
136_35,s3.758315374,s2.344220943,s198.060660030
136_36,s2.742099107,s-6.145470437,s171.271061241
136_37,s5.787478798,s-2.053553321,s358.741803192
136_38,s7.329302791,s5.186199007,s11.763522086
136_39,s-3.634473558,s7.031245893,s101.633577606
136_40,s-2.958083016,s-1.477282833,s97.005736196
136_41,s0.552927408,s1.332608105,s139.303797202
136_42,s5.336019449,s0.404090315,s276.007280108
136_43,s4.785101255,s6.751871934,s120.764332725
136_44,s2.542584971,s-5.891870206,s78.114988297
136_45,s-5.260704032,s3.999524416,s123.964165919
136_46,s0.119802247,s-3.364306116,s119.380575600
136_47,s2.434425904,s4.883060878,s195.220984685
136_48,s-0.413862207,s2.583037911,s36.980899789
136_49,s4.887905015,s-3.766842972,s162.948541823
136_50,s7.100142115,s5.950891300,s8.696043417
136_51,s6.662518849,s-2.184796831,s7.191012257
136_52,s-7.211045249,s5.739777994,s351.818656995
136_53,s-6.073106791,s3.686453488,s143.636503334
136_54,s-2.621328759,s0.481059869,s203.386851544
136_55,s-2.179840565,s0.167216453,s290.439099171
136_56,s-7.102460467,s-3.739081941,s331.439861810
136_57,s-6.923301906,s6.299762789,s97.702209206
136_58,s-7.154147694,s1.578205150,s83.093828991
136_59,s-0.709086890,s-1.672471752,s336.855384978
136_60,s-1.945562583,s3.675509591,s29.067796989
136_61,s5.490299347,s2.161815982,s51.233232796
136_62,s-2.067268577,s4.750086168,s144.095894259
136_63,s4.365298170,s4.126259890,s214.955549203
136_64,s-0.989322249,s1.963055715,s243.158755169
136_65,s0.092079818,s4.203314410,s235.330234306
136_66,s-2.772014184,s3.660582469,s346.635411819
136_67,s-4.318191247,s0.291182320,s217.257781060
136_68,s4.025242872,s-2.533464463,s0.247843738
136_69,s-3.157997398,s1.035204056,s273.626384915
136_70,s7.213968972,s-1.532338008,s54.233765985
136_71,s-5.579646868,s2.208316083,s205.068097548
136_72,s0.900153052,s-0.430961913,s162.692320151
136_73,s5.867256147,s-3.851122720,s149.214383069
136_74,s1.037206582,s7.042652654,s112.799699207
136_75,s-1.806792384,s1.744976694,s309.729786292
136_76,s5.579239903,s-3.071200254,s214.793729953
136_77,s7.353038332,s-0.579524926,s80.061420720
136_78,s-5.747782566,s0.847084863,s200.071127361
136_79,s-3.524236056,s4.752171978,s85.881711436
136_80,s0.137111167,s7.046581409,s196.876296844
136_81,s-7.139414904,s4.689325468,s41.627529009
136_82,s-0.345711909,s-6.461741853,s110.481548984
136_83,s-5.170667956,s5.872554260,s298.303997406
136_84,s2.612235537,s6.803375078,s142.685135631
136_85,s1.997673698,s1.214033158,s187.155419685
136_86,s-0.011409638,s2.633839778,s160.536370891
136_87,s6.984678106,s2.380540767,s152.414561385
136_88,s-4.793856066,s3.858641529,s254.129783474
136_89,s0.479632963,s2.375460315,s109.881709397
136_90,s0.755203908,s4.190878224,s183.211982418
136_91,s-3.504635346,s5.937098805,s110.700863518
136_92,s-0.466216282,s-4.782521850,s302.992827638
136_93,s-5.261107149,s4.564874660,s212.880183753
136_94,s-6.815413421,s2.275645045,s134.516406507
136_95,s-6.977237961,s-1.875510834,s275.763142167
136_96,s-7.032719390,s-6.862198509,s311.828985484
136_97,s-2.554169395,s-0.944998092,s322.157805050
136_98,s-2.553279440,s1.469976916,s322.810124471
136_99,s0.695720306,s5.227927868,s327.878530923
136_100,s1.723319242,s6.319601520,s161.590366218
136_101,s-2.049036370,s2.313476912,s135.347768110
136_102,s7.089373334,s0.395104564,s317.945825509
136_103,s1.815507940,s3.468394562,s248.330448503
136_104,s-6.932705683,s6.945215055,s247.839905049
136_105,s-2.428296070,s6.700613986,s196.597177335
136_106,s-5.693003162,s-0.233484688,s339.676585387
136_107,s-3.968030845,s1.093403994,s293.292556001
136_108,s-4.841213865,s0.067940844,s51.445916109
136_109,s-2.755482259,s6.174025075,s235.416882682
136_110,s-6.192012358,s-0.510766175,s309.799562367
136_111,s6.942451970,s6.950673962,s319.708671773
136_112,s-0.370456003,s5.947738460,s225.706655277
136_113,s6.766106108,s4.565136639,s57.437105927
136_114,s0.838377726,s6.380585115,s255.782260143
136_115,s6.312559117,s1.861987757,s304.508429543
136_116,s5.758785069,s6.650736124,s281.233406648
136_117,s-7.215326932,s-1.099867803,s216.234290195
136_118,s7.376467444,s2.755790065,s113.076474010
136_119,s-5.823183351,s6.943408261,s198.835618549
136_120,s3.802762376,s4.422149611,s277.355772548
136_121,s-2.561815412,s4.060616541,s226.183446488
136_122,s5.164706540,s7.103077798,s23.489595482
136_123,s1.364032226,s0.481724068,s330.565626501
136_124,s3.091981389,s7.083804351,s71.798941342
136_125,s3.532448810,s3.056886683,s163.446036433
136_126,s6.080498695,s5.078239689,s67.398115917
136_127,s2.591267117,s3.489209516,s250.627554071
136_128,s4.806209883,s5.638696170,s233.651747813
136_129,s6.922431003,s1.415242681,s82.142919417
136_130,s-6.932766566,s5.276165400,s266.070880793
136_131,s-3.858473393,s2.739855760,s262.354610426
136_132,s-2.062280237,s6.892259521,s65.022034216
136_133,s1.393778315,s7.022397399,s219.923557704
136_134,s3.419406568,s5.422479000,s221.547995918
136_135,s-1.996751148,s5.412638645,s332.852692336
137_0,s-4.539105604,s-6.540785420,s180.708977012
137_1,s-5.032544216,s-3.692388759,s149.885243851
137_2,s-1.486655541,s-3.734542907,s22.828900816
137_3,s-3.673923320,s-6.187466423,s348.795829709
137_4,s-4.640137821,s-4.964750700,s354.725586386
137_5,s6.012521597,s-6.123273479,s122.679297440
137_6,s-0.954767287,s0.970643886,s215.555610429
137_7,s-0.841449512,s-3.930664264,s296.918617238
137_8,s-0.255384935,s-2.436299809,s84.583095628
137_9,s3.093000303,s-3.065069547,s127.509732434
137_10,s5.335011064,s-2.599950403,s45.589643593
137_11,s6.581527792,s-2.215400548,s227.341564906
137_12,s2.809762964,s-6.509103574,s26.073669754
137_13,s-3.906389641,s2.054644487,s141.465642576
137_14,s-2.371622386,s-3.211700866,s10.559786988
137_15,s-4.157546520,s-0.578965929,s37.736317894
137_16,s-5.200507742,s2.796568234,s51.701293852
137_17,s-1.130687283,s-1.701975340,s40.486900553
137_18,s-2.478344847,s1.790598435,s152.175243492
137_19,s0.175282162,s6.351828611,s20.155989173
137_20,s4.653233267,s0.989510371,s301.286480200
137_21,s3.353421461,s-4.630235051,s83.883190240
137_22,s1.294010739,s-1.784483209,s345.022986307
137_23,s3.774214079,s-5.899453050,s74.327541381
137_24,s0.717341162,s-0.879415568,s333.277766643
137_25,s6.667482575,s-6.512573606,s23.622310154
137_26,s-5.078496424,s-6.139174393,s113.329234677
137_27,s-6.026041493,s-3.913113584,s13.456635656
137_28,s-2.128607124,s6.245733839,s132.927402136
137_29,s-2.488094535,s-5.112219158,s245.753602936
137_30,s-5.690070546,s0.575653594,s359.694962074
137_31,s-0.532558841,s4.153593602,s244.016347174
137_32,s0.774726112,s-5.234990303,s38.315427827
137_33,s0.446410830,s0.717475312,s204.226727295
137_34,s3.425128273,s-0.626913777,s57.549805040
137_35,s0.864256801,s-6.568408506,s136.572987907
137_36,s6.134297241,s-4.485704059,s72.546693685
137_37,s3.033932947,s-4.846178825,s153.602636480
137_38,s5.082446371,s-3.751625204,s252.130031120
137_39,s-6.648990767,s-1.752473101,s252.618914536
137_40,s0.622467392,s4.479932109,s268.104950797
137_41,s-4.363604998,s0.512742814,s277.173296246
137_42,s-3.258328973,s-4.132061056,s359.485833132
137_43,s-0.743169536,s-0.975349011,s146.819609296
137_44,s-0.373927832,s3.426887375,s112.213707958
137_45,s-1.677964288,s-5.898463261,s213.905676927
137_46,s-0.487592648,s0.386330731,s62.089694129
137_47,s1.509920304,s-4.581459516,s227.460842972
137_48,s4.509992310,s3.772401718,s219.732338078
137_49,s6.387892288,s-3.493152282,s255.681024937
137_50,s5.080903697,s4.415211903,s297.881450387
137_51,s6.435143503,s0.119044648,s286.853348337
137_52,s-6.641218890,s-0.131976257,s113.044085053
137_53,s-1.154289995,s6.161689778,s214.377750588
137_54,s1.642872048,s-3.023058640,s53.673156347
137_55,s-5.918007058,s3.441174757,s59.732342255
137_56,s-3.685108223,s0.703226353,s239.593608790
137_57,s0.175925718,s-3.766618611,s315.566017401
137_58,s3.609395452,s1.869756193,s275.126961353
137_59,s-3.712160010,s-5.566903810,s173.006218412
137_60,s0.989956034,s-0.550569261,s252.940404908
137_61,s-1.364902464,s5.535781847,s166.374107793
137_62,s5.158417202,s5.565405576,s7.973815818
137_63,s3.281712453,s6.696581596,s221.055810210
137_64,s1.592958658,s0.669039868,s252.713862387
137_65,s-4.829571352,s1.455674406,s1.092333905
137_66,s-6.567744971,s-1.399625468,s76.303857990
137_67,s3.443607279,s5.195227426,s189.691924365
137_68,s-5.200819879,s-2.986301055,s213.841956757
137_69,s-4.637148237,s3.289240263,s157.520642076
137_70,s-4.833225444,s-0.760280181,s310.092844072
137_71,s-4.920015278,s-2.585241628,s264.655797454
137_72,s6.219667652,s4.357414875,s337.975190304
137_73,s6.608964985,s1.845602330,s357.605749593
137_74,s3.075387601,s2.961122740,s322.883942643
137_75,s-4.779057802,s6.116095607,s216.278396010
137_76,s0.813150924,s3.325857468,s340.217429815
137_77,s5.812641058,s1.667586675,s288.285979550
137_78,s-0.522826856,s-5.129967611,s21.736466761
137_79,s-6.235063855,s3.540070463,s279.477317023
137_80,s-6.666298519,s2.378577298,s279.582129085
137_81,s-5.066970215,s5.858287899,s115.335835572
137_82,s-2.378218923,s3.941362835,s343.643729040
137_83,s1.547872414,s6.299717339,s33.333353319
137_84,s-3.640018348,s1.563741113,s283.993226110
137_85,s-1.864807947,s-1.461654593,s167.613870279
137_86,s3.425801733,s6.056142313,s286.283444245
137_87,s4.500136013,s-5.073171533,s45.497092257
137_88,s1.105708983,s6.696581596,s267.205801059
137_89,s6.610458032,s4.553535850,s330.441380406
137_90,s6.342099926,s5.689895601,s267.010614880
137_91,s-0.388564145,s5.651514773,s171.306348848
137_92,s-0.615161089,s4.129126281,s100.185221120
137_93,s-4.704430510,s6.313313665,s333.649817937
137_94,s-6.611522858,s6.466246943,s68.761051620
137_95,s-2.076084476,s4.643621876,s0.977903178
137_96,s5.108096266,s-4.973248699,s179.685172324
137_97,s0.046303650,s2.518365422,s134.610267393
137_98,s-3.397754609,s4.711731646,s201.613084800
137_99,s4.295444915,s4.947768357,s116.812304981
137_100,s5.653134228,s4.162933202,s51.943375801
137_101,s5.009508737,s-0.875303612,s304.103856995
137_102,s2.568312354,s-0.152713611,s33.260770403
137_103,s-1.649732354,s6.552484596,s133.815510383
137_104,s-5.570709531,s6.582791722,s18.663278834
137_105,s-1.367552688,s2.161064390,s155.849722113
137_106,s3.734717305,s2.385582131,s206.537727678
137_107,s-4.765479876,s-0.103791102,s129.274257093
137_108,s-0.318735359,s0.374041275,s160.129785335
137_109,s6.374853034,s5.416905110,s314.326747524
137_110,s-6.125325256,s0.749167245,s287.992245012
137_111,s-4.924866279,s5.063367380,s291.796741747
137_112,s4.784644705,s2.044432660,s174.473582452
137_113,s-3.653893460,s-1.735381368,s203.755869561
137_114,s2.827375404,s2.181866506,s185.590665891
137_115,s6.020215130,s2.856182826,s276.359338834
137_116,s4.682343616,s0.459444019,s87.240921819
137_117,s-4.692365151,s2.766270927,s340.728544013
137_118,s-6.249731966,s5.177191984,s339.854833984
137_119,s1.514755365,s4.441621259,s276.076677121
137_120,s-2.536989088,s3.855779722,s262.905679602
137_121,s-6.127307048,s-2.704191648,s169.229195202
137_122,s2.516951517,s6.621105751,s242.594183218
137_123,s2.847438478,s4.951769556,s228.260108996
137_124,s5.290132009,s-1.973514729,s59.822312713
137_125,s6.589638636,s6.609029560,s259.957691527
137_126,s2.258087422,s3.047624216,s178.832985028
137_127,s-1.368689542,s0.515762926,s335.444319006
137_128,s5.781747556,s6.685794054,s305.794029358
137_129,s-1.010568806,s1.445523941,s276.955824067
137_130,s-3.592772657,s4.008464564,s35.346255029
137_131,s-5.920676386,s6.445456963,s184.047782750
137_132,s0.934632493,s1.690954973,s252.636080047
137_133,s3.996709397,s1.229496170,s88.795825217
137_134,s-5.967413439,s2.367118893,s336.222900545
137_135,s3.575789227,s4.452720110,s2.210865098
137_136,s-0.590297960,s2.351839816,s327.353391523
138_0,s-5.957127087,s2.000429397,s286.322868876
138_1,s-2.210238290,s-4.278589796,s135.063135729
138_2,s-3.665140692,s5.881174697,s20.624880550
138_3,s-1.344260766,s-1.109137536,s142.174891247
138_4,s-0.240659450,s6.433057439,s316.229822468
138_5,s0.852200398,s5.960730715,s359.379421967
138_6,s-6.415478560,s-3.408634910,s38.048096208
138_7,s-0.205699824,s-4.674312702,s142.757684836
138_8,s-3.536649077,s-2.878859335,s114.181251604
138_9,s4.162785409,s-4.928594723,s231.797667228
138_10,s2.113498288,s-5.528505942,s184.489233596
138_11,s5.106241556,s-2.342763096,s92.821794660
138_12,s5.897333072,s-6.405511787,s250.324180802
138_13,s0.526156763,s-4.123154203,s324.970403876
138_14,s-3.211141948,s-2.457545942,s26.538812882
138_15,s5.358297618,s0.036448698,s0.768517895
138_16,s-4.867096371,s-2.101011338,s314.608007486
138_17,s-4.386468513,s-4.270909278,s265.989681251
138_18,s-2.696092151,s-5.053431104,s109.929310131
138_19,s-4.081896421,s3.173449113,s41.513599071
138_20,s-4.546392839,s-0.095963546,s92.120644471
138_21,s5.253088021,s-4.967049016,s276.237535271
138_22,s2.543916631,s-5.021190231,s281.209795999
138_23,s3.796981530,s4.265812589,s244.482382838
138_24,s6.615661318,s-0.588907029,s255.675769014
138_25,s2.717621777,s-5.192722763,s290.248824123
138_26,s-2.724905281,s0.405136631,s248.183450210
138_27,s-6.750200052,s0.690156969,s151.297283002
138_28,s-6.764928826,s2.246900619,s1.877945439
138_29,s-1.603620193,s-4.572206131,s172.171510815
138_30,s-1.338856692,s0.255688380,s283.262486838
138_31,s4.614161210,s5.709790543,s32.106057759
138_32,s5.910686621,s-1.080071125,s159.112145549
138_33,s6.336750035,s0.590273081,s283.025313345
138_34,s-1.935729226,s-5.660331190,s153.976413747
138_35,s0.898603885,s-5.212068210,s233.513392631
138_36,s-2.052549127,s0.897342018,s113.417295184
138_37,s-0.157315765,s-0.512264435,s335.017273160
138_38,s-0.941036492,s3.851448869,s286.013806899
138_39,s-0.694827702,s4.953805475,s243.741270114
138_40,s-5.446724900,s-4.374710876,s322.776622376
138_41,s3.271881049,s-6.264020590,s11.570654443
138_42,s-5.262983610,s-4.981526291,s102.438293415
138_43,s-2.663116534,s-6.601413930,s224.112612874
138_44,s3.905074915,s-1.187994124,s70.220455118
138_45,s-0.196614232,s1.434176374,s287.612886471
138_46,s-6.622757806,s-4.590477307,s172.362949435
138_47,s3.200732428,s2.221030227,s11.851862244
138_48,s6.401653596,s-1.294155634,s103.272920174
138_49,s3.500437191,s3.837600696,s60.333178455
138_50,s1.385695531,s0.016623977,s268.272842265
138_51,s1.468739476,s-6.223262597,s322.134804998
138_52,s-5.950431789,s-6.147376975,s281.812871257
138_53,s-4.573571035,s2.812973840,s206.156973297
138_54,s-5.194826974,s-2.911750300,s79.508517668
138_55,s-2.852214346,s2.725081431,s172.208251113
138_56,s-4.776170200,s-6.290341115,s359.707489755
138_57,s-1.076548905,s-1.888382697,s267.796127898
138_58,s-5.742837126,s3.632023316,s183.895891883
138_59,s6.121989413,s1.713886295,s50.575061494
138_60,s0.656507567,s3.875008907,s341.117652829
138_61,s6.453267178,s-2.564613776,s115.230335504
138_62,s6.284954243,s3.113597097,s237.749878922
138_63,s4.041086304,s5.588109963,s353.179125908
138_64,s-5.106202747,s5.219012856,s51.308192063
138_65,s-6.671009915,s-2.120144314,s297.503175762
138_66,s-6.567607102,s3.387597364,s120.049489984
138_67,s-2.055361056,s-0.069182241,s247.051633149
138_68,s0.495022688,s-2.364365105,s179.337016133
138_69,s-5.287881435,s-0.737072037,s206.194963852
138_70,s-4.995440392,s6.275443273,s215.365293835
138_71,s-4.212661891,s1.713588962,s158.051192703
138_72,s-1.975883211,s-0.889741848,s337.971829566
138_73,s-6.407456009,s-1.356344658,s315.730248739
138_74,s4.301154483,s-4.237996210,s66.053635479
138_75,s4.664458837,s-1.475936045,s341.957864634
138_76,s4.758711451,s0.924303201,s256.664589472
138_77,s6.728374350,s1.370177904,s167.947148447
138_78,s3.933608206,s5.103762100,s295.217011700
138_79,s-6.577244710,s6.741619056,s121.627777362
138_80,s0.632034217,s-6.423702336,s28.206267198
138_81,s3.293596854,s6.578617616,s257.402838881
138_82,s-0.732268577,s6.736323985,s233.785572803
138_83,s-5.697125626,s5.363931971,s258.964943577
138_84,s5.486734157,s5.625654889,s67.285943370
138_85,s5.792688826,s5.207469798,s302.636295681
138_86,s-1.055387020,s5.506016457,s146.458070773
138_87,s1.380385446,s5.783123405,s218.695737693
138_88,s-3.090195609,s0.903914887,s25.890847581
138_89,s6.491014307,s2.936590659,s254.917882631
138_90,s4.579100673,s1.473447223,s154.049685987
138_91,s-1.748826515,s3.990885826,s164.714506337
138_92,s4.144772170,s0.891131555,s150.729735380
138_93,s-3.177417934,s4.636010022,s4.304038501
138_94,s5.808039462,s6.743248255,s296.466644592
138_95,s6.494542778,s-4.161545801,s160.248633818
138_96,s-4.736913711,s-0.159842328,s128.016019795
138_97,s-2.129586758,s6.591923213,s40.369170413
138_98,s0.127952313,s5.711997536,s194.008927795
138_99,s-0.346356500,s-3.094399449,s152.032033020
138_100,s6.732818220,s6.604138604,s198.260301393
138_101,s2.529367223,s6.093100836,s18.365557337
138_102,s4.716210317,s3.397368681,s257.459336652
138_103,s3.314884415,s-3.011139617,s28.413671216
138_104,s-6.575554992,s3.217376790,s187.323224831
138_105,s-3.551127606,s-6.626306949,s152.403995780
138_106,s-0.802613044,s0.910325245,s338.146625062
138_107,s3.301888564,s-0.615150841,s250.394889596
138_108,s-6.599716971,s5.011160670,s98.567277987
138_109,s5.635478021,s4.576522997,s341.154865650
138_110,s-2.781667867,s6.621176751,s110.137979888
138_111,s1.242178598,s3.914001860,s320.371966431
138_112,s-0.488933892,s-1.248046117,s304.095491077
138_113,s4.105086995,s0.099281170,s33.617742261
138_114,s6.549779375,s6.582647162,s315.334478745
138_115,s0.856839508,s-1.020247983,s255.982525172
138_116,s4.949194155,s6.728394431,s198.056789360
138_117,s-5.505389178,s3.579556955,s353.896644561
138_118,s2.997282392,s-1.094967752,s36.655680356
138_119,s-3.873802860,s6.627968560,s252.518531261
138_120,s-6.135467817,s1.536050953,s194.710898152
138_121,s3.000339475,s5.032744533,s212.340151745
138_122,s1.973417519,s0.565872494,s203.825984381
138_123,s3.671649424,s6.330575455,s9.536397463
138_124,s-3.770310467,s-0.575611159,s265.005210367
138_125,s1.584858995,s6.775402282,s201.748773559
138_126,s-1.963194726,s3.088946261,s332.902127445
138_127,s0.533673878,s6.742340063,s240.732575517
138_128,s6.633793045,s3.486921553,s337.950496419
138_129,s-4.454609468,s-1.846066180,s59.435347376
138_130,s-5.106960981,s5.893714786,s32.913156797
138_131,s0.375583847,s6.618607490,s141.238219263
138_132,s-5.705268555,s6.522019001,s112.517836724
138_133,s-1.156838180,s5.065888033,s206.495262030
138_134,s-1.992479255,s6.609500313,s335.127253360
138_135,s0.745302173,s2.905061224,s251.549029482
138_136,s4.207035849,s6.159422002,s132.644040673
138_137,s0.281472820,s4.538627085,s262.549087290
139_0,s-6.104025789,s-4.576992294,s299.308160935
139_1,s-4.831423853,s1.085135279,s123.346941012
139_2,s-4.281516393,s-4.350115477,s291.663136883
139_3,s0.862561244,s3.402681219,s7.113413057
139_4,s-6.535131743,s-5.207337869,s175.596998116
139_5,s-5.180721347,s-5.312747640,s266.235742666
139_6,s-2.465803202,s2.144265098,s20.485343919
139_7,s-4.916658159,s-2.925454724,s227.091375581
139_8,s0.761185923,s-6.514730008,s162.914157729
139_9,s0.080987942,s-6.353750005,s134.535893098
139_10,s5.539848320,s-6.036250472,s252.638265729
139_11,s4.819912568,s-1.202135265,s280.126450376
139_12,s4.095893447,s-3.747369814,s156.252941839
139_13,s-2.519101194,s4.695434802,s266.397782739
139_14,s-0.422506330,s5.289958515,s137.427898541
139_15,s4.444085544,s-2.705949212,s326.001223374
139_16,s-5.741529929,s2.897553653,s117.974172876
139_17,s-0.424536554,s-4.867047521,s39.529582821
139_18,s-1.290497484,s-3.924942264,s260.375677297
139_19,s-4.295175303,s3.724982419,s179.976041257
139_20,s0.322814371,s-4.059376355,s180.980040460
139_21,s-1.730536284,s-0.548452024,s179.670668876
139_22,s4.449518682,s-5.179896678,s281.853904101
139_23,s4.474804373,s-2.005718074,s83.006426719
139_24,s2.977822150,s-5.486993227,s179.537421318
139_25,s2.134210765,s5.741636372,s36.887275009
139_26,s-3.327714538,s-0.113924657,s169.572503968
139_27,s-1.737225908,s-1.711650895,s255.478790505
139_28,s-6.493894194,s4.039342205,s310.446981959
139_29,s-6.181242590,s3.368343966,s18.124170891
139_30,s-5.007861661,s-3.915413492,s300.118691968
139_31,s1.323642406,s2.826800014,s49.063978837
139_32,s-2.631265189,s-2.014419791,s123.498257175
139_33,s4.093197041,s-5.327315569,s145.661760548
139_34,s6.431416666,s1.539066108,s153.460632158
139_35,s6.500414152,s-0.069171811,s354.856042648
139_36,s1.439459747,s-2.742717177,s325.168594742
139_37,s5.969516559,s-5.002047038,s237.309907799
139_38,s4.765912821,s5.361606487,s265.210589054
139_39,s-2.631549311,s-4.934845494,s38.621994912
139_40,s-5.244903003,s-6.215803628,s246.460135220
139_41,s-2.887495608,s-1.078557207,s329.751300610
139_42,s-0.476408736,s-1.279945460,s104.966449121
139_43,s-6.554187195,s-3.941880468,s97.791757404
139_44,s-1.397815390,s-2.010551043,s31.528876301
139_45,s2.022926172,s-4.842864914,s181.741014603
139_46,s0.305945212,s5.338994868,s8.965351474
139_47,s1.994280174,s2.141572040,s345.692736361
139_48,s1.860922643,s3.711203359,s285.020348512
139_49,s-2.899935995,s0.936256281,s141.660018595
139_50,s6.105417198,s-3.869335356,s16.750600702
139_51,s-1.157885593,s5.620674437,s180.160750802
139_52,s2.901862647,s-1.172105808,s30.574697691
139_53,s-2.739318433,s-3.741447199,s100.183632756
139_54,s-6.147724112,s-0.142709417,s146.600221189
139_55,s-3.986753329,s6.176316745,s325.302483734
139_56,s0.258538660,s-2.190342297,s102.884393640
139_57,s3.435655700,s2.972046771,s260.735426040
139_58,s0.188295837,s-5.016428483,s62.742996846
139_59,s-2.471767546,s-6.261533053,s100.268310798
139_60,s-1.376979151,s-5.842207096,s200.318404261
139_61,s2.952852864,s1.683030264,s207.142011007
139_62,s6.150587203,s-2.966510908,s185.815693291
139_63,s5.760989540,s2.639766210,s162.758873135
139_64,s1.559829634,s-0.317402871,s227.163169334
139_65,s-0.654726639,s6.210679699,s230.755718880
139_66,s-4.344242447,s0.802926000,s301.340557798
139_67,s-6.050557013,s2.433804575,s191.296214716
139_68,s5.229184520,s5.988441377,s30.845325801
139_69,s4.869112420,s4.272637362,s355.801839450
139_70,s1.722055044,s-3.959660468,s132.808491094
139_71,s5.474787925,s-1.267349571,s150.692680134
139_72,s-1.038190606,s2.979730686,s291.657295720
139_73,s0.905223254,s4.422486009,s255.240766890
139_74,s5.372362219,s0.548633805,s247.660200000
139_75,s0.962042112,s-5.112300618,s280.617456498
139_76,s3.891481050,s3.113595000,s311.445873145
139_77,s3.629064984,s6.463077795,s342.150681732
139_78,s-2.842339793,s3.564812769,s85.698954909
139_79,s3.293984913,s6.383236631,s243.116930659
139_80,s-0.758871670,s0.184085636,s220.182464099
139_81,s-6.204404635,s-2.946364532,s211.388655888
139_82,s-1.764967120,s-5.295396860,s237.917710711
139_83,s0.198693943,s-3.069398570,s173.981198871
139_84,s-0.739521202,s4.265946976,s321.645900817
139_85,s1.584933217,s-0.962934669,s188.384247670
139_86,s6.590996329,s1.710304828,s289.133761278
139_87,s5.801305099,s6.493885249,s122.008025609
139_88,s6.328643735,s5.517424186,s311.979860580
139_89,s-1.303837242,s0.906109322,s140.330493375
139_90,s0.283764938,s0.451849359,s177.338179197
139_91,s-2.193146674,s0.800469069,s65.384597250
139_92,s-3.947263586,s6.523121198,s275.351300135
139_93,s-5.770570603,s5.154712134,s16.608611670
139_94,s-3.700499527,s2.891368474,s65.053243326
139_95,s0.488111849,s2.051719184,s136.902378771
139_96,s4.688295095,s3.857451884,s349.204665194
139_97,s-2.364306544,s-0.141390476,s271.279793047
139_98,s1.096228553,s-0.069460518,s27.643429102
139_99,s2.731844638,s4.863534665,s300.723371268
139_100,s-4.938813000,s0.300501345,s251.281093573
139_101,s3.874585154,s-2.560050121,s129.806689027
139_102,s-2.957642321,s5.352131460,s77.505961828
139_103,s6.218239771,s3.916394422,s89.809504905
139_104,s-3.983747045,s1.882956830,s3.453641418
139_105,s-5.360012253,s6.362580434,s200.425403039
139_106,s-6.319884048,s-2.477224857,s184.646514716
139_107,s2.016861831,s5.433190914,s247.030333554
139_108,s0.339974423,s1.397623217,s253.599753223
139_109,s3.529894844,s5.585722137,s5.423610188
139_110,s-3.642293864,s5.097776817,s188.934748296
139_111,s3.959991500,s0.055815098,s36.167808887
139_112,s4.087838020,s1.346657778,s267.699548008
139_113,s2.781202656,s4.356985731,s247.422855062
139_114,s0.893740520,s5.502587463,s290.494666248
139_115,s6.581032239,s-2.310678802,s0.525498231
139_116,s2.789178529,s3.379889365,s307.916435810
139_117,s-2.240219384,s2.534024798,s172.997114875
139_118,s-6.385132404,s4.762366268,s211.179800650
139_119,s-3.302875430,s1.120521937,s306.911830603
139_120,s2.636522185,s6.325603871,s92.216346314
139_121,s-3.691646611,s-3.278151306,s203.694891312
139_122,s6.600309050,s6.564576930,s210.777947626
139_123,s-6.160600208,s6.483250285,s354.392897781
139_124,s-1.970303838,s5.601159943,s336.361151089
139_125,s4.980854067,s-3.725445092,s225.567166326
139_126,s5.874812431,s4.500875456,s320.334526117
139_127,s5.137340549,s6.384992589,s346.839947022
139_128,s-0.010489974,s-0.928561536,s111.345111233
139_129,s3.596790095,s5.026194416,s52.677081377
139_130,s-1.585204377,s6.533561087,s250.172865902
139_131,s-4.389047602,s2.381645297,s126.654897071
139_132,s5.549107064,s1.731777592,s23.548923508
139_133,s1.874934229,s6.445469405,s266.228294002
139_134,s6.073424464,s3.012907790,s13.005563366
139_135,s-6.290575895,s0.965751126,s330.172995828
139_136,s-5.416755322,s5.583852187,s133.041182417
139_137,s-4.497927445,s3.541706230,s314.331337561
139_138,s-3.481489640,s6.564576930,s224.473834519
140_0,s-7.304717457,s-2.107270234,s77.942940480
140_1,s-7.613904004,s-5.102109449,s334.501867537
140_2,s-3.887517779,s1.801637281,s181.293766151
140_3,s-7.136891586,s-6.174368090,s172.756610372
140_4,s-0.609844166,s-5.564159737,s136.580926678
140_5,s-1.447218569,s-6.211719246,s115.174923495
140_6,s1.326746247,s-6.957295330,s80.045125853
140_7,s-1.099681475,s-3.021173135,s113.946330298
140_8,s7.166750850,s-2.716756176,s51.093714077
140_9,s-4.100552383,s3.010946581,s174.188975163
140_10,s7.006693921,s-4.775028316,s286.656333549
140_11,s5.631798968,s-3.554545633,s274.560750385
140_12,s5.132777803,s-5.175186718,s287.681242783
140_13,s-3.980510127,s-2.990469273,s32.468008111
140_14,s-6.610298000,s-0.190864991,s150.546707749
140_15,s-6.714372313,s-1.466861610,s79.208441289
140_16,s-3.341066411,s-2.590611985,s331.723063079
140_17,s-3.307764101,s1.340004436,s67.267220805
140_18,s4.987861985,s-2.217427367,s4.144639788
140_19,s3.983200313,s-3.702400052,s241.689020820
140_20,s3.868997304,s-0.905150000,s218.463327980
140_21,s0.707534855,s1.616170988,s83.735786098
140_22,s-1.550722414,s-2.301917936,s136.594837257
140_23,s5.289617931,s-0.924916747,s140.909608924
140_24,s3.266674887,s-5.415600891,s69.029463146
140_25,s4.037577770,s-7.196636143,s105.710423111
140_26,s-4.178364925,s-0.001225301,s33.191106490
140_27,s-4.306883730,s3.705608288,s239.267175158
140_28,s-4.379408250,s3.364679702,s230.474009640
140_29,s-0.328999210,s0.324189807,s8.948126350
140_30,s-0.929858216,s-2.306807321,s321.077440394
140_31,s-2.869301690,s-6.413910252,s156.262715544
140_32,s-0.189325963,s-0.923808592,s252.451568928
140_33,s-0.992636508,s-0.694622562,s292.630348968
140_34,s2.224507499,s-4.884448337,s17.827190371
140_35,s4.553489906,s5.765471014,s268.335490620
140_36,s2.477655197,s-6.411612969,s82.263034529
140_37,s5.388588606,s1.717588260,s128.229136210
140_38,s2.956421196,s5.308966153,s330.517722624
140_39,s1.249586518,s-1.126265459,s97.234718562
140_40,s-5.941782781,s1.242916312,s211.185897404
140_41,s-7.330422658,s7.170802283,s250.084524120
140_42,s-5.671360991,s6.808163923,s19.642478754
140_43,s-1.708695461,s0.695802187,s218.987031152
140_44,s-4.325181317,s-7.364078817,s228.308883565
140_45,s7.084416487,s5.664452382,s149.270389570
140_46,s-2.045881747,s2.143653057,s90.121253037
140_47,s-4.778396682,s0.460961321,s168.523533945
140_48,s-0.737272513,s-3.490530730,s87.010055004
140_49,s6.161252655,s4.702923754,s11.742024773
140_50,s7.131276494,s-0.313792912,s239.490110755
140_51,s6.048124829,s1.981521756,s57.712460759
140_52,s-6.252126854,s-4.529047477,s104.439551586
140_53,s-5.476951040,s1.972759162,s338.551442689
140_54,s-5.681290807,s-3.742861987,s342.559251615
140_55,s-1.949619122,s5.018397724,s47.650651037
140_56,s-7.501252604,s3.078036581,s42.965812939
140_57,s0.958981901,s5.909487850,s353.173303421
140_58,s-0.287819062,s1.216329431,s276.974747846
140_59,s-0.619794921,s-7.221737498,s68.001831975
140_60,s0.117920228,s-1.867210766,s66.221653981
140_61,s-4.657851795,s-1.159434301,s90.829366263
140_62,s1.466893516,s7.507059491,s236.358661042
140_63,s4.439491336,s1.352072760,s188.995367026
140_64,s3.264101811,s3.490677857,s285.545870013
140_65,s1.244955389,s6.720938394,s81.385779794
140_66,s4.773041686,s-1.227836816,s28.085440553
140_67,s-7.580457969,s3.113369517,s33.819741568
140_68,s-7.448044843,s-0.018075163,s225.069565792
140_69,s-2.120328559,s5.782215925,s314.356476315
140_70,s7.287672378,s5.001294565,s267.775499235
140_71,s5.361574880,s5.740592026,s172.229424444
140_72,s3.714580548,s0.699407275,s23.442854247
140_73,s3.620822570,s7.487206652,s192.901502070
140_74,s0.877374965,s-0.091886968,s297.618196477
140_75,s7.268337974,s3.795340672,s230.155433642
140_76,s4.502619734,s7.208984555,s81.570860423
140_77,s2.085435389,s-2.390379539,s136.605769577
140_78,s-7.576618826,s5.308555301,s175.867126862
140_79,s-2.659775805,s6.849733328,s81.049186604
140_80,s-3.131130233,s-0.124452295,s324.460592864
140_81,s-3.445204177,s-0.700321719,s41.052766329
140_82,s-2.688841070,s3.311852216,s144.189818372
140_83,s-5.630391954,s-2.372286053,s309.104467043
140_84,s4.149720309,s6.620848874,s14.451085004
140_85,s-1.737451512,s7.175567681,s73.190888279
140_86,s-4.313174134,s5.820675664,s261.250778123
140_87,s1.627171803,s2.669262201,s22.574277517
140_88,s3.226868878,s-4.254549775,s197.074162699
140_89,s6.475509276,s2.646023213,s34.440873954
140_90,s-0.997466698,s6.334640876,s66.519038329
140_91,s-7.236413972,s6.150688546,s311.789214409
140_92,s-5.875738127,s6.481713110,s248.630338836
140_93,s1.248397443,s2.121272020,s214.196488832
140_94,s-6.700943901,s2.290727381,s222.623007162
140_95,s-5.703976666,s-7.305061461,s106.372849230
140_96,s2.977348315,s7.318816593,s224.532010388
140_97,s-6.618688795,s5.234072684,s181.489583100
140_98,s-7.088406036,s4.174184988,s202.450997467
140_99,s5.355139282,s0.077143761,s180.599808802
140_100,s0.168102088,s5.532225886,s43.571424666
140_101,s2.430199620,s3.591955751,s153.367015206
140_102,s6.539720659,s6.978889835,s298.314783537
140_103,s6.842159362,s0.699258865,s281.943878326
140_104,s-7.613904004,s1.661433969,s170.614947041
140_105,s-6.652549956,s2.902721668,s132.998543044
140_106,s-6.278872317,s-0.157443389,s278.565077992
140_107,s2.604410281,s2.077119266,s139.434950931
140_108,s-5.664185250,s4.191238183,s315.270704791
140_109,s4.410283405,s5.057595241,s234.663350904
140_110,s5.222405935,s3.258113216,s79.303743813
140_111,s7.172302887,s1.613887861,s6.540988634
140_112,s-2.290817578,s3.014804174,s199.009041473
140_113,s2.131576979,s0.404243067,s70.728346961
140_114,s3.304498022,s6.589006550,s172.719519763
140_115,s2.398496181,s0.735085849,s103.910286992
140_116,s7.226089430,s7.156823900,s219.372175805
140_117,s-2.760124782,s6.565333802,s18.301373151
140_118,s-5.252008565,s7.507059491,s261.471096019
140_119,s-0.256434619,s4.509971609,s335.386540122
140_120,s-5.291262994,s4.795025284,s317.733032997
140_121,s3.653337578,s1.137699195,s97.104198030
140_122,s-5.979194722,s5.741067729,s55.522237208
140_123,s-3.041735967,s5.166404179,s189.270779211
140_124,s-1.566883125,s6.662934828,s195.192605628
140_125,s0.388322959,s-2.795875759,s296.092685011
140_126,s3.719046158,s4.155150564,s313.391696611
140_127,s-0.002384518,s6.571919693,s20.782009438
140_128,s6.905986103,s1.841504453,s357.373184180
140_129,s-2.822963642,s6.345926331,s285.113368401
140_130,s-0.104123607,s5.917103191,s141.772275803
140_131,s4.735984526,s4.894561767,s201.655975853
140_132,s-3.925885524,s7.478363871,s248.500055344
140_133,s-3.214697104,s3.948984123,s124.384095689
140_134,s-4.922370841,s5.723436751,s264.239586152
140_135,s-1.220401226,s6.238678619,s154.037469902
140_136,s7.267187287,s6.299918925,s1.837446247
140_137,s-1.845893296,s5.483360308,s141.513836446
140_138,s5.454238190,s2.442315073,s318.039465522
140_139,s2.057457193,s7.454891374,s303.476772576
141_0,s-7.152778427,s-2.973637859,s267.334148287
141_1,s-6.482954068,s0.896373675,s339.742577511
141_2,s0.245901040,s-4.018314423,s111.921608657
141_3,s-6.324855147,s-2.458776069,s66.323295225
141_4,s-7.044543792,s-6.801342078,s183.118375448
141_5,s-0.230715681,s-5.192895890,s278.295709382
141_6,s2.961210214,s-1.103792723,s152.764418793
141_7,s6.928886427,s0.870545503,s192.219405866
141_8,s0.309690780,s-7.232727588,s82.862162963
141_9,s-2.292308413,s-0.560312126,s235.974281679
141_10,s4.130404956,s-6.494525520,s277.270249090
141_11,s-0.357806094,s-1.653485530,s1.318892792
141_12,s6.992379803,s-5.674058146,s355.354983796
141_13,s-4.904666162,s4.511838701,s180.886445876
141_14,s-6.840543858,s1.742171407,s290.823174826
141_15,s-2.852801042,s-2.821900602,s196.935958740
141_16,s-6.081880196,s-4.591411968,s125.274887400
141_17,s-3.516641935,s-2.858452425,s151.885956470
141_18,s1.897194143,s-5.341460355,s327.986663717
141_19,s-1.469703045,s-5.803741989,s355.507508726
141_20,s-1.144193083,s-2.395865632,s31.346164854
141_21,s-6.684880747,s-6.208204288,s270.656730442
141_22,s4.143489978,s-1.695440243,s241.290681931
141_23,s0.596715454,s-3.333302955,s97.292581741
141_24,s4.074808217,s-3.677955985,s284.567801833
141_25,s6.341038260,s-2.198188238,s103.521642613
141_26,s-3.836762001,s-6.483330658,s295.387356571
141_27,s-4.819981662,s-2.564855638,s277.588312052
141_28,s2.448365953,s-3.802683604,s343.011572415
141_29,s5.036221690,s-4.461074803,s324.680017486
141_30,s5.933194254,s-4.713788478,s51.534594834
141_31,s6.406431655,s-3.781205769,s280.561552058
141_32,s-4.982760220,s2.694217981,s338.137827747
141_33,s6.497411916,s0.797404008,s255.324912844
141_34,s7.052875520,s6.799367876,s241.099270288
141_35,s-1.178468184,s-1.441301220,s159.964222454
141_36,s7.044975184,s-3.163012594,s164.210966673
141_37,s1.407383867,s-2.748483929,s269.297400329
141_38,s6.589945132,s0.605886017,s280.573773009
141_39,s-7.084639946,s5.886315677,s293.166653992
141_40,s2.270183249,s-1.368597985,s256.605337986
141_41,s-6.622236132,s-0.005691544,s340.863676281
141_42,s-1.251152411,s6.903259604,s142.685162454
141_43,s-0.386749812,s1.787717753,s40.220718900
141_44,s3.424158840,s1.280736378,s168.040566544
141_45,s-2.800839844,s0.540228455,s259.141353654
141_46,s4.126807936,s5.996075210,s44.382326429
141_47,s6.680307685,s-1.110591737,s116.959110626
141_48,s5.072593620,s0.403875969,s51.274657713
141_49,s1.986266290,s-6.703916949,s12.669850362
141_50,s-0.072251405,s1.930591771,s253.320822269
141_51,s6.981217547,s-1.282167115,s48.915421655
141_52,s-6.783550505,s-3.975416021,s70.968592250
141_53,s-3.085640022,s-0.710531653,s69.160190073
141_54,s-3.589322456,s2.537044149,s327.588934243
141_55,s-4.704176225,s0.062718717,s235.237154052
141_56,s0.722569966,s-5.663391857,s70.856563218
141_57,s1.689974379,s1.870668501,s128.559323832
141_58,s3.964112634,s-0.477933735,s223.928861400
141_59,s-2.561960877,s1.936603059,s17.059038344
141_60,s2.582115449,s3.120294552,s265.169649640
141_61,s-1.611917998,s-7.112230784,s274.293620889
141_62,s0.633236847,s1.902322782,s323.364899131
141_63,s-1.768079957,s0.403444765,s63.526123428
141_64,s5.813872210,s3.516340689,s338.073546420
141_65,s-4.419925623,s-0.393630168,s231.210865460
141_66,s-6.937450542,s-1.579839056,s47.919422555
141_67,s2.813679526,s0.099535524,s247.697505279
141_68,s0.349094644,s3.915210561,s50.440539396
141_69,s2.263146994,s5.200053517,s258.924899839
141_70,s-0.388911567,s2.290372014,s38.994516277
141_71,s-3.078881527,s-6.389494882,s193.560749068
141_72,s-3.279451332,s4.376618929,s275.146634823
141_73,s5.436717467,s-0.051770009,s256.780122042
141_74,s3.446177252,s4.867109516,s76.201877735
141_75,s0.794785381,s4.471809870,s64.800984629
141_76,s1.784755842,s3.573213228,s14.374005827
141_77,s5.647583076,s5.241306557,s137.559311346
141_78,s4.664702876,s1.606116080,s313.847375400
141_79,s-6.857289044,s3.983288634,s233.779069519
141_80,s-4.627466553,s5.446696506,s313.346876002
141_81,s-6.821330560,s3.916484394,s320.238384580
141_82,s0.190936978,s2.570039903,s148.743481720
141_83,s1.525355602,s0.812946083,s45.071627667
141_84,s2.316963291,s6.229634195,s310.693099548
141_85,s-3.339910209,s3.522347843,s311.465638036
141_86,s-5.585896251,s4.704082886,s13.839482047
141_87,s5.685483245,s-1.750543676,s158.522126189
141_88,s7.052875520,s3.027661286,s137.130455922
141_89,s6.260411744,s5.759787630,s123.259017440
141_90,s6.556286127,s2.706891108,s84.476756622
141_91,s-6.975082430,s6.583410375,s76.581187538
141_92,s1.218791892,s4.111109710,s238.304836642
141_93,s4.417011351,s-0.264228684,s246.469749070
141_94,s-4.643620630,s6.428026183,s208.893865362
141_95,s-6.119322831,s5.625569024,s326.604744059
141_96,s3.823329301,s6.233623166,s173.403491121
141_97,s-2.539184297,s6.600211082,s111.079763786
141_98,s0.918677979,s1.112721338,s70.508305706
141_99,s6.499256869,s1.765263697,s173.444242443
141_100,s-3.517032891,s-1.780183937,s27.536298182
141_101,s5.490881946,s6.416968985,s151.181340895
141_102,s6.233180439,s3.987285867,s56.402499160
141_103,s2.603241485,s4.317087109,s113.563711215
141_104,s-6.879732713,s5.350927795,s193.515836919
141_105,s-3.025510862,s6.572771903,s331.943428920
141_106,s-5.541466365,s6.551015343,s319.635943049
141_107,s-5.140607297,s-1.953817173,s289.305335328
141_108,s0.305065418,s6.223543233,s325.954699292
141_109,s-4.448515407,s3.367697911,s22.441786217
141_110,s3.096605015,s6.171568286,s304.089252427
141_111,s-0.274478283,s-2.657820266,s271.034353040
141_112,s-1.903854571,s2.382284898,s98.281811750
141_113,s4.685312545,s5.307088551,s119.429123285
141_114,s-5.530190957,s6.465919315,s327.820568139
141_115,s4.825858564,s1.169965770,s101.422580053
141_116,s5.095127119,s-0.930475229,s40.363606134
141_117,s-5.421832829,s0.893490002,s51.013831278
141_118,s-4.887308047,s6.903259604,s310.545178129
141_119,s0.926981861,s5.850072787,s35.708001818
141_120,s-0.999900593,s4.200523408,s138.733772243
141_121,s-4.264773285,s0.881907101,s79.323926981
141_122,s1.642436554,s6.857366918,s39.155688039
141_123,s-3.866285057,s3.270515075,s223.107056313
141_124,s0.177095222,s5.605900698,s25.613319030
141_125,s5.072392377,s6.186826785,s55.995385878
141_126,s6.635462216,s5.303948774,s103.419863282
141_127,s3.491409548,s6.895688291,s329.959417863
141_128,s-4.916658175,s-4.540266788,s312.602474660
141_129,s0.145296326,s0.846485369,s6.484537048
141_130,s-2.852070559,s4.805626207,s14.364390475
141_131,s-3.496690095,s5.628431419,s225.832347285
141_132,s-6.894572648,s-1.195460651,s305.581386752
141_133,s3.452909280,s2.752588566,s123.599392802
141_134,s-0.577798527,s6.815261466,s348.848742828
141_135,s-5.718307399,s3.502609158,s18.933862391
141_136,s-0.458873277,s6.329093339,s290.053481928
141_137,s-2.876316899,s-7.191338052,s327.267316723
141_138,s3.843306638,s3.169646978,s189.455626900
141_139,s4.778148204,s6.841986035,s84.913303886
141_140,s0.573324757,s6.897774273,s87.367957724
142_0,s-6.114429662,s-3.688260832,s153.771563772
142_1,s-1.560795888,s-4.807699923,s124.598062632
142_2,s-7.236259537,s-7.239003289,s115.260034816
142_3,s4.570428209,s-6.823971875,s275.975791457
142_4,s-3.470907085,s-5.312263083,s262.702386876
142_5,s-6.876457485,s0.601610857,s76.040855414
142_6,s-1.539270214,s-2.036173820,s319.170430446
142_7,s2.616509264,s-5.303891610,s227.825915583
142_8,s0.756722204,s-5.060139794,s270.836717631
142_9,s-0.460111802,s-3.827540840,s346.173614240
142_10,s-1.935770882,s-4.187362353,s79.264386011
142_11,s6.557396585,s-2.025571396,s359.317525534
142_12,s4.573114711,s-0.836591020,s351.905947793
142_13,s-6.477894350,s-2.829919050,s180.740094113
142_14,s-1.823239332,s1.145229104,s54.552092187
142_15,s-1.388286291,s-7.331303106,s347.020601462
142_16,s-4.110780367,s1.732444458,s59.492529948
142_17,s4.688024958,s3.790054859,s56.071495696
142_18,s-2.235525011,s3.391622791,s147.833775846
142_19,s-0.617825816,s-2.859139842,s185.429884683
142_20,s1.893936520,s-7.189748653,s307.510117420
142_21,s2.519281954,s-3.775194600,s243.002562697
142_22,s2.801755697,s-7.033358055,s319.406379118
142_23,s7.160133069,s-2.327068225,s271.740751085
142_24,s0.653630727,s-3.180542651,s153.913952978
142_25,s7.089982886,s-5.356246570,s269.109521856
142_26,s-7.228253083,s4.869156705,s245.181605331
142_27,s-5.252617474,s-4.747273107,s249.490792534
142_28,s-2.618367245,s3.712848537,s37.516437694
142_29,s-2.464672166,s0.494181396,s178.053156872
142_30,s-1.968960881,s2.330322038,s165.842040356
142_31,s-7.102415959,s1.929941904,s161.673792476
142_32,s-0.605098080,s3.877937998,s342.211709931
142_33,s-1.095583283,s-3.475146043,s325.444581406
142_34,s1.158975791,s-0.109207048,s135.168330285
142_35,s4.194367731,s-2.081196985,s205.027865573
142_36,s6.734561850,s-3.139493854,s25.286772863
142_37,s6.986748218,s4.818654153,s306.369180387
142_38,s-0.667010012,s1.446536519,s56.213853249
142_39,s-7.119737151,s1.265985065,s237.968673792
142_40,s-7.296836932,s-0.667796210,s28.599999656
142_41,s0.388484828,s1.239444467,s197.574267450
142_42,s-0.586734283,s-0.522396203,s196.267538676
142_43,s-7.210388744,s7.005541237,s44.064717189
142_44,s-2.680958929,s-1.988269626,s249.883692703
142_45,s-1.573524207,s-5.626720523,s149.557044455
142_46,s1.818115152,s-3.347313536,s254.935984833
142_47,s1.666605756,s-6.517984025,s82.659433305
142_48,s2.070823886,s-2.667676772,s207.501853995
142_49,s-0.836275311,s2.962117899,s338.299650138
142_50,s5.942520051,s6.919328510,s283.403596082
142_51,s5.592837922,s2.759438865,s309.549077374
142_52,s-3.218883300,s2.541137636,s159.287212290
142_53,s-7.270603488,s3.263066090,s211.393337662
142_54,s-0.841028331,s4.870115126,s61.679523106
142_55,s-4.664254169,s2.421450393,s270.160689563
142_56,s4.858597651,s7.171682127,s264.725901499
142_57,s-1.545240439,s0.445458665,s61.091024510
142_58,s5.846075490,s5.843562327,s142.849010956
142_59,s5.595323110,s0.347619883,s107.745423893
142_60,s6.492764117,s-2.482823964,s292.774093616
142_61,s0.219756976,s3.220493008,s211.241859989
142_62,s2.960408518,s5.824714818,s238.577583631
142_63,s3.676750154,s1.112392512,s319.751819405
142_64,s4.010789830,s-2.666377468,s146.268512089
142_65,s-3.515972193,s-2.835598654,s198.615889436
142_66,s-2.607830698,s-2.591515875,s42.930591902
142_67,s-1.294576803,s-1.300386120,s16.494712315
142_68,s0.760276507,s-1.569238059,s46.539512325
142_69,s-7.352333708,s-2.830856461,s188.326993215
142_70,s1.640243994,s-5.034588513,s71.811647718
142_71,s-1.355617109,s4.277364861,s127.027629094
142_72,s-3.185157853,s6.707131509,s263.857048047
142_73,s6.948104826,s3.722226469,s103.746326807
142_74,s6.216262385,s2.182165785,s68.967613817
142_75,s6.758027295,s-0.735872854,s68.123846789
142_76,s5.966382735,s1.704482592,s51.166737200
142_77,s5.224198520,s-7.071874466,s262.975600317
142_78,s4.053836016,s4.980356297,s32.487043626
142_79,s-3.177717122,s1.551457554,s192.281198335
142_80,s-4.878818727,s3.641706247,s173.823612641
142_81,s-6.354696939,s6.865904102,s142.543854768
142_82,s-3.206622510,s3.799839637,s98.314813181
142_83,s-3.108847122,s-0.882420105,s72.844709686
142_84,s-4.810934221,s0.723049395,s274.514492036
142_85,s-5.017432529,s6.676672504,s194.397461465
142_86,s3.201833775,s6.987994263,s204.735852256
142_87,s5.480527707,s4.063018375,s264.940820820
142_88,s6.278122801,s3.747322085,s9.246043721
142_89,s2.958057262,s-0.907222578,s178.432977193
142_90,s7.193395458,s0.403463618,s180.971653171
142_91,s-1.826595015,s4.178858114,s222.003862741
142_92,s-4.553848135,s2.779874078,s161.464886684
142_93,s-5.724312973,s7.088187617,s55.662751636
142_94,s4.404152513,s-0.299574550,s146.253332213
142_95,s-3.301741739,s6.074028346,s322.320980809
142_96,s3.383298589,s3.564913929,s309.258868073
142_97,s0.705114112,s5.533432109,s319.882379624
142_98,s5.597660782,s1.178203844,s349.462144627
142_99,s6.409525339,s5.630156049,s122.185882818
142_100,s1.975592359,s5.235816264,s358.219472211
142_101,s6.685695692,s0.497007487,s203.103664974
142_102,s0.112462867,s7.152257292,s195.288575360
142_103,s5.809958879,s4.085039260,s5.989252129
142_104,s-5.568855236,s5.046347297,s316.584052051
142_105,s-0.126673701,s5.725886384,s17.750169343
142_106,s-2.268319859,s7.133845439,s297.245039435
142_107,s-3.746434038,s7.149920945,s111.096435334
142_108,s-4.346579724,s6.541714722,s287.665606587
142_109,s-5.589089357,s1.529038743,s131.349241428
142_110,s-0.419967603,s6.792916742,s117.528760187
142_111,s-1.870730828,s4.914324614,s298.842914030
142_112,s-2.248985689,s6.218495627,s151.677327765
142_113,s-0.121541670,s0.553346164,s231.290137880
142_114,s3.322315494,s-1.117696932,s222.535430412
142_115,s7.131487010,s2.089930269,s147.493364593
142_116,s4.101195470,s6.479347663,s5.199137928
142_117,s-1.760614215,s6.534962221,s218.900596200
142_118,s4.373964762,s5.506751975,s353.759455753
142_119,s-1.354180699,s7.049548501,s135.965605159
142_120,s-4.736083847,s5.854745036,s41.921679469
142_121,s-3.919277769,s-3.656983482,s309.051146706
142_122,s-6.378612563,s4.101326477,s270.878531559
142_123,s-4.298712647,s1.390396061,s131.413350698
142_124,s-2.100200905,s7.132229084,s220.911360892
142_125,s0.616298466,s4.476662421,s357.732046186
142_126,s3.528046966,s5.118083409,s85.246243121
142_127,s6.928328195,s7.033597472,s290.957438517
142_128,s2.108622839,s4.081731068,s348.615498052
142_129,s7.180571404,s4.793138777,s6.042026514
142_130,s-4.380908521,s7.036181797,s259.197243396
142_131,s-7.319098845,s2.441760087,s192.398367722
142_132,s-6.167562327,s6.086091037,s317.417411828
142_133,s-3.987026240,s6.058363300,s296.486985769
142_134,s-6.244309398,s3.334760190,s264.661616045
142_135,s1.912773721,s7.091057264,s79.605343960
142_136,s5.415380884,s-3.354648199,s243.306288764
142_137,s2.654928670,s-2.739292249,s297.080106504
142_138,s1.938058870,s6.577969836,s218.350648477
142_139,s-0.888770774,s-0.170649919,s166.195999537
142_140,s6.516617930,s7.142519369,s268.324247785
142_141,s6.365166896,s6.525111698,s12.470371821
143_0,s-5.135391847,s-3.135803603,s5.028241660
143_1,s-6.295371109,s-6.804873683,s319.393185825
143_2,s-2.786660493,s0.120020811,s130.870766181
143_3,s1.355890380,s-2.342005168,s112.064443855
143_4,s-6.310849352,s-3.567138174,s70.243650006
143_5,s-2.238942861,s-6.851133893,s116.013959692
143_6,s2.666139485,s-4.884058514,s356.113367416
143_7,s0.343913561,s-1.276096995,s173.090963928
143_8,s4.774706418,s-6.462467284,s295.184754549
143_9,s7.577938541,s-4.793037803,s53.356085967
143_10,s1.171680577,s-6.102965939,s162.385924601
143_11,s3.234915703,s-6.407041033,s142.719323403
143_12,s5.149157279,s5.501770887,s0.745334671
143_13,s-3.652791753,s-2.093114100,s50.584335025
143_14,s-7.224022192,s-3.241693218,s114.201562954
143_15,s-6.583318421,s7.209885843,s98.648681392
143_16,s-4.539607422,s-0.956616543,s190.638170990
143_17,s2.976984982,s3.022439322,s51.215905155
143_18,s4.892764461,s-7.262807296,s159.623768425
143_19,s-0.258659921,s-0.504418366,s245.593288693
143_20,s0.244267100,s-6.748785208,s224.553565496
143_21,s2.443721921,s-2.952221717,s176.359953238
143_22,s-0.316562573,s-5.457313493,s64.669756087
143_23,s3.029177723,s-3.696068133,s140.672898028
143_24,s7.658591353,s-1.312569467,s133.134020051
143_25,s6.736407775,s-7.264381953,s233.373263926
143_26,s1.967651609,s-0.262263440,s298.697013383
143_27,s-2.052096007,s-2.752774646,s46.643147755
143_28,s-2.184932461,s-5.369439445,s262.403970650
143_29,s-5.223209587,s-6.362491810,s231.163384522
143_30,s-0.405524467,s-1.965923150,s109.489726234
143_31,s-0.811229514,s6.135999335,s264.390016756
143_32,s-4.603849220,s0.048384735,s0.389270970
143_33,s-2.990623773,s-0.881643611,s223.991915753
143_34,s3.854150595,s-7.370506205,s128.595258736
143_35,s5.999665490,s-4.317079210,s163.668390599
143_36,s4.456607606,s0.895764718,s8.077844344
143_37,s7.774307498,s-2.970029358,s112.312448880
143_38,s3.444596812,s-0.340572088,s181.140191776
143_39,s-2.692241707,s2.623208772,s12.912988091
143_40,s-6.430657782,s-1.781624395,s72.678690581
143_41,s-2.223948508,s-1.830073412,s261.455913856
143_42,s-2.745233892,s2.014881712,s178.931737674
143_43,s-5.347514997,s1.919832212,s164.506076669
143_44,s-1.588776454,s-2.411520683,s110.398600641
143_45,s-1.638711701,s1.793403566,s199.935687767
143_46,s4.453122702,s2.771163386,s348.822433826
143_47,s6.080632854,s-2.063533455,s182.464217138
143_48,s2.847525034,s6.241296765,s60.931583624
143_49,s6.749283947,s-0.446601977,s248.010820346
143_50,s4.846657402,s-0.675707720,s350.105531462
143_51,s0.270459210,s1.555717813,s177.023679693
143_52,s-1.584345662,s-0.915498193,s12.273262195
143_53,s-3.441771494,s-4.743182124,s312.888134286
143_54,s-7.342432504,s2.849908815,s35.278606435
143_55,s-7.250366348,s0.400525606,s92.256893437
143_56,s6.439819430,s0.198313731,s223.859994624
143_57,s-5.840295070,s2.219149854,s331.366524431
143_58,s-5.891526525,s6.446452488,s218.081099486
143_59,s1.781746127,s3.899320349,s222.853092268
143_60,s7.700219046,s0.747388413,s177.020113486
143_61,s5.110610376,s1.266825906,s115.357371245
143_62,s7.687614396,s6.973358134,s199.747533258
143_63,s-0.318825762,s7.121357837,s321.956003289
143_64,s6.709786909,s0.333978127,s142.822478745
143_65,s-7.145736693,s-1.123665329,s274.147497391
143_66,s-4.323010385,s6.339193999,s323.965247038
143_67,s-0.530458398,s5.390052568,s35.359890515
143_68,s-3.923780356,s-0.197981257,s199.871617601
143_69,s-0.750311364,s-0.891444170,s6.548379195
143_70,s1.632895909,s-4.903248416,s149.146724743
143_71,s-3.620055529,s4.849666416,s41.731766207
143_72,s1.615945965,s-2.292557142,s24.443664035
143_73,s-1.949855679,s4.306346655,s305.237225303
143_74,s3.157479060,s0.798154587,s145.901149879
143_75,s5.247364279,s-2.534838603,s235.684936990
143_76,s7.548732372,s5.192147819,s181.017843576
143_77,s7.649905776,s5.685121933,s169.291928525
143_78,s-0.898288687,s2.037174161,s202.084441685
143_79,s-4.247050335,s-2.888045787,s20.531785246
143_80,s-5.211110163,s-2.255907329,s128.797121545
143_81,s-6.549632867,s4.028766697,s88.423637624
143_82,s-1.325221293,s-3.144254595,s24.625802630
143_83,s-7.327088215,s5.717466848,s26.745466892
143_84,s4.459112426,s-1.261673639,s104.900160782
143_85,s6.263603742,s7.105831459,s332.339087366
143_86,s-5.405745691,s5.082656330,s327.584039712
143_87,s4.501772522,s4.354564882,s291.961215121
143_88,s3.619314560,s0.923467743,s217.734532409
143_89,s0.656524956,s3.345587637,s353.695974527
143_90,s-1.510684273,s2.751019056,s178.286798390
143_91,s-3.649294936,s-2.834807069,s63.819128081
143_92,s-0.114163617,s1.319137999,s109.531821494
143_93,s-6.285832519,s0.808175196,s299.893396245
143_94,s-1.109946331,s6.540584777,s17.348256738
143_95,s-6.986861279,s0.754454021,s172.514943022
143_96,s7.261879073,s2.316501178,s22.221285669
143_97,s-0.771343746,s3.895159918,s228.979574341
143_98,s1.601471696,s1.964303504,s141.029281642
143_99,s0.715088065,s7.223456033,s9.384753754
143_100,s1.740169532,s5.012571897,s139.036305169
143_101,s3.501082090,s2.742526093,s190.013821809
143_102,s4.979609172,s6.012609811,s188.451887584
143_103,s7.346466595,s2.991421377,s109.921298237
143_104,s-4.123863461,s6.761376927,s327.989479303
143_105,s4.277051604,s5.456092637,s70.600306037
143_106,s2.292433320,s0.461035247,s233.929627957
143_107,s1.248944400,s2.615916596,s78.327082219
143_108,s-4.264608613,s4.348384544,s246.037203410
143_109,s-1.374282397,s4.676182053,s40.747471508
143_110,s-3.613234969,s5.732155539,s288.901638442
143_111,s-0.554842047,s3.612215206,s312.611247935
143_112,s2.366904552,s7.098764869,s17.686750682
143_113,s7.622622813,s4.552867383,s329.216229081
143_114,s2.421589172,s4.189085688,s33.236720521
143_115,s3.953679460,s7.047848271,s146.630281162
143_116,s6.037158312,s5.475041894,s203.615662402
143_117,s-6.605106455,s5.899958853,s143.049713961
143_118,s-5.141890445,s4.307860282,s156.040313643
143_119,s-5.056253562,s0.624049059,s42.795317904
143_120,s-3.754488220,s2.160531848,s125.738448560
143_121,s-1.645526156,s5.886566530,s300.788171581
143_122,s-3.452703892,s7.208853459,s111.611040343
143_123,s-3.619109548,s-0.747101017,s122.499724505
143_124,s6.062803704,s7.119376033,s167.777948136
143_125,s0.231186146,s4.909790258,s5.034289785
143_126,s-5.079442002,s4.734606391,s232.025303176
143_127,s1.712223191,s7.188394952,s277.802459524
143_128,s6.886346143,s7.205666769,s62.872367842
143_129,s3.183409809,s6.330758823,s224.598543326
143_130,s-4.127801452,s5.841736744,s336.124470632
143_131,s-0.902396771,s0.979429304,s76.041872136
143_132,s-7.058687386,s2.825458665,s174.753111623
143_133,s-2.681346383,s5.598780559,s82.857626816
143_134,s-4.925893669,s2.961646709,s21.588947568
143_135,s1.564204233,s0.973312381,s181.709784503
143_136,s-3.265008195,s6.568529970,s279.423851129
143_137,s6.667451836,s3.460496890,s134.305403346
143_138,s-5.870397398,s5.571166861,s328.110774185
143_139,s2.078303878,s5.005285933,s100.010570316
143_140,s3.538193906,s4.003993870,s357.479570940
143_141,s7.093643651,s1.498996244,s22.560511370
143_142,s6.579327280,s4.744368837,s135.786199753
144_0,s-7.000189078,s-3.786471535,s94.868950714
144_1,s-5.251203745,s-5.999972361,s35.664237910
144_2,s-2.974178715,s-6.022371961,s104.327614167
144_3,s-2.361080733,s-2.522309494,s69.201373363
144_4,s-2.074707621,s-5.998132360,s320.666788524
144_5,s-3.817382923,s2.023031124,s306.409911574
144_6,s1.335792395,s-6.166222176,s270.625925529
144_7,s-0.783253443,s-5.459632683,s111.673202612
144_8,s0.978091864,s-4.966965044,s98.331614866
144_9,s-1.171302599,s-1.958631069,s80.066009372
144_10,s0.744315654,s3.030117857,s220.371526204
144_11,s2.135223840,s-3.153205519,s184.542732690
144_12,s3.567616288,s-5.354107443,s249.290165409
144_13,s-3.417710529,s-5.499257707,s169.404833642
144_14,s-7.006325132,s-5.366314598,s198.539274114
144_15,s-4.704018865,s5.766060764,s52.625937967
144_16,s-5.360071072,s4.819046489,s234.044902037
144_17,s-3.058140831,s-2.392572489,s21.439995634
144_18,s4.129773444,s-2.800883221,s254.510681404
144_19,s2.131705895,s-2.806974097,s152.250359177
144_20,s1.320303772,s5.842618769,s32.407917486
144_21,s-0.014334150,s-6.336263435,s200.416462417
144_22,s6.344962078,s1.728666004,s66.864376417
144_23,s5.414721840,s-6.324136451,s311.601368566
144_24,s5.578520547,s4.959031011,s57.406888809
144_25,s6.981855349,s-2.577287886,s59.017722528
144_26,s-7.012461934,s-6.661059597,s127.595946764
144_27,s-1.764023095,s3.325222685,s257.133064735
144_28,s-1.288022987,s-5.292803454,s259.008137764
144_29,s4.081758475,s-6.381659105,s211.166918950
144_30,s-1.366946019,s-2.748506835,s61.589555562
144_31,s4.178136191,s-0.893538302,s303.863983363
144_32,s-1.968144518,s0.003320115,s325.308468622
144_33,s5.196550730,s-5.261046032,s110.709528967
144_34,s3.916134502,s0.641728795,s135.065251915
144_35,s-5.456966456,s-0.909685273,s167.211068705
144_36,s-1.221282880,s-3.428692279,s160.983001497
144_37,s4.933164803,s1.601418139,s248.898814396
144_38,s5.089570795,s6.694548302,s132.052496199
144_39,s-5.013538622,s5.337758240,s189.409376205
144_40,s-6.054967593,s-5.987514739,s133.917243707
144_41,s-4.953800348,s-2.918999444,s115.072977803
144_42,s1.007721982,s-0.790985710,s358.483350238
144_43,s-0.989740141,s6.536298783,s359.972811878
144_44,s2.962112918,s-3.509693617,s99.631373578
144_45,s3.464686801,s3.413871659,s112.012064967
144_46,s-4.940643661,s-4.788904295,s342.671592852
144_47,s4.898620953,s-3.508552207,s169.780258829
144_48,s6.584788305,s-6.653943000,s224.423540478
144_49,s3.583978380,s0.994292481,s335.248843165
144_50,s-1.986043749,s0.107690408,s73.154749291
144_51,s7.044552614,s1.728373281,s121.012793284
144_52,s-2.627512614,s-4.635614843,s260.419972341
144_53,s3.929759459,s-2.320807597,s22.050333005
144_54,s-2.436377709,s5.372605362,s319.199495146
144_55,s-0.812916182,s-1.131497178,s1.603297736
144_56,s-7.026466202,s3.294882899,s330.689964749
144_57,s-3.542821468,s5.843451644,s93.316800151
144_58,s1.189495618,s-1.321201378,s86.671097860
144_59,s-0.495991124,s-7.226097304,s327.401789629
144_60,s2.955691255,s4.028741366,s235.564230938
144_61,s-4.949113173,s-5.071970319,s60.452960860
144_62,s1.939618510,s5.279183547,s56.059746098
144_63,s6.875731002,s6.519304388,s334.537624228
144_64,s5.933255025,s-2.643504966,s79.863546734
144_65,s-3.838295415,s-2.156723544,s142.558209029
144_66,s-4.253677225,s-0.588818088,s0.041938540
144_67,s4.177435050,s5.574214308,s48.539529304
144_68,s-0.165026914,s2.218714672,s82.493459758
144_69,s3.770351038,s-7.083103789,s64.569512094
144_70,s-0.769058722,s-0.137629839,s341.016960737
144_71,s5.976838849,s4.739195236,s295.086621773
144_72,s-2.924764854,s3.898741516,s273.171884506
144_73,s5.323592342,s2.059430486,s267.412768146
144_74,s1.393345533,s6.418697226,s170.939598055
144_75,s-6.686153927,s4.901836336,s301.781805627
144_76,s2.223433979,s6.073100095,s236.002270431
144_77,s2.308064219,s-0.119245675,s359.065152035
144_78,s-6.506062417,s2.551189992,s107.222764339
144_79,s-6.906754914,s5.408295812,s156.110556825
144_80,s3.974378528,s-4.107840675,s319.020259908
144_81,s-6.947582927,s3.774121630,s278.331857986
144_82,s-4.911569212,s3.696326353,s121.643177146
144_83,s0.882015493,s-3.904934430,s348.841065290
144_84,s-6.772420438,s5.417387804,s129.707870950
144_85,s-3.360286043,s-0.946707739,s38.709442742
144_86,s1.567598618,s1.916806039,s63.644101546
144_87,s6.450340522,s5.406476527,s339.660724317
144_88,s6.700153183,s-0.822262050,s238.139150959
144_89,s5.430307050,s5.459464399,s350.043025221
144_90,s5.577830124,s-0.704720879,s331.393864715
144_91,s-4.929911544,s6.739434209,s307.668644649
144_92,s-5.288867830,s0.970708603,s130.663293858
144_93,s-1.908297315,s6.622670580,s242.294977684
144_94,s-0.965274589,s1.068773339,s342.682181230
144_95,s-7.063205164,s-1.697313737,s33.505663466
144_96,s0.110947877,s-0.040969353,s131.499351856
144_97,s2.229238948,s2.293917942,s264.094407342
144_98,s-0.632239800,s3.105954110,s190.130515758
144_99,s6.110029411,s6.671042671,s342.735118428
144_100,s3.799081083,s1.735863836,s240.480682810
144_101,s-0.828243188,s3.777609123,s278.625575705
144_102,s6.287749892,s5.879518425,s354.915091697
144_103,s2.167529496,s0.657965094,s268.432073518
144_104,s-6.215429623,s-1.885784475,s102.913525033
144_105,s-4.364624852,s5.158750240,s316.473383126
144_106,s-3.893512795,s-1.021008790,s132.639134712
144_107,s-6.296626952,s6.724763094,s75.963098125
144_108,s-2.626367528,s4.808267471,s267.453113289
144_109,s-6.427625231,s-0.495134132,s264.047564968
144_110,s-3.623667879,s3.938973917,s109.429823949
144_111,s0.379235287,s0.702738137,s342.867187405
144_112,s3.925856897,s6.788240887,s282.057049471
144_113,s1.498087961,s0.343411816,s53.658097298
144_114,s-0.593072127,s-3.934530122,s348.968177884
144_115,s6.521745769,s-2.361925197,s175.209982374
144_116,s4.854714612,s3.140263324,s59.826659983
144_117,s-1.549604040,s4.661821470,s145.427978437
144_118,s-1.205787871,s-3.649738815,s103.970016755
144_119,s-6.032412365,s4.439120088,s315.043723659
144_120,s2.377354159,s-1.251913491,s323.032116259
144_121,s0.023569976,s6.354894998,s112.068096330
144_122,s-5.193914977,s0.012638253,s314.865886182
144_123,s0.610087953,s6.722541451,s178.884830472
144_124,s-0.483825112,s5.878517398,s123.046641464
144_125,s6.778730393,s-0.690496748,s332.693540052
144_126,s-5.161547869,s2.634444382,s71.505900203
144_127,s6.472743404,s6.725742228,s228.394902366
144_128,s6.838737848,s4.962948300,s151.943533623
144_129,s5.987721418,s3.069800031,s267.647216120
144_130,s1.478737469,s4.343708626,s138.252240646
144_131,s0.595522779,s1.249643143,s283.563999348
144_132,s5.013604245,s4.045514507,s284.753100438
144_133,s-7.090600541,s-1.115603953,s52.438194150
144_134,s-1.451364528,s6.377090082,s205.521132181
144_135,s-2.817515699,s2.672307566,s155.196457304
144_136,s6.898979807,s2.555088101,s185.261771332
144_137,s-2.869608863,s6.359294819,s35.808907289
144_138,s6.959262901,s5.636907839,s166.363796058
144_139,s-6.849868846,s0.849993463,s66.875545669
144_140,s7.062397140,s3.687878913,s246.726809397
144_141,s5.050283081,s0.639038594,s321.483409411
144_142,s6.275339159,s6.612707358,s347.745761055
144_143,s-1.767942559,s2.874780423,s167.396516510
145_0,s-7.213090201,s-0.493346979,s295.020606781
145_1,s-5.501078903,s-6.554331239,s340.234048980
145_2,s-5.646640916,s-0.729590047,s92.641595626
145_3,s-4.390383451,s-3.371324672,s215.529662277
145_4,s-5.870861154,s-2.906177721,s183.560844780
145_5,s5.448227440,s-5.092466059,s303.468554475
145_6,s1.616650372,s-4.206777699,s79.797827424
145_7,s2.953180276,s-5.974925825,s311.936640813
145_8,s-2.688490690,s-3.005736279,s219.965890101
145_9,s7.037600066,s1.415288267,s179.491663954
145_10,s4.418542162,s0.462447617,s222.525058421
145_11,s5.175476584,s-4.331862153,s179.112642666
145_12,s7.246120889,s-7.566731508,s239.984558722
145_13,s-3.995669638,s-0.573669574,s341.498519517
145_14,s-4.854945747,s-2.043208814,s215.262743095
145_15,s-2.414349009,s-0.254377908,s298.375685315
145_16,s-2.400829442,s-7.042983777,s41.777606758
145_17,s0.228221712,s-0.641807730,s309.156357997
145_18,s-2.416093452,s-1.104468067,s85.645264620
145_19,s1.406201154,s-6.446232063,s252.082691622
145_20,s-0.772078594,s-2.179184985,s97.964990047
145_21,s-2.645782045,s3.480340336,s279.195447824
145_22,s6.162166569,s-1.749793681,s297.930638612
145_23,s2.303403177,s-2.894063409,s263.844502766
145_24,s2.191068838,s-1.119239529,s54.419053797
145_25,s7.255837323,s-4.095152827,s244.871007208
145_26,s-6.175926934,s-3.081143632,s45.632241986
145_27,s-7.497261345,s-3.644562323,s149.090875413
145_28,s0.036053443,s1.869251692,s16.492817901
145_29,s-7.635463124,s-6.018175271,s190.023813640
145_30,s0.617340410,s-1.071486893,s136.795038316
145_31,s-3.213874607,s-2.364467248,s148.647873136
145_32,s4.903156035,s3.329862898,s43.888364641
145_33,s-0.231081925,s-4.992198881,s3.034304627
145_34,s-3.745600575,s3.048652050,s146.120456232
145_35,s1.549192155,s-1.022273171,s15.701160354
145_36,s5.269605123,s-0.927676051,s41.780040057
145_37,s4.101291440,s-1.458644672,s65.324474947
145_38,s1.495072105,s1.386563453,s228.632965855
145_39,s-7.504666098,s1.618262166,s26.699835103
145_40,s-5.744075540,s-3.841587078,s278.142659894
145_41,s-4.172141354,s0.250965674,s128.901344802
145_42,s-7.248265355,s4.076796748,s203.066944581
145_43,s2.350199773,s7.194242633,s102.632310836
145_44,s-3.226009288,s-5.030014400,s159.363691347
145_45,s6.986287138,s2.548414012,s315.017663279
145_46,s4.879255732,s-2.595283051,s12.440432525
145_47,s2.154557990,s-2.699938375,s119.576642038
145_48,s6.708542425,s-6.401776043,s350.403896290
145_49,s6.179538074,s4.983373466,s103.262688813
145_50,s-0.562522833,s7.162004485,s293.484226354
145_51,s6.837315206,s-2.874236206,s129.228611672
145_52,s-6.735885435,s1.307439850,s36.015201393
145_53,s-7.589135108,s6.508723942,s334.484662507
145_54,s-7.612435357,s7.253889736,s24.143722754
145_55,s-3.455500367,s-5.788516107,s49.288134657
145_56,s-4.770514937,s2.595325664,s313.880120810
145_57,s3.752305287,s-6.622637136,s178.945869607
145_58,s1.189956058,s-2.542500227,s346.057938085
145_59,s-3.715351320,s-1.809425046,s357.728201482
145_60,s3.869614032,s-5.063390812,s163.606845746
145_61,s-1.075904629,s4.319513821,s202.553373983
145_62,s-2.176244153,s-5.731634652,s246.165150467
145_63,s1.539427439,s7.146138578,s11.813873713
145_64,s3.985788802,s4.025687523,s284.778058674
145_65,s-6.697927886,s7.173032992,s176.760519473
145_66,s-2.886466847,s6.970674632,s334.331104442
145_67,s-0.811449054,s2.297874999,s322.364048340
145_68,s-0.279061847,s6.703928747,s201.576201621
145_69,s2.657720361,s3.425315405,s149.479805299
145_70,s1.489816908,s6.538409264,s117.604527915
145_71,s-7.260804381,s5.306338242,s185.662988834
145_72,s-4.504487128,s4.848140389,s21.402060215
145_73,s-0.961330379,s4.855817837,s291.538203107
145_74,s0.973588815,s0.391666289,s241.284595290
145_75,s6.826205345,s4.797399947,s13.402912978
145_76,s2.180006476,s7.294913299,s276.363584964
145_77,s6.859011531,s-1.088399929,s186.014296451
145_78,s-6.961394731,s2.041193453,s217.304205970
145_79,s-7.591534957,s6.890017487,s223.630296763
145_80,s-1.627461539,s-6.516394323,s200.591753128
145_81,s-4.473766695,s-2.528418594,s193.138586163
145_82,s3.082728522,s3.636524393,s70.409230622
145_83,s-0.522018181,s-1.363018075,s281.701279796
145_84,s2.188186223,s6.292249308,s23.909382773
145_85,s3.567170573,s2.503433709,s149.117495217
145_86,s-4.791824872,s3.916279235,s200.574460979
145_87,s-6.203583870,s-4.458741243,s136.341852909
145_88,s6.132751159,s6.067319983,s115.609290118
145_89,s2.955852449,s-1.908972500,s252.541840019
145_90,s5.001870076,s2.731123353,s71.579098051
145_91,s-2.294231089,s2.355183164,s26.914317028
145_92,s-2.015525480,s3.699557243,s359.700944377
145_93,s-5.547878680,s0.874006855,s48.965572136
145_94,s-4.858371502,s7.316339055,s13.906581143
145_95,s-1.398202688,s6.991237235,s188.776192404
145_96,s3.336859710,s5.677832712,s131.671482695
145_97,s-5.453623894,s-1.550002779,s188.271677355
145_98,s5.076732200,s1.141426875,s257.725477862
145_99,s5.181971088,s-0.063094865,s231.838908638
145_100,s5.931061567,s4.503712307,s191.535000915
145_101,s3.583746448,s4.385261895,s98.867220218
145_102,s3.985208825,s1.349404472,s345.262639755
145_103,s6.987264779,s3.868662067,s66.527065627
145_104,s-6.006210120,s5.468174883,s295.709883346
145_105,s-6.292470582,s6.426738133,s318.671137276
145_106,s-3.406893226,s5.189570696,s305.579844122
145_107,s4.193861823,s4.865540830,s321.753280429
145_108,s-0.184373205,s5.060013635,s46.485483695
145_109,s-5.894979139,s1.431662596,s181.280269553
145_110,s5.917607787,s3.635665420,s170.354034918
145_111,s-0.402796755,s-3.460908284,s51.481199160
145_112,s-0.852585696,s1.352778252,s297.821178458
145_113,s-6.479477376,s3.902029089,s206.409647744
145_114,s-4.798361046,s6.635355650,s278.394210982
145_115,s-4.614706095,s5.850527304,s228.668029036
145_116,s3.160716880,s7.176899677,s23.703485947
145_117,s0.755858811,s4.590733612,s58.455559115
145_118,s-7.472710934,s-1.187047804,s151.093514490
145_119,s-3.006596990,s5.603094995,s228.635125518
145_120,s-4.748970160,s0.515852851,s166.619802923
145_121,s2.314356219,s5.101505314,s320.377401664
145_122,s-2.314012214,s7.061789739,s20.835636667
145_123,s0.616702126,s5.954553284,s356.539384479
145_124,s4.731603419,s-7.561441818,s228.370554962
145_125,s6.925823537,s6.605840832,s3.776223176
145_126,s-2.540846622,s3.398502020,s241.003105273
145_127,s5.460233784,s6.379991296,s323.449450526
145_128,s4.848794373,s1.724433247,s171.787738875
145_129,s4.866365923,s5.977145192,s352.021888972
145_130,s-7.278289355,s7.206386130,s326.509062051
145_131,s-5.649279180,s7.262389233,s92.545154485
145_132,s-7.554609180,s4.014421627,s327.028510969
145_133,s-4.235751704,s5.480196476,s23.497160343
145_134,s-6.481362580,s6.211562313,s245.934793325
145_135,s-3.646913690,s4.479666707,s350.511401518
145_136,s0.185995699,s-2.019258695,s351.805747019
145_137,s-0.933799196,s2.767026854,s280.809486127
145_138,s0.590692292,s7.280872848,s155.470795116
145_139,s6.248991355,s7.337514692,s101.977830671
145_140,s1.152012214,s1.032076539,s263.027048414
145_141,s1.655246244,s3.912731449,s301.869552238
145_142,s7.326762162,s7.276260340,s55.549846150
145_143,s0.437161653,s3.661732319,s93.416979277
145_144,s-0.114109772,s3.372733536,s355.262966263
146_0,s-3.196199470,s-1.826187915,s56.428030176
146_1,s1.258774242,s-6.752800021,s264.993432855
146_2,s-5.862736425,s-5.622556065,s302.615909697
146_3,s-1.017300599,s-2.528612107,s103.877246146
146_4,s-4.176423683,s-4.851958390,s171.138444802
146_5,s-1.941947552,s-6.750407530,s126.540074969
146_6,s1.634918504,s-0.713830961,s70.952150619
146_7,s4.401571882,s1.394767279,s347.264059744
146_8,s2.268581510,s-6.770362069,s206.812466687
146_9,s4.961073649,s-1.994886317,s358.284049656
146_10,s2.597349823,s-5.150462977,s155.302175746
146_11,s4.800784249,s-5.748861719,s134.035024453
146_12,s0.185693314,s3.474271230,s31.932478902
146_13,s-2.932741448,s-2.933966990,s197.918015035
146_14,s-4.603168918,s5.320523924,s287.919084931
146_15,s-1.923876216,s0.099256100,s315.824887399
146_16,s-3.434463772,s-6.048085702,s65.965980432
146_17,s-0.623534047,s-1.948951981,s147.651109058
146_18,s3.517118818,s3.938870842,s252.646954886
146_19,s2.987910690,s-1.478934032,s105.374359293
146_20,s1.540624034,s-5.305576573,s340.803987647
146_21,s2.651583401,s2.865951160,s354.457434689
146_22,s0.679582225,s0.227189975,s250.675066242
146_23,s3.508155855,s-6.325772646,s335.190943325
146_24,s6.830343101,s0.407307363,s311.977813896
146_25,s6.335304560,s2.239204447,s109.362355676
146_26,s-3.430802456,s-4.361933603,s325.574712916
146_27,s-6.196392220,s-0.488615649,s161.998119539
146_28,s-4.183951060,s2.589498519,s266.165994867
146_29,s-1.658188962,s-4.970123977,s41.232338501
146_30,s-0.161841850,s-0.004876760,s37.767788048
146_31,s0.099191054,s-5.343896411,s47.418589030
146_32,s-2.115602550,s-2.014586813,s313.702564790
146_33,s2.705092044,s4.840105072,s76.764817297
146_34,s-3.154763127,s-3.849505215,s181.150899467
146_35,s3.515399484,s1.295888286,s4.150401707
146_36,s-0.550470483,s3.694868050,s235.299846270
146_37,s3.105957824,s-2.858787978,s228.053600696
146_38,s6.703322665,s-4.426888686,s225.804015563
146_39,s-6.045624030,s-3.738624172,s292.079632767
146_40,s-6.454802538,s-6.525024605,s317.307192897
146_41,s-2.233464921,s1.585641595,s108.825454854
146_42,s-2.494913895,s4.567491822,s268.987300865
146_43,s1.108958052,s5.657859901,s219.845993043
146_44,s-1.018790305,s-3.445433058,s209.251330947
146_45,s-5.887230670,s3.232452151,s358.824284292
146_46,s-0.630105495,s6.701087750,s243.300774572
146_47,s-5.119048266,s-1.752215224,s46.783884346
146_48,s-2.968946372,s4.716746428,s359.655149972
146_49,s6.646916664,s5.952176771,s73.014614593
146_50,s6.803985459,s2.992462094,s100.615304346
146_51,s6.689492551,s1.216781157,s321.067094673
146_52,s-6.327075479,s-2.775103655,s239.276890215
146_53,s-1.164392242,s1.670574656,s187.344250955
146_54,s-0.350346773,s6.334572655,s226.105397596
146_55,s1.357706860,s-6.181684843,s256.801518899
146_56,s-1.465563473,s3.621539185,s7.059169977
146_57,s-5.461333929,s3.814678553,s281.943130089
146_58,s1.658435173,s4.725776549,s163.524195675
146_59,s6.781897546,s5.424479240,s212.945709984
146_60,s2.160316306,s-4.437856996,s202.489921666
146_61,s1.623369090,s-4.952295312,s215.260532897
146_62,s-2.121435557,s6.601011772,s119.373174276
146_63,s2.850592124,s-0.130140765,s94.457800636
146_64,s3.359444122,s-5.287496949,s37.541770809
146_65,s4.383864027,s3.066532745,s25.663946042
146_66,s-5.851011947,s6.184261564,s73.631408295
146_67,s-5.789313956,s3.892660294,s39.571185293
146_68,s-4.211592786,s-2.797062626,s132.379652729
146_69,s-1.375351077,s3.076395756,s357.039383674
146_70,s-6.619407914,s-1.829266302,s252.007626204
146_71,s5.275282533,s5.443173602,s103.859780870
146_72,s-0.368750035,s5.281128764,s187.670189409
146_73,s4.646425720,s0.328241041,s128.961581928
146_74,s6.597425667,s3.953995939,s269.188692765
146_75,s-3.764202206,s1.086100516,s1.039900060
146_76,s4.613859870,s-2.903200627,s218.601213619
146_77,s2.920957170,s3.970748877,s74.001308554
146_78,s-3.641917171,s4.025985375,s336.860814104
146_79,s-4.432508048,s2.511696902,s119.069296363
146_80,s-2.493177459,s-0.891839589,s265.148180980
146_81,s-6.651658163,s1.822881685,s104.814201530
146_82,s0.441576862,s-1.242057978,s153.752242131
146_83,s4.620617910,s6.304211542,s235.378593238
146_84,s5.905467451,s-1.182458859,s247.709317618
146_85,s3.399278302,s-4.420138558,s253.569938917
146_86,s2.047282939,s3.847322576,s323.145193647
146_87,s4.285553948,s-2.738839998,s220.156241593
146_88,s5.798016917,s1.161572508,s96.779426861
146_89,s6.669375428,s-1.279588516,s77.672017680
146_90,s4.848878335,s2.251193536,s211.096506474
146_91,s-6.512846537,s4.452645744,s170.497878242
146_92,s-1.304754043,s0.912901673,s314.178028806
146_93,s1.138498066,s4.570126307,s106.781991530
146_94,s-1.208367418,s-0.844136137,s23.384879935
146_95,s-3.391370686,s6.537045581,s133.603310805
146_96,s0.315713517,s2.781497894,s97.717481720
146_97,s3.426259487,s2.343839022,s43.397056166
146_98,s6.497579910,s-3.416227171,s80.299730406
146_99,s-1.118429545,s-0.487703303,s163.430087117
146_100,s-1.760763622,s4.321385039,s138.397086727
146_101,s5.333786569,s3.268758161,s227.442047699
146_102,s5.661784319,s4.458779748,s136.579621917
146_103,s1.731745074,s3.852228380,s111.511074719
146_104,s-4.789786192,s2.760221055,s22.018746077
146_105,s-5.363115441,s0.290333185,s67.524257379
146_106,s4.626115311,s4.349273420,s204.134423367
146_107,s-6.332143010,s3.785093889,s254.775868311
146_108,s5.636659609,s5.126058349,s315.210373193
146_109,s3.600807324,s1.818695426,s21.605552601
146_110,s6.205127525,s-6.777510524,s151.955933524
146_111,s6.605566089,s3.297662870,s260.873079409
146_112,s5.668330944,s-4.667704040,s112.339191368
146_113,s-4.374663212,s4.309666790,s321.227684116
146_114,s1.710756191,s6.701087750,s2.798331433
146_115,s-0.795434134,s-4.690370035,s33.450987386
146_116,s0.148361823,s1.105659728,s170.228391098
146_117,s-6.445266090,s5.370168575,s107.127476745
146_118,s-0.807425366,s2.714362283,s107.293233989
146_119,s-0.346976045,s4.404689333,s147.871631708
146_120,s2.643246854,s-3.390956487,s254.550746820
146_121,s4.177327187,s3.901291315,s65.374660158
146_122,s-2.741622313,s6.646574170,s176.629697244
146_123,s3.639310440,s4.709481069,s332.445748986
146_124,s-0.191252165,s4.114444313,s322.827642752
146_125,s1.892726608,s5.958752769,s307.156983922
146_126,s0.696871746,s5.798566712,s144.978699071
146_127,s4.376517338,s-4.634565722,s329.849141902
146_128,s0.451239748,s6.297330635,s7.330239895
146_129,s-0.261622105,s6.599576988,s97.506961463
146_130,s-5.791286398,s-3.215294814,s176.440009110
146_131,s-5.639200583,s6.368413213,s79.238376921
146_132,s0.348063640,s3.765740845,s342.794861687
146_133,s-2.871425695,s2.198209820,s268.880899044
146_134,s-4.009387437,s-6.779139325,s154.321950168
146_135,s-4.648664117,s5.546829053,s54.707253734
146_136,s-5.008967054,s4.543716677,s302.834076794
146_137,s6.700698751,s6.629747778,s225.434783753
146_138,s5.493083053,s6.101217063,s242.185982937
146_139,s0.267538582,s-1.870620117,s303.542787196
146_140,s6.294212828,s5.997299248,s258.062755976
146_141,s2.823501757,s2.861712562,s300.480750728
146_142,s2.436724918,s1.892697074,s324.435727199
146_143,s-1.861888011,s2.632057645,s302.055572299
146_144,s-6.247871432,s5.350206358,s326.168046147
146_145,s-6.511638089,s6.367015937,s214.302246528
147_0,s-4.347274192,s-6.929623595,s28.266380532
147_1,s-6.876420092,s-0.010642302,s128.368411818
147_2,s-6.630288657,s-6.248106963,s1.699883712
147_3,s-4.397831975,s-4.275104843,s153.467922566
147_4,s-2.438290223,s-2.768069352,s314.382424357
147_5,s-3.362866767,s-3.779289212,s171.646763554
147_6,s5.309037649,s-0.969049862,s219.698197811
147_7,s4.012975993,s-0.902606847,s213.951621823
147_8,s-0.490929237,s-4.661980284,s104.572211144
147_9,s1.506809034,s-5.983441772,s99.293999624
147_10,s3.051436868,s-3.418344747,s213.558661141
147_11,s6.148954576,s0.116767115,s270.433887890
147_12,s4.199223348,s-7.172808178,s62.346621838
147_13,s-6.199871541,s4.567048862,s358.682906285
147_14,s-6.591201681,s-0.803756874,s339.416715042
147_15,s-6.938555478,s-3.280470295,s204.254325625
147_16,s0.515654452,s-6.761508205,s38.790380276
147_17,s-2.522976725,s-0.175792015,s269.089220209
147_18,s-5.128858055,s-3.596048887,s81.274110189
147_19,s0.293568669,s-1.467874266,s122.902170379
147_20,s-2.422072007,s-4.468444218,s301.760029091
147_21,s-5.670383000,s-0.689806694,s92.569987857
147_22,s3.430752329,s-0.767486832,s306.263988466
147_23,s6.978994928,s-3.141556353,s140.371976995
147_24,s0.341463051,s1.687063412,s4.858110506
147_25,s1.599345604,s5.226635665,s110.378183011
147_26,s-3.173697116,s-0.483175637,s299.168316236
147_27,s0.725657667,s6.710040168,s104.523913616
147_28,s-6.786294987,s-5.131542960,s143.004012994
147_29,s-4.120129905,s2.460766735,s220.893258511
147_30,s-5.161201374,s-2.006049542,s208.985413401
147_31,s-3.341096823,s3.837520688,s23.941983508
147_32,s0.712801532,s-4.073906169,s60.806492081
147_33,s3.303259063,s-2.683901664,s50.512516388
147_34,s5.939943483,s2.947656262,s112.712119646
147_35,s2.506282862,s2.566075168,s268.369858362
147_36,s3.527552702,s-4.537096891,s89.331517116
147_37,s0.322111615,s2.100390001,s137.782407168
147_38,s4.870975264,s0.493427086,s208.683570186
147_39,s-6.377346171,s-2.816397281,s304.745956901
147_40,s-3.661069007,s-3.196344336,s351.134228378
147_41,s4.587248677,s-2.836805899,s63.162507146
147_42,s-5.202404121,s-3.196095075,s86.201375161
147_43,s-1.743822909,s3.480511202,s232.826256079
147_44,s-1.583739590,s-1.407613509,s199.849676287
147_45,s-0.936269930,s-2.371860774,s89.054166173
147_46,s-1.193147725,s6.673066597,s194.845585579
147_47,s-2.966784059,s-7.203171902,s202.492192785
147_48,s0.673686615,s5.427302534,s17.883126975
147_49,s2.394356009,s-7.046511653,s233.772321485
147_50,s6.809103523,s-4.632750437,s99.803285535
147_51,s7.086355893,s-6.106534207,s75.593731209
147_52,s-3.280929168,s5.433619286,s309.148460178
147_53,s0.301516649,s0.952899383,s249.480759659
147_54,s-6.962498248,s1.449359471,s196.587401009
147_55,s0.423362295,s-1.887719068,s318.705977579
147_56,s6.206360113,s-2.303130445,s101.088592622
147_57,s-5.150197652,s3.066177122,s191.648937693
147_58,s-2.612845218,s1.712524416,s76.639475556
147_59,s-1.693908463,s-0.699068168,s128.462554976
147_60,s4.066205773,s3.018237806,s327.771619754
147_61,s5.055441872,s1.997559083,s200.706543277
147_62,s-3.705383165,s0.156240106,s0.116167853
147_63,s-0.043625470,s7.085639807,s171.390215084
147_64,s6.759743211,s-2.000828036,s114.565580938
147_65,s-6.954191233,s3.580369894,s169.123436189
147_66,s-4.330086943,s6.539403945,s80.732873874
147_67,s-4.027561341,s3.609199850,s107.944576244
147_68,s-5.767416478,s2.040942387,s86.860661142
147_69,s3.469919774,s6.285411941,s271.041276992
147_70,s-1.651418205,s0.403277395,s328.130159536
147_71,s-1.447362882,s5.519195794,s314.448248177
147_72,s6.983342969,s0.187409576,s249.095015161
147_73,s6.377833769,s2.758413344,s136.756120727
147_74,s4.575961424,s5.620187275,s92.482963067
147_75,s1.008217947,s5.926466166,s325.660151578
147_76,s5.003932328,s-5.195998675,s266.546399669
147_77,s7.234272767,s-1.273797101,s87.187904894
147_78,s-7.313193577,s-1.173586005,s292.346405025
147_79,s-3.932635454,s-5.493493429,s116.273585293
147_80,s-7.366022701,s6.887803293,s246.168250803
147_81,s1.125750390,s6.633942867,s145.368993196
147_82,s-5.478008437,s4.782588891,s87.924479625
147_83,s6.294506498,s4.975212081,s88.279910310
147_84,s-3.490054366,s-0.694468832,s288.856902181
147_85,s3.897866279,s1.966138747,s224.885875000
147_86,s2.984276867,s2.453090841,s84.482639880
147_87,s-3.409268623,s-1.903236035,s223.951727412
147_88,s7.226485991,s6.401568349,s336.105110977
147_89,s5.895381315,s4.828510115,s125.188649383
147_90,s4.731953778,s7.078009365,s73.775083684
147_91,s-3.654796384,s5.717902366,s80.021610610
147_92,s-4.265249567,s1.109966264,s59.473798712
147_93,s-1.209356499,s1.754964415,s354.754949914
147_94,s-2.412856959,s5.799561660,s281.551421167
147_95,s-5.232276304,s7.087978198,s335.360813004
147_96,s3.057786477,s2.294137891,s251.371443182
147_97,s7.258711246,s5.076395887,s128.175158090
147_98,s5.919082600,s7.014487637,s60.721855435
147_99,s5.875216524,s-1.390135984,s320.868728262
147_100,s-5.833447770,s-1.285488555,s307.023445342
147_101,s-1.312558366,s5.908723969,s166.477253462
147_102,s4.940040177,s-4.626172466,s143.362463521
147_103,s-2.369955519,s3.114812570,s277.503144765
147_104,s-4.383115283,s5.444095644,s148.888686302
147_105,s1.171637018,s-1.669206916,s104.608333525
147_106,s-6.051013079,s7.154621359,s292.548414008
147_107,s-6.423771436,s6.512081563,s133.938605321
147_108,s3.333606996,s5.897724928,s354.404048950
147_109,s-2.906158233,s6.927444975,s171.041285236
147_110,s6.503195566,s6.521619249,s163.397480136
147_111,s1.924335440,s6.867249084,s280.634575143
147_112,s2.837817772,s-5.330533412,s124.393320824
147_113,s-0.246464334,s2.155707309,s153.608900176
147_114,s3.040587435,s-2.037126061,s332.898859695
147_115,s7.213252236,s2.718982789,s40.676293319
147_116,s5.573088614,s1.325013728,s129.081952465
147_117,s-3.264699833,s2.029992046,s338.228460058
147_118,s-7.366022701,s1.231673736,s226.123503370
147_119,s6.647208319,s3.688886933,s151.614240248
147_120,s0.992532651,s6.903993754,s78.523609446
147_121,s-5.535418062,s5.403409521,s330.314614969
147_122,s-5.051715071,s6.673784599,s186.999741885
147_123,s3.531288275,s4.629941235,s12.087462127
147_124,s6.940341877,s4.225309885,s250.841911417
147_125,s4.104558084,s7.116963886,s63.154937986
147_126,s-0.699513629,s4.241932460,s186.125272983
147_127,s-0.447409696,s6.045948698,s197.178185582
147_128,s7.120179268,s6.860986708,s148.660722367
147_129,s2.081112550,s4.901204595,s181.843018150
147_130,s-6.897952526,s4.744273549,s129.100112771
147_131,s-4.464103047,s7.144895505,s355.398776400
147_132,s-7.139183084,s2.856360482,s132.321943137
147_133,s-2.258399873,s5.174209234,s336.776011149
147_134,s-3.424168035,s4.306149474,s165.178735699
147_135,s1.932028604,s-3.889610822,s24.405540486
147_136,s-4.137212108,s5.411832497,s105.575101418
147_137,s6.020822173,s6.226900227,s45.964860259
147_138,s5.095794804,s3.349280423,s132.482487091
147_139,s3.665720195,s3.764172397,s190.265144909
147_140,s0.562198875,s4.113015860,s213.968057191
147_141,s2.200737463,s3.316465983,s234.809148609
147_142,s5.309572761,s6.212095437,s160.258510537
147_143,s0.888116162,s4.717763745,s335.674668106
147_144,s-6.407137999,s2.452773998,s346.728774359
147_145,s-1.707336882,s7.031034361,s69.897639837
147_146,s4.046009570,s5.372494786,s311.169547564
148_0,s-6.011338646,s-5.261962582,s121.577197826
148_1,s-2.652545870,s-7.093522144,s222.105203490
148_2,s-2.115723108,s-1.178668971,s104.370370183
148_3,s-6.681824150,s1.331634783,s356.021136309
148_4,s-6.679048850,s-6.574108364,s158.907286651
148_5,s1.070577837,s4.106098571,s111.281175636
148_6,s-4.488049674,s-3.191065700,s191.415672556
148_7,s-5.036626770,s-6.575421778,s350.864962134
148_8,s0.701885109,s-0.379742758,s0.169084090
148_9,s-1.840845659,s-5.947253574,s355.367022226
148_10,s7.087774082,s-2.433600460,s18.179813208
148_11,s2.752079558,s-3.711085092,s33.408308561
148_12,s3.613797711,s-5.282487892,s309.833654620
148_13,s-4.206878558,s4.248887108,s275.188127281
148_14,s2.558558244,s3.705271917,s191.240897459
148_15,s3.213847827,s-6.871934701,s348.122712647
148_16,s-5.270406065,s-2.687344863,s43.758751979
148_17,s7.016389902,s-3.538551176,s304.721413906
148_18,s-3.500955877,s-4.875151033,s300.059616826
148_19,s-2.658123553,s-6.131615158,s40.509751366
148_20,s1.118590590,s-3.543718515,s93.826223647
148_21,s7.121216510,s3.726555112,s346.501270337
148_22,s-2.076667896,s0.209633539,s289.027377517
148_23,s5.277687262,s-4.785019075,s248.199805486
148_24,s2.138037424,s-6.084134131,s38.399021436
148_25,s6.691129294,s-0.876338251,s209.727674047
148_26,s-5.530233676,s-4.368900501,s195.763349650
148_27,s-6.887096253,s-6.818875778,s97.261980962
148_28,s-4.196140950,s-6.414929804,s311.735757560
148_29,s-5.465168398,s-2.953434015,s172.729855656
148_30,s-0.032223082,s-6.200588734,s315.356565691
148_31,s5.873744652,s-3.884585422,s33.493208092
148_32,s-0.396860828,s2.089727732,s107.399312063
148_33,s4.595132659,s0.175340647,s24.538940277
148_34,s-0.137106113,s-4.151757825,s302.127225980
148_35,s6.423806823,s1.918361620,s306.838029310
148_36,s5.433369415,s-2.161368044,s344.872645508
148_37,s5.116023839,s-3.893458709,s43.793116523
148_38,s5.998977654,s0.233069020,s327.178755760
148_39,s-2.126836947,s3.752918505,s357.959194004
148_40,s-6.985321632,s-3.409470232,s134.853030956
148_41,s3.511931540,s1.125876899,s330.045845828
148_42,s-5.389946898,s0.614196051,s187.070201227
148_43,s0.967967034,s-7.205456458,s15.705539457
148_44,s-2.995263322,s-0.367005274,s37.507989274
148_45,s-0.199482897,s4.384004008,s332.345667287
148_46,s-0.676770335,s-6.053858456,s59.916598416
148_47,s-1.486273423,s-0.588241106,s306.832784561
148_48,s2.342994876,s2.427605594,s313.928736214
148_49,s7.075114331,s-5.544296828,s77.226075072
148_50,s-0.622539507,s4.732749413,s151.091083821
148_51,s2.038545264,s1.483709131,s275.399216730
148_52,s-1.739262051,s5.784690103,s166.598576450
148_53,s2.281817867,s0.455817448,s71.373027566
148_54,s-5.247282704,s5.110129443,s244.360250938
148_55,s-6.056087780,s-0.939400693,s220.282143483
148_56,s-2.723782457,s5.361187516,s219.450330165
148_57,s4.739135583,s2.306977225,s56.674030930
148_58,s-4.032699857,s2.300011316,s154.315737556
148_59,s3.415063275,s-1.118421328,s49.613836946
148_60,s2.647692405,s-2.715383423,s288.560914128
148_61,s6.806742471,s-6.425982817,s310.624936666
148_62,s3.726667649,s1.446104848,s253.863802922
148_63,s2.531223389,s-1.079710903,s234.869876471
148_64,s3.419639001,s3.881041565,s203.342444208
148_65,s-6.361283721,s1.849394278,s139.510614523
148_66,s-6.901028432,s6.108280765,s152.713742294
148_67,s-4.636111896,s2.200152796,s54.138230947
148_68,s-2.976165844,s-3.301867841,s302.388761471
148_69,s2.969278847,s4.830982991,s124.703500553
148_70,s5.728535945,s0.861534702,s326.040504863
148_71,s5.156399342,s-5.986259388,s12.354029666
148_72,s6.384339135,s4.051900496,s125.665771800
148_73,s2.906149458,s-3.458823730,s343.811836479
148_74,s0.620716925,s5.608869269,s243.452584140
148_75,s6.608035795,s-1.732993633,s184.079698784
148_76,s2.970552800,s6.803185658,s126.401454796
148_77,s2.982608979,s0.654605482,s355.766304659
148_78,s3.434688164,s5.734858160,s82.189814016
148_79,s-4.567680215,s5.938395257,s354.817530384
148_80,s-2.920261732,s1.658401692,s103.517091829
148_81,s-6.956970430,s-2.027626784,s320.277137062
148_82,s-3.127459260,s-2.046958793,s332.123339350
148_83,s5.385791293,s-2.621700568,s351.033015150
148_84,s-4.386090240,s-0.041680090,s64.702142548
148_85,s-1.783727186,s3.725511978,s159.557646648
148_86,s7.121216510,s6.126385778,s208.386488333
148_87,s4.100960270,s5.448512058,s143.001051112
148_88,s-1.741482731,s2.657708089,s39.030290386
148_89,s-0.787460342,s0.689284959,s274.410666051
148_90,s2.177660162,s3.099609730,s123.574312286
148_91,s-6.825392954,s5.345966056,s190.294448031
148_92,s-3.865089594,s6.942480631,s42.041119458
148_93,s-5.543100402,s-2.265916741,s352.621295279
148_94,s1.407153179,s1.127323425,s243.870011826
148_95,s-0.600249506,s2.941231885,s30.552045223
148_96,s0.515951109,s7.010592818,s94.745489155
148_97,s6.867129175,s2.402527585,s256.266476230
148_98,s-1.990519476,s2.630280897,s346.488119801
148_99,s-2.301558310,s0.474578645,s231.700562543
148_100,s5.451090230,s2.375562471,s355.938854805
148_101,s-2.595944243,s1.528187827,s130.974260502
148_102,s-0.092587203,s1.341689012,s157.357452989
148_103,s3.780733172,s2.661337487,s165.709664149
148_104,s-3.457171485,s-1.076377217,s83.129694505
148_105,s-3.593740277,s1.046372590,s139.461412855
148_106,s-0.677453129,s6.761037896,s16.977055905
148_107,s-6.829495688,s4.649580074,s284.905465278
148_108,s2.394329647,s6.963195723,s71.246013220
148_109,s1.299918135,s1.808007693,s192.020869989
148_110,s-2.746095686,s6.976260863,s220.834442115
148_111,s-2.531569630,s-4.851271285,s103.293269421
148_112,s1.314510316,s6.506375924,s313.388367792
148_113,s0.974039962,s5.997258499,s186.393570817
148_114,s3.412377368,s6.680245502,s278.690040471
148_115,s3.875878845,s3.378222562,s20.946524353
148_116,s6.910635960,s4.310773598,s286.263901737
148_117,s-5.702903194,s3.061043932,s133.179033893
148_118,s-6.500010435,s-0.595246764,s200.428000226
148_119,s0.419474364,s-1.695884696,s220.069808692
148_120,s-3.982847178,s0.835414176,s230.022437752
148_121,s1.195150750,s-2.471450283,s309.540708583
148_122,s-7.034872732,s3.214614510,s116.758006408
148_123,s2.560921232,s4.913093792,s26.937153575
148_124,s0.335429275,s6.877588783,s194.069759367
148_125,s6.930505329,s6.651547375,s149.174271114
148_126,s5.676652480,s6.993231856,s270.476092717
148_127,s4.641946085,s4.758524589,s162.605388787
148_128,s5.132373289,s2.332867876,s334.759587886
148_129,s-1.725806633,s6.886839237,s142.263042680
148_130,s-3.097683687,s6.392904381,s353.301893686
148_131,s-3.668195586,s-2.460789149,s100.987566050
148_132,s-7.008853186,s6.947505719,s210.807369924
148_133,s-6.457189165,s2.733680444,s310.875946436
148_134,s-3.816367758,s3.821922157,s303.134660196
148_135,s5.981840435,s2.889081040,s297.362708240
148_136,s4.376385514,s7.010592818,s327.733767463
148_137,s4.893567901,s4.574753785,s326.143770613
148_138,s-3.893975875,s6.398424741,s358.386132339
148_139,s5.813938887,s-2.222134788,s70.999780345
148_140,s7.060910425,s5.498740938,s261.920191521
148_141,s4.485198805,s-2.675795521,s161.420103614
148_142,s6.224056315,s6.281158843,s171.058341827
148_143,s-2.196651480,s6.881785846,s93.665139475
148_144,s0.096461530,s2.946398432,s203.576440095
148_145,s-7.053711875,s5.334757672,s87.530684959
148_146,s-6.378730399,s3.914534789,s315.592940968
148_147,s-6.552644682,s6.825550266,s324.252269636
149_0,s-6.912656501,s-3.951486140,s123.493895089
149_1,s-5.022605280,s6.342083620,s358.462697677
149_2,s-0.239481468,s-1.502491270,s42.271230593
149_3,s2.978711396,s-1.158806493,s287.662190195
149_4,s-4.775986120,s-2.675470043,s197.427707369
149_5,s1.766608436,s4.539257479,s186.774588331
149_6,s4.579613765,s-6.694165636,s173.314361318
149_7,s0.388894242,s-1.020769874,s209.967065176
149_8,s5.012634159,s-3.772655562,s104.703763255
149_9,s6.237702022,s1.365380697,s127.273151839
149_10,s3.555176180,s-3.805612490,s169.941678218
149_11,s6.449859651,s-5.682835441,s262.457185685
149_12,s2.454301337,s-6.440899857,s70.060355355
149_13,s-6.130103938,s-6.760536565,s359.908320131
149_14,s0.980166335,s-1.272255986,s343.478600431
149_15,s-6.159865987,s-4.695680226,s63.397940531
149_16,s-6.912656501,s0.703864479,s320.014265386
149_17,s-4.885252819,s-0.193408963,s177.037839610
149_18,s-4.110718723,s-5.089485621,s188.431095277
149_19,s3.361494706,s-2.099365568,s22.676750200
149_20,s1.895803350,s0.921233167,s318.396889322
149_21,s-1.994540314,s1.695040307,s290.337841177
149_22,s-4.337911043,s-5.675783929,s98.477241646
149_23,s6.553051948,s-3.353023226,s343.764863311
149_24,s4.084029392,s-4.276005015,s198.705506705
149_25,s6.616232341,s-6.636830069,s86.864647042
149_26,s1.975490813,s3.205431644,s278.014748884
149_27,s-4.190537184,s-3.554002910,s87.094335838
149_28,s-3.885833007,s-0.852358433,s154.313881575
149_29,s-4.348299209,s2.199640626,s306.133695059
149_30,s-3.482229279,s0.023620359,s202.342935782
149_31,s-6.776807965,s6.833396528,s147.700023056
149_32,s-4.830979439,s-3.701916357,s265.419039926
149_33,s2.673720807,s-4.905692072,s168.004921614
149_34,s5.175768144,s6.506658578,s321.857370242
149_35,s-5.268874115,s-1.630276884,s118.027802993
149_36,s4.752826193,s5.318543651,s255.120117396
149_37,s6.482343940,s-4.720628912,s291.182066735
149_38,s4.464904277,s0.993937584,s185.368346837
149_39,s-0.585517490,s-5.498928459,s45.210400367
149_40,s-6.481559036,s5.817989962,s107.743307588
149_41,s0.567310427,s-1.944949934,s186.663013578
149_42,s0.328358582,s6.317487281,s270.033757648
149_43,s3.764271348,s-5.341778551,s276.124905126
149_44,s-5.674821981,s-1.046801313,s90.797344841
149_45,s1.606850468,s0.515231346,s173.620567941
149_46,s2.620493518,s-0.017844091,s185.966250416
149_47,s-0.724474199,s2.321369390,s36.408679010
149_48,s2.640606881,s4.055813608,s12.865895713
149_49,s6.052536907,s-4.848587755,s230.203159297
149_50,s4.043501240,s3.808420955,s27.449501636
149_51,s4.350322286,s-2.120528798,s299.255575370
149_52,s-6.700095626,s4.320579713,s148.755788832
149_53,s-5.693156965,s0.883862388,s23.374360488
149_54,s-4.654551275,s-4.650463510,s314.186465469
149_55,s3.407215774,s3.554809146,s62.329235262
149_56,s-3.760907693,s1.411086753,s163.779478425
149_57,s6.301246265,s3.128751747,s191.079130230
149_58,s-6.428609525,s-2.647924671,s200.485424624
149_59,s-4.628478151,s-6.751473943,s275.690524915
149_60,s-0.273859381,s0.062539550,s28.088394048
149_61,s6.786841456,s-2.078649028,s334.151991505
149_62,s1.607167089,s-0.168545163,s247.059001172
149_63,s3.263567667,s5.420952221,s162.048827111
149_64,s5.709154200,s4.335357275,s110.166181848
149_65,s-6.671364064,s-2.265958073,s343.779299852
149_66,s-5.064762582,s6.682951267,s65.742366962
149_67,s-1.964770506,s5.194551371,s59.954295623
149_68,s0.838591782,s-0.059441581,s349.906479600
149_69,s-5.179581009,s-2.688180738,s199.181036365
149_70,s-4.589364814,s6.801599351,s152.551098382
149_71,s-2.416300410,s2.909653494,s220.098380034
149_72,s3.967940585,s0.063229715,s156.741456227
149_73,s3.365414264,s-1.116555316,s63.159759998
149_74,s5.539944364,s-0.302426336,s28.076957386
149_75,s-1.215617265,s-0.783068473,s143.568879880
149_76,s-0.655954513,s5.223627268,s58.176235432
149_77,s4.105640606,s5.471026083,s292.029181851
149_78,s-2.472625584,s0.917537343,s192.638090513
149_79,s-0.968845639,s-5.644321073,s183.466512899
149_80,s-4.739463961,s0.613482577,s269.733239801
149_81,s-6.865090320,s2.740370513,s177.174271880
149_82,s-3.447242381,s6.361876752,s256.532340392
149_83,s2.470643013,s4.947955414,s1.629238131
149_84,s2.620787117,s1.529892456,s277.936723161
149_85,s2.806414437,s4.740716016,s132.346821018
149_86,s0.125954606,s-6.819160337,s227.660359336
149_87,s-0.345132706,s1.616294145,s89.105832635
149_88,s1.541246835,s5.783718328,s73.541093149
149_89,s6.250284606,s6.031312193,s279.711179677
149_90,s5.277220796,s-6.437506059,s154.434790461
149_91,s-6.355245823,s2.338051528,s58.098385267
149_92,s-6.830484145,s5.057190487,s83.413986753
149_93,s-4.575946145,s0.081356251,s169.655803219
149_94,s-2.578607635,s0.161608010,s309.373451929
149_95,s0.278557806,s2.649393728,s24.496767206
149_96,s-6.727728220,s-0.640980292,s280.191041906
149_97,s6.374281641,s4.259839881,s196.508094386
149_98,s1.815276934,s6.842003021,s124.773973585
149_99,s3.021818566,s2.343486242,s313.336493447
149_100,s6.869232306,s2.616256971,s198.611181296
149_101,s-5.689535354,s4.338980793,s318.038017587
149_102,s-1.956347204,s2.951136629,s38.392244554
149_103,s4.623748170,s1.825519858,s110.667284037
149_104,s-1.193250305,s6.823302873,s75.767393701
149_105,s-1.954904936,s4.004738346,s218.390626910
149_106,s0.548927266,s4.762432973,s246.947961291
149_107,s0.540075926,s5.565435006,s271.165497792
149_108,s-5.350033703,s1.702524362,s255.577120840
149_109,s-1.338602305,s-1.597251721,s72.875244403
149_110,s1.519051881,s3.758398082,s286.519452040
149_111,s-6.043589810,s3.268836749,s32.923231171
149_112,s-2.167027259,s6.328637090,s108.578254763
149_113,s3.019212738,s0.863948470,s233.207222818
149_114,s6.801020102,s6.382838870,s234.251369573
149_115,s4.074072221,s-3.050421175,s132.220984661
149_116,s6.705153782,s5.252807703,s100.812352511
149_117,s1.638054455,s1.696794970,s247.070617405
149_118,s2.846174310,s-3.974721873,s292.512662255
149_119,s-6.766419593,s-3.690396913,s225.265715786
149_120,s-1.922422183,s-0.096909275,s319.915958743
149_121,s2.917050305,s2.566599058,s169.676910350
149_122,s0.273726812,s5.270019988,s337.661915535
149_123,s-0.719056556,s4.856039086,s330.335962750
149_124,s2.414184653,s6.818499849,s33.093349720
149_125,s6.245702099,s-0.468022579,s38.737582008
149_126,s-0.281215161,s6.775141069,s63.126409818
149_127,s6.873393232,s4.694625103,s289.987965953
149_128,s6.570307689,s2.815503125,s79.479328040
149_129,s1.595704582,s-5.571425862,s340.695234325
149_130,s-2.819980048,s4.566283848,s342.378167271
149_131,s-3.565308246,s-2.974117553,s247.803757137
149_132,s2.259564156,s-4.019740040,s241.369170531
149_133,s3.112918447,s6.688894885,s319.484579677
149_134,s5.628418488,s6.850353968,s162.901194394
149_135,s-4.624430739,s3.503319151,s168.249961192
149_136,s-5.140896954,s4.621847206,s13.208594440
149_137,s-3.482501026,s4.335996362,s211.231230119
149_138,s1.717862730,s5.063490652,s148.237066769
149_139,s-2.513635122,s-2.540712769,s165.292943687
149_140,s-0.291218226,s2.504037485,s74.080106676
149_141,s5.101055262,s-2.758322449,s151.600059407
149_142,s3.864290825,s1.371533407,s267.019501473
149_143,s0.926791561,s6.850353968,s315.215615454
149_144,s-3.198065719,s6.325889568,s329.143807799
149_145,s-6.456251754,s6.076790639,s320.524689045
149_146,s-5.317550088,s5.225006279,s17.778314105
149_147,s-3.728249852,s5.525339396,s104.930006531
149_148,s5.702024574,s-1.270984167,s133.234656289
150_0,s-6.428992254,s-7.090296311,s288.524329856
150_1,s-4.770024861,s-5.368084669,s272.637225640
150_2,s-3.568068345,s-2.794652523,s323.223155844
150_3,s-7.443843908,s-4.236194561,s117.108724223
150_4,s-0.701332917,s-5.888039583,s150.405214479
150_5,s0.479674977,s-0.107899963,s317.080556472
150_6,s3.835422029,s-0.611836164,s61.707930763
150_7,s-1.680259412,s-6.484262598,s82.774939307
150_8,s-3.086761731,s-4.540009628,s350.727425652
150_9,s3.101768696,s-1.328308579,s74.414698640
150_10,s6.874313766,s-3.774639426,s133.173683852
150_11,s4.887976538,s-6.396686912,s169.983663750
150_12,s6.688000799,s-5.624284766,s254.356551976
150_13,s0.665881810,s-2.050953063,s282.678656493
150_14,s-2.956879575,s4.362874307,s38.319897695
150_15,s-5.509374483,s-4.571555679,s14.544184415
150_16,s-5.667807221,s-6.406158892,s210.753427194
150_17,s-6.385297099,s-2.168007062,s184.314513525
150_18,s-4.200878106,s0.788007178,s221.160345655
150_19,s-4.261698708,s1.598082773,s134.803005613
150_20,s5.380931845,s6.555367177,s264.589854481
150_21,s1.692035115,s-6.016071109,s205.700388361
150_22,s6.568335758,s-4.244384516,s224.782561308
150_23,s5.256836174,s-7.295192355,s341.013292589
150_24,s3.380893873,s-3.156585363,s199.268379177
150_25,s3.128748627,s-7.282039090,s175.796871315
150_26,s-5.972612835,s2.811311210,s37.036009698
150_27,s0.976446074,s-0.747068931,s40.290654361
150_28,s-7.290422157,s-1.786000971,s340.237410632
150_29,s-5.332134070,s-0.359612153,s215.540699926
150_30,s-7.350660834,s-2.338615089,s134.733922973
150_31,s-3.764755568,s-5.817783521,s254.050441175
150_32,s5.651815708,s-4.644809211,s315.869215473
150_33,s-2.285829139,s-2.596622621,s16.507069485
150_34,s1.170447638,s-6.995501428,s101.606997581
150_35,s-0.346720723,s-3.769149018,s257.750986129
150_36,s1.471864412,s-3.613643158,s240.280260765
150_37,s2.526324265,s-3.371640924,s148.825585622
150_38,s5.287998467,s-0.231655888,s343.942778112
150_39,s-4.779185759,s0.601960478,s101.278405561
150_40,s-6.585539267,s2.025836313,s287.626756005
150_41,s-0.007123637,s2.291454081,s3.395278953
150_42,s2.209758297,s-7.531220364,s259.343620288
150_43,s-0.215355795,s-1.336507096,s253.319557014
150_44,s7.115969891,s5.374747574,s230.276759096
150_45,s1.775401749,s5.472479389,s82.795722495
150_46,s-6.528207507,s-5.119027988,s19.882277015
150_47,s1.818534381,s-1.246233773,s91.588628817
150_48,s1.873014651,s-0.598576470,s348.788519294
150_49,s-1.014996724,s-3.560788031,s250.611646667
150_50,s2.576775072,s1.211007041,s13.766745616
150_51,s5.863424863,s-3.348328917,s237.992910324
150_52,s-6.724103365,s2.523345964,s345.310673166
150_53,s-5.583337623,s3.131535300,s247.942257817
150_54,s-3.274978826,s-2.132850313,s209.805353458
150_55,s-7.189316623,s0.663638725,s301.773888858
150_56,s-2.681316514,s-3.879906569,s68.658110059
150_57,s0.200661281,s1.472486300,s156.579090448
150_58,s-1.808052465,s0.903498721,s39.242507306
150_59,s7.152194609,s1.153975854,s38.508630742
150_60,s2.989035571,s-0.658342479,s260.442926429
150_61,s7.360644000,s-4.761958746,s227.844986186
150_62,s1.167771286,s1.785345381,s116.717807984
150_63,s7.535299103,s2.208252140,s344.262602404
150_64,s4.000734891,s0.085156322,s344.073739899
150_65,s-7.394655354,s7.104167365,s72.785438326
150_66,s-7.113526950,s5.847457008,s221.681038709
150_67,s6.861203440,s2.509414557,s242.263705405
150_68,s-7.402584446,s3.161621016,s339.109081064
150_69,s0.938739354,s-4.679969171,s336.735852076
150_70,s-3.055366781,s-7.575620276,s75.214963660
150_71,s-3.584773485,s4.134194389,s274.894163945
150_72,s-0.608129584,s6.313524151,s47.774794735
150_73,s2.822261936,s-5.597376210,s269.184156935
150_74,s3.732781853,s3.220610865,s79.611905643
150_75,s2.877952588,s-4.375100887,s187.887304617
150_76,s7.436197436,s4.465586521,s30.901187456
150_77,s4.179869394,s2.551333386,s14.587062421
150_78,s-4.465073356,s4.227809192,s21.409441545
150_79,s1.494356513,s6.663473760,s86.799125409
150_80,s0.201526072,s4.040539018,s11.558542980
150_81,s3.190961215,s3.640358693,s16.194089919
150_82,s-1.318263678,s2.219388707,s27.767161019
150_83,s3.953776314,s7.112808741,s62.266166535
150_84,s-6.438231623,s6.000043758,s192.484450811
150_85,s4.237462396,s5.502461759,s90.813823331
150_86,s7.451492238,s6.722752777,s165.561621640
150_87,s-5.240437419,s4.385013261,s315.980873811
150_88,s6.380243389,s-0.327050554,s12.321049988
150_89,s4.931158439,s3.811618082,s239.932643732
150_90,s7.350043538,s-3.123113166,s267.384918896
150_91,s-0.384701004,s7.169948215,s22.003790573
150_92,s0.988250781,s-0.524281311,s317.357413259
150_93,s-4.875131287,s1.631112573,s71.008378500
150_94,s-0.533655775,s3.566868175,s332.389748106
150_95,s6.567647875,s4.941349809,s43.591814309
150_96,s3.909495469,s1.050959302,s332.405130682
150_97,s-0.584346880,s-0.401621871,s225.273192348
150_98,s5.137730509,s0.557744901,s162.301327156
150_99,s7.461246237,s-0.641243168,s45.658114934
150_100,s-1.539359129,s4.724059549,s249.801295675
150_101,s-2.004704278,s7.296865066,s224.299677821
150_102,s5.620579777,s1.575568205,s105.076681292
150_103,s5.339322537,s5.192391007,s253.938376034
150_104,s-3.247653900,s-0.636774156,s193.360653377
150_105,s-7.049300377,s4.241427318,s336.758039556
150_106,s0.767251955,s7.135514503,s209.483006547
150_107,s-2.968175141,s5.251203558,s99.008656103
150_108,s-2.506025088,s4.773941619,s15.541626703
150_109,s-3.117145716,s6.502044266,s259.574825693
150_110,s-4.161954123,s3.730481335,s152.917516313
150_111,s1.708364681,s7.195375237,s54.993756251
150_112,s0.383884102,s1.952095401,s203.281722498
150_113,s-3.913891019,s6.434723607,s61.657514176
150_114,s0.723258457,s3.423687880,s331.611839513
150_115,s7.399642327,s3.373261165,s251.616970180
150_116,s2.993614615,s1.982453546,s72.298843383
150_117,s-3.066644146,s-1.174397482,s91.033144134
150_118,s-6.591805898,s7.165244373,s137.032725977
150_119,s-4.780585252,s5.473382164,s171.408986674
150_120,s-5.195284026,s5.536625069,s87.841457036
150_121,s-2.019324725,s2.083701123,s31.894697674
150_122,s-6.261047085,s6.926388818,s60.630972496
150_123,s6.779761732,s3.181740698,s120.953680273
150_124,s6.921529013,s-0.692303796,s109.534986068
150_125,s-4.105146642,s5.173216693,s222.181469800
150_126,s-1.003507352,s6.621292165,s114.141513475
150_127,s6.452071114,s7.201680732,s129.520265072
150_128,s7.535299103,s7.293856110,s349.277312664
150_129,s4.584541982,s-2.770995809,s279.291357741
150_130,s-4.183474614,s2.089538863,s168.577546644
150_131,s-4.319673176,s7.250942171,s235.726648469
150_132,s-6.844414176,s1.240277411,s227.891112161
150_133,s-6.787442253,s-3.654410425,s162.881691792
150_134,s-4.765880936,s3.313500009,s106.498563685
150_135,s4.601558189,s3.700928658,s71.132659453
150_136,s0.932357125,s5.084475656,s145.002861639
150_137,s3.254343757,s5.298560795,s178.347790503
150_138,s3.785771800,s7.243757488,s349.150809139
150_139,s6.058985890,s1.346418127,s29.318548659
150_140,s0.105855622,s0.118022943,s134.106290300
150_141,s4.543377443,s-1.772924955,s123.088557330
150_142,s2.062622128,s6.895159279,s286.245024903
150_143,s-2.779295944,s1.955811934,s124.887357120
150_144,s-5.494650194,s5.733790262,s215.497691710
150_145,s1.495177108,s4.178661888,s134.684838076
150_146,s-5.659150136,s-1.500831763,s76.544824995
150_147,s3.038580385,s3.410795211,s91.752028107
150_148,s4.801481769,s5.741308521,s32.192372776
150_149,s-1.225627042,s7.091527875,s229.551060496
151_0,s-6.995772974,s-6.860932605,s88.485720468
151_1,s1.003894429,s-5.025348235,s251.148433038
151_2,s0.539877180,s4.583628473,s14.080075070
151_3,s-4.035522922,s-6.428402923,s61.308687565
151_4,s-2.081596317,s-2.239954796,s130.250686150
151_5,s2.759505825,s-5.070744222,s180.975324202
151_6,s-0.578122248,s-5.864574006,s197.845089265
151_7,s-7.094236607,s-3.519447834,s4.096658093
151_8,s-3.755085748,s-5.169064614,s209.875660791
151_9,s2.798266512,s-7.464941304,s274.478664064
151_10,s7.414567431,s-0.681556443,s83.703900859
151_11,s1.051919286,s-3.124291037,s132.527409799
151_12,s2.291955114,s-2.753069081,s75.859922886
151_13,s-7.124168336,s-4.922017670,s44.486876043
151_14,s-2.124255612,s-0.759970923,s42.361686553
151_15,s-4.105781798,s-2.172472369,s322.311245022
151_16,s-1.019416005,s-2.524120107,s7.097898204
151_17,s6.545571437,s-3.191905507,s324.423267806
151_18,s1.988491261,s-0.351283605,s283.571578118
151_19,s-2.520676491,s-7.475444469,s21.891596966
151_20,s3.030234603,s-4.402138388,s180.058638762
151_21,s7.291240899,s-1.333263619,s342.172242196
151_22,s1.256192237,s-6.335296967,s300.645477615
151_23,s1.407601913,s-7.162148783,s313.806779253
151_24,s4.450676481,s-5.641535187,s226.910393397
151_25,s7.130209773,s-4.445662855,s292.405092204
151_26,s-2.643950313,s0.139991859,s174.255245898
151_27,s-7.039279352,s-5.463168790,s161.717553849
151_28,s0.229131116,s6.938759725,s266.427385485
151_29,s-5.371363609,s-2.649232182,s188.161811134
151_30,s-2.841593263,s-4.217592675,s189.383329198
151_31,s4.277484594,s6.095828368,s124.752471532
151_32,s-1.946953300,s4.323590731,s231.098122048
151_33,s3.655978653,s4.295463499,s249.511513382
151_34,s-4.794630998,s-7.443176184,s50.316190799
151_35,s2.567699825,s-2.703314469,s77.796463888
151_36,s7.087339816,s-7.227621414,s353.832893437
151_37,s7.444949905,s2.026043882,s42.180513646
151_38,s7.495598291,s2.566203895,s347.770614222
151_39,s-6.155551184,s-7.339364584,s42.619637038
151_40,s-5.462950300,s0.173485483,s280.555900069
151_41,s-6.341923745,s-0.594315265,s33.503402610
151_42,s3.292778284,s-0.835406038,s345.574821427
151_43,s-7.147483190,s4.998391817,s186.859752252
151_44,s2.342852522,s3.159561667,s202.493275570
151_45,s0.663658588,s-5.771717473,s169.221307931
151_46,s1.898676063,s1.971311297,s307.340653984
151_47,s1.001954662,s2.585613602,s216.398931076
151_48,s7.432988501,s0.896181698,s115.687436639
151_49,s2.688220165,s4.038238771,s348.783230012
151_50,s7.303846631,s-5.635570855,s36.590687741
151_51,s6.659231401,s1.037376894,s71.080346307
151_52,s-6.841501574,s6.961189042,s340.780377956
151_53,s0.456601191,s1.624135311,s169.232954978
151_54,s-2.208894167,s1.249242548,s234.205905579
151_55,s-4.815237078,s7.039172503,s182.921399588
151_56,s-2.878863367,s2.228124132,s267.816439755
151_57,s-2.773055679,s1.032165130,s178.940676288
151_58,s0.555659446,s5.910130032,s134.849948708
151_59,s-5.923208364,s-5.746730042,s121.367290784
151_60,s0.400852059,s-3.581146336,s268.954698358
151_61,s6.909662653,s0.370592058,s73.694577389
151_62,s2.812340867,s-0.750997230,s150.650515192
151_63,s5.153357777,s-2.139028437,s48.564018408
151_64,s5.040007673,s-7.307887289,s15.305281915
151_65,s-3.269921918,s4.806273730,s129.662881965
151_66,s-3.980434107,s-0.219419934,s10.190222650
151_67,s-6.261551549,s-4.582970533,s345.364959063
151_68,s-2.963247395,s-1.929795112,s270.430067711
151_69,s3.424136947,s3.005216852,s181.316054665
151_70,s-4.333318920,s3.584637465,s323.415789416
151_71,s-4.996801040,s0.503281839,s16.078165962
151_72,s0.559018495,s-2.206193575,s275.754680692
151_73,s4.060013742,s3.936649751,s264.768902787
151_74,s-6.432015620,s5.107684422,s301.773861725
151_75,s4.891229932,s2.546492391,s8.372365298
151_76,s6.840335373,s2.835699203,s173.938453099
151_77,s7.326571907,s6.152319099,s83.831498744
151_78,s-1.031323172,s-0.211714021,s5.736547374
151_79,s-2.914010758,s-0.387857610,s273.291015660
151_80,s-2.391352590,s-5.317751976,s180.186651553
151_81,s4.361031082,s-0.080081105,s287.554250289
151_82,s-2.663824771,s5.589383765,s34.021995850
151_83,s-1.503235948,s-5.327821876,s257.405906156
151_84,s6.824616410,s-2.292011972,s148.414098914
151_85,s-4.405625315,s2.554326293,s71.551577829
151_86,s-0.517509033,s3.362819789,s227.003733856
151_87,s-0.963656248,s6.088131853,s210.409250988
151_88,s3.744916416,s1.377623587,s349.979939407
151_89,s4.290449430,s2.308984780,s125.358203009
151_90,s5.191376000,s1.570122978,s165.167542055
151_91,s-7.147483190,s3.693297300,s293.945582261
151_92,s-3.435770231,s5.466203513,s314.144818493
151_93,s6.798159582,s6.737923014,s352.882101817
151_94,s-3.655070197,s-2.917023390,s323.081067876
151_95,s7.088426641,s5.071187031,s216.060301696
151_96,s-6.759267122,s6.037509097,s116.318936353
151_97,s-7.048589792,s4.583013209,s102.772098560
151_98,s3.402903663,s2.600975777,s77.089925196
151_99,s5.782055691,s4.093986470,s335.995044350
151_100,s7.277963200,s3.521434776,s204.006437842
151_101,s5.912854616,s5.309370369,s186.167847361
151_102,s0.864408359,s6.399202402,s233.167846469
151_103,s5.959714471,s6.632783212,s254.549382394
151_104,s-0.351899101,s2.780921854,s105.828823967
151_105,s1.499359688,s-2.302878524,s276.464069488
151_106,s-5.840139640,s6.405711088,s0.794224396
151_107,s2.614561125,s7.041410208,s315.126194091
151_108,s1.232110635,s6.928480689,s159.702868080
151_109,s-5.779935907,s6.682340147,s132.330083994
151_110,s-4.823015011,s6.506036748,s53.993526749
151_111,s-4.246571632,s5.217752900,s223.482313168
151_112,s4.786234441,s3.559361757,s12.728521373
151_113,s-1.452727080,s7.052549717,s342.111032506
151_114,s-7.094161544,s5.439076458,s75.829716499
151_115,s4.007411723,s-2.701100243,s108.513739602
151_116,s2.773278109,s-3.741773124,s179.592994858
151_117,s-2.097699557,s6.359120716,s155.319455300
151_118,s-3.825227913,s-0.472743580,s16.372381028
151_119,s-5.127027755,s-1.261246566,s12.306203929
151_120,s-2.386242935,s5.148774543,s301.161170118
151_121,s4.362814455,s4.757152781,s48.902236847
151_122,s-5.683467928,s2.059014461,s290.598511319
151_123,s3.761371209,s5.946508987,s133.053673645
151_124,s7.154193312,s4.253849020,s6.468534777
151_125,s-0.480571994,s6.956114451,s5.222021141
151_126,s5.656419585,s7.046524844,s55.239921213
151_127,s7.495598291,s6.811094370,s172.864818816
151_128,s2.215119142,s6.320712301,s137.474374720
151_129,s6.383533250,s6.898965619,s91.631203336
151_130,s-4.206358776,s1.551980090,s81.848317840
151_131,s-7.134054435,s7.021983108,s224.262891565
151_132,s-6.972832524,s0.858829686,s50.464971331
151_133,s-2.803644320,s1.670172183,s286.045017523
151_134,s2.032223767,s3.911893801,s76.437803473
151_135,s4.752177375,s1.858473760,s275.081378876
151_136,s5.324512495,s6.256797458,s353.916719088
151_137,s-3.879260381,s6.578076165,s199.019927289
151_138,s-1.672423675,s2.060908450,s2.282128209
151_139,s-5.604370062,s1.960942880,s228.955987656
151_140,s5.287709986,s2.929590216,s284.784112947
151_141,s1.643106369,s6.494252479,s261.987561815
151_142,s5.040482137,s7.032796247,s252.667541804
151_143,s-6.825149360,s1.980731281,s16.051576230
151_144,s-6.323067068,s2.961529597,s63.731600783
151_145,s-0.502796938,s6.351591865,s107.086716699
151_146,s-6.030379404,s5.666213944,s68.289835932
151_147,s-0.034971579,s-2.375879436,s147.350423295
151_148,s5.875716321,s5.755596506,s104.693080320
151_149,s5.541720118,s6.813431617,s7.950809904
151_150,s5.736234584,s0.135774146,s155.759498569
152_0,s-6.835322633,s-2.420839695,s28.649031982
152_1,s-6.025908722,s-1.384013523,s59.425928840
152_2,s-7.419800930,s-3.392904920,s294.258646223
152_3,s-4.836745855,s-2.394545978,s44.563769965
152_4,s-1.732289362,s-6.393839904,s314.538115752
152_5,s-0.535633427,s-5.107116306,s354.610533491
152_6,s4.445618866,s-5.741106593,s229.584857719
152_7,s4.054489485,s-2.360066303,s192.644757679
152_8,s-0.353509724,s-0.625856229,s349.705016120
152_9,s0.358490577,s-4.765144186,s103.262219226
152_10,s5.874416865,s-5.956606537,s92.633127564
152_11,s-4.919712409,s-5.600263649,s193.437382767
152_12,s5.551985014,s-0.185665448,s348.375507067
152_13,s-5.604396297,s-1.006122964,s318.194684297
152_14,s1.717072333,s-5.197436393,s129.989611666
152_15,s-5.702429915,s-6.971703150,s33.415894808
152_16,s0.287191243,s-1.597598417,s146.109282424
152_17,s-4.415435035,s1.271089417,s111.978427313
152_18,s-0.184482574,s0.788491938,s50.178106095
152_19,s3.363714419,s-4.294652558,s144.749627182
152_20,s-5.476669762,s0.286903726,s194.252417841
152_21,s4.969810079,s-3.565508687,s153.991001696
152_22,s6.920337375,s-1.954482856,s30.610724429
152_23,s2.119724133,s-3.862536325,s128.240936082
152_24,s7.395495959,s-1.541519533,s178.353461367
152_25,s7.650965507,s-7.097927865,s115.724098837
152_26,s-1.576862154,s-1.431029139,s75.987200155
152_27,s-5.400975622,s-3.730510540,s348.169828641
152_28,s0.712995219,s-2.622488913,s24.715038490
152_29,s-1.641141230,s-3.159249102,s278.922041747
152_30,s-6.111277122,s4.036627259,s146.255736843
152_31,s-4.202855783,s3.679160234,s265.795152090
152_32,s6.900207868,s-7.820600388,s50.680673678
152_33,s-4.434997967,s4.990269989,s81.026310309
152_34,s0.066400768,s-3.676423268,s64.989198391
152_35,s4.124593205,s4.923490015,s26.642172118
152_36,s-0.161776514,s2.844989099,s63.053298678
152_37,s6.529307605,s7.056625177,s301.128815952
152_38,s5.540572103,s-2.022544231,s223.304933177
152_39,s-4.568495929,s2.862164565,s62.994209154
152_40,s-5.672492423,s3.035491828,s167.900514845
152_41,s-2.908633570,s-1.205102088,s68.561998012
152_42,s2.125237515,s-1.728689580,s310.968111246
152_43,s3.107001835,s-2.311157045,s289.387561936
152_44,s-2.124639587,s-2.224716125,s13.322722734
152_45,s-2.558845889,s-7.625406231,s20.944951953
152_46,s3.727915904,s-3.857143598,s248.216065339
152_47,s-3.158931417,s2.021988926,s113.796743958
152_48,s6.166767018,s-7.742547903,s289.123850152
152_49,s4.261982372,s-0.843042622,s130.669982566
152_50,s5.879303448,s-2.644237103,s288.776885536
152_51,s-1.984129611,s2.836625954,s335.003376627
152_52,s3.244640423,s4.337895121,s139.860006369
152_53,s-7.511206902,s-2.552500961,s38.693706900
152_54,s-7.476381026,s-0.933580527,s273.120305078
152_55,s2.001518913,s6.270272082,s11.560420403
152_56,s-5.871193670,s-4.440572594,s135.171261165
152_57,s7.276330160,s-0.212252170,s6.078455708
152_58,s3.752578014,s-5.341276186,s161.174949467
152_59,s7.596123601,s-2.473163470,s185.682459500
152_60,s-1.616507420,s0.085950147,s249.453834742
152_61,s-7.401667010,s-0.420894924,s350.882930570
152_62,s6.192116567,s3.515346194,s122.052365654
152_63,s0.326143071,s3.713875335,s356.464105651
152_64,s6.910881988,s3.165104339,s307.549526999
152_65,s-7.480563619,s-1.360927856,s17.806673375
152_66,s3.639732204,s-7.389573637,s280.539540301
152_67,s-7.519765477,s-4.552747551,s121.587239716
152_68,s-2.951732189,s6.298297752,s263.723254722
152_69,s-5.058580174,s6.043432606,s239.983154806
152_70,s4.212936287,s3.082134218,s250.616051296
152_71,s7.223797394,s4.621063209,s59.419954612
152_72,s6.862586902,s1.286449618,s314.819094361
152_73,s4.655503316,s-0.821212804,s27.845579843
152_74,s0.632091003,s3.982461749,s153.277281391
152_75,s7.506473869,s3.248366081,s233.029911208
152_76,s6.281311133,s2.067465565,s79.980541075
152_77,s7.334984691,s0.349840242,s336.425821511
152_78,s-6.820360277,s4.198075607,s212.901445367
152_79,s2.299785479,s5.267316945,s92.570967642
152_80,s-1.904689105,s6.519063841,s8.236556890
152_81,s-5.142356232,s1.481713926,s155.148290054
152_82,s0.965498826,s2.263373602,s227.822546251
152_83,s-6.093971781,s0.825766918,s95.200483205
152_84,s2.505521574,s-2.805863856,s89.175573093
152_85,s-2.506342382,s5.418058443,s328.657486316
152_86,s1.524423173,s1.344685842,s350.766771285
152_87,s-3.319250069,s3.448976711,s292.965431284
152_88,s4.380557957,s7.071163265,s58.469143580
152_89,s6.721520775,s3.962406044,s331.916910907
152_90,s-1.424589052,s4.727733343,s75.815023262
152_91,s-7.185204517,s4.961282398,s53.080831850
152_92,s-5.790534287,s7.064000393,s66.281602167
152_93,s-2.307080037,s1.720628222,s126.214891094
152_94,s-2.993222010,s7.054418953,s83.802265720
152_95,s-7.184330139,s2.076288305,s232.409580031
152_96,s0.297577178,s0.817156588,s317.987707025
152_97,s-0.862058915,s3.321660147,s283.158375881
152_98,s1.195361976,s2.921839402,s210.827635669
152_99,s7.519513954,s5.338275461,s204.646222256
152_100,s6.182374843,s0.629578236,s342.448676373
152_101,s5.140967623,s6.045191410,s305.945710960
152_102,s2.163113566,s4.786634555,s60.787009796
152_103,s3.173728173,s3.253151244,s346.930894298
152_104,s-5.475291090,s6.858171369,s139.869395928
152_105,s-6.415913258,s4.452556586,s26.203367296
152_106,s-3.749076614,s0.466988697,s339.982871262
152_107,s-4.917801864,s3.947399732,s234.964812998
152_108,s-2.575367872,s0.707212469,s349.913274581
152_109,s1.144771873,s6.288580778,s75.943700173
152_110,s-0.925177702,s2.010413883,s139.118952134
152_111,s3.786408166,s-1.472655799,s63.363714982
152_112,s-2.997368075,s4.798522408,s242.882977258
152_113,s6.146120002,s7.110965596,s189.623820228
152_114,s4.878067714,s-4.297577883,s157.123439037
152_115,s-0.262043168,s4.899101431,s35.217006621
152_116,s4.441472154,s6.444866903,s142.601929933
152_117,s-7.180271998,s7.297769264,s7.252016485
152_118,s-6.299725381,s5.701393845,s22.730932053
152_119,s-5.451437151,s-0.403909183,s305.948995059
152_120,s3.242300829,s7.125242424,s102.475792678
152_121,s-3.006631420,s-1.178259382,s328.302476002
152_122,s1.445458276,s6.937656988,s131.491000081
152_123,s4.081363487,s3.810696210,s95.679097816
152_124,s7.483800718,s6.521919794,s5.814401693
152_125,s6.223447009,s-6.321358716,s81.828886284
152_126,s6.127201442,s5.872019771,s295.836794548
152_127,s4.537327356,s4.137791059,s156.133276592
152_128,s7.596706037,s7.297769264,s310.916235517
152_129,s5.145394784,s3.780105934,s324.718251236
152_130,s-3.623011063,s7.297769264,s56.175666956
152_131,s-4.809050700,s7.139702583,s208.571096628
152_132,s-6.435700033,s7.056095557,s104.365351322
152_133,s-7.488588470,s6.632719995,s188.543233949
152_134,s0.647551292,s6.083686331,s42.997298727
152_135,s-0.755215857,s7.126335074,s226.316001940
152_136,s-7.199466407,s5.648576766,s234.510813233
152_137,s-1.183554945,s6.675673183,s74.887743799
152_138,s2.418594991,s7.279166094,s137.472855565
152_139,s-2.264186489,s5.143649920,s19.018908614
152_140,s5.339088671,s6.975789275,s142.228955823
152_141,s2.373751973,s3.530581832,s94.730948204
152_142,s3.324998812,s6.346132511,s263.907777565
152_143,s-6.854217621,s2.375922623,s38.101619993
152_144,s-4.197240545,s6.540252872,s102.580075597
152_145,s-7.081514695,s1.039591950,s252.511329476
152_146,s-2.889307826,s7.297769264,s295.270733296
152_147,s-1.978177691,s7.269063947,s66.417623064
152_148,s6.172843508,s5.063917962,s267.814386616
152_149,s0.037430066,s6.606551364,s346.101433429
152_150,s3.092073929,s5.771006507,s228.216208571
152_151,s5.475182248,s6.353740381,s318.095189359
153_0,s-4.311371213,s0.028940622,s18.341922722
153_1,s-7.527342315,s-7.464545205,s236.269830521
153_2,s-7.459371207,s-5.815365944,s283.660562857
153_3,s-4.352649867,s-6.920558001,s225.445966924
153_4,s-5.876229971,s-6.875154125,s85.192321827
153_5,s-5.270731351,s3.863141487,s283.943864142
153_6,s2.009065916,s-3.747649985,s61.899623193
153_7,s4.274316678,s-2.659481061,s353.061521835
153_8,s-1.885880094,s-7.372826063,s39.626185447
153_9,s-0.388664727,s-3.801582384,s209.462783587
153_10,s7.107707172,s-3.948967646,s340.111096040
153_11,s2.937637388,s0.793727787,s3.915771948
153_12,s6.990925401,s-5.794134541,s128.706061686
153_13,s-3.783159195,s-3.713774613,s284.052643060
153_14,s4.838023552,s-5.498858795,s100.131704625
153_15,s2.567660350,s-7.576024855,s225.875268176
153_16,s-4.859238493,s4.899813600,s267.226533280
153_17,s3.599838817,s-4.614220508,s118.817509206
153_18,s4.669667490,s-6.540817538,s312.264828872
153_19,s-0.028637704,s-2.410160694,s108.863251207
153_20,s7.394779959,s0.450256844,s130.766903969
153_21,s6.112789071,s-4.182086686,s350.034973884
153_22,s-0.000910432,s-1.971940570,s261.513376078
153_23,s4.799002337,s2.230012484,s154.586921110
153_24,s4.778405637,s-0.450316644,s182.704036224
153_25,s6.858929475,s-0.941879423,s244.094675910
153_26,s-7.409399167,s-4.800469858,s180.099143550
153_27,s-0.486318951,s0.814865519,s18.190540949
153_28,s-4.780556561,s-0.886299289,s120.000196325
153_29,s-7.785402912,s-2.891006344,s328.586899683
153_30,s-1.426114687,s-2.100949685,s48.563901792
153_31,s-7.307295198,s1.675598993,s336.390645732
153_32,s-5.751097245,s2.550918157,s34.916897869
153_33,s6.736290672,s-1.895080414,s0.549655782
153_34,s1.748261372,s-6.873452824,s180.863617738
153_35,s5.391513544,s6.746139239,s345.225759574
153_36,s5.695397680,s-2.762459087,s171.581088047
153_37,s3.273532262,s-2.935043546,s10.753100320
153_38,s4.920596708,s4.662649451,s162.341758744
153_39,s-7.346076932,s5.187429105,s125.973446972
153_40,s-2.166526517,s-2.216058850,s60.430543264
153_41,s-5.766390864,s-6.517822976,s187.704724342
153_42,s-5.567630434,s-4.211530871,s5.074214488
153_43,s-7.438082818,s-3.690069741,s126.433229037
153_44,s-5.618727757,s-2.347565348,s329.787438855
153_45,s1.500643362,s6.991751105,s196.277219997
153_46,s1.723591316,s-1.048064593,s157.969405825
153_47,s4.121266107,s-0.540604604,s136.961401622
153_48,s2.835496143,s2.914392653,s326.691993393
153_49,s1.662376207,s-2.049687482,s244.589854137
153_50,s0.798233193,s-1.546976888,s324.750618174
153_51,s3.622098775,s-0.709260626,s257.233036095
153_52,s-7.549676248,s-0.918313357,s161.673192765
153_53,s4.122144927,s3.480618154,s125.060001544
153_54,s-3.621048247,s-4.916162238,s119.058064194
153_55,s0.186197438,s4.052937703,s100.745745560
153_56,s-7.767580201,s2.064825531,s277.874286098
153_57,s-5.212545655,s-4.585851964,s282.588254033
153_58,s-5.174092477,s2.790910731,s189.911443440
153_59,s4.776832182,s-4.918917472,s247.939023020
153_60,s-3.100685030,s-2.205416872,s48.224401111
153_61,s6.820689492,s2.937656555,s161.226116202
153_62,s2.714741206,s-2.711508726,s317.078261333
153_63,s2.828373265,s-5.158622758,s196.516889272
153_64,s3.434912621,s0.700388781,s245.632158632
153_65,s-3.355979725,s2.350800607,s105.806407652
153_66,s-3.832950165,s4.671571511,s25.326801084
153_67,s-3.064850848,s0.181319928,s39.261308606
153_68,s-4.724188414,s0.514149134,s355.181562635
153_69,s-3.825430727,s0.585165517,s147.862618521
153_70,s-5.993349280,s1.537426616,s212.909040490
153_71,s-1.192085181,s-6.227805115,s345.944551475
153_72,s0.091728481,s-3.304234956,s78.732571978
153_73,s-0.128620315,s-1.063383494,s32.099641831
153_74,s7.174831377,s6.680063561,s5.288396952
153_75,s3.846259588,s5.185313235,s232.688833092
153_76,s6.780220878,s6.000334255,s151.499367464
153_77,s5.029158811,s3.726229038,s154.032317647
153_78,s-7.155850215,s0.573452295,s4.357516165
153_79,s-4.885966654,s1.404733055,s11.106933502
153_80,s2.367502571,s2.107406602,s11.018016007
153_81,s-2.999744684,s-3.486013312,s134.260570376
153_82,s-0.859126648,s-4.732484947,s34.847970827
153_83,s-3.841991573,s3.286081784,s96.737796997
153_84,s6.062661096,s7.234624137,s59.727027969
153_85,s-0.706186426,s5.827757958,s212.154583806
153_86,s-0.411359448,s6.691275397,s131.200005717
153_87,s6.951619929,s1.395177539,s159.865510015
153_88,s5.233877942,s0.925439871,s76.054792345
153_89,s1.688879589,s3.960768402,s354.517445117
153_90,s-0.386409916,s3.482966721,s4.052933882
153_91,s-5.985848736,s3.500535728,s274.344762398
153_92,s-7.579521402,s2.539795097,s307.136528456
153_93,s3.237978163,s5.550625568,s124.412142911
153_94,s-5.258106929,s4.993225440,s328.928163174
153_95,s-5.197438599,s7.258791817,s26.986738233
153_96,s-3.155196714,s6.839365725,s204.670882720
153_97,s-0.093571588,s2.744561087,s343.211966484
153_98,s5.656518474,s5.497194524,s151.292834086
153_99,s-1.506054377,s0.710148088,s277.373231536
153_100,s2.735785107,s3.978440958,s86.101399016
153_101,s7.398117187,s2.295992594,s68.363156066
153_102,s7.432714635,s7.386433722,s236.922728835
153_103,s2.525092317,s7.356215048,s54.039954751
153_104,s-2.392635985,s4.577608134,s53.287957525
153_105,s-1.554323150,s6.987650645,s315.613099963
153_106,s6.106978600,s0.768097802,s295.198946911
153_107,s0.447623736,s2.638446465,s232.909163727
153_108,s-4.395595616,s7.338655240,s195.735447325
153_109,s6.157620485,s1.526429094,s243.877136045
153_110,s2.754820727,s5.531998965,s323.724142513
153_111,s2.532864098,s6.888678108,s194.346118921
153_112,s-2.736468651,s2.719011743,s266.163046283
153_113,s6.941163219,s5.161712997,s72.832698501
153_114,s1.008657287,s0.956896442,s27.860921907
153_115,s5.504928201,s-0.631614000,s308.251271522
153_116,s3.915438117,s-2.236927206,s65.523368231
153_117,s-7.803433843,s7.281589605,s211.120422699
153_118,s-3.339650348,s7.236107569,s150.732751767
153_119,s-6.223529638,s7.323667035,s50.946163602
153_120,s2.082929128,s3.153265994,s194.976415389
153_121,s0.392745242,s7.333873781,s357.326499849
153_122,s-2.552229650,s2.425659191,s142.274471388
153_123,s-0.334752899,s4.191389729,s340.976746465
153_124,s2.089119535,s5.674700228,s285.548030174
153_125,s2.396148077,s4.909103036,s51.676216869
153_126,s4.105199981,s2.681100896,s301.090016415
153_127,s4.661338591,s5.916903604,s154.201824216
153_128,s6.462625717,s1.281565407,s180.595222609
153_129,s7.362598922,s5.319452329,s339.270722791
153_130,s-3.251782492,s5.793832409,s61.975326206
153_131,s-1.545860540,s1.480097319,s269.492062337
153_132,s-0.084850058,s5.904825167,s147.839260060
153_133,s-0.897542396,s2.268676833,s296.141577458
153_134,s0.393842123,s5.727914520,s78.109753817
153_135,s-3.304315114,s-1.920669433,s30.672752878
153_136,s-4.458260662,s6.947071933,s308.506020091
153_137,s5.009227571,s2.159856902,s296.517360103
153_138,s4.911553136,s6.419532998,s139.716030218
153_139,s-2.553374959,s6.592836631,s205.941253339
153_140,s6.201560369,s3.787558475,s259.167372494
153_141,s0.465962835,s6.635974494,s335.121455296
153_142,s5.995324133,s5.355389763,s345.584252840
153_143,s-1.281162838,s4.943819985,s180.121757801
153_144,s2.461417437,s0.325308188,s109.627998448
153_145,s-4.669830763,s6.426019938,s277.508704078
153_146,s-7.208724376,s7.386433722,s221.527264072
153_147,s-2.582851448,s3.651874453,s338.270409401
153_148,s0.538510881,s4.439155156,s40.018593802
153_149,s7.341930922,s1.339956289,s139.071821830
153_150,s-1.785664692,s-7.081644495,s133.203929824
153_151,s6.971433264,s6.881072512,s226.227466267
153_152,s3.006332342,s7.143715314,s237.240498887
154_0,s-3.473943299,s0.122395502,s23.198046908
154_1,s-5.841773399,s-5.289688484,s126.742738826
154_2,s0.709204325,s4.134812099,s55.759390801
154_3,s-2.932591648,s-3.662465411,s312.645578380
154_4,s-6.581597480,s4.189011588,s314.628441105
154_5,s5.205727767,s-3.438080286,s177.380081681
154_6,s1.146320750,s-6.216025477,s35.093874197
154_7,s-0.922984577,s6.465541262,s342.422836983
154_8,s2.407343694,s1.728750371,s350.888212629
154_9,s3.978568146,s-2.083659193,s240.038079108
154_10,s-0.295505538,s5.954290833,s99.346857051
154_11,s5.632760350,s-5.886895440,s167.679164303
154_12,s7.039220559,s-7.101031716,s144.403118247
154_13,s-4.330962944,s-3.141317758,s45.145504049
154_14,s-3.991590413,s-5.933341045,s181.267833949
154_15,s-6.842258397,s-1.675974820,s249.697194851
154_16,s-6.875052967,s-4.132407010,s7.927340449
154_17,s-5.578168071,s-7.071881050,s9.118001678
154_18,s-0.386384665,s-3.361458004,s336.380445767
154_19,s-0.560315566,s-5.132967491,s45.250664838
154_20,s6.076091429,s-2.833358125,s179.091390651
154_21,s-2.715404076,s1.782650829,s263.635934284
154_22,s7.034396658,s-1.401385541,s155.416879363
154_23,s5.912455180,s-0.158302641,s62.256120612
154_24,s0.159291570,s-2.991316449,s246.071151145
154_25,s5.644389115,s-1.679925107,s118.206821458
154_26,s-6.980251371,s-0.018354454,s201.161152722
154_27,s-6.181891536,s-4.594813621,s340.017518648
154_28,s3.056707308,s-2.746993730,s15.122745189
154_29,s-3.891276197,s-1.011797253,s43.639685468
154_30,s-4.795156513,s0.477823617,s298.457873412
154_31,s2.481334203,s-0.394272022,s57.703862951
154_32,s1.933112218,s-3.499473272,s273.064363766
154_33,s2.076969836,s0.730033751,s177.227714397
154_34,s-4.679277111,s-1.010342287,s168.997248325
154_35,s-0.303903301,s6.721896351,s148.371030345
154_36,s6.921356952,s-2.312427174,s177.758678508
154_37,s5.793857659,s-1.084641770,s68.254905641
154_38,s4.561267735,s2.860679891,s186.250839247
154_39,s-5.741718716,s3.264448631,s129.094535861
154_40,s-0.087643490,s-1.507183564,s56.881197713
154_41,s0.737581765,s3.233326795,s63.537048565
154_42,s-1.765000651,s5.282242305,s197.739019480
154_43,s-1.597408773,s-2.185578536,s288.645087547
154_44,s-6.905406771,s1.531734863,s218.220630900
154_45,s1.953896918,s-5.778267574,s170.449623995
154_46,s2.429956954,s6.180941477,s96.504989267
154_47,s-0.377253757,s2.586997307,s297.599710641
154_48,s-1.379320947,s2.001403979,s268.465033955
154_49,s6.648556138,s-4.702855124,s208.939784059
154_50,s4.159774772,s-6.842435185,s355.189305529
154_51,s4.758675182,s3.063227168,s313.459482946
154_52,s-2.390406555,s3.876899854,s0.891270042
154_53,s-1.245092455,s4.038581260,s339.209218053
154_54,s0.419867500,s-5.757768249,s87.697561204
154_55,s-1.281361979,s-3.412881534,s86.668386498
154_56,s-6.597850503,s-3.063890163,s182.999712516
154_57,s3.821443498,s-4.369689346,s112.870288984
154_58,s5.118095475,s-1.633096688,s79.806557199
154_59,s1.730608026,s2.668539750,s331.775034516
154_60,s-6.367665434,s1.984304332,s182.263419597
154_61,s-5.635865747,s1.947249086,s333.426564237
154_62,s4.106916726,s-5.644042739,s206.032225227
154_63,s4.613882044,s4.746372576,s128.870820605
154_64,s6.741221486,s0.231212471,s338.242391988
154_65,s-5.088068976,s4.103123852,s34.401220404
154_66,s-4.467625839,s3.110762210,s316.576519928
154_67,s-3.377291328,s3.102460312,s112.085448943
154_68,s3.078423399,s2.596971412,s237.535619191
154_69,s-2.402996407,s-2.951018206,s227.356731000
154_70,s0.964183666,s-5.331811249,s188.700099915
154_71,s-3.477645413,s6.709146854,s184.846798133
154_72,s3.572752088,s-3.060758166,s256.279758643
154_73,s3.460299378,s-1.837785129,s101.476288658
154_74,s5.166403527,s-2.986700472,s256.712328836
154_75,s5.361600947,s2.599946108,s307.796987890
154_76,s3.333296208,s4.674266543,s160.535943085
154_77,s5.822791167,s1.714995554,s298.828253089
154_78,s-1.046908735,s-5.295662917,s112.380558677
154_79,s-6.532343115,s5.771818708,s100.752986169
154_80,s0.959648761,s-1.904875080,s232.229317600
154_81,s1.066915337,s2.194519804,s188.687514853
154_82,s-4.097276310,s5.655263560,s231.178077314
154_83,s6.477364400,s-0.454418899,s321.724848817
154_84,s-2.424155128,s1.169652570,s173.738113907
154_85,s3.932948066,s6.939568352,s150.876982383
154_86,s-0.757498871,s0.110618693,s35.010137871
154_87,s7.038956840,s2.116927131,s95.029644844
154_88,s3.061473645,s-6.953515505,s183.265074197
154_89,s5.619501248,s4.570056036,s50.131783970
154_90,s-1.895572258,s6.919942647,s164.517234297
154_91,s1.580212369,s6.756692930,s24.294689548
154_92,s-4.830680915,s0.803764529,s117.257826287
154_93,s-0.982664352,s-6.928081118,s195.539910254
154_94,s7.056516459,s3.908004108,s88.229654557
154_95,s-7.009438223,s-7.079465042,s31.315087541
154_96,s7.056516459,s6.738043397,s284.609709129
154_97,s0.595322051,s-0.021403998,s327.641217785
154_98,s-6.967253150,s6.847549991,s271.018428135
154_99,s-0.385130960,s6.906031799,s196.832756245
154_100,s4.900707760,s0.307886935,s208.392567523
154_101,s0.288882658,s5.235955448,s32.925738191
154_102,s3.469989656,s2.548688521,s358.737108441
154_103,s6.932701427,s3.232445049,s330.140962427
154_104,s3.913938939,s-3.806882752,s131.092763803
154_105,s-5.181689292,s0.101053450,s340.800406870
154_106,s-2.758832947,s2.373133323,s246.818491042
154_107,s3.802853980,s4.814694143,s113.673678552
154_108,s-4.798110998,s4.968809081,s299.906671076
154_109,s-4.118089451,s3.297414833,s21.166601318
154_110,s-5.058385507,s5.743569635,s127.811977179
154_111,s-3.651195155,s6.120145188,s71.100376704
154_112,s-1.160183409,s3.628808325,s1.081783436
154_113,s2.524443817,s6.923506390,s297.345810669
154_114,s5.777876398,s6.500198507,s94.967715400
154_115,s0.792573090,s5.009398535,s24.468383355
154_116,s4.619455858,s3.448951197,s242.149204778
154_117,s-2.556447245,s6.787793700,s18.357302873
154_118,s-4.560204182,s3.842769573,s76.819898233
154_119,s-5.852513870,s3.938948810,s180.827688740
154_120,s-2.053867243,s6.065264172,s101.573806376
154_121,s-3.030719231,s4.577451091,s185.312757991
154_122,s2.870370320,s-1.601016907,s332.169249859
154_123,s6.332616466,s6.890875782,s332.903599884
154_124,s-0.745982422,s1.364130547,s16.925057015
154_125,s-2.304834007,s0.143732931,s147.105639008
154_126,s4.228920608,s6.050752201,s338.139325116
154_127,s5.412095612,s6.974693314,s13.613770432
154_128,s6.290651190,s5.021816318,s175.937302102
154_129,s2.813846314,s5.409658407,s0.408136067
154_130,s-5.779970300,s6.810608905,s33.148353129
154_131,s-2.396157007,s-2.297965004,s15.115790023
154_132,s-6.364078340,s6.472321191,s277.900525057
154_133,s-1.061604530,s-0.805696551,s223.586479087
154_134,s6.194115069,s3.807343652,s167.361319181
154_135,s-7.035595036,s5.217615950,s96.374092361
154_136,s3.601408895,s6.724257043,s207.346779578
154_137,s3.225809951,s-0.148207179,s359.459434886
154_138,s-0.707393221,s-0.583756982,s35.232003115
154_139,s0.421645406,s1.702616688,s106.550540857
154_140,s-1.570267745,s-5.204382756,s282.216741509
154_141,s4.114997103,s6.864039202,s357.214869911
154_142,s-5.274692866,s4.874725016,s237.483060965
154_143,s-6.056187731,s-0.226934737,s249.222193413
154_144,s-6.314043054,s5.077215549,s117.406033848
154_145,s-4.044236390,s6.742535588,s94.275473700
154_146,s1.368561388,s4.283225614,s262.030816854
154_147,s-2.468140340,s4.748888485,s199.100630558
154_148,s-5.123540738,s-0.975742929,s224.733243577
154_149,s-0.239226117,s3.991273966,s163.837160853
154_150,s-1.952094299,s6.974693314,s92.352755838
154_151,s2.005320182,s1.498912430,s241.478727576
154_152,s-0.855787369,s4.729527743,s173.081900371
154_153,s5.245197791,s6.107226616,s202.063648502
155_0,s-7.611467010,s-1.120415266,s53.216569281
155_1,s-5.561443160,s-1.640322445,s324.337353611
155_2,s-1.135642618,s-6.541877661,s174.673574113
155_3,s-0.464939441,s-4.896040912,s136.327607885
155_4,s-7.578784532,s-2.504196085,s33.404859971
155_5,s-3.735825240,s-5.225991492,s65.390058744
155_6,s-2.697727890,s-5.647150887,s288.750590171
155_7,s5.205793533,s1.573452793,s119.100432744
155_8,s3.141712049,s3.489032475,s27.232609995
155_9,s2.719864944,s1.166044395,s175.215163477
155_10,s2.042703481,s-3.658187000,s85.895913878
155_11,s3.979158461,s-3.370163384,s96.933818549
155_12,s7.564388117,s-6.960853714,s72.937946563
155_13,s6.359705997,s-6.340328538,s232.367389578
155_14,s-3.658132005,s2.164979891,s94.018652770
155_15,s-5.165153002,s-5.689512675,s258.033257756
155_16,s-4.538516147,s-4.090735089,s167.769858440
155_17,s3.050858978,s-3.025742187,s193.831949340
155_18,s-1.437730544,s-7.319293421,s193.005744965
155_19,s1.893794396,s0.235519407,s206.971628731
155_20,s3.232314689,s-2.716330063,s188.654126554
155_21,s-2.718396552,s-7.353037751,s292.369812670
155_22,s7.181501976,s-3.115259440,s167.578871104
155_23,s-1.318080400,s-2.033162950,s292.187280435
155_24,s5.562972758,s-1.816184048,s11.244288226
155_25,s6.526349031,s3.783977587,s209.281887014
155_26,s6.151887597,s-3.623449153,s233.427605389
155_27,s5.529838886,s0.484961746,s229.767033996
155_28,s-5.629679359,s-4.609480785,s268.707443975
155_29,s-7.600952381,s0.999391812,s62.914986779
155_30,s-4.526148056,s-2.488121154,s229.430364478
155_31,s-5.544534795,s5.953097087,s91.976498856
155_32,s-6.734071932,s-4.180121974,s210.844087623
155_33,s-7.538263837,s3.193510774,s300.930785792
155_34,s0.913776136,s-1.980642300,s247.854606596
155_35,s0.343961896,s1.009543059,s71.602980484
155_36,s3.787282582,s1.472893432,s240.070788615
155_37,s-1.315392184,s0.489565815,s4.794920159
155_38,s-2.961087148,s-3.843249822,s101.220822211
155_39,s7.631335763,s-5.458324350,s339.596866199
155_40,s2.173759043,s-1.576576124,s216.553417418
155_41,s6.415770455,s3.795169532,s5.587439787
155_42,s-6.422823769,s1.210871625,s128.709217949
155_43,s-5.717612822,s-7.152195484,s323.993852776
155_44,s-4.513708334,s-0.016364597,s194.529178640
155_45,s-1.076055591,s-3.694342829,s335.964601201
155_46,s-3.282370971,s-1.554463329,s55.813370241
155_47,s7.614687907,s7.341062806,s309.836453836
155_48,s5.445361770,s5.102861108,s158.009303300
155_49,s4.401827460,s4.805162282,s167.579015304
155_50,s4.253962476,s-6.988692239,s299.684672727
155_51,s2.567057245,s-5.052839713,s105.660869861
155_52,s7.212693721,s-1.224760908,s14.560668109
155_53,s5.202308440,s1.869423502,s358.651551719
155_54,s5.343453627,s-0.906438389,s312.021166580
155_55,s7.202548577,s-3.874155384,s330.033429233
155_56,s-5.112004165,s2.038398112,s343.079952006
155_57,s-7.650495344,s4.241030535,s159.938096376
155_58,s-7.006239443,s6.106925331,s261.481071531
155_59,s-5.446343028,s-0.182933896,s116.235199034
155_60,s-5.498024003,s2.980111357,s331.256852115
155_61,s-3.023654965,s-0.310063300,s72.075093132
155_62,s0.853424164,s5.081926672,s289.453546722
155_63,s6.653379898,s2.569948033,s264.408978273
155_64,s-2.271307825,s-1.534957867,s337.270624955
155_65,s-7.595212281,s4.808591206,s332.325326515
155_66,s2.424438919,s6.261278492,s188.460015831
155_67,s-5.209716476,s3.401441690,s141.244613340
155_68,s6.165549093,s-2.612502958,s266.619981745
155_69,s0.086631461,s-0.899316399,s274.934658522
155_70,s-3.422098690,s-2.815823078,s275.400084214
155_71,s-7.350885595,s2.657631269,s213.602074815
155_72,s3.174214697,s7.329297446,s310.851023373
155_73,s-2.233592297,s5.490923898,s320.385183101
155_74,s-2.502749502,s1.583981364,s298.878709573
155_75,s-1.307110476,s3.659765322,s168.963275392
155_76,s2.416607203,s3.457599674,s33.674757172
155_77,s-0.142958889,s-0.151029416,s296.627314250
155_78,s5.684766965,s-5.602339887,s308.184892640
155_79,s7.429947582,s2.711886276,s345.271776624
155_80,s-0.210419641,s-5.858041213,s189.084401359
155_81,s4.624393035,s-5.937254845,s13.405969043
155_82,s-0.662941893,s6.274838769,s358.474089497
155_83,s5.309290652,s3.224628515,s212.179714935
155_84,s-7.682629919,s5.684104121,s159.326914906
155_85,s-7.115621095,s1.943508445,s327.558599521
155_86,s-4.974610261,s5.310842400,s204.164217099
155_87,s-3.804370895,s5.518521115,s277.632455146
155_88,s-0.300591633,s-0.495561421,s74.935763483
155_89,s-5.316904037,s4.815669144,s141.197836282
155_90,s1.599111190,s-0.840568382,s13.623518293
155_91,s-1.846671572,s6.740641472,s205.035982534
155_92,s7.551711040,s5.290541918,s252.153990417
155_93,s-0.206297418,s-6.782023277,s232.589696312
155_94,s3.459976589,s-0.845248532,s156.834867729
155_95,s-1.464950620,s-1.308753554,s255.425408261
155_96,s5.490622496,s2.286345580,s65.498077966
155_97,s2.280652472,s1.989118849,s345.149000730
155_98,s-6.500203732,s6.907982105,s85.774693445
155_99,s-4.688059158,s-6.155825915,s338.613357088
155_100,s-5.031156586,s1.164677561,s208.352202190
155_101,s-2.382436356,s1.042889263,s155.607321699
155_102,s-4.492482862,s7.232843066,s194.586522671
155_103,s7.665887481,s4.786140055,s23.758076103
155_104,s-3.352876072,s6.511702573,s269.183327691
155_105,s-7.488278626,s7.284967892,s122.475439610
155_106,s5.878895292,s7.283076002,s127.969361245
155_107,s7.116032786,s4.159244952,s0.167418428
155_108,s3.180974764,s5.974167122,s269.918253665
155_109,s2.428003963,s5.115930593,s41.473065991
155_110,s7.432992857,s6.967316465,s224.534183067
155_111,s-6.580163475,s3.749561813,s38.870908559
155_112,s1.064029566,s2.951991653,s357.931781344
155_113,s-1.166545717,s4.313329095,s344.665593334
155_114,s1.485824232,s6.928711694,s184.699217007
155_115,s0.992728305,s7.045044613,s14.618647312
155_116,s-2.963998157,s7.185043547,s300.870382727
155_117,s-0.099843954,s5.543204963,s314.351888842
155_118,s4.381371289,s6.867240984,s205.373681447
155_119,s6.997211519,s-2.093403138,s315.217180565
155_120,s2.644334297,s5.117507896,s307.565688825
155_121,s-6.109689352,s7.213818531,s109.083757452
155_122,s-4.626650667,s1.612635816,s289.859449375
155_123,s0.088607070,s4.556892415,s352.046819466
155_124,s4.007223008,s2.414150319,s314.495446741
155_125,s5.576598731,s6.591119527,s300.107998931
155_126,s-5.389346808,s4.011271126,s271.194260438
155_127,s-1.758216295,s4.590144596,s292.931030599
155_128,s-6.866823829,s-2.241173331,s286.852876205
155_129,s-0.028178487,s2.160961607,s260.938935777
155_130,s4.606236470,s0.211419906,s122.437851424
155_131,s-6.133628836,s3.914823365,s294.994867875
155_132,s-3.363542093,s3.580292439,s67.386003891
155_133,s5.872987844,s4.343305582,s340.428795590
155_134,s2.072873922,s3.445351614,s128.287700770
155_135,s-3.740984425,s0.871259174,s302.321696593
155_136,s6.610160578,s4.755404257,s114.923257961
155_137,s-3.590358894,s-0.382295718,s127.324796988
155_138,s5.947292650,s5.844205391,s132.389930311
155_139,s0.693073859,s-4.564830199,s164.216050362
155_140,s2.218551241,s-3.460596752,s115.405417970
155_141,s0.532466677,s7.280573848,s345.682100044
155_142,s2.272087728,s3.911733923,s223.192580665
155_143,s-3.395837009,s1.292106120,s32.859208084
155_144,s-4.691537177,s7.310428263,s9.792910656
155_145,s-1.806380480,s4.961859998,s175.170303983
155_146,s-0.743217278,s2.383555146,s285.882787379
155_147,s-1.948911684,s1.927323435,s247.556636017
155_148,s5.102174093,s7.063348976,s93.299578115
155_149,s-0.210883413,s7.059451669,s321.707920013
155_150,s6.263425503,s0.375367863,s323.265452712
155_151,s2.552202572,s6.671500363,s85.168357218
155_152,s7.603347841,s3.678642895,s155.333500056
155_153,s3.009056740,s1.964844229,s122.455119898
155_154,s-6.916110992,s6.241522299,s107.940663033
156_0,s-6.455989209,s-3.723919134,s124.452953532
156_1,s-7.289703002,s-6.095915192,s48.207824667
156_2,s-5.085474478,s-5.447624072,s114.876967238
156_3,s-2.579489777,s-7.756039107,s264.423053379
156_4,s4.165470619,s-3.204164329,s98.554737439
156_5,s-6.812991607,s0.884087366,s62.820934421
156_6,s-2.234431893,s-6.337794979,s24.866216681
156_7,s-0.945637867,s-7.445533409,s75.659838541
156_8,s5.990453019,s-5.577993569,s205.847755680
156_9,s-5.472213935,s-2.205039338,s88.322982013
156_10,s7.503290964,s-0.787175661,s84.155417457
156_11,s2.310595497,s-1.201717309,s337.707115437
156_12,s4.253155993,s2.439978818,s339.855192806
156_13,s7.073023219,s-1.069033663,s302.254324167
156_14,s-5.265786000,s-3.073040757,s169.720121771
156_15,s-4.675781378,s1.523633136,s220.405387461
156_16,s-4.905402542,s-7.659269773,s2.249064229
156_17,s-6.556085868,s-1.690613022,s270.419200347
156_18,s1.132973969,s-7.247446553,s25.281753290
156_19,s0.457977295,s-4.418287264,s304.014838742
156_20,s-2.722620414,s2.959427118,s321.128286238
156_21,s7.311757493,s-3.992998689,s127.394450953
156_22,s-1.164362167,s-6.782867838,s147.138231670
156_23,s5.027461134,s-4.898060743,s104.562683924
156_24,s-2.434191863,s-0.590849613,s40.166679714
156_25,s7.154441137,s-6.029250045,s23.517069170
156_26,s1.779871313,s-1.842421182,s232.267417959
156_27,s5.277225357,s-1.352740869,s336.378167038
156_28,s-6.255899417,s-2.656541858,s272.643767679
156_29,s-6.630010898,s-5.354502135,s320.170299641
156_30,s-7.516856733,s-4.628670808,s209.753604460
156_31,s-1.042656923,s0.466410252,s233.147892387
156_32,s0.302530981,s6.578549695,s334.439409458
156_33,s0.808977113,s-5.053774621,s160.947709273
156_34,s-0.125131069,s4.407118438,s200.351162316
156_35,s-0.501996705,s3.291277777,s185.608518414
156_36,s6.079941042,s-0.272828268,s260.023986955
156_37,s-5.046018827,s5.885619801,s27.166071311
156_38,s-2.397149314,s-3.546255373,s135.036275379
156_39,s6.590942436,s0.764277301,s9.642184327
156_40,s7.388259867,s4.664863628,s239.660759365
156_41,s1.202115679,s1.654061905,s325.576744980
156_42,s-6.345428921,s3.756090574,s141.443437488
156_43,s-4.679214773,s-0.055229082,s281.717690557
156_44,s-7.619860464,s-2.191122743,s148.455001907
156_45,s2.568934390,s-3.200488464,s93.055474936
156_46,s-4.259985576,s-3.151785359,s246.263657125
156_47,s-2.975481847,s0.948679504,s249.319212514
156_48,s-2.805995721,s1.785283309,s221.115726589
156_49,s2.657216106,s-0.129664909,s0.130642621
156_50,s3.294329892,s-4.222974670,s29.618791843
156_51,s2.702918072,s-4.333152102,s133.591659529
156_52,s-2.647513096,s0.980616420,s96.116484528
156_53,s-1.668791716,s-5.743559620,s160.563370996
156_54,s6.568278224,s2.388630963,s167.218843133
156_55,s7.388511254,s0.807703382,s250.499806080
156_56,s-1.072097957,s-1.006043693,s126.231647435
156_57,s-3.565597002,s-3.017301141,s3.073042393
156_58,s-5.929490867,s4.337461927,s55.098258006
156_59,s-0.288122975,s0.959537955,s33.540928603
156_60,s-7.446546887,s-3.714584813,s8.419299298
156_61,s2.889629411,s-5.912010913,s44.875160769
156_62,s-6.151072441,s6.761177093,s131.551206984
156_63,s-3.846097198,s1.902201978,s5.616791381
156_64,s-4.601156227,s2.903902430,s147.266606344
156_65,s3.255983985,s7.250424435,s43.337565887
156_66,s5.862619837,s-2.016260641,s0.452460688
156_67,s5.194570114,s1.469955846,s357.125627832
156_68,s5.947628998,s6.842873512,s224.130060530
156_69,s3.488864883,s4.631662853,s193.836744109
156_70,s2.743013347,s2.731481354,s166.382638046
156_71,s-1.833168782,s-4.753490901,s286.014765146
156_72,s-1.964321434,s5.205909696,s38.196886323
156_73,s-4.055657633,s6.632886498,s340.043429967
156_74,s-3.715272626,s-3.445471183,s356.822762819
156_75,s1.389130001,s3.732845101,s111.365391611
156_76,s-1.821842414,s7.166194179,s48.697741992
156_77,s-0.181650071,s-3.210242271,s84.906693242
156_78,s4.482902740,s6.085838311,s78.749268170
156_79,s-0.072036283,s-3.003309270,s64.419281152
156_80,s2.987278377,s-7.315631437,s324.962308000
156_81,s-0.113509996,s5.406995745,s309.785180688
156_82,s3.566991533,s0.166011249,s321.884967154
156_83,s4.783531280,s-2.523242883,s116.957246759
156_84,s-6.707080772,s2.398025728,s84.988731050
156_85,s-3.046578077,s-2.855890839,s34.509633773
156_86,s-4.924058325,s4.136769668,s338.455987338
156_87,s-7.443136076,s2.006917759,s207.479565128
156_88,s-1.770388767,s5.801776596,s331.385834939
156_89,s1.638405225,s-0.695873800,s198.359710538
156_90,s4.313343065,s7.313797493,s8.798964023
156_91,s2.066890462,s-0.810820053,s213.345195463
156_92,s1.965371342,s6.638137769,s141.235518610
156_93,s4.601996595,s6.347022825,s162.805836101
156_94,s-1.749035678,s6.622256937,s167.765514281
156_95,s6.420384330,s5.244787240,s92.225939663
156_96,s1.367547340,s1.406897330,s356.816394741
156_97,s-2.063717297,s3.668343720,s306.748358124
156_98,s1.013531452,s6.001429713,s321.879160998
156_99,s-0.344303551,s7.269538710,s137.111303325
156_100,s-7.406283786,s-1.197295918,s315.774103585
156_101,s-5.839177497,s0.638081551,s20.489404182
156_102,s-6.911950342,s5.916922103,s78.066922142
156_103,s-2.254460897,s6.754350696,s59.458914661
156_104,s-2.390530639,s-5.355974901,s197.159996950
156_105,s-2.343612731,s-4.057021979,s62.439622256
156_106,s-3.810103909,s-1.142843935,s186.895396905
156_107,s-3.735659607,s4.198149044,s264.199147684
156_108,s-0.461843421,s2.131570953,s107.677465518
156_109,s3.249072434,s0.489935667,s146.913292758
156_110,s4.977576703,s7.013009384,s76.388404841
156_111,s4.980956030,s4.353193619,s153.722711916
156_112,s-7.539032768,s5.120103726,s108.924586522
156_113,s-5.861897440,s7.342808401,s163.774752722
156_114,s-3.995085851,s2.230485396,s334.459192362
156_115,s-6.816116218,s6.072241691,s152.912310776
156_116,s0.743580000,s2.377397427,s31.330515837
156_117,s-4.766734769,s2.379276187,s183.561153943
156_118,s-4.287380586,s5.519634634,s212.063038899
156_119,s-3.749452766,s7.101208194,s78.920940013
156_120,s5.412316537,s7.348833247,s226.706839758
156_121,s5.857287030,s2.436122004,s162.469425063
156_122,s4.376828171,s4.890553308,s279.538104519
156_123,s7.568385569,s2.776229990,s245.402637671
156_124,s-0.820422546,s6.374005072,s216.920907031
156_125,s1.494803600,s-2.398893010,s100.849464743
156_126,s-0.310159825,s6.031163133,s57.542169594
156_127,s-5.490831768,s7.261419164,s210.594705653
156_128,s1.560178161,s4.675513312,s50.021292766
156_129,s-5.653361268,s3.633422904,s55.471131647
156_130,s0.549872684,s7.250402955,s116.190979976
156_131,s2.073178963,s7.274631270,s267.767995494
156_132,s1.550038160,s7.280226291,s29.008385880
156_133,s5.256019775,s-0.415696031,s88.273225909
156_134,s-4.736856650,s3.688092610,s290.148300227
156_135,s2.170067488,s0.693789025,s255.801551440
156_136,s-0.145359530,s0.079365765,s218.431444669
156_137,s5.767060340,s5.488457007,s64.188465976
156_138,s7.156754205,s5.330480614,s265.307351087
156_139,s4.932000323,s3.637044780,s284.183795803
156_140,s-7.449070140,s6.926278594,s75.077905801
156_141,s-3.590330940,s5.008832079,s91.756157590
156_142,s-6.054315989,s7.269732436,s151.080965748
156_143,s-0.422015210,s4.857291183,s257.419765419
156_144,s0.534865632,s-1.205011683,s304.025617239
156_145,s2.776336935,s4.001204417,s294.970798861
156_146,s3.364973762,s5.612014430,s178.750767135
156_147,s7.507523490,s6.598739123,s161.154195838
156_148,s3.395446181,s3.208664715,s94.691853643
156_149,s3.946252294,s6.992827624,s355.334801080
156_150,s-2.595123928,s3.021548513,s173.050737646
156_151,s3.850188808,s3.950118641,s50.264071587
156_152,s7.573435835,s3.232101142,s113.969519953
156_153,s7.160444480,s7.290745197,s218.239736240
156_154,s-7.577724358,s4.522182368,s281.748691414
156_155,s0.342703058,s1.338965559,s294.935559335
157_0,s-6.754794302,s-4.148389787,s137.856688729
157_1,s-0.281141720,s-1.599410813,s307.450924212
157_2,s-7.550287140,s-6.993574051,s154.610258959
157_3,s-2.291111810,s-3.032019694,s31.356396965
157_4,s-1.344548689,s-1.301400842,s256.198675439
157_5,s-4.558882673,s-7.712890710,s258.509475803
157_6,s-2.317515176,s-5.435822418,s90.062880379
157_7,s-6.286879729,s-1.273915041,s123.683815322
157_8,s-0.349794625,s-7.600479947,s240.614001225
157_9,s0.638641891,s-2.822686585,s216.122962736
157_10,s1.642956105,s-1.602415846,s118.538810251
157_11,s7.832100964,s-4.713636954,s195.034073959
157_12,s3.919344453,s-0.742746529,s130.526337552
157_13,s2.113465051,s1.947120997,s71.346596303
157_14,s-6.321048938,s-1.730992860,s205.509431406
157_15,s-6.923873827,s-2.295302801,s190.324188491
157_16,s-6.207430733,s-7.469928557,s175.481165952
157_17,s-1.203601921,s-2.065801561,s238.567883000
157_18,s-7.646659620,s0.016737973,s47.645450339
157_19,s-0.414142181,s-4.298850602,s104.115170634
157_20,s2.886346463,s6.906354104,s1.636987469
157_21,s4.940379875,s4.349698423,s79.185879666
157_22,s5.118632590,s3.803395890,s276.826286431
157_23,s-0.127118760,s-6.396600126,s29.381687309
157_24,s6.299988921,s-6.494907358,s287.133673936
157_25,s4.734618619,s-5.768933210,s88.608589939
157_26,s7.733617523,s-2.637756946,s22.011802816
157_27,s7.442454919,s-6.939462995,s247.520462626
157_28,s-5.543028226,s7.330275771,s98.901661261
157_29,s-7.007583514,s0.809229625,s105.605134164
157_30,s-0.854149639,s7.397985773,s339.707181173
157_31,s-5.541493532,s3.708424313,s9.265475777
157_32,s-5.248516746,s-6.217704337,s53.485430872
157_33,s1.391288526,s-6.792411134,s251.282712011
157_34,s-1.592807254,s-3.809436054,s38.948772030
157_35,s4.100802192,s2.764827292,s76.442674753
157_36,s6.126191840,s-4.628624379,s246.999701614
157_37,s-1.460030694,s-5.721501460,s127.568292032
157_38,s1.400118530,s-4.194373681,s104.095489643
157_39,s2.111441504,s2.710569257,s251.232230859
157_40,s3.833898138,s-3.841573180,s303.259895770
157_41,s6.482440252,s0.648631838,s304.158317255
157_42,s-7.647307438,s1.388337454,s161.829484053
157_43,s-1.311878698,s0.046563281,s263.094044741
157_44,s3.391921330,s-5.777807931,s289.435542821
157_45,s-1.485395936,s3.574039919,s197.872217080
157_46,s1.281856049,s4.473540713,s355.455900589
157_47,s-7.587415403,s-4.096559580,s327.619563781
157_48,s-6.018413184,s-5.219587032,s23.306905715
157_49,s3.644040953,s5.379445820,s10.663848512
157_50,s4.804413309,s2.803228686,s247.297839637
157_51,s0.319162896,s7.087361150,s58.433647746
157_52,s4.643805157,s-2.743123011,s21.199394415
157_53,s7.322160628,s-1.091336008,s267.080435524
157_54,s4.481929600,s-6.306010098,s185.192446172
157_55,s4.698278966,s-0.923509275,s236.707888824
157_56,s-7.633958163,s4.072519478,s317.238572070
157_57,s-7.443046043,s5.686374821,s331.077627894
157_58,s-7.656359808,s-1.845064687,s331.388485967
157_59,s-2.623939820,s0.516741621,s93.028653256
157_60,s-4.217582215,s0.304305632,s331.635407338
157_61,s0.302221303,s2.381036388,s237.799540030
157_62,s-2.522234280,s7.493598324,s80.312033843
157_63,s1.848427177,s-0.878493600,s0.728144803
157_64,s-3.224040492,s5.420648381,s123.322464999
157_65,s0.619949102,s6.549084639,s191.039430405
157_66,s5.559720484,s-3.692762855,s143.204975949
157_67,s4.400971028,s0.566820835,s24.734582663
157_68,s5.078526183,s1.659547259,s32.892159375
157_69,s2.562873323,s-0.608039243,s283.426872833
157_70,s-6.268392657,s2.742324751,s67.686202896
157_71,s-7.613337544,s2.047051176,s280.935340349
157_72,s2.080555250,s0.107809747,s291.940370206
157_73,s-3.519445368,s-2.488082362,s220.659216639
157_74,s-0.154498437,s-0.837093111,s17.814800430
157_75,s-5.287370419,s-2.184399258,s255.126624383
157_76,s-0.268984903,s6.558771324,s251.760185703
157_77,s-4.739780841,s1.903995359,s176.407454017
157_78,s-2.140116592,s-7.814898838,s253.674986137
157_79,s2.475519158,s6.265641755,s61.289178094
157_80,s3.354888570,s-7.753518639,s79.475756706
157_81,s0.631277925,s-4.081854294,s244.058453702
157_82,s6.569018072,s3.885632958,s5.833018162
157_83,s5.579141693,s5.317388954,s126.501189244
157_84,s-1.846054738,s2.238422607,s189.037972449
157_85,s0.264286204,s4.928031417,s295.424790477
157_86,s-3.497495664,s1.486262993,s174.630403803
157_87,s-6.695135490,s3.835101171,s54.718173666
157_88,s-4.891137532,s4.949428486,s195.069856692
157_89,s2.378808195,s4.711275546,s193.384033929
157_90,s-4.784902475,s2.061957778,s65.916239561
157_91,s7.063014884,s3.799170064,s170.935305325
157_92,s5.994227182,s6.878980793,s109.217384983
157_93,s-3.400034274,s6.290971710,s9.270097967
157_94,s0.407234181,s4.063659365,s173.768613181
157_95,s2.692203980,s-2.493394613,s232.844528169
157_96,s7.716814638,s0.678213241,s145.967808408
157_97,s5.086135749,s7.279948396,s282.552740762
157_98,s-6.373903688,s0.653361238,s129.567381503
157_99,s-6.839626052,s6.164655160,s249.353379765
157_100,s-5.231984240,s-1.310636485,s6.309187171
157_101,s-1.888601240,s5.597893598,s109.185043305
157_102,s5.523219079,s5.991980640,s61.104315736
157_103,s-7.592118592,s-3.346712923,s329.527657081
157_104,s-2.147794405,s4.007406805,s258.683520134
157_105,s4.102446732,s4.122558121,s276.129795056
157_106,s-4.792241524,s6.321032453,s192.863121552
157_107,s0.172371809,s1.322882801,s226.866321065
157_108,s7.570990076,s7.498898335,s141.439140485
157_109,s3.207508027,s3.695845160,s132.938804890
157_110,s-1.559151960,s2.615017549,s130.721951914
157_111,s7.647023563,s-0.095074572,s111.582343353
157_112,s1.364572858,s1.112475615,s227.790771432
157_113,s-3.893201035,s3.531696560,s14.658278409
157_114,s-6.694383567,s4.342945240,s268.050945838
157_115,s0.474469699,s-0.536465608,s46.086406643
157_116,s2.777880910,s0.154119621,s281.292015172
157_117,s2.886289203,s6.334987849,s160.910475828
157_118,s-0.832703145,s0.344187130,s90.510157169
157_119,s3.713550784,s7.439559755,s288.700800181
157_120,s5.798356755,s3.392250106,s31.164412889
157_121,s6.134903049,s7.539466431,s26.070948442
157_122,s6.483228311,s-1.608171967,s245.775086843
157_123,s-5.570960891,s1.631397728,s326.690684793
157_124,s4.722813668,s5.143466636,s343.589449590
157_125,s-0.082313270,s2.746102842,s182.402688205
157_126,s-3.987254353,s4.562588336,s319.947696633
157_127,s-7.791971150,s3.003222909,s30.189140908
157_128,s2.975446755,s5.293266587,s11.568748182
157_129,s5.410549903,s6.476659718,s19.096281428
157_130,s-1.714071636,s6.869640105,s120.902560221
157_131,s4.816058620,s7.431092129,s59.177714513
157_132,s0.750637425,s2.905141938,s241.112786445
157_133,s-0.567707450,s4.007729400,s109.848193253
157_134,s4.692063644,s3.580051288,s85.042977969
157_135,s-5.437170316,s7.446839749,s137.327373342
157_136,s5.761390892,s-0.559259334,s74.164835086
157_137,s3.684111535,s6.477789854,s205.788288814
157_138,s4.975622411,s2.721838961,s96.693397665
157_139,s7.084433969,s7.464675902,s102.800188365
157_140,s-7.660837005,s6.748002108,s55.982293114
157_141,s-3.187961940,s2.555871099,s237.983134800
157_142,s-2.883051686,s-1.557777330,s235.932878839
157_143,s-3.431677540,s7.473936841,s7.305998550
157_144,s-6.034151493,s6.570016142,s26.551778005
157_145,s-3.239565634,s7.371173725,s239.233579772
157_146,s-0.615144410,s1.587172184,s317.289319814
157_147,s-4.597563719,s4.801780129,s75.205540882
157_148,s7.526762322,s6.559216015,s274.823760791
157_149,s-0.772280416,s5.593014131,s143.690109560
157_150,s-3.948835308,s1.646257897,s25.868507982
157_151,s7.737569522,s4.717028027,s179.819016319
157_152,s5.850120501,s1.475721278,s276.204168474
157_153,s7.179604229,s3.479330911,s57.766391285
157_154,s-3.964725937,s7.127838135,s85.041379440
157_155,s-7.061289725,s7.496758930,s68.558920582
157_156,s-6.445936921,s7.364768677,s211.904685912
158_0,s-6.807073214,s-7.469487410,s216.513774881
158_1,s-5.233767057,s-3.370620457,s51.044898689
158_2,s-5.315206345,s-7.550318549,s55.590533936
158_3,s-3.402774119,s-6.707942440,s16.710641171
158_4,s-2.703368220,s-5.608643287,s256.921592736
158_5,s0.949784151,s0.642869975,s123.785720394
158_6,s1.138620289,s-3.183054836,s323.091036517
158_7,s-4.729023559,s-1.432856638,s157.873207209
158_8,s1.792879685,s-1.718304357,s109.576415684
158_9,s-1.835981839,s6.762835482,s130.785526443
158_10,s0.681158305,s-2.338230774,s315.801769296
158_11,s6.999867372,s-7.022716509,s224.817116185
158_12,s0.394385156,s-2.161748454,s56.257391930
158_13,s6.865266489,s-2.801069291,s274.856548182
158_14,s-7.940333333,s-0.542464554,s293.165943863
158_15,s-4.783523139,s-6.035018853,s75.915171916
158_16,s-7.659348089,s-2.413576532,s338.554916145
158_17,s-8.000145390,s3.650482445,s31.023336824
158_18,s0.313530206,s-5.686367974,s125.554204642
158_19,s-0.467276918,s-7.988764566,s35.573003105
158_20,s-2.339521628,s-4.697539919,s180.219676831
158_21,s-0.703436634,s-5.930793706,s41.281981631
158_22,s0.321624744,s-7.107529823,s125.272356942
158_23,s1.203821958,s-7.520257145,s247.935230357
158_24,s-1.749668965,s-2.580555109,s185.560102708
158_25,s4.677202339,s-2.495480476,s299.383460193
158_26,s5.971009086,s-2.350317376,s73.006288372
158_27,s5.124339253,s1.499186852,s133.698418786
158_28,s-1.869704736,s-0.734681269,s317.700891720
158_29,s-3.888718656,s-1.349039752,s93.624184063
158_30,s3.226988882,s-1.227503819,s194.749987077
158_31,s-6.394772321,s-1.158566584,s169.361098082
158_32,s-1.201930704,s-1.856548126,s347.085638454
158_33,s0.910297513,s-0.855975757,s92.978748002
158_34,s-1.805244352,s-3.228308020,s282.549283875
158_35,s4.082890074,s2.474794042,s141.016396178
158_36,s5.229849013,s-7.394099333,s151.197379185
158_37,s3.256591639,s0.588821397,s116.374600534
158_38,s6.339887943,s-5.033753165,s336.963780347
158_39,s-3.316523676,s-3.573770453,s94.263067825
158_40,s3.942309268,s4.906370803,s344.391869870
158_41,s5.619644573,s-3.175886449,s106.035874568
158_42,s-3.572143020,s-7.258883487,s31.299568229
158_43,s2.843583828,s0.302762704,s139.717521577
158_44,s4.616843670,s-0.937552678,s96.463678926
158_45,s-6.541683515,s0.846505371,s162.293759818
158_46,s-7.372019586,s3.343412783,s108.527814017
158_47,s-5.068673423,s0.831527072,s22.313680832
158_48,s-1.905155072,s-6.401410552,s90.664586884
158_49,s-6.829347952,s1.291801279,s344.053689870
158_50,s7.615063385,s-3.436073526,s355.537616601
158_51,s6.282096439,s-3.768268103,s84.663186693
158_52,s4.119086066,s-2.811463103,s10.418554408
158_53,s1.071260518,s3.250566126,s24.465457870
158_54,s6.062311196,s0.251741641,s263.111191588
158_55,s6.098088171,s-0.419308952,s281.117837090
158_56,s-6.056888927,s3.064505836,s252.454308466
158_57,s1.700595525,s2.579532291,s210.744844899
158_58,s6.139202275,s2.376499363,s300.544054931
158_59,s0.307692470,s-2.803885929,s234.186119368
158_60,s-1.818708248,s-4.109721865,s308.750912721
158_61,s-3.245008298,s0.287488730,s75.399636972
158_62,s-2.923446231,s2.261708818,s186.139061168
158_63,s5.178641035,s4.666070306,s154.962671265
158_64,s7.552248398,s-0.684357630,s315.528620247
158_65,s1.832448789,s4.253295425,s344.518170518
158_66,s7.573871361,s-7.706408833,s49.260684573
158_67,s5.490061790,s-0.740916285,s88.473717796
158_68,s3.583158035,s3.874185534,s179.554880548
158_69,s6.230214826,s-0.388047110,s325.689448678
158_70,s-4.091264981,s5.683739896,s169.864703829
158_71,s-6.001453210,s3.770030192,s59.119421931
158_72,s-7.314572599,s4.891192857,s352.225134462
158_73,s2.610704238,s5.594193564,s153.407275793
158_74,s-0.653193998,s1.329062808,s12.983549071
158_75,s5.293168284,s0.925610964,s35.778656310
158_76,s4.691783530,s-3.846584562,s165.207827680
158_77,s2.625432573,s2.588795396,s41.642089673
158_78,s-5.602351119,s4.634660954,s192.964235314
158_79,s6.430211024,s5.173517543,s331.576313519
158_80,s-2.424072328,s1.297417511,s38.291205098
158_81,s2.420715388,s2.373739558,s166.478145585
158_82,s5.506985905,s4.034219461,s216.267460391
158_83,s5.805217410,s7.498098600,s67.650270918
158_84,s-1.020298201,s2.627290765,s131.236281387
158_85,s-7.222593695,s-0.237479086,s292.261954921
158_86,s-6.094803095,s0.017835943,s76.850308616
158_87,s-6.584688533,s6.169059456,s250.843916907
158_88,s-0.397317607,s0.721233158,s138.834580635
158_89,s-6.434515957,s-3.508275842,s98.656854728
158_90,s-0.263546940,s4.892040454,s295.973041619
158_91,s0.668465849,s5.692245213,s174.490065776
158_92,s-5.329483273,s3.441274250,s150.286439903
158_93,s-0.980774539,s-0.127266302,s129.553145771
158_94,s-2.726161142,s-2.319625380,s149.329160278
158_95,s-3.431435240,s6.636222439,s216.180508268
158_96,s1.706079342,s3.172014817,s7.717420128
158_97,s6.653993447,s7.266954714,s49.874675169
158_98,s-7.528774819,s-4.697596327,s134.031503977
158_99,s-3.074220534,s4.286333174,s229.118300595
158_100,s-7.455073649,s-5.611257849,s269.836250492
158_101,s-2.986821174,s-1.117588257,s57.390411322
158_102,s-7.173030549,s3.931628511,s59.218686634
158_103,s4.502157144,s-1.848392940,s30.614071664
158_104,s7.667797806,s5.901789170,s291.436741974
158_105,s1.771461776,s5.108017611,s136.516380915
158_106,s-7.894746041,s2.385082231,s282.253344646
158_107,s5.411141448,s6.432882521,s150.393093711
158_108,s4.840539900,s2.941866246,s58.140422964
158_109,s-0.278603206,s1.751090511,s102.363527097
158_110,s2.591580960,s4.203892626,s117.989362324
158_111,s7.667797806,s6.436881097,s183.064454710
158_112,s-5.911752866,s2.493959484,s205.371181273
158_113,s-5.315422182,s5.862390891,s34.875775452
158_114,s-1.607864011,s-1.983530376,s353.719385049
158_115,s-3.876593796,s7.454719746,s337.734474828
158_116,s-6.854099830,s2.447873691,s183.640747837
158_117,s0.905431907,s6.674556890,s12.860111571
158_118,s-2.806238694,s7.200561315,s334.505017752
158_119,s0.374192262,s1.973137131,s139.343253062
158_120,s-2.200614439,s2.175732800,s205.339742644
158_121,s-1.979442967,s5.112373187,s66.311103038
158_122,s5.895858945,s7.498098600,s221.469274366
158_123,s6.339903100,s3.690690526,s214.871428488
158_124,s2.586979668,s7.171109620,s135.693768412
158_125,s4.892777085,s6.342088433,s266.553753850
158_126,s-4.932743565,s4.010247779,s18.867282655
158_127,s-4.632273307,s5.429020785,s305.014133014
158_128,s-0.585273963,s6.669782468,s292.106200830
158_129,s-6.232474063,s6.870369065,s57.429441739
158_130,s7.242765788,s4.729259000,s190.922393245
158_131,s-7.574491011,s7.444909632,s31.655953361
158_132,s2.480625221,s4.416937022,s75.891290652
158_133,s-3.860932901,s3.135577802,s204.068601675
158_134,s-1.928471450,s7.008743825,s176.364265023
158_135,s-4.138198890,s4.952045386,s195.541028810
158_136,s7.588114561,s7.190030817,s298.784401419
158_137,s-1.214641821,s5.337745063,s23.381526433
158_138,s2.928816253,s7.068413481,s290.627895421
158_139,s7.258409749,s5.065858377,s190.190410989
158_140,s-7.441509984,s5.741722231,s230.886526771
158_141,s-2.751666484,s4.941407913,s47.833044379
158_142,s2.792153472,s6.980577906,s251.951698107
158_143,s0.314131397,s4.030789571,s258.011424231
158_144,s0.039965247,s3.489427493,s114.459293433
158_145,s-3.132951800,s7.461043364,s320.501012545
158_146,s-4.014390629,s3.812181378,s1.288767952
158_147,s-1.616092403,s7.222966594,s163.872316760
158_148,s0.774508760,s3.584186378,s102.588263124
158_149,s7.631835862,s1.285366102,s21.021671859
158_150,s3.180629800,s5.785577675,s195.578336315
158_151,s7.529814271,s3.505799459,s83.996912055
158_152,s6.066672406,s0.843365952,s217.520651001
158_153,s6.516515210,s2.065790224,s228.729932661
158_154,s1.525599825,s7.133492783,s25.831950799
158_155,s-5.332585840,s7.433672120,s89.892792797
158_156,s-7.938254886,s5.503563258,s352.566898293
158_157,s1.502708265,s7.473801439,s314.723224933
159_0,s-6.166905187,s-5.444213955,s137.117303016
159_1,s-3.150634239,s6.446983347,s45.677468792
159_2,s1.230661879,s-2.044684532,s185.321968948
159_3,s-6.531458239,s3.736066036,s62.618389602
159_4,s-5.030339799,s0.547795262,s238.945150582
159_5,s-5.561154474,s1.890827136,s233.125050979
159_6,s0.255808282,s-1.233821987,s355.855498629
159_7,s6.765828020,s5.331397037,s114.517528772
159_8,s-3.623467492,s-6.716494249,s297.934186521
159_9,s6.366010910,s-0.357461991,s157.046637252
159_10,s3.097801995,s4.305629718,s125.409218043
159_11,s4.611941751,s-5.606578460,s351.555785700
159_12,s7.473561433,s-6.247142593,s358.326155357
159_13,s7.182462008,s-1.486020265,s82.227122135
159_14,s-2.431981760,s-4.612885793,s17.738179624
159_15,s-2.921202783,s-5.789419591,s209.304922059
159_16,s2.227731358,s-6.815944843,s324.691438539
159_17,s-6.591045767,s-6.617878887,s345.643795418
159_18,s-4.433415699,s2.392090437,s20.394669812
159_19,s-4.494404205,s-2.838853216,s27.082946003
159_20,s-7.271747668,s-1.164692252,s158.249952004
159_21,s-7.133792172,s0.999279318,s341.379121696
159_22,s0.501615072,s-0.287330244,s70.868603315
159_23,s3.679268066,s-6.078299867,s319.006732458
159_24,s-0.301848718,s-3.296002362,s66.873582818
159_25,s3.547472952,s-1.829980879,s51.197452219
159_26,s5.127015960,s-6.735575731,s1.960271704
159_27,s6.243092169,s0.420118641,s178.744241325
159_28,s-5.402396833,s4.226941515,s307.004311030
159_29,s-3.209516855,s-4.552086521,s2.146555050
159_30,s-0.452667414,s3.707094494,s345.336177171
159_31,s4.503378600,s-4.318296781,s33.248431837
159_32,s-2.430685309,s-0.660949352,s15.764559121
159_33,s7.286916117,s2.780697954,s44.878475807
159_34,s-3.725087177,s0.116025455,s141.852278710
159_35,s-0.250074548,s-7.302768715,s94.753418771
159_36,s4.445543006,s-2.507089178,s170.754100848
159_37,s7.267922413,s-0.012303273,s127.087796221
159_38,s-3.394489208,s-2.226694138,s29.435532053
159_39,s2.457682006,s2.866445642,s93.183397571
159_40,s2.153722270,s-5.758964125,s47.321185354
159_41,s7.089665818,s-0.684141009,s71.334322957
159_42,s-7.290538165,s1.634343358,s41.766186241
159_43,s-6.010141863,s-3.858553469,s253.604384843
159_44,s-6.168031615,s6.234434002,s183.580484504
159_45,s1.959767184,s-4.410030909,s91.194998491
159_46,s-3.932256297,s-4.548917898,s152.701421584
159_47,s1.570012444,s-3.489623874,s71.960568791
159_48,s4.558556483,s3.152950847,s328.413204239
159_49,s-0.176118045,s5.809757067,s27.940170486
159_50,s5.012160813,s0.010307431,s264.291714290
159_51,s1.379950928,s0.890220309,s312.953957648
159_52,s-0.866268320,s7.051173308,s161.161203413
159_53,s6.924036571,s-2.956706910,s101.217438021
159_54,s5.581862741,s1.832191096,s257.599916929
159_55,s4.534353064,s-1.604892317,s195.894294059
159_56,s-6.542478436,s2.376745975,s100.245000173
159_57,s-3.357647602,s3.102358257,s247.498494081
159_58,s-7.210291109,s-5.136921882,s44.091353191
159_59,s-2.452834105,s2.497838946,s142.805538555
159_60,s0.374326613,s2.288926117,s278.903377892
159_61,s-5.433984223,s-0.548429978,s7.748451195
159_62,s3.067287807,s-3.641719234,s38.597841596
159_63,s2.030406461,s-2.097526458,s80.451744776
159_64,s4.259643224,s7.419858460,s238.968235880
159_65,s0.780145127,s3.398228227,s37.949185485
159_66,s4.303253655,s4.451794055,s241.984685894
159_67,s-1.630932395,s-4.354434544,s197.908715643
159_68,s-1.021974930,s5.189318857,s36.370393276
159_69,s6.299115106,s2.164557463,s128.688284934
159_70,s2.431188147,s-2.781588114,s278.997679479
159_71,s-6.522880206,s5.060657671,s67.627760373
159_72,s0.261910633,s-5.331335441,s157.533414252
159_73,s-6.961585818,s5.417320373,s310.339488727
159_74,s-3.601208792,s4.515862198,s187.146603488
159_75,s5.560509169,s6.719747752,s223.021593835
159_76,s-2.917633975,s-3.094796210,s132.993914123
159_77,s6.096424552,s7.396904920,s282.939158800
159_78,s0.630307102,s5.930673769,s112.404388080
159_79,s3.256594190,s7.442795809,s253.225992494
159_80,s4.135859582,s-4.152805148,s250.802027996
159_81,s7.251267195,s-5.194617001,s105.791458503
159_82,s5.573478782,s2.734461858,s162.622880018
159_83,s1.142228353,s6.663525687,s118.807268959
159_84,s-6.132753029,s7.024740423,s109.247475211
159_85,s-4.165508137,s7.354910750,s331.952799471
159_86,s-1.639314861,s3.753716814,s27.748749723
159_87,s-5.455007214,s4.185642855,s256.837521865
159_88,s-6.935153588,s4.587270577,s283.392132695
159_89,s-4.107102934,s1.038286937,s130.480792943
159_90,s-3.762786600,s-1.130871957,s314.226887797
159_91,s3.444796293,s5.808170349,s343.460267337
159_92,s3.591256278,s0.290248335,s337.082770416
159_93,s2.496550903,s6.478395217,s271.518781175
159_94,s5.351498354,s7.303679141,s134.661429800
159_95,s1.582192322,s3.100644037,s344.661142164
159_96,s4.880062889,s5.694823564,s7.216786062
159_97,s6.669144078,s-7.312625784,s174.196208391
159_98,s-4.120691665,s-0.580876025,s81.620396795
159_99,s-5.224988842,s-0.982740704,s21.730275527
159_100,s-1.757373223,s6.646679485,s153.130492062
159_101,s5.519806035,s5.727015991,s116.260587390
159_102,s-5.746574876,s-0.096190057,s103.622461395
159_103,s-3.983538313,s5.448930255,s333.724030533
159_104,s-4.908592644,s5.273626227,s196.567002037
159_105,s-0.417846069,s0.318677752,s24.891829334
159_106,s-0.075128216,s6.071764716,s94.295926572
159_107,s7.184833401,s7.409211214,s330.943621104
159_108,s7.438874260,s1.006235221,s143.072337048
159_109,s2.255806283,s-0.653835037,s199.440131851
159_110,s-1.533406647,s4.731181048,s187.202156610
159_111,s0.643075041,s-6.878623261,s255.947895273
159_112,s-7.442204159,s6.984909063,s205.194415023
159_113,s1.021888417,s2.022603845,s191.675414954
159_114,s-3.181859902,s3.942635480,s271.678885588
159_115,s-6.282066083,s5.534159597,s85.009776394
159_116,s-3.164226826,s1.775570964,s107.660615570
159_117,s-1.557939888,s7.465778076,s107.808039534
159_118,s0.592548226,s5.039717504,s53.894702357
159_119,s-1.696445897,s-3.461157070,s256.145530876
159_120,s-5.304316061,s3.037660920,s248.040175463
159_121,s1.699301229,s7.518084851,s100.120124052
159_122,s2.442918346,s7.354603288,s156.652002365
159_123,s2.179080204,s0.931740566,s140.070694312
159_124,s6.185488521,s-3.107724489,s95.285562665
159_125,s5.719221064,s6.294741874,s273.286820738
159_126,s-3.235786674,s7.369020527,s212.025604476
159_127,s1.280298671,s-0.623288133,s127.730732174
159_128,s4.424146819,s5.295995419,s162.622058199
159_129,s-4.781056866,s6.726194984,s93.046953827
159_130,s-1.045731736,s3.532985143,s107.474720630
159_131,s-4.251553330,s4.432877466,s341.712119273
159_132,s-3.639924047,s2.530714032,s346.954806463
159_133,s6.924805054,s6.298122149,s46.514778723
159_134,s-7.156201658,s6.770313219,s138.603783986
159_135,s-2.893245251,s0.087658050,s310.081642247
159_136,s0.198225471,s7.298295884,s292.990739684
159_137,s7.425685448,s3.856974955,s135.180119428
159_138,s0.714370052,s4.243313460,s262.462955338
159_139,s6.530843277,s7.282620740,s205.345582779
159_140,s-5.846875508,s6.771044793,s41.979432004
159_141,s-3.295136229,s6.790259381,s297.962559002
159_142,s-5.447483838,s7.301010108,s332.540809929
159_143,s-7.201339193,s0.130332841,s28.999190733
159_144,s-1.852772037,s-0.764270767,s31.119324455
159_145,s4.561816478,s6.293634521,s192.814190130
159_146,s6.921400488,s0.843486317,s202.378056487
159_147,s-1.435370412,s0.729739975,s52.838220440
159_148,s-2.589207631,s4.907595794,s289.249370248
159_149,s-2.275592069,s5.828524095,s185.213641774
159_150,s5.433910010,s4.292368871,s148.387057970
159_151,s7.061679353,s4.376124178,s91.967964340
159_152,s1.564525151,s4.053916948,s94.915213684
159_153,s3.202967569,s3.626361473,s132.470723888
159_154,s-2.462967159,s2.256542082,s0.416558929
159_155,s-3.019856366,s7.314949908,s330.434283342
159_156,s-0.727398484,s-0.971357422,s340.770673009
159_157,s-6.897886231,s7.518084851,s256.553867161
159_158,s5.206283282,s1.259735019,s252.654743837
160_0,s-2.733246022,s-2.449780673,s299.446250115
160_1,s-7.159303196,s-6.921285177,s334.402640749
160_2,s-3.505284327,s1.668631713,s81.991084359
160_3,s-2.472178400,s-6.304298208,s226.564019127
160_4,s3.612144567,s-6.061973043,s89.855396341
160_5,s-1.660594141,s-1.637766036,s227.971797187
160_6,s5.234364388,s-2.081154695,s351.790265047
160_7,s-2.043658840,s-5.088425873,s330.009670473
160_8,s-1.033297851,s-4.419530515,s178.550306644
160_9,s5.020961945,s-1.495085606,s258.745150332
160_10,s4.731182866,s-5.858507967,s295.677493638
160_11,s4.095974486,s-5.350832622,s303.225282648
160_12,s0.785201444,s3.798226325,s289.777935570
160_13,s-1.316675379,s-5.445891027,s79.398259689
160_14,s-5.887090864,s-2.197801393,s157.702970402
160_15,s-4.978495836,s-5.471028450,s315.228449085
160_16,s-3.631085413,s3.449658627,s313.729606160
160_17,s1.153406481,s-7.363997403,s281.731338075
160_18,s-5.364698417,s-3.959131636,s65.165573465
160_19,s-0.614710076,s-1.556345122,s299.210839718
160_20,s6.066192356,s-7.152039117,s169.391591660
160_21,s5.510283326,s1.934906165,s239.941710789
160_22,s-0.606524747,s-6.778291458,s78.880344605
160_23,s-2.018511530,s-3.099779060,s74.052501677
160_24,s4.638928589,s-7.363997403,s291.121150676
160_25,s7.142709016,s-0.585611383,s97.667679360
160_26,s1.749317331,s-6.163851302,s299.017285716
160_27,s5.481477238,s-3.619028360,s147.398687993
160_28,s-6.742799272,s0.717001465,s281.734545491
160_29,s-4.886917856,s6.523218859,s8.260634153
160_30,s-7.239299018,s-5.978511890,s22.754740790
160_31,s-7.239387995,s-4.604447449,s100.535792444
160_32,s0.312429989,s0.591835545,s278.864146190
160_33,s4.647693843,s-4.598395972,s247.140747107
160_34,s3.030572919,s-7.351561324,s70.885562212
160_35,s-1.721892349,s-4.737887357,s18.419250524
160_36,s4.888315692,s0.936482326,s45.220769321
160_37,s-2.683027733,s7.003746961,s94.548854831
160_38,s-5.148654228,s0.580400643,s147.832455701
160_39,s-7.103450600,s-2.322026597,s228.039329909
160_40,s6.866420446,s-2.259640997,s126.453915155
160_41,s5.989987926,s1.899805457,s194.297076850
160_42,s-5.389790794,s-2.015455176,s117.884343283
160_43,s-4.995608883,s-0.325396940,s95.054810667
160_44,s0.045652325,s7.182050317,s37.467642938
160_45,s5.535905492,s3.253192003,s316.635258107
160_46,s-6.179208229,s2.979935274,s219.381077580
160_47,s0.376894445,s-1.822135757,s59.243975357
160_48,s3.939899776,s-0.779302819,s180.273315988
160_49,s2.589947359,s1.298957282,s13.333516028
160_50,s0.721160219,s3.289933500,s288.479528805
160_51,s-0.764395100,s5.155777739,s299.803136464
160_52,s-6.530389001,s-3.830321352,s239.057816517
160_53,s5.692003073,s7.085469820,s204.396544299
160_54,s3.817746854,s-1.494304294,s320.543696156
160_55,s7.053366369,s-1.257593245,s347.742589408
160_56,s-4.982872390,s3.441437732,s113.161754837
160_57,s-3.044213533,s3.684385720,s343.391556836
160_58,s-1.666304177,s-6.757843418,s359.598463720
160_59,s1.388841812,s-0.579621583,s259.658134124
160_60,s-6.681488750,s5.833525676,s212.908176979
160_61,s-1.740305885,s6.152709775,s247.328009839
160_62,s-3.714341330,s-5.894509372,s11.365039825
160_63,s1.631793879,s5.916411147,s196.450910780
160_64,s3.760358278,s-3.986917435,s63.276345333
160_65,s2.532833675,s-4.553248432,s239.619927117
160_66,s-6.282211024,s-6.952976367,s225.825617533
160_67,s2.461805752,s5.907998105,s292.376821356
160_68,s7.116534431,s5.506170193,s172.286358327
160_69,s7.190838188,s0.336488044,s103.025797272
160_70,s-6.871101499,s1.684663421,s268.957058262
160_71,s-2.220754117,s1.408485422,s58.320912170
160_72,s0.477785369,s6.427440112,s221.373762627
160_73,s-3.325094227,s-6.841738305,s123.171154874
160_74,s-3.471184524,s-1.650565601,s270.912912776
160_75,s0.919192677,s-5.495718587,s12.430704760
160_76,s-4.069139629,s-3.548415012,s228.892717140
160_77,s-5.538935063,s-5.836078716,s135.590554372
160_78,s-1.080708311,s-1.272172214,s132.633448264
160_79,s0.314382252,s2.285581599,s235.423673486
160_80,s-0.819231077,s2.880593564,s226.852219245
160_81,s2.606901051,s7.157811461,s347.341340063
160_82,s3.852104164,s3.323024085,s247.350524241
160_83,s-3.301982688,s0.581989556,s196.202777330
160_84,s-6.321811630,s-0.499446602,s298.570177780
160_85,s-1.390934052,s0.700045809,s287.204763569
160_86,s-1.029727278,s0.033465136,s160.039407130
160_87,s0.278181429,s-0.862826373,s308.834351557
160_88,s-4.716654723,s1.256088835,s52.636484786
160_89,s-5.567215830,s5.921037355,s133.540338032
160_90,s6.692972535,s2.546232211,s151.860100361
160_91,s-7.224001552,s3.811570280,s175.417534122
160_92,s1.714997183,s0.036149943,s221.663028767
160_93,s1.533083229,s7.139620405,s179.066271239
160_94,s2.425502403,s-1.028761247,s188.636277845
160_95,s5.957483904,s-5.513457571,s35.831298315
160_96,s7.293768709,s3.621885938,s352.705520778
160_97,s7.158754194,s7.078727073,s5.655612702
160_98,s-7.232706341,s1.362226990,s84.675270807
160_99,s-5.681119697,s6.911494868,s178.384702506
160_100,s-3.214450733,s5.040744460,s342.279629658
160_101,s-2.132679336,s4.839206765,s240.931867117
160_102,s-0.841529367,s7.134717516,s90.112772226
160_103,s-6.068448884,s1.761629018,s143.868385648
160_104,s3.467943794,s3.081035935,s142.646194453
160_105,s-3.608859926,s5.923307279,s101.617942645
160_106,s4.538630203,s4.617492742,s81.137997838
160_107,s5.792626934,s2.829765352,s142.104247327
160_108,s-6.848721224,s-3.190258552,s294.264805003
160_109,s4.759900257,s1.656944380,s163.969031825
160_110,s1.523849897,s2.515508911,s357.825988405
160_111,s6.354131545,s6.756130747,s308.639983235
160_112,s-1.002649479,s6.503800845,s292.657193424
160_113,s-5.924377496,s-0.396679609,s222.173174229
160_114,s-6.869748863,s5.340405875,s174.185811893
160_115,s-5.438496748,s4.148418961,s303.193180222
160_116,s-0.792782621,s3.907000060,s79.338290694
160_117,s-5.316965258,s2.335248877,s213.155414219
160_118,s6.519219608,s3.825845900,s129.476646886
160_119,s6.833602426,s-5.725870656,s59.398240936
160_120,s2.616485078,s0.627060733,s248.781142942
160_121,s-4.244805574,s0.298764167,s222.714816893
160_122,s-6.882886143,s3.912206064,s88.060638706
160_123,s1.399386931,s4.374157519,s27.298639315
160_124,s5.210201804,s3.820863427,s321.771623916
160_125,s5.127452503,s7.212776866,s51.982840486
160_126,s-7.268677341,s7.116445033,s223.818201603
160_127,s-4.783961909,s2.051716329,s4.489929563
160_128,s-4.515777513,s4.951112857,s175.339200866
160_129,s-3.797002866,s4.530039639,s279.720981823
160_130,s6.454848440,s0.841729968,s263.435620789
160_131,s3.383037077,s-0.248816218,s321.676562553
160_132,s-5.432216918,s-1.125063727,s357.393812653
160_133,s5.969798435,s4.625402354,s184.384334625
160_134,s3.935686095,s4.434091793,s344.933579493
160_135,s1.290338141,s2.313352542,s92.952407890
160_136,s7.099907574,s-3.118953447,s125.114905223
160_137,s3.698137897,s4.854881344,s26.487204267
160_138,s4.118180882,s7.064245447,s207.439185406
160_139,s2.083948370,s3.370606432,s345.211643372
160_140,s-4.699242959,s7.067335503,s39.242443684
160_141,s-3.721997528,s7.019964939,s33.091953782
160_142,s-3.196322888,s6.125187609,s312.390258378
160_143,s-6.644838770,s7.060849821,s154.746903565
160_144,s-2.500978834,s2.657708671,s314.135554436
160_145,s-6.330825086,s7.212776866,s245.282296150
160_146,s-0.089390308,s3.476084567,s55.488616432
160_147,s2.348425611,s4.532592484,s272.755123861
160_148,s-1.729647002,s3.267387278,s178.551161907
160_149,s5.472313927,s4.974824983,s341.485950602
160_150,s6.418688907,s4.809391299,s319.325263169
160_151,s0.228281043,s5.311603801,s196.262521754
160_152,s3.501943653,s7.069980320,s44.975942382
160_153,s7.256007178,s6.033867223,s255.140744945
160_154,s-5.645785731,s4.597000223,s28.505041093
160_155,s-6.669190311,s4.178660222,s243.500852971
160_156,s3.153750252,s7.071124605,s45.962095804
160_157,s2.800100532,s2.801858360,s332.812163353
160_158,s6.251868848,s3.041643366,s47.877394153
160_159,s4.682675857,s-6.944961152,s34.677608671
161_0,s-7.005136004,s-5.615735789,s200.938516496
161_1,s-6.748726258,s-2.329451821,s334.242935481
161_2,s-6.548077040,s-4.962207389,s8.232119042
161_3,s-3.467351542,s-4.153425711,s182.932788965
161_4,s0.766082725,s-7.897316886,s10.978629336
161_5,s-0.182347313,s-0.924784607,s86.509998587
161_6,s1.051319927,s-5.983989855,s221.838765346
161_7,s4.750826283,s-0.390946789,s238.281102969
161_8,s0.023907949,s-7.844953048,s306.754423862
161_9,s3.470067978,s-6.824750970,s344.515690100
161_10,s1.009825899,s-1.042086459,s18.910790861
161_11,s6.380477696,s-2.948122440,s184.407340276
161_12,s2.622612481,s-4.738685060,s161.168610060
161_13,s6.146276044,s-6.586991277,s9.212723948
161_14,s-4.391320247,s-5.246619646,s52.343476506
161_15,s6.453308467,s-2.514204148,s331.342757782
161_16,s-7.405139683,s-7.084841296,s13.539631688
161_17,s-0.331863926,s-2.746372908,s167.753202188
161_18,s-0.569977581,s-6.533175341,s355.392949715
161_19,s-5.828102905,s-6.441008443,s241.599170423
161_20,s-2.523111407,s-4.009614134,s126.314808002
161_21,s5.489378230,s-0.858992480,s317.856524617
161_22,s7.444456731,s4.209966892,s75.380924734
161_23,s1.483250309,s-3.817111558,s64.931106160
161_24,s3.369169527,s-2.987086317,s139.958930706
161_25,s4.252476417,s-4.377133921,s34.220932397
161_26,s7.508622302,s-2.882166996,s130.074451176
161_27,s6.791269797,s-6.665683874,s188.521758857
161_28,s-5.563088152,s4.010581095,s196.323996489
161_29,s-7.427578296,s-6.494568577,s259.388144803
161_30,s-6.512447795,s3.466580035,s13.408788810
161_31,s-4.616668364,s-0.735641080,s236.457072984
161_32,s-3.186465063,s4.115279832,s206.297854724
161_33,s-1.003088922,s-4.094206685,s356.785144393
161_34,s1.868171456,s-2.687356544,s81.724195158
161_35,s-5.266156358,s3.512951023,s76.218689890
161_36,s2.596707732,s1.556654597,s6.810397838
161_37,s2.167838446,s2.372103661,s219.223404458
161_38,s1.779872174,s-5.916832592,s166.020495800
161_39,s-4.021044623,s-1.896951711,s152.749893487
161_40,s7.139963622,s-0.589306891,s194.326738150
161_41,s2.438961739,s-3.064008523,s15.936727120
161_42,s-7.688667638,s-1.707755124,s262.378680655
161_43,s1.149283453,s-4.311049328,s46.868414951
161_44,s-7.283281918,s-0.872305355,s261.518578198
161_45,s-4.953808056,s5.049565379,s144.651118831
161_46,s-7.280475098,s4.703386378,s184.929680674
161_47,s3.904590259,s2.103182294,s133.829318564
161_48,s5.558171239,s-6.230406755,s242.399266370
161_49,s-3.909561096,s0.720079383,s10.235565135
161_50,s-1.226103912,s-1.230687898,s227.515041435
161_51,s4.290226527,s-2.578373294,s162.954247738
161_52,s-6.082116846,s-0.899569374,s220.724189302
161_53,s5.164691361,s1.174909515,s225.110428956
161_54,s6.904108636,s6.019003393,s306.902339267
161_55,s5.334396491,s-2.841422034,s277.232864611
161_56,s-6.794644634,s4.239547992,s135.437528211
161_57,s-3.218200664,s6.486605300,s143.594394785
161_58,s-1.826971764,s-1.785431290,s110.085204151
161_59,s-2.435267931,s-0.280840042,s113.464257320
161_60,s-3.898622387,s4.984544313,s241.826968324
161_61,s3.505802165,s-4.031148545,s315.565728990
161_62,s-2.280491504,s-7.295798883,s315.326806737
161_63,s-3.212463389,s1.308819589,s198.200419675
161_64,s4.808504795,s0.788589438,s355.079599888
161_65,s-3.955689614,s-5.314584704,s171.948927740
161_66,s-3.514500360,s6.801021536,s20.178559856
161_67,s7.548002705,s3.842630067,s173.281956241
161_68,s6.828890271,s0.089647188,s102.654864194
161_69,s7.472983859,s-1.720497280,s44.985300056
161_70,s-2.458386472,s0.899910910,s101.235415864
161_71,s-3.636997630,s-3.308756008,s239.783347673
161_72,s1.986913912,s0.592999829,s73.328818003
161_73,s-4.674363698,s-2.001753158,s159.678550460
161_74,s-4.464502228,s3.599950051,s299.502472235
161_75,s-2.104680358,s2.791877297,s206.132975032
161_76,s4.139809835,s5.316395348,s285.633469129
161_77,s-0.240638330,s1.939223510,s255.200576307
161_78,s1.111149430,s-2.314797822,s166.375184598
161_79,s4.508018119,s-1.890655140,s254.201609974
161_80,s5.685897507,s5.126012061,s269.514508257
161_81,s5.818397230,s-4.092012360,s25.913765205
161_82,s6.765983561,s-1.380061886,s238.709569902
161_83,s7.481715168,s3.022043711,s295.035853215
161_84,s-4.927779312,s-7.677862545,s12.982599419
161_85,s-5.069029086,s-4.643509154,s122.436865256
161_86,s-7.607809447,s2.641665542,s209.283005404
161_87,s-3.911991830,s5.942257852,s33.630087846
161_88,s3.466010484,s-0.903617538,s227.255220931
161_89,s3.413825212,s-1.974294168,s261.375091248
161_90,s-7.761736766,s5.542871323,s40.165918129
161_91,s-2.006011834,s4.685772793,s342.296097186
161_92,s-5.421632294,s2.055077927,s118.427371879
161_93,s-0.856758855,s0.755864048,s47.247855508
161_94,s-6.198472310,s-1.506220297,s192.366080103
161_95,s1.927841810,s5.501111989,s253.233052603
161_96,s6.208251792,s0.340190748,s230.264807275
161_97,s3.571756468,s7.294822282,s18.735727058
161_98,s-6.477174627,s0.089043070,s237.784196008
161_99,s-7.301194176,s5.264080216,s260.921006192
161_100,s-7.635890028,s0.910224129,s213.953317075
161_101,s-3.191675011,s2.508524281,s12.383675408
161_102,s-0.582070341,s7.242018961,s50.660948153
161_103,s-5.779877887,s1.505630907,s213.177340368
161_104,s-1.392413625,s6.825170265,s325.924228073
161_105,s3.932664957,s3.325249594,s79.096665385
161_106,s3.700831160,s6.597865272,s297.287990583
161_107,s3.156253803,s5.198216701,s292.209332807
161_108,s-1.244581685,s5.131873607,s215.587563422
161_109,s-1.860260162,s5.896753721,s317.311657051
161_110,s0.676646315,s3.564034229,s109.489039829
161_111,s7.299748065,s1.262545169,s156.870526769
161_112,s-2.768814508,s5.647869079,s201.986482786
161_113,s-5.555623347,s7.081385796,s41.632897452
161_114,s-1.050204136,s4.538709760,s23.454693725
161_115,s4.610654982,s7.336835276,s278.662466404
161_116,s-2.002466406,s0.634883594,s184.576099797
161_117,s-4.209044686,s2.797910669,s6.860995858
161_118,s3.692614648,s2.776762798,s20.960514579
161_119,s-2.827439642,s4.732894038,s47.108230715
161_120,s6.987305262,s1.736731356,s114.217900143
161_121,s4.629479158,s6.088285321,s163.507750137
161_122,s2.269583832,s-0.313908231,s94.151559594
161_123,s7.531550002,s7.337723586,s349.920269697
161_124,s5.772790599,s6.208268980,s68.972518835
161_125,s2.902735044,s7.185264784,s220.499954753
161_126,s-2.456433990,s6.479202241,s314.557805964
161_127,s-3.030681856,s3.628223597,s71.658926798
161_128,s1.344920011,s2.707609679,s67.982404333
161_129,s-6.644914126,s3.299608764,s347.680600933
161_130,s-1.426275126,s6.460389243,s2.305111282
161_131,s1.999376106,s6.643810952,s304.173647693
161_132,s1.753713254,s6.034486786,s332.096967374
161_133,s-3.516729504,s4.056067633,s106.131856930
161_134,s0.959801450,s7.077346008,s143.786355794
161_135,s2.133823683,s6.375599185,s221.403457103
161_136,s6.376236457,s7.207232126,s105.588165452
161_137,s-5.832889487,s-2.313311796,s275.403314189
161_138,s-0.921981316,s-0.676808758,s154.266315696
161_139,s5.196278490,s6.225006918,s168.197248675
161_140,s-7.222382729,s7.288023929,s226.741605298
161_141,s-6.852367650,s7.117139609,s122.688221613
161_142,s-3.231561191,s7.203092551,s237.204617709
161_143,s0.630778289,s-6.041309252,s324.352021119
161_144,s0.695297218,s3.240830701,s16.420284795
161_145,s-3.425920211,s-0.954614621,s68.381696867
161_146,s2.165216343,s1.850447888,s83.450868308
161_147,s4.302108755,s3.173741846,s328.517577983
161_148,s0.236712387,s5.072349242,s285.893008073
161_149,s1.678220473,s3.732981455,s214.626533702
161_150,s1.221272312,s7.317787106,s266.941403119
161_151,s7.482050774,s6.963956868,s275.951109563
161_152,s7.206295775,s4.823816475,s80.514595815
161_153,s5.416540258,s4.083797102,s56.816728382
161_154,s-5.442509332,s6.467254768,s160.003187459
161_155,s-7.642708993,s6.193898265,s161.694794351
161_156,s-4.795822199,s2.733450729,s287.486972234
161_157,s3.803488970,s5.487287311,s21.962864491
161_158,s-4.128386669,s5.343528800,s92.722485852
161_159,s-6.022759460,s5.923523370,s114.100880347
161_160,s-0.152445431,s3.559206041,s4.760481326
162_0,s-4.071588341,s-3.033574391,s280.735398198
162_1,s-7.185958669,s-4.152219846,s299.901288848
162_2,s-6.926065602,s-5.758975973,s20.184576733
162_3,s3.405891766,s-2.277656204,s44.323355144
162_4,s-5.117456696,s-2.996323361,s357.113916986
162_5,s-7.148707128,s-5.362640282,s37.948973541
162_6,s3.956176720,s-3.314811872,s25.300003074
162_7,s4.963313484,s3.938294410,s40.996584178
162_8,s0.470495249,s-7.109605050,s220.348622317
162_9,s-2.430642345,s-4.156563496,s152.394893146
162_10,s7.043815835,s-5.943858240,s303.448019626
162_11,s5.241020465,s0.112238502,s151.623879645
162_12,s7.116558388,s-1.838754885,s17.354869062
162_13,s7.102629982,s-5.564666406,s1.762618615
162_14,s-5.515994653,s0.187084531,s336.558039813
162_15,s-6.353100940,s-5.013725599,s156.548954523
162_16,s1.950554402,s-3.935756304,s133.913382537
162_17,s-4.122800041,s5.830150848,s272.503891534
162_18,s2.645270394,s3.550327956,s70.762294408
162_19,s-2.786564561,s-2.170678587,s318.892288435
162_20,s4.305116014,s-4.307504157,s329.387555009
162_21,s-2.839694397,s7.119304302,s109.962626621
162_22,s4.260753312,s-0.399644287,s354.387315434
162_23,s-3.682099515,s3.094288407,s40.709541312
162_24,s0.430474347,s-3.947285002,s343.875176951
162_25,s-4.783480515,s-0.608333960,s180.995010068
162_26,s4.778602080,s1.413798767,s92.584141202
162_27,s4.762666241,s-3.016156503,s153.644684362
162_28,s-6.400163783,s-3.211691810,s82.890354321
162_29,s-2.009463738,s7.114798018,s273.116497469
162_30,s-2.577561490,s-0.774865818,s355.330749107
162_31,s-0.585702973,s-6.897090478,s196.032071707
162_32,s-4.574628207,s-5.350238490,s16.353100856
162_33,s-0.181888240,s5.635808282,s112.983019542
162_34,s-3.514758785,s-0.350779091,s117.195358602
162_35,s-3.436537980,s-3.563540402,s91.123683017
162_36,s2.680989690,s4.062743644,s176.808982909
162_37,s2.765206004,s-3.021375884,s202.731593084
162_38,s6.536380866,s6.686564388,s122.556358782
162_39,s6.078602468,s-5.672108562,s271.745604520
162_40,s2.941977277,s3.471851937,s116.706961397
162_41,s-2.332305874,s1.133487723,s304.576615502
162_42,s-5.635954254,s1.879835005,s266.287713257
162_43,s-4.475713025,s-6.729945577,s218.101534090
162_44,s0.778443648,s-0.868372605,s352.922730926
162_45,s-1.712596051,s-6.934732911,s18.386892185
162_46,s2.473220613,s-5.642235246,s309.816904576
162_47,s3.746936546,s0.257833645,s131.169917616
162_48,s0.142383744,s3.142185996,s157.307578205
162_49,s6.112687555,s-4.949299516,s159.435752998
162_50,s-6.658767353,s-0.405589509,s268.785252952
162_51,s6.269534357,s0.496217083,s214.037634256
162_52,s-0.529632514,s0.243789864,s344.714626888
162_53,s0.983381677,s-3.015602643,s353.609894859
162_54,s7.106517437,s-2.941277647,s95.702073908
162_55,s6.152482445,s-0.505894964,s7.562978336
162_56,s-0.811847355,s4.488966045,s25.350631465
162_57,s-5.775318978,s4.474957438,s228.596838833
162_58,s1.424521433,s-0.407560974,s333.186304788
162_59,s1.039820252,s7.102907934,s119.329252242
162_60,s-0.919197221,s6.860379993,s181.064121891
162_61,s-3.124854035,s4.946567806,s233.862720167
162_62,s-6.233764329,s3.787226028,s232.408736560
162_63,s-4.744411057,s3.892317568,s183.475560897
162_64,s-4.316873159,s4.614434273,s158.588812495
162_65,s5.251560336,s6.200687339,s254.149831684
162_66,s0.746505967,s-5.902329408,s108.156533351
162_67,s6.922296589,s2.464136918,s5.886041234
162_68,s6.250918091,s-1.183832491,s262.985279124
162_69,s2.549512906,s-0.055892333,s14.964344954
162_70,s-7.160966987,s6.113606815,s337.359048117
162_71,s-1.166520165,s-0.739542088,s242.925264836
162_72,s5.910133297,s7.205805248,s286.665786549
162_73,s-5.567401970,s-4.270981380,s193.512679974
162_74,s7.015642638,s3.367700299,s181.025941707
162_75,s1.818274216,s2.729230950,s157.145039576
162_76,s5.484655896,s1.124382934,s221.905304857
162_77,s-5.785772128,s-3.953902684,s209.803023427
162_78,s2.192318257,s5.807121505,s85.364196521
162_79,s-1.913089797,s-0.088594644,s58.341646186
162_80,s7.105487148,s6.225255100,s69.475371624
162_81,s7.111929653,s0.089338408,s17.462164675
162_82,s3.548727306,s4.381395741,s215.062014039
162_83,s7.079402424,s-0.561775302,s145.581064411
162_84,s-5.358314903,s3.440885579,s46.545869222
162_85,s-1.083199636,s3.978372750,s158.714565073
162_86,s-6.299349270,s6.862210871,s190.304229334
162_87,s2.317598711,s6.956636229,s205.717005509
162_88,s4.176694176,s0.846696667,s83.734447321
162_89,s-6.148386223,s0.396845188,s330.493278886
162_90,s6.532605517,s2.075429521,s235.228125880
162_91,s-6.988636137,s3.101784294,s64.603411968
162_92,s3.266024695,s-1.396445152,s57.946358250
162_93,s3.610579041,s2.267696520,s86.794836165
162_94,s2.225774423,s1.594157434,s263.196928822
162_95,s6.358222082,s-7.191410443,s31.694124327
162_96,s-6.535621689,s2.236603143,s356.563556429
162_97,s2.035506350,s5.650193509,s160.326328046
162_98,s-7.077897862,s5.457764805,s244.658480337
162_99,s-4.919845120,s0.857410261,s159.787231341
162_100,s-4.143835128,s0.525073526,s208.022522421
162_101,s0.373300063,s-5.893320697,s284.633118524
162_102,s0.731757172,s2.896416011,s203.958274305
162_103,s-5.786165899,s4.974814414,s349.822608861
162_104,s0.987076639,s4.616681692,s131.731219997
162_105,s1.163016035,s3.782392426,s164.884935181
162_106,s4.680406886,s-0.294787358,s19.818602126
162_107,s-2.056835185,s2.393042455,s28.080324629
162_108,s1.557548064,s1.292592895,s243.567811577
162_109,s-2.143103252,s1.565111332,s80.016066752
162_110,s-6.833292232,s2.755687872,s295.999093715
162_111,s3.021179683,s6.028011248,s182.156899745
162_112,s-6.986385140,s-2.789952960,s217.839401886
162_113,s-1.568056838,s-5.249253368,s237.893229577
162_114,s-6.614800606,s-1.366252583,s110.263446153
162_115,s0.848114238,s-4.369327262,s278.418101827
162_116,s-2.114171901,s4.794164260,s2.070676642
162_117,s-2.298583431,s-1.895235528,s180.138064838
162_118,s1.778954435,s5.973249569,s181.599945743
162_119,s-6.460966979,s6.168108143,s345.365564160
162_120,s1.623187705,s5.082967265,s175.475467550
162_121,s-5.063065523,s2.491309045,s135.043146811
162_122,s-3.005675232,s-0.009986584,s138.967350041
162_123,s7.001610544,s7.205805248,s177.967190256
162_124,s2.574186774,s7.047288709,s222.842950303
162_125,s5.859696025,s2.197243267,s61.083761143
162_126,s-3.828359913,s-6.303798530,s140.725238574
162_127,s-3.485827581,s-0.802195053,s126.392910161
162_128,s3.811199286,s7.049426402,s196.082512295
162_129,s-5.781193335,s3.831795668,s205.551557447
162_130,s4.550029032,s7.097400243,s164.071235214
162_131,s-4.731623420,s5.294049899,s270.290688725
162_132,s-2.319596604,s3.227098501,s224.229175598
162_133,s6.043133856,s3.076046057,s135.788061021
162_134,s-6.256160632,s1.352187576,s135.302385546
162_135,s2.219085538,s-1.206308510,s348.888954562
162_136,s0.886086486,s6.973516500,s21.214878459
162_137,s4.515223640,s6.667602177,s138.824215222
162_138,s5.376534904,s2.861993260,s127.272694620
162_139,s4.265115363,s5.854981147,s69.182399000
162_140,s-1.552547963,s5.281586113,s357.570763105
162_141,s-6.592077204,s6.895667318,s110.597188977
162_142,s-5.880873562,s7.174353487,s233.351706805
162_143,s-7.167515073,s1.635735709,s329.428696842
162_144,s1.209162484,s5.816702213,s117.860915673
162_145,s6.274017059,s7.109699824,s178.627173226
162_146,s5.366435159,s5.993943074,s78.678437503
162_147,s6.164265906,s6.239793864,s195.130624299
162_148,s-2.264872352,s6.105214605,s10.078372897
162_149,s4.201329195,s2.856461394,s121.336134576
162_150,s-6.412683693,s5.579182250,s250.953726887
162_151,s-0.192150467,s6.797859558,s117.263894220
162_152,s0.532016158,s6.920160924,s197.989737086
162_153,s-5.139223276,s2.475688065,s309.171285959
162_154,s-1.438974362,s7.068878573,s281.354688777
162_155,s-3.742904473,s1.500889902,s94.944542410
162_156,s0.891185806,s4.645896936,s71.706245956
162_157,s4.926644071,s5.814422429,s182.057708983
162_158,s-1.000214668,s-4.341768248,s185.971770311
162_159,s4.233589872,s4.052747827,s339.274036960
162_160,s7.091738683,s4.115195583,s6.521457152
162_161,s1.291788673,s4.858315781,s43.518700564
163_0,s-7.152236085,s-1.950464089,s232.966778672
163_1,s-7.659751451,s-5.302793374,s297.946179910
163_2,s-4.566813593,s-6.140862990,s58.324720523
163_3,s-7.154794632,s-3.198351122,s215.373025826
163_4,s-5.078668661,s-7.483166274,s159.302858361
163_5,s-1.421710684,s-6.498304316,s109.480591853
163_6,s1.811994166,s-2.885538784,s316.333025461
163_7,s-1.984120736,s-5.565173150,s222.119321359
163_8,s6.072075646,s-2.864476021,s187.437909203
163_9,s2.897248499,s-4.227306170,s310.411264566
163_10,s2.620487129,s-7.127292175,s54.835661086
163_11,s7.404203301,s-6.137075301,s359.062649297
163_12,s5.983978262,s-1.145073381,s255.620498770
163_13,s7.534583929,s-0.887944203,s228.533821293
163_14,s-3.170877596,s2.904609261,s330.230512631
163_15,s-4.459524590,s-1.712316363,s153.890350114
163_16,s-3.916724679,s-0.967517054,s97.835681493
163_17,s-6.973318893,s-6.913071201,s264.099160933
163_18,s-7.690695081,s2.969036294,s146.522914073
163_19,s-5.963773029,s-0.894942289,s134.135875786
163_20,s6.458627765,s-6.131479235,s119.742168148
163_21,s-0.738626650,s0.324121159,s232.577321756
163_22,s0.295221466,s-2.649294721,s303.249916154
163_23,s4.723289891,s4.004307395,s145.149972638
163_24,s7.549604793,s0.137056132,s255.209110328
163_25,s7.449527699,s-3.333772937,s6.452327399
163_26,s7.248370173,s-1.811149444,s147.093637844
163_27,s7.604363593,s1.296554210,s334.193770814
163_28,s-7.676492486,s-1.848010795,s239.271360006
163_29,s-6.643917706,s-0.088779351,s31.855399041
163_30,s-7.553655091,s2.698206098,s56.256291492
163_31,s1.886873256,s-0.480955590,s166.691531715
163_32,s-2.855604980,s-7.378708858,s61.442817861
163_33,s-2.612824269,s-5.446056849,s278.616891879
163_34,s6.264677954,s-0.492384447,s231.360104028
163_35,s-6.382379572,s-2.310688023,s193.572343457
163_36,s4.899943404,s2.251633364,s30.934140515
163_37,s6.570302645,s-1.799249677,s221.846131952
163_38,s7.606331979,s5.504862208,s45.659107901
163_39,s4.192001638,s3.898713152,s6.601149808
163_40,s0.334451346,s-7.502452974,s159.505291874
163_41,s1.582901046,s0.080425754,s52.624886753
163_42,s-7.095101470,s-4.078462737,s71.011846859
163_43,s-1.318701336,s4.165175900,s356.155971582
163_44,s4.304649191,s-1.032074804,s80.358918995
163_45,s-6.799787747,s4.136412030,s105.744552133
163_46,s-5.952556345,s-1.503800013,s94.490459554
163_47,s-2.043435524,s6.744265070,s192.372021207
163_48,s-5.602298006,s-4.439456602,s229.251426839
163_49,s-4.833967950,s-2.752597711,s329.907329153
163_50,s-1.096790616,s2.787929581,s73.818051966
163_51,s4.305241940,s2.940033418,s186.993692719
163_52,s5.516843848,s-5.330431921,s211.971141667
163_53,s0.702427265,s-0.964243453,s46.798953858
163_54,s6.104931473,s5.057189333,s191.087621531
163_55,s6.435355539,s6.600882184,s117.919345108
163_56,s-4.293221974,s1.813232889,s117.094097195
163_57,s-4.230892766,s2.894581289,s298.782805570
163_58,s-7.659347449,s1.606985716,s287.704726029
163_59,s-1.752596417,s7.053563359,s112.093438304
163_60,s1.774462671,s-3.925079066,s358.092049605
163_61,s-4.132933298,s-3.974449872,s292.578522924
163_62,s1.651883849,s3.926616390,s197.887234875
163_63,s-2.519450174,s-7.699066474,s133.030470802
163_64,s-4.457461658,s6.276836582,s231.926140332
163_65,s3.098328833,s5.809582602,s165.109033318
163_66,s1.449016550,s6.736005447,s168.264925981
163_67,s-0.300955272,s2.502694636,s199.762153507
163_68,s1.539007613,s-1.742728032,s206.155098397
163_69,s2.467351473,s-5.795571455,s137.420806073
163_70,s-3.900985828,s0.137748039,s183.070689094
163_71,s-7.268040025,s0.874372671,s336.535985237
163_72,s-5.568495357,s5.791675715,s287.425549459
163_73,s1.187008607,s3.840864212,s317.236656799
163_74,s1.118411394,s5.197101277,s122.773443214
163_75,s0.453764579,s6.487355829,s112.317162949
163_76,s-0.028140737,s-4.171532702,s267.329562635
163_77,s3.694662114,s-2.681480734,s263.035514432
163_78,s-1.276716896,s3.037912390,s239.433446487
163_79,s2.234777335,s5.977562576,s34.614912349
163_80,s5.756021078,s-0.837213341,s180.332801070
163_81,s7.388415141,s2.258246060,s99.968948421
163_82,s1.697527633,s-6.747908540,s154.557617864
163_83,s3.355161013,s-3.455803478,s85.798061509
163_84,s-6.862368280,s7.055277460,s41.937556846
163_85,s-5.420473066,s1.165322878,s58.841530970
163_86,s-7.625358729,s7.384058152,s189.067625694
163_87,s-2.559878420,s-2.085930467,s291.049951279
163_88,s7.336788302,s7.395707407,s231.597941509
163_89,s3.564084173,s-1.438452744,s143.616221169
163_90,s1.460099523,s6.287301315,s243.507734006
163_91,s5.345916261,s-2.837546241,s112.353657286
163_92,s-5.330517539,s0.432012789,s35.242963808
163_93,s-3.148603724,s6.466585968,s56.162543267
163_94,s1.382272355,s7.451856266,s359.429428029
163_95,s3.876371284,s5.680267856,s166.065142344
163_96,s6.034299512,s2.623912978,s21.469179917
163_97,s5.507226293,s6.934253570,s320.035705505
163_98,s-4.939005179,s-1.079063140,s283.555205128
163_99,s3.336311627,s7.401585145,s8.099720671
163_100,s-2.759632446,s0.842542997,s140.949184855
163_101,s-0.967197381,s-1.408004019,s113.619281899
163_102,s-3.233284625,s7.451856266,s30.727092828
163_103,s-0.207452358,s7.295606770,s344.026750610
163_104,s-1.652825253,s-0.560432564,s184.218113029
163_105,s-1.740233782,s7.451856266,s58.674405291
163_106,s0.722597783,s7.312542513,s224.292207581
163_107,s2.786302221,s7.103490541,s201.720600215
163_108,s6.543890710,s2.316790717,s63.656881557
163_109,s0.978271313,s5.150051397,s138.505212687
163_110,s5.214174012,s0.137365989,s10.453790873
163_111,s2.789330974,s-0.045582147,s105.310987043
163_112,s-2.544983054,s-1.827842113,s79.951032079
163_113,s1.021762470,s0.524440924,s212.027644059
163_114,s-5.750572656,s0.119195497,s262.813518681
163_115,s-0.972702811,s7.370080168,s348.822178279
163_116,s-0.389076569,s3.927277062,s122.027451571
163_117,s-6.794436293,s1.070542887,s98.963571745
163_118,s-7.611500536,s3.730410520,s62.809771318
163_119,s-2.876725179,s4.134275182,s167.708669017
163_120,s7.214124861,s-0.214187287,s358.570440900
163_121,s2.874650611,s-2.293236487,s19.037356498
163_122,s5.244311738,s0.580192144,s137.216318788
163_123,s2.310604944,s2.649410763,s224.247592948
163_124,s7.305244057,s2.899829466,s63.984068633
163_125,s0.718985018,s1.736881385,s223.907390718
163_126,s-3.549152922,s5.025001818,s193.149215105
163_127,s-7.588279931,s6.356498724,s283.197268291
163_128,s-5.549080599,s3.789581274,s110.311315155
163_129,s-6.385466056,s6.482432457,s148.641920016
163_130,s1.256375236,s3.210047397,s25.582188780
163_131,s-4.909058682,s6.097170800,s122.815112565
163_132,s2.130086646,s7.451856266,s262.206109717
163_133,s-2.086262209,s4.223015370,s188.454455884
163_134,s-0.680540229,s4.417434225,s285.718120390
163_135,s4.518445693,s0.602943767,s172.113444824
163_136,s2.364997399,s7.007168463,s44.247572002
163_137,s4.687758695,s5.950733221,s45.007454528
163_138,s2.413082704,s1.499311021,s269.928837851
163_139,s6.578163212,s7.371809161,s283.102642022
163_140,s2.302659622,s3.837085155,s158.490321937
163_141,s-0.324895304,s1.671019510,s165.041122282
163_142,s-5.190505314,s7.451856266,s336.135948388
163_143,s-0.181630995,s5.329979698,s223.779235437
163_144,s-1.703365841,s5.599623485,s275.511489427
163_145,s-6.974609723,s7.404518414,s34.571073898
163_146,s1.835466338,s1.719181201,s306.132988227
163_147,s6.352277332,s6.040495966,s99.735490501
163_148,s6.746108444,s5.192004337,s251.405948006
163_149,s0.016582903,s-0.912387262,s355.944925148
163_150,s-2.355426768,s2.005597652,s291.348489993
163_151,s7.147859157,s6.356611531,s208.856171116
163_152,s2.336198161,s5.405588683,s10.273080530
163_153,s0.112000767,s-6.327966217,s139.448236561
163_154,s-5.878087638,s7.263594882,s259.081574109
163_155,s-7.194616268,s1.992862764,s34.225729088
163_156,s-1.445460288,s5.765030845,s37.639685352
163_157,s-7.003375709,s5.220221498,s218.593280313
163_158,s-4.677982469,s1.219850129,s262.288677334
163_159,s3.812931968,s6.340965122,s301.940578445
163_160,s-0.922041005,s1.717696560,s1.242485312
163_161,s5.181422276,s5.967818983,s32.785010054
163_162,s4.655058104,s7.253358694,s23.041630695
164_0,s-6.390188936,s0.373832128,s24.038855786
164_1,s-4.550514411,s-2.796869386,s316.106761172
164_2,s-1.525923445,s-5.424441934,s112.874474564
164_3,s-5.235713725,s-7.084090437,s227.697692103
164_4,s2.086869118,s-3.719097341,s297.317232361
164_5,s4.830995552,s-4.660864662,s84.702813769
164_6,s-6.613370302,s-4.572253973,s80.281971056
164_7,s-1.090397279,s-6.757933305,s110.325298756
164_8,s-3.032042413,s4.916147517,s312.248424071
164_9,s7.283163336,s0.920400385,s108.155186278
164_10,s0.496187415,s-1.583984649,s192.386034084
164_11,s7.117214344,s-5.027426048,s99.916174618
164_12,s6.009263047,s-4.206153244,s334.921919970
164_13,s6.484415687,s-6.812595688,s8.176820215
164_14,s-5.484482251,s0.476524044,s105.206828133
164_15,s-6.963899577,s-1.492223277,s1.115394952
164_16,s3.556728715,s-4.826462078,s83.900850923
164_17,s-6.809673823,s-0.030918872,s263.805422319
164_18,s-2.053546814,s-6.126719697,s221.410677971
164_19,s0.053380849,s-4.564780378,s182.737351938
164_20,s2.332589852,s-5.283516763,s99.742073825
164_21,s2.777830598,s-4.960673428,s65.788200512
164_22,s1.078450458,s4.515909675,s65.163351147
164_23,s6.431666723,s-4.560496791,s227.385042084
164_24,s5.657245235,s-2.836315674,s202.849674568
164_25,s5.346617137,s0.495761940,s203.165209126
164_26,s5.897392073,s1.574564220,s144.067043863
164_27,s5.528575464,s5.262574206,s183.773130524
164_28,s-6.318158203,s-2.860571002,s55.543956661
164_29,s-1.772041001,s5.924163452,s210.510004980
164_30,s0.260175968,s-0.494515976,s286.551006797
164_31,s0.561046489,s-5.036995137,s149.181116367
164_32,s-2.053611408,s-4.092077716,s272.002965768
164_33,s-2.190758798,s-2.050075422,s294.078956848
164_34,s-6.406960211,s1.478453446,s188.349417575
164_35,s2.326995106,s-0.722193175,s15.004661439
164_36,s4.201566350,s-1.963799052,s129.184414081
164_37,s-4.665636007,s-4.970930163,s32.402764263
164_38,s2.756477200,s-7.234701804,s301.650686925
164_39,s-2.777505449,s-0.047713403,s336.319140465
164_40,s4.884374048,s-6.580433988,s103.358654811
164_41,s-1.957766910,s3.128448148,s113.783749128
164_42,s-1.937002241,s-0.583149392,s54.343686271
164_43,s-6.569157714,s-5.888807586,s40.728289353
164_44,s-0.658236159,s0.178481634,s56.781492925
164_45,s-4.105944561,s-6.510162250,s269.996539874
164_46,s-6.829254648,s-7.231562467,s358.083057366
164_47,s1.584456180,s6.226764177,s142.884328389
164_48,s0.951720980,s6.770818091,s277.036958288
164_49,s6.330453918,s0.621205523,s191.037562536
164_50,s5.767174805,s1.118997651,s160.927047015
164_51,s-1.559711147,s0.171440064,s61.518979271
164_52,s-4.575243814,s-3.873540693,s76.613879971
164_53,s3.456862912,s4.483901053,s61.654080531
164_54,s0.009367942,s4.843391725,s225.485235323
164_55,s3.888242363,s-3.287337987,s264.895068456
164_56,s-2.129323977,s1.906150672,s356.310189310
164_57,s1.426400238,s-3.502078765,s168.908121375
164_58,s-2.416558689,s-2.183420879,s114.061695710
164_59,s3.489280880,s-0.528792510,s181.713029131
164_60,s0.602914789,s-6.581555531,s277.100865165
164_61,s-2.533103315,s3.203218604,s229.067862202
164_62,s-3.269253798,s1.724699214,s339.569877882
164_63,s5.420541737,s6.823737627,s356.843979554
164_64,s-5.768304346,s-4.384832097,s80.843730362
164_65,s0.675830869,s-2.438916771,s204.405292097
164_66,s7.189418569,s2.608628445,s199.019722099
164_67,s-6.763283051,s-1.662513300,s1.171358857
164_68,s7.055400437,s-0.525100604,s32.996093192
164_69,s6.706838207,s2.668106487,s95.004041957
164_70,s-6.852385190,s-3.249750415,s63.216878130
164_71,s-4.721414745,s4.563516218,s48.178736267
164_72,s-6.967141519,s2.346926738,s84.820658319
164_73,s-3.596176321,s3.055884813,s66.338231886
164_74,s2.311393669,s1.702946422,s134.106092166
164_75,s-6.524165620,s3.425600930,s268.052307773
164_76,s4.132376900,s-2.555975360,s2.360072160
164_77,s1.967847110,s-2.493481379,s115.205664998
164_78,s0.299194561,s3.533092464,s200.224923844
164_79,s4.398738432,s3.221668707,s35.604195047
164_80,s-0.287029953,s-6.094700525,s352.484216839
164_81,s5.557905042,s2.982812657,s267.337336882
164_82,s2.573725006,s-2.544855615,s237.901842927
164_83,s7.114203697,s0.820783450,s113.577328127
164_84,s-6.161663226,s3.137521881,s219.559597131
164_85,s-5.873475382,s-4.988186885,s345.259914255
164_86,s-1.640189234,s-2.047483289,s339.526587272
164_87,s-0.701915177,s-3.732741904,s163.873879512
164_88,s3.022485009,s4.949152245,s84.179093514
164_89,s5.522158567,s6.658795987,s316.139244244
164_90,s-1.044366357,s6.727650436,s193.004545455
164_91,s0.457833388,s-2.800801071,s48.199078478
164_92,s-5.961854729,s4.425251919,s207.275702505
164_93,s-2.822175713,s-3.146476797,s107.579193033
164_94,s0.473037248,s1.340502381,s276.143272989
164_95,s5.013010466,s-2.679957442,s226.735790708
164_96,s5.129973304,s4.352161971,s193.253534042
164_97,s1.961811702,s0.681390668,s265.230993681
164_98,s-5.138189239,s4.496344649,s303.906824711
164_99,s-0.269327998,s3.292648620,s238.136497142
164_100,s-5.796632718,s4.021125948,s12.691457694
164_101,s-0.057065565,s0.193235507,s268.674843731
164_102,s3.939818120,s-6.177827463,s344.950506717
164_103,s0.643574071,s3.987228284,s71.171671491
164_104,s-6.840327139,s5.883513743,s251.674908297
164_105,s-5.312922917,s-5.846914863,s346.511244579
164_106,s1.763146414,s-1.354344989,s92.744445911
164_107,s7.270144423,s-1.792999658,s26.347271592
164_108,s5.162424126,s6.554245845,s154.045408407
164_109,s0.736012096,s-4.050213955,s100.179643353
164_110,s6.099180265,s6.046689105,s153.884543935
164_111,s-3.395882975,s4.695375721,s357.961283387
164_112,s-6.153846090,s-0.768411169,s198.763908685
164_113,s-2.804277381,s-5.278346059,s52.852542014
164_114,s2.611316674,s6.447306975,s152.970397782
164_115,s0.454972348,s6.758099096,s146.436337889
164_116,s0.269954419,s5.912773138,s231.731163503
164_117,s0.685504282,s0.465425888,s258.278045095
164_118,s4.524056713,s6.817113292,s37.829067442
164_119,s2.354260787,s6.216795504,s60.721933451
164_120,s-6.495486026,s6.694176762,s357.744520670
164_121,s-5.284356190,s6.152668741,s341.763919738
164_122,s7.257091533,s5.173299121,s192.982531972
164_123,s7.149418863,s1.890564104,s28.801093971
164_124,s4.064765258,s0.968705725,s293.550964224
164_125,s6.095652064,s5.190615630,s285.817456609
164_126,s-3.845181518,s6.043565070,s22.598327502
164_127,s-6.857470166,s6.476296335,s242.956033494
164_128,s-1.764349210,s6.460457367,s144.579239030
164_129,s-0.910472415,s4.804680097,s150.205138533
164_130,s-4.984147289,s1.868194013,s260.807509165
164_131,s3.697823195,s6.530809733,s284.204902424
164_132,s1.268711313,s3.137933511,s36.266195488
164_133,s3.840775707,s4.184320996,s303.560473436
164_134,s3.797107050,s-3.526409036,s88.656218865
164_135,s6.760869883,s5.179050225,s19.812033577
164_136,s-3.496831850,s3.868799302,s288.660184655
164_137,s2.813146612,s2.416397846,s189.308959474
164_138,s7.110521862,s6.727835045,s110.071974694
164_139,s2.552284168,s2.455109363,s240.935163526
164_140,s-5.447280653,s6.765297934,s193.592807005
164_141,s-3.345862916,s2.241828563,s144.869050087
164_142,s-1.237512817,s3.894248552,s144.504171104
164_143,s6.130485211,s-1.724550386,s155.457601448
164_144,s2.863959211,s3.875525807,s226.604822474
164_145,s-5.158529680,s4.114890799,s47.683174126
164_146,s4.110231970,s4.044193266,s261.215022909
164_147,s6.513577394,s2.958074014,s127.546513468
164_148,s-3.904823227,s0.389643601,s13.530822676
164_149,s1.051583621,s5.554706255,s59.738793765
164_150,s7.200708546,s5.959606265,s315.254557758
164_151,s6.037322842,s2.381462268,s163.152137759
164_152,s4.852059087,s-0.625252592,s43.318073479
164_153,s5.932245814,s3.844367085,s295.946180081
164_154,s-6.989433930,s3.648621316,s47.886508977
164_155,s-2.641448265,s5.634152821,s290.951537375
164_156,s-0.391881140,s-2.702156925,s306.915595313
164_157,s-0.414065447,s-1.077189357,s71.957224304
164_158,s-3.197579308,s6.416049509,s351.472754552
164_159,s-1.484772204,s3.609565835,s119.242066385
164_160,s-1.496614948,s6.823737627,s61.948427368
164_161,s4.586558704,s2.451748590,s279.849580101
164_162,s0.689703504,s2.673884129,s51.288229745
164_163,s1.098409860,s2.441751734,s207.659131850
165_0,s-1.206536163,s-6.640565676,s33.214133309
165_1,s0.689253355,s-6.973541917,s330.660169163
165_2,s-6.036549059,s-1.276031026,s18.566657916
165_3,s6.566717334,s-5.735748913,s2.642961864
165_4,s-5.999471599,s0.629504274,s242.864219425
165_5,s-4.039036192,s-0.836743245,s159.825344438
165_6,s-4.977519292,s-5.108063610,s194.656151155
165_7,s-4.184753646,s-4.048451611,s70.589417460
165_8,s4.152663355,s4.120306951,s146.646487635
165_9,s-2.212963991,s-5.167906471,s63.286989831
165_10,s5.977350805,s-4.750274125,s142.851266754
165_11,s-2.848536274,s-2.444311364,s198.649132039
165_12,s5.608489115,s-5.409644023,s84.119657046
165_13,s6.984272745,s-3.887863311,s282.751532454
165_14,s-2.645940579,s5.748311375,s236.217209831
165_15,s-6.827509490,s-1.406870745,s330.003288689
165_16,s0.395069679,s-4.412359976,s270.382488601
165_17,s-7.086854986,s-6.682182346,s142.890012142
165_18,s-6.232677690,s2.024937452,s98.413976659
165_19,s-2.015053088,s1.313147488,s121.203895693
165_20,s7.066971959,s1.524501168,s182.465739160
165_21,s6.135764419,s-6.043844019,s145.973901595
165_22,s4.229748296,s-5.829811001,s195.189666427
165_23,s-5.359936991,s-0.768327063,s198.774271394
165_24,s5.645785047,s-6.941486516,s192.665831871
165_25,s4.611695008,s-4.908752998,s16.582783717
165_26,s2.998887649,s-0.765345969,s293.032740335
165_27,s0.599934354,s-2.543657453,s12.639662639
165_28,s-6.145900226,s-3.516001425,s5.953036084
165_29,s0.220246998,s1.967050849,s259.455508253
165_30,s-4.005128976,s-3.206859921,s200.251292038
165_31,s-7.032926380,s-0.102110843,s110.899543309
165_32,s-5.980795670,s-6.603101901,s235.154847935
165_33,s1.691996004,s-6.654843131,s155.579173035
165_34,s-5.452050618,s7.056382026,s111.712459283
165_35,s-4.957087401,s-3.491358878,s30.229793935
165_36,s-6.766413005,s2.546374759,s311.987789564
165_37,s4.403548306,s-0.594561922,s149.110791218
165_38,s6.090588247,s-0.362430162,s208.590118571
165_39,s-6.842106065,s0.092424990,s346.943787988
165_40,s3.712382695,s-3.813897873,s263.885539733
165_41,s4.491834324,s-0.026169744,s187.182579738
165_42,s5.036880151,s-4.128337147,s81.645376937
165_43,s3.394463227,s6.759631066,s44.673878813
165_44,s-3.340532991,s3.744800781,s266.413654368
165_45,s-4.109733361,s3.666937914,s329.548677914
165_46,s2.926103347,s-5.614794281,s296.679224824
165_47,s-0.157817269,s-6.224230320,s125.478194453
165_48,s-6.946588511,s-4.469331604,s335.437928595
165_49,s4.951570502,s3.841316680,s177.017372335
165_50,s0.614560469,s1.542885646,s121.455035335
165_51,s-6.747885878,s-2.403911492,s326.227725981
165_52,s-0.719416744,s-4.128307537,s185.838976820
165_53,s7.066971959,s-1.727811122,s296.918633418
165_54,s1.316666876,s-3.776405611,s37.127594642
165_55,s6.582062141,s3.872084301,s9.287256493
165_56,s-4.868770185,s4.298024065,s272.513997834
165_57,s-0.804590911,s4.175424678,s53.855201635
165_58,s-2.174214296,s1.989197620,s308.041182562
165_59,s4.383943403,s0.890952088,s327.094157728
165_60,s-2.805624944,s3.742708185,s247.487746209
165_61,s6.375051291,s-3.112066824,s296.511439628
165_62,s3.043439146,s7.094241839,s184.365979037
165_63,s1.813759342,s3.844949475,s252.321964565
165_64,s-7.079239648,s-5.751890238,s140.915002305
165_65,s2.696234127,s-1.913880715,s189.347401879
165_66,s0.141700615,s-2.352259573,s270.095014730
165_67,s1.816936010,s-1.884411493,s262.251863303
165_68,s-6.214436263,s1.443567518,s45.051460410
165_69,s6.902439495,s-0.435184793,s356.445331798
165_70,s-0.186337184,s7.106037080,s156.956465123
165_71,s-1.616223866,s4.557098765,s24.019641343
165_72,s-3.428679361,s-1.895879347,s251.142382636
165_73,s-7.006416416,s-1.585310837,s328.468684331
165_74,s3.616305463,s0.023219037,s51.894512076
165_75,s-4.304363865,s5.550808595,s104.587313498
165_76,s-1.345672691,s-1.361216859,s43.798273528
165_77,s0.910472240,s4.810737848,s35.523722010
165_78,s3.970815438,s-1.851502460,s180.948516623
165_79,s-2.460403553,s-1.524738492,s114.523896068
165_80,s-0.668327140,s5.469958696,s111.834860695
165_81,s3.766942642,s5.380877263,s202.333801098
165_82,s1.284973953,s5.673188233,s273.493020955
165_83,s2.801213081,s-3.921292990,s355.660275162
165_84,s-4.363178117,s2.282225989,s53.120053264
165_85,s0.053392817,s-1.475747590,s46.641528533
165_86,s5.832715470,s5.650274904,s214.393583588
165_87,s-5.964624491,s6.321810406,s337.536149654
165_88,s-4.520825455,s4.918475461,s101.397982079
165_89,s-4.237348716,s0.695555159,s91.642200222
165_90,s4.283063141,s-5.138438386,s254.669199468
165_91,s-5.945256435,s4.404469368,s15.013311752
165_92,s-3.833972337,s5.601105808,s25.895429450
165_93,s4.479847789,s6.832725792,s220.899469040
165_94,s-1.086889581,s0.652145979,s282.309439108
165_95,s0.149263401,s6.730289612,s82.536317060
165_96,s-1.483919416,s-3.916181606,s169.145425904
165_97,s6.021877892,s2.544465955,s17.733569401
165_98,s-6.311536385,s1.057342812,s292.153869764
165_99,s-4.077733040,s0.523805814,s163.090019261
165_100,s-2.147295110,s2.930570480,s188.847490423
165_101,s-3.220080103,s1.556345681,s192.087171590
165_102,s-1.131957036,s6.432700435,s146.807467540
165_103,s1.629481377,s0.447340850,s212.449485746
165_104,s3.622590464,s5.640215441,s176.133414228
165_105,s4.285665001,s2.374039838,s30.649184139
165_106,s-3.600965244,s2.843348884,s193.642607197
165_107,s2.122486037,s-2.941313088,s278.848808169
165_108,s2.706596721,s0.869811505,s243.823677738
165_109,s-0.921878660,s6.512380240,s222.301583769
165_110,s5.263147636,s0.131010376,s211.852363165
165_111,s6.154269227,s1.242738675,s346.949403472
165_112,s-1.226218934,s2.287965091,s357.534398111
165_113,s-6.859354830,s6.481399137,s62.965499893
165_114,s-3.689515552,s2.238959224,s195.930319668
165_115,s1.958392960,s6.593802960,s9.284431759
165_116,s2.471771773,s4.182805702,s322.553082959
165_117,s4.322271711,s6.457743670,s351.448381897
165_118,s-3.322024960,s6.885830934,s344.294049508
165_119,s-4.349615901,s-5.615903159,s188.520717001
165_120,s5.322630545,s3.660049622,s240.430802110
165_121,s2.324026355,s6.151148002,s205.335177086
165_122,s-6.473716771,s5.516398401,s75.439918622
165_123,s6.432582955,s4.697561055,s295.491594358
165_124,s6.750036260,s2.935193663,s19.698799301
165_125,s6.485357001,s4.442110789,s349.182434876
165_126,s-0.462772272,s3.632898840,s344.117152281
165_127,s-7.035710765,s4.490048824,s324.024910548
165_128,s5.158381019,s7.187655081,s48.090591550
165_129,s2.201972197,s7.187655081,s223.196397132
165_130,s-3.262707586,s-5.134843300,s2.338953948
165_131,s5.416592066,s1.372584887,s47.849145717
165_132,s0.173364496,s5.182564529,s195.153239387
165_133,s2.240150305,s-1.038293108,s177.012757451
165_134,s1.879994055,s1.537369541,s253.541877684
165_135,s-0.212059171,s4.109992516,s19.713119581
165_136,s3.015716941,s4.346166254,s126.847217034
165_137,s6.236394892,s-1.568681138,s246.377205189
165_138,s5.196615011,s1.964729327,s7.378093338
165_139,s6.689557226,s6.665399553,s178.765656144
165_140,s3.020506992,s4.947698288,s288.379050586
165_141,s1.094831858,s-1.724048939,s75.595909856
165_142,s-4.515439040,s2.094130407,s245.703973591
165_143,s-7.074974397,s7.017192906,s244.483878944
165_144,s-6.969958892,s-4.063390753,s300.936587417
165_145,s5.089041256,s0.561095811,s222.509339843
165_146,s-1.113028865,s3.154980938,s284.088260120
165_147,s-3.109714005,s4.552637509,s51.842458548
165_148,s5.008017064,s5.987942166,s221.477156471
165_149,s-6.168538452,s4.720130883,s136.003278550
165_150,s0.893862712,s6.458624480,s118.781409314
165_151,s4.879814752,s4.770843582,s321.774936984
165_152,s6.085352061,s6.990133175,s206.071737449
165_153,s3.101596065,s1.790290622,s192.620623223
165_154,s-4.208730931,s5.434830881,s80.542446769
165_155,s1.547725924,s2.397781468,s148.667045954
165_156,s-5.800210628,s4.007161329,s72.068789985
165_157,s-0.797532682,s7.179780518,s71.295351001
165_158,s2.757782183,s3.481504128,s300.821887084
165_159,s-2.947436926,s7.185120901,s169.158322314
165_160,s7.032407973,s7.187655081,s59.861481038
165_161,s4.788719924,s2.215150598,s202.568156792
165_162,s-1.221902279,s4.972169387,s29.429350538
165_163,s5.794970361,s6.552115028,s219.357981651
165_164,s6.819392683,s5.583430001,s350.848339090
166_0,s-6.030506261,s-3.836797201,s48.245673956
166_1,s-6.783320963,s-4.130549311,s147.737545880
166_2,s-6.190607304,s2.642848374,s136.257113373
166_3,s-1.269513286,s-4.797731337,s156.369922979
166_4,s-6.260984018,s-7.138950697,s226.178849073
166_5,s3.216407422,s4.468840890,s133.222501173
166_6,s6.926647521,s2.814781574,s184.492531705
166_7,s4.236183506,s-5.245468534,s233.283802990
166_8,s0.267125943,s-6.747803913,s183.718795737
166_9,s-4.589059682,s-1.612348726,s64.971706293
166_10,s7.099467116,s-2.391499766,s163.788148119
166_11,s5.402821631,s-4.706118202,s57.546360801
166_12,s5.335536544,s-5.161530758,s93.167442521
166_13,s6.203382538,s0.917173897,s358.905628621
166_14,s1.493241736,s-6.953186805,s233.571714086
166_15,s-6.923460133,s0.988275896,s229.713561198
166_16,s3.532893590,s-2.769456918,s289.721674180
166_17,s-1.949571307,s-7.193754257,s68.030172141
166_18,s-5.578759616,s-4.552209207,s68.863791562
166_19,s-6.080397129,s-1.937400465,s242.069530503
166_20,s3.084179984,s5.480666713,s17.011195494
166_21,s6.616341411,s0.481721781,s35.821923063
166_22,s-0.966193673,s-3.234488418,s87.053612293
166_23,s-3.977264096,s-4.792100342,s278.869454084
166_24,s3.050734024,s-7.188994722,s214.631357885
166_25,s-0.607509253,s6.488216868,s287.377558735
166_26,s2.970434213,s-5.550530651,s296.024583011
166_27,s2.338278521,s-6.234423023,s42.419443523
166_28,s-6.435764538,s3.158313315,s130.812338373
166_29,s-1.560281859,s-1.512854634,s318.663128726
166_30,s-7.124266149,s2.041752602,s99.116763925
166_31,s-2.531185926,s1.583399682,s244.576444534
166_32,s-7.332676639,s-1.365565318,s189.575976881
166_33,s-3.887395641,s-0.211136233,s242.942757203
166_34,s-4.843298190,s-6.215959302,s348.892082758
166_35,s-4.256283611,s-3.254202946,s208.684781188
166_36,s2.662395106,s-2.343563543,s310.387347823
166_37,s-1.356022759,s1.398353179,s150.750535686
166_38,s6.442566415,s-3.947483824,s113.947681608
166_39,s7.161296066,s1.480645319,s174.504473841
166_40,s3.554525099,s4.047476570,s70.065220211
166_41,s7.056403235,s-4.790293032,s83.238654033
166_42,s0.075252196,s-5.048420728,s292.896705074
166_43,s-2.947936052,s-1.577899529,s72.511354634
166_44,s1.380511801,s-1.428367914,s353.584695764
166_45,s-0.815807912,s-5.267686542,s345.860215447
166_46,s0.589523605,s6.201207485,s112.764491648
166_47,s-6.647869885,s-1.381698664,s242.583722735
166_48,s4.955116934,s-0.239339316,s346.414664075
166_49,s-2.067619500,s3.454859360,s250.151803839
166_50,s-5.557718999,s0.938335251,s60.421265096
166_51,s3.445513009,s-2.130416971,s20.508706583
166_52,s-0.357227428,s0.313911868,s288.111403605
166_53,s6.306404917,s-2.412790104,s350.652693793
166_54,s2.778784707,s-3.914997823,s186.994374647
166_55,s1.577707724,s-4.698093898,s207.115739662
166_56,s-7.188208086,s1.426214345,s25.408844178
166_57,s-6.577804065,s6.289359751,s120.699723563
166_58,s2.349659809,s-0.323790625,s332.730108781
166_59,s-3.170285107,s0.222593593,s40.436311426
166_60,s3.351002165,s0.060949849,s7.911635623
166_61,s-5.511401032,s5.804654409,s174.897612730
166_62,s-1.050350756,s1.161544752,s1.693220388
166_63,s1.643383877,s0.707418471,s86.272092009
166_64,s-1.472883135,s4.835127564,s20.335553737
166_65,s-1.050504955,s-2.401332694,s213.406178110
166_66,s5.655668128,s-5.983722177,s287.833034490
166_67,s-1.289496855,s-6.443171765,s353.527390057
166_68,s7.205674562,s7.236269520,s268.848371055
166_69,s5.025492468,s-3.877930298,s59.237891022
166_70,s-7.280142663,s-2.747330816,s355.992816085
166_71,s-3.867195988,s2.205688140,s211.711419669
166_72,s-3.990327827,s6.595392368,s225.924718228
166_73,s-2.408361647,s3.049723236,s146.688754865
166_74,s3.100104517,s-1.322889581,s174.972815822
166_75,s-6.930638828,s7.278131567,s193.503274225
166_76,s1.903166349,s1.076117514,s141.480877311
166_77,s-7.332676639,s0.205608859,s128.938702447
166_78,s5.271166848,s0.173745566,s149.332547526
166_79,s-5.966238375,s-6.492423203,s138.507717457
166_80,s-6.337554599,s4.203557352,s93.323612602
166_81,s-2.499312295,s0.989164633,s191.105590121
166_82,s5.592446139,s5.506240808,s229.455469800
166_83,s0.602293897,s-3.613467173,s14.249945885
166_84,s-4.766882527,s-5.427500450,s118.698398899
166_85,s-4.022214681,s7.246208426,s260.733730387
166_86,s-4.957909726,s-1.011219660,s169.652461322
166_87,s-5.640404023,s2.156935236,s59.617277701
166_88,s-5.744182450,s7.140534354,s332.055376429
166_89,s-4.344161841,s-6.714606767,s67.954861076
166_90,s0.293146208,s3.385315379,s153.306427067
166_91,s-2.046990839,s2.430119456,s359.322887520
166_92,s-3.108877010,s4.524062786,s340.584787306
166_93,s2.994659454,s6.861684594,s304.277544117
166_94,s-2.993462104,s6.383834378,s185.127161884
166_95,s6.116853556,s2.574220589,s116.201548089
166_96,s5.670035396,s2.989930818,s282.144592936
166_97,s6.481844815,s7.041614986,s160.497751996
166_98,s-3.924564516,s5.249746851,s25.290977749
166_99,s-0.732254623,s1.938228206,s266.577345121
166_100,s1.998014102,s4.158972873,s114.856666449
166_101,s2.207093024,s5.335190916,s199.753057229
166_102,s1.019318756,s2.592458967,s153.637004670
166_103,s-5.311481060,s-2.727701850,s99.557504118
166_104,s-2.355984078,s2.406836033,s149.407084022
166_105,s4.691942083,s5.452033018,s13.054009196
166_106,s6.869026693,s5.427032777,s321.555614053
166_107,s-1.063033428,s2.837993659,s228.220853531
166_108,s4.295964891,s7.248077627,s189.252800210
166_109,s4.123228319,s-0.990241721,s228.528091379
166_110,s6.081878540,s1.623078297,s57.639835049
166_111,s5.967569136,s6.939310600,s48.227034114
166_112,s-4.572782954,s5.405370741,s107.408862997
166_113,s-2.090567883,s-2.292220813,s85.099193687
166_114,s-3.520011008,s7.183378189,s168.466849324
166_115,s6.983954629,s-6.218365612,s222.786105952
166_116,s-7.198574562,s2.497908693,s337.379124645
166_117,s-5.695212824,s6.362010367,s105.062928879
166_118,s1.305373614,s6.310442874,s70.797764702
166_119,s-0.228245935,s5.603884165,s166.480294900
166_120,s1.399483489,s6.888962538,s36.853990553
166_121,s2.510268494,s7.178102003,s229.731636595
166_122,s4.736453466,s1.623561798,s304.506742972
166_123,s0.544715769,s0.093199432,s19.010618019
166_124,s6.885524207,s1.367848257,s297.248039564
166_125,s1.132900263,s1.476805682,s120.998181623
166_126,s-7.319636322,s4.484916354,s251.211062283
166_127,s0.330619204,s6.939432848,s57.386158260
166_128,s-6.035603858,s5.522111103,s103.021462441
166_129,s-2.406921811,s6.901928299,s20.753975989
166_130,s-1.200570005,s0.092734391,s20.908897634
166_131,s-2.727937631,s-4.801956523,s144.926276597
166_132,s7.108071575,s2.928642237,s327.179686118
166_133,s-1.372238724,s5.632751340,s73.537558174
166_134,s-3.648723193,s5.551019227,s196.235749214
166_135,s2.557186038,s3.292803667,s298.692472266
166_136,s-3.272477189,s1.930673251,s300.285016104
166_137,s5.745567566,s2.058330774,s95.989774106
166_138,s2.187236715,s6.507665065,s11.619795532
166_139,s5.137977443,s6.282918687,s192.146318355
166_140,s-4.133615688,s0.387134886,s238.643498636
166_141,s-4.143545764,s2.063533947,s166.166178802
166_142,s-1.719316127,s5.964896810,s26.926809162
166_143,s5.423018608,s5.099067909,s186.112348613
166_144,s-4.992556595,s7.116279902,s296.286026509
166_145,s-3.732903453,s-3.997373213,s341.362102121
166_146,s-2.549102349,s-4.079440975,s304.218458897
166_147,s5.646395978,s5.206121544,s346.095180308
166_148,s5.057833865,s4.077435387,s70.611364724
166_149,s-5.914475992,s4.043321832,s100.220492186
166_150,s-2.288616391,s7.098251201,s200.147070944
166_151,s7.052283255,s-1.036175688,s331.431920975
166_152,s4.350398113,s6.025096372,s129.701583841
166_153,s6.300432956,s3.361715548,s188.560751267
166_154,s-7.174312283,s6.492370193,s96.847770951
166_155,s-7.332676639,s6.526090624,s122.749322377
166_156,s-4.929293563,s4.689355940,s216.619443516
166_157,s-5.347242526,s5.563611587,s142.558508650
166_158,s-2.941635940,s6.975366818,s335.627604408
166_159,s4.205201194,s1.353190823,s113.248181433
166_160,s0.527005137,s7.278131567,s157.406086073
166_161,s3.026174204,s5.937162507,s204.589306646
166_162,s-0.794356775,s3.935937132,s225.927152928
166_163,s6.661169537,s7.207880772,s212.632854684
166_164,s2.447528290,s4.849610113,s264.417088897
166_165,s2.579570310,s2.291767202,s50.197831833
167_0,s-6.012636976,s-0.683811042,s2.692470217
167_1,s-4.508650513,s-2.082642680,s177.497418211
167_2,s-4.068434713,s-4.734831116,s64.416899845
167_3,s-6.922801832,s-6.431661275,s51.852949840
167_4,s0.437480819,s-5.506540628,s227.301386451
167_5,s-6.471697533,s-6.994908274,s356.336431344
167_6,s1.394748738,s-4.008202637,s19.786350966
167_7,s1.866357663,s5.176992122,s217.870643162
167_8,s-1.359983130,s1.855154480,s2.432509883
167_9,s-0.344160329,s-7.283249763,s151.246784542
167_10,s-2.621523675,s-1.624027321,s267.748011161
167_11,s3.840738308,s-2.790869042,s38.395095249
167_12,s1.977729098,s4.172127352,s165.160919780
167_13,s6.887119357,s-5.205133906,s25.446323036
167_14,s-2.128266020,s-0.244941806,s227.161143764
167_15,s-4.815868116,s-3.628317864,s119.935384731
167_16,s0.938259020,s5.876535356,s180.048054944
167_17,s4.066936952,s-5.146139049,s144.146059441
167_18,s-1.081810478,s-3.823331859,s114.524314974
167_19,s-3.450122857,s-2.372534111,s140.665236980
167_20,s-4.067885846,s0.522859252,s55.919365475
167_21,s2.755317294,s-2.935884147,s276.219220457
167_22,s7.052230794,s-3.316886506,s277.091385066
167_23,s1.680739019,s0.527202475,s253.239652105
167_24,s5.041771427,s1.232237125,s141.260667758
167_25,s1.344730383,s-4.676237064,s211.014453348
167_26,s6.519267177,s-6.531007001,s57.484927631
167_27,s-3.201833398,s1.727977600,s99.322779070
167_28,s-4.931157755,s-4.507357011,s28.973637317
167_29,s-6.088190980,s0.922370368,s291.706226683
167_30,s1.184032852,s-6.430735292,s36.369695578
167_31,s-4.947356386,s-6.192098312,s316.969763302
167_32,s3.006777850,s-2.293755944,s332.053303638
167_33,s-2.841663931,s-6.727328259,s285.777869837
167_34,s-5.743424281,s-3.321159985,s18.375339769
167_35,s-3.750301086,s7.046310645,s306.203265188
167_36,s3.870412744,s-6.885845737,s190.879833806
167_37,s0.262431634,s0.081045305,s291.961745226
167_38,s-6.338926371,s-1.029983615,s161.549731911
167_39,s1.965020618,s-5.688319201,s355.636651481
167_40,s4.070183555,s-0.649023506,s240.855282155
167_41,s4.015091053,s-1.686075988,s12.577755587
167_42,s-1.126368198,s5.430369888,s138.858877951
167_43,s4.426985500,s3.980936112,s275.535635610
167_44,s-7.209587835,s5.209666730,s333.959939542
167_45,s4.207345743,s-6.162265885,s167.152439310
167_46,s-3.369362721,s-0.456866316,s292.473470318
167_47,s0.619952363,s7.080185691,s259.344951768
167_48,s5.283857641,s-1.502129044,s124.781886710
167_49,s-3.642290954,s4.733281860,s75.258893471
167_50,s-6.550470283,s-1.933181420,s349.778149678
167_51,s0.745604662,s0.129972267,s273.011794626
167_52,s0.734535968,s-1.381201425,s222.703279182
167_53,s0.063000148,s3.543683620,s21.619403524
167_54,s-1.763484225,s-3.599756668,s67.109639106
167_55,s6.146942045,s0.415667371,s271.470454050
167_56,s-6.388050067,s2.770348226,s113.748316596
167_57,s-1.359214873,s-1.857072171,s278.626624213
167_58,s6.449627893,s3.558622342,s264.906598925
167_59,s-0.355772538,s-5.086796938,s301.195420859
167_60,s0.094259013,s4.620410789,s118.223561362
167_61,s-5.530587228,s1.159196671,s334.719161466
167_62,s-0.506791228,s7.156182388,s309.079972788
167_63,s1.816621846,s7.088780671,s47.730160159
167_64,s2.088722613,s-6.866509128,s71.581967533
167_65,s-6.455263574,s-1.536263271,s190.640300049
167_66,s3.443686429,s3.665336131,s340.417794670
167_67,s7.116149133,s-3.838490895,s171.664767925
167_68,s3.595411275,s-3.435710676,s41.085171411
167_69,s6.418873241,s-3.973300353,s291.341200141
167_70,s-1.249736245,s1.005994839,s90.485687954
167_71,s-0.360382468,s-2.804796529,s356.004056853
167_72,s-5.291815050,s-2.426365657,s189.672964324
167_73,s-6.660056687,s6.018959372,s23.126432521
167_74,s2.558712767,s1.028647830,s2.841221731
167_75,s2.652031438,s3.229491119,s7.958451645
167_76,s3.229895236,s3.593891284,s201.008366395
167_77,s-2.090294000,s0.931153229,s108.938141051
167_78,s5.122522317,s-2.950251036,s224.270564771
167_79,s0.453599684,s-2.389290575,s286.678129115
167_80,s4.569762200,s1.846924737,s113.507505738
167_81,s-1.859836376,s-4.921624185,s214.957830142
167_82,s6.960288161,s1.630473241,s348.289803121
167_83,s6.915698662,s4.733182565,s43.129691199
167_84,s-1.826986435,s3.323555708,s252.504343921
167_85,s-7.330407358,s3.844488678,s328.489212355
167_86,s-7.258173232,s1.475360182,s278.473580479
167_87,s-2.719490335,s-5.674281841,s151.824683336
167_88,s-1.260337818,s-0.506957469,s52.545738659
167_89,s-2.166435534,s5.551489447,s304.925471021
167_90,s1.250921351,s2.504885427,s104.075867953
167_91,s-2.871475958,s-0.971556959,s109.205764950
167_92,s-0.882466667,s-1.459205474,s275.676901930
167_93,s5.136098422,s6.405735345,s240.231543497
167_94,s1.113364423,s7.185046242,s174.037315991
167_95,s7.105050110,s3.915286884,s337.844226030
167_96,s-1.454712852,s6.979700081,s21.385321298
167_97,s7.185661870,s2.008820470,s359.527349223
167_98,s-1.352995994,s3.970516801,s345.425864188
167_99,s0.312811992,s2.248005082,s30.354942166
167_100,s-0.044583900,s6.314457438,s27.919050609
167_101,s-1.050727307,s7.186397067,s356.169142420
167_102,s-7.163232982,s4.446570031,s58.605166798
167_103,s4.969295711,s4.241460574,s65.813840497
167_104,s-2.892809920,s3.434744613,s298.749472690
167_105,s4.821458001,s0.952315310,s161.574961024
167_106,s-5.425083429,s7.145040198,s4.619764006
167_107,s-6.033598590,s3.981936931,s19.087160849
167_108,s5.720219835,s2.983027997,s251.775514211
167_109,s4.474552046,s-2.091514190,s113.957907072
167_110,s4.784928038,s-7.206229254,s357.404257587
167_111,s5.090900776,s6.835519606,s267.424588449
167_112,s-5.107155447,s5.824869046,s190.625591398
167_113,s-3.004688259,s1.667660154,s297.253733626
167_114,s-7.330407358,s6.599260179,s325.149976732
167_115,s6.971368402,s4.844313384,s29.437355611
167_116,s-7.330407358,s-0.326991238,s173.582414099
167_117,s5.844258507,s-1.326492200,s100.279671917
167_118,s2.934385727,s-0.850671473,s150.730157959
167_119,s-6.596317279,s1.139397268,s265.451312033
167_120,s-0.845189778,s-0.901573744,s25.292094120
167_121,s-2.045683486,s6.386005273,s190.030925253
167_122,s-3.644846220,s3.995730253,s162.315433266
167_123,s3.900203780,s6.518563948,s55.445093255
167_124,s6.911472521,s7.142529043,s337.710245962
167_125,s5.774136943,s4.319786897,s257.303192562
167_126,s-6.007888145,s6.553955387,s183.666527663
167_127,s-7.051372566,s-0.757203636,s40.343942779
167_128,s3.726690548,s2.843139002,s294.107901996
167_129,s-4.089813991,s7.181631040,s314.893957018
167_130,s-5.814739989,s6.698979926,s215.296433357
167_131,s6.404451226,s3.531058622,s5.185531396
167_132,s3.615220678,s4.781582417,s145.591237839
167_133,s-4.835954695,s6.170343733,s152.243308684
167_134,s6.579751629,s6.204060160,s103.365909266
167_135,s-5.940189245,s4.005179109,s153.491240566
167_136,s2.317147493,s4.416056261,s92.367130080
167_137,s-0.716897397,s5.681608043,s252.965666615
167_138,s3.089943050,s7.091650238,s329.415302940
167_139,s2.353897883,s6.850946803,s109.105971857
167_140,s6.577710353,s1.765205065,s218.202547794
167_141,s-6.545946794,s5.764155820,s70.673096537
167_142,s-6.389060053,s5.771308507,s221.849341008
167_143,s-6.439320387,s4.198474833,s237.441272965
167_144,s-4.308875161,s3.803593156,s51.000070152
167_145,s-4.635065602,s7.062825100,s210.615421860
167_146,s-6.440904591,s4.910218888,s359.164358824
167_147,s5.445365038,s-5.464261090,s192.121793977
167_148,s4.477492507,s7.003110544,s216.410907698
167_149,s0.923217872,s-2.672924580,s92.086556562
167_150,s4.890275404,s2.465849402,s300.081116996
167_151,s2.666703322,s5.801637133,s236.360232839
167_152,s2.012068764,s5.558424162,s132.951841990
167_153,s6.344097150,s7.181364914,s69.289871123
167_154,s-6.831678489,s6.134725454,s151.641572549
167_155,s-4.660161608,s5.825212542,s145.400866237
167_156,s2.455502728,s2.842083626,s163.304234483
167_157,s-5.300880485,s3.071597314,s56.379078117
167_158,s1.629466819,s0.744779873,s146.450638650
167_159,s1.207010240,s6.365502426,s199.061014397
167_160,s-5.470355398,s-0.272181641,s142.714155394
167_161,s-5.108301282,s1.797824899,s30.081853224
167_162,s6.544282639,s2.737620417,s350.336126650
167_163,s-1.064600840,s6.365080273,s88.510770487
167_164,s-2.624170410,s7.224603752,s51.911657008
167_165,s5.467706015,s3.597879439,s70.486554439
167_166,s6.786247703,s5.654295231,s322.075347441
168_0,s-5.255668647,s-7.481171103,s168.015217414
168_1,s-4.563276898,s-3.291705114,s219.150619070
168_2,s-7.529679206,s-4.574422208,s24.562036732
168_3,s-7.799763342,s-5.801948019,s222.608151234
168_4,s-6.527057868,s-6.671241819,s41.248694912
168_5,s5.010766258,s-4.744874032,s342.098728979
168_6,s-4.329545901,s-8.029686007,s277.913881963
168_7,s-0.837460829,s-0.856540516,s56.210926655
168_8,s2.602442426,s-7.657125217,s337.402539659
168_9,s1.391486058,s-1.515911281,s163.025266605
168_10,s5.815181789,s-3.578666634,s140.715674118
168_11,s7.924944012,s-7.738560842,s301.450189957
168_12,s7.154798064,s-4.182005253,s187.580149497
168_13,s-1.537659801,s1.923304822,s325.137208746
168_14,s0.857768045,s-3.922519249,s240.707929003
168_15,s-7.459318332,s-2.931677629,s195.793848600
168_16,s-5.371723813,s-0.137074766,s101.848910508
168_17,s-2.694360972,s-4.479691611,s80.651198371
168_18,s-5.731100834,s-8.081245571,s115.302909713
168_19,s2.575240589,s-1.239388927,s32.270773525
168_20,s1.885250699,s-7.136363352,s232.478855465
168_21,s3.755693937,s-7.715046868,s184.554357100
168_22,s5.939851927,s0.076115793,s105.889374500
168_23,s1.622492404,s-1.100921061,s311.250683058
168_24,s-0.014288121,s-1.740572506,s186.132752352
168_25,s-4.159427283,s6.630025527,s119.730188967
168_26,s6.468832107,s3.215540005,s97.732671038
168_27,s6.616441100,s-6.894817475,s50.773234451
168_28,s-6.603485649,s0.965249765,s269.909176157
168_29,s-4.237965649,s-2.126375090,s84.815672454
168_30,s-2.301767440,s-2.799979948,s44.048720917
168_31,s-2.326404307,s-3.525649977,s164.149780072
168_32,s6.084437729,s-1.580832745,s21.456782374
168_33,s-5.649039495,s-3.005956361,s235.825887387
168_34,s2.557399570,s2.062758511,s318.042063339
168_35,s-1.157540587,s1.305834164,s198.052891251
168_36,s-0.487464735,s-6.296625424,s127.610302313
168_37,s2.581644566,s4.979910698,s264.836563637
168_38,s2.072486858,s3.979234766,s54.620997568
168_39,s7.263148794,s-3.145598416,s333.450146359
168_40,s3.417931127,s-2.001899690,s121.676584802
168_41,s7.359143423,s3.452947787,s307.313400223
168_42,s-4.496628217,s-4.194619247,s347.097191759
168_43,s-2.563131159,s2.739495545,s264.728459720
168_44,s1.024151073,s7.486050637,s262.618217310
168_45,s-4.022811093,s-2.676595736,s183.631241857
168_46,s-1.827575971,s2.585112952,s166.788307167
168_47,s-3.950161577,s4.783512872,s62.208617141
168_48,s0.052798916,s-5.726652402,s78.236028433
168_49,s-3.243053881,s4.279713281,s252.469399107
168_50,s-6.149200213,s3.851107784,s311.994276565
168_51,s-1.389021562,s0.547067786,s19.680293640
168_52,s7.820518699,s-0.376567030,s160.572616466
168_53,s6.775790805,s1.310940534,s299.072064813
168_54,s0.049452425,s1.751975441,s65.462842258
168_55,s7.125018816,s0.025553749,s134.392288317
168_56,s-5.090353170,s1.577907479,s289.348106937
168_57,s-6.951442750,s0.190713381,s108.113009809
168_58,s3.252302992,s-1.422778143,s36.719592744
168_59,s4.113447045,s-3.253792582,s276.602808437
168_60,s-7.398164385,s7.702550770,s350.267491305
168_61,s-4.131089402,s3.031889517,s191.938520532
168_62,s-2.210430823,s-0.104085844,s154.147102320
168_63,s-0.815208800,s1.235939821,s96.856132059
168_64,s5.921431580,s0.285421966,s30.433150366
168_65,s-5.063707183,s3.223431296,s108.249083241
168_66,s3.553889897,s-0.975567803,s273.959423239
168_67,s0.951341985,s-0.745776356,s60.266284625
168_68,s0.288212768,s4.666147191,s0.612317805
168_69,s0.999388207,s-4.261860862,s136.953503175
168_70,s-6.484245387,s-2.632019672,s41.047124184
168_71,s-5.446529250,s2.787915697,s131.895621157
168_72,s-4.308570578,s-0.227886368,s128.723031278
168_73,s-4.423182882,s1.563763907,s304.672804669
168_74,s4.771215702,s7.290512689,s178.776874269
168_75,s-3.220261914,s-2.194100089,s344.142020356
168_76,s3.890562594,s0.065053837,s51.981618642
168_77,s1.614715929,s-6.267554994,s58.509407450
168_78,s6.832022024,s4.688000375,s337.897021787
168_79,s0.752897726,s6.632954345,s232.336712641
168_80,s7.916564833,s1.526461221,s92.721983508
168_81,s7.193148107,s5.875230795,s296.499095499
168_82,s2.093937945,s7.632033901,s43.895935515
168_83,s0.210225929,s-0.041980261,s199.321638904
168_84,s-7.807961971,s2.291043498,s92.110554893
168_85,s-6.395871387,s7.593378448,s50.036469891
168_86,s-1.657811231,s4.185664228,s338.787029548
168_87,s-7.292569792,s1.779259016,s36.048489810
168_88,s-0.644320882,s7.661127057,s124.529071057
168_89,s-1.513394428,s3.629383400,s272.919812887
168_90,s-1.307971435,s0.700880305,s161.412801032
168_91,s-7.379603037,s-1.650062639,s156.079767730
168_92,s1.827347264,s7.638141962,s230.135727055
168_93,s1.725268489,s6.286542521,s49.895411067
168_94,s4.858383322,s-1.875990600,s310.240595754
168_95,s5.639723664,s7.238211179,s174.856401151
168_96,s3.361510689,s6.247487885,s253.231229839
168_97,s7.840898092,s2.017138076,s176.717508546
168_98,s-2.473762804,s1.628863997,s276.456810263
168_99,s-1.305983950,s-0.359161470,s145.631174681
168_100,s-5.592178161,s5.975540299,s11.783188713
168_101,s0.919044027,s-5.733848034,s196.580223690
168_102,s-7.818182184,s-7.237509401,s225.259120485
168_103,s1.296943774,s5.237113243,s311.083840247
168_104,s0.808705238,s2.521336134,s43.477681813
168_105,s-7.432627138,s-0.974420998,s112.106896310
168_106,s4.761332736,s7.259094708,s138.940385403
168_107,s7.830875991,s2.951519218,s305.993837015
168_108,s1.980231533,s2.401440500,s190.803370627
168_109,s7.894288009,s3.899054019,s19.430733013
168_110,s6.028438837,s6.113205654,s248.639527423
168_111,s3.436015127,s0.649350903,s117.343914682
168_112,s-7.800015994,s5.199889153,s190.122759841
168_113,s-0.822454683,s4.011067555,s67.609923766
168_114,s3.359718919,s3.350407135,s52.356116397
168_115,s-7.396861122,s4.636074553,s64.859474286
168_116,s-6.930255473,s2.949158276,s259.691603292
168_117,s-1.123766527,s2.649813706,s148.550967123
168_118,s-6.915435913,s4.037320465,s253.655355058
168_119,s4.967143849,s-1.133728625,s130.083321827
168_120,s0.224588720,s1.946401154,s148.155709491
168_121,s6.861403405,s6.986105513,s170.643577787
168_122,s4.820646337,s4.975176026,s335.762886787
168_123,s7.302399625,s7.701843068,s237.270655690
168_124,s7.692247320,s-1.579907899,s93.413864638
168_125,s5.179296637,s2.137635056,s129.279678647
168_126,s-1.385551926,s6.183954429,s11.333149582
168_127,s-1.324108863,s7.349612157,s217.645582077
168_128,s-7.780057787,s5.969505210,s45.770013122
168_129,s-5.004125230,s5.755539370,s351.579111025
168_130,s3.126334489,s-4.152430985,s118.315673248
168_131,s4.177036518,s6.376505931,s202.438034959
168_132,s5.214573750,s0.812629247,s49.010122939
168_133,s2.607429385,s5.006203282,s271.776185582
168_134,s7.213466274,s-2.640057846,s308.559847794
168_135,s-5.731469597,s-1.512241909,s130.465788062
168_136,s0.086158925,s-0.665155720,s61.201454304
168_137,s7.432528915,s6.955398953,s141.574582993
168_138,s4.995444378,s5.256549620,s119.826625159
168_139,s7.534487409,s1.447743746,s33.963835334
168_140,s-3.012308026,s7.737925737,s305.890527849
168_141,s-3.658132628,s7.339253612,s216.962016636
168_142,s-2.101948462,s6.839821806,s224.839603099
168_143,s-2.121992002,s4.872000825,s70.976260276
168_144,s-4.575657312,s7.245598974,s166.769883054
168_145,s0.883321311,s4.273679131,s236.065932800
168_146,s-0.969558586,s5.444764552,s51.350546409
168_147,s-0.547197732,s4.651299623,s191.413216268
168_148,s3.486344313,s4.347122323,s268.429078249
168_149,s1.455145709,s2.606820785,s106.492155289
168_150,s0.311046244,s7.546719863,s170.183439721
168_151,s2.732972049,s6.601369483,s27.654574416
168_152,s3.221233089,s2.566278515,s77.823412708
168_153,s4.405168205,s7.727961399,s274.899398568
168_154,s-5.603612984,s3.592797903,s144.160245554
168_155,s-7.827021906,s7.689779398,s311.084003750
168_156,s0.147731691,s6.946284991,s14.007881729
168_157,s-5.574132828,s0.648044652,s145.224342072
168_158,s-4.202226433,s-1.192544686,s36.347597794
168_159,s2.992897504,s2.642549385,s240.823685632
168_160,s-4.072849306,s7.553491952,s130.225688878
168_161,s7.838606618,s5.101606732,s70.046258645
168_162,s6.073018107,s4.178091997,s227.460943647
168_163,s7.816146213,s5.917417363,s60.766854922
168_164,s3.634954959,s7.713100368,s2.181024181
168_165,s6.925396157,s5.175669659,s200.164712869
168_166,s2.996591567,s7.429449653,s145.731425536
168_167,s0.677341911,s3.720448219,s169.895327664
169_0,s-7.372675633,s-5.954896485,s128.353273014
169_1,s-6.761485201,s-6.988951313,s47.472591827
169_2,s-3.682423363,s6.519117460,s247.923607434
169_3,s-6.989338558,s-3.268688721,s105.375486541
169_4,s-2.224349355,s-4.897228958,s64.586412181
169_5,s5.502435955,s-1.862423708,s264.544624264
169_6,s1.475071002,s-4.552732859,s52.997621636
169_7,s-2.713215604,s-5.818898418,s152.647609214
169_8,s3.152380135,s3.632177992,s338.722735559
169_9,s6.864706981,s-7.095655615,s51.070319279
169_10,s5.023210843,s-0.319715806,s307.814595405
169_11,s6.346790662,s-5.714460112,s45.581967342
169_12,s4.548905989,s-6.859951540,s14.078915372
169_13,s1.294176401,s-0.688989513,s296.517728804
169_14,s-2.837819666,s-2.748495021,s269.050230121
169_15,s-7.393493538,s3.070672501,s14.661479712
169_16,s4.194892760,s-5.985677794,s355.280019790
169_17,s-4.579227379,s2.894803462,s108.226156448
169_18,s1.252893605,s-3.064569448,s267.488354937
169_19,s-3.435102557,s2.069301716,s33.822759153
169_20,s-2.458717806,s-0.372132614,s40.295016587
169_21,s-5.450188148,s5.083441778,s118.023645904
169_22,s4.263489304,s-4.007978491,s153.347946498
169_23,s4.798270062,s0.239085538,s324.315167374
169_24,s-1.828463325,s-1.165018519,s19.502394038
169_25,s5.271277566,s-3.884242976,s143.232970039
169_26,s2.970180748,s-5.279547744,s67.060727106
169_27,s6.660149872,s-4.016336967,s55.483354991
169_28,s-5.269687949,s-4.194785388,s222.384917603
169_29,s-5.499986612,s-5.968161031,s334.847398338
169_30,s-3.375975905,s3.165875231,s329.378267167
169_31,s-6.501420424,s-2.046482123,s213.013076594
169_32,s-1.094623678,s-4.513257510,s36.035155365
169_33,s-4.199546200,s-2.937227606,s50.799487153
169_34,s0.719358059,s-2.776728296,s66.276987914
169_35,s1.541235669,s-7.285011560,s355.738332679
169_36,s-3.318598795,s4.402800754,s24.012636537
169_37,s-3.361103787,s-6.375124868,s341.214759962
169_38,s6.339446246,s-3.259539327,s324.987501747
169_39,s3.134644116,s-1.336726724,s238.444934684
169_40,s2.659571278,s-4.794403374,s350.979071961
169_41,s-5.410398988,s3.110114287,s134.474306082
169_42,s2.942016594,s-1.595478960,s55.101376372
169_43,s-4.272031514,s5.205234771,s210.834430184
169_44,s-6.002054913,s4.452946190,s210.428468389
169_45,s6.847571168,s-6.364810188,s236.298042154
169_46,s-2.976679579,s-1.521326969,s183.048088372
169_47,s1.710581163,s-1.063899825,s12.922933889
169_48,s6.793895615,s1.439845847,s75.442807855
169_49,s-4.966752688,s-0.136163317,s145.419622952
169_50,s0.794580193,s-4.802393729,s291.304090906
169_51,s-2.276809715,s3.824342707,s91.788557193
169_52,s2.199563400,s3.692003186,s349.582183485
169_53,s5.824246921,s-4.249729915,s226.059604929
169_54,s-0.064963667,s-5.929463782,s127.747998015
169_55,s7.030540134,s-1.024071842,s214.980750108
169_56,s-3.197117926,s-3.952601328,s15.899982722
169_57,s-3.806309964,s-7.281244501,s202.653033021
169_58,s-6.699619867,s-4.843886548,s337.872382911
169_59,s-6.067321037,s3.147864823,s79.919254358
169_60,s-3.389301896,s0.760325552,s198.479837502
169_61,s-3.615282216,s-3.031595899,s301.475749303
169_62,s-1.072645720,s-1.109786060,s330.667516135
169_63,s-5.267676408,s-0.427074693,s162.989331001
169_64,s3.431866946,s1.306037662,s45.386571554
169_65,s-3.102445068,s0.027079501,s129.273688979
169_66,s4.873909197,s4.914937968,s224.206988037
169_67,s7.162329784,s0.634923301,s348.483953334
169_68,s4.779792550,s-2.133992357,s58.520224060
169_69,s7.190481736,s-0.296363937,s146.397436775
169_70,s-5.745880197,s-3.023227484,s316.491752432
169_71,s-0.224540579,s-5.289778204,s39.824297724
169_72,s-7.339054227,s7.237036475,s166.845160244
169_73,s-2.423223097,s-3.643480363,s259.664093258
169_74,s0.502370027,s4.948931174,s250.236730249
169_75,s1.197930314,s7.262343749,s117.675201627
169_76,s5.737256403,s2.502192558,s241.570081490
169_77,s-6.587586028,s5.476105601,s128.567367813
169_78,s-2.895691876,s-0.788275642,s319.826925860
169_79,s5.372127414,s7.088572164,s36.636154511
169_80,s5.036925510,s-4.610558767,s322.482534221
169_81,s-0.264360085,s5.423481006,s322.332604392
169_82,s3.539003565,s3.183937323,s135.175852096
169_83,s1.244290203,s3.176459903,s249.629478271
169_84,s-6.437559994,s4.771059677,s308.570594658
169_85,s2.989478412,s0.335728628,s156.427000421
169_86,s-4.242800840,s-1.585020860,s104.791073422
169_87,s-0.750642114,s1.225174601,s209.897889654
169_88,s-0.899889789,s6.177284044,s223.849609083
169_89,s-1.301347503,s4.183609412,s289.471499982
169_90,s1.884164467,s-2.497252322,s3.290821704
169_91,s7.212631776,s4.259930006,s3.022430001
169_92,s0.306952019,s0.424591871,s273.321334080
169_93,s4.138554646,s5.424571104,s294.826959068
169_94,s4.361694897,s5.160741490,s221.222366237
169_95,s1.128690641,s1.543688247,s20.744121398
169_96,s6.631871482,s0.564513976,s45.449825646
169_97,s-1.719756334,s3.897672163,s260.394776874
169_98,s3.900573612,s7.001711632,s20.121822452
169_99,s-6.358249977,s0.833913117,s27.666902566
169_100,s-1.369478471,s1.443568867,s164.143768807
169_101,s2.003003306,s7.123736939,s195.083572035
169_102,s-4.004513858,s1.903094733,s188.809686206
169_103,s-1.582370200,s-2.196052737,s53.954723933
169_104,s-6.373164090,s-0.949057020,s64.379362606
169_105,s6.214540833,s3.180231679,s190.185035273
169_106,s-0.523169749,s-2.350261020,s304.690519372
169_107,s4.408071249,s6.921170049,s110.991687668
169_108,s5.826308006,s5.014788349,s110.475153976
169_109,s5.320173365,s3.765976886,s314.917126742
169_110,s-1.863818610,s-3.946744624,s13.551233631
169_111,s7.203505895,s6.360201893,s204.533633676
169_112,s-3.714727493,s5.989355942,s87.350032483
169_113,s4.201259107,s4.273854829,s152.555357439
169_114,s5.477274904,s2.964282396,s326.010865530
169_115,s2.151151591,s1.615630458,s194.005242453
169_116,s0.142443831,s4.966980907,s327.614498590
169_117,s4.048700509,s6.709245484,s326.718495415
169_118,s-6.843990430,s1.136870747,s137.553587736
169_119,s5.446734571,s1.693595680,s291.042860586
169_120,s7.172729352,s5.394677117,s67.955214171
169_121,s7.010864694,s7.224267466,s6.239953833
169_122,s4.571842278,s5.422372955,s45.853255036
169_123,s-4.745898656,s3.336494479,s74.401131566
169_124,s4.136665301,s7.267510780,s117.923594117
169_125,s7.111941269,s1.626765089,s56.780169517
169_126,s-3.764217822,s7.369654157,s101.022531275
169_127,s-1.712701479,s7.301174289,s254.739655355
169_128,s-1.640347144,s5.841574152,s3.795965348
169_129,s1.710554193,s7.016272383,s117.283201582
169_130,s0.770526717,s3.705373232,s95.539186461
169_131,s-5.746365736,s0.004204675,s67.708048754
169_132,s-2.396205369,s-1.750746201,s8.419175775
169_133,s-7.264778438,s-1.174462609,s249.236894710
169_134,s-1.162327551,s0.122003459,s275.534604211
169_135,s5.449172465,s-1.218049280,s287.219447474
169_136,s5.962447151,s7.325169013,s107.361160671
169_137,s-5.098555972,s5.994918591,s129.941462930
169_138,s0.936406729,s7.325112446,s276.408797347
169_139,s7.243112781,s2.787185874,s152.801612715
169_140,s0.207017248,s1.536573850,s6.661363177
169_141,s-7.188869191,s6.122493780,s99.337727046
169_142,s-7.105639123,s6.058083186,s254.430471496
169_143,s-2.103262411,s6.743100422,s222.754379605
169_144,s7.261155661,s2.862095503,s247.458144829
169_145,s-0.694099445,s4.119795455,s136.821476708
169_146,s3.202212500,s7.290777493,s241.980550816
169_147,s6.946003375,s4.519042406,s130.219261650
169_148,s5.606818132,s4.279019769,s252.558473444
169_149,s2.168164935,s5.916835415,s316.359273311
169_150,s7.149564525,s7.386639266,s250.166876425
169_151,s5.603303871,s6.517410209,s240.279576745
169_152,s-1.892189113,s1.092140980,s205.449485738
169_153,s3.527744055,s2.656184880,s132.222529822
169_154,s-5.163748476,s3.785427841,s194.609343356
169_155,s-2.732581528,s0.961777855,s262.435874089
169_156,s-4.908138798,s4.532150835,s269.908388103
169_157,s-5.465810548,s6.700616082,s207.085034504
169_158,s-7.067492941,s6.421879670,s139.306400139
169_159,s-6.834654999,s7.365841004,s76.393340213
169_160,s-5.751268297,s5.159657738,s292.094393211
169_161,s-0.415382549,s7.301050223,s93.181785685
169_162,s-6.098431955,s6.353519383,s350.675506586
169_163,s6.176195854,s6.179530886,s51.204294108
169_164,s1.770515932,s5.433363818,s2.791581416
169_165,s5.449015814,s7.317648700,s57.385149241
169_166,s5.984491965,s0.446921922,s310.214519777
169_167,s1.056827743,s5.151522778,s71.981713816
169_168,s-2.826317192,s3.292112019,s246.191066904
170_0,s-5.752625791,s-4.661164391,s136.092888339
170_1,s-3.467925900,s-3.553582251,s303.287995096
170_2,s-2.260303800,s-4.215702469,s189.058483141
170_3,s-6.734375832,s-4.026142309,s74.755214233
170_4,s-5.948560602,s1.368986175,s292.380969636
170_5,s0.470826227,s2.829806005,s352.425934479
170_6,s-1.212720003,s-4.503992998,s345.767832142
170_7,s-4.314585772,s-1.099317461,s84.900957881
170_8,s0.616414130,s-6.332905268,s69.315047666
170_9,s3.766489480,s-7.742581348,s341.744049974
170_10,s1.655006035,s-0.318718282,s265.326138275
170_11,s7.812760895,s-6.516110597,s355.636828723
170_12,s7.993219179,s-5.277900287,s320.189777575
170_13,s7.977001939,s-2.443347502,s214.098647465
170_14,s-7.833391589,s-7.013431375,s340.494990998
170_15,s0.337238608,s-8.177591829,s324.777126094
170_16,s-4.958901964,s-3.162212000,s190.888360037
170_17,s6.185565970,s-0.737043121,s185.301619281
170_18,s3.009491610,s-4.479435939,s342.453933745
170_19,s-1.561651358,s-2.000709263,s81.324930084
170_20,s0.834804042,s-7.696193002,s345.548021180
170_21,s-3.311195211,s-7.773839296,s147.293468395
170_22,s0.039672499,s0.022178680,s241.796726881
170_23,s-3.015505895,s-3.609389617,s350.120740959
170_24,s-2.388305633,s-1.266605085,s215.779652727
170_25,s-0.954893611,s-1.560872914,s229.702160435
170_26,s0.819794692,s-1.685406411,s205.359440909
170_27,s4.908639668,s-0.244711181,s116.394740263
170_28,s-6.903800557,s4.672835523,s211.221297176
170_29,s-2.737900302,s0.075836223,s110.547381928
170_30,s-6.781434048,s-8.115274344,s41.538852018
170_31,s-7.576185147,s1.686471723,s249.282705760
170_32,s-3.765813301,s-1.784797640,s115.350471238
170_33,s-0.488903301,s-0.569539481,s139.298412142
170_34,s-3.443388239,s3.052090736,s187.651548265
170_35,s3.388145570,s-3.292659823,s252.709098518
170_36,s5.965609084,s-8.019577565,s318.029708667
170_37,s7.110705340,s3.390126767,s316.762953840
170_38,s7.831561820,s4.831907764,s191.965410781
170_39,s1.115356506,s-5.686612012,s88.978907296
170_40,s-1.217605672,s0.612922841,s99.483111369
170_41,s0.250880518,s-4.827039275,s186.444217928
170_42,s-7.857584837,s-5.806257984,s92.095686168
170_43,s-4.398954051,s0.242666505,s59.551662107
170_44,s-7.728212021,s2.396837500,s230.943771994
170_45,s-0.956334043,s-5.835681038,s295.221078991
170_46,s4.241645497,s3.463017466,s194.309242704
170_47,s-4.249974767,s1.123902702,s211.243699427
170_48,s3.764565821,s7.724140081,s22.748971930
170_49,s-4.572397466,s3.406493660,s222.317850718
170_50,s-5.260697243,s6.695669745,s357.514582361
170_51,s5.291093350,s-3.565115477,s356.864517048
170_52,s1.817476181,s-7.303405302,s4.696611646
170_53,s-1.487584760,s2.528261206,s10.991757087
170_54,s1.112485108,s-0.187368158,s102.837701332
170_55,s5.651055272,s-1.643497979,s306.209664778
170_56,s-8.003251198,s1.177417647,s324.619368264
170_57,s-7.979376650,s5.164497968,s77.305165573
170_58,s-1.891691121,s7.224864955,s311.574274683
170_59,s-3.986555731,s-5.207047034,s279.523333509
170_60,s-0.596980581,s-2.928422816,s51.474125775
170_61,s-5.338292801,s-2.671710810,s282.506056774
170_62,s2.737595648,s-0.972370989,s246.397079377
170_63,s7.796626689,s-1.157734268,s265.939907513
170_64,s-3.865084367,s-2.524987391,s297.982973407
170_65,s4.104540281,s0.547501384,s337.508458244
170_66,s7.898086667,s-0.169739668,s76.051456795
170_67,s7.694479973,s5.339481436,s283.437578349
170_68,s-0.269173135,s2.652648535,s323.702704462
170_69,s-0.865173949,s3.554969333,s47.688554706
170_70,s-4.792742986,s7.761528248,s87.404863922
170_71,s-7.312408332,s0.667431996,s254.272161125
170_72,s-1.121463276,s4.022982666,s291.448108658
170_73,s6.029235168,s4.858489088,s299.519574294
170_74,s0.123910722,s6.581617565,s139.194840227
170_75,s-6.138588602,s0.750496977,s28.181256161
170_76,s-2.687176333,s7.657240462,s208.926934296
170_77,s1.570318527,s2.839344649,s359.304810627
170_78,s-3.393947434,s-1.027071099,s176.006652785
170_79,s4.559112819,s-7.218119080,s105.258682675
170_80,s6.994496907,s7.432889671,s190.803686855
170_81,s6.743575656,s0.782833437,s74.087785528
170_82,s2.437488769,s1.190206318,s319.323085488
170_83,s7.855786761,s1.202577175,s358.615198767
170_84,s-7.054701060,s-1.508278923,s92.535320876
170_85,s3.856214826,s5.663075093,s74.410741818
170_86,s-5.873318383,s6.727204302,s165.751681765
170_87,s-4.683170537,s4.636998057,s339.811721282
170_88,s-6.809239846,s3.004348883,s329.233299905
170_89,s-5.779236373,s4.917080071,s260.138326990
170_90,s-2.129206414,s5.617579121,s111.346544133
170_91,s1.336572146,s4.565695124,s138.173613015
170_92,s-0.173867170,s-2.741999846,s236.792866913
170_93,s7.318098864,s-2.422277082,s28.371797114
170_94,s7.076245816,s4.833826355,s185.301515814
170_95,s-1.592505840,s7.570643812,s181.474877839
170_96,s1.890371061,s5.247370892,s262.079639670
170_97,s6.468100812,s-4.736365044,s238.399280647
170_98,s-7.998063489,s6.962053987,s143.697091630
170_99,s-6.320803299,s-3.098716200,s340.973865910
170_100,s0.557448488,s1.007678284,s116.076961224
170_101,s-2.461667747,s2.864492094,s127.062385009
170_102,s-6.937980508,s6.751557608,s129.290014589
170_103,s-4.757229299,s-0.900078065,s139.324318568
170_104,s-7.179626924,s-6.777168841,s72.166210162
170_105,s3.427086516,s2.360234066,s15.008526121
170_106,s1.686021481,s7.386084528,s23.321533962
170_107,s3.358283192,s-7.733035252,s195.624603728
170_108,s7.652095170,s2.993487350,s137.819683650
170_109,s5.317008783,s5.444808608,s147.767369241
170_110,s7.344978442,s5.998356193,s235.263454318
170_111,s7.914642169,s7.525387592,s0.756070633
170_112,s-8.015890287,s-3.314874468,s32.676849278
170_113,s-0.765035005,s7.043562410,s63.686524989
170_114,s-7.946295383,s5.885644566,s102.608363401
170_115,s-2.262804220,s4.936130747,s289.912751030
170_116,s-4.738344336,s7.231442066,s17.222467138
170_117,s6.831354536,s2.065120727,s259.993020311
170_118,s1.185831546,s5.599959284,s112.812537212
170_119,s0.886000210,s5.604946502,s302.129730619
170_120,s-6.070345555,s2.939986149,s145.527873035
170_121,s-3.875563947,s0.434435519,s311.337939603
170_122,s-1.017100069,s4.642540904,s69.608388969
170_123,s6.087215636,s6.411021963,s255.939044307
170_124,s7.269092140,s-0.805200633,s331.923440117
170_125,s0.513276969,s3.538089052,s295.609375230
170_126,s-5.149360863,s4.080007450,s333.744018247
170_127,s-1.625275954,s1.859690862,s304.213468381
170_128,s-6.717701645,s7.804728221,s178.161287232
170_129,s-5.466829676,s7.692494460,s158.682494090
170_130,s-0.288854488,s0.449586606,s68.724561179
170_131,s-3.333994260,s5.331668061,s287.328664561
170_132,s4.475562596,s7.675061629,s194.513967258
170_133,s5.398543426,s-6.948844185,s225.699753093
170_134,s6.564432258,s1.394734707,s258.277623948
170_135,s7.433435778,s1.281044084,s255.163429825
170_136,s4.989666021,s-1.702399183,s217.160755877
170_137,s7.929762406,s6.426197345,s205.031363128
170_138,s5.281469261,s3.922317159,s248.641259136
170_139,s5.248957900,s7.574283239,s350.346643867
170_140,s0.684602962,s6.989652089,s198.133016726
170_141,s-2.491149200,s7.496210777,s334.924579009
170_142,s-0.586462317,s7.691503455,s39.953228074
170_143,s-2.791262712,s4.346815689,s99.223072651
170_144,s-6.971397521,s2.275290364,s234.079990143
170_145,s-7.946920558,s3.668496070,s68.334556054
170_146,s-0.473026593,s6.778658192,s336.521575017
170_147,s-3.688709349,s0.443996596,s193.652489555
170_148,s0.696392595,s4.484782778,s14.350334077
170_149,s2.791866424,s7.784373052,s334.010550038
170_150,s2.409018624,s7.245952562,s29.749363534
170_151,s3.687258892,s4.448122913,s4.073739209
170_152,s6.488259423,s6.341792659,s305.206392500
170_153,s4.117151437,s7.508910132,s266.993602639
170_154,s-8.015890287,s6.287003379,s48.631910051
170_155,s3.767339148,s2.112515516,s92.828758352
170_156,s-5.597486745,s5.712091926,s352.278635969
170_157,s-6.576278391,s4.572466460,s308.334879347
170_158,s0.433021263,s7.808538660,s228.540344364
170_159,s-7.584024769,s4.036153035,s144.670346985
170_160,s-2.609385520,s5.747360507,s232.965861566
170_161,s3.608130417,s-5.044062162,s311.724429004
170_162,s5.287116928,s1.618434822,s104.587080170
170_163,s0.420111799,s1.765907123,s298.403783982
170_164,s4.931596525,s4.399672659,s329.045439340
170_165,s2.321083575,s3.826497280,s222.106425457
170_166,s8.018295313,s4.007096851,s292.042453956
170_167,s1.647968254,s6.380493920,s309.082261589
170_168,s-5.344394450,s7.489619813,s4.906262967
170_169,s-4.927059359,s2.312999508,s133.868000530
171_0,s-7.447791332,s-1.705216367,s118.195801881
171_1,s-4.575972295,s-3.625774383,s114.904588343
171_2,s-4.974852667,s-0.579478765,s93.975273050
171_3,s-7.596460772,s-5.692798635,s277.345982439
171_4,s-3.209384104,s-2.580156088,s232.110268988
171_5,s-1.114813298,s0.095264078,s45.523467933
171_6,s1.536298030,s-8.053807028,s225.302180946
171_7,s-0.190143479,s0.865151343,s325.813978761
171_8,s3.927775088,s-6.969573326,s263.701717003
171_9,s0.839518876,s0.459884306,s126.879161068
171_10,s4.353010432,s-2.821553789,s247.567407361
171_11,s1.996549800,s-2.706775917,s12.890938152
171_12,s8.044337098,s-5.348706759,s327.046671895
171_13,s5.464837414,s-3.841164623,s231.112163325
171_14,s-5.400485919,s-4.608594412,s205.391992773
171_15,s-4.348228449,s-5.349246647,s189.541104535
171_16,s-5.955201417,s-5.164558804,s220.001964257
171_17,s-0.713268189,s-7.750974313,s297.231175902
171_18,s-1.565277332,s3.178399471,s318.635293703
171_19,s-2.866986469,s-3.146963819,s305.865132160
171_20,s2.710450666,s-3.830087678,s182.333551436
171_21,s0.490822274,s-2.262132319,s149.584630246
171_22,s6.099854883,s-6.796961081,s226.651217612
171_23,s2.745514830,s-2.168719565,s265.709325296
171_24,s0.583884015,s-0.956236266,s318.578488984
171_25,s5.029572473,s-8.042871731,s348.159195107
171_26,s6.857171350,s3.184441692,s248.030786166
171_27,s3.776284219,s-1.387788422,s157.569298323
171_28,s-6.204550737,s-3.500877984,s229.928298199
171_29,s-4.535374399,s0.529164668,s312.619158416
171_30,s-7.780403059,s-2.393206760,s317.710352286
171_31,s-6.471553947,s6.040694375,s140.320853671
171_32,s-0.935780344,s-5.337799381,s306.944886536
171_33,s-3.596054502,s-6.604579972,s14.955342958
171_34,s-3.379122727,s-0.400327027,s140.309061093
171_35,s5.579544088,s-5.905806855,s272.630502692
171_36,s2.308276374,s2.665504105,s37.210907978
171_37,s4.475993312,s-5.567685835,s182.056917988
171_38,s4.761491920,s-3.358691945,s256.154501171
171_39,s3.943508620,s1.907572658,s324.317198632
171_40,s7.188359326,s-2.555576036,s275.911125536
171_41,s5.798950464,s-3.341987965,s120.109596358
171_42,s-4.248987657,s1.347723484,s192.926050702
171_43,s0.518034454,s-6.018099187,s180.623717084
171_44,s-3.761218663,s-3.959182016,s342.746753480
171_45,s-5.860142102,s-7.282588034,s31.984712037
171_46,s-0.373821973,s-0.851666173,s145.602007800
171_47,s-6.746028327,s0.121046845,s303.622284596
171_48,s6.602837472,s7.056510634,s140.652549738
171_49,s4.994600865,s0.701477078,s151.788185647
171_50,s0.411465694,s0.872813895,s297.922079350
171_51,s6.934637674,s4.931432061,s200.817434846
171_52,s3.928384871,s0.018066809,s102.034691546
171_53,s5.155948450,s1.408351354,s299.289522911
171_54,s7.910753295,s1.724587250,s151.105824066
171_55,s5.643067322,s-2.922368909,s118.470706429
171_56,s-2.089746393,s-7.335861024,s77.197521783
171_57,s0.568537967,s5.879113937,s145.354635503
171_58,s-3.940427790,s-3.410781383,s281.151292028
171_59,s3.227815968,s-2.032859511,s75.929338039
171_60,s-3.638385458,s7.111640767,s310.972683648
171_61,s3.663064208,s-5.461286268,s220.761502792
171_62,s1.642213760,s3.069888388,s54.563907412
171_63,s-6.338444284,s-1.611414976,s61.637473429
171_64,s7.216109796,s0.124761033,s312.329639990
171_65,s5.570884194,s-1.137546647,s189.834049873
171_66,s2.211499488,s5.185164605,s207.478977013
171_67,s-2.274253026,s1.322481498,s228.801231806
171_68,s4.501902097,s7.255001606,s248.534838091
171_69,s6.893975918,s4.247740728,s308.160961151
171_70,s-7.134432130,s-3.221360658,s192.905463195
171_71,s-7.785308296,s0.983175351,s342.560261131
171_72,s5.287146610,s-0.202980081,s259.056672237
171_73,s-7.230562655,s5.256125116,s254.335247389
171_74,s-0.861711211,s-1.530229063,s87.758267670
171_75,s-0.853517487,s2.180661226,s279.401368617
171_76,s-5.057966982,s5.267394041,s112.681670029
171_77,s3.543783807,s5.858246078,s256.868194467
171_78,s7.893087832,s1.728412343,s221.333338951
171_79,s5.045056832,s1.301366011,s144.674549735
171_80,s6.309273599,s-0.695843568,s20.159944355
171_81,s2.324421022,s7.526595196,s109.204663260
171_82,s8.066094091,s-0.710530067,s147.087780629
171_83,s3.830677533,s3.001957113,s129.827408523
171_84,s-7.477071003,s1.694436207,s349.627130047
171_85,s-4.037075785,s1.724890118,s144.172915930
171_86,s-4.601295510,s6.406527036,s41.358822866
171_87,s-6.504853573,s0.565872502,s313.982671322
171_88,s-5.925577769,s3.924933726,s274.242626093
171_89,s-2.388101131,s7.712716021,s322.145623278
171_90,s-1.372163687,s0.275748199,s34.752832110
171_91,s-7.809197220,s7.019338739,s171.585056515
171_92,s2.673453222,s-0.269301260,s283.594033846
171_93,s0.552358209,s7.200835733,s140.631680027
171_94,s3.439077581,s5.258983125,s50.929608101
171_95,s1.056971457,s1.925547154,s138.232764285
171_96,s8.067860553,s0.379167368,s347.966883530
171_97,s-0.131670959,s2.290273443,s185.955566413
171_98,s-6.861841970,s-1.934057341,s252.816595890
171_99,s-5.911901291,s5.361256090,s307.457666048
171_100,s-3.029053299,s6.022368314,s65.997177656
171_101,s0.223236484,s4.002842496,s256.742948461
171_102,s1.319678789,s7.749865110,s34.431965683
171_103,s4.846815754,s2.906317140,s91.085743587
171_104,s-0.254202010,s3.415016236,s182.060099411
171_105,s7.954427236,s0.117237856,s68.213696230
171_106,s-7.221061854,s-7.284047303,s294.518566724
171_107,s2.642074528,s6.806601315,s109.357157046
171_108,s7.663203050,s3.009133688,s61.673218046
171_109,s7.984532818,s-3.355507866,s139.332984695
171_110,s6.768151960,s7.019010149,s108.743551968
171_111,s7.928997354,s7.748283834,s78.105161973
171_112,s-6.320656264,s7.281961018,s285.161787612
171_113,s-0.523866342,s6.414464911,s102.240823055
171_114,s-7.837580087,s2.277166419,s114.081320884
171_115,s-4.526287863,s-2.380553177,s137.703820011
171_116,s2.917609549,s4.278993937,s358.214292993
171_117,s-2.346744304,s-4.421446545,s208.364197016
171_118,s0.851180280,s-2.554641826,s98.834971648
171_119,s0.657585590,s2.548017955,s285.848512018
171_120,s0.551799480,s4.094189792,s155.971291331
171_121,s3.639923120,s3.938581913,s71.698375611
171_122,s4.179277146,s4.467828788,s235.861961751
171_123,s3.315034095,s7.743256314,s338.637775237
171_124,s2.755524424,s2.939739019,s213.207822281
171_125,s6.353284284,s7.751724406,s265.133301662
171_126,s-6.752544037,s2.410992680,s282.260040033
171_127,s-6.156515150,s6.240422140,s166.523026861
171_128,s2.322807279,s3.698825335,s89.068629195
171_129,s-1.166736323,s4.921611198,s217.212746566
171_130,s-1.730916061,s4.149927247,s86.509109537
171_131,s-6.325015842,s4.782827924,s50.309868932
171_132,s-2.596656639,s4.077780493,s32.161009762
171_133,s-5.580628295,s7.698979308,s20.203300380
171_134,s-0.567818765,s7.402864950,s359.993476932
171_135,s5.879289699,s7.485985738,s324.282235483
171_136,s-0.066607461,s6.671419173,s104.903329320
171_137,s8.079377201,s3.833296294,s33.526641204
171_138,s-6.098509597,s-0.664727420,s312.952689765
171_139,s3.644562514,s-7.890283943,s115.318811635
171_140,s-6.427514775,s2.343234313,s341.810709795
171_141,s-5.364996786,s4.867389814,s306.124885390
171_142,s-5.675559444,s5.304435269,s341.207366905
171_143,s-2.791289121,s7.606985920,s348.823826160
171_144,s1.569252116,s0.480852665,s195.317718974
171_145,s-0.877261235,s5.907913362,s29.475716234
171_146,s-0.928380234,s1.471594857,s269.186833584
171_147,s2.177450477,s4.532483462,s175.218569095
171_148,s-1.311469511,s7.767710257,s231.006693989
171_149,s1.885274578,s7.509444574,s73.670999008
171_150,s4.822895068,s7.736786773,s187.302763596
171_151,s4.784150481,s4.152422816,s292.231203028
171_152,s8.019093107,s6.280349815,s316.679714685
171_153,s6.345615477,s5.019132326,s301.858407597
171_154,s-4.025674643,s3.977815774,s128.328821691
171_155,s-4.440530407,s2.575923537,s297.750368890
171_156,s-3.669473430,s5.985830121,s283.289345470
171_157,s-7.434697001,s7.675666048,s300.704506322
171_158,s2.670218952,s1.143640074,s72.950545685
171_159,s-0.036812792,s4.639575487,s146.394961879
171_160,s-2.119506870,s6.112354909,s214.755335756
171_161,s1.325178202,s3.772210461,s209.762209214
171_162,s5.977847690,s1.195260441,s53.344718829
171_163,s5.183360816,s5.351142835,s17.673680518
171_164,s6.713262299,s3.892327308,s103.489044125
171_165,s4.637672194,s5.784289685,s354.943040352
171_166,s7.871686353,s7.541420431,s12.935230275
171_167,s7.877513789,s6.829112310,s81.062802958
171_168,s-7.811027770,s0.323163303,s137.093887547
171_169,s0.338543812,s7.816884102,s1.772903910
171_170,s-5.493825454,s7.067148845,s202.126208201
172_0,s-4.313912951,s-6.094207932,s164.143864380
172_1,s-3.028670529,s-0.703303110,s27.877328332
172_2,s-0.285469401,s-6.003535280,s186.761636005
172_3,s-6.084481799,s-3.012909294,s168.067285540
172_4,s-5.207475334,s-6.214611703,s202.016193228
172_5,s-0.506519200,s-7.241127717,s132.712611644
172_6,s-2.769196560,s-2.709459644,s333.933308820
172_7,s2.507364907,s-7.062902533,s95.285187185
172_8,s0.975459903,s-7.044476206,s112.248965948
172_9,s-1.990893358,s-6.645578338,s238.307797176
172_10,s1.943195254,s-2.983588880,s245.790835353
172_11,s4.885435147,s-4.650905888,s221.744799293
172_12,s2.669024711,s0.008891698,s199.824012710
172_13,s7.219789758,s-4.552316387,s261.098445998
172_14,s-4.246093850,s-0.069409098,s255.808190224
172_15,s-5.774801593,s-3.645537747,s212.075155541
172_16,s-4.236406772,s0.911030510,s222.120558928
172_17,s-3.492998481,s-4.745152518,s7.855273391
172_18,s1.279574596,s-4.494332442,s161.901513723
172_19,s-6.290564627,s-5.084644330,s68.159489696
172_20,s2.391146588,s3.118263455,s30.787709145
172_21,s2.217188903,s-5.248518877,s255.422210908
172_22,s0.778717026,s-5.166469831,s174.872087849
172_23,s-2.848072941,s0.916852216,s152.375842007
172_24,s1.262156418,s0.636880934,s219.981502738
172_25,s6.381327210,s1.740910162,s205.679179089
172_26,s7.156593874,s-0.103749757,s354.957689345
172_27,s5.715140005,s-3.751276554,s81.448981979
172_28,s-7.368046724,s-3.910033770,s150.760627190
172_29,s-1.932096724,s-7.334698909,s133.388574267
172_30,s-6.287561783,s-1.949477303,s50.343449526
172_31,s-4.589410334,s-3.548754829,s30.293443347
172_32,s1.985757429,s5.541970229,s70.424053282
172_33,s-0.739126719,s-4.611227311,s62.386395767
172_34,s-3.962047254,s-4.403071405,s129.677369998
172_35,s7.001588120,s-7.488353937,s57.215611938
172_36,s-5.647231781,s5.594374906,s296.672470781
172_37,s7.208460614,s-5.404977828,s351.679635075
172_38,s5.905599717,s-3.455361924,s102.741562865
172_39,s1.398909358,s-6.412539877,s316.347271942
172_40,s6.126860847,s-7.646078587,s23.893806347
172_41,s4.172378598,s-4.055271700,s193.536675183
172_42,s-6.649798656,s1.031660817,s188.259725977
172_43,s-6.500821924,s-7.459745030,s48.096707867
172_44,s-2.768581163,s4.085666001,s166.977285469
172_45,s-3.722669515,s1.274922740,s224.616651956
172_46,s-6.029492309,s6.847362928,s302.619869696
172_47,s4.731315437,s3.723699360,s298.684492739
172_48,s-5.135822988,s1.851807544,s328.079498128
172_49,s-0.280039540,s-0.773179555,s112.034589126
172_50,s3.465038116,s-6.759450163,s110.723701219
172_51,s-7.457684877,s-5.467278956,s259.473847538
172_52,s1.293601906,s-1.969397936,s84.909561175
172_53,s7.321048063,s3.111245234,s220.734394302
172_54,s7.281859191,s-6.522656247,s77.490287945
172_55,s5.303938669,s4.501769685,s137.715842155
172_56,s-0.781236803,s4.222318882,s99.112054787
172_57,s-7.484559470,s-1.505203166,s27.603075087
172_58,s-7.522932035,s3.174964705,s20.408216655
172_59,s-1.407596152,s2.960655146,s119.012607018
172_60,s-2.066570121,s-1.450748611,s46.394108457
172_61,s-7.018566589,s-1.049548880,s21.215208392
172_62,s4.649137143,s-0.562351664,s95.944268868
172_63,s-5.684649261,s1.950172149,s292.779749360
172_64,s-6.783175340,s1.940285741,s5.960457174
172_65,s2.940879082,s-4.677707833,s102.783610641
172_66,s3.816483549,s-3.136089095,s144.354110521
172_67,s3.309491652,s6.218095497,s114.518151277
172_68,s2.624276411,s-6.069968706,s305.612149820
172_69,s7.245916173,s1.615936800,s193.839275463
172_70,s-1.134104010,s7.168228791,s86.259093907
172_71,s-4.338922081,s1.643910416,s345.509068906
172_72,s-3.796555904,s-3.200976179,s17.308141459
172_73,s2.930144181,s2.963384710,s245.650601582
172_74,s4.039485708,s-1.987278322,s77.453924953
172_75,s-5.278193266,s5.872351752,s70.157371766
172_76,s7.192378287,s0.828353661,s57.470852795
172_77,s0.666386301,s1.135126252,s119.798412218
172_78,s-3.094409344,s6.024080177,s213.956974675
172_79,s-1.288781435,s-1.794476135,s269.105158261
172_80,s6.145115034,s-0.468356275,s87.167300482
172_81,s5.992083327,s0.845274801,s358.514347845
172_82,s7.252792695,s2.596772159,s223.871498399
172_83,s3.502713827,s-0.058524161,s212.500247667
172_84,s-2.142049314,s5.430332269,s14.715824785
172_85,s-6.909010152,s6.691505851,s111.232343817
172_86,s-7.385741023,s1.619077434,s308.797597098
172_87,s-3.256344625,s5.087804798,s244.096547615
172_88,s-6.377486428,s-0.032971514,s294.184275220
172_89,s6.195338752,s-1.835556228,s134.683041454
172_90,s-3.823475408,s6.382251449,s87.478335805
172_91,s0.200739373,s3.448047987,s218.603296709
172_92,s-1.193046187,s-0.169231767,s6.579851195
172_93,s-3.765411929,s0.199014943,s110.315892193
172_94,s-4.743687391,s5.447798661,s0.678072522
172_95,s5.160873433,s-2.608886543,s311.070761081
172_96,s0.636753726,s5.460181698,s218.405139688
172_97,s3.932380442,s2.109568757,s207.037089589
172_98,s-0.705756759,s5.677971537,s237.799747573
172_99,s-7.515239649,s0.902164522,s233.399986998
172_100,s0.746650602,s3.009709378,s35.265828871
172_101,s-6.652103725,s1.228310613,s178.767771939
172_102,s7.280072803,s5.310242654,s326.684654790
172_103,s0.646746233,s3.783914846,s83.725057491
172_104,s5.742893561,s2.412982120,s168.922054147
172_105,s-1.159217746,s1.430563614,s203.271211961
172_106,s-2.639593300,s1.329500604,s66.406525481
172_107,s-1.473463912,s-5.953044417,s99.053710675
172_108,s3.113804854,s3.551700858,s336.515015560
172_109,s-0.015752008,s-4.730225574,s134.779248846
172_110,s4.604936663,s7.134792759,s171.884765874
172_111,s-0.674742301,s6.876955868,s165.610241786
172_112,s-5.718635102,s6.647745387,s319.828293620
172_113,s-7.504107836,s6.492255244,s140.760894407
172_114,s0.381090916,s-0.020971302,s277.184750853
172_115,s-3.903883414,s5.550628367,s137.430372093
172_116,s-6.537140303,s3.891793839,s168.119835595
172_117,s-2.819525970,s7.011827869,s139.481852933
172_118,s5.283695921,s7.052230410,s40.305084672
172_119,s5.013479939,s0.124987700,s309.768797255
172_120,s4.239898306,s1.423135196,s212.160236062
172_121,s1.171451581,s4.954006562,s250.604765509
172_122,s6.295703778,s6.412418893,s160.048146868
172_123,s6.865723461,s5.348770100,s86.538367734
172_124,s5.912025197,s-6.190742937,s296.948255294
172_125,s6.483927721,s3.682052005,s200.391089795
172_126,s-0.859617834,s2.242163408,s266.295551889
172_127,s-6.659272559,s-5.659315953,s2.042172141
172_128,s-7.264470103,s3.108723102,s43.575236951
172_129,s-0.521058942,s-2.286624849,s314.104078832
172_130,s-3.346432331,s4.089163681,s203.061081233
172_131,s-3.564010183,s7.168228791,s333.512316113
172_132,s-5.547154057,s4.109456499,s36.749658562
172_133,s-4.171244605,s2.122931796,s58.173453577
172_134,s5.284978252,s6.968199805,s272.436247304
172_135,s0.368328093,s3.695813883,s115.356631139
172_136,s3.522779072,s4.370878678,s293.090589878
172_137,s1.470600810,s1.888847031,s62.061729258
172_138,s1.989451356,s1.972457482,s2.675585512
172_139,s4.861759387,s5.729612789,s5.568839622
172_140,s-4.820689252,s2.738233384,s297.331607163
172_141,s-2.154405003,s1.745950295,s78.310587043
172_142,s-2.671387259,s7.123388059,s27.017621378
172_143,s4.836050321,s3.354345810,s81.371703488
172_144,s6.575208507,s3.279983869,s278.103505952
172_145,s-1.523209569,s5.761523060,s310.844619590
172_146,s-3.952299329,s7.085108635,s288.885923515
172_147,s3.761796877,s7.083983481,s154.462759141
172_148,s-1.042687133,s7.122033878,s216.037805923
172_149,s-4.508383461,s6.596980639,s332.781059415
172_150,s6.853002020,s2.406393368,s134.751526012
172_151,s5.977843972,s2.878337728,s89.467535106
172_152,s-2.264025356,s6.538210210,s288.466352087
172_153,s7.077334037,s-3.022711476,s80.851479157
172_154,s6.076028991,s4.696405003,s51.298419478
172_155,s-7.150230030,s3.135859528,s16.062718274
172_156,s-0.154900794,s1.634331106,s253.690412370
172_157,s-3.891560348,s3.722007084,s179.417581961
172_158,s0.368145202,s5.812270555,s22.110990648
172_159,s-3.657376173,s5.481327504,s297.449199203
172_160,s3.438859439,s6.822141902,s209.697947294
172_161,s3.160412887,s5.095653385,s6.280945442
172_162,s3.274521382,s-0.288727952,s192.788389218
172_163,s-2.965221660,s2.667957351,s6.715555971
172_164,s4.826847539,s4.918119092,s1.466922242
172_165,s-2.042638190,s4.326900898,s45.017274434
172_166,s6.914492950,s7.071763433,s212.782841086
172_167,s5.944453630,s6.260841191,s143.534506039
172_168,s-7.310613538,s7.168228791,s148.541438477
172_169,s-0.111230049,s2.928545047,s153.370315633
172_170,s1.677659898,s-0.425113027,s261.634503109
172_171,s-6.511789146,s-3.803811588,s17.637491092
173_0,s-5.356206743,s-4.697531607,s248.567842707
173_1,s-6.973375906,s-0.407496112,s230.556656666
173_2,s-5.581513500,s-3.146380750,s237.795693539
173_3,s-6.368159644,s-6.208769926,s232.715727960
173_4,s-2.815059630,s-7.215579971,s279.082237692
173_5,s-1.994049364,s-5.636251046,s199.514453652
173_6,s2.284440101,s-6.908906552,s236.057110485
173_7,s-1.217007055,s-1.396280830,s242.870131767
173_8,s-0.294330364,s1.153520146,s33.174091618
173_9,s5.491910020,s-7.013303611,s9.816098044
173_10,s7.336022160,s-6.937155326,s32.306838912
173_11,s6.233410154,s2.150763296,s52.489957214
173_12,s6.031865081,s-4.570382695,s348.260707855
173_13,s6.727141641,s-3.957720396,s328.553503288
173_14,s-4.057105909,s-3.061534708,s77.056798746
173_15,s0.598770895,s-3.360822368,s217.597960919
173_16,s1.278813401,s-7.210324506,s3.929143639
173_17,s-2.857771616,s-2.091280276,s286.960844852
173_18,s-3.047846648,s3.598367849,s316.959639933
173_19,s1.461740205,s-6.410757963,s128.352074850
173_20,s-3.789899400,s-7.397417674,s66.000104924
173_21,s-4.692815013,s-0.880682860,s72.624150631
173_22,s-0.048315319,s-0.863836785,s344.143521210
173_23,s1.129463702,s-4.649874730,s185.593004380
173_24,s6.517650199,s-5.949605390,s150.064253679
173_25,s4.386802248,s-3.922637667,s76.724957359
173_26,s2.573452773,s-4.851636900,s239.393126536
173_27,s4.366672364,s-2.263791925,s69.056365142
173_28,s-6.788420253,s-3.322465602,s286.221850074
173_29,s2.143927746,s3.779615627,s156.908368340
173_30,s3.056369484,s1.260274954,s290.792902314
173_31,s-0.143785063,s7.117053835,s214.060544617
173_32,s-1.066586293,s3.640606250,s284.306257126
173_33,s4.951425625,s-0.921122645,s240.699287371
173_34,s-2.253576568,s-2.857638123,s134.454169195
173_35,s0.548863068,s-5.054301077,s224.673012493
173_36,s0.420244175,s-2.887220215,s319.735791509
173_37,s-6.793040982,s7.105844751,s13.209481020
173_38,s7.499733440,s-5.390218101,s109.557952990
173_39,s3.283947608,s5.909695781,s265.195633493
173_40,s7.138031639,s-2.291040146,s321.872811579
173_41,s1.798499675,s6.827188459,s342.909395263
173_42,s-5.172802606,s6.057593619,s260.472871516
173_43,s-3.295026000,s-2.880710144,s156.773853642
173_44,s-6.719885542,s-2.081995879,s102.664187037
173_45,s1.421510105,s-3.651970907,s207.162239168
173_46,s-1.458601638,s-6.890658558,s41.173836627
173_47,s-1.122112295,s-4.434955695,s284.417884250
173_48,s5.720675978,s-2.961995619,s215.619045987
173_49,s7.365025483,s-7.560224482,s112.026727639
173_50,s2.273154646,s-5.440780397,s255.099378409
173_51,s6.164859525,s4.070628233,s2.422036730
173_52,s-2.128573968,s2.218658576,s321.779132284
173_53,s7.555631818,s-3.286040015,s20.752633111
173_54,s3.043959414,s-1.578224010,s330.074248180
173_55,s-3.854781327,s1.947700394,s285.122132931
173_56,s-7.090265322,s4.483597251,s82.231646658
173_57,s0.149613014,s-1.700655317,s203.001112291
173_58,s-5.667927806,s2.378977324,s319.093211858
173_59,s-6.039116062,s-2.985149648,s12.174325090
173_60,s1.117378928,s2.477500089,s282.379632533
173_61,s-5.525451702,s4.586110031,s268.753519903
173_62,s-4.052073644,s3.761192864,s232.285692593
173_63,s-4.162017506,s4.694172128,s277.599060240
173_64,s-5.923747652,s0.468780028,s170.513800225
173_65,s1.485136041,s3.311252406,s4.640380249
173_66,s6.070450996,s-1.222527026,s82.119256720
173_67,s3.602096446,s5.022206396,s26.768075145
173_68,s0.189391319,s5.441864390,s257.512941345
173_69,s5.202147212,s1.310530458,s180.813230478
173_70,s-4.386355105,s-5.499204334,s108.550663094
173_71,s-2.187374002,s0.698773983,s148.743114855
173_72,s-0.909175084,s6.260953712,s273.305215091
173_73,s-0.058504375,s1.655933806,s103.562844175
173_74,s2.312702302,s0.610860410,s240.323608583
173_75,s0.944154501,s0.243605189,s156.491757303
173_76,s4.166608334,s-5.183856044,s295.089571369
173_77,s7.016334443,s-1.428195750,s145.508980150
173_78,s4.273714091,s-1.031261799,s279.800366149
173_79,s7.356918625,s2.871823565,s89.933009915
173_80,s3.791152371,s5.137643139,s321.799533410
173_81,s2.903756536,s-2.681533706,s252.918108451
173_82,s2.568535453,s-3.065938740,s167.860066336
173_83,s7.237831273,s4.960078357,s4.796003607
173_84,s-5.199511766,s-6.177828178,s54.080075285
173_85,s-4.711986621,s5.871960918,s320.882524411
173_86,s-2.703476691,s-0.328895363,s71.035079207
173_87,s3.985421703,s3.677679269,s29.445649366
173_88,s-4.921173112,s-3.674299318,s112.933552167
173_89,s1.546930492,s-1.923713417,s351.431722949
173_90,s-1.894316575,s1.234929871,s121.011986411
173_91,s4.145408318,s1.699165591,s5.866057385
173_92,s3.508905674,s3.259691384,s306.765960075
173_93,s3.680222130,s1.454653784,s126.716489475
173_94,s4.848462703,s5.904315861,s10.722342423
173_95,s7.481994617,s7.192273640,s108.062134829
173_96,s6.638499164,s1.118261261,s268.477581486
173_97,s6.107651222,s0.991996100,s274.852943292
173_98,s-1.698054265,s3.194432933,s145.268058000
173_99,s-4.698598440,s-2.129496438,s15.585969579
173_100,s-6.685051404,s0.270762129,s56.853742553
173_101,s-7.214307558,s-4.154104433,s159.958314941
173_102,s-5.715863218,s-0.979985989,s203.835790342
173_103,s-7.171680384,s1.006568456,s233.088770709
173_104,s3.735636745,s-2.847302147,s7.630739856
173_105,s-4.842308416,s2.080889591,s224.272177642
173_106,s-1.758446694,s-0.287986366,s202.800344180
173_107,s-7.025826110,s3.319275451,s308.354800502
173_108,s6.785337679,s2.977628390,s50.840362881
173_109,s4.890558352,s-4.656975774,s256.002037987
173_110,s4.660290540,s6.526208275,s174.276811547
173_111,s5.855414596,s5.498968307,s317.326741830
173_112,s-4.133361679,s7.137611195,s64.265584532
173_113,s-4.895545414,s0.990014447,s59.434919579
173_114,s-5.019105098,s3.100536023,s113.839474803
173_115,s2.000327571,s6.384179692,s221.282344678
173_116,s-7.241601847,s3.866207560,s5.325338844
173_117,s-6.592355175,s1.746945904,s249.106275676
173_118,s-5.312306472,s7.042196492,s55.918990351
173_119,s5.758962086,s2.340925976,s90.236979366
173_120,s-2.860952877,s4.696985108,s123.169347279
173_121,s-0.366302315,s-0.630568892,s75.694635584
173_122,s1.347341691,s7.192273640,s313.459974684
173_123,s1.854197997,s4.377206591,s223.762462292
173_124,s6.310055706,s6.791677611,s98.851454626
173_125,s5.026297056,s3.625381860,s23.590278464
173_126,s2.913943830,s6.956631805,s140.321755040
173_127,s1.878657587,s-2.587124732,s118.202067040
173_128,s-3.457127462,s0.194714578,s125.163071436
173_129,s-1.325727885,s0.466950212,s173.251279106
173_130,s6.530133685,s7.147718210,s230.240587665
173_131,s-0.277380817,s4.627255176,s263.129421107
173_132,s-6.697204304,s0.669284534,s157.184241885
173_133,s7.086694671,s6.555859602,s16.570391335
173_134,s4.684134196,s2.243866575,s74.853928128
173_135,s7.354187791,s1.163199650,s52.736794208
173_136,s5.963772575,s3.195174202,s184.216283697
173_137,s3.231939623,s6.165491092,s138.331531054
173_138,s2.628734050,s2.604587350,s24.825455271
173_139,s-0.284654459,s-6.552308358,s93.094356397
173_140,s-3.180309278,s4.390554789,s20.511050420
173_141,s-2.323251816,s5.469020184,s130.167502732
173_142,s-3.800971259,s6.812397222,s241.657967637
173_143,s-2.572551706,s7.105994965,s240.190891913
173_144,s5.327876467,s4.738557358,s48.025135848
173_145,s-6.617532334,s3.068557985,s173.395879770
173_146,s-3.368342934,s6.105564985,s97.649082659
173_147,s-0.012668607,s3.455054861,s64.627487505
173_148,s-3.200908360,s5.715252241,s226.597089891
173_149,s-1.916221849,s2.819953782,s39.458233391
173_150,s7.558778868,s5.491272871,s102.072557701
173_151,s1.934721469,s7.192273640,s174.016329341
173_152,s4.187849737,s4.340575314,s20.046987000
173_153,s-0.721350476,s5.371409095,s0.101589867
173_154,s-7.204079745,s6.085640794,s14.623152943
173_155,s1.951349296,s3.281876681,s151.471426321
173_156,s-5.378281672,s3.837441468,s78.379927602
173_157,s0.341009236,s-1.099332839,s143.483744225
173_158,s5.396927884,s6.582497347,s105.224138203
173_159,s-2.747107356,s2.561098914,s66.956558760
173_160,s7.296041270,s4.025976248,s87.083747959
173_161,s1.373660387,s4.471526824,s66.060425958
173_162,s5.029654658,s7.192273640,s217.973864150
173_163,s-1.923392661,s3.715059064,s176.053943798
173_164,s4.937907724,s1.011330257,s143.363268200
173_165,s6.816828548,s-0.173827467,s234.834263072
173_166,s2.295287210,s2.041610591,s132.064921972
173_167,s5.384811889,s6.301166494,s192.893917922
173_168,s-5.803080760,s6.429766047,s34.927700462
173_169,s-5.551139383,s5.706096816,s301.252926902
173_170,s-3.669285233,s4.987368299,s350.827596799
173_171,s-7.062659333,s7.091794063,s189.800322511
173_172,s-0.232115627,s5.883024168,s226.655605250
174_0,s-7.582047346,s-2.475360797,s71.340208545
174_1,s-7.466725917,s1.658149607,s48.225571544
174_2,s-0.724538434,s-5.589493671,s317.997908660
174_3,s-5.029722109,s-3.106948643,s353.516914271
174_4,s1.107079468,s-7.313147895,s317.531438129
174_5,s-4.635036734,s3.654941057,s153.245123351
174_6,s0.409520851,s-4.385722755,s293.795651410
174_7,s-0.156983386,s1.678425175,s169.504669543
174_8,s4.532649025,s-3.108953493,s27.949796169
174_9,s3.992783101,s-4.204411626,s147.418078946
174_10,s2.551021143,s-0.176321371,s191.127600000
174_11,s7.763100024,s-7.424083434,s296.323894268
174_12,s0.456134038,s4.003344840,s247.167944282
174_13,s7.629714006,s-3.528740989,s34.742083398
174_14,s-7.702042794,s-3.370119063,s103.437716066
174_15,s-1.857962442,s-1.867339524,s31.687554364
174_16,s-5.967874220,s4.385317559,s356.595901068
174_17,s-2.961368594,s-4.020847272,s209.052367309
174_18,s2.654617273,s-2.973627536,s329.284707125
174_19,s-5.807026065,s-5.818768534,s288.485233735
174_20,s5.453329582,s-3.446052609,s324.600147430
174_21,s1.393417318,s-3.779235696,s263.788394770
174_22,s-0.069704635,s-2.220748240,s72.464469599
174_23,s6.595398308,s-7.076799259,s244.685367858
174_24,s7.884846243,s-1.692338828,s38.680391254
174_25,s2.929173275,s3.789241652,s32.604317915
174_26,s6.833389090,s-2.106507368,s108.803565138
174_27,s3.248497265,s-3.231581505,s46.315260523
174_28,s-6.849730780,s-2.640299099,s59.969510263
174_29,s1.238108630,s-3.113279749,s93.584568667
174_30,s-7.610201790,s-0.602834158,s213.625670519
174_31,s-2.678013051,s-2.092885096,s238.749508271
174_32,s-0.900193715,s-3.617141696,s188.071165729
174_33,s-4.684550119,s-6.853798268,s281.740842489
174_34,s2.656763460,s2.328917461,s151.924384720
174_35,s-0.476652772,s-7.090747608,s3.223921713
174_36,s-2.058192209,s-8.076747539,s61.187270347
174_37,s4.183141769,s-0.818183993,s43.602000315
174_38,s7.477963653,s0.338210987,s332.771995984
174_39,s-3.621118165,s-0.305374499,s109.874410277
174_40,s6.484121028,s-0.260262672,s338.600655120
174_41,s5.377636852,s-0.897713448,s307.114296500
174_42,s-7.862672461,s1.627478412,s286.223086753
174_43,s-7.577596227,s2.819360885,s314.449838127
174_44,s-5.990493245,s-7.833674032,s94.623793054
174_45,s-0.526682530,s-2.670775263,s12.643140874
174_46,s-7.096198146,s-5.894895184,s332.765794400
174_47,s-2.490906544,s-0.189945440,s335.508682983
174_48,s-3.434272460,s6.161595310,s347.708559787
174_49,s6.201282644,s4.507541671,s263.770512782
174_50,s-4.235573361,s-0.313507206,s174.465062979
174_51,s7.383183433,s-5.217665819,s340.988144442
174_52,s6.605328406,s0.838054360,s166.684963060
174_53,s-1.752815310,s-5.470511960,s262.791700194
174_54,s4.148464533,s-6.299669631,s269.720080231
174_55,s5.569724445,s2.169629564,s324.388676625
174_56,s-7.665176678,s5.205489054,s315.079624125
174_57,s-7.089510896,s2.757666187,s186.439951212
174_58,s-3.629148465,s4.310724981,s214.972129119
174_59,s-4.417399621,s-4.438449587,s81.052452378
174_60,s-5.277405009,s2.897554749,s125.601963350
174_61,s-6.187416948,s-2.163938790,s71.604476067
174_62,s-7.815914108,s0.153980798,s223.488606945
174_63,s-6.297655934,s0.034265060,s199.847721130
174_64,s7.412562988,s1.439110366,s340.346385545
174_65,s5.248563282,s0.791732922,s247.556012847
174_66,s1.432741361,s0.356866510,s319.291870131
174_67,s6.525800434,s-2.930649157,s23.816133464
174_68,s7.635965236,s2.645145246,s82.196120754
174_69,s3.192692238,s-1.666102070,s116.492727082
174_70,s-2.495331654,s0.696261553,s12.501524235
174_71,s-4.004586650,s0.830572309,s289.194015251
174_72,s-7.798971402,s4.394325083,s275.378966635
174_73,s0.821420121,s-6.047433541,s100.982261776
174_74,s-6.436984728,s1.148493519,s340.627366809
174_75,s2.676994984,s4.813473614,s337.358686363
174_76,s4.048074336,s7.368123414,s339.857023676
174_77,s1.091443197,s1.755746653,s223.992909670
174_78,s-1.214406465,s1.411035082,s87.349814499
174_79,s6.644153528,s6.387166390,s58.120829390
174_80,s1.542838835,s3.333445058,s266.252149091
174_81,s1.111161025,s-2.318711791,s144.029304513
174_82,s2.517871934,s-5.253497620,s50.026228011
174_83,s-3.440101665,s1.403229635,s328.273729273
174_84,s-4.493858919,s5.718465486,s142.950450895
174_85,s-3.458912987,s-1.925799401,s40.497185459
174_86,s-2.357165890,s-2.941359406,s56.212235207
174_87,s-6.115999043,s2.001204540,s76.013353804
174_88,s-3.719675303,s7.003543245,s311.335021144
174_89,s-3.194647550,s0.530882447,s72.812006081
174_90,s-1.500343380,s3.664978052,s133.629550928
174_91,s-7.222391981,s3.720319863,s250.658579892
174_92,s7.529780665,s4.500776224,s282.369543888
174_93,s-2.023890768,s7.553997436,s128.731555452
174_94,s7.558011364,s-0.978031851,s50.971060229
174_95,s6.639726323,s7.614717859,s341.623828126
174_96,s3.318983353,s7.564008812,s233.795116309
174_97,s1.677668392,s3.681984193,s83.420618889
174_98,s-6.697124910,s-3.419677132,s171.915338292
174_99,s0.353998270,s2.192659612,s122.594974026
174_100,s-2.023649839,s-1.153494070,s292.069174974
174_101,s-6.914408383,s6.934098285,s193.343006079
174_102,s-0.033021809,s7.623217666,s274.816701743
174_103,s-3.674781430,s-3.220445118,s32.342223023
174_104,s4.161441935,s6.132879054,s359.984490749
174_105,s-1.245697935,s1.877698237,s259.845516351
174_106,s3.698689485,s-0.026562474,s301.724674224
174_107,s-1.364096337,s-1.734966706,s33.086765516
174_108,s-3.693982488,s3.023871928,s8.437593658
174_109,s5.461210954,s-6.657104963,s323.429694763
174_110,s6.484975938,s4.071016223,s17.825167123
174_111,s3.465191427,s-1.975893311,s209.878812501
174_112,s-6.110815338,s5.671295731,s326.411056232
174_113,s-7.076687650,s5.065550303,s132.040676743
174_114,s-0.974945200,s-3.221186380,s81.879536714
174_115,s-2.460650372,s2.741691129,s70.612253365
174_116,s5.544988840,s3.992735783,s107.604174924
174_117,s0.858486515,s5.759422738,s308.025315145
174_118,s-0.043492830,s2.743419798,s312.476971442
174_119,s4.558048708,s0.185660695,s42.323193378
174_120,s-2.398985429,s5.460509570,s15.614927530
174_121,s5.564884504,s3.552005300,s236.385723257
174_122,s5.517346327,s7.334355325,s225.760433585
174_123,s-4.984685510,s7.671661268,s292.800343798
174_124,s6.002361020,s1.327460768,s57.005672867
174_125,s-0.271747008,s3.188547972,s348.807950713
174_126,s-4.260848529,s4.598076013,s350.683569525
174_127,s-3.660416941,s7.452506535,s304.841213347
174_128,s5.195177330,s5.457464257,s186.194701094
174_129,s-6.071100107,s3.203195029,s39.311593458
174_130,s7.832442243,s6.045326539,s97.548578437
174_131,s3.763252083,s6.108572867,s192.893502584
174_132,s-1.948115942,s5.798643733,s15.924281945
174_133,s5.669929625,s6.131679926,s33.376174502
174_134,s-0.574616654,s7.449143983,s97.014200476
174_135,s3.716003222,s1.172267778,s48.688439871
174_136,s7.433262612,s6.169782153,s318.120008828
174_137,s6.934692023,s2.628738363,s30.385149153
174_138,s4.927782341,s1.051689589,s286.580625501
174_139,s6.787072149,s3.647527976,s206.245901518
174_140,s-7.660669807,s7.653842264,s113.150195773
174_141,s-3.497525429,s3.766348469,s277.217778642
174_142,s-6.221117987,s4.694663784,s322.032935239
174_143,s-0.438866121,s5.659460970,s149.971957619
174_144,s-3.125708040,s7.244273374,s329.947842917
174_145,s-5.169205750,s4.559246579,s293.034716427
174_146,s3.346997896,s4.597166155,s346.876059015
174_147,s0.849088584,s7.331894138,s217.010479794
174_148,s2.472495949,s6.209740566,s295.830451148
174_149,s2.015774453,s7.265244707,s242.415267430
174_150,s4.629548797,s-0.086900849,s320.863615669
174_151,s-0.118850440,s4.692034301,s81.524838241
174_152,s7.623092097,s3.777220341,s142.828581440
174_153,s5.032495870,s6.870712774,s269.649098499
174_154,s3.453256523,s0.804029693,s248.895192120
174_155,s-5.696595646,s2.828958170,s96.648531242
174_156,s4.608155654,s2.648066108,s275.541120285
174_157,s-1.890372734,s3.750397192,s358.692975270
174_158,s2.549914390,s7.617657152,s296.438220351
174_159,s3.998982551,s-2.031864745,s121.101900628
174_160,s6.345695800,s6.462442088,s51.093842524
174_161,s1.232990874,s0.872583385,s354.445058335
174_162,s-1.399571680,s7.581251808,s303.253708262
174_163,s-6.365993191,s6.133963595,s349.679798094
174_164,s7.885400971,s7.548966329,s116.352896647
174_165,s3.294305170,s6.686250974,s12.964526873
174_166,s6.207115613,s7.609161424,s345.425208565
174_167,s6.664331058,s5.318824203,s218.487378905
174_168,s-0.576537334,s7.064447058,s106.246611747
174_169,s-6.758414080,s7.587716979,s262.681824474
174_170,s1.089363529,s6.629302415,s5.482075355
174_171,s-5.429639648,s5.224684631,s142.322422183
174_172,s-2.212115376,s2.283864447,s215.203743770
174_173,s-3.670031935,s-1.298241882,s241.854909132
175_0,s-6.268922752,s-6.015149333,s114.240718546
175_1,s-6.165870411,s-2.314159125,s255.277278462
175_2,s-2.371158917,s5.896547330,s196.035661850
175_3,s-7.022035099,s-7.661212849,s232.289403132
175_4,s-6.798578355,s-4.735352036,s340.376914715
175_5,s3.857000046,s-7.292061139,s28.173650016
175_6,s-1.765857247,s-5.265103934,s74.494873333
175_7,s0.191498332,s-5.848896582,s247.209702359
175_8,s3.111671363,s-4.898772003,s355.704700895
175_9,s4.807011447,s5.102852505,s91.078027122
175_10,s-4.306567166,s-5.814643924,s308.736848938
175_11,s2.609181792,s-2.411752927,s143.454943702
175_12,s4.544093092,s5.637875889,s321.355336793
175_13,s6.991732964,s1.764200625,s129.622233617
175_14,s-2.982327856,s2.407579506,s115.696122446
175_15,s-3.828130647,s0.861463271,s276.924886024
175_16,s-3.843742434,s-1.542574498,s228.574535619
175_17,s-2.070569966,s-4.130819546,s273.104433751
175_18,s4.252339979,s-4.021314341,s317.532764730
175_19,s2.894729717,s-6.610778657,s224.738190123
175_20,s-0.013977489,s-0.804469822,s172.738450527
175_21,s4.461610553,s-4.999920451,s37.141779578
175_22,s7.370758119,s-7.388345954,s59.980581904
175_23,s-2.230780995,s-6.887090725,s104.273676941
175_24,s5.823542605,s-2.150460231,s177.992645644
175_25,s6.453551788,s-1.512626379,s254.797243780
175_26,s6.425923107,s-5.845813466,s249.337664187
175_27,s5.466156480,s-6.485330676,s283.980856141
175_28,s-7.452197845,s1.528980056,s359.232504196
175_29,s-5.602476186,s3.765521488,s335.890529283
175_30,s-1.575526738,s4.399748528,s175.779692219
175_31,s-3.152481112,s-2.903156620,s296.060886772
175_32,s-6.673912201,s-0.917643069,s262.433481747
175_33,s-3.890513300,s-4.838729224,s346.798060907
175_34,s-2.630724304,s-2.158003604,s169.281846971
175_35,s2.220969703,s-0.777444466,s17.392893456
175_36,s0.314608385,s1.470380343,s75.330363606
175_37,s-3.666518502,s-3.197711554,s226.981062692
175_38,s-4.393554100,s0.144146590,s154.954407211
175_39,s1.291428140,s-3.679831405,s113.512770981
175_40,s6.213504549,s4.676152313,s186.872071850
175_41,s7.305131580,s2.100362870,s232.327859642
175_42,s-7.695133063,s-6.512856232,s311.262821613
175_43,s-4.866799629,s-1.723775557,s259.139729624
175_44,s5.836558758,s0.839253611,s336.783682598
175_45,s3.309549919,s-5.779340020,s177.237010580
175_46,s-1.667596053,s-0.755018672,s346.853876039
175_47,s-3.497177933,s4.176340155,s31.146584338
175_48,s0.394576859,s0.826726863,s192.366126529
175_49,s3.509139293,s-1.683234465,s146.748598841
175_50,s1.177337296,s3.989144202,s318.683475281
175_51,s6.382261856,s2.768254731,s44.276209189
175_52,s0.783022086,s-4.015211785,s341.720834007
175_53,s-0.439564786,s-5.676674586,s295.807673412
175_54,s7.417199937,s-4.663260383,s331.830555994
175_55,s0.108954236,s2.739558148,s185.555748618
175_56,s-3.884371822,s6.516391800,s104.871168888
175_57,s-3.886717379,s-0.346288894,s123.524160191
175_58,s-0.374114879,s-4.448721017,s120.632547265
175_59,s-1.059237128,s-3.751464151,s211.034780709
175_60,s6.468207730,s-2.487923734,s54.003171548
175_61,s-0.172666995,s1.794465287,s335.309454574
175_62,s0.375901982,s5.106473169,s338.970872899
175_63,s0.271611242,s-1.912114624,s109.017679673
175_64,s6.702480337,s-0.138094311,s20.174223352
175_65,s-0.461368898,s6.881461904,s154.303349072
175_66,s-0.070956524,s-6.654869452,s58.526595508
175_67,s4.099740191,s5.727957226,s350.405802782
175_68,s2.815555546,s-1.928496249,s204.632038769
175_69,s4.813292475,s-0.494416852,s77.257276672
175_70,s-6.286779923,s6.593864016,s328.858842881
175_71,s-4.380876089,s2.356727986,s42.256116167
175_72,s-5.001528484,s-5.328231521,s286.124270655
175_73,s-7.045719277,s-1.069534321,s326.326345493
175_74,s-1.882468367,s-3.080699176,s191.709625723
175_75,s3.526558571,s7.484433561,s251.042720262
175_76,s-5.411385806,s-7.393321642,s165.934799219
175_77,s-1.770867835,s2.333178232,s63.381783541
175_78,s6.300492482,s3.673167894,s73.990298159
175_79,s7.452197001,s-1.470692994,s278.668342358
175_80,s-1.455640876,s6.738675337,s102.324058697
175_81,s4.855514818,s7.502574128,s208.655069988
175_82,s2.021395721,s-7.193758234,s39.256944042
175_83,s2.670414012,s-1.025744991,s162.520663050
175_84,s-3.434322305,s-6.196805835,s27.955659402
175_85,s-6.359060292,s2.509941899,s98.192996294
175_86,s-3.370627105,s6.157527645,s99.677683468
175_87,s5.939653476,s1.170653740,s62.914807230
175_88,s-4.618633848,s5.373337557,s221.013755201
175_89,s-6.474540471,s4.410276053,s272.502438035
175_90,s-3.468720114,s6.648564192,s7.973333403
175_91,s2.375929085,s2.971736036,s345.158407202
175_92,s-7.605986825,s-1.425958974,s12.400377854
175_93,s2.187734897,s-3.125432936,s272.287614335
175_94,s5.584038836,s6.888368859,s119.687879604
175_95,s-3.161501113,s-3.668876623,s92.837638767
175_96,s6.718590410,s5.908393192,s191.720221462
175_97,s7.390280381,s6.743113005,s218.225265942
175_98,s-5.105709998,s5.475198169,s357.912506040
175_99,s-7.466209338,s7.463513604,s227.106931033
175_100,s-7.658454960,s-0.517444664,s150.735466973
175_101,s-0.930255121,s0.227368461,s26.343799243
175_102,s-7.725350177,s3.866864677,s352.571260704
175_103,s-5.414951410,s5.169771649,s139.710158120
175_104,s-4.421555807,s-0.336511936,s126.823751346
175_105,s4.023081139,s2.033211768,s245.923293832
175_106,s6.605854932,s6.727607837,s312.646858664
175_107,s5.841068120,s4.394315476,s264.598043487
175_108,s2.071731955,s5.445415417,s112.786917052
175_109,s3.619773055,s-0.625884676,s60.044601292
175_110,s3.718528086,s6.934466867,s282.471432162
175_111,s-7.482868222,s2.256951855,s209.832248762
175_112,s-5.492275297,s-4.813491693,s308.998780863
175_113,s-6.900192559,s4.193803166,s134.266596825
175_114,s-7.042709694,s-4.288767095,s345.718053895
175_115,s2.192556857,s3.978485298,s229.958085866
175_116,s-6.773716192,s3.325471432,s315.913349606
175_117,s1.796348863,s6.713101285,s74.067976145
175_118,s-0.929334152,s7.452787952,s212.047690352
175_119,s6.723821734,s-5.331480142,s271.910487262
175_120,s-3.345773688,s3.524029502,s163.326511163
175_121,s1.051499300,s1.169287142,s135.852956480
175_122,s-3.870198634,s7.502384529,s33.520199095
175_123,s7.004931908,s-2.825837703,s316.405481588
175_124,s7.415916979,s7.529062398,s95.442853854
175_125,s-1.808325628,s4.958319394,s28.935978371
175_126,s-6.492118887,s0.183643600,s213.411361097
175_127,s-7.473508389,s3.587711294,s105.858796048
175_128,s-7.598803575,s4.883554240,s240.442574310
175_129,s-2.219672302,s3.571272448,s354.097775534
175_130,s-0.568007446,s2.187185221,s73.438798295
175_131,s-2.910543048,s0.013181330,s39.204031670
175_132,s-4.071397669,s4.008696632,s64.276034742
175_133,s3.380784984,s4.818714893,s131.601829404
175_134,s-6.332685830,s1.154658537,s50.848639312
175_135,s5.900389005,s5.594663717,s75.532677914
175_136,s-4.404516619,s1.316095347,s41.866191830
175_137,s5.886407965,s7.322946266,s320.166489152
175_138,s2.783769987,s-0.210845751,s44.508704804
175_139,s5.706140303,s1.695216484,s58.069190923
175_140,s-5.534134107,s6.483037938,s209.617464865
175_141,s3.442235907,s0.650226783,s0.210391938
175_142,s-2.612442489,s1.022752862,s310.183010242
175_143,s-5.060038985,s2.645326718,s165.084742767
175_144,s-6.151362168,s5.430519350,s351.553013605
175_145,s-6.680211252,s-2.143511899,s347.731139963
175_146,s5.353459873,s-0.005094428,s99.832578270
175_147,s4.524637271,s6.884078810,s100.336931074
175_148,s3.119566728,s-2.848138860,s156.086855029
175_149,s-0.604811977,s5.983357641,s57.367838221
175_150,s0.758792414,s5.490465620,s293.965377531
175_151,s2.150891501,s6.844231082,s175.660567399
175_152,s-1.083216997,s2.894780603,s172.037712861
175_153,s1.433627606,s5.789384199,s5.938381355
175_154,s1.470905826,s2.469875485,s100.033438254
175_155,s1.890850654,s0.572950298,s202.082779542
175_156,s1.547962897,s3.342880647,s273.150911383
175_157,s-5.843190706,s7.175742738,s128.320131808
175_158,s1.887334778,s4.781414618,s221.291941363
175_159,s-0.401458966,s6.237635389,s290.950703840
175_160,s-0.331261158,s3.137839717,s243.701032026
175_161,s1.861915841,s6.341755280,s334.454880410
175_162,s7.332731849,s4.804318824,s299.139022686
175_163,s2.195767290,s7.403409687,s259.257939765
175_164,s5.289362066,s1.973876997,s341.924021317
175_165,s6.762988601,s5.446056245,s53.888002954
175_166,s3.826531838,s3.830106808,s20.506938177
175_167,s2.278670640,s5.851393189,s40.300340097
175_168,s-5.692738136,s0.520004556,s344.804279402
175_169,s-4.169794207,s7.232704773,s175.806729263
175_170,s-7.654254305,s6.489654558,s186.826414536
175_171,s-4.796725671,s4.758692559,s267.838084641
175_172,s-5.492523844,s7.488030919,s91.544295682
175_173,s-3.490408352,s4.708774088,s232.161290475
175_174,s-1.544704747,s7.458392588,s232.812831333
176_0,s1.579550935,s-1.657549408,s258.344011926
176_1,s-4.610266505,s-4.723227892,s14.360449814
176_2,s-6.611791012,s-4.627355039,s282.210162522
176_3,s-5.638866467,s-6.441883369,s68.933324112
176_4,s3.305301564,s-4.682936501,s329.627324524
176_5,s6.339753700,s-6.364398675,s140.371217712
176_6,s-4.021413435,s-3.514332807,s199.920813663
176_7,s2.459343240,s-7.048330622,s23.006293032
176_8,s-0.639557466,s-7.145154978,s106.550560061
176_9,s-0.883885811,s-3.457320838,s343.485510418
176_10,s4.759666459,s5.610646068,s93.837920770
176_11,s4.673521836,s1.954336875,s101.753802179
176_12,s-0.974067752,s-5.911860242,s266.592637229
176_13,s-1.233141549,s-2.637357536,s261.894807481
176_14,s-6.782677649,s-3.539940393,s97.338208082
176_15,s-5.893899878,s-3.225332661,s57.277415729
176_16,s-6.994506117,s-0.982178178,s163.856557754
176_17,s-5.840432296,s-0.219195955,s181.797334046
176_18,s-3.368612678,s1.015056670,s122.596270980
176_19,s-6.252014754,s-7.271037599,s280.987709099
176_20,s5.067690287,s-0.342732062,s23.173014827
176_21,s-1.553690089,s-4.461713370,s263.982785605
176_22,s-4.571480150,s2.908708463,s49.494718351
176_23,s-0.826719093,s-6.787449682,s325.679944086
176_24,s7.145463866,s0.572988543,s241.877984252
176_25,s6.474983121,s-5.178093598,s247.857381688
176_26,s3.806725870,s-4.872112470,s143.287267873
176_27,s1.211196996,s-5.549925182,s351.815762185
176_28,s-3.986971350,s2.305850967,s68.490832968
176_29,s-6.024058309,s-6.995518434,s212.754822364
176_30,s-2.667929736,s2.433081222,s197.909783942
176_31,s3.063672339,s-2.291777667,s8.731728502
176_32,s-0.063444634,s0.544648323,s68.528284569
176_33,s5.171726769,s-7.214964429,s277.304344603
176_34,s-4.105924920,s6.850873344,s135.135236666
176_35,s-1.301916880,s2.115648888,s255.013990498
176_36,s-5.481231797,s-2.303544819,s209.463148771
176_37,s1.243931929,s4.064452855,s316.686382700
176_38,s4.497419101,s4.423559261,s28.976250498
176_39,s-0.237372465,s-3.801633734,s47.781932225
176_40,s0.847690382,s-0.953404232,s128.034649273
176_41,s6.526371496,s2.190161459,s302.947185511
176_42,s-0.756093432,s1.017433401,s135.307077550
176_43,s4.094334628,s-3.682919148,s301.489381056
176_44,s-2.016174944,s4.747453247,s251.166363198
176_45,s-7.104632262,s0.819958437,s171.992240451
176_46,s-5.523531373,s-0.495898941,s82.952606586
176_47,s-4.976651146,s2.223169896,s89.710485677
176_48,s-1.866371647,s-0.631515302,s265.454485849
176_49,s0.977827673,s-4.019327368,s187.063057343
176_50,s3.478098890,s1.806092466,s279.091884430
176_51,s-5.144009396,s-3.889517933,s287.414742018
176_52,s4.724447863,s-6.954226178,s166.112149091
176_53,s-0.312920102,s3.651388163,s23.965884076
176_54,s-1.870136925,s-1.704454150,s144.178794985
176_55,s-0.202399599,s-2.376105390,s72.274558473
176_56,s-4.276532530,s4.944216749,s198.013223727
176_57,s-3.214053663,s-5.223487745,s230.279172420
176_58,s6.814441928,s-2.418451784,s214.882532625
176_59,s-3.394223570,s-1.134752447,s30.785404986
176_60,s-6.046459631,s4.090969394,s45.250244900
176_61,s-5.065460943,s0.839212781,s302.346552171
176_62,s0.617180877,s-6.486133332,s350.353523093
176_63,s-4.605477428,s5.044014152,s206.015478259
176_64,s1.275672929,s-3.042497481,s136.161560020
176_65,s2.131190718,s4.374914568,s238.202362756
176_66,s3.180748841,s-1.001360757,s189.522084564
176_67,s-0.349604658,s1.554412452,s340.025163164
176_68,s2.194353478,s1.382724429,s359.444859426
176_69,s4.733234732,s7.039649226,s256.953198151
176_70,s-6.436326117,s0.893613194,s211.316923726
176_71,s-6.222762941,s0.641595375,s86.059421323
176_72,s-6.986468264,s1.197991984,s61.335535359
176_73,s1.913330004,s6.015881079,s198.057296794
176_74,s-0.273810903,s-0.334762651,s128.866801752
176_75,s-5.942844250,s5.508748468,s189.516856408
176_76,s-4.949146736,s4.197705503,s24.124938943
176_77,s5.364702310,s4.655904411,s314.695245045
176_78,s-5.300925552,s-1.361033001,s2.354822877
176_79,s4.356752432,s1.911868654,s21.040807621
176_80,s-0.376459814,s1.938636335,s222.674453545
176_81,s7.116413342,s-5.812260556,s31.035581957
176_82,s3.774288485,s-2.693926093,s150.817241708
176_83,s6.089355256,s-3.267572903,s250.724963332
176_84,s-7.033940748,s-7.271037599,s282.689474784
176_85,s1.644541956,s-6.694016171,s257.514642687
176_86,s6.968923359,s-1.426966935,s221.975286248
176_87,s-6.189434050,s-5.667166317,s112.134308288
176_88,s-2.956316314,s-1.444698028,s225.034948270
176_89,s3.306827638,s4.800801649,s187.444097405
176_90,s-6.473049558,s3.043704259,s344.346419010
176_91,s5.491530456,s-1.467510016,s96.700947640
176_92,s4.730763024,s3.004828452,s150.339884396
176_93,s-0.317751889,s-1.127273093,s193.787291206
176_94,s6.340667958,s5.791262579,s74.520599013
176_95,s7.045513191,s4.170768082,s239.968483579
176_96,s2.526130056,s6.640278588,s101.039194641
176_97,s6.959869568,s4.570800570,s299.991475098
176_98,s-7.013549471,s2.950537309,s0.775532986
176_99,s-6.046969004,s4.251661647,s87.307909078
176_100,s-6.277647464,s-0.561298469,s34.763943253
176_101,s-4.577808329,s3.181711021,s224.873066370
176_102,s-0.009943493,s4.919035982,s115.178794687
176_103,s1.331930821,s5.336269744,s96.728816009
176_104,s7.123844138,s-2.297551051,s237.341904653
176_105,s6.459994449,s-1.162870181,s248.220908698
176_106,s-2.147766637,s3.281656618,s107.277166936
176_107,s4.032819468,s-0.496179256,s113.117919480
176_108,s-3.422141827,s6.810407053,s171.106930583
176_109,s6.846456665,s6.471676762,s97.893523624
176_110,s-3.723949772,s5.419834990,s96.253634068
176_111,s5.561792480,s6.839568265,s318.956986877
176_112,s-6.028820608,s-0.666839078,s137.104923440
176_113,s2.689072619,s-2.416785297,s179.301343209
176_114,s-0.270765629,s6.628759682,s108.173623367
176_115,s-2.715687946,s-1.689451793,s188.667356804
176_116,s0.581206243,s6.725692520,s4.570325615
176_117,s0.923748836,s-0.090524140,s7.046219631
176_118,s5.999094019,s-0.293486238,s303.734863546
176_119,s2.903010954,s3.999130508,s76.444777244
176_120,s5.705095879,s-5.351611704,s133.152746257
176_121,s-7.051656062,s0.093977423,s92.283990100
176_122,s3.496466916,s6.447405770,s176.147958993
176_123,s6.442676863,s1.099110574,s295.293092136
176_124,s5.213195494,s-3.806064679,s253.715464901
176_125,s1.829140651,s3.992561621,s128.553195470
176_126,s-3.976001252,s3.865422057,s98.388905272
176_127,s-6.924160137,s4.836582018,s192.501590621
176_128,s-4.874549574,s1.095776665,s326.056858700
176_129,s-0.089705124,s4.047785552,s336.693257435
176_130,s-4.223977619,s0.156996208,s240.042119184
176_131,s-4.953206164,s4.573426606,s55.165257967
176_132,s-4.938164479,s6.817301653,s171.157893525
176_133,s-2.615071610,s4.910944826,s165.817028053
176_134,s0.194980534,s-1.354097866,s102.692739516
176_135,s2.762262366,s-0.972031065,s270.522482119
176_136,s4.231927870,s1.169824219,s188.813917148
176_137,s4.575785567,s4.095051058,s160.456677862
176_138,s1.135617168,s0.051916636,s235.719071202
176_139,s0.064414946,s-1.799371107,s250.776688403
176_140,s-3.115595613,s5.054207786,s286.710970498
176_141,s-1.480403421,s1.293297061,s243.439756559
176_142,s-3.238452828,s3.071511025,s186.761851711
176_143,s6.949247694,s-0.118397365,s179.758146966
176_144,s-6.211711696,s6.598642791,s340.696203695
176_145,s2.464795404,s4.638070026,s74.794430411
176_146,s3.377747008,s1.120496952,s275.603366769
176_147,s-2.407287384,s6.477085040,s286.051592610
176_148,s2.638416732,s4.358082476,s253.717846606
176_149,s-1.178771946,s5.127461877,s203.501918249
176_150,s6.897325653,s3.563110360,s210.721955197
176_151,s3.711606909,s6.911929617,s134.696002523
176_152,s2.509135685,s-1.286914301,s19.871391867
176_153,s4.865558848,s3.177762995,s205.060251172
176_154,s-2.115925040,s0.704212378,s45.508586108
176_155,s-6.978732328,s6.624725453,s292.462961768
176_156,s-1.265781874,s2.355611572,s20.832217548
176_157,s1.223441436,s1.721322440,s20.791214840
176_158,s-0.787191737,s4.479192040,s115.356945270
176_159,s-5.581265625,s6.324523342,s235.740624624
176_160,s-5.077482200,s3.015409283,s19.092822599
176_161,s5.982156576,s3.414721093,s23.410779703
176_162,s3.137974999,s6.974910955,s19.106562441
176_163,s-0.796434303,s5.645439758,s67.696048757
176_164,s-3.148623892,s4.030103268,s29.097956259
176_165,s6.321757634,s3.685347508,s329.772457557
176_166,s2.121425232,s-0.266670242,s352.243056194
176_167,s5.547623473,s4.780160467,s337.127345704
176_168,s-6.616157778,s5.135438820,s80.724667565
176_169,s7.036893245,s5.353896327,s87.320818543
176_170,s-5.795990470,s4.857968954,s122.581403946
176_171,s-5.860519464,s6.888606239,s195.257519503
176_172,s1.973882880,s7.027993521,s248.241612757
176_173,s2.727569573,s2.910404977,s132.160222599
176_174,s3.480968388,s6.126641233,s235.885427174
176_175,s-0.134634135,s6.794531458,s246.836572813
177_0,s-8.113173289,s-3.780939837,s281.416774716
177_1,s-4.899404521,s-6.453297154,s311.699332935
177_2,s1.554992578,s-1.534611171,s249.146837123
177_3,s-1.665330044,s1.789851198,s278.568967604
177_4,s-4.656827621,s-0.064111056,s114.279403640
177_5,s2.910895815,s-6.353641046,s311.424340812
177_6,s-0.845579830,s-5.023987398,s344.524611229
177_7,s-0.472357290,s-8.209984651,s104.883195434
177_8,s5.063765216,s-6.601765437,s139.771625010
177_9,s1.244670948,s-4.403355016,s333.098340551
177_10,s7.412342906,s-4.709445289,s248.439467731
177_11,s7.943689157,s-7.640697092,s239.991148603
177_12,s4.672337007,s-0.809081442,s223.007190142
177_13,s5.685767899,s-7.563837221,s54.663295056
177_14,s-2.342357287,s-6.303224722,s345.224822586
177_15,s0.627441148,s-2.607658428,s78.782125672
177_16,s-8.050480107,s-8.206159884,s225.784873059
177_17,s-5.702818881,s1.793555795,s99.032877209
177_18,s-2.368244129,s-0.505124261,s352.562322627
177_19,s0.447240017,s-7.723390875,s85.630093285
177_20,s1.298968232,s-8.213802667,s224.693399605
177_21,s7.310404269,s-2.677879138,s144.994929418
177_22,s-3.096587566,s0.698767042,s239.479927746
177_23,s-3.972104975,s1.330467058,s29.723484748
177_24,s4.098803733,s-2.186151987,s168.217622484
177_25,s6.476543404,s0.089451636,s336.279307504
177_26,s3.992499588,s-0.188287347,s257.623147668
177_27,s7.881957088,s-1.910254546,s55.160149545
177_28,s-5.127827174,s-2.999322531,s111.836510940
177_29,s-8.089313842,s2.332528248,s114.246872363
177_30,s-0.631521990,s-0.657437676,s71.338694977
177_31,s-7.721961053,s-6.757152206,s268.588872469
177_32,s8.032788734,s-4.718227415,s280.752933338
177_33,s-1.129683334,s6.333255608,s123.346053192
177_34,s5.680234608,s4.645361812,s132.764596190
177_35,s0.829748962,s7.257980130,s166.365889582
177_36,s-2.852506149,s-3.737133655,s91.132867931
177_37,s0.883289973,s5.247019830,s232.361094752
177_38,s5.476033790,s-1.821323369,s38.425048130
177_39,s2.288838844,s-3.671998696,s157.487610940
177_40,s0.907382029,s-4.086386717,s13.410184405
177_41,s6.370879812,s-3.306077324,s127.531057376
177_42,s-7.434453011,s0.478468034,s337.047996010
177_43,s-4.598523810,s2.509988373,s345.549980114
177_44,s-2.894190545,s0.104922353,s225.980410463
177_45,s-8.154233337,s-5.942339680,s236.512078693
177_46,s-6.993442319,s1.241141346,s90.020377699
177_47,s-0.356350464,s-2.267861872,s196.133778353
177_48,s-3.266581131,s-6.869672715,s123.270652991
177_49,s7.960997702,s-3.008016141,s354.522058450
177_50,s4.106419124,s1.080808345,s208.737643114
177_51,s5.003401033,s1.604951726,s73.853231066
177_52,s5.757052292,s-6.510917534,s237.694279247
177_53,s8.183146530,s0.695846813,s148.492364660
177_54,s6.029346359,s4.511181689,s177.257865385
177_55,s4.188115977,s-3.054552001,s226.913598175
177_56,s-5.840165578,s-1.624116266,s163.918817994
177_57,s-2.105382051,s-2.941046499,s181.219015731
177_58,s-0.550419314,s-4.292302921,s239.659021503
177_59,s-2.070277237,s6.285880700,s68.256512111
177_60,s2.086701121,s6.344726675,s342.915602286
177_61,s-2.132137819,s-4.542205753,s191.478103989
177_62,s-7.058431500,s-5.508944251,s20.915021914
177_63,s0.139995926,s3.488710042,s339.838599428
177_64,s5.792872374,s0.813829283,s108.788627464
177_65,s0.062259777,s-6.997057406,s176.458456576
177_66,s1.164026914,s0.295651596,s2.177979002
177_67,s1.560919814,s6.036560296,s103.041329560
177_68,s8.205020957,s3.193076161,s90.489121879
177_69,s4.503262300,s4.212714589,s302.796114319
177_70,s-7.461073241,s5.783485540,s18.918567670
177_71,s-3.044495430,s-1.164652705,s228.931932291
177_72,s3.259786425,s6.949662256,s31.811398574
177_73,s-4.318685509,s5.448835421,s347.012541367
177_74,s8.217576025,s5.481380291,s82.292302492
177_75,s4.553024205,s7.284153081,s34.979682968
177_76,s-4.721279748,s-3.676102239,s227.482467078
177_77,s4.902937112,s3.454533504,s226.149569687
177_78,s3.874864484,s-2.274907484,s158.354042852
177_79,s-5.573068333,s0.510441170,s263.286182724
177_80,s8.020774321,s6.490607408,s228.430568835
177_81,s1.002954627,s4.665402999,s328.807777309
177_82,s0.268740789,s3.044845946,s172.068464552
177_83,s8.110920029,s-1.121366065,s87.542647319
177_84,s-4.596858813,s-2.198527237,s153.743641432
177_85,s-6.304034405,s0.692920448,s207.779131240
177_86,s0.471346179,s0.656273601,s31.328374197
177_87,s-6.167235729,s2.502021213,s326.458990312
177_88,s-7.867540089,s-2.070795978,s321.026688061
177_89,s3.563542409,s2.551066512,s117.424307153
177_90,s-3.349265363,s5.603297860,s127.838847637
177_91,s-2.862781267,s7.078613461,s261.580343225
177_92,s-8.126492716,s8.068710308,s179.299129878
177_93,s1.278313538,s3.091893678,s264.860392856
177_94,s-0.560924120,s0.394937818,s134.000554412
177_95,s8.217576025,s2.646456991,s130.251355994
177_96,s5.767697713,s-0.764248082,s130.702123466
177_97,s5.757395722,s4.952679073,s145.752195316
177_98,s-8.146606158,s0.610925669,s277.205065580
177_99,s-7.507987455,s6.932941161,s234.435660485
177_100,s-4.931780021,s5.738545438,s328.833412572
177_101,s-7.002193019,s-1.025313565,s179.170812429
177_102,s-1.507061841,s3.139618181,s12.724019737
177_103,s-3.301414286,s4.816679734,s325.200620173
177_104,s-0.376110588,s4.137431650,s306.953198539
177_105,s-0.627083984,s5.074455475,s63.057921243
177_106,s-3.635320509,s2.103772350,s71.227493696
177_107,s-6.082410168,s-5.430170411,s356.933776901
177_108,s8.217576025,s-1.819061348,s32.041819357
177_109,s4.592505776,s2.867107499,s22.093885975
177_110,s2.623916900,s3.888180510,s315.301946885
177_111,s1.721105996,s3.052194341,s208.118449115
177_112,s-2.435913892,s6.891712732,s183.745710402
177_113,s-6.416112988,s6.963016946,s283.519762444
177_114,s-7.821980537,s5.148613239,s221.293415421
177_115,s5.371802168,s5.333046256,s137.183533533
177_116,s2.596011570,s5.577561920,s18.013774081
177_117,s-1.972069430,s4.515567121,s333.591791001
177_118,s-6.745844018,s5.357372886,s324.060398224
177_119,s3.738354887,s4.427342253,s101.530252967
177_120,s2.637916449,s-8.135310707,s325.492803216
177_121,s7.861683513,s4.463439936,s174.819582969
177_122,s-3.218808220,s2.495240012,s155.685065396
177_123,s-1.434918984,s6.572766898,s192.310838176
177_124,s7.612986603,s5.809893411,s56.161078497
177_125,s3.115961959,s3.611310552,s252.162120178
177_126,s-2.381806318,s-3.216603579,s153.821340610
177_127,s-6.793765003,s7.091170125,s167.562547477
177_128,s-7.131508395,s3.041412309,s251.059487819
177_129,s-5.326564911,s4.588983507,s350.439416811
177_130,s-1.247567300,s-0.171953801,s78.093112867
177_131,s-0.833061128,s5.392973693,s78.688920216
177_132,s2.822054363,s-1.566986702,s111.925871165
177_133,s-3.707193108,s-0.151172096,s177.230092133
177_134,s1.903618806,s4.928009161,s228.123891682
177_135,s4.545969568,s6.421256997,s120.102879679
177_136,s8.115956355,s7.641877313,s123.866004465
177_137,s7.109965124,s5.404725961,s103.310971184
177_138,s-0.800139085,s4.497697354,s237.833703867
177_139,s6.987102143,s7.591723973,s25.560024476
177_140,s-4.298904742,s7.894357928,s154.258324841
177_141,s-4.417728945,s3.745461829,s251.510338934
177_142,s6.391705297,s5.939023016,s192.933017776
177_143,s-5.302471979,s7.982918877,s1.838485269
177_144,s-6.555092953,s2.323125686,s10.581334880
177_145,s-2.804811639,s7.951358297,s38.637654515
177_146,s0.841006775,s2.341511498,s308.547293533
177_147,s-3.724649674,s6.628982431,s280.353474959
177_148,s-4.217453401,s7.843289824,s264.473972707
177_149,s0.008954956,s5.921809311,s104.504224440
177_150,s5.325170927,s8.012257877,s61.069456726
177_151,s4.189212881,s2.144524364,s60.838524202
177_152,s7.687298257,s8.052669522,s27.375556548
177_153,s8.080114939,s1.731561000,s217.041559334
177_154,s-0.270681248,s4.984717953,s217.316314053
177_155,s-7.025591729,s7.989958897,s132.544501320
177_156,s-4.415428152,s5.847443892,s116.872918402
177_157,s2.498697098,s-3.143096145,s289.739567111
177_158,s-0.822026654,s7.866311939,s129.348380960
177_159,s-1.613845934,s4.189122608,s7.836251722
177_160,s6.082861569,s2.111728456,s337.562741316
177_161,s-6.163344632,s7.925900376,s248.923626561
177_162,s2.523680052,s-4.696145476,s214.178610280
177_163,s5.060677906,s6.494201036,s7.842875011
177_164,s6.090246452,s7.126833557,s300.866278904
177_165,s3.240713920,s4.976526581,s283.992247604
177_166,s7.749564781,s6.151704700,s218.288630715
177_167,s6.646799996,s6.837976679,s7.277434072
177_168,s-6.892617742,s7.457410466,s51.713685451
177_169,s-1.174285517,s6.927454166,s187.339748818
177_170,s-5.844350423,s5.649726330,s243.679183908
177_171,s-0.049280676,s8.050751122,s308.932771400
177_172,s-3.107832883,s8.057266713,s288.193005110
177_173,s-1.267565320,s1.029009717,s89.603727364
177_174,s0.638592835,s8.012587634,s16.474982784
177_175,s4.378867382,s8.030873141,s234.633171271
177_176,s1.503134461,s7.537540053,s302.981495393
178_0,s-2.677555124,s-5.406879737,s208.758187184
178_1,s-7.763377943,s-3.279669199,s318.109774052
178_2,s-4.608793126,s-7.595293639,s84.312982206
178_3,s-7.935675027,s-8.035679047,s189.020693166
178_4,s-0.862409284,s-5.530884110,s317.147994025
178_5,s-7.922880280,s-5.023705208,s36.684808418
178_6,s0.594755089,s-5.076959514,s10.834520498
178_7,s-4.758227181,s-5.922868001,s125.933956154
178_8,s5.427295018,s-3.079017049,s159.315332210
178_9,s1.570138131,s-3.975247735,s116.293471442
178_10,s7.730984409,s-2.379377641,s241.905614450
178_11,s3.611714198,s-5.675035253,s82.788105591
178_12,s4.594556129,s-7.318800826,s157.099787387
178_13,s7.435438907,s-6.727565428,s348.517011113
178_14,s-7.934186861,s-2.188921029,s315.626968450
178_15,s-4.126219377,s0.988093055,s166.706398981
178_16,s-6.926118859,s-0.551485432,s346.202349815
178_17,s0.639699088,s2.183337060,s154.639707848
178_18,s-6.598519981,s-4.922189631,s359.839856329
178_19,s-2.277714999,s-7.348092182,s234.101416340
178_20,s4.367574841,s-7.541709528,s214.359904290
178_21,s-0.413264952,s4.222959108,s200.583542303
178_22,s-0.219816831,s-1.317361648,s320.720066979
178_23,s5.507268782,s-6.170793326,s133.741468504
178_24,s7.251709858,s-0.580023016,s32.397260467
178_25,s4.542387764,s-4.100442043,s246.088355850
178_26,s7.864999235,s3.332657534,s348.328482325
178_27,s2.360096779,s-0.028112824,s334.643180683
178_28,s-7.038349609,s-6.767561370,s236.977373968
178_29,s-7.645217200,s0.978440449,s157.459886771
178_30,s-2.165826824,s0.721245618,s327.494406427
178_31,s-6.305932355,s-4.093300937,s264.119524050
178_32,s-5.825498217,s2.100644385,s243.476353275
178_33,s0.240674658,s-2.719883332,s210.659380149
178_34,s-7.471898823,s-1.602941353,s222.243647339
178_35,s8.180607716,s0.750582381,s273.674585500
178_36,s-4.075626700,s-4.276996807,s243.842037008
178_37,s5.813119898,s-4.710085622,s111.417629364
178_38,s-3.474344086,s0.069376501,s345.218191546
178_39,s6.519174123,s-4.650954138,s237.708988747
178_40,s-5.376526476,s4.110820824,s247.419225440
178_41,s6.955105248,s-3.799872117,s19.540803955
178_42,s-1.730376657,s-3.532521251,s290.684359376
178_43,s-5.154582076,s2.742632691,s227.248537388
178_44,s-2.390689357,s5.803945469,s98.042965509
178_45,s-3.162514244,s-0.895100460,s158.251628354
178_46,s-5.806895637,s7.058598177,s208.691423473
178_47,s-1.014538308,s-3.691416419,s255.427763791
178_48,s-5.160237824,s-3.374451926,s211.017351870
178_49,s0.388329075,s-7.274856838,s195.350428209
178_50,s-1.300036493,s-7.213518872,s7.424284267
178_51,s-2.046433887,s-0.456143410,s129.986155212
178_52,s0.999227069,s-3.776860993,s176.265721662
178_53,s3.333371275,s-3.027411896,s188.538799164
178_54,s8.093690498,s4.798290079,s325.084632798
178_55,s7.984948074,s-1.288435288,s190.216262437
178_56,s-8.060620332,s-6.592943552,s175.103020962
178_57,s-6.883830636,s3.138805530,s359.291335304
178_58,s-8.190170565,s3.878749580,s299.012771898
178_59,s-6.185355556,s-0.637188553,s2.760107138
178_60,s-1.634227533,s8.071989672,s302.013165294
178_61,s-8.225014898,s0.026657805,s14.540701670
178_62,s-7.287708495,s4.706821846,s281.057226102
178_63,s0.707321514,s3.850617729,s5.997814881
178_64,s-0.503556926,s0.542365097,s88.791644314
178_65,s1.370187043,s-2.421218661,s281.649830011
178_66,s5.667600100,s-1.248861305,s176.953405040
178_67,s0.860021160,s-0.643446227,s122.698020608
178_68,s7.817892679,s-1.136409305,s189.188812084
178_69,s8.039987239,s-3.761847246,s32.833686893
178_70,s-2.032553247,s-2.643703581,s83.658250091
178_71,s-2.088816338,s2.483227866,s244.018888174
178_72,s6.284517962,s-2.520882480,s269.349892268
178_73,s-5.876852780,s-1.260162556,s105.232628125
178_74,s1.915409988,s4.165426514,s291.642398514
178_75,s-1.055607898,s-0.916891395,s52.322943881
178_76,s1.339027207,s1.614370525,s144.989343699
178_77,s2.550562110,s-2.776455361,s114.611455581
178_78,s2.890946556,s6.321253142,s235.174665543
178_79,s2.735679754,s5.676430558,s100.908016779
178_80,s5.061689493,s-0.297145904,s326.519982580
178_81,s2.116794492,s6.666070810,s142.491669466
178_82,s8.039499664,s6.942523295,s345.189788371
178_83,s6.994674439,s3.815102053,s133.770462493
178_84,s2.103444523,s1.922093769,s263.525814038
178_85,s-7.469581444,s7.905322587,s256.187351783
178_86,s0.419989468,s8.223414839,s318.847614311
178_87,s-6.253416694,s5.873974991,s72.300581508
178_88,s-2.070172716,s-5.167630719,s104.711432277
178_89,s5.448329276,s2.242958096,s104.338361675
178_90,s8.151342942,s2.818727558,s289.165934359
178_91,s3.328409193,s-1.175803784,s128.061408742
178_92,s8.085563289,s1.514342364,s313.588348991
178_93,s-1.738406422,s2.893487197,s338.919403779
178_94,s-2.159076453,s2.110579025,s118.840735617
178_95,s5.023783263,s7.122817427,s312.891296968
178_96,s5.750572522,s0.540075044,s5.221662692
178_97,s6.510910404,s7.570849721,s66.799324685
178_98,s-3.898598252,s-0.233274469,s221.612537103
178_99,s1.397142438,s6.714700628,s235.499699921
178_100,s0.084112689,s2.649587527,s276.181975463
178_101,s6.796424960,s1.398085244,s94.968305545
178_102,s-4.197021966,s5.180783137,s239.931136033
178_103,s1.708415762,s2.883097645,s26.316755887
178_104,s3.984766345,s6.686020422,s258.112658914
178_105,s2.381874063,s4.219927497,s109.717623523
178_106,s6.118591856,s6.157276690,s88.209371267
178_107,s2.585351722,s3.668589006,s131.194510083
178_108,s-3.349507628,s4.504268592,s142.372062344
178_109,s1.440951785,s5.338813904,s220.707101196
178_110,s5.055193061,s3.956561760,s301.418008151
178_111,s0.341524664,s0.394806142,s340.793709512
178_112,s-2.281015828,s4.198950983,s241.418358395
178_113,s0.342290924,s7.963502521,s3.850348071
178_114,s-1.202608305,s0.600784084,s138.172265073
178_115,s-7.658764201,s-0.093129184,s49.440358412
178_116,s-8.225014898,s2.020182011,s14.760401172
178_117,s6.839412809,s2.427212161,s68.548538184
178_118,s-4.678467514,s6.387076420,s156.610199859
178_119,s6.448717603,s6.461061901,s291.088864583
178_120,s7.463183094,s6.660064175,s103.774739216
178_121,s0.612757358,s-1.498248763,s44.492632308
178_122,s6.443119440,s5.468502041,s335.044726925
178_123,s5.971653149,s-3.077420750,s252.066094432
178_124,s2.918691467,s1.036982478,s107.152815652
178_125,s5.777869469,s7.884546803,s313.657094535
178_126,s-5.857350571,s8.076357694,s138.784727066
178_127,s-6.224960813,s4.242399414,s341.583976087
178_128,s-3.299335315,s8.223414839,s153.591104473
178_129,s-1.604671509,s1.665245978,s355.651262559
178_130,s-3.819514762,s2.922540208,s326.102645431
178_131,s4.804681595,s6.343302818,s187.920770300
178_132,s-1.872665633,s5.955479724,s158.123331928
178_133,s-6.002282860,s7.538103652,s325.226021501
178_134,s4.191805325,s1.418636057,s297.811432852
178_135,s4.246943837,s6.258112535,s318.709526018
178_136,s7.801263384,s5.752043273,s305.088412440
178_137,s7.810005190,s8.223414839,s292.576873489
178_138,s2.190681725,s8.174387227,s163.624641646
178_139,s4.329174639,s2.952925108,s146.339712543
178_140,s-7.424454418,s5.104810856,s6.473431935
178_141,s-3.131685601,s1.274026915,s35.012557164
178_142,s-2.693936848,s6.889487006,s311.803218821
178_143,s-6.321879198,s0.025273489,s82.124670489
178_144,s-7.882574491,s5.696846894,s191.475261579
178_145,s-7.653804712,s6.331907305,s336.502274224
178_146,s5.502361069,s8.137875909,s265.772635720
178_147,s4.131859286,s8.032773222,s152.577296383
178_148,s3.371451604,s7.472429428,s283.815082148
178_149,s-3.527271337,s5.751857460,s276.239941418
178_150,s6.122489554,s-0.360793648,s67.104978884
178_151,s-2.946236677,s7.492645626,s201.125825148
178_152,s6.903799463,s8.153728911,s97.516196824
178_153,s5.456677906,s-1.979987223,s217.617150132
178_154,s-8.181989243,s5.164508941,s94.985161838
178_155,s-3.836953474,s6.763215862,s121.588489925
178_156,s-8.026774941,s8.190904754,s122.778725561
178_157,s2.293563545,s5.709786729,s107.210376044
178_158,s-1.430355439,s6.891314886,s190.160347039
178_159,s0.794412653,s6.946801533,s212.750091319
178_160,s-0.818555350,s6.126486200,s21.183301184
178_161,s2.105178865,s7.782214281,s42.768667527
178_162,s-2.585158661,s8.010005495,s42.753089647
178_163,s-2.324141756,s5.730333796,s310.384393158
178_164,s2.758709476,s7.469164004,s295.615997457
178_165,s6.435502694,s4.233915532,s7.831585383
178_166,s5.612770770,s7.539529624,s110.055984815
178_167,s7.902480714,s7.428225678,s231.648348951
178_168,s-3.907753964,s2.516528795,s182.865368786
178_169,s-7.110409160,s6.995947496,s306.895222985
178_170,s-0.230290109,s8.223414839,s232.496769449
178_171,s-2.244757584,s8.111745256,s321.160913154
178_172,s-2.217808939,s-4.678064044,s358.147802641
178_173,s-5.620499830,s3.150393089,s252.049153863
178_174,s-5.570943184,s7.265156789,s140.375593495
178_175,s6.944545893,s4.753606676,s109.034164258
178_176,s-1.210576240,s7.704978747,s102.932244714
178_177,s4.065235334,s4.872218079,s337.310935717
179_0,s-0.960714583,s4.944600928,s149.564055815
179_1,s-1.840882483,s2.533485657,s67.229151636
179_2,s-2.206059257,s-5.359253654,s163.572902504
179_3,s-3.911740811,s-7.089266964,s170.300172893
179_4,s-6.211590806,s-6.763537490,s197.751917302
179_5,s5.569755180,s0.858756457,s157.666229929
179_6,s-2.682325969,s-7.571898778,s221.876989546
179_7,s-2.721185540,s-3.330408773,s131.537714022
179_8,s-2.176797852,s-2.504131279,s43.673885702
179_9,s-0.454043831,s-6.668147969,s181.570824564
179_10,s2.308555947,s-5.455954360,s105.855699703
179_11,s4.692675095,s-2.568268054,s91.160133592
179_12,s2.789971267,s-7.492201722,s350.897278069
179_13,s6.886844794,s-7.843441769,s316.346131368
179_14,s-4.239155258,s-4.612531976,s6.537106767
179_15,s-5.347740353,s-3.489766151,s198.118586428
179_16,s-2.690246877,s-5.492124662,s173.414193952
179_17,s0.572096795,s5.593564194,s201.876576790
179_18,s-5.804391953,s-0.479400007,s161.266347681
179_19,s-1.677750854,s-6.620084947,s306.653652874
179_20,s4.352508654,s-1.345520507,s134.350664743
179_21,s-4.541444064,s5.439724086,s354.033472605
179_22,s-2.540143099,s-0.083931914,s63.154222455
179_23,s4.743060963,s-4.472189036,s210.902485201
179_24,s4.721544795,s-1.594623925,s29.365519717
179_25,s2.076755396,s-0.959069290,s64.733031136
179_26,s4.047331900,s-5.662265211,s280.129182991
179_27,s4.590345293,s-7.209931704,s113.200608697
179_28,s-6.439125597,s-7.591937908,s7.272711943
179_29,s-7.633169875,s-6.949426304,s151.271649624
179_30,s-4.522417580,s-5.726187419,s49.244745207
179_31,s-4.630934531,s-2.808715076,s343.996050824
179_32,s0.645182959,s-1.938490635,s113.264285554
179_33,s1.460763886,s-4.297899102,s343.673944939
179_34,s-4.253534510,s7.035923179,s245.720724314
179_35,s0.585468543,s-7.109084900,s150.450895072
179_36,s6.728446262,s-1.017349798,s351.585761758
179_37,s3.157912480,s6.035501576,s301.828022405
179_38,s-3.977568270,s2.498259424,s89.881686809
179_39,s7.498699105,s1.012658032,s201.646870341
179_40,s7.681869230,s-3.894173919,s27.924764631
179_41,s0.860078738,s2.553945961,s111.287902729
179_42,s-6.683765128,s3.877678068,s47.828705847
179_43,s0.507532130,s3.842944351,s60.288856129
179_44,s-7.339066929,s-4.090731037,s17.053885527
179_45,s0.028200859,s2.839208955,s3.563423617
179_46,s-5.261950308,s-2.597039544,s317.940421900
179_47,s0.857796571,s-3.362271283,s293.487170299
179_48,s6.170509178,s-5.784233239,s241.221263360
179_49,s3.218516221,s-1.426530269,s44.277584601
179_50,s2.951450013,s2.259102201,s103.658188433
179_51,s-7.023290223,s-5.023737461,s82.289961508
179_52,s3.451012649,s1.216113620,s306.612956771
179_53,s7.373355841,s-6.358156355,s298.215464721
179_54,s2.982200893,s-4.433323536,s86.935235132
179_55,s0.050291872,s-3.288577339,s226.500296241
179_56,s-1.177970675,s-3.327301975,s301.001201003
179_57,s-6.976423408,s-2.153136157,s263.819761529
179_58,s-8.022053574,s2.785924844,s242.422853852
179_59,s-7.728165179,s7.518494090,s211.077354436
179_60,s-2.166061731,s1.373276904,s297.232663547
179_61,s-4.552390667,s-0.833767613,s277.908645178
179_62,s7.293934884,s3.157284519,s100.388434180
179_63,s-2.820485442,s-0.419301575,s300.039505182
179_64,s-5.817988475,s5.207776456,s253.912533223
179_65,s7.291685700,s-3.154334452,s356.546367219
179_66,s-1.285920210,s2.760059599,s43.104400601
179_67,s5.640794643,s-3.398739741,s255.107183608
179_68,s-4.483216252,s3.956465776,s219.120759196
179_69,s4.678684919,s6.625536390,s243.747484332
179_70,s-7.973708639,s2.019587433,s329.426213376
179_71,s0.434373569,s1.015235461,s157.548062747
179_72,s-3.838884349,s0.828578963,s254.989902556
179_73,s0.073672037,s-0.484271744,s69.018206126
179_74,s-5.351955758,s3.678910864,s194.813700953
179_75,s-0.922336803,s5.977143801,s40.872267100
179_76,s2.263951213,s-0.871836505,s171.792007442
179_77,s-1.894316703,s5.283118422,s267.403210232
179_78,s-0.297894609,s0.422737440,s203.510974035
179_79,s3.555189611,s-0.091593672,s198.664313107
179_80,s-2.765753109,s-1.553786899,s217.395101275
179_81,s2.049641628,s-4.337015049,s51.435911489
179_82,s-1.370072279,s7.589945167,s144.324308129
179_83,s6.954496138,s-1.512797839,s284.913153711
179_84,s-8.088981352,s1.104043960,s354.534895291
179_85,s-3.052618287,s5.155605566,s73.659677070
179_86,s-6.572771887,s-3.478639670,s221.083332405
179_87,s-7.336374478,s-1.227610394,s286.583847994
179_88,s-6.091866544,s-3.984160411,s160.559578104
179_89,s2.625168386,s4.178170062,s222.808234425
179_90,s-2.627471787,s7.373163514,s252.061276942
179_91,s5.831350324,s3.980004075,s142.105100350
179_92,s-7.868651380,s6.302727706,s72.423200738
179_93,s5.121304508,s1.906998854,s294.625692741
179_94,s3.412831634,s6.770793814,s211.374588242
179_95,s-7.363745597,s5.254534652,s273.708504045
179_96,s1.136371226,s5.751881489,s123.302112084
179_97,s3.857214742,s4.125738785,s211.481276748
179_98,s-7.834870861,s-3.335534659,s55.127910500
179_99,s-3.151827403,s6.947631169,s276.093806014
179_100,s-4.858723836,s0.256632814,s163.647426135
179_101,s-6.315285429,s1.775868168,s305.234296448
179_102,s2.261637527,s6.803587242,s216.887679081
179_103,s-6.347380523,s4.485935295,s332.818797774
179_104,s2.888558263,s3.397521404,s132.346066717
179_105,s-3.113970903,s-4.855647044,s23.319012468
179_106,s6.908467559,s6.395995720,s172.201019459
179_107,s7.783676824,s7.204983999,s41.080784507
179_108,s4.960568986,s3.634720802,s9.873941530
179_109,s7.897004131,s-0.929444679,s171.075356257
179_110,s4.483097804,s5.001776727,s74.757435667
179_111,s7.129578004,s3.942267047,s8.557059922
179_112,s-8.153407959,s3.900204025,s303.535387587
179_113,s-7.354917170,s-0.001855046,s349.863933097
179_114,s1.984928604,s-1.567961429,s19.050660324
179_115,s0.560517198,s6.554949991,s264.512334607
179_116,s0.738266035,s6.870871980,s85.051331533
179_117,s2.133936250,s2.444371183,s284.575888594
179_118,s-3.183675920,s-2.028864306,s302.269770529
179_119,s-1.224205097,s-0.714207377,s81.480377644
179_120,s-1.198630518,s0.687669715,s216.891523286
179_121,s0.889390424,s-6.251560927,s254.794617342
179_122,s3.813340828,s-7.616851782,s172.706635154
179_123,s7.597094849,s7.640435934,s123.793008422
179_124,s6.019950542,s7.439442942,s0.687395117
179_125,s4.454366441,s1.073813238,s281.604621885
179_126,s-2.639567248,s6.289214766,s73.180614860
179_127,s-3.552284183,s5.765301241,s143.716716275
179_128,s-5.574971232,s7.386961807,s248.587528474
179_129,s5.310509745,s-0.286488368,s127.748669509
179_130,s-0.661348049,s6.995447926,s194.866717342
179_131,s-0.043883568,s7.671506814,s202.788756982
179_132,s2.235625871,s7.655734354,s105.135124097
179_133,s1.780772577,s4.535378630,s278.712937901
179_134,s1.680467617,s-1.981704129,s24.622066323
179_135,s2.358730901,s1.827483640,s206.687698676
179_136,s1.470298152,s0.786649861,s3.209359737
179_137,s3.144348910,s4.664069684,s279.554362889
179_138,s1.287410216,s3.700461511,s51.571686538
179_139,s6.292219205,s2.792872658,s204.867403064
179_140,s-1.707529814,s-1.861159206,s223.505007362
179_141,s-5.071196748,s6.756334506,s254.834098252
179_142,s-5.493179361,s2.512079533,s80.667525631
179_143,s-5.990909494,s6.638826452,s341.159518647
179_144,s-1.667212860,s5.812249978,s174.211792195
179_145,s-6.136753750,s3.362810923,s350.021119460
179_146,s-0.646492178,s4.929943502,s241.378602620
179_147,s-3.177135584,s4.049488983,s328.339584104
179_148,s-4.197923505,s4.953892950,s345.411803113
179_149,s6.126034656,s3.426335818,s148.446872177
179_150,s7.895647701,s5.459873903,s256.946641612
179_151,s5.414874504,s5.786642409,s91.528116204
179_152,s6.552857376,s4.884116521,s137.543796071
179_153,s5.820024883,s1.720451960,s87.397975660
179_154,s-7.887378521,s5.289688064,s79.897858851
179_155,s-6.546828996,s2.602674204,s30.511379953
179_156,s-0.117470496,s6.736230362,s284.476499792
179_157,s-5.741557448,s7.501958163,s325.190812150
179_158,s-7.803524743,s6.919343302,s226.217834770
179_159,s0.164430717,s-2.461523074,s269.363689759
179_160,s7.314091394,s4.529029052,s237.164718268
179_161,s-0.581889045,s7.621431419,s297.046149726
179_162,s4.122261937,s6.405689419,s325.376453987
179_163,s7.188093218,s6.841673088,s29.822958261
179_164,s3.309329169,s7.579735836,s208.944939381
179_165,s5.756955968,s-1.304025790,s201.360451591
179_166,s5.286453357,s7.686931711,s146.078213937
179_167,s7.383306304,s6.287596000,s50.252127551
179_168,s4.487502420,s1.402920592,s157.541035408
179_169,s-6.855653859,s7.688082122,s291.796463475
179_170,s-7.250265172,s3.229058742,s345.339535961
179_171,s-8.091135550,s5.862704851,s323.850840381
179_172,s2.691117046,s2.697617701,s307.996739028
179_173,s0.530636107,s7.704185930,s331.974853971
179_174,s3.834296075,s7.381422198,s13.362728071
179_175,s3.667377735,s5.387431956,s57.411836542
179_176,s7.604759355,s1.678056649,s358.744459446
179_177,s-6.903512149,s2.032905430,s236.035012096
179_178,s5.234863911,s7.282594417,s234.735368445
180_0,s-4.122983734,s-6.980646969,s158.871380611
180_1,s-7.134889662,s-1.462997640,s328.252343361
180_2,s-2.379285272,s3.184688619,s297.941730558
180_3,s-0.354712594,s-1.634556074,s199.896114271
180_4,s-7.466401532,s-5.981144968,s219.235170022
180_5,s-6.380595894,s-3.355129205,s274.768328325
180_6,s2.110067825,s0.462743683,s268.973499984
180_7,s4.642327879,s-7.536054291,s93.253409789
180_8,s6.045413581,s-3.008835377,s289.841747169
180_9,s2.551172216,s-2.389167356,s25.826544482
180_10,s3.945048450,s-4.694906234,s101.964219535
180_11,s4.111175641,s-6.149326585,s33.076555798
180_12,s7.683626974,s-4.005853862,s236.276169429
180_13,s-2.860566932,s-2.022584612,s60.803079771
180_14,s6.653068824,s-7.815222966,s52.959220140
180_15,s-3.543797317,s0.982489508,s245.996383954
180_16,s-5.048430139,s-4.699036897,s158.739029163
180_17,s-7.470932563,s-3.442913866,s238.392059952
180_18,s-5.800209462,s2.919918443,s163.471462213
180_19,s-1.676012516,s-7.839542966,s69.218335445
180_20,s-1.953627847,s1.946999332,s185.812897401
180_21,s4.335767113,s-2.076967361,s229.100487813
180_22,s5.454191328,s-1.238909331,s20.578977186
180_23,s-7.561186603,s-6.879077098,s79.988784264
180_24,s1.393459817,s1.577680380,s51.275687234
180_25,s-6.384449967,s-7.324950483,s294.005156307
180_26,s-1.635770243,s-1.707628546,s308.592916447
180_27,s7.184284707,s3.240634386,s232.999401208
180_28,s5.871379083,s-6.576732807,s139.305905663
180_29,s1.264632796,s-4.145059479,s337.400662709
180_30,s-0.265964079,s-4.492744157,s146.196085346
180_31,s-6.563890620,s-0.061284567,s15.689299613
180_32,s-2.698343424,s5.239185680,s337.671831501
180_33,s-5.763629378,s-6.032224846,s80.818566203
180_34,s-5.890435085,s2.268598078,s118.700919448
180_35,s-1.861242910,s-5.689874145,s283.247983860
180_36,s5.357970387,s-4.044858948,s239.579593380
180_37,s5.348121391,s-6.689608106,s325.030785839
180_38,s-5.841206284,s-2.670885445,s0.299722460
180_39,s1.995147904,s-1.916858851,s123.364834962
180_40,s-1.362927835,s-4.127128213,s129.582625442
180_41,s1.496755525,s-7.336248688,s211.438843593
180_42,s7.145696242,s-2.488625516,s98.313447063
180_43,s7.771432835,s4.776940236,s327.854720283
180_44,s6.137917752,s0.937470002,s147.012459867
180_45,s0.669898451,s-3.608940249,s174.778743649
180_46,s-5.821008159,s4.808166743,s93.817563456
180_47,s-7.585322103,s3.607935339,s257.301682475
180_48,s-3.851367878,s3.022660261,s207.347618153
180_49,s-0.037808294,s-2.026471453,s248.873289721
180_50,s-6.829902264,s-5.070904171,s54.032686609
180_51,s-3.883439156,s-5.740524177,s233.343810283
180_52,s3.445704989,s3.424719966,s161.864474114
180_53,s7.629184512,s-5.115248781,s131.075740329
180_54,s7.404106306,s-6.144517515,s196.101025116
180_55,s7.795351846,s2.263987420,s79.848039534
180_56,s6.081048485,s-2.061818702,s351.801504340
180_57,s4.191803754,s1.698041948,s242.258398569
180_58,s6.657142644,s2.147750218,s233.762366612
180_59,s1.815606517,s-5.480243982,s171.655831900
180_60,s3.131784989,s-1.698036047,s262.999032076
180_61,s-5.936691980,s0.090895188,s11.433194915
180_62,s-7.257079222,s2.621033135,s143.306444591
180_63,s-7.566677748,s-1.034764541,s222.510234227
180_64,s6.830899766,s2.290945217,s311.097410284
180_65,s3.793388664,s7.490393306,s76.666842092
180_66,s5.610936842,s5.362968701,s9.726352969
180_67,s1.644961994,s-3.111607252,s218.666781241
180_68,s3.502361668,s-6.948724079,s47.588888697
180_69,s-7.373493914,s7.232969124,s146.642191638
180_70,s0.368223743,s4.616823597,s11.161778416
180_71,s7.805898554,s1.665799950,s202.969837845
180_72,s3.845620442,s2.912564078,s53.939038936
180_73,s6.650484179,s0.828765093,s150.793493851
180_74,s7.491896865,s-0.689796679,s244.554312893
180_75,s1.199657319,s5.425257550,s341.088951735
180_76,s-4.498146054,s-3.606653138,s4.997618285
180_77,s-3.162849011,s3.883445133,s26.445599571
180_78,s0.568671210,s7.490393306,s89.436424440
180_79,s-6.056750457,s2.370811049,s272.902600059
180_80,s-3.895139777,s-1.148279599,s16.230092034
180_81,s1.977938544,s3.757939414,s194.425970397
180_82,s-1.713022232,s3.959655446,s247.285670478
180_83,s-5.243140624,s-1.987581837,s169.288256495
180_84,s2.620750184,s3.912159415,s16.066722678
180_85,s0.486821490,s-1.545942600,s294.882577685
180_86,s5.327941894,s-7.800219896,s52.898306452
180_87,s7.400572610,s-5.058729217,s1.454702740
180_88,s2.129983574,s-0.324885098,s228.931525173
180_89,s-0.407934193,s4.497217245,s283.342356536
180_90,s-7.125264113,s1.490113321,s327.346175660
180_91,s5.009681944,s-2.083603202,s7.640641343
180_92,s-3.852629416,s7.449779020,s117.214699675
180_93,s-1.110941964,s7.400131304,s343.395574996
180_94,s-5.702565966,s7.276743421,s11.369275548
180_95,s-4.180842194,s-2.119052856,s211.584290049
180_96,s-2.426750727,s4.771442371,s114.736193530
180_97,s2.908553957,s1.693957402,s182.424704967
180_98,s-2.370453044,s5.531091163,s74.781716599
180_99,s0.008943835,s1.492454222,s152.847597627
180_100,s-2.252785626,s0.956041602,s285.075177334
180_101,s3.491860778,s-0.024283333,s252.820150288
180_102,s4.571177447,s2.882824944,s262.942961148
180_103,s-5.611831220,s-0.398892216,s86.211425674
180_104,s2.537452124,s4.569247323,s160.377617409
180_105,s1.218409448,s2.924938381,s136.829688803
180_106,s-3.220464915,s-0.354236579,s267.075440447
180_107,s-4.597353174,s-5.941878005,s302.619512234
180_108,s-2.735516851,s-4.219577630,s171.752953664
180_109,s4.879581487,s-0.138809376,s78.492055506
180_110,s5.482023573,s4.474283036,s317.007204340
180_111,s-3.672593170,s5.404665715,s117.272778796
180_112,s-0.502731604,s6.810848295,s98.561540841
180_113,s-4.349815837,s1.154504639,s153.539645603
180_114,s7.528351233,s5.552896906,s221.821017733
180_115,s4.757412897,s4.963407741,s254.385064633
180_116,s4.476704439,s6.076586868,s28.989667811
180_117,s2.399132337,s7.129452231,s224.492578890
180_118,s7.438461841,s-3.189007946,s157.351369832
180_119,s2.501456707,s3.400223389,s161.419605356
180_120,s-6.361154798,s5.293473526,s50.741276456
180_121,s-7.336259183,s-3.217310803,s91.322130523
180_122,s-4.662025164,s-1.096314008,s73.654956685
180_123,s-0.908761433,s-0.409260244,s193.003674035
180_124,s-3.294037410,s4.807200424,s138.194366839
180_125,s-7.554442617,s4.715659209,s232.552183880
180_126,s4.391841890,s-1.636087246,s242.510161946
180_127,s3.482276499,s4.106754605,s286.640670143
180_128,s-1.925868937,s6.221218862,s219.372724985
180_129,s2.135602448,s2.467962765,s25.728685350
180_130,s7.675006862,s2.575061277,s15.930365345
180_131,s-3.307916236,s-7.785314542,s82.663600379
180_132,s4.320180270,s6.994828908,s144.714855546
180_133,s5.305575737,s-4.430396338,s104.823310733
180_134,s-4.491284147,s6.470625406,s178.475507442
180_135,s-7.575167383,s5.589880861,s67.132409132
180_136,s-1.983305481,s4.774128941,s348.324033699
180_137,s3.484780461,s4.326774218,s48.220924585
180_138,s-1.210357930,s-2.745908120,s327.729887783
180_139,s-1.976930105,s0.070208488,s20.423506136
180_140,s-4.922335134,s4.536356641,s279.503000877
180_141,s0.552893633,s6.313854001,s214.892872514
180_142,s-0.714695705,s1.427418963,s271.928281889
180_143,s-4.114592433,s-0.299148251,s339.760774462
180_144,s0.519188783,s1.722433802,s60.918886983
180_145,s6.758738917,s5.718809865,s316.150362772
180_146,s-1.159059182,s2.738700039,s158.924164469
180_147,s-5.767243159,s5.996246390,s119.592519794
180_148,s7.543519043,s7.015672926,s59.837111701
180_149,s5.809576872,s3.493918674,s145.909586756
180_150,s-6.915982013,s7.053670047,s146.587123442
180_151,s-6.655363419,s7.246742066,s20.360188807
180_152,s-5.439382583,s-1.102885264,s198.035971872
180_153,s2.849580620,s5.969192058,s193.939324071
180_154,s-6.372220380,s3.663709107,s80.949278103
180_155,s-7.305141108,s5.703914187,s321.346225734
180_156,s-1.906333999,s7.357031103,s156.932284873
180_157,s-5.702459301,s6.685165625,s271.176194588
180_158,s-5.619123247,s3.549806248,s320.567657039
180_159,s-1.201235529,s6.568022238,s168.460858054
180_160,s3.322744817,s5.596779197,s148.468717421
180_161,s6.294438707,s-4.084994745,s38.664577888
180_162,s3.214882105,s2.028601741,s124.178969387
180_163,s5.411899477,s7.059592711,s177.619826943
180_164,s7.002507160,s3.347253084,s121.538097375
180_165,s-7.300809096,s0.783927448,s78.969408289
180_166,s-5.970061379,s6.334483394,s114.788212751
180_167,s5.206066959,s-5.735004360,s277.602983733
180_168,s-3.332016979,s-2.422501044,s84.447633175
180_169,s3.793332825,s5.162002840,s19.390397812
180_170,s-1.108206940,s3.908303936,s86.085758660
180_171,s-4.053543642,s3.785584045,s189.800460607
180_172,s7.313341868,s6.811735805,s248.507259918
180_173,s1.515574712,s4.284637788,s7.350967449
180_174,s7.179235094,s4.995563603,s64.937080299
180_175,s7.143557299,s4.539328733,s158.607054054
180_176,s5.026323686,s1.277038363,s346.225311817
180_177,s1.780500946,s7.167597220,s87.380104164
180_178,s0.900596572,s7.402941108,s104.989551436
180_179,s7.781606253,s5.908838249,s334.700803913
181_0,s-7.394548856,s-8.009635627,s233.880570036
181_1,s-4.491303967,s-7.295360099,s63.351327009
181_2,s-5.860673483,s-6.192272639,s141.448378736
181_3,s-6.861635012,s-2.798360384,s351.104915084
181_4,s-2.415232916,s0.517909500,s295.188396530
181_5,s-6.135815729,s-1.833756458,s260.219061645
181_6,s-1.668040297,s1.064464094,s251.266477699
181_7,s2.014787318,s-1.209527083,s273.851941758
181_8,s0.684650457,s-1.020033607,s188.801103708
181_9,s-3.878207430,s-2.529309189,s331.659972318
181_10,s7.520501503,s-8.167364951,s82.594638335
181_11,s-0.110396786,s-6.224513046,s276.644599224
181_12,s7.272828148,s-2.089502199,s54.710962005
181_13,s6.578327684,s-3.784751231,s74.873586478
181_14,s7.974427011,s-4.979444872,s342.174901611
181_15,s-8.183179916,s-4.298794137,s169.069017326
181_16,s2.863556368,s2.193570917,s53.934762174
181_17,s-8.121376350,s-5.876747396,s328.651625976
181_18,s-3.640292014,s-4.711013800,s25.532919463
181_19,s-0.803623536,s0.749876058,s256.348824812
181_20,s0.793259198,s-1.144201616,s238.121017385
181_21,s-0.840220194,s2.508160255,s28.112683629
181_22,s-7.400273108,s0.701603147,s100.936752574
181_23,s6.990098007,s-0.766021592,s256.775602377
181_24,s5.764577426,s-3.083762839,s262.935681422
181_25,s1.310136311,s-4.074424102,s67.646365931
181_26,s3.096743239,s-7.574471948,s100.137332579
181_27,s5.814433714,s-0.405278350,s323.303794854
181_28,s7.826534899,s6.560647236,s338.669407882
181_29,s4.236797084,s-1.399269226,s107.716975361
181_30,s-1.893179244,s-4.491165520,s133.762948695
181_31,s-3.582889942,s6.499597402,s162.916338228
181_32,s-4.245038809,s0.408488235,s175.907108020
181_33,s-1.367159201,s-2.676548569,s46.166436243
181_34,s-8.024960329,s-3.440070536,s150.756642399
181_35,s7.307975232,s-4.941404692,s327.766159124
181_36,s-4.848386423,s-4.449407390,s197.909904657
181_37,s5.672808266,s2.477115689,s77.836330681
181_38,s-2.253617309,s-7.842128594,s323.887162460
181_39,s7.597890849,s-6.173775753,s222.554925049
181_40,s5.569547428,s0.172645769,s354.799048703
181_41,s5.170531871,s-1.143074969,s24.053885160
181_42,s6.496630481,s-0.459915016,s9.667221948
181_43,s5.829887254,s-2.067056156,s174.045934435
181_44,s6.898069890,s0.849272200,s188.116165197
181_45,s-1.708825427,s1.927155872,s233.866546931
181_46,s-7.935009682,s-1.040464618,s191.215532703
181_47,s-4.789685469,s-1.639164922,s240.496395702
181_48,s-8.130840071,s7.607186874,s40.529738802
181_49,s-7.526472772,s2.518784836,s30.352049155
181_50,s-1.331268649,s-7.339537713,s95.589590561
181_51,s-7.307506461,s-0.383875842,s181.192254300
181_52,s4.492422202,s7.225523403,s280.495805653
181_53,s3.098370119,s0.178034451,s2.462254005
181_54,s1.680976537,s-2.696695298,s116.906567361
181_55,s1.767996148,s-4.338968892,s43.422674786
181_56,s1.290792206,s-0.333498861,s282.517478913
181_57,s-0.864844973,s-3.865410174,s153.295172516
181_58,s5.223357485,s4.399513886,s254.309415452
181_59,s7.491826629,s-4.036210462,s280.129213507
181_60,s-8.166072648,s2.568304023,s277.629709156
181_61,s-7.314542253,s3.569256834,s321.810896759
181_62,s0.772266203,s6.246919150,s112.455230883
181_63,s-0.372005325,s-3.193526516,s70.236485698
181_64,s-0.604985877,s-2.726466508,s173.660319201
181_65,s-6.374623281,s-4.026891737,s305.335655208
181_66,s-5.449860930,s1.173992560,s171.389454003
181_67,s-0.732601733,s-1.708416086,s315.140683765
181_68,s-0.811859110,s1.544835243,s345.155623636
181_69,s0.439226133,s-6.613659842,s198.760078321
181_70,s-0.911302619,s7.055318175,s187.568890689
181_71,s3.944502436,s-7.571830501,s304.117536349
181_72,s0.377571636,s1.615919803,s237.541705612
181_73,s-1.980352727,s4.899423680,s276.260768688
181_74,s5.388039410,s-7.894774306,s219.853260715
181_75,s-5.513152739,s-0.855414999,s241.466357609
181_76,s-0.288490739,s-7.568468237,s172.868307434
181_77,s-5.397728478,s-3.921862522,s351.553931964
181_78,s-8.155327053,s0.293512845,s40.560188501
181_79,s-4.961293427,s5.020779082,s192.195575830
181_80,s-7.094092114,s3.279521688,s147.679723260
181_81,s6.592585144,s-7.057637105,s289.806585970
181_82,s3.375859920,s-1.678064936,s176.411787471
181_83,s-3.346521034,s3.178481638,s322.386369817
181_84,s0.223814417,s-0.095563316,s269.559912965
181_85,s5.630331512,s1.391639051,s165.480199863
181_86,s6.583536611,s7.766710271,s207.958197631
181_87,s2.492312931,s3.906017713,s20.358013631
181_88,s8.202908319,s6.832456625,s223.097068446
181_89,s5.165628802,s-2.653697932,s95.020328781
181_90,s-5.543759785,s6.431696065,s299.918170925
181_91,s-7.816138661,s1.261225031,s216.762547487
181_92,s-4.074588018,s5.546112178,s90.655844226
181_93,s-5.319065615,s1.926090757,s27.852534579
181_94,s-2.094423641,s-5.486442755,s0.117423122
181_95,s-6.775820739,s7.117774149,s277.009101298
181_96,s-0.830652082,s-0.244619361,s288.118091270
181_97,s-1.358959022,s-1.993660895,s73.069609622
181_98,s-1.729780477,s7.096870490,s90.885746469
181_99,s4.029240367,s-0.473950881,s36.065288994
181_100,s4.160549584,s5.610386143,s174.921084193
181_101,s-2.136819247,s-3.113618088,s348.855491818
181_102,s8.078781408,s-3.011397189,s206.709139697
181_103,s7.766933613,s1.265394987,s351.207360736
181_104,s4.106821109,s3.585406395,s158.914859845
181_105,s-2.337958921,s3.409058851,s329.117648669
181_106,s-4.314172651,s2.894885711,s312.269929403
181_107,s-4.160363313,s2.176970598,s344.588346247
181_108,s4.653894309,s5.898980723,s357.084891950
181_109,s6.831839953,s3.258424486,s10.304306612
181_110,s2.292547620,s7.633218947,s26.463717357
181_111,s0.754078766,s-2.957623634,s320.003879193
181_112,s0.101812633,s7.691331464,s253.740312534
181_113,s0.040498201,s3.213075460,s252.553639253
181_114,s8.202908319,s5.900268017,s138.386721687
181_115,s3.311554276,s1.819175192,s185.361178051
181_116,s2.545445090,s5.684186600,s86.892808909
181_117,s6.887744212,s7.210930456,s331.513594512
181_118,s-3.968968197,s7.719293888,s198.858333641
181_119,s7.667905947,s2.564994327,s269.741705912
181_120,s-7.084113335,s7.766710271,s308.679367923
181_121,s-5.288678998,s-0.466727216,s320.767813141
181_122,s-4.056159851,s4.089080681,s120.475599989
181_123,s-3.873052772,s-1.504401435,s221.215888983
181_124,s2.055934258,s2.510561104,s13.153552199
181_125,s-1.628111121,s-0.595256675,s342.638131332
181_126,s2.834069984,s5.313128506,s338.800040469
181_127,s-0.055636404,s7.149974400,s324.718397999
181_128,s0.307878315,s5.382750346,s356.669743737
181_129,s4.422779064,s1.225330698,s223.637015560
181_130,s8.174941423,s3.126112276,s293.581183083
181_131,s2.505081529,s-4.035185318,s18.324307331
181_132,s8.169651390,s1.816784612,s163.818388767
181_133,s3.296898446,s7.728116921,s139.275504360
181_134,s6.080129430,s4.793317722,s154.529698068
181_135,s-7.355231239,s6.856232637,s90.080713598
181_136,s-3.988668646,s-1.083784245,s219.387670994
181_137,s2.336226852,s3.435268759,s241.981931793
181_138,s-8.070268695,s4.292336444,s222.179522679
181_139,s-1.622134572,s6.246582525,s192.772020832
181_140,s-6.399813790,s1.858215199,s132.552635809
181_141,s-1.569387309,s3.960127011,s273.299942411
181_142,s-1.827885302,s2.833709795,s214.777727879
181_143,s5.356855069,s4.939827164,s207.680395558
181_144,s3.340553593,s6.938994839,s299.493563394
181_145,s1.298739509,s0.140826204,s7.936203251
181_146,s3.997192397,s0.656778269,s81.164978669
181_147,s-6.105546444,s7.637218912,s166.463741362
181_148,s5.322463381,s6.192381766,s203.271820689
181_149,s-0.842439816,s5.651077432,s68.262343865
181_150,s-2.940814951,s4.429533260,s36.429778944
181_151,s-7.179295777,s5.786674171,s53.037236814
181_152,s1.329201769,s7.745224552,s232.945636353
181_153,s-5.463030123,s7.129423039,s37.081170961
181_154,s-4.625389135,s5.369322194,s51.843655481
181_155,s8.023054082,s4.983473189,s63.074845809
181_156,s-3.985478179,s1.897028085,s191.040942434
181_157,s0.941121807,s3.164485383,s8.922772380
181_158,s-2.753332515,s7.721711497,s350.610307786
181_159,s7.122969928,s6.143604582,s11.974333089
181_160,s5.795004115,s7.335275502,s202.235637667
181_161,s0.813319569,s6.134927344,s96.963929169
181_162,s4.957836666,s7.724819164,s121.246142173
181_163,s1.692676544,s5.415976136,s294.405088402
181_164,s7.118661398,s3.934620227,s1.053447633
181_165,s-5.047549585,s7.714451510,s359.780465087
181_166,s-1.060939581,s2.006448919,s218.933904145
181_167,s-6.044256507,s2.981264421,s155.116692639
181_168,s-8.116042095,s5.979111474,s98.061415072
181_169,s1.625252321,s4.750078985,s77.895605900
181_170,s-4.750165892,s6.916755837,s311.955954579
181_171,s-6.592128302,s7.263274418,s271.150441001
181_172,s-6.258698529,s4.865761951,s209.591139280
181_173,s-0.496451566,s2.530741237,s57.902052349
181_174,s-1.585088697,s5.369869039,s142.823254550
181_175,s0.186804564,s4.262816043,s274.198102019
181_176,s5.309965603,s6.290014946,s76.548363794
181_177,s8.116198238,s-1.767029329,s16.398100129
181_178,s2.602100237,s7.634405738,s177.417560231
181_179,s2.090930693,s2.832225561,s337.131049840
181_180,s-7.796767177,s5.689346200,s204.559052267
182_0,s-5.864035510,s-6.618748820,s267.920193495
182_1,s-8.009658667,s-4.708486313,s128.403572255
182_2,s-7.880666490,s-3.109588956,s303.652927166
182_3,s-7.850030542,s-6.635726644,s12.443571122
182_4,s-7.467965929,s-3.683833241,s222.066575671
182_5,s-2.526814870,s-6.738012267,s108.514310460
182_6,s7.809391004,s-1.352965028,s356.423083642
182_7,s-1.175240076,s0.566993519,s138.842817139
182_8,s-1.438162182,s-3.252337354,s347.600062898
182_9,s-4.100068975,s-6.140881179,s89.014721758
182_10,s3.138352705,s-5.234838005,s43.367250977
182_11,s3.692774652,s-3.511248317,s176.882955893
182_12,s0.769323242,s-0.452187963,s148.316814655
182_13,s7.840153799,s-7.907722631,s67.736624249
182_14,s5.994723720,s-3.952584599,s351.581469487
182_15,s-4.711778753,s-5.324742648,s122.232158296
182_16,s0.060129293,s6.345775881,s323.396925701
182_17,s-4.756633138,s4.460277242,s341.256275941
182_18,s-4.765755579,s-2.087929261,s251.912682182
182_19,s-2.250698811,s-1.166497448,s303.539713890
182_20,s-7.969061334,s-0.801921231,s161.237007310
182_21,s0.280169254,s-7.487330887,s24.735803218
182_22,s3.347594999,s0.543930983,s150.747277366
182_23,s4.684995023,s-5.849633304,s123.547218292
182_24,s5.837990031,s-3.073240256,s232.939120539
182_25,s3.844194334,s-4.936847442,s187.694409003
182_26,s5.323416487,s-0.620674793,s170.895493290
182_27,s1.142615552,s-2.499876522,s346.530721552
182_28,s3.922119282,s-6.890338377,s45.346774894
182_29,s6.009297704,s-7.984908333,s22.366209347
182_30,s-6.688851334,s-4.706780242,s194.734385712
182_31,s-7.553966212,s1.930556562,s321.283134016
182_32,s-2.188011044,s-7.322220672,s46.573293346
182_33,s-3.391135055,s-0.349563849,s198.119298683
182_34,s-0.445330694,s0.388915868,s34.070420203
182_35,s0.349108309,s2.473640220,s159.613438403
182_36,s1.140081253,s0.256595077,s314.822524349
182_37,s5.609871234,s-6.545604460,s60.452802959
182_38,s4.941398513,s4.020667626,s347.156182005
182_39,s0.148021519,s-1.809054443,s75.958002649
182_40,s7.037677858,s1.797489021,s9.733966583
182_41,s4.418123636,s-5.440963621,s309.813933212
182_42,s-5.372897735,s-7.147270200,s18.027343031
182_43,s4.777291074,s6.922253298,s208.947081914
182_44,s2.495703718,s-0.456339988,s146.351340001
182_45,s-6.266239580,s2.503710127,s193.343040509
182_46,s-5.494076060,s-5.625538197,s84.166979724
182_47,s-0.428280996,s-1.801370242,s208.278765641
182_48,s-6.093529112,s7.857686397,s333.240492961
182_49,s-2.802900950,s-0.062783324,s86.579884322
182_50,s-6.780498848,s4.951431551,s213.658527465
182_51,s0.954375240,s-8.094031749,s225.571336414
182_52,s-3.775148922,s3.100093060,s93.348303268
182_53,s-4.619007851,s-0.178185072,s183.295137481
182_54,s0.422861835,s-3.337247023,s122.830349080
182_55,s1.488953185,s-3.204253000,s80.767768173
182_56,s-2.347097106,s-1.740649852,s202.855984925
182_57,s5.513677980,s-4.846168139,s5.787816476
182_58,s1.122074336,s3.063648294,s66.259830276
182_59,s4.562793538,s7.820168674,s206.279502144
182_60,s-1.066573406,s7.972622345,s315.669979751
182_61,s-5.170954775,s-4.231310093,s19.942749086
182_62,s-7.181977869,s5.246782452,s253.153236878
182_63,s-2.388073162,s-3.160201943,s61.150368192
182_64,s-4.510460097,s-2.177150805,s42.305497321
182_65,s-4.185852857,s-2.959772452,s291.999911021
182_66,s-2.140120559,s-0.022331976,s93.657333949
182_67,s-6.969798623,s3.692248091,s230.823321106
182_68,s2.091640545,s5.527923760,s119.804093073
182_69,s0.244462508,s3.339614467,s343.749104209
182_70,s2.382468576,s4.041888942,s139.367057690
182_71,s0.588483123,s-4.386630095,s208.139533349
182_72,s0.095508055,s4.438027561,s239.933246509
182_73,s7.851609599,s-0.035649583,s281.122773698
182_74,s1.978883407,s-2.136670628,s88.778772793
182_75,s-8.121149907,s0.683104208,s261.771567998
182_76,s-2.340143991,s1.099410822,s199.077414757
182_77,s-7.175568859,s6.743446887,s179.547390839
182_78,s-2.197937354,s4.111049578,s283.027062703
182_79,s5.032230717,s0.130640406,s134.528171607
182_80,s3.208846399,s3.408649446,s7.106310421
182_81,s6.415010159,s6.321290301,s84.138869586
182_82,s-1.055961986,s5.677052758,s262.228197564
182_83,s-5.979008797,s-1.333005100,s57.241529110
182_84,s0.371872710,s0.836871168,s277.357708589
182_85,s-5.810199835,s5.016341722,s104.167082181
182_86,s3.789498605,s-2.644792982,s94.346187361
182_87,s7.165350428,s-2.425850959,s295.892559229
182_88,s0.127223062,s-2.958655590,s209.818389364
182_89,s7.622060714,s-3.408372215,s153.822871720
182_90,s-5.559037875,s-2.900430474,s269.690116985
182_91,s-8.045565209,s-2.432715287,s185.192792576
182_92,s-1.846190420,s2.463891580,s180.142844396
182_93,s-3.745101519,s7.686262036,s122.471330146
182_94,s-2.981005334,s7.951249983,s331.461692515
182_95,s7.643603426,s-3.950407361,s64.948284275
182_96,s-4.305629821,s-0.971641237,s12.228546255
182_97,s6.510760523,s6.943237213,s59.257004852
182_98,s-6.488898127,s-2.066653302,s303.281757592
182_99,s5.069388520,s1.900595186,s336.542163107
182_100,s4.893907617,s-2.639214652,s223.710146352
182_101,s-0.680546212,s3.204472731,s152.642857930
182_102,s2.203728771,s4.855570752,s148.764835946
182_103,s1.935239012,s6.552144028,s181.000974603
182_104,s2.469546764,s7.378935193,s72.791423365
182_105,s-4.171392368,s-4.138010478,s37.243855625
182_106,s-3.966540594,s6.425262104,s55.364658859
182_107,s5.691763498,s-4.081255796,s207.313872203
182_108,s0.210850531,s4.707204082,s73.175214586
182_109,s4.690143133,s4.978082384,s187.254656318
182_110,s-0.380599588,s7.236078863,s151.048317802
182_111,s-3.187088635,s6.252526017,s85.516324369
182_112,s7.691914739,s6.458739671,s88.024270201
182_113,s-1.715420566,s-0.348090581,s52.958697582
182_114,s7.979582696,s5.849649308,s216.175434243
182_115,s-1.820898240,s7.126438052,s45.841417004
182_116,s7.640855075,s-5.970579323,s261.595373143
182_117,s-1.628917299,s1.701529075,s94.005850208
182_118,s6.923556967,s6.546834517,s338.272580723
182_119,s4.568999038,s-0.941654307,s156.419309187
182_120,s-4.974532521,s6.538937935,s123.802046874
182_121,s-8.016625424,s4.862881208,s244.185969169
182_122,s-7.887550482,s1.374237228,s331.884807423
182_123,s-0.577638773,s4.254652299,s45.257155281
182_124,s5.268968422,s1.225706008,s304.883656331
182_125,s2.642450990,s7.923503775,s82.905232549
182_126,s-2.240797073,s5.238417817,s105.110424779
182_127,s1.130453484,s4.878061053,s236.191091902
182_128,s-5.791871854,s1.076451971,s43.712620955
182_129,s5.131405243,s-3.685463483,s38.084974510
182_130,s-4.571164907,s6.064021125,s103.911674931
182_131,s7.904411944,s3.304755806,s127.252778080
182_132,s5.370890455,s5.878766328,s103.640876529
182_133,s-3.036177716,s-7.557106563,s311.804020898
182_134,s-5.327955324,s5.093890155,s18.807169495
182_135,s-1.077207164,s6.870775687,s120.873724420
182_136,s-0.746893363,s1.532119225,s45.958360496
182_137,s-2.738032479,s2.459450736,s357.673688576
182_138,s-6.190858170,s-0.180569661,s227.752830961
182_139,s-7.868491039,s6.877416688,s219.518519444
182_140,s-1.663792665,s6.934282763,s34.293555758
182_141,s3.702392491,s7.568605626,s199.557257749
182_142,s0.792220553,s5.452022788,s255.756539072
182_143,s7.591810540,s4.035193105,s178.123227473
182_144,s4.211355232,s7.812490025,s319.674209957
182_145,s-0.409697996,s4.439244061,s294.660072545
182_146,s-6.486951457,s6.801781643,s51.430600747
182_147,s6.500793327,s0.233868371,s138.922332934
182_148,s7.822505757,s3.616586102,s270.497746089
182_149,s5.966425030,s2.785186397,s275.285874380
182_150,s-0.812130995,s3.846625241,s296.041874720
182_151,s-7.238638808,s7.441848987,s257.707794327
182_152,s-3.587382615,s1.269879313,s116.767039130
182_153,s-7.605214330,s-0.901961742,s153.458217100
182_154,s3.215876134,s-0.467275441,s230.387793703
182_155,s-4.571646538,s7.208848034,s105.244404586
182_156,s-1.026441281,s-5.560859026,s320.683497574
182_157,s6.855514871,s7.870834455,s58.329428183
182_158,s7.767781721,s5.454145687,s292.655811752
182_159,s-2.208019810,s-5.605810087,s79.449399690
182_160,s5.194414960,s3.516578523,s280.915557973
182_161,s6.674213136,s6.475354113,s122.823495744
182_162,s7.715591280,s7.951623429,s279.102627133
182_163,s6.720754794,s3.639277356,s70.520844183
182_164,s2.106744433,s5.601593722,s245.987025814
182_165,s-6.500214216,s5.560344552,s21.652121671
182_166,s0.873260404,s7.882291224,s179.791088672
182_167,s1.395269417,s1.768415594,s296.252634795
182_168,s-3.712303684,s0.589775353,s42.124843236
182_169,s-7.946252583,s2.754650388,s238.761292879
182_170,s3.948606301,s1.857453729,s228.885483510
182_171,s-1.475481446,s7.904374962,s178.048078398
182_172,s4.045186558,s6.784646027,s336.508724740
182_173,s0.177279724,s1.579304001,s263.385843290
182_174,s-3.378674751,s5.114740418,s3.268532321
182_175,s4.446531786,s6.072351982,s156.353223849
182_176,s3.542449658,s2.399730437,s100.880279554
182_177,s3.357331296,s7.797455717,s220.653151330
182_178,s0.536295114,s5.872022548,s185.786985564
182_179,s5.851912428,s7.865503054,s39.031838907
182_180,s-8.049515812,s7.680215793,s311.182637677
182_181,s-4.542803217,s2.927197398,s40.576690636
183_0,s-1.061890271,s0.557004404,s248.247561111
183_1,s-5.120880201,s-6.612617317,s145.621761035
183_2,s-7.450372388,s-0.239369593,s235.208090206
183_3,s-3.762424465,s-6.914878874,s134.199944005
183_4,s-3.677217265,s-0.753707550,s11.523463578
183_5,s-7.535859378,s-5.360359989,s10.554111380
183_6,s-2.597244324,s-5.547496696,s22.269974756
183_7,s-0.492858998,s-6.907915979,s118.471645952
183_8,s-1.567642113,s0.299382968,s341.562488908
183_9,s4.486952662,s-6.806283748,s8.528886909
183_10,s6.870922883,s-1.323708901,s333.974554737
183_11,s2.881246678,s-7.573727799,s165.712002330
183_12,s4.654652175,s-4.795104627,s164.508155388
183_13,s2.905320805,s2.820812516,s65.318648095
183_14,s7.598285112,s2.127028114,s36.862817200
183_15,s-5.356525549,s-1.161086711,s100.748090678
183_16,s-0.964899263,s5.551313384,s203.274250069
183_17,s-2.620297029,s-3.215218309,s156.097627638
183_18,s3.974397837,s-5.574219716,s199.024218934
183_19,s1.761306295,s-4.488219877,s268.723554464
183_20,s1.722275973,s2.933903139,s238.056176145
183_21,s-0.063743313,s1.085572499,s1.405180719
183_22,s3.752702693,s-6.593992564,s298.261142436
183_23,s-3.255787595,s-4.757186524,s299.010871034
183_24,s-0.996907666,s-0.007317463,s186.370564756
183_25,s6.600185072,s-4.160111408,s263.040948983
183_26,s7.484275219,s-0.323850661,s352.228914843
183_27,s3.208621278,s-3.252995183,s335.169602351
183_28,s5.775685773,s0.527058454,s264.844016899
183_29,s7.579398489,s4.886591491,s150.757460631
183_30,s0.483149186,s2.476469878,s297.952871962
183_31,s1.090517003,s-4.177703263,s82.707739196
183_32,s-6.401827447,s0.611673596,s271.873389901
183_33,s-2.023946007,s-6.921774344,s34.868135497
183_34,s2.438331639,s-5.367898874,s34.951723304
183_35,s1.268327023,s3.780138953,s164.802428983
183_36,s5.775982989,s-1.819281349,s86.847256256
183_37,s1.128999108,s-3.254166910,s10.983189236
183_38,s-7.414357466,s1.899178725,s239.375998624
183_39,s-1.422278916,s-2.365418153,s335.535360912
183_40,s3.802635483,s-4.255859730,s117.945365330
183_41,s1.705762507,s-7.688715610,s125.919346427
183_42,s6.709158109,s-7.323870401,s333.272738596
183_43,s7.141567518,s-5.110815204,s117.314459652
183_44,s6.434224060,s-4.591377804,s350.094627284
183_45,s-7.528382558,s-4.241382194,s162.879056151
183_46,s-5.714456052,s-2.858022377,s174.251029254
183_47,s-6.302177280,s4.193625810,s67.434666670
183_48,s-3.091897209,s-6.378886224,s151.868564809
183_49,s-7.623577297,s0.942796028,s325.132401648
183_50,s-2.413130153,s3.039955514,s241.983183183
183_51,s6.859278805,s4.770820247,s101.661473892
183_52,s0.486808557,s-6.954055888,s37.250640258
183_53,s-6.806986637,s-1.354105631,s169.057555626
183_54,s6.898995417,s0.873912822,s5.121689222
183_55,s2.447438976,s3.386780217,s80.171003196
183_56,s0.226292742,s7.147061599,s150.935205064
183_57,s6.571835432,s-3.045226943,s318.910102167
183_58,s-4.591315066,s-4.122963064,s105.446933962
183_59,s7.666176810,s-7.174810307,s185.609955192
183_60,s-7.423874717,s-3.342055048,s275.501852456
183_61,s-6.427042835,s4.778046078,s10.721186964
183_62,s5.790052503,s-6.312119443,s251.792703313
183_63,s-5.206438231,s-3.471335519,s267.964106017
183_64,s-5.387764929,s-5.470292870,s359.651478574
183_65,s-7.377459265,s-0.914386782,s44.320325294
183_66,s2.168270056,s-2.777193093,s92.153844416
183_67,s2.144764758,s-7.787682574,s58.921947451
183_68,s0.917954847,s6.290653946,s270.308450028
183_69,s-1.093904509,s-4.656628306,s356.400743902
183_70,s-0.982625865,s6.753069418,s185.033011609
183_71,s2.077722754,s6.562811266,s257.858470845
183_72,s7.666176810,s-1.773876551,s134.542098024
183_73,s4.275845352,s-3.305676385,s311.326098540
183_74,s4.812984503,s4.637594940,s198.063850032
183_75,s-4.617950400,s4.913425806,s80.649073731
183_76,s3.896645234,s5.352858179,s292.474863017
183_77,s-6.492130144,s5.505445199,s175.129581433
183_78,s-3.337887686,s4.368910551,s35.035769014
183_79,s-5.869750958,s5.193617541,s343.243491830
183_80,s-3.654406783,s3.406467080,s4.323415055
183_81,s-0.221746193,s4.951289271,s346.863991239
183_82,s-2.166053529,s-3.259420531,s13.268804121
183_83,s2.014777457,s1.297021806,s120.027189336
183_84,s3.690868763,s4.614243666,s37.965525218
183_85,s2.242031616,s5.523828363,s162.257959724
183_86,s-3.593613572,s1.197486742,s244.471990277
183_87,s-5.312453268,s-0.110360204,s89.242817768
183_88,s6.487850527,s3.359897594,s209.128877884
183_89,s-1.271812758,s2.745720013,s28.045376506
183_90,s-2.762969638,s3.574205449,s115.203255830
183_91,s-5.587910420,s0.207407984,s282.578575656
183_92,s-5.627808272,s0.188662745,s44.958815671
183_93,s-5.222142881,s6.669313959,s190.254231267
183_94,s3.841294736,s-2.279748350,s89.222272280
183_95,s2.690745945,s7.503818107,s322.402378693
183_96,s6.095165068,s4.835646060,s321.156350177
183_97,s1.668209865,s4.478027718,s12.896127216
183_98,s2.180236474,s-0.165760847,s343.581581525
183_99,s2.532920865,s5.724729459,s151.635126651
183_100,s-1.397478631,s2.375493032,s262.686528448
183_101,s-5.265565082,s6.071228757,s39.359679823
183_102,s5.019961283,s1.716109013,s323.605306538
183_103,s4.297144031,s-0.870201838,s26.975668102
183_104,s5.631629545,s-0.624152219,s358.985058297
183_105,s-4.247361021,s7.226413528,s18.304742112
183_106,s0.706398540,s-1.859473868,s2.291592419
183_107,s-6.805449168,s6.963348148,s164.661621400
183_108,s-2.841451576,s7.427156622,s342.367576423
183_109,s-5.686809701,s2.838084885,s43.762077967
183_110,s-3.926234136,s-3.333020669,s239.612362369
183_111,s7.432774508,s0.190898205,s267.955557171
183_112,s-3.165564665,s6.948408292,s349.103831566
183_113,s5.650740943,s5.915270103,s193.218182041
183_114,s2.144530877,s4.674494968,s168.764968944
183_115,s-1.929090885,s2.090158410,s96.821807716
183_116,s-3.053561000,s3.723257095,s312.262024247
183_117,s7.129874343,s5.403765410,s253.694304258
183_118,s7.070266587,s1.667680375,s49.114658675
183_119,s6.779852426,s7.103610690,s315.185498657
183_120,s-3.946795150,s4.424512532,s170.852571882
183_121,s-6.790845875,s-1.897827132,s213.447180543
183_122,s-5.915425598,s7.522806170,s322.920798044
183_123,s-5.074592701,s1.647900132,s302.580738769
183_124,s-6.998118122,s7.561304670,s10.069509814
183_125,s-4.532567052,s6.581983117,s323.520617605
183_126,s3.719667370,s3.869972321,s300.905473502
183_127,s7.647264781,s6.533510281,s247.697943511
183_128,s3.983459777,s-2.629535029,s155.915291352
183_129,s7.399987876,s7.552073415,s252.875402738
183_130,s0.505652720,s5.186500946,s154.324494585
183_131,s1.056009940,s-1.484914304,s229.423406580
183_132,s6.835129884,s-0.456288012,s108.786394769
183_133,s2.267745407,s-4.321972929,s105.596922699
183_134,s5.711914122,s5.562940214,s325.302745718
183_135,s-7.649646616,s-1.553252981,s13.943563078
183_136,s-7.464398580,s2.464938276,s214.836679784
183_137,s-6.348825310,s2.248460455,s232.805649506
183_138,s1.464977871,s7.342310298,s171.780287444
183_139,s1.728888426,s1.573617416,s19.372046227
183_140,s-2.115595201,s-0.964749358,s92.090737989
183_141,s5.999151960,s4.050792644,s318.927740727
183_142,s6.129363108,s2.224001530,s285.598759503
183_143,s0.284780845,s4.439360485,s220.232977234
183_144,s3.025111657,s6.857180020,s336.952179528
183_145,s-7.293653649,s6.304389653,s12.653243584
183_146,s3.973874068,s2.557974296,s275.555419078
183_147,s5.373380397,s7.124301273,s72.152356756
183_148,s5.373689741,s7.454916880,s293.042735658
183_149,s6.028102301,s7.557657925,s87.172506022
183_150,s-4.807303615,s2.116170324,s305.396573777
183_151,s-1.583287750,s4.382821291,s41.375440848
183_152,s-6.278823352,s5.645164882,s252.277590879
183_153,s-2.855222795,s-4.697850175,s334.194554854
183_154,s-0.277888723,s1.660998975,s133.273576966
183_155,s0.719303645,s7.534109912,s138.514158986
183_156,s-2.174712014,s4.028261887,s210.590930473
183_157,s-6.713989445,s3.605195460,s269.559306360
183_158,s1.638763907,s5.561933331,s307.630810641
183_159,s4.767308477,s5.748613016,s74.046771823
183_160,s-1.575901829,s6.481314955,s61.500565279
183_161,s-3.328406857,s2.794742915,s339.871527057
183_162,s6.860313152,s2.442262115,s66.548982758
183_163,s5.292261827,s2.845988247,s185.039643167
183_164,s1.900138201,s1.860503130,s241.462681230
183_165,s-7.682810434,s6.913178436,s240.956493031
183_166,s-0.881385388,s-0.924918569,s32.892317116
183_167,s-5.101006016,s5.556613347,s254.613237004
183_168,s-1.356906936,s5.584246293,s3.508233740
183_169,s-7.073488025,s4.285799256,s297.261441361
183_170,s-3.181011330,s7.017122103,s351.884257166
183_171,s-4.399628992,s2.739385988,s303.208859277
183_172,s3.124883936,s4.021618492,s121.056154558
183_173,s-1.470865335,s0.726139026,s336.766615090
183_174,s-4.455010005,s0.494411169,s141.510894327
183_175,s3.603982455,s0.381086543,s206.105381442
183_176,s5.841500941,s7.220688522,s167.860124673
183_177,s-6.680364242,s0.875026539,s128.196550687
183_178,s3.799489661,s7.452279439,s353.588224719
183_179,s6.223160238,s6.282458779,s321.891850084
183_180,s-7.608170349,s5.063434188,s103.077692409
183_181,s-2.271265849,s6.924983781,s100.308200133
183_182,s-5.284421258,s7.531462464,s130.674900087
184_0,s-5.899893980,s4.193463681,s164.333947849
184_1,s-5.298187938,s-5.458621095,s205.580643129
184_2,s-3.794295184,s-6.039820106,s198.590879670
184_3,s-4.403690027,s2.416725017,s284.230625970
184_4,s-5.434036708,s-4.453396763,s34.384529248
184_5,s-0.025735286,s-2.252279109,s12.915403283
184_6,s1.282469544,s-2.858543203,s136.887983240
184_7,s-1.218128962,s-1.369970410,s312.915765304
184_8,s7.670052408,s-3.006813090,s31.114400353
184_9,s4.117606866,s-7.826521497,s269.456019692
184_10,s3.021968498,s-0.601238254,s326.003257404
184_11,s1.345387401,s-5.300142044,s236.445572283
184_12,s2.403937645,s-5.743908184,s231.405043961
184_13,s2.712299372,s-1.622181154,s5.058182328
184_14,s3.511277488,s-5.766739136,s208.237334888
184_15,s-7.654861282,s-4.368995861,s95.306633832
184_16,s-4.067873389,s-7.135718938,s329.636949390
184_17,s-2.601430926,s-5.026481592,s291.754641595
184_18,s-0.072826860,s-5.600487087,s343.958809742
184_19,s-1.710213237,s-3.330514485,s183.579287309
184_20,s7.849035405,s-1.399105970,s57.797073098
184_21,s-5.694971949,s-6.429338855,s261.799989411
184_22,s4.708254300,s-5.824863721,s46.331785284
184_23,s-0.523138470,s-1.578083100,s190.104179542
184_24,s7.514429048,s-7.806492896,s34.503984147
184_25,s2.256903140,s4.932966033,s233.390224545
184_26,s-1.386809490,s3.601796165,s80.622975755
184_27,s3.246030289,s-1.415186509,s263.603117701
184_28,s4.464273255,s-4.325193779,s219.086379329
184_29,s0.869595514,s-4.711206375,s76.066159066
184_30,s-4.378785764,s-2.783782858,s22.415160671
184_31,s-3.558554019,s-6.310630550,s231.066079739
184_32,s-0.753032716,s-6.594923143,s357.596662606
184_33,s-3.053712596,s-7.535818125,s90.523394161
184_34,s-7.129062842,s-1.331322764,s55.034995997
184_35,s-7.710696426,s-6.108539568,s157.816682199
184_36,s-5.233744585,s-3.532451807,s236.255693954
184_37,s3.750686220,s-6.798712907,s289.334721143
184_38,s-7.281180586,s3.189652992,s188.030708499
184_39,s0.365672394,s-6.211260900,s251.472133732
184_40,s-0.860645528,s-3.569382409,s312.586076885
184_41,s4.366965276,s5.822512918,s352.380146766
184_42,s-0.402169350,s-4.303474281,s267.855280612
184_43,s4.899960238,s0.706213868,s100.223527758
184_44,s7.075391029,s-2.473771518,s213.672107527
184_45,s6.875764477,s-1.311598933,s152.788131935
184_46,s-4.736508132,s-1.382170375,s252.095562146
184_47,s1.702944606,s-0.857157343,s54.867430736
184_48,s5.739082273,s-4.548291019,s115.786466310
184_49,s-7.060185906,s-0.410380091,s311.396856561
184_50,s-6.321507080,s1.393937497,s120.465654970
184_51,s2.738408646,s-3.769757053,s267.877164336
184_52,s-4.462036482,s7.335135862,s3.874921346
184_53,s7.271448706,s7.784112564,s57.843374357
184_54,s-1.909668785,s-6.468063343,s276.369036165
184_55,s0.962942719,s7.276276575,s101.177855099
184_56,s-2.069658752,s-4.540617970,s346.262036503
184_57,s1.817529271,s-0.683345296,s146.632265130
184_58,s7.387793045,s-6.430048514,s86.854988077
184_59,s7.352947666,s-3.728313737,s4.711536146
184_60,s-6.306540234,s6.051997875,s244.737359451
184_61,s-3.870880673,s-1.837705780,s340.571403593
184_62,s-6.555924379,s0.386506375,s8.300851401
184_63,s-6.877923421,s-2.124388097,s216.517716063
184_64,s-6.529696338,s-3.528657816,s350.750466968
184_65,s-7.316844513,s0.453418042,s23.667306340
184_66,s-1.064196974,s-0.048041676,s255.587290767
184_67,s-7.702007340,s5.981036187,s95.799491693
184_68,s1.878943632,s2.362639833,s43.576724799
184_69,s-3.487959183,s-0.957807520,s7.417745860
184_70,s-0.289890630,s5.317666837,s148.062023043
184_71,s1.218644459,s4.273267024,s168.048243919
184_72,s-0.798734853,s2.058198558,s277.981212871
184_73,s7.514267287,s0.365913182,s4.546720207
184_74,s6.485875080,s-4.781639186,s58.215647926
184_75,s-0.021484546,s2.973751337,s321.839061495
184_76,s-7.780998698,s-3.221414525,s161.154364853
184_77,s-1.558133115,s7.162158235,s259.987257424
184_78,s-5.458053381,s2.613349209,s26.001081495
184_79,s7.445755437,s4.973987095,s236.860286875
184_80,s-3.851065346,s5.352845757,s54.352434695
184_81,s-0.142435726,s2.433310619,s60.042361843
184_82,s6.974888918,s1.781542800,s25.154858339
184_83,s-6.705416432,s3.218421928,s65.078188679
184_84,s3.070704143,s6.623854570,s164.993170590
184_85,s4.678632831,s1.216296633,s152.583920978
184_86,s6.667876807,s-0.474357360,s183.992611747
184_87,s7.252957814,s4.095164653,s214.233170931
184_88,s2.655168828,s-2.829748563,s32.687653484
184_89,s7.087242026,s5.413269528,s0.316739263
184_90,s-2.220672494,s-3.601200842,s89.677749720
184_91,s-5.029415606,s7.307541603,s352.410473400
184_92,s-0.222183689,s0.921974020,s50.988880660
184_93,s-0.188103968,s5.905054511,s91.132661189
184_94,s5.522773197,s1.512617442,s57.194173641
184_95,s1.547639202,s5.192656198,s298.651469143
184_96,s-7.011609917,s-2.299037022,s348.277941306
184_97,s4.000026549,s-2.917454132,s169.701298270
184_98,s-3.098257333,s6.265121631,s83.502199427
184_99,s1.686964600,s5.445045874,s6.829689641
184_100,s4.916789495,s2.213089206,s117.953801943
184_101,s4.559346753,s6.606958286,s192.385907433
184_102,s6.084006838,s3.978979405,s103.793550137
184_103,s3.523354440,s-0.673796123,s325.188042475
184_104,s4.072230792,s5.133534690,s346.381840503
184_105,s-7.709175738,s2.179500072,s60.290952369
184_106,s1.373829934,s-0.761307856,s193.267393777
184_107,s3.546718982,s1.551977984,s151.361948149
184_108,s-3.911264843,s7.669082785,s62.563010072
184_109,s-7.095864838,s6.775476219,s232.863173493
184_110,s-4.434281583,s3.284118331,s56.520120592
184_111,s7.856627716,s-0.551278768,s3.442995728
184_112,s4.070863124,s2.835506953,s240.296962854
184_113,s4.142733746,s7.599490939,s142.468137533
184_114,s7.935782084,s1.938362250,s57.589991990
184_115,s-4.645238644,s0.734908835,s109.114920057
184_116,s3.278954939,s4.195467345,s232.186490308
184_117,s5.776865828,s7.141110094,s178.738080126
184_118,s-2.704249051,s6.981027217,s33.326238194
184_119,s7.972146860,s7.446126501,s94.719575502
184_120,s-7.685558062,s4.931993756,s275.696305696
184_121,s-0.030176125,s-0.257614004,s19.366719857
184_122,s-6.766645831,s-3.846163412,s107.367289346
184_123,s-1.857178430,s4.264744928,s37.147560066
184_124,s-4.760341712,s5.676492742,s122.296265521
184_125,s3.196587236,s0.688726423,s12.880106561
184_126,s-1.765489665,s-0.788463987,s75.360608144
184_127,s-1.843873881,s6.699035585,s116.239377421
184_128,s7.120888189,s7.511148551,s353.343946450
184_129,s1.577324136,s2.330847140,s321.997449230
184_130,s7.877949551,s5.640390752,s230.800847791
184_131,s5.120320888,s5.875604531,s60.306749410
184_132,s5.852652846,s0.564964280,s131.147393479
184_133,s0.171234056,s1.637040786,s200.856877181
184_134,s5.690068212,s-7.875757336,s212.199236145
184_135,s-7.015061833,s7.642811866,s119.548335609
184_136,s-5.329753210,s1.134354340,s336.037669372
184_137,s-4.900804745,s4.907216163,s345.098659519
184_138,s1.354657765,s0.038073100,s166.211473557
184_139,s3.983443276,s7.281149124,s13.568009574
184_140,s-7.771843430,s1.499557233,s276.314416589
184_141,s-6.277461190,s7.445452659,s226.677663243
184_142,s6.190303460,s2.563708816,s94.362358135
184_143,s5.200635735,s3.669067151,s270.579225649
184_144,s2.591389809,s7.700526087,s135.190859928
184_145,s-4.133757102,s3.609175463,s128.724815400
184_146,s4.483945553,s-0.764519369,s145.164637628
184_147,s1.591020961,s7.332369520,s86.418755809
184_148,s7.393699342,s3.355671859,s89.562230295
184_149,s6.486854945,s6.518988607,s74.982164673
184_150,s-7.736441884,s7.254729777,s122.414611204
184_151,s-5.197980109,s6.440566773,s336.933953408
184_152,s-3.209253470,s4.052024012,s116.551067716
184_153,s-6.529248527,s1.970306116,s162.805354905
184_154,s-0.399941547,s7.295944492,s308.407292024
184_155,s2.077731894,s0.574471519,s162.754449597
184_156,s-4.033367566,s-4.600019599,s98.067266603
184_157,s7.188414547,s6.553362017,s281.692549994
184_158,s4.251627836,s1.823937628,s349.440083805
184_159,s-3.265310855,s0.280991191,s2.574722833
184_160,s-6.086471363,s4.658517486,s85.286617520
184_161,s2.674556731,s7.120000302,s161.718480034
184_162,s6.166631394,s3.291778844,s54.679329690
184_163,s-1.122464605,s6.076940143,s71.166442598
184_164,s7.873040191,s1.138402612,s158.884503669
184_165,s-0.486614281,s6.656300857,s315.779806012
184_166,s-3.442494749,s6.916650335,s331.422880162
184_167,s-4.578446232,s6.801231524,s20.721176986
184_168,s-6.863337542,s6.289403682,s350.742026790
184_169,s-5.863331484,s7.740456598,s331.500568537
184_170,s-0.012546677,s3.522462717,s103.613939321
184_171,s0.649094622,s6.296254962,s170.754644960
184_172,s5.854985091,s4.992793467,s43.972354386
184_173,s-3.698895800,s6.048258095,s23.721879495
184_174,s5.791722543,s4.300353555,s38.170094119
184_175,s-3.490642877,s-3.441192840,s334.636434018
184_176,s4.554224787,s3.322114294,s63.167530481
184_177,s1.783941165,s7.784112564,s172.306863093
184_178,s5.751282742,s6.466501185,s12.128111939
184_179,s-1.996288907,s7.517779092,s92.786922637
184_180,s-7.209980237,s2.589591759,s74.508090596
184_181,s-7.795886572,s0.410668771,s191.441622848
184_182,s-1.386382095,s7.762335091,s351.106746971
184_183,s2.466318935,s3.253403195,s157.351596612
185_0,s-8.333443882,s-0.881774759,s123.954812724
185_1,s-4.598089499,s-6.050827262,s215.481254045
185_2,s-7.019394464,s-7.593216112,s13.020256217
185_3,s-8.237433626,s4.941125733,s0.478872940
185_4,s-4.717496864,s4.073111409,s247.381987619
185_5,s-8.088288418,s-4.063184930,s43.605457998
185_6,s1.185439322,s-8.204195500,s267.336538892
185_7,s-6.064167067,s-4.874343201,s284.991248103
185_8,s-0.987329152,s-6.371269277,s93.165687837
185_9,s2.035999807,s-7.822286521,s214.545095167
185_10,s2.609456263,s-2.104582271,s99.900037506
185_11,s7.453663652,s-4.955818171,s297.182891504
185_12,s3.240715079,s-1.195331461,s157.950396801
185_13,s8.723241820,s-6.005924400,s156.419558318
185_14,s6.056407279,s-0.786539812,s144.854667717
185_15,s-8.495626002,s-8.700566777,s105.626981247
185_16,s-3.238041645,s-6.580641362,s133.018217502
185_17,s-2.904465920,s-4.504294811,s257.425052691
185_18,s-6.516189166,s0.304619314,s304.284638778
185_19,s-5.958252228,s-8.100052423,s126.930986854
185_20,s-7.577456809,s-1.672276377,s25.565218001
185_21,s-5.612738212,s-1.423703809,s254.022952906
185_22,s0.237631819,s3.042288833,s350.522969255
185_23,s-5.005017208,s0.095998030,s258.078727870
185_24,s5.691407029,s-3.071620990,s143.298786469
185_25,s1.116515882,s-0.045102145,s153.284850298
185_26,s8.741110489,s-2.144002306,s352.512394320
185_27,s6.937422490,s-8.341767923,s225.701658160
185_28,s7.489333178,s1.635391542,s79.580875320
185_29,s8.599731178,s-7.632357935,s236.398251520
185_30,s-8.393219619,s-5.478141307,s130.098105060
185_31,s-6.288578392,s-0.644693661,s210.435425382
185_32,s-4.901339367,s-0.950452293,s111.819799129
185_33,s-8.253715300,s-1.365052270,s27.661976078
185_34,s0.101321920,s-0.115216854,s173.969536941
185_35,s-1.291581595,s-3.547698524,s130.043929928
185_36,s-2.001851389,s0.256977916,s117.880641169
185_37,s4.446188968,s3.368248975,s259.389978353
185_38,s5.223318144,s-5.177928046,s207.680808398
185_39,s8.645683617,s-3.692185222,s57.228810122
185_40,s1.922985310,s1.573390629,s352.829882286
185_41,s4.486874345,s2.374699181,s347.346749706
185_42,s-2.725273542,s-2.698941378,s105.970088823
185_43,s0.713089336,s-1.358876098,s120.226510985
185_44,s7.889072399,s-5.636166649,s87.253625124
185_45,s-2.978371264,s3.015263295,s204.941158078
185_46,s-5.064086001,s8.120666964,s277.740224593
185_47,s-5.690019608,s-6.669299559,s82.248578435
185_48,s-6.654936157,s7.090998264,s66.345169353
185_49,s-3.737738941,s-4.839326606,s237.967694536
185_50,s8.446152452,s7.508942521,s289.957362654
185_51,s-1.707374065,s3.393678193,s326.871945034
185_52,s6.651835238,s5.045713500,s355.477015670
185_53,s3.063275633,s-0.073867167,s319.622092838
185_54,s2.551554458,s-4.517525580,s269.078056949
185_55,s-0.976424289,s-2.471243443,s97.942527795
185_56,s-1.051327055,s0.584123013,s41.021356185
185_57,s7.321186696,s-1.924090212,s192.409398111
185_58,s3.288919988,s0.038870354,s206.196998523
185_59,s7.789793089,s2.411222422,s173.668843735
185_60,s-8.507578119,s8.094102127,s113.834282359
185_61,s-5.860290309,s4.018446529,s92.848904631
185_62,s-7.035180693,s4.018773861,s357.253631434
185_63,s-6.327700851,s-3.968963814,s112.203442096
185_64,s-1.857336297,s-5.336985697,s347.739368099
185_65,s5.933870678,s6.959469810,s36.186396592
185_66,s-1.986943965,s2.388651195,s136.054860721
185_67,s1.985981498,s-0.451480376,s199.784112731
185_68,s-0.023408396,s-0.370112182,s93.774039433
185_69,s7.036859411,s-0.056165364,s200.353575423
185_70,s4.775370023,s0.986279549,s239.874242572
185_71,s-0.984734807,s4.266606280,s145.019708490
185_72,s4.003351783,s-1.917140322,s350.630692074
185_73,s3.440408351,s-6.195526797,s352.333253512
185_74,s5.319521299,s4.770258249,s175.205277802
185_75,s-7.796211847,s-2.544298085,s297.285199253
185_76,s-4.247074421,s0.786990721,s154.999659640
185_77,s-2.209023011,s-0.443512086,s351.623533125
185_78,s-2.944950762,s6.553437627,s130.943016087
185_79,s6.857409723,s7.308905490,s4.034450153
185_80,s0.578640926,s0.980970413,s66.967545159
185_81,s-7.576413030,s1.592666251,s118.518176127
185_82,s-8.240785597,s5.570617129,s219.169691510
185_83,s7.620692666,s-0.234673684,s244.792127692
185_84,s-3.567199010,s0.727676546,s244.201650212
185_85,s4.848016000,s3.692923736,s56.638120643
185_86,s1.241040572,s-5.121237261,s252.266915469
185_87,s4.086540094,s-6.747619273,s242.757160235
185_88,s4.349412855,s-3.722357061,s193.837677485
185_89,s7.109873394,s8.201717937,s122.768606140
185_90,s-8.403489040,s6.501945633,s265.419286139
185_91,s3.733871417,s1.866254162,s328.352930661
185_92,s-2.424901102,s-5.404666146,s178.131369494
185_93,s-1.722098138,s-4.616627833,s106.921074583
185_94,s0.592574108,s3.102680494,s12.658396818
185_95,s-7.047644771,s-0.603398494,s134.509636753
185_96,s3.832118081,s6.146256589,s358.199871515
185_97,s6.476063966,s2.733519240,s199.641018346
185_98,s1.946241137,s8.241331816,s215.369583172
185_99,s5.022063825,s8.113849586,s149.148578851
185_100,s-5.154841426,s1.927777689,s318.103473494
185_101,s7.230975884,s1.526375316,s247.424987348
185_102,s2.369041769,s3.155600327,s276.405007535
185_103,s7.557234235,s5.342101907,s339.112390730
185_104,s7.675991069,s6.828786099,s56.381034141
185_105,s-8.173135089,s1.810219609,s41.195491451
185_106,s-4.784853802,s-2.634924404,s49.442825543
185_107,s-7.100819001,s5.426748283,s256.078539967
185_108,s3.609888028,s-7.785643664,s144.793141411
185_109,s-3.564958946,s2.279867119,s253.952958557
185_110,s0.190544553,s-2.481083245,s206.837539770
185_111,s-0.042653747,s3.687151552,s22.665209366
185_112,s2.443731470,s1.983042722,s359.543227221
185_113,s3.899277438,s8.241331816,s57.119991350
185_114,s-0.258084892,s-8.538539332,s242.580066840
185_115,s3.852804931,s0.508142876,s305.885489021
185_116,s4.115023087,s-0.655181186,s281.223504732
185_117,s2.729478256,s6.650280709,s115.861176040
185_118,s7.624522259,s-2.740550560,s166.337407570
185_119,s8.384495238,s8.157759206,s302.049720753
185_120,s-0.409502938,s7.499266514,s347.405053111
185_121,s-8.449387989,s0.298016918,s16.365389574
185_122,s-5.797776406,s0.678480077,s224.943805684
185_123,s-4.210641658,s7.343843420,s177.318298892
185_124,s-2.392086474,s5.627136931,s270.914503689
185_125,s-2.270991713,s4.041911998,s231.679526965
185_126,s1.196999686,s5.000676330,s138.831125474
185_127,s-4.878590482,s2.859121043,s216.887101917
185_128,s6.659272596,s6.324446744,s294.568928921
185_129,s-1.603436793,s4.778409375,s209.059499759
185_130,s8.689942959,s4.755199581,s339.832473383
185_131,s0.972349952,s6.134931305,s292.714660243
185_132,s7.404604820,s7.877619316,s152.258271489
185_133,s7.667792907,s5.783228638,s24.729031013
185_134,s8.293839310,s6.423080635,s291.245170022
185_135,s0.324601834,s1.257573837,s152.688416174
185_136,s-6.184254590,s5.420860396,s223.677196392
185_137,s-0.760340273,s-1.183085684,s341.018210925
185_138,s5.607879210,s5.491021749,s320.919652377
185_139,s-4.626666820,s5.201247614,s108.588981663
185_140,s-5.804533447,s0.240520336,s219.163530106
185_141,s2.894964320,s7.642225451,s6.201901956
185_142,s-1.542726765,s7.658047317,s36.751706220
185_143,s-0.115541369,s-3.622317054,s351.184507209
185_144,s6.761728950,s1.982777214,s188.508930451
185_145,s-5.296562752,s5.226749418,s288.063425411
185_146,s1.972959378,s-1.132133214,s356.317714668
185_147,s3.001128369,s4.611222102,s167.240741786
185_148,s-0.156277178,s6.286165749,s326.999980902
185_149,s5.409729886,s6.422744066,s294.941661592
185_150,s-7.930245124,s8.021576529,s249.034736929
185_151,s-4.149190073,s6.083507171,s306.250945547
185_152,s-6.114292339,s2.492363086,s36.413517120
185_153,s-5.815907944,s7.572801949,s333.344672701
185_154,s-8.408486510,s3.640191496,s298.722344911
185_155,s1.669046490,s3.415579830,s156.774303782
185_156,s-5.470139166,s2.239437169,s171.569423380
185_157,s-1.262907249,s8.133626750,s231.779198974
185_158,s-2.866615798,s8.075457091,s272.170044097
185_159,s8.648682018,s7.198445340,s29.017104243
185_160,s8.385745533,s2.670824385,s354.337104886
185_161,s-0.374472690,s3.033021105,s80.412979390
185_162,s-3.359033058,s3.066275452,s253.728964728
185_163,s-4.952874440,s8.241331816,s5.514522096
185_164,s-1.179292371,s7.840062552,s331.815187388
185_165,s0.602414160,s8.123054913,s150.008543483
185_166,s-0.992070142,s5.656356380,s176.216186618
185_167,s-3.287047186,s5.950861893,s253.757230170
185_168,s6.599592551,s5.300689626,s78.746618987
185_169,s-7.319416989,s7.433144314,s181.185478910
185_170,s-7.226567462,s-6.433051528,s40.611212001
185_171,s-4.002341623,s4.978869739,s61.065465953
185_172,s-5.855723952,s4.735657371,s128.709835745
185_173,s0.701277148,s6.744891767,s27.619085978
185_174,s8.132918127,s3.587220185,s96.297245265
185_175,s5.527399435,s-0.609147789,s78.923593562
185_176,s8.666064637,s5.428908065,s43.582030506
185_177,s5.357684829,s7.788638990,s91.741226544
185_178,s5.921016614,s7.469327146,s101.651799164
185_179,s6.653536335,s7.536528629,s208.660030041
185_180,s1.041228416,s7.734268768,s157.724080796
185_181,s-6.818268207,s8.112723838,s93.998759307
185_182,s-5.590458094,s6.862457167,s212.784427780
185_183,s5.881489260,s4.110041431,s142.599566596
185_184,s0.818210992,s2.660465079,s260.509379583
186_0,s-3.766002295,s-7.866247405,s212.838609669
186_1,s-2.591772973,s-5.803012215,s212.268990382
186_2,s-3.497147593,s-5.661492800,s348.718638531
186_3,s0.810146880,s0.605876035,s100.575705584
186_4,s-5.234413458,s-1.404255325,s52.131519071
186_5,s-4.099114437,s-4.042337925,s112.480064242
186_6,s2.594265512,s0.934452219,s127.866018784
186_7,s-4.008083561,s-2.056334796,s74.973863624
186_8,s-1.301782541,s-0.625845528,s219.530426979
186_9,s-2.087923452,s-6.376827502,s129.538995737
186_10,s-2.836919740,s-2.091186623,s196.823685502
186_11,s-0.983157073,s-0.316631821,s354.043632013
186_12,s7.020511675,s-4.931256567,s281.992655913
186_13,s3.577233080,s-1.002575162,s14.749358166
186_14,s4.768041285,s-5.064155906,s205.359082658
186_15,s-7.480252441,s-0.883074882,s66.015248715
186_16,s4.183674762,s-0.031581861,s232.251182312
186_17,s-2.933908440,s-4.149815907,s282.369822395
186_18,s-6.707233764,s-2.216002775,s145.747254299
186_19,s-1.722423656,s3.579610751,s340.040636702
186_20,s-4.812149731,s-7.279562083,s275.438490254
186_21,s-7.444608238,s1.860640548,s351.967227424
186_22,s5.301656454,s-2.069170400,s62.123872978
186_23,s7.796590207,s0.088202307,s205.499866002
186_24,s4.262038503,s-7.494202706,s291.501245705
186_25,s4.218869178,s0.154562273,s109.999742924
186_26,s1.812259850,s-4.957896935,s4.169573653
186_27,s5.692182907,s-7.709781072,s205.052093652
186_28,s5.845931845,s-0.061424545,s170.114375474
186_29,s7.043499168,s-5.501668208,s345.822107765
186_30,s-7.998082196,s-0.134018582,s253.929862422
186_31,s-1.073663034,s6.350928367,s258.696634568
186_32,s2.928486105,s1.907150202,s228.051736702
186_33,s-7.251666245,s-8.011752115,s223.839660421
186_34,s0.574668707,s1.006795019,s331.414595777
186_35,s-5.996249562,s-0.509864210,s306.374022478
186_36,s-3.138856687,s2.589117578,s45.467406774
186_37,s-2.846681579,s-4.633336523,s266.086865645
186_38,s-1.409948991,s-5.202940541,s180.820305877
186_39,s1.263926547,s-7.670186189,s102.404855384
186_40,s-3.071400278,s7.796685437,s8.063058965
186_41,s1.705804143,s-6.194954297,s17.911380302
186_42,s6.159070414,s-0.921819444,s232.057982535
186_43,s7.559677268,s3.802083200,s233.409217736
186_44,s5.592560938,s-5.265873833,s156.791730230
186_45,s-6.446298152,s-5.608643953,s77.223439592
186_46,s-3.377553448,s-0.686776243,s333.585794364
186_47,s-2.594361540,s-6.894705047,s276.218771220
186_48,s2.646620272,s-2.750935714,s114.309209147
186_49,s-4.140445036,s-1.073321500,s121.777339443
186_50,s1.482013740,s2.467843351,s124.700102216
186_51,s6.139364924,s2.088586943,s320.670862148
186_52,s-1.168789223,s0.743340921,s150.468753450
186_53,s4.626904918,s-2.929293843,s244.625871336
186_54,s0.901107509,s-4.665558939,s109.216607580
186_55,s7.129101018,s2.115529979,s263.530682172
186_56,s-5.775828756,s-5.413834960,s30.384800118
186_57,s7.387108133,s-7.697188100,s161.020703812
186_58,s7.683111022,s-2.748268744,s246.123077209
186_59,s7.700434801,s-6.841836221,s29.327330100
186_60,s-5.208410924,s5.309740739,s167.825344772
186_61,s-7.944991903,s5.376708247,s271.414033644
186_62,s-7.476786462,s-6.113891637,s112.758384478
186_63,s2.901882471,s7.020293752,s232.642069995
186_64,s-8.085973991,s2.276087909,s324.497988204
186_65,s1.006950651,s3.391312526,s288.401041060
186_66,s0.199478943,s-1.714823413,s75.243565325
186_67,s5.199110696,s5.272360567,s231.591948724
186_68,s-0.236584072,s7.113470365,s270.992603205
186_69,s1.124756382,s6.830199753,s198.582679829
186_70,s5.078498968,s-1.960471615,s46.683934495
186_71,s0.295114510,s3.779415042,s53.376051347
186_72,s5.713544019,s-3.263266177,s353.077854979
186_73,s4.560902136,s2.524514262,s174.061380172
186_74,s2.996222476,s2.668796831,s312.923214223
186_75,s-2.601328080,s7.349291055,s123.428201775
186_76,s-7.076184051,s-1.553607976,s309.790087160
186_77,s-4.189589498,s-5.955464654,s272.560017037
186_78,s-5.059331716,s3.298468698,s86.159605784
186_79,s-7.562721562,s-3.820734346,s210.490343939
186_80,s1.152229740,s1.947480255,s139.270809977
186_81,s6.246183399,s3.817572672,s66.599257317
186_82,s-2.874786153,s6.365191196,s163.633390979
186_83,s5.930592373,s1.207743980,s35.318855627
186_84,s3.761021943,s6.334298154,s276.729648240
186_85,s7.535906470,s-0.484202160,s140.962157496
186_86,s-1.563351099,s3.259188711,s123.243561295
186_87,s7.050824776,s-0.147800424,s296.285426554
186_88,s4.021175081,s5.958395764,s341.932404842
186_89,s6.746417236,s1.917596235,s342.012933015
186_90,s-1.081683800,s-3.470888229,s31.438981594
186_91,s-8.111736600,s3.463240713,s171.558202008
186_92,s-7.772427745,s3.352851411,s323.974320834
186_93,s-3.591885421,s5.505507635,s340.498413717
186_94,s-2.243521797,s5.470101370,s269.141513318
186_95,s-0.511387483,s4.136594817,s46.921238848
186_96,s7.281719521,s7.807549616,s253.230916154
186_97,s1.818273355,s4.410812626,s6.458000022
186_98,s-1.634797598,s5.471365303,s300.186117365
186_99,s3.466694334,s0.723592201,s90.409360081
186_100,s2.774998222,s7.826772147,s214.664453277
186_101,s3.830837769,s7.189263240,s264.504871687
186_102,s0.508253612,s-3.358143569,s32.819481145
186_103,s3.132581643,s5.302090933,s115.673839129
186_104,s5.806585908,s4.687840727,s60.930250549
186_105,s-4.923600156,s2.681048122,s327.510942772
186_106,s-5.824163661,s-3.106509753,s170.612098456
186_107,s-3.282874736,s6.709310647,s314.253598735
186_108,s0.961321109,s4.555016501,s27.144958972
186_109,s2.684225212,s1.175908762,s32.710987556
186_110,s-1.560640909,s7.777641163,s176.484592848
186_111,s-7.774101944,s1.711473805,s172.576437871
186_112,s0.119489203,s7.703853903,s124.910774280
186_113,s6.316540972,s4.472096236,s11.404258344
186_114,s7.514192686,s0.776058919,s335.079872116
186_115,s-5.094999713,s4.629428260,s300.808780811
186_116,s2.133603530,s-4.670667973,s153.815663880
186_117,s-2.494194080,s2.161198565,s309.953092555
186_118,s7.784703264,s-3.115515300,s302.695673226
186_119,s6.857449637,s7.566082319,s230.059363524
186_120,s-6.832713058,s-2.972855494,s82.430227799
186_121,s-8.032724235,s6.692404359,s155.768306098
186_122,s-7.355639753,s2.686134834,s276.101740226
186_123,s-6.792526208,s7.615844155,s129.212168674
186_124,s0.172519215,s6.099636712,s270.492854633
186_125,s-5.686208904,s6.158624624,s97.866619286
186_126,s-2.612861889,s3.236440113,s144.224537572
186_127,s3.708150805,s0.953600998,s276.179850109
186_128,s-6.032312999,s7.770362696,s223.918392045
186_129,s-6.412433089,s-5.104107379,s197.074486394
186_130,s0.099152989,s-0.773987641,s90.325556424
186_131,s7.395783057,s3.207678999,s268.860549441
186_132,s0.075953554,s5.449017943,s53.296342226
186_133,s-3.529336629,s0.576063324,s121.816381876
186_134,s4.252751933,s5.288562009,s211.907031630
186_135,s-5.746086677,s1.787385145,s49.583677145
186_136,s-5.777447543,s3.296703568,s14.234745006
186_137,s-3.257957008,s3.709800493,s298.504361721
186_138,s-5.695510859,s7.419854339,s327.623659301
186_139,s-7.023448390,s5.848683627,s304.578180541
186_140,s-1.990673990,s5.845076947,s97.472654204
186_141,s-2.363289935,s-3.168197420,s15.503988052
186_142,s2.533099875,s-7.922074182,s297.884800268
186_143,s6.022467051,s7.826772147,s229.778682709
186_144,s-4.907106492,s0.945398842,s345.192820384
186_145,s-5.476463375,s0.719863389,s128.013020900
186_146,s6.764880025,s4.503390312,s180.621421822
186_147,s1.828440525,s-0.148925658,s336.903845752
186_148,s1.893488326,s7.490218258,s325.634329873
186_149,s4.693885883,s1.644641695,s60.404154795
186_150,s-6.564092883,s3.429753944,s351.184927397
186_151,s-5.073830720,s-2.586959656,s174.030976601
186_152,s-5.563831718,s1.154717244,s340.704795462
186_153,s-0.080541675,s2.329031565,s205.436471959
186_154,s-5.180874874,s4.496970747,s211.191243867
186_155,s1.997483998,s-0.400256460,s325.659509605
186_156,s0.234043086,s-3.643720839,s73.283236334
186_157,s-4.007465107,s3.939697891,s40.512679717
186_158,s0.839060637,s2.225777568,s80.033113679
186_159,s1.005176952,s3.684404946,s158.358188172
186_160,s1.758445373,s6.977172302,s358.400121337
186_161,s3.572810406,s3.518533522,s92.725134602
186_162,s-0.278031808,s3.828695979,s37.728433500
186_163,s7.306172052,s5.673743643,s78.691711920
186_164,s0.758381234,s-3.708469439,s104.723980577
186_165,s-7.179079629,s7.532465274,s190.707018817
186_166,s-7.133357731,s4.013269063,s148.853790289
186_167,s-2.042470528,s7.266245293,s255.204063776
186_168,s2.284395389,s3.446182536,s254.501781206
186_169,s4.758244271,s6.412075543,s72.354286906
186_170,s-4.224029619,s4.912531939,s241.878214835
186_171,s4.038173402,s7.229416208,s105.537744948
186_172,s-7.092153052,s7.772111698,s263.035395612
186_173,s-1.294624511,s3.168557588,s125.078724279
186_174,s2.390964593,s5.274354234,s15.280674564
186_175,s6.035458808,s7.142360941,s218.931622325
186_176,s6.882488174,s6.345469303,s249.919885957
186_177,s5.421148206,s6.007680861,s167.818279811
186_178,s0.221852131,s7.722157395,s150.684847134
186_179,s7.491276162,s5.996716901,s37.470013710
186_180,s-2.624706192,s0.912730278,s248.045322352
186_181,s-7.988514967,s7.341695482,s251.054493230
186_182,s-2.229032967,s-1.866219986,s131.091443303
186_183,s-3.336085301,s5.243912978,s117.597447379
186_184,s-4.954134926,s7.206377762,s278.599776072
186_185,s2.849355094,s-1.672773951,s158.833194566
187_0,s-6.670975512,s-2.950242131,s312.324519598
187_1,s-3.740777770,s-5.227431652,s353.619380020
187_2,s-6.143237241,s-1.968106052,s202.359102150
187_3,s1.846207385,s-7.044966042,s70.486723165
187_4,s0.608627550,s-2.756505755,s222.362435201
187_5,s-5.339067424,s-1.068424722,s132.919030989
187_6,s4.307767880,s-2.750558973,s219.202599111
187_7,s-7.498982227,s-7.993416790,s318.993133437
187_8,s3.652250545,s-6.564385985,s339.694348428
187_9,s-0.677662230,s-4.360706432,s26.697101397
187_10,s3.215928262,s-7.209399526,s336.843722969
187_11,s-4.581333196,s-2.725180707,s305.949401003
187_12,s3.640687436,s-1.233760923,s261.874553419
187_13,s7.693701214,s-6.883875953,s353.260790882
187_14,s4.749631293,s-2.522835843,s331.264557872
187_15,s2.647884265,s-0.077932669,s91.768536415
187_16,s-2.064611570,s-4.672829219,s290.593547942
187_17,s0.529802572,s-7.503220676,s97.467504040
187_18,s6.489492540,s4.068191328,s332.215727680
187_19,s-7.565760830,s-4.604407516,s353.890515897
187_20,s7.514738749,s-1.429138565,s117.594515932
187_21,s-5.463791864,s-6.524069291,s302.869345402
187_22,s-5.872595047,s-1.007123581,s202.547433317
187_23,s-0.078456122,s6.919633174,s284.942048702
187_24,s4.536756128,s-6.133866917,s57.031164342
187_25,s-0.696976784,s5.345317379,s63.850220311
187_26,s7.880428846,s-4.432714768,s127.941191034
187_27,s7.449601281,s-3.858976359,s77.338722963
187_28,s1.992911820,s-0.603461900,s303.904000092
187_29,s7.677145496,s-3.236153477,s284.415250003
187_30,s-7.723772038,s-2.126977296,s2.136967350
187_31,s-2.976031496,s-4.243324713,s232.335147273
187_32,s-2.763255914,s2.727544297,s35.670727250
187_33,s-0.322729013,s1.712981472,s257.967090118
187_34,s7.790522537,s4.585016642,s331.781651261
187_35,s-4.956805334,s1.943752128,s276.285242998
187_36,s-2.198144071,s-5.768038378,s131.262818068
187_37,s-2.142183552,s-7.033744304,s143.188792155
187_38,s3.051768622,s-3.714003505,s343.990206334
187_39,s3.507941592,s-2.550130580,s69.324248085
187_40,s3.876087191,s-7.992877867,s94.790177388
187_41,s6.148924067,s-2.675997287,s122.810076355
187_42,s6.450518367,s-6.090142465,s157.555206863
187_43,s-6.088154558,s-2.447630394,s15.235997795
187_44,s6.881592666,s-0.208199792,s220.873028820
187_45,s-7.861322410,s-1.333776625,s157.257166830
187_46,s-7.663762466,s-5.761229948,s99.854441725
187_47,s-6.692274564,s0.927580447,s262.782021226
187_48,s-2.183246761,s1.444534301,s199.512784542
187_49,s-2.889420515,s-6.988413198,s294.667158433
187_50,s-3.384610167,s3.994407914,s208.569683689
187_51,s0.219447471,s-0.209503710,s67.065786596
187_52,s4.851853250,s-1.283089542,s328.163757021
187_53,s4.011452660,s-4.811241734,s316.336110767
187_54,s-2.490224611,s-1.493496323,s314.476254377
187_55,s2.958103139,s7.120727768,s156.349800262
187_56,s3.057477768,s-5.043432031,s98.335220786
187_57,s3.537474760,s-0.274448608,s221.111271226
187_58,s5.445746346,s1.214640990,s293.936808595
187_59,s-5.463349662,s2.056945957,s194.795625162
187_60,s-1.643182114,s5.425271197,s84.767173751
187_61,s-2.616731785,s-1.017173314,s272.028157074
187_62,s-4.188998496,s2.269063059,s253.943142556
187_63,s-2.852186742,s7.467288454,s156.110063840
187_64,s-1.806549678,s6.827986911,s21.414839121
187_65,s-3.327578340,s-6.189492829,s190.591371798
187_66,s-0.538873096,s-2.727903647,s349.055704323
187_67,s-2.254649604,s3.656912966,s98.790436341
187_68,s6.825037528,s-0.481607160,s311.342505759
187_69,s3.178215852,s4.610422389,s195.770536001
187_70,s6.209536666,s4.592127698,s100.068490015
187_71,s6.578420696,s-3.797110449,s174.792458975
187_72,s-2.787872445,s2.333136224,s237.122214272
187_73,s4.331831651,s1.290050931,s97.167328350
187_74,s5.606832568,s-0.950537293,s9.122992825
187_75,s-6.983037973,s4.966826100,s309.132660922
187_76,s-4.785133601,s3.708667839,s126.573888853
187_77,s1.904700164,s-2.718168523,s112.077474960
187_78,s-3.562366038,s1.322027310,s161.859849366
187_79,s-0.743562158,s2.648842374,s319.435156104
187_80,s0.514024774,s5.371399622,s252.037489283
187_81,s2.910985756,s5.556844668,s216.383398371
187_82,s-1.621657886,s-2.496223562,s50.727514131
187_83,s-5.918366362,s-5.720869357,s155.623835263
187_84,s-0.904610261,s-7.261081485,s312.006824160
187_85,s-0.465324408,s4.973646649,s153.919583159
187_86,s5.187569294,s6.808110846,s129.465304516
187_87,s3.669079933,s4.693171824,s165.225963894
187_88,s3.183422775,s0.995787194,s220.038126209
187_89,s-1.920488078,s-2.233955318,s88.699651300
187_90,s-7.215836537,s0.643538018,s202.253953411
187_91,s2.448921176,s3.759705278,s318.674284092
187_92,s-7.004462248,s-1.520015256,s275.445009758
187_93,s-7.412239915,s5.294468420,s130.852060585
187_94,s-7.721153924,s3.379412971,s56.128434547
187_95,s7.877503109,s-0.276332746,s165.224963473
187_96,s-6.754516813,s5.868461894,s35.161293929
187_97,s-3.013971433,s-3.180066775,s157.213277900
187_98,s4.927461875,s-5.774647588,s202.666329052
187_99,s1.980891554,s-2.183264605,s333.685241294
187_100,s5.470448892,s0.361749503,s255.661452847
187_101,s7.641346141,s1.085250759,s150.476241429
187_102,s1.496063309,s0.037054067,s304.847346780
187_103,s1.377140584,s6.575977514,s105.023428143
187_104,s4.362681630,s2.450550335,s61.584879304
187_105,s-6.734909715,s7.567618911,s211.028486836
187_106,s-5.925184712,s0.825093393,s115.126368879
187_107,s-7.873020046,s6.836542718,s39.613470329
187_108,s-3.954504455,s3.319928061,s30.181595273
187_109,s-7.561481756,s1.651068115,s81.269988776
187_110,s-4.479319556,s0.026343141,s142.108856510
187_111,s-2.361988558,s4.802440738,s42.587138481
187_112,s1.453038405,s5.401156406,s130.615598888
187_113,s4.542845164,s6.342482300,s216.045630419
187_114,s-4.600223007,s0.654274362,s204.183918221
187_115,s-2.304488600,s4.093615958,s153.981633203
187_116,s-0.645387744,s-0.544466016,s343.052814613
187_117,s4.735595444,s6.817207673,s233.053006171
187_118,s5.961383962,s2.621545194,s34.076348672
187_119,s6.671607894,s7.614420364,s24.626458961
187_120,s-5.312928885,s-3.371805364,s229.794880281
187_121,s2.143359958,s7.589531533,s197.156842918
187_122,s-0.605081960,s7.249969128,s203.163643956
187_123,s-4.666599723,s4.847958818,s100.165194291
187_124,s-4.076174907,s-6.648379964,s84.305392665
187_125,s-3.807841489,s5.186791941,s87.269929452
187_126,s3.288392005,s7.540381953,s94.465734196
187_127,s1.806080870,s2.561128591,s132.833720130
187_128,s-5.231039126,s5.862512527,s152.010605067
187_129,s4.549077100,s3.085751466,s205.320209422
187_130,s7.514838867,s1.857975148,s238.020224118
187_131,s-6.508393520,s-4.538205405,s26.992292907
187_132,s7.898791252,s2.940026647,s97.595444840
187_133,s7.651520241,s-2.320845828,s5.002478068
187_134,s7.838857000,s5.779347549,s60.756626736
187_135,s-7.124594099,s5.854198454,s137.548988628
187_136,s1.519134022,s4.566418995,s260.921280317
187_137,s-3.931533931,s6.044814823,s326.965810204
187_138,s-1.621957887,s4.738861190,s316.657973369
187_139,s-2.879321168,s6.632257127,s338.378643331
187_140,s-0.218675788,s7.621809932,s219.357718655
187_141,s6.749596440,s4.333585369,s75.838388780
187_142,s0.221112659,s3.965393458,s247.835979979
187_143,s-6.295522050,s0.984693519,s342.702079243
187_144,s2.306044546,s0.235727175,s188.513689765
187_145,s2.206725077,s4.936308304,s357.324564906
187_146,s-3.682460239,s7.349348941,s160.059301705
187_147,s0.017338322,s2.404406420,s186.740761394
187_148,s6.545864233,s5.351423680,s100.106571048
187_149,s3.218149281,s2.437969486,s91.053813613
187_150,s-6.151337793,s1.884513884,s35.960374280
187_151,s5.226984833,s2.972886452,s223.266444211
187_152,s-2.441927454,s7.553132306,s186.979942385
187_153,s-6.010004306,s4.119625128,s3.400796524
187_154,s-4.072086693,s6.801231583,s95.569513212
187_155,s-3.024122327,s4.745706690,s151.983338528
187_156,s-5.686672776,s-0.306341474,s87.347818344
187_157,s0.499810285,s-4.024535549,s259.568634694
187_158,s5.728343293,s6.063949390,s76.720972421
187_159,s0.543212692,s-2.142329650,s157.170362202
187_160,s7.753353396,s4.975251773,s156.204416048
187_161,s2.973621637,s1.611092481,s102.356416147
187_162,s0.329256502,s0.776686564,s349.870539524
187_163,s1.609634658,s3.164865808,s80.692665952
187_164,s4.120882092,s7.140421801,s29.513568093
187_165,s-7.699182567,s7.467434787,s46.499812981
187_166,s-7.185740425,s2.934560153,s214.923295843
187_167,s2.372491920,s7.097965112,s233.843413894
187_168,s-0.654161707,s3.899442863,s29.553407947
187_169,s-5.341253986,s7.524481963,s122.677996178
187_170,s-1.921687542,s6.146178095,s342.896426396
187_171,s4.273581723,s4.281073222,s316.277866933
187_172,s3.732915589,s6.504815755,s51.880380030
187_173,s3.117968677,s6.214497480,s6.396496215
187_174,s5.766915909,s2.001483109,s76.350658012
187_175,s-0.280248377,s4.394658106,s92.406050089
187_176,s6.063008150,s6.344763307,s180.771766764
187_177,s5.732692989,s7.521492405,s102.021077907
187_178,s7.795019329,s6.789453669,s227.054515541
187_179,s-4.719756803,s5.046246895,s133.761877385
187_180,s-4.180312710,s-1.216272656,s246.715733639
187_181,s-6.648485072,s7.154746811,s44.498335225
187_182,s-2.008254905,s1.265396312,s17.651741857
187_183,s-0.200505213,s5.898454607,s159.752728641
187_184,s6.471535650,s1.499972879,s45.390769257
187_185,s4.629044439,s4.808812099,s171.239072554
187_186,s6.795915607,s7.160439418,s332.584718647
188_0,s-8.441243765,s-6.030209999,s348.165615317
188_1,s-6.653768915,s-0.680181946,s80.638660121
188_2,s-6.016151603,s-4.228408853,s320.200430393
188_3,s-3.999533319,s2.050556544,s163.976496328
188_4,s2.030969753,s-2.068490282,s236.755154761
188_5,s4.067654629,s-2.188462390,s49.028104249
188_6,s0.621755534,s-0.728911217,s357.185314434
188_7,s-7.246749468,s-3.877318459,s148.367160523
188_8,s0.997016092,s-6.580459382,s307.442952290
188_9,s3.298284430,s-6.650740678,s277.457709753
188_10,s5.995105168,s-3.748646450,s176.254665959
188_11,s6.197650682,s-3.123241909,s312.803265594
188_12,s-3.202876248,s-7.577682431,s319.771579800
188_13,s7.706541982,s-3.799942113,s138.016177245
188_14,s4.925139170,s-4.562663339,s152.920472210
188_15,s-6.821611509,s-2.147720073,s353.563679823
188_16,s-7.105865631,s-4.974419465,s238.753532130
188_17,s-5.630442726,s0.304105931,s187.091279941
188_18,s-2.399161902,s-3.867490615,s219.655693322
188_19,s-8.279695688,s-8.123176344,s97.977373196
188_20,s0.792522153,s-0.866632099,s227.637959737
188_21,s1.322669882,s-3.091046458,s34.468857813
188_22,s-3.598611914,s-5.345903198,s7.162008200
188_23,s5.127402960,s-2.710947711,s212.552136225
188_24,s-3.089837961,s2.118977716,s76.332439546
188_25,s1.000812521,s6.067741373,s40.483524272
188_26,s8.119792537,s-3.251235308,s143.292623688
188_27,s8.162289553,s-6.726651150,s220.020066610
188_28,s4.819516792,s-6.946953995,s157.314268456
188_29,s6.095870641,s4.343439726,s102.908850739
188_30,s-4.212693122,s-5.787409027,s215.370652518
188_31,s-5.107541028,s-0.758121248,s90.924479611
188_32,s0.465361695,s-4.684317452,s251.285588581
188_33,s-3.243464802,s-1.336210331,s250.391584985
188_34,s-2.491857865,s-2.077426771,s187.267425836
188_35,s-4.337257024,s-4.410448439,s257.713219443
188_36,s2.113081142,s6.462153843,s199.608524225
188_37,s-5.807726475,s-3.114793796,s53.702011590
188_38,s4.270939040,s0.002894111,s252.761111625
188_39,s0.804300230,s-2.203279040,s322.158558113
188_40,s1.239513339,s0.219319089,s336.941140964
188_41,s2.822278121,s-0.500175015,s223.309873115
188_42,s8.055630753,s-8.109694175,s202.836687060
188_43,s2.975406321,s-2.736280162,s223.127653570
188_44,s1.868981356,s1.063341082,s347.477382106
188_45,s-3.488463132,s1.778356571,s127.522652540
188_46,s-2.531705086,s-6.376103591,s341.193290624
188_47,s-5.297284494,s0.980124171,s68.029821559
188_48,s-2.268762407,s3.128504440,s336.479581756
188_49,s-3.944704120,s-1.889253773,s208.220635096
188_50,s3.658185428,s-7.802723370,s329.032218373
188_51,s-7.186455914,s4.156089801,s321.659238471
188_52,s0.154061462,s1.286934114,s198.429505346
188_53,s6.166284160,s2.561375189,s125.313419243
188_54,s-0.230394254,s-3.626481370,s158.950651429
188_55,s3.643528949,s2.143684060,s9.736554111
188_56,s2.476651384,s-2.578943574,s71.480539124
188_57,s5.621810879,s-8.409214277,s8.719107286
188_58,s6.844284989,s-4.270164012,s11.474114712
188_59,s7.094500999,s1.668843767,s193.790369513
188_60,s-8.452104928,s-2.634964086,s16.919307740
188_61,s-5.325505736,s2.389124710,s242.513360700
188_62,s-7.298524206,s5.435882297,s9.059836947
188_63,s-2.397992181,s8.054032736,s339.749630161
188_64,s-2.936819776,s-0.711857344,s160.875425617
188_65,s-4.666163659,s4.640935535,s291.690195028
188_66,s-3.315699541,s0.111077199,s203.502001790
188_67,s1.498330808,s-5.229925986,s19.932579913
188_68,s1.999250587,s1.987764888,s329.337812040
188_69,s2.676654167,s6.206606840,s357.469763887
188_70,s0.435193734,s-2.349192146,s88.833035758
188_71,s3.509103832,s-4.241072545,s279.762027473
188_72,s3.455506569,s7.810526449,s51.640447359
188_73,s6.588917292,s-1.566007262,s334.826142585
188_74,s4.792487183,s-1.216320953,s167.619945647
188_75,s-8.320171268,s3.191278821,s207.348148313
188_76,s-1.954951466,s2.601153193,s25.474058516
188_77,s-7.331067869,s2.316938443,s331.348936082
188_78,s-8.248283272,s-3.890331891,s205.346648787
188_79,s1.012519257,s0.990215237,s113.672598178
188_80,s-8.324112236,s2.000302907,s78.585992026
188_81,s-5.181733352,s-2.441097103,s199.641506314
188_82,s-8.153227385,s-1.116270445,s353.053368464
188_83,s-0.887328014,s1.374888869,s347.133958580
188_84,s8.410929776,s2.246200001,s196.625789401
188_85,s8.117977391,s1.002216282,s39.275309195
188_86,s8.353546172,s6.626993461,s76.109826324
188_87,s1.026650161,s6.799934476,s120.458502816
188_88,s5.756604304,s5.866927951,s303.491301616
188_89,s8.296975784,s-1.338359035,s298.926234162
188_90,s-2.485924440,s-8.339929424,s248.518340188
188_91,s-5.228643036,s2.590829623,s262.900031412
188_92,s-8.288824543,s0.817733197,s35.600459254
188_93,s6.922067525,s5.217937769,s160.119873230
188_94,s-7.158455481,s1.316472627,s283.592276107
188_95,s1.133844132,s3.863495585,s24.694809907
188_96,s7.657873251,s-0.716585100,s324.513984659
188_97,s-5.305022921,s5.210764661,s221.089902853
188_98,s6.318087412,s-4.692622772,s172.371409956
188_99,s1.404803095,s-0.251849446,s273.841376688
188_100,s-1.583652648,s-1.188685229,s137.518990439
188_101,s7.389689571,s3.547263950,s254.038900507
188_102,s0.626973939,s2.795199065,s206.890610647
188_103,s7.279797639,s7.588921637,s312.954067414
188_104,s8.363610179,s-3.855602870,s291.432234048
188_105,s-3.267709209,s-4.037304020,s110.985616043
188_106,s-2.105857351,s-0.921611491,s132.224232147
188_107,s-3.582467761,s2.907884654,s33.222544053
188_108,s-6.064879575,s4.885250093,s105.274787677
188_109,s3.970252053,s1.451866492,s110.619962006
188_110,s-3.809476117,s7.175785639,s192.252835514
188_111,s1.681715786,s2.737221148,s179.049029768
188_112,s-3.184805619,s4.048935787,s265.146634415
188_113,s1.949614451,s6.680429356,s123.075133858
188_114,s-0.649529787,s0.076467676,s41.284221191
188_115,s4.970654342,s5.051202103,s129.352488135
188_116,s3.453498828,s3.006409824,s197.234338600
188_117,s7.118256517,s2.383090368,s269.047689540
188_118,s6.076985219,s6.215165117,s335.052159600
188_119,s8.377843900,s7.804506714,s324.858809895
188_120,s-1.235682382,s0.695565500,s203.273763315
188_121,s-6.584175651,s1.674635777,s160.669560181
188_122,s4.800053808,s5.688983584,s198.573810001
188_123,s-2.263372646,s8.139110644,s243.553491125
188_124,s-6.907760062,s3.385078265,s115.102687816
188_125,s6.453454545,s8.163435680,s164.253061253
188_126,s0.428260264,s8.074013891,s170.565506085
188_127,s2.741137123,s3.187585659,s313.521755022
188_128,s-2.326222757,s6.701227369,s256.158371746
188_129,s-0.353748986,s6.247064811,s220.145349445
188_130,s-7.133303680,s0.285354301,s237.615442102
188_131,s0.048149183,s8.280879324,s295.872202364
188_132,s8.435422480,s3.177969190,s312.279879988
188_133,s6.685238992,s6.502641672,s0.320296528
188_134,s-0.933330015,s3.822971212,s225.050844125
188_135,s-7.953468952,s7.182171275,s354.879097444
188_136,s-8.222533519,s5.351499465,s86.269557846
188_137,s-1.583861437,s6.308634727,s80.911088804
188_138,s-0.546665929,s4.922174198,s88.475491239
188_139,s-4.960693815,s8.327812052,s59.913427685
188_140,s2.634929340,s1.987021534,s358.678049480
188_141,s4.732305653,s-0.145068440,s76.121321103
188_142,s-8.452104928,s7.584482576,s226.809756389
188_143,s-2.289387040,s7.492250205,s98.383913345
188_144,s-1.324038181,s8.281765326,s45.047049057
188_145,s3.388314532,s6.878723536,s31.573035198
188_146,s2.595062674,s7.280566580,s17.738056993
188_147,s8.392309083,s-0.072359503,s172.015940417
188_148,s3.342646569,s7.422786032,s2.919549431
188_149,s7.103938692,s5.559020585,s321.246507337
188_150,s-8.004335559,s8.170719624,s63.282052903
188_151,s-6.612662527,s8.250480693,s315.553754615
188_152,s-8.328814590,s3.514655186,s347.455599973
188_153,s-7.653136850,s-2.200903847,s90.647946381
188_154,s3.069735006,s5.514691244,s180.300577319
188_155,s-2.649828007,s1.266618887,s127.801645859
188_156,s4.830373857,s8.157834982,s103.535470253
188_157,s-3.576305632,s6.146106395,s124.614604338
188_158,s-6.504646045,s3.949447264,s95.743558316
188_159,s-1.371369767,s7.731558937,s255.293660573
188_160,s4.910313732,s2.318023608,s13.953558463
188_161,s7.870870661,s4.356346018,s65.183978426
188_162,s5.138083547,s7.220567747,s323.343516701
188_163,s5.558803734,s2.190812808,s161.448557923
188_164,s5.256396200,s7.651705907,s232.726393808
188_165,s-1.126119396,s3.313008900,s238.598752491
188_166,s-5.576029699,s6.864092389,s192.281210608
188_167,s-4.187137294,s6.199796656,s141.773935622
188_168,s-4.381372595,s4.231757372,s333.496154619
188_169,s-4.623434963,s7.907421701,s0.347305614
188_170,s2.450317203,s8.150572187,s150.934180120
188_171,s3.323356284,s4.930900877,s118.601303007
188_172,s3.824531721,s5.521502369,s205.778103723
188_173,s5.491201826,s7.264298030,s113.004302913
188_174,s7.226654591,s8.303119654,s246.531609480
188_175,s0.962005570,s8.259666981,s213.354446312
188_176,s4.921601204,s1.394244356,s251.684189602
188_177,s7.738452540,s8.125061240,s226.855228351
188_178,s7.596493797,s6.375827206,s58.018886459
188_179,s7.871038030,s7.389675344,s214.401343312
188_180,s-7.104546304,s-1.732388045,s36.142345589
188_181,s-6.043925187,s8.332482835,s117.978319290
188_182,s-1.610766443,s4.846666769,s31.681427562
188_183,s-6.474704425,s7.030826738,s326.335265369
188_184,s-3.478364077,s5.595482086,s208.510501986
188_185,s0.255073554,s3.370053934,s110.817337675
188_186,s0.230249194,s6.086479098,s231.700088337
188_187,s0.691518318,s7.429306274,s294.287109020
189_0,s-0.270235312,s-1.611377188,s197.536651885
189_1,s-6.699133091,s-4.356618683,s264.702900403
189_2,s-5.114121854,s-5.568947708,s40.451831166
189_3,s-0.898713242,s-2.502854490,s197.074831429
189_4,s0.408222039,s-0.482446500,s334.179532901
189_5,s-0.688558092,s-6.731305327,s232.254200530
189_6,s2.734249681,s-5.336252745,s32.596485365
189_7,s0.759388091,s-3.537938904,s302.067267520
189_8,s-0.251583379,s-1.677843995,s202.085682046
189_9,s3.925599202,s-5.604752483,s289.376652443
189_10,s2.607494091,s0.192416948,s49.813020259
189_11,s6.052694307,s-4.075891815,s126.844488189
189_12,s8.071422958,s1.452268099,s248.969146203
189_13,s2.281220088,s-7.102270481,s181.011712329
189_14,s8.088463795,s-5.746095736,s152.809526459
189_15,s-7.641756922,s-6.337406329,s214.854514835
189_16,s-1.533672797,s-5.294585244,s161.223369072
189_17,s-3.927689971,s4.167934859,s341.127960162
189_18,s-5.528211896,s-0.892385020,s241.279073866
189_19,s-6.493021172,s-8.071243015,s220.236498065
189_20,s0.165570069,s-4.413750953,s240.263921737
189_21,s-1.516741531,s3.968217625,s230.941577252
189_22,s-5.349106090,s-8.153302780,s358.193346641
189_23,s4.262942571,s-0.671484326,s157.693967515
189_24,s5.606088947,s0.076836270,s212.182115348
189_25,s3.918720663,s-2.372685435,s139.986271111
189_26,s-6.867010581,s6.809404125,s287.964021689
189_27,s5.815553418,s-7.195576837,s146.730001881
189_28,s1.191154296,s-4.446505071,s223.778720028
189_29,s4.811824714,s3.197261458,s64.249314884
189_30,s-1.995051368,s-3.384934726,s300.891161307
189_31,s-2.872765432,s-3.506128777,s101.999103422
189_32,s-5.760769708,s-7.351727760,s112.259698834
189_33,s-7.422529441,s-1.781498048,s61.114181521
189_34,s1.022229669,s-6.108359909,s148.425738978
189_35,s-2.924156681,s-5.563861817,s324.493734192
189_36,s0.049185910,s0.964285698,s164.802359353
189_37,s5.354838130,s-6.014107484,s327.358827656
189_38,s2.969996860,s-1.960883801,s138.824528977
189_39,s2.893337002,s5.553579288,s357.838481141
189_40,s-3.160868732,s-2.700577758,s12.569860615
189_41,s4.863698436,s-8.016420088,s334.175422310
189_42,s8.160714775,s-7.958128794,s49.419310376
189_43,s4.912385922,s-4.117987316,s50.350847752
189_44,s3.164845096,s1.201660469,s54.546851724
189_45,s-8.018133445,s0.119497047,s90.072387588
189_46,s-2.113729646,s-2.084331266,s161.360283963
189_47,s-5.464935339,s-2.266717756,s176.224665353
189_48,s-3.834984219,s6.162208559,s326.588856095
189_49,s-7.313209600,s6.453375178,s209.099355126
189_50,s-4.072074817,s-2.368939209,s0.662433043
189_51,s-2.562914936,s4.283034873,s117.310531158
189_52,s-2.976636192,s2.222485199,s264.846742204
189_53,s0.534074697,s-2.466547281,s188.392952041
189_54,s4.558968806,s7.658461198,s334.805611012
189_55,s5.510365371,s-2.939845098,s280.449659876
189_56,s-4.318395254,s-7.587545037,s127.374160343
189_57,s4.850781237,s-3.331978741,s77.389372265
189_58,s4.181531700,s-1.488519627,s223.965064348
189_59,s8.160584396,s2.333745054,s207.586506140
189_60,s-7.017711009,s-7.408789649,s248.370334433
189_61,s-7.920663899,s7.474385427,s89.290039611
189_62,s-6.442910539,s-0.182955959,s345.071287603
189_63,s-4.873687519,s0.571377324,s238.980088778
189_64,s-2.280777343,s2.893544445,s212.812482785
189_65,s-1.621385553,s-0.606786297,s182.900107995
189_66,s-0.575445973,s0.677691616,s110.450777713
189_67,s2.990017078,s2.974512785,s243.061527254
189_68,s4.893885730,s0.599683165,s106.422860379
189_69,s2.460601669,s-4.238468728,s110.456606133
189_70,s8.086892065,s4.549938971,s148.110895520
189_71,s2.215625679,s-3.955432608,s3.319055268
189_72,s-0.641407029,s1.599082165,s79.948145270
189_73,s5.991457850,s1.739678042,s166.225114678
189_74,s6.818693596,s0.747975919,s122.461128372
189_75,s-5.234165311,s7.928466223,s178.158183985
189_76,s-7.326242907,s4.394612115,s347.202515758
189_77,s-3.421158098,s8.012217243,s140.338186319
189_78,s-7.523608215,s-0.755180581,s354.773838127
189_79,s-5.517259494,s4.125973455,s217.855526308
189_80,s7.474805025,s-4.324840928,s198.466950022
189_81,s-2.751232863,s0.621679176,s166.523774239
189_82,s-1.067697973,s-0.782578301,s198.100009769
189_83,s2.102167812,s3.007885269,s189.001646736
189_84,s-0.408662672,s2.497172107,s105.340114171
189_85,s-0.894222118,s-3.372926106,s287.206300670
189_86,s5.198234808,s-1.147765811,s291.167069771
189_87,s7.261148290,s-2.264022057,s184.301657678
189_88,s5.788441838,s-5.119252418,s322.298377503
189_89,s4.699347918,s1.131134018,s273.148046002
189_90,s-4.537964280,s-3.508639554,s4.583440398
189_91,s2.164995592,s6.232759887,s299.052312427
189_92,s-0.864686351,s7.889753339,s324.801356977
189_93,s-0.618246000,s5.487332603,s158.476721280
189_94,s6.142780141,s-1.585654368,s156.941304658
189_95,s-5.762585120,s0.947790316,s216.990133789
189_96,s-2.948001440,s-0.870507960,s243.209182028
189_97,s5.538548456,s2.594599669,s245.166520843
189_98,s2.600416729,s7.944636640,s301.976702367
189_99,s8.094261332,s-3.815902339,s125.716382943
189_100,s3.980018502,s7.791955993,s341.271014110
189_101,s1.155140072,s-1.218892677,s88.729928060
189_102,s0.065007422,s4.289142235,s308.709678847
189_103,s2.400379999,s1.649310131,s343.926695169
189_104,s2.158431213,s5.374612869,s325.590493927
189_105,s-1.602327715,s5.625226432,s45.571097811
189_106,s-8.054744225,s3.810104705,s329.879101073
189_107,s-0.053028834,s3.274759334,s191.458298044
189_108,s0.954424517,s1.163950920,s124.158878783
189_109,s-5.202651102,s-0.054953123,s258.729107638
189_110,s-4.999337516,s3.212805168,s47.285352929
189_111,s0.947678388,s3.208777746,s229.671132072
189_112,s7.245680660,s2.744460797,s63.877620151
189_113,s-3.774700556,s-1.668528185,s156.697516390
189_114,s4.570432214,s6.343837951,s43.083141533
189_115,s5.139504826,s6.384860323,s195.663055238
189_116,s5.384022024,s5.762101134,s36.541072137
189_117,s5.593436178,s4.662162281,s282.851986578
189_118,s7.369109419,s7.310018246,s185.274784994
189_119,s4.203197939,s4.862289302,s48.864276547
189_120,s-7.214840580,s2.637521433,s266.885995551
189_121,s-3.356955437,s7.273242439,s71.182729334
189_122,s-1.414158263,s-1.467076060,s242.229652431
189_123,s-2.987690584,s5.031978976,s307.796087097
189_124,s-5.365615938,s7.949916565,s226.831927226
189_125,s-6.881871583,s1.569348259,s27.351372225
189_126,s-2.260751393,s2.162812451,s4.617381005
189_127,s3.726122220,s3.592135472,s273.313865776
189_128,s-0.432472349,s6.542872466,s331.599864004
189_129,s1.422971406,s4.534124929,s292.562520748
189_130,s5.509004453,s5.708851216,s335.188779221
189_131,s3.613858745,s3.055565475,s79.790616884
189_132,s0.628900710,s5.110906035,s8.128852699
189_133,s-4.611381472,s1.809280120,s167.734609474
189_134,s7.163155206,s2.344532394,s157.581175042
189_135,s-7.766872645,s6.593993487,s195.133218442
189_136,s-3.731229338,s7.788120485,s87.767563750
189_137,s-8.054612318,s1.685594092,s334.183750108
189_138,s-3.259007673,s4.703694887,s312.561446149
189_139,s8.108932996,s6.569091348,s35.174653231
189_140,s-7.358914842,s7.059557489,s72.693787614
189_141,s-7.853417629,s5.420068463,s113.046472092
189_142,s0.975130472,s4.634037072,s262.976743544
189_143,s-1.018333579,s3.362158241,s199.450485276
189_144,s7.413092612,s4.267798087,s216.707968608
189_145,s7.947191054,s7.902579021,s232.864473113
189_146,s6.628190638,s-1.152344509,s346.727586950
189_147,s7.325909688,s6.981929827,s252.665848340
189_148,s2.286213378,s3.947353884,s279.020421716
189_149,s5.069481524,s3.736632091,s23.724025746
189_150,s-2.687569481,s1.805768341,s308.210707370
189_151,s2.117015332,s7.123677143,s9.483907696
189_152,s-7.942765695,s-2.993839867,s314.322156646
189_153,s-6.327945924,s5.878726191,s219.204398884
189_154,s0.425732290,s7.933583494,s320.910399493
189_155,s-5.762219452,s-0.872439311,s123.207641200
189_156,s-6.718906062,s-0.944309219,s199.155362989
189_157,s-1.798284962,s5.350475162,s212.236302414
189_158,s5.336999452,s7.010691347,s202.942771655
189_159,s6.180691803,s4.180767868,s321.050069141
189_160,s-0.757820659,s1.384470465,s110.934349812
189_161,s2.380893811,s7.644016308,s94.224741061
189_162,s1.017560892,s-5.359540561,s140.241720109
189_163,s-1.389411744,s7.004201050,s209.080945720
189_164,s3.390452075,s-1.688721575,s260.480585572
189_165,s-4.012626832,s5.119260386,s181.500429828
189_166,s-3.945809836,s3.545319613,s23.400793960
189_167,s-4.008293326,s5.521553850,s261.644769213
189_168,s-5.504416590,s7.426696179,s130.170648805
189_169,s-2.666417475,s5.878252848,s132.091318761
189_170,s1.488511615,s5.885492648,s65.348375204
189_171,s0.911031755,s7.883654151,s356.260410634
189_172,s-7.922107659,s7.606364164,s253.013917112
189_173,s6.116848193,s7.780112892,s265.497821231
189_174,s2.933587201,s7.333098952,s238.505838263
189_175,s1.830924640,s6.614570384,s236.977105475
189_176,s3.004260195,s6.344212830,s242.505672334
189_177,s3.923206560,s1.606434620,s105.593026043
189_178,s6.867173039,s7.998625690,s91.490499134
189_179,s8.160714775,s3.278044339,s50.604680386
189_180,s1.090395898,s6.206501743,s243.325836717
189_181,s-6.200745901,s7.948596765,s30.604113412
189_182,s2.487101786,s5.898433990,s239.736988479
189_183,s-5.217505041,s5.262579061,s308.501482269
189_184,s-4.109458050,s6.861013774,s132.485929238
189_185,s-3.645652770,s7.644702748,s143.235761783
189_186,s3.517068588,s6.963361595,s250.343629267
189_187,s-6.289104540,s1.409460465,s271.326772629
189_188,s3.703387662,s5.229023613,s38.787752099
190_0,s-7.491802611,s-4.019906826,s85.413368717
190_1,s-1.504404500,s-4.606142857,s355.572972242
190_2,s-2.676658434,s-2.332543188,s357.042429973
190_3,s-3.031707278,s2.037230128,s219.977607090
190_4,s1.530017175,s-5.963961273,s100.040037767
190_5,s3.452349395,s-5.104016270,s17.165796931
190_6,s-4.121014718,s-7.087058159,s342.655339537
190_7,s4.429762918,s-7.084399504,s237.983403566
190_8,s-5.864519745,s-7.332743939,s206.393918149
190_9,s-3.211564712,s-5.893703518,s297.336810464
190_10,s6.364425817,s-6.918789662,s202.410534309
190_11,s3.692721096,s0.224021003,s283.274632035
190_12,s-0.511925666,s-2.918192038,s154.565378123
190_13,s1.623130885,s-2.533668959,s109.647601876
190_14,s2.817843635,s-0.838387854,s227.698850046
190_15,s3.389016919,s-3.298656531,s3.127270033
190_16,s-0.948944062,s-3.578901170,s317.988981589
190_17,s-3.410880306,s-3.432037411,s94.821269683
190_18,s-7.408189186,s-6.720146553,s128.781898745
190_19,s-3.750257097,s-2.784572721,s58.889566133
190_20,s-3.642495387,s-6.117590086,s52.305632025
190_21,s-1.160681424,s7.760359399,s73.231951209
190_22,s0.981797123,s-2.307576117,s216.548242649
190_23,s-2.431769310,s-5.643060766,s42.305915204
190_24,s5.636215232,s-0.984569867,s70.177320885
190_25,s1.026576118,s-0.446842080,s320.247979996
190_26,s1.371981851,s-1.239652112,s198.111118738
190_27,s7.461587323,s-0.184228590,s292.621142108
190_28,s7.508219333,s-4.567488567,s323.167267178
190_29,s4.210004701,s-4.553794229,s188.910771099
190_30,s-7.240171768,s-5.642052600,s140.726501830
190_31,s-6.884489870,s-2.708493322,s30.284546238
190_32,s-7.222383371,s0.851268561,s352.099030718
190_33,s-7.026686376,s-1.720571120,s52.392332897
190_34,s-5.472255784,s-2.363596365,s353.894852728
190_35,s-2.242050331,s0.682862112,s292.434651169
190_36,s-5.223913890,s-6.482598673,s28.837728266
190_37,s3.125425842,s0.810377870,s106.332730508
190_38,s-1.980205219,s7.207494483,s83.320172816
190_39,s-2.642071988,s0.185952335,s7.337019097
190_40,s0.740363222,s-6.050034492,s232.159839075
190_41,s5.378659219,s-0.011743894,s66.460045415
190_42,s6.422274527,s3.408982515,s330.057024723
190_43,s6.945682391,s5.831919247,s353.349137791
190_44,s6.916502751,s-3.698861519,s56.029641080
190_45,s4.319729314,s-0.925684627,s236.254960427
190_46,s-5.088372225,s-5.992756727,s302.436639298
190_47,s-1.719917431,s6.436287044,s60.917886319
190_48,s-6.609628324,s2.766256297,s242.662949349
190_49,s-5.139250603,s-3.273667635,s36.508563756
190_50,s-6.644083975,s-3.521175122,s161.364624400
190_51,s-2.824427878,s-1.372786882,s113.047786904
190_52,s2.702391431,s-7.157162951,s204.480478947
190_53,s2.483577192,s-5.542590017,s243.951843138
190_54,s3.166414686,s-1.048415483,s337.491051948
190_55,s6.667976751,s-1.148221324,s148.310333601
190_56,s7.339621715,s2.553430841,s259.997335108
190_57,s6.541304483,s-2.079249793,s346.815016387
190_58,s5.781157381,s1.471292053,s37.305337513
190_59,s4.874086477,s-7.057677722,s42.231775717
190_60,s4.722267817,s-2.663026366,s235.125237135
190_61,s-6.282919106,s1.681417172,s269.413488718
190_62,s2.604819635,s3.923776668,s276.033245594
190_63,s-5.806156493,s-4.269479156,s352.588283324
190_64,s-4.832874433,s3.638848634,s48.298887130
190_65,s-2.484560430,s4.557300321,s309.209122521
190_66,s-4.804428056,s-1.189846393,s300.700610496
190_67,s2.633875780,s1.442709330,s241.085450637
190_68,s4.103229320,s-6.782708293,s323.479956269
190_69,s1.655145028,s-7.358447405,s356.261175811
190_70,s5.839921991,s-5.191446224,s79.745153272
190_71,s7.565745014,s-5.317466794,s169.756654740
190_72,s2.044505027,s-1.407296788,s131.520848214
190_73,s-2.048975785,s-4.119441935,s348.121388658
190_74,s6.758875505,s0.368077268,s180.574571990
190_75,s-4.364709374,s-2.429847676,s177.839500573
190_76,s-4.450939453,s6.515582726,s263.442147518
190_77,s-7.503811385,s-0.309322583,s71.879129895
190_78,s-6.898286401,s4.758804734,s35.649825957
190_79,s5.693699544,s1.744903677,s26.261925535
190_80,s-1.679565542,s0.435025727,s51.664163367
190_81,s0.909322106,s0.288740168,s253.828683075
190_82,s-0.583562425,s-0.198217707,s214.473849375
190_83,s5.166620871,s0.599285443,s353.837984080
190_84,s0.626832089,s0.950066626,s111.629979469
190_85,s0.158181363,s5.135904978,s353.957630760
190_86,s6.856774117,s0.636991491,s84.357438175
190_87,s7.475510579,s7.125388471,s332.706189652
190_88,s3.177489943,s2.278559539,s158.475424153
190_89,s-3.348784041,s-0.836045404,s157.825221665
190_90,s-6.181419882,s-0.644201415,s233.686006545
190_91,s-2.424170467,s1.539538495,s42.391432710
190_92,s-2.958613188,s1.187466829,s10.243051976
190_93,s-5.690394826,s6.540090535,s64.457546851
190_94,s-5.933463229,s-4.689901181,s236.330508687
190_95,s-7.454312665,s-7.460211542,s166.412294244
190_96,s5.725817977,s7.509993522,s24.524486692
190_97,s4.970960758,s-6.064410417,s220.756629815
190_98,s-6.049144705,s6.308983777,s177.204422726
190_99,s-0.556706403,s-5.894747875,s120.850077122
190_100,s-5.443117452,s5.519467806,s209.276915648
190_101,s2.733166330,s0.181750195,s153.151657181
190_102,s0.255331671,s3.601055370,s199.982967351
190_103,s7.371161890,s-1.934260102,s4.474232505
190_104,s6.270099250,s7.093109921,s136.479343936
190_105,s-6.030427794,s-0.958178600,s135.144867297
190_106,s-6.113485120,s1.065595642,s303.580761148
190_107,s1.947262337,s0.836759034,s281.433495414
190_108,s-2.837744380,s3.903548122,s10.218474104
190_109,s-6.882923405,s7.303744175,s328.528874607
190_110,s-2.602586243,s4.960135140,s91.883503470
190_111,s5.232602094,s4.297303843,s217.797440115
190_112,s-4.244317834,s6.974759123,s47.113704615
190_113,s-5.884962568,s4.579396168,s241.755522543
190_114,s-7.126849957,s6.711367130,s111.074680331
190_115,s4.876021054,s6.353002614,s84.910734339
190_116,s-5.189915335,s6.946576656,s264.860363852
190_117,s2.252913966,s7.612914135,s198.082759874
190_118,s3.005982494,s5.783496115,s225.274739343
190_119,s6.555534688,s2.759706739,s14.428644256
190_120,s-0.126326110,s2.548793589,s278.136443971
190_121,s-3.182617738,s2.897419390,s194.604776763
190_122,s-6.487143185,s4.729485473,s100.639159427
190_123,s2.644814537,s6.334035581,s191.347632275
190_124,s-2.171167162,s3.609347757,s65.896779181
190_125,s0.041964783,s-2.269555625,s57.259203901
190_126,s-4.989356246,s7.731391562,s133.883790349
190_127,s1.531783555,s-3.364252860,s35.637373816
190_128,s1.276042567,s1.391690334,s32.477269622
190_129,s0.276636460,s-0.718244252,s64.610989580
190_130,s2.621352711,s3.509965376,s75.138621920
190_131,s4.519214553,s3.538699250,s293.120692502
190_132,s4.573313909,s3.931321747,s109.292551134
190_133,s5.804415923,s4.363532635,s308.980233880
190_134,s1.388303183,s4.483772601,s178.606834998
190_135,s-6.891123362,s1.982099158,s334.098514098
190_136,s-0.934859882,s7.596139885,s227.213053409
190_137,s-5.265564588,s6.357499061,s122.385231079
190_138,s-4.259089060,s2.479788201,s11.508843501
190_139,s-4.435239672,s-3.639805273,s239.473111583
190_140,s-4.772036679,s2.067387651,s297.736211040
190_141,s3.143277941,s-0.459448608,s73.600592979
190_142,s5.695301700,s3.007041936,s230.898698094
190_143,s-7.562155970,s4.240225312,s279.393856608
190_144,s-0.400181173,s6.243012370,s328.280154612
190_145,s7.150307288,s1.702882749,s341.220591636
190_146,s-0.475134568,s1.631595117,s42.172322626
190_147,s4.073898124,s-3.397088911,s285.575010057
190_148,s4.191499367,s6.756501907,s290.010602066
190_149,s7.515704355,s-1.584428897,s255.221771516
190_150,s-1.124874948,s4.878184046,s162.903570536
190_151,s-6.319503044,s7.659168471,s270.758843029
190_152,s-7.354950113,s3.933508459,s296.366322458
190_153,s-4.043277534,s3.438924968,s88.485995451
190_154,s-3.750336032,s4.325909299,s190.455922838
190_155,s-0.519201060,s-2.356934841,s129.062631519
190_156,s5.084331869,s2.584866470,s202.549215732
190_157,s1.207338366,s4.618775049,s305.348651512
190_158,s-3.014747583,s5.400997393,s153.539753350
190_159,s-7.492543698,s2.949809233,s290.255924122
190_160,s-0.629993530,s5.936954119,s27.361978104
190_161,s-2.433292401,s5.444499353,s150.178176956
190_162,s7.502379009,s6.380813116,s324.908191034
190_163,s-7.576680939,s6.147940031,s198.115373353
190_164,s7.163188391,s4.484379304,s279.423082845
190_165,s3.047829192,s7.065373880,s70.777896880
190_166,s-4.865226133,s3.802371477,s220.316462058
190_167,s-1.218300572,s-0.004411327,s196.032732352
190_168,s-5.464707549,s1.168994363,s321.817432111
190_169,s-4.324666628,s5.940380826,s75.045723743
190_170,s1.926526912,s7.167447541,s13.007640667
190_171,s1.034036690,s5.081913890,s176.047477802
190_172,s-0.795165585,s6.709391898,s101.002565066
190_173,s7.517081857,s4.822700201,s245.885412533
190_174,s1.521038403,s6.662158925,s91.336337663
190_175,s7.486740266,s7.731072040,s190.382390103
190_176,s0.054098351,s6.964356210,s203.777616436
190_177,s0.944861158,s2.241111218,s248.489985435
190_178,s-1.531401203,s-1.867237449,s210.340016998
190_179,s3.655853086,s4.112199486,s346.029411135
190_180,s2.343093801,s5.069536675,s13.403714341
190_181,s3.557500626,s7.736701129,s287.652511899
190_182,s-0.844843203,s3.254752595,s107.337106865
190_183,s-7.674781917,s3.289778493,s18.196582735
190_184,s-5.398328371,s0.204718118,s244.388407038
190_185,s-2.736646313,s7.545731090,s239.731972302
190_186,s3.600753680,s5.874475921,s235.442017667
190_187,s-0.365554046,s7.760359399,s238.796420556
190_188,s-3.650091377,s6.937123317,s257.470210646
190_189,s6.064113330,s6.235321679,s217.875176482
191_0,s-7.430079099,s-2.432420919,s310.472082810
191_1,s-7.957396693,s-3.876097037,s259.486787865
191_2,s-7.843339393,s-6.125483435,s335.648182397
191_3,s-4.859181759,s-7.327094159,s276.623922141
191_4,s0.686261360,s-5.000958760,s141.573485468
191_5,s0.590435351,s-3.092253269,s247.616490466
191_6,s-5.969677142,s-2.344953988,s108.000024336
191_7,s1.843604546,s-4.089768304,s170.968766806
191_8,s2.082683601,s-6.178779978,s22.735463199
191_9,s-2.100823181,s-3.795010565,s117.481456921
191_10,s7.494166401,s-0.545920770,s165.152845774
191_11,s5.353889846,s-3.878110088,s287.809315791
191_12,s-1.164333968,s-7.369558502,s272.120794013
191_13,s6.295330511,s-6.438030672,s319.149175403
191_14,s6.871995329,s0.096591357,s277.806267129
191_15,s-8.189711653,s-7.804543507,s294.618576591
191_16,s-3.916770495,s1.283094927,s325.906847144
191_17,s-7.923588764,s3.564476950,s287.262849986
191_18,s-6.431726058,s-5.641722512,s50.419343463
191_19,s-2.271735028,s-7.754376222,s216.550673622
191_20,s-1.828204680,s-4.940293958,s308.673999888
191_21,s6.895123066,s5.703147456,s317.109151634
191_22,s-2.694550214,s-6.856450330,s319.596371861
191_23,s-4.175102315,s3.565284397,s300.871518507
191_24,s1.435636139,s-5.403445073,s171.701932721
191_25,s0.924606483,s-7.415129551,s348.424598624
191_26,s3.576994555,s-5.292990169,s241.174594292
191_27,s4.607824172,s-0.443459118,s117.372350646
191_28,s8.359046506,s-7.281180498,s11.044957997
191_29,s2.101478600,s-1.167841593,s317.352519205
191_30,s-6.823052197,s-2.123648046,s152.496603787
191_31,s-3.569621530,s-3.362635721,s35.299313267
191_32,s-5.313896381,s3.715408270,s63.081822765
191_33,s-5.733167310,s-4.401896022,s256.754339710
191_34,s-8.243008330,s1.343289454,s184.819771635
191_35,s3.031902000,s-8.249608489,s325.511526038
191_36,s6.190549266,s-0.900206479,s63.777475612
191_37,s-5.943380231,s-7.458819225,s92.418634716
191_38,s6.962118418,s-2.388199744,s311.157721648
191_39,s3.157069184,s4.492578460,s245.617081158
191_40,s-3.824699327,s-0.068730274,s340.369376844
191_41,s5.326672949,s-2.327867762,s18.202886511
191_42,s0.240502308,s0.625743880,s196.281066193
191_43,s4.388470631,s-5.832144706,s306.412889076
191_44,s8.560708985,s3.704246454,s8.880173469
191_45,s-7.244871212,s4.238510188,s24.230595791
191_46,s-3.238264489,s1.524923914,s238.654129526
191_47,s6.982111755,s-1.287471002,s266.138053181
191_48,s-0.152560826,s-1.381438090,s162.801980429
191_49,s-4.308807423,s1.790402661,s83.587562573
191_50,s1.067089636,s-1.828855431,s318.245990191
191_51,s-0.419880750,s-4.874288096,s94.889821530
191_52,s6.955459687,s-5.531261474,s146.007389738
191_53,s-0.977422086,s0.310428426,s21.234668824
191_54,s4.855422129,s-8.154875964,s19.462616497
191_55,s4.752779500,s-4.892900925,s240.733977756
191_56,s7.657224845,s5.219823325,s314.702375220
191_57,s2.599358477,s-4.036911101,s89.885067694
191_58,s8.590739790,s-1.550917300,s141.755208676
191_59,s8.263941638,s2.114491346,s114.903199417
191_60,s-8.172911253,s-3.251644049,s65.760937969
191_61,s-1.166132647,s-3.490942128,s230.902739618
191_62,s0.926651629,s-3.897737103,s106.060341788
191_63,s-0.905884555,s1.830496121,s83.345475971
191_64,s-4.837507563,s0.794551257,s62.909278896
191_65,s-4.980882375,s0.150048964,s210.338760153
191_66,s-7.502944772,s-1.768782504,s120.237859781
191_67,s-3.607509057,s-0.852524495,s334.056457869
191_68,s7.378131091,s-8.428208812,s211.760269338
191_69,s7.006440017,s3.991472503,s245.361670297
191_70,s-7.041977784,s1.157845245,s341.114864552
191_71,s-4.264661437,s-5.341959886,s278.510736395
191_72,s7.850480313,s4.307742953,s228.919135490
191_73,s6.140625092,s4.281885958,s113.069664429
191_74,s6.723726920,s-4.594323049,s47.405091090
191_75,s-8.375060862,s2.007433975,s138.370128441
191_76,s-6.060719014,s5.718320574,s32.670945867
191_77,s-4.122381005,s5.343189558,s81.743631276
191_78,s-4.462575253,s-3.476540686,s181.878282601
191_79,s-4.908091259,s4.004860638,s154.183307289
191_80,s5.882027123,s4.585058155,s306.285046121
191_81,s-2.479106878,s-1.873997378,s259.590407663
191_82,s4.576765281,s6.516542018,s93.904022618
191_83,s-6.916789652,s-0.574424443,s267.648145363
191_84,s-1.194535294,s6.077069473,s226.482774237
191_85,s2.798346569,s-1.511833515,s174.585278999
191_86,s5.106813445,s7.177800070,s176.135324025
191_87,s2.632169432,s1.456851995,s253.589616023
191_88,s4.049122463,s-2.925859607,s19.731023352
191_89,s0.088093976,s1.631381806,s154.260209671
191_90,s-8.337672179,s-0.898603067,s220.507767259
191_91,s-7.216851997,s5.309073318,s181.051144809
191_92,s-4.304822560,s7.882695485,s352.196668272
191_93,s-1.070066711,s8.056113406,s12.185198472
191_94,s-8.166670859,s7.788252945,s302.938540855
191_95,s-7.996548652,s8.352078634,s19.017231714
191_96,s1.891443038,s7.175998705,s77.077207896
191_97,s-1.389434273,s7.103254936,s173.855562926
191_98,s4.686737693,s1.660894098,s314.453280049
191_99,s1.498183962,s1.139747708,s12.026562035
191_100,s-3.428532991,s4.468559135,s73.354255222
191_101,s-0.571944703,s6.758658827,s29.053931869
191_102,s5.798894221,s8.169306970,s323.548325369
191_103,s7.392550297,s-3.854305923,s99.529994906
191_104,s6.581549489,s8.268822572,s351.015517049
191_105,s-6.782575917,s3.497171520,s336.734149513
191_106,s-1.028122066,s4.673064331,s326.464686953
191_107,s-8.232260972,s5.900786957,s184.936365655
191_108,s7.709188614,s7.757212565,s315.844281360
191_109,s-0.324550516,s8.318504153,s342.498992814
191_110,s5.823956824,s5.465363008,s154.969435395
191_111,s-3.215166655,s-5.934297968,s334.849930383
191_112,s0.374280445,s-1.802225103,s308.973563165
191_113,s-0.798182390,s-2.275761727,s0.337422800
191_114,s-4.294190950,s0.120894504,s16.661980855
191_115,s-2.100545622,s6.098311925,s198.266620663
191_116,s1.207873822,s0.970828828,s295.442890201
191_117,s8.186387534,s-0.062280713,s139.675662880
191_118,s8.512574041,s4.581505396,s42.393147969
191_119,s1.912373453,s4.905838088,s278.760950700
191_120,s-8.328549953,s4.813328811,s204.104914763
191_121,s1.247571303,s6.788352909,s24.008268187
191_122,s-5.052970347,s5.068579072,s163.070203331
191_123,s-6.310766271,s-3.647185574,s197.274998193
191_124,s-8.042422297,s6.185778776,s245.615890226
191_125,s-5.536372491,s6.825060208,s206.230298064
191_126,s-0.497932523,s7.826443284,s95.279423031
191_127,s8.353302941,s7.539855008,s99.469088283
191_128,s4.003021578,s3.038020354,s304.912682908
191_129,s5.310691201,s6.634294798,s44.264824661
191_130,s7.643051160,s2.709617466,s42.098802522
191_131,s0.624831175,s7.849853830,s141.448909566
191_132,s3.335101955,s1.794814519,s81.131861268
191_133,s3.847085900,s0.469831250,s57.991661225
191_134,s6.475581643,s7.722061697,s189.108920675
191_135,s-2.511969823,s1.875819588,s122.127315184
191_136,s-5.303879586,s-1.766561395,s207.959759805
191_137,s-4.623992235,s2.065018083,s96.476164465
191_138,s-1.572975904,s2.761573426,s137.063984777
191_139,s-2.152284221,s3.228653616,s245.858494789
191_140,s1.367886551,s4.728117642,s239.354657327
191_141,s-3.977522567,s4.584220854,s8.541494944
191_142,s-3.505220520,s8.359114699,s88.495238845
191_143,s7.630186295,s0.642431200,s115.507406618
191_144,s-3.322203751,s7.834748146,s341.397844304
191_145,s-1.409745020,s1.335550576,s301.312013285
191_146,s5.031162797,s2.484762345,s166.958037236
191_147,s2.597498400,s2.684937227,s131.398482056
191_148,s7.605169868,s3.549937235,s43.765896090
191_149,s-1.120735391,s8.165558029,s344.956123498
191_150,s5.299671062,s-0.151346421,s77.856853325
191_151,s-6.847394729,s4.544252668,s236.060307284
191_152,s-2.491946324,s5.557233489,s302.608245592
191_153,s-3.750260675,s-2.529529867,s204.817051236
191_154,s1.319573580,s3.269046501,s32.700004980
191_155,s1.840014106,s-3.606296190,s303.049928732
191_156,s1.998835360,s2.345597340,s253.362473477
191_157,s1.998053603,s3.789189656,s16.489905887
191_158,s8.463768096,s6.343292417,s157.627671178
191_159,s-5.074226993,s8.266108556,s319.007231628
191_160,s2.966558371,s7.863915249,s38.827191949
191_161,s2.845669307,s-2.172854276,s65.621438361
191_162,s2.840437855,s0.478161029,s133.045650625
191_163,s2.274887475,s6.676148133,s293.671483608
191_164,s-0.794751622,s3.593600054,s225.650881754
191_165,s-3.860407298,s7.053897774,s280.452425592
191_166,s-7.710136819,s-0.214502100,s64.717723286
191_167,s-2.349937578,s7.402043488,s87.958011330
191_168,s-2.808232279,s7.684449712,s159.534167504
191_169,s-0.082644283,s6.603005835,s29.879114519
191_170,s-2.736937145,s4.702023163,s213.749080253
191_171,s-7.678301009,s8.349677902,s38.322509227
191_172,s3.839670248,s8.193389955,s321.675268622
191_173,s3.985843887,s4.074716941,s197.730623951
191_174,s5.749184166,s-1.237931401,s356.982515271
191_175,s7.445994790,s8.325536338,s222.601762286
191_176,s7.753519286,s7.100132282,s262.930612530
191_177,s4.732797700,s7.686697694,s25.489007579
191_178,s0.506085241,s5.568131118,s130.503134257
191_179,s8.530525945,s8.106388039,s43.344408249
191_180,s-8.370482895,s8.359114699,s319.315764490
191_181,s0.996360212,s4.711612286,s234.727051491
191_182,s-3.164659846,s6.361108426,s151.972809075
191_183,s-4.730471938,s4.382828747,s212.007303324
191_184,s2.801765370,s5.303259645,s287.486927896
191_185,s-5.614641617,s8.193401512,s291.910321600
191_186,s8.330163928,s5.816078956,s28.458087525
191_187,s-8.090283724,s7.047749069,s103.331811547
191_188,s-6.446251027,s4.868011162,s333.387859454
191_189,s1.518902989,s7.070710905,s43.797901300
191_190,s3.332095868,s8.164451512,s322.207776221
192_0,s-3.294602301,s2.997696601,s208.758732836
192_1,s-6.584126035,s-4.384513836,s212.961346037
192_2,s-1.899569512,s-4.006692520,s60.250659579
192_3,s-4.136505542,s-7.265991786,s264.339396284
192_4,s-7.913535554,s-1.854686367,s354.390148569
192_5,s-2.021364927,s2.392861568,s26.792631848
192_6,s1.416024749,s-4.222150521,s290.821572844
192_7,s-7.546539231,s-4.599227615,s298.581346006
192_8,s-3.999519005,s-6.542292773,s208.954143873
192_9,s-0.445181534,s1.312244282,s195.444388482
192_10,s1.637296138,s-5.939425474,s260.253429171
192_11,s3.199203386,s-3.033490396,s320.798082839
192_12,s7.289973786,s-2.123015659,s15.316714758
192_13,s6.480515428,s-6.088929084,s219.105743369
192_14,s3.427215279,s-1.021375701,s312.396550448
192_15,s-7.560721233,s-7.002274642,s13.322069934
192_16,s-7.824357345,s-2.434311079,s67.239770947
192_17,s-7.372925900,s-0.840616309,s42.522885104
192_18,s-4.809738119,s-2.878153092,s173.040283572
192_19,s0.694781895,s-3.558594697,s350.507561841
192_20,s7.780699487,s-0.406663315,s90.217756262
192_21,s-0.271034446,s-0.237716777,s224.397422644
192_22,s-2.084504694,s-1.628231786,s277.512548314
192_23,s5.913057746,s-2.954363696,s86.144301604
192_24,s-0.978290294,s2.624368969,s277.028798420
192_25,s-1.286390932,s-1.792917962,s119.727837515
192_26,s1.073878982,s-1.293053242,s313.693495806
192_27,s4.471196274,s-7.453492618,s222.610006712
192_28,s7.852155186,s-3.380437423,s5.361735724
192_29,s3.715463759,s6.950127117,s3.336915371
192_30,s-5.197493377,s6.392133120,s70.990000452
192_31,s-3.045240149,s-5.442029189,s103.698690831
192_32,s-2.897998073,s0.629163518,s252.460052264
192_33,s6.568775060,s5.520028579,s110.480586101
192_34,s0.125271679,s5.338296335,s171.100120161
192_35,s6.518761026,s-2.019065208,s216.573513752
192_36,s6.794339157,s-7.310255675,s308.651048683
192_37,s-2.031760415,s-7.393902329,s24.781091652
192_38,s-3.606241549,s-0.032824960,s359.944919793
192_39,s-0.079058666,s0.645509472,s79.527078648
192_40,s-0.908350804,s2.234893516,s307.412681664
192_41,s-1.234191497,s-2.232235720,s60.637629904
192_42,s7.832606705,s-4.672433858,s170.263884789
192_43,s1.377933425,s-2.993190271,s200.396420771
192_44,s3.672000171,s-5.441605758,s129.068454174
192_45,s-4.902371182,s-4.156921951,s358.307210136
192_46,s-4.892832282,s-0.279480116,s192.780193619
192_47,s-7.273281517,s-2.730390141,s290.514455753
192_48,s-1.332017809,s-5.682405775,s188.854004001
192_49,s-5.301915106,s7.107907600,s51.970537439
192_50,s-0.146579078,s-2.017711476,s278.170375327
192_51,s-5.253549028,s-5.319093111,s90.881446161
192_52,s1.839339137,s-3.134719000,s120.040694913
192_53,s-0.129416920,s3.247275499,s334.230220957
192_54,s-0.142936690,s-7.877681960,s179.166877236
192_55,s4.724568728,s-5.421313299,s131.350213727
192_56,s3.272321124,s-0.009998244,s330.897174341
192_57,s7.661559175,s2.799285068,s170.226963783
192_58,s6.973327437,s-6.325658888,s49.815619821
192_59,s4.626821225,s7.405240660,s93.403287487
192_60,s-3.153232106,s-2.014580956,s18.411780946
192_61,s-0.757705879,s4.448927226,s345.243490038
192_62,s-1.497087310,s-1.652306893,s308.205429300
192_63,s-2.736304456,s3.909544796,s109.410757690
192_64,s2.671731651,s-5.286504072,s307.362710676
192_65,s-2.751141049,s6.331077135,s74.697116749
192_66,s-2.439157548,s-5.372599783,s100.521879443
192_67,s2.787069335,s-3.539247325,s253.752054071
192_68,s7.631650345,s3.980761365,s289.799155165
192_69,s0.350012527,s-5.656292028,s18.023363622
192_70,s7.863979774,s4.321550396,s25.754158268
192_71,s2.283140089,s-2.467052806,s31.844899348
192_72,s2.590093622,s3.035490370,s153.854408353
192_73,s4.162929536,s5.469307093,s183.561343671
192_74,s6.000876307,s3.645107569,s211.932869717
192_75,s-4.157907726,s6.605422172,s158.230988158
192_76,s-3.165035960,s1.688581423,s151.860957043
192_77,s-7.485321210,s1.495435319,s88.280137110
192_78,s-4.151117146,s-2.410846203,s315.023142849
192_79,s-4.422713158,s5.171980312,s301.387907500
192_80,s6.333696945,s0.521209700,s12.715606516
192_81,s4.212547255,s4.474304184,s34.935519541
192_82,s-4.119425658,s1.875778803,s183.380789505
192_83,s1.181511090,s6.435749870,s29.314378823
192_84,s4.778450546,s7.039620539,s225.995789878
192_85,s4.568395968,s0.776486520,s142.242259169
192_86,s6.915273362,s4.554585636,s204.880403138
192_87,s7.237706475,s-2.797388887,s131.859266272
192_88,s3.775037515,s-4.957147554,s229.254731649
192_89,s7.092400604,s3.102564386,s37.853649711
192_90,s-7.904215233,s-0.754448843,s244.064209545
192_91,s-7.534510887,s-5.204367080,s296.947108313
192_92,s-5.778527613,s5.170430259,s47.182056645
192_93,s-4.495746998,s7.030347855,s16.125123511
192_94,s-6.749017029,s1.429002963,s40.192619977
192_95,s-4.551905534,s3.016224595,s280.701042267
192_96,s2.391961179,s4.594014134,s86.007807657
192_97,s1.444627032,s2.311782303,s23.956621133
192_98,s-2.346338862,s0.128389811,s215.810617053
192_99,s-3.172823922,s-0.944179901,s110.437689010
192_100,s1.344278049,s0.794426045,s234.191993168
192_101,s6.750098269,s7.230186125,s336.978816161
192_102,s6.442434371,s-3.034726084,s50.689522024
192_103,s0.723099854,s7.040283993,s45.202907644
192_104,s7.003186754,s4.089584846,s291.012544387
192_105,s-2.700920112,s-4.903696667,s58.544320761
192_106,s-5.614719669,s-3.848089074,s125.797588603
192_107,s-7.832137857,s0.531492861,s132.365362308
192_108,s-7.412477284,s-1.036145385,s348.940302016
192_109,s1.720178216,s-5.472013193,s182.826653171
192_110,s-4.492863679,s-1.018090782,s115.061054588
192_111,s-1.936178157,s3.386604862,s71.904884748
192_112,s-7.163104628,s-6.299345188,s135.272547310
192_113,s2.543765007,s6.715333957,s21.903044529
192_114,s3.217720419,s3.766728026,s134.719494651
192_115,s-5.081357087,s-2.131707331,s85.033717188
192_116,s1.058894178,s-0.016382655,s225.441629491
192_117,s7.628388274,s7.828530778,s256.141562254
192_118,s5.093763579,s5.223554184,s95.634324063
192_119,s5.078294222,s1.713195340,s264.708700236
192_120,s-6.615950014,s6.337052407,s353.246351839
192_121,s-5.770042915,s7.441163306,s340.807792672
192_122,s-0.309468619,s7.878091024,s2.012881851
192_123,s-2.662357171,s2.381628768,s124.484604487
192_124,s-3.026466956,s7.831345334,s185.416050756
192_125,s2.962463496,s1.925790247,s283.278402666
192_126,s0.074246568,s5.036313980,s216.897070366
192_127,s-2.028810384,s1.662434500,s185.635917776
192_128,s-0.458958854,s3.933599216,s109.175318645
192_129,s3.514286270,s0.131560208,s293.920043690
192_130,s2.299124193,s7.737817583,s84.512496520
192_131,s5.756676650,s-1.160135538,s290.119612565
192_132,s7.013636614,s6.073721631,s354.831046262
192_133,s5.549966649,s6.585948426,s188.969638405
192_134,s7.461521870,s0.132082918,s191.849990732
192_135,s-7.722598165,s3.711286514,s256.266014889
192_136,s-5.014206366,s3.233017105,s168.419378545
192_137,s0.494622278,s7.826329089,s15.424149375
192_138,s-4.320756491,s7.861501637,s207.013882163
192_139,s-6.630482587,s3.112415584,s340.477570749
192_140,s-4.422789948,s-1.836468653,s329.542213873
192_141,s4.353785738,s7.857847058,s164.478168250
192_142,s-7.760043552,s5.568825244,s26.734793432
192_143,s2.493786311,s4.048240749,s131.493564626
192_144,s1.304918188,s6.004793097,s81.870888308
192_145,s-2.140276829,s-0.931965267,s53.191243808
192_146,s-0.096013450,s7.461525608,s331.228246250
192_147,s7.829339700,s4.668314196,s112.629397770
192_148,s2.069346995,s4.245503808,s252.964316103
192_149,s6.742157960,s4.905298521,s276.718710678
192_150,s-6.667452338,s7.776143213,s265.572236227
192_151,s-7.706224268,s2.518823435,s59.556482107
192_152,s-3.161317074,s5.923419450,s105.413385582
192_153,s-6.787464196,s6.471346180,s329.075772441
192_154,s-5.580227130,s5.552275105,s249.369808154
192_155,s-7.889091605,s7.792813599,s31.516499668
192_156,s5.004516419,s-6.942929116,s112.025856490
192_157,s7.756505026,s5.690384703,s115.054518586
192_158,s-6.914235438,s4.366040579,s182.918031804
192_159,s2.663855663,s-1.629887596,s83.613023921
192_160,s4.183349979,s2.628078371,s13.387329191
192_161,s4.854337192,s3.852873874,s131.166761204
192_162,s3.663676625,s1.565804281,s301.320495849
192_163,s7.771140376,s7.259199048,s261.360527778
192_164,s-3.818982956,s3.834688283,s87.954597231
192_165,s-4.128598151,s6.034847643,s323.644430444
192_166,s-6.719257106,s7.230279616,s31.021277680
192_167,s-4.988416911,s2.476377607,s285.218203350
192_168,s-4.152623220,s4.979940529,s14.262065095
192_169,s0.696137653,s7.507752097,s232.560075666
192_170,s-4.023396682,s4.980776619,s136.904259215
192_171,s2.288561862,s7.341862565,s169.108036640
192_172,s3.320323087,s5.693181320,s332.796761168
192_173,s5.078320291,s7.804376383,s68.783105166
192_174,s3.442862749,s7.845747884,s256.116339476
192_175,s7.350461730,s1.832246926,s279.229183050
192_176,s-0.743677820,s6.411185808,s33.226300994
192_177,s3.666959403,s5.223789895,s122.147695670
192_178,s6.724692895,s7.632207941,s199.163519257
192_179,s5.228513603,s1.739180627,s342.536047101
192_180,s-7.704092857,s7.022514449,s17.126710765
192_181,s-4.558276837,s5.030210507,s302.304896074
192_182,s-6.361025905,s2.452072588,s243.367738190
192_183,s-5.408881274,s-2.707591893,s150.016596923
192_184,s-2.275055309,s7.831791898,s19.900782321
192_185,s-6.975149133,s-0.468010828,s144.733456355
192_186,s5.008544647,s-1.292271197,s46.031817261
192_187,s5.879099305,s5.808625428,s74.359791576
192_188,s-2.033750889,s6.868900490,s107.226845122
192_189,s7.540052312,s6.714713244,s147.736812920
192_190,s0.249196539,s2.406273480,s60.638840205
192_191,s7.338737689,s-5.312998617,s148.259436120
193_0,s-8.140675425,s-7.616308185,s35.168809953
193_1,s-5.724968672,s-6.411523127,s191.797009833
193_2,s-3.789162644,s-7.225310046,s27.934304884
193_3,s-2.832264892,s-3.585528630,s328.686015709
193_4,s-0.806788853,s1.163353008,s330.457933816
193_5,s-2.648316818,s-4.426564660,s193.792638046
193_6,s-4.724656188,s-3.705247572,s125.233953780
193_7,s-2.682679745,s-6.695469806,s36.912812083
193_8,s-0.125764905,s-5.385721589,s185.785401288
193_9,s7.324931290,s-1.882865955,s316.327283161
193_10,s1.543372966,s5.993483598,s304.523548818
193_11,s4.304443641,s-4.576317416,s52.961856405
193_12,s0.677954567,s-5.985000648,s30.025610509
193_13,s0.797209323,s-7.670212799,s2.892616909
193_14,s4.490668538,s-6.464091303,s187.446582883
193_15,s-5.016775508,s7.127231141,s162.678226240
193_16,s-6.381824505,s-5.435278575,s181.278949261
193_17,s-0.311350530,s-8.175816085,s108.018934481
193_18,s4.569592746,s-0.671922853,s42.975889378
193_19,s-5.886231406,s-2.575021706,s121.772771574
193_20,s-0.413330130,s-2.624374732,s244.477145603
193_21,s1.508322845,s-4.705720313,s204.786501942
193_22,s-4.698337779,s0.358268076,s255.500407276
193_23,s0.053822913,s-8.236313250,s224.791371158
193_24,s5.152694588,s0.225109000,s258.736049343
193_25,s6.473418551,s-0.185913829,s159.055222983
193_26,s6.154044729,s1.373831919,s129.844164012
193_27,s3.304102130,s0.321235716,s34.833649358
193_28,s7.733979962,s0.721052418,s174.234352831
193_29,s3.451379181,s-5.697429009,s232.523288847
193_30,s-2.035484881,s-7.858344345,s19.938655973
193_31,s-6.892635935,s-7.333160313,s25.872548206
193_32,s-6.475566468,s5.289669892,s343.883663467
193_33,s-2.955613363,s-5.300717863,s23.582264634
193_34,s-6.789406122,s-4.607479609,s165.893837934
193_35,s1.897092957,s-4.325726968,s56.116465361
193_36,s1.730367418,s0.674585279,s354.813733204
193_37,s8.245168186,s-3.703533411,s187.902359127
193_38,s5.529024762,s-2.169002595,s274.843468708
193_39,s1.409556531,s-3.540307627,s261.363379688
193_40,s-0.417557618,s-2.442167739,s220.554433098
193_41,s2.791220285,s-1.674196998,s107.621261423
193_42,s1.320952979,s-2.334807287,s202.958976666
193_43,s7.360488319,s-7.797802899,s219.348062380
193_44,s8.010872903,s-5.443700945,s358.735971294
193_45,s-8.066803790,s-3.278503151,s38.589664410
193_46,s-2.981115063,s0.375710810,s332.302907844
193_47,s-5.879437587,s5.095742044,s225.538709150
193_48,s-1.685011340,s-6.435212627,s146.538366153
193_49,s-1.728983428,s0.147608576,s72.599991409
193_50,s-1.559639398,s4.958545907,s80.403103904
193_51,s-0.259856017,s1.524508886,s101.850189833
193_52,s-3.870193326,s3.079954743,s186.854311210
193_53,s-2.466929263,s0.462069031,s235.842755703
193_54,s1.686392281,s-1.278867036,s171.193701887
193_55,s2.843808507,s2.651833795,s335.191556416
193_56,s-0.164850897,s3.793425448,s62.406861344
193_57,s8.025941221,s1.062645779,s41.053247483
193_58,s-6.538964163,s-1.881401487,s140.675699145
193_59,s3.079809084,s-7.824814336,s302.286172536
193_60,s-3.170685187,s7.512118973,s38.312045958
193_61,s2.596787937,s3.723733152,s132.417443673
193_62,s-1.468901349,s-4.792351642,s342.923926091
193_63,s-7.498549039,s-5.041404230,s290.050290052
193_64,s-8.151935652,s-4.599413691,s52.256715565
193_65,s-4.943134167,s-2.049865896,s67.346901892
193_66,s-4.822969783,s7.815344410,s6.094828523
193_67,s8.301567949,s-1.387486000,s347.228933286
193_68,s-1.385065441,s6.586860150,s327.471970140
193_69,s2.223738313,s6.709811364,s331.013280951
193_70,s-3.790774332,s0.042936746,s5.617308184
193_71,s2.423427271,s-0.213397002,s80.155958608
193_72,s7.231366702,s-2.088409370,s44.132206984
193_73,s2.192323053,s-0.983669351,s177.918886688
193_74,s8.268267986,s-7.234550055,s81.469630702
193_75,s-3.329970756,s-3.100293418,s167.702023337
193_76,s-6.858145028,s6.285428567,s215.882792008
193_77,s-4.255932050,s-3.176953062,s219.605568139
193_78,s-7.261916757,s-2.032521952,s353.283794176
193_79,s-1.181246942,s-3.458184337,s162.518636085
193_80,s4.688450551,s1.515192514,s156.619548195
193_81,s6.171025624,s-1.389460828,s40.884847495
193_82,s-2.578309353,s0.044743448,s69.557284956
193_83,s-2.334070315,s3.682314898,s279.681449605
193_84,s3.729754166,s0.653613799,s176.826058633
193_85,s7.445421577,s6.084263305,s110.954509255
193_86,s5.556626147,s5.992828266,s138.833321222
193_87,s8.199708988,s-2.112356713,s227.227401855
193_88,s2.920803358,s0.773681496,s182.459136470
193_89,s3.599633387,s-0.168281040,s119.941379564
193_90,s-7.366618503,s-0.337437466,s357.936608302
193_91,s2.339006977,s2.553618028,s162.199440460
193_92,s-8.119093466,s-1.666163284,s123.402470334
193_93,s-7.983478913,s7.997639824,s129.087648846
193_94,s-6.011382457,s7.685074232,s179.575433205
193_95,s-3.419427421,s0.813217919,s127.461538345
193_96,s-4.801398417,s2.981510384,s90.938972837
193_97,s-5.385912463,s7.132841513,s87.127608488
193_98,s-2.832508898,s0.693590780,s29.171496273
193_99,s-3.037848097,s4.673070046,s323.288530147
193_100,s4.140445663,s2.942325725,s171.756056598
193_101,s7.236194923,s4.773360755,s179.637149385
193_102,s-6.508282803,s0.263673352,s223.419005336
193_103,s4.369792108,s5.265594674,s43.906768940
193_104,s3.520346759,s4.155875336,s259.570110399
193_105,s-3.314959903,s-1.556145941,s240.807593359
193_106,s-2.624554391,s7.949497577,s45.869879922
193_107,s-7.136698895,s2.115078200,s204.740431044
193_108,s7.735199550,s2.842469689,s93.258180704
193_109,s0.912313261,s4.573462164,s245.105282095
193_110,s1.348053297,s1.445454446,s70.101915454
193_111,s7.122204196,s3.656609136,s202.255064668
193_112,s4.950442052,s1.169332607,s105.346742741
193_113,s0.199112876,s3.187715670,s203.062186589
193_114,s-2.284797694,s-2.443447591,s251.994309718
193_115,s5.762642909,s2.706696483,s313.741403488
193_116,s6.758473606,s-2.724096551,s287.492959882
193_117,s6.066935869,s3.067382231,s345.938901658
193_118,s5.902930640,s0.926897083,s301.432139470
193_119,s-0.505765200,s-1.373530727,s316.394411641
193_120,s-5.766851433,s6.034429533,s157.246399861
193_121,s-1.688050694,s-6.336736929,s193.703593484
193_122,s-4.485429426,s1.089234292,s21.294636179
193_123,s-5.947318824,s1.132378796,s283.261708454
193_124,s-2.864362133,s6.120307197,s107.020475267
193_125,s1.619875734,s2.943247599,s121.635170573
193_126,s2.766970178,s-4.252383707,s297.203222024
193_127,s2.423792381,s6.726758027,s315.740447426
193_128,s3.160739095,s5.195284562,s151.998633845
193_129,s2.312988933,s4.712868368,s38.099659640
193_130,s6.894580866,s5.910430842,s248.904243220
193_131,s-0.312072860,s7.940841035,s198.098428501
193_132,s-0.572581418,s7.917363045,s282.466688005
193_133,s2.775210290,s3.411820752,s131.527337291
193_134,s6.726955851,s4.219494207,s150.081416705
193_135,s-5.671213173,s3.105015197,s183.849435241
193_136,s2.869381740,s7.851448066,s34.356945579
193_137,s-4.865100351,s6.028605924,s290.449301020
193_138,s-6.830862534,s-3.299436214,s237.416745610
193_139,s-5.718623927,s-0.567601473,s214.898337403
193_140,s1.044558160,s0.818207228,s301.227072448
193_141,s-4.663049736,s4.533171947,s294.818770637
193_142,s0.058106879,s6.861639500,s201.687930696
193_143,s-1.098696809,s-0.877693256,s26.090165057
193_144,s6.598731655,s7.844988399,s46.286232265
193_145,s8.050552350,s1.941563651,s227.984091340
193_146,s8.082910326,s6.368677157,s157.498696766
193_147,s8.268349744,s5.685209971,s21.616492532
193_148,s6.522216557,s6.503091668,s229.451075037
193_149,s4.959024302,s3.417154341,s160.001546985
193_150,s-7.790123338,s2.761689658,s264.093526235
193_151,s-5.305342947,s5.714028516,s111.783487783
193_152,s-7.537823420,s4.357665184,s295.236583964
193_153,s-3.745348224,s5.038401983,s226.339062245
193_154,s-8.141366784,s6.775052804,s219.716181669
193_155,s0.749567566,s5.638520229,s133.607558394
193_156,s-5.161225082,s1.206589666,s284.619705124
193_157,s4.907218339,s6.541456528,s147.085963288
193_158,s4.249809441,s7.423105115,s273.311763175
193_159,s5.035127309,s4.900418453,s49.791488934
193_160,s4.657364272,s2.323392783,s142.571301446
193_161,s7.207363846,s5.040824883,s277.085093762
193_162,s1.534916376,s4.587154769,s79.502260349
193_163,s3.694188465,s-2.430848155,s354.044663141
193_164,s5.132418982,s7.296086123,s169.255250804
193_165,s-6.240559436,s-0.136755838,s85.430708234
193_166,s-6.274864922,s5.224108296,s45.446206540
193_167,s2.816666814,s5.601952552,s318.545159029
193_168,s-7.885569444,s5.498837335,s315.057282330
193_169,s-3.508213372,s4.568518503,s133.574321907
193_170,s-0.048399588,s7.162339911,s252.772279606
193_171,s-3.349327543,s2.183894376,s3.707481358
193_172,s-0.117902692,s0.470960995,s106.621735609
193_173,s4.393579741,s7.994253159,s318.761902514
193_174,s-0.639690963,s7.012010519,s58.812079245
193_175,s0.555699628,s6.674149722,s86.980790923
193_176,s4.644272313,s4.430760665,s200.229085632
193_177,s5.566200343,s4.237665659,s35.261875132
193_178,s2.998374427,s5.760314683,s335.187086634
193_179,s5.502331433,s7.586577993,s126.215550290
193_180,s1.857606736,s7.595795679,s327.007934742
193_181,s-7.236348973,s7.281879622,s338.648972630
193_182,s-8.129667230,s4.069415208,s272.509435936
193_183,s-8.038909548,s0.605576352,s338.903983825
193_184,s1.733578505,s6.526569373,s261.667935351
193_185,s1.626018699,s8.018755510,s11.000949032
193_186,s-2.911793515,s5.226359177,s86.735335822
193_187,s-1.799286789,s6.759835372,s343.868416407
193_188,s-4.414199752,s6.693040187,s216.676037400
193_189,s8.301567949,s7.926823155,s168.404647323
193_190,s7.087536498,s1.795761611,s17.234478965
193_191,s7.096153827,s7.843606509,s29.846239261
193_192,s8.137224294,s5.039993481,s222.680430501
194_0,s-7.964102783,s-7.743577340,s297.713540877
194_1,s0.957501555,s-2.883726459,s123.045322470
194_2,s-1.758255959,s-6.817960893,s315.558550676
194_3,s-2.464732896,s-1.693676614,s9.381257906
194_4,s-1.278649242,s-8.354821702,s138.396194033
194_5,s-5.575950196,s-8.163477707,s275.954890910
194_6,s-3.622795501,s-4.926661115,s334.076597301
194_7,s2.870174119,s-7.643591616,s212.558804129
194_8,s3.961738851,s-4.845953534,s120.446253624
194_9,s-2.322671703,s-5.413429983,s134.042400957
194_10,s3.484236995,s-0.770060874,s312.926227241
194_11,s2.083805903,s-5.679234064,s209.646003925
194_12,s6.914960765,s-0.626520254,s277.817812834
194_13,s6.000242579,s-7.626485608,s103.390796785
194_14,s8.338872539,s-6.513311144,s330.026781335
194_15,s-8.582631824,s-5.419373251,s186.749858085
194_16,s-4.934586568,s-0.547917116,s118.165312086
194_17,s-8.612453860,s-2.746798943,s306.535687889
194_18,s0.388757700,s-6.843629747,s71.875715672
194_19,s-0.480010726,s-3.968785582,s275.051614405
194_20,s-6.911137096,s-3.948273049,s117.385220140
194_21,s-4.148796701,s-6.068367267,s131.781925226
194_22,s0.134795164,s0.414413473,s40.390324416
194_23,s7.212389722,s3.704811083,s93.177509525
194_24,s8.515658627,s-2.021861911,s194.910510652
194_25,s-2.782464279,s-3.389484331,s131.939419341
194_26,s6.183542561,s-5.598065650,s117.056591274
194_27,s2.489097820,s-5.010022532,s276.211835549
194_28,s3.643998803,s-8.740277509,s69.280519761
194_29,s8.028902464,s-0.010865710,s256.408623274
194_30,s-8.511832689,s-1.619558852,s334.384879219
194_31,s-7.438015798,s-1.341490234,s329.325193307
194_32,s-6.015920112,s-6.611912804,s274.891538877
194_33,s2.305330888,s1.567338130,s193.954155827
194_34,s-3.782096750,s-2.512776509,s246.676496595
194_35,s0.938855136,s-4.733368391,s99.164502482
194_36,s7.401083196,s0.098552913,s165.356603995
194_37,s-0.221859922,s4.833379285,s135.414337877
194_38,s5.381062660,s2.129655679,s351.172675878
194_39,s-8.187396334,s0.109737030,s345.265094957
194_40,s-0.246766469,s-3.388712272,s159.914314983
194_41,s4.702743147,s-4.648043736,s313.143666793
194_42,s8.497374191,s-5.570918658,s147.094616948
194_43,s7.060882303,s-8.426834726,s119.209633107
194_44,s7.814839608,s-4.365411081,s192.502500888
194_45,s-7.437748678,s6.661622925,s336.696714083
194_46,s-7.342444419,s-4.376307987,s19.039932949
194_47,s-8.071314602,s-6.384382307,s131.061176117
194_48,s-5.435591243,s-1.667743621,s100.006690784
194_49,s0.989954418,s6.489128686,s22.772028391
194_50,s-7.223430126,s-2.061702527,s120.144838976
194_51,s-5.306961390,s1.242309373,s352.643866660
194_52,s-5.957328567,s5.839650175,s111.645330696
194_53,s7.298565594,s2.299694502,s183.629846117
194_54,s2.941469261,s-4.584470471,s233.260698672
194_55,s4.669356157,s7.037661144,s294.329403735
194_56,s2.651473012,s1.414936207,s24.787971948
194_57,s-3.947896025,s3.227744285,s320.917146524
194_58,s8.461591415,s-3.657142111,s276.205516440
194_59,s7.303996765,s-4.980502723,s200.455315306
194_60,s-8.205717059,s-3.295834339,s176.422666199
194_61,s-1.744170998,s1.432201777,s51.253486845
194_62,s-2.431802187,s-2.526767707,s93.500851640
194_63,s-5.298813968,s-0.563197832,s252.311475358
194_64,s-2.008064273,s3.254381382,s81.907714013
194_65,s-5.594960830,s-5.383306261,s286.621694916
194_66,s-6.437864123,s2.064393852,s72.429842891
194_67,s-1.094746177,s5.802261048,s72.859681805
194_68,s3.866201131,s-2.199070493,s144.027782333
194_69,s2.698981179,s-1.440019036,s52.537082762
194_70,s4.244540021,s6.298071299,s75.926507056
194_71,s5.516611152,s-2.996332319,s81.886712358
194_72,s7.234499821,s-5.828648520,s67.039665157
194_73,s0.909893969,s3.862783241,s337.722731756
194_74,s4.768859664,s2.387926181,s353.330629682
194_75,s-8.584966244,s1.483695152,s17.909220932
194_76,s-7.605026103,s4.991650002,s311.112262398
194_77,s-5.988808843,s3.803759582,s167.466790555
194_78,s1.157484347,s-0.855489442,s31.184663206
194_79,s-7.725721446,s3.026047257,s42.845259337
194_80,s-0.041080370,s-3.042869909,s354.385127724
194_81,s-7.867873494,s-1.946465236,s27.041911028
194_82,s-2.474657856,s2.260862886,s26.615090263
194_83,s-2.706396033,s1.195572999,s202.631341575
194_84,s3.723948736,s-0.088939026,s249.181291332
194_85,s2.215425398,s-0.684653593,s198.484147768
194_86,s1.712022588,s-1.525406603,s39.389576542
194_87,s1.580457092,s3.880485033,s225.512394140
194_88,s2.923743617,s-0.046232232,s17.335802976
194_89,s6.659954530,s1.588608908,s188.973367024
194_90,s-8.536617640,s0.561506683,s318.574979991
194_91,s1.186731133,s8.075854371,s179.674945357
194_92,s-3.565570679,s0.318440319,s160.840916677
194_93,s-3.039516333,s5.788847804,s110.761467433
194_94,s-3.947013038,s1.091414115,s338.368703614
194_95,s-1.001650337,s2.798134191,s84.496707626
194_96,s1.422173028,s7.081203938,s218.196164199
194_97,s-1.298530006,s-2.618967449,s220.042946415
194_98,s3.042480099,s8.170554358,s285.345116832
194_99,s-0.294496983,s0.886107837,s151.387751496
194_100,s8.144030956,s-0.874047251,s100.313892214
194_101,s8.006206089,s3.387597905,s202.968997730
194_102,s8.316157347,s1.679367888,s54.621806151
194_103,s4.348586214,s4.055978662,s70.114513886
194_104,s8.325227155,s2.180197700,s54.310231553
194_105,s-3.851031455,s3.965900227,s161.183321680
194_106,s-8.600681466,s5.063330086,s55.112632072
194_107,s-5.049173513,s8.277516643,s293.725551848
194_108,s-5.022137164,s2.830358271,s22.666596021
194_109,s-2.090719531,s-0.479689338,s303.343625357
194_110,s-2.274716865,s7.328162098,s200.699684205
194_111,s1.020740597,s7.672511881,s134.444812990
194_112,s-2.223673844,s4.361161273,s257.782597016
194_113,s-7.327256978,s7.846750199,s62.309703293
194_114,s8.372373724,s0.448303851,s207.823311597
194_115,s4.734780398,s7.849132140,s191.026417168
194_116,s1.080188054,s2.851916506,s77.220628941
194_117,s8.340296848,s5.288938654,s293.515580884
194_118,s4.456476095,s-3.408087793,s33.785729395
194_119,s6.940721428,s6.011880091,s10.678597643
194_120,s-6.709769734,s0.733983176,s312.815516235
194_121,s3.665482652,s-3.621068802,s312.461233058
194_122,s-3.662226434,s1.918815969,s106.114462629
194_123,s-8.218663737,s2.359465281,s250.419670121
194_124,s-8.639780800,s7.924138840,s164.732432704
194_125,s4.068201454,s8.071725820,s261.656367230
194_126,s-1.717510143,s3.568039357,s275.324247562
194_127,s7.657612619,s-2.753862642,s197.951061722
194_128,s7.226011495,s-2.506025440,s110.600097941
194_129,s2.486744807,s6.922307546,s9.999409474
194_130,s-4.296576466,s7.639223754,s293.500058691
194_131,s2.105399144,s4.501990322,s188.863171722
194_132,s0.331945455,s6.229192427,s277.590461253
194_133,s-5.749596783,s3.944894412,s310.433088985
194_134,s5.960665257,s0.923550484,s111.950142528
194_135,s-4.820789437,s0.053811549,s302.678470965
194_136,s-7.636478603,s0.956213350,s68.056856032
194_137,s-6.680996940,s5.643913203,s93.027553892
194_138,s-3.769645861,s0.463413225,s356.045582909
194_139,s-5.755509403,s2.117471967,s121.061166884
194_140,s-4.178006237,s4.681137416,s62.995685335
194_141,s-2.514697200,s6.326522832,s14.667940317
194_142,s-4.900981014,s5.083366407,s51.662413267
194_143,s3.104350569,s4.615891941,s232.985494858
194_144,s6.874729332,s8.306964250,s105.280580439
194_145,s5.298937953,s6.073926193,s224.392605989
194_146,s0.273662713,s6.795800148,s13.791442024
194_147,s5.686261715,s2.899128170,s321.266698007
194_148,s3.680141722,s0.567631815,s54.182535170
194_149,s5.478959081,s7.694819119,s216.585590122
194_150,s-1.880290136,s2.750461773,s359.265548428
194_151,s-8.586898715,s8.366999597,s213.432641433
194_152,s0.406790442,s8.336350832,s305.331603774
194_153,s-8.240515247,s6.092602089,s349.638394602
194_154,s-5.707430778,s-4.804793651,s230.486642956
194_155,s0.231030231,s0.711398716,s171.238985825
194_156,s6.662308024,s7.063080336,s125.902012014
194_157,s4.285822715,s5.867899233,s345.183599122
194_158,s3.763744378,s5.747935576,s35.244406179
194_159,s6.646616208,s0.695860373,s23.019990873
194_160,s1.895257359,s3.616608465,s274.870021109
194_161,s8.103474077,s6.373333981,s56.388783503
194_162,s8.515658627,s5.815698394,s235.385150503
194_163,s6.323793549,s8.377958387,s285.414517459
194_164,s-2.768528188,s-0.874439392,s81.665845341
194_165,s-5.205932783,s5.710680252,s201.237475473
194_166,s-6.583490886,s8.057471284,s256.359546789
194_167,s1.286080274,s4.513195549,s5.009863964
194_168,s-6.874782003,s4.734183622,s165.755518750
194_169,s0.404600416,s5.209672741,s130.814140840
194_170,s6.074570805,s5.137893671,s327.713575237
194_171,s4.526356826,s5.000148817,s78.527530878
194_172,s-1.581389198,s1.841629958,s225.686728273
194_173,s-2.842090804,s7.519467136,s26.662943746
194_174,s-2.743713808,s3.388008497,s168.404940876
194_175,s2.201956643,s8.261468745,s169.934555453
194_176,s-3.771657367,s8.257965204,s236.750902498
194_177,s3.924140012,s5.124564980,s143.438452864
194_178,s7.503412462,s5.222589788,s71.968187504
194_179,s4.224017484,s0.298218669,s339.349982206
194_180,s-7.676708502,s2.349765901,s54.658284304
194_181,s-6.594491594,s0.181230579,s346.795958830
194_182,s-6.070372865,s0.531596849,s14.273876152
194_183,s3.052863324,s6.069122165,s356.525797052
194_184,s-7.154070721,s5.831389234,s251.407164997
194_185,s-2.365440729,s8.263179847,s132.297278575
194_186,s-1.460719926,s7.336532185,s46.459487517
194_187,s3.971104906,s7.885098699,s250.958067009
194_188,s-1.928017809,s4.969071037,s356.031376006
194_189,s6.325406581,s7.791341724,s99.433324301
194_190,s1.860663264,s7.084553281,s242.217118158
194_191,s-5.512168536,s5.244256468,s176.560193268
194_192,s7.596803678,s8.272540103,s6.344245867
194_193,s8.171907609,s8.196168221,s45.936859397
195_0,s-5.392277876,s-5.621274420,s206.389370069
195_1,s-8.145878553,s-3.487492819,s122.575919426
195_2,s-6.377706451,s-1.651508613,s214.067202257
195_3,s-3.120670325,s-3.888197643,s66.505292366
195_4,s-2.589881624,s-8.162490619,s228.983602184
195_5,s2.945389967,s-6.826922596,s339.575101423
195_6,s-5.299693053,s-2.717336180,s99.280368720
195_7,s1.699190104,s-1.937302916,s218.717455363
195_8,s2.393046701,s-8.040318452,s201.882755839
195_9,s-2.152667274,s-1.120095337,s281.492058564
195_10,s3.723046364,s-5.375523075,s292.301572501
195_11,s7.896525127,s-3.106130457,s263.668008849
195_12,s4.192032520,s-8.224562301,s359.049472201
195_13,s7.686737744,s-5.240063119,s315.234783522
195_14,s8.163559867,s-6.396266241,s134.273832926
195_15,s-4.032197212,s-3.055545557,s248.233360819
195_16,s-5.515083554,s-0.276551950,s40.947085813
195_17,s-7.184352888,s-0.841647451,s60.997271934
195_18,s-0.286133323,s-2.607463156,s149.515581110
195_19,s-5.117585547,s-7.792224908,s122.279358922
195_20,s-5.959606499,s0.014923576,s72.118127240
195_21,s-5.046115897,s1.870538239,s96.239131751
195_22,s4.268562386,s-1.139563284,s53.756341572
195_23,s-2.354184375,s-5.944891465,s169.940064698
195_24,s3.479957678,s-6.543448357,s47.453861978
195_25,s3.344924528,s-3.477787812,s49.051564849
195_26,s-0.999726117,s-1.326213234,s322.305503487
195_27,s6.907685415,s-3.209988154,s12.289284681
195_28,s7.200006587,s-4.506673989,s224.680138553
195_29,s6.499210964,s-5.712776146,s121.878975511
195_30,s-4.164156978,s-6.649665352,s9.238413336
195_31,s-8.086577723,s-6.530064647,s309.632305849
195_32,s-7.965099896,s-4.650164627,s50.648096648
195_33,s-1.479145137,s-4.442732456,s283.194718532
195_34,s-2.754534615,s0.315988928,s5.783082370
195_35,s-5.742895223,s-7.148086920,s228.962984065
195_36,s-5.677595504,s-3.917011485,s82.976164799
195_37,s-3.813899747,s-0.396893213,s211.583560398
195_38,s7.158898538,s0.622088650,s318.003293551
195_39,s-1.322874525,s-7.068676946,s136.178910112
195_40,s1.431537439,s-3.849000334,s223.866088817
195_41,s6.347100952,s-8.017451371,s237.651225015
195_42,s0.431558622,s4.638956538,s209.393719997
195_43,s1.794019189,s-4.604464724,s74.951355325
195_44,s8.172414187,s-2.028927289,s110.078207151
195_45,s-0.542454605,s-3.380742193,s348.780466713
195_46,s-7.159934950,s7.706657647,s293.400595386
195_47,s-1.769633185,s-4.595669649,s78.257915990
195_48,s-6.084326722,s1.308125951,s47.940744597
195_49,s-8.133969499,s0.818458516,s122.173761229
195_50,s5.658369817,s2.232585595,s17.642536373
195_51,s0.259760784,s2.942716452,s174.215387773
195_52,s6.751645899,s4.936130871,s100.004431643
195_53,s1.097221746,s-6.725363476,s48.593563100
195_54,s3.090606381,s-0.568432956,s139.832325053
195_55,s-0.372911537,s-2.003277536,s180.928191377
195_56,s6.808255595,s-1.663227168,s84.522389943
195_57,s4.906459101,s-4.376407982,s249.766993781
195_58,s-1.576785863,s0.798428557,s243.777265362
195_59,s1.892034170,s4.425970649,s116.044059587
195_60,s-1.880012271,s-0.762478283,s297.173261493
195_61,s-5.083143610,s5.225330410,s322.645510979
195_62,s-7.485372874,s-0.078016744,s222.804296159
195_63,s-6.998093997,s2.905399892,s255.963195513
195_64,s-4.504177992,s6.904293756,s99.679714636
195_65,s-0.865340209,s-0.291698082,s165.379222705
195_66,s-4.108208266,s-0.141626441,s278.816461331
195_67,s-3.771580902,s-0.819738255,s123.884655825
195_68,s-0.192450336,s3.753859216,s283.672746803
195_69,s-2.499213561,s-4.893121166,s71.135833954
195_70,s4.958012892,s7.800981567,s1.735236789
195_71,s1.256670256,s-0.528661239,s29.094739512
195_72,s7.029155615,s-2.396296687,s86.263184074
195_73,s7.673773837,s0.930541770,s253.018960043
195_74,s7.074513804,s2.496578879,s234.048353619
195_75,s-6.675508432,s4.113545052,s281.260675787
195_76,s-7.527679243,s4.415701179,s65.295191215
195_77,s-6.222252841,s3.858193965,s279.348803678
195_78,s-0.046246221,s7.759315901,s40.359840969
195_79,s1.012665116,s3.883797581,s191.555474633
195_80,s0.590459619,s-0.074341360,s175.464729327
195_81,s0.064301590,s-2.492706015,s359.985225110
195_82,s4.588912076,s5.170990479,s215.642057412
195_83,s6.839890855,s6.201174934,s304.958231388
195_84,s4.771815108,s1.081938023,s35.993821774
195_85,s3.054613367,s7.430454158,s159.624864989
195_86,s8.151798138,s0.585385344,s332.936521134
195_87,s3.931861256,s4.445754256,s221.281222459
195_88,s3.534742564,s-2.096123728,s281.798301055
195_89,s7.968382127,s3.536764951,s216.781407303
195_90,s-8.158246219,s-1.049572530,s278.852060428
195_91,s-7.473886638,s-3.506778700,s108.974062820
195_92,s-7.038137683,s-0.186738318,s277.853187293
195_93,s3.449220427,s1.167343855,s239.342058011
195_94,s-0.552470635,s-5.171151387,s236.813401449
195_95,s-3.799802004,s-2.340839784,s53.993020732
195_96,s0.717887763,s1.230708925,s140.256420290
195_97,s-5.725438254,s6.166629750,s144.229475126
195_98,s-2.153261705,s7.373637213,s50.265766075
195_99,s-0.442844852,s0.924071321,s54.738922782
195_100,s2.107773407,s-3.750575605,s348.343765832
195_101,s5.283868974,s-0.278923298,s20.365316454
195_102,s8.118346317,s-0.868402505,s104.331436110
195_103,s0.580625318,s5.284324046,s332.688416981
195_104,s6.628519290,s7.053566310,s42.180079847
195_105,s-2.502310044,s-2.034644869,s11.753076090
195_106,s-1.000479356,s2.698749572,s359.700144876
195_107,s-2.286314476,s1.745246002,s39.090463858
195_108,s0.914431529,s-2.787171902,s313.883371462
195_109,s-5.063926040,s-0.173421734,s306.773636475
195_110,s-5.264613093,s3.196583797,s230.608054563
195_111,s3.462726264,s3.524978490,s204.363301925
195_112,s-1.338360076,s8.112876310,s50.894057199
195_113,s6.700665789,s7.687895722,s239.012372301
195_114,s2.117108460,s6.403258525,s199.129655319
195_115,s-2.438898888,s3.546635338,s178.434197236
195_116,s6.058156266,s0.511807284,s9.972544840
195_117,s2.037350527,s0.464732799,s140.449173671
195_118,s6.503470194,s0.799008185,s327.368894358
195_119,s8.197589008,s5.964381712,s74.757076594
195_120,s-8.057618139,s3.262261475,s132.738197103
195_121,s-1.171216458,s2.401950378,s243.843802248
195_122,s-3.401225284,s1.535147128,s121.018880914
195_123,s2.408389560,s8.030416404,s155.596402147
195_124,s-2.712507158,s5.248739865,s138.177644799
195_125,s4.753680450,s5.703041096,s306.049276601
195_126,s-1.188427369,s-0.684148023,s51.487661153
195_127,s4.421181623,s-2.139933040,s273.621977569
195_128,s3.766910090,s7.945541944,s152.280575373
195_129,s2.222633848,s4.504955141,s6.592976267
195_130,s0.139376736,s-0.296101964,s4.211627277
195_131,s2.261981248,s5.498857582,s191.100498559
195_132,s7.041270957,s-0.196912583,s270.538039763
195_133,s8.197152346,s1.484765529,s231.131339946
195_134,s7.903141362,s7.186537355,s240.630662692
195_135,s-8.011127111,s6.919372442,s311.166541604
195_136,s-8.044868090,s3.820620168,s108.124133303
195_137,s-6.047924610,s5.700372901,s75.101632573
195_138,s-7.976966567,s2.489401910,s84.572267119
195_139,s-7.924239349,s5.316437239,s291.895464240
195_140,s-8.050433051,s7.980447840,s65.980726645
195_141,s-1.901905222,s6.244107367,s187.700990271
195_142,s2.372460069,s3.207283068,s223.632385044
195_143,s5.348650448,s3.991638721,s117.806657240
195_144,s3.920464695,s1.233660591,s191.746031199
195_145,s-0.080664663,s1.577190274,s191.456704369
195_146,s5.544697681,s8.098870978,s128.615257543
195_147,s3.073664591,s6.737930370,s258.543400787
195_148,s1.215182580,s6.926033350,s357.291671618
195_149,s5.957611220,s-0.901594499,s38.644601777
195_150,s-3.794526600,s6.471312398,s347.173824826
195_151,s-5.823060638,s7.131370361,s27.281723246
195_152,s-4.229352494,s8.138775110,s292.020996388
195_153,s-2.274846531,s4.555423935,s172.927829696
195_154,s-0.911352622,s7.116879828,s274.731970252
195_155,s3.053428744,s4.696366142,s75.889601444
195_156,s-5.872672442,s5.223019450,s102.536566543
195_157,s-5.950588946,s6.696052367,s283.911946386
195_158,s-3.449515447,s4.343369240,s184.172385277
195_159,s2.734778630,s3.266655889,s224.368483178
195_160,s0.646048769,s1.534408002,s288.533046213
195_161,s-2.952568569,s6.669826938,s177.124266038
195_162,s2.790088654,s8.126101325,s34.843078711
195_163,s1.514172524,s-3.441473242,s4.710861898
195_164,s6.346824234,s3.835980512,s299.849550670
195_165,s-8.037296768,s1.477667838,s202.123297802
195_166,s-7.780943074,s-5.858904402,s198.818956422
195_167,s2.235459162,s1.907823851,s313.715328894
195_168,s4.782182061,s2.930411673,s55.449862485
195_169,s-2.188475282,s2.262842335,s188.524475535
195_170,s-1.577145842,s3.005497202,s198.906701488
195_171,s7.261078921,s5.388172300,s266.297292707
195_172,s-5.023872362,s2.403550441,s116.801979754
195_173,s-2.778490958,s7.174464497,s329.238178296
195_174,s-4.417478874,s-4.019851815,s250.412270539
195_175,s4.265975752,s3.053753269,s42.913783277
195_176,s-0.743824245,s5.505641120,s294.538945160
195_177,s8.013816539,s6.609355912,s122.140314467
195_178,s7.258050631,s4.881419878,s11.392720359
195_179,s8.059414676,s8.075773005,s186.808763012
195_180,s-5.223152976,s7.929063839,s304.258118359
195_181,s-3.950494911,s7.793760479,s142.129754642
195_182,s-0.014669163,s6.542424125,s352.688821966
195_183,s-0.069798189,s5.504992401,s294.374888637
195_184,s-4.974798652,s8.012023373,s142.846445235
195_185,s-6.240595629,s7.819518098,s246.514644086
195_186,s0.869652493,s8.138775110,s313.195329865
195_187,s-2.802767969,s0.501350196,s249.976978360
195_188,s-3.231694898,s-0.556713339,s135.306766923
195_189,s-1.345426399,s3.529674912,s139.447556468
195_190,s2.839496204,s1.651632920,s342.481321467
195_191,s5.787125663,s6.599445116,s189.898034705
195_192,s1.488072147,s0.538669756,s327.808707416
195_193,s3.942026881,s6.923011027,s281.039159201
195_194,s0.793606508,s6.579214314,s330.007984022
196_0,s-7.266767960,s-6.385954961,s220.328373990
196_1,s0.226151472,s-5.396987620,s255.464629255
196_2,s-8.273101067,s-5.982736196,s268.155435114
196_3,s-8.270495343,s-8.240449354,s287.392119353
196_4,s-1.222411894,s-4.959252986,s83.349020823
196_5,s-5.755288840,s-7.051465994,s240.241693177
196_6,s-0.486325483,s-7.266060528,s75.345435732
196_7,s5.200457721,s-2.010620193,s212.802145111
196_8,s6.699152428,s7.519558351,s30.623740355
196_9,s7.438302125,s-4.117681127,s62.043046438
196_10,s5.538301705,s-7.411040214,s330.091470357
196_11,s2.186943518,s-5.199473772,s42.979386358
196_12,s1.110542280,s-4.887119155,s287.927509026
196_13,s8.372797894,s-5.667092409,s228.326902541
196_14,s8.750506341,s-0.384956361,s17.774931510
196_15,s-7.385705806,s2.006180072,s102.457111542
196_16,s-7.861028508,s-0.237057150,s31.457854475
196_17,s-6.593220726,s-5.071070693,s107.804864171
196_18,s-1.251621392,s-0.037372156,s244.977821393
196_19,s-0.414719475,s-2.780038873,s164.613677560
196_20,s-8.024491614,s-2.084600205,s204.842066726
196_21,s-1.930088347,s-7.156703583,s217.563808786
196_22,s0.357120247,s-0.048084732,s107.440159382
196_23,s3.347427317,s-7.680124380,s135.920940522
196_24,s-1.801910675,s-1.870765211,s283.773797269
196_25,s4.359713650,s-6.439345628,s112.702043964
196_26,s6.293656565,s0.967417011,s2.695501596
196_27,s2.690490401,s-0.593078346,s259.561450042
196_28,s6.722229334,s-8.694785327,s23.252814556
196_29,s6.008622857,s-6.363603163,s159.743226854
196_30,s-2.425871719,s2.640258878,s29.479037363
196_31,s-5.338155068,s-5.882413970,s305.263631554
196_32,s-3.152664519,s-0.363871168,s312.390937024
196_33,s-5.341172753,s3.573131024,s34.781986012
196_34,s-5.299483756,s-1.677657607,s195.996427198
196_35,s-4.925570549,s-7.898150257,s119.040493369
196_36,s-7.037692719,s-2.594345865,s83.500812764
196_37,s0.904715889,s2.976420058,s120.211637493
196_38,s-0.563780610,s-3.221001186,s57.049370545
196_39,s3.680247216,s5.591594713,s178.158946913
196_40,s8.278162214,s-1.315257605,s64.641688791
196_41,s4.883609489,s-8.699551171,s282.967711532
196_42,s7.277697576,s1.708699317,s22.395189120
196_43,s3.223893712,s-0.134091585,s138.669443088
196_44,s6.827118917,s-4.531378248,s48.270460961
196_45,s-4.330799820,s-1.757115879,s258.758860521
196_46,s-4.518101845,s6.663684019,s249.011202238
196_47,s-6.345537304,s-0.476324908,s176.238322201
196_48,s-2.108504306,s4.155577111,s289.120906828
196_49,s-7.133119801,s-3.614255135,s293.169483097
196_50,s-3.931593659,s-6.832692273,s288.929140454
196_51,s-7.998955810,s4.367767857,s207.935869355
196_52,s-3.218819828,s-1.466420613,s298.554638868
196_53,s4.297623724,s-3.325356454,s78.641961253
196_54,s1.277043266,s0.415105141,s195.075956938
196_55,s-2.965153429,s2.018715417,s107.007336291
196_56,s0.591718244,s6.656238566,s214.569111821
196_57,s3.624532612,s-2.821216925,s321.663307090
196_58,s0.361556584,s-2.720920692,s118.942761729
196_59,s6.992358968,s0.352025429,s68.149323244
196_60,s-0.939704730,s-0.854852407,s191.845931630
196_61,s-8.209506145,s4.988136903,s38.268831659
196_62,s-1.757033599,s4.688007670,s46.990293586
196_63,s-5.494272273,s-3.464670108,s343.444596124
196_64,s-4.833919924,s-2.560913642,s304.352717630
196_65,s-1.703090187,s-4.142763634,s283.494498183
196_66,s3.993176328,s2.337367564,s289.547215197
196_67,s3.053927472,s2.005595453,s357.710886580
196_68,s1.482696837,s-3.478857416,s321.737773259
196_69,s7.759752966,s0.375974509,s205.271555632
196_70,s-3.084786228,s-2.662600892,s206.207409813
196_71,s7.584780561,s4.579166016,s74.580980860
196_72,s8.505220591,s-2.304256854,s178.789307393
196_73,s6.017642780,s-1.295269896,s166.758907744
196_74,s7.455435672,s6.823635164,s253.107703693
196_75,s-7.223137279,s2.845487698,s193.257628322
196_76,s-2.664181319,s-8.163157278,s45.929170650
196_77,s-6.674904192,s5.520050629,s94.411737498
196_78,s4.417678908,s-0.203101703,s171.890538975
196_79,s-4.724723631,s5.152912607,s210.439771782
196_80,s2.607402447,s-2.878953473,s54.788130561
196_81,s3.754367447,s0.980578778,s286.363474448
196_82,s6.653032084,s3.238824973,s263.928029566
196_83,s5.827484709,s-3.946318336,s111.641172947
196_84,s1.497179467,s-0.156116756,s196.709783228
196_85,s5.961826222,s1.860644092,s317.284435561
196_86,s3.275902107,s6.647488913,s160.729779596
196_87,s4.175179696,s-4.762735627,s247.884637743
196_88,s2.024244673,s-7.041454775,s132.817709685
196_89,s8.611217072,s2.102602357,s113.170392990
196_90,s-1.264855882,s6.220396427,s22.321620524
196_91,s-6.752594962,s4.028948443,s23.817605435
196_92,s-4.255209109,s0.430038219,s107.005904078
196_93,s-0.732331758,s6.909343847,s346.826379657
196_94,s2.026080415,s2.472336199,s318.120633671
196_95,s-2.047608831,s8.316359241,s74.974969495
196_96,s-6.206047728,s6.714317083,s55.661538063
196_97,s-3.247686537,s-4.708220291,s39.243643935
196_98,s-0.433080426,s-1.165666332,s171.215415229
196_99,s0.856483957,s-2.676579944,s83.097286603
196_100,s5.903584731,s2.963971902,s71.018221952
196_101,s6.935923079,s5.326958348,s332.322382839
196_102,s-4.149516601,s-2.500146510,s0.584298244
196_103,s8.696999278,s0.231968907,s186.799636213
196_104,s8.538781499,s6.127129889,s0.657084298
196_105,s-6.090042292,s0.589196177,s354.656361947
196_106,s-0.997716506,s-2.241984362,s169.534234069
196_107,s-3.168210107,s4.882610417,s333.128495058
196_108,s-1.615594898,s8.024002393,s348.971395925
196_109,s0.801482240,s3.430240201,s189.754923693
196_110,s-5.278609727,s6.300497707,s165.412470390
196_111,s-0.959620599,s1.602058160,s107.656475069
196_112,s4.851877965,s1.191554106,s359.028660551
196_113,s3.441213840,s7.396585523,s230.163287986
196_114,s5.152243074,s0.099597730,s46.406063074
196_115,s4.513844836,s7.355064942,s225.634887012
196_116,s5.281243489,s1.800751873,s253.141834527
196_117,s3.576585474,s0.414684217,s297.220674998
196_118,s7.930897264,s6.554131876,s314.059243747
196_119,s8.305523550,s3.435318951,s23.817049290
196_120,s-6.297990305,s1.169275000,s209.378461588
196_121,s-7.627858202,s0.804322874,s142.462397610
196_122,s-4.749011468,s2.146803525,s196.423900258
196_123,s0.926603614,s1.274994887,s240.419995321
196_124,s-8.220721703,s7.315609371,s110.611201028
196_125,s-4.257051272,s3.965737894,s343.111072115
196_126,s1.527101756,s1.359744498,s193.151639481
196_127,s-6.533877852,s3.024025499,s336.092707839
196_128,s-3.620580427,s7.164693077,s245.438281852
196_129,s4.085880997,s3.924836805,s140.984914630
196_130,s4.861532051,s3.421480475,s341.971546518
196_131,s-1.096987231,s5.417562646,s146.731800092
196_132,s6.009092455,s6.559332136,s311.471503456
196_133,s2.647971324,s-3.463567759,s251.838154380
196_134,s8.622774796,s8.235840910,s333.109329374
196_135,s-1.924976461,s7.005045788,s69.855227651
196_136,s2.082888194,s5.846175996,s97.379829987
196_137,s-5.765193098,s6.565166423,s85.025094692
196_138,s0.306536637,s7.077211087,s241.079040062
196_139,s-2.832585871,s5.569366123,s87.679985658
196_140,s-3.623221712,s2.033858623,s188.010394047
196_141,s4.501800327,s6.513866197,s32.307972889
196_142,s-8.161551483,s7.316668772,s209.962813123
196_143,s-4.114172004,s7.876499614,s158.075243153
196_144,s-1.593536967,s4.683916742,s343.516547106
196_145,s3.596155629,s7.704294795,s40.675363859
196_146,s6.553668473,s8.275002583,s343.142318054
196_147,s6.850297157,s6.188305732,s276.101560404
196_148,s-0.364257431,s6.014178712,s75.178910339
196_149,s8.543376517,s7.223685603,s10.972342234
196_150,s-8.262474035,s8.279146608,s169.681333348
196_151,s-4.058605216,s0.856581676,s49.196362057
196_152,s-2.471600669,s4.269047139,s313.173120761
196_153,s-6.314791508,s5.189748298,s286.421931626
196_154,s-8.192412201,s1.754199835,s60.599011030
196_155,s-7.162893857,s8.126860438,s286.813111491
196_156,s-1.015875487,s3.035922872,s165.073625826
196_157,s0.246537541,s4.581201305,s353.521769301
196_158,s3.614485436,s1.952215295,s100.320337811
196_159,s7.993617322,s7.924650697,s57.860936251
196_160,s3.712189450,s7.522255927,s205.416175952
196_161,s5.807134611,s4.501356632,s167.652732016
196_162,s-0.266530043,s3.416543767,s37.587090840
196_163,s5.024101634,s-0.881097140,s229.449208820
196_164,s6.741558479,s8.098627867,s286.019631203
196_165,s-3.022483544,s7.374535590,s178.524805918
196_166,s-6.814808370,s7.326038392,s124.627609348
196_167,s1.415608392,s5.674711517,s296.667407771
196_168,s-7.276040127,s3.245960023,s352.383677684
196_169,s-0.166418866,s8.005296006,s86.136162944
196_170,s0.499348725,s3.720685034,s4.904522724
196_171,s3.301005746,s8.275624859,s140.283926616
196_172,s-8.284649729,s4.019373317,s92.643489527
196_173,s6.162802986,s4.234475202,s263.913213934
196_174,s4.567906445,s5.629554089,s338.378846954
196_175,s8.272285548,s5.834453638,s217.110897967
196_176,s1.902580687,s3.050346510,s305.195296531
196_177,s2.117488970,s6.939327409,s139.301508363
196_178,s3.521525542,s-2.047163142,s335.898011235
196_179,s1.410810793,s8.139302546,s221.314196011
196_180,s-6.944092912,s8.317088158,s172.990131936
196_181,s-2.120651378,s6.107519348,s305.078994508
196_182,s-6.371687098,s3.739527353,s47.554214110
196_183,s-2.540995030,s-0.577731545,s254.361042816
196_184,s-3.519039222,s8.317088158,s213.951301162
196_185,s-1.363928547,s7.240539563,s46.902815122
196_186,s3.593910942,s5.894122960,s92.725012847
196_187,s5.875778531,s5.361062777,s273.229167745
196_188,s2.736531580,s3.956492573,s190.561938393
196_189,s-3.773700222,s0.258363432,s187.593373461
196_190,s-2.958352433,s6.082990408,s142.020427243
196_191,s4.484141394,s8.317088158,s108.453454467
196_192,s0.767631730,s6.817006550,s351.625533266
196_193,s5.152913663,s7.622966086,s151.648431474
196_194,s1.163645918,s5.246588619,s193.229051338
196_195,s-5.528622937,s8.064047265,s62.703657559
197_0,s-4.775728016,s0.405302845,s262.503154119
197_1,s-5.214820957,s-6.213434581,s140.948656682
197_2,s-0.580998674,s0.775218529,s84.632431830
197_3,s-2.573631660,s-7.823303416,s307.398933898
197_4,s-4.221684806,s-5.247214944,s130.918292422
197_5,s-5.380446997,s1.424488820,s235.610358045
197_6,s0.172953405,s-7.331531082,s307.335257448
197_7,s-7.444024925,s-3.475327174,s43.632052248
197_8,s3.774081835,s0.153025063,s140.958791869
197_9,s2.996732855,s-5.825825349,s25.277164172
197_10,s-2.470666496,s-3.959320543,s230.658676362
197_11,s6.488495903,s-5.737709662,s163.523822474
197_12,s-0.217708834,s-0.446431572,s148.932854759
197_13,s7.906350486,s-3.693898991,s13.110483488
197_14,s6.416677721,s-7.658576079,s154.567291829
197_15,s-8.177003992,s3.668958229,s138.429344360
197_16,s-5.364318734,s-4.865856387,s154.515065210
197_17,s-6.683304123,s-7.307453083,s12.649818939
197_18,s-6.044050557,s-0.300738850,s356.884468917
197_19,s5.626454823,s-6.141131987,s60.063912603
197_20,s-8.132019284,s-0.576347418,s122.779849862
197_21,s-6.742367473,s-2.355579112,s219.008721737
197_22,s2.065728212,s-6.623913768,s273.988303702
197_23,s-1.341373592,s-7.767028770,s331.168754842
197_24,s3.252823299,s-3.292562277,s66.176754526
197_25,s5.586796552,s-7.376360444,s33.947560708
197_26,s4.375082569,s-7.682255459,s210.983981562
197_27,s3.579761224,s1.502926908,s337.805598878
197_28,s8.112511547,s-5.848623607,s153.111948431
197_29,s6.781461454,s-2.606591536,s14.947144053
197_30,s-5.587976324,s-5.370644343,s70.321658871
197_31,s-8.012182212,s-7.974060485,s183.818136347
197_32,s-3.491347100,s-6.832847645,s286.952764465
197_33,s-6.114862970,s-7.626375870,s275.840437706
197_34,s-6.749295190,s-4.440056273,s210.666911409
197_35,s0.579282027,s6.013491061,s76.446220379
197_36,s1.404283492,s-2.352699658,s254.674864443
197_37,s-1.552824971,s-6.962898980,s79.632312541
197_38,s0.124861772,s-2.748737425,s185.604844741
197_39,s1.315582251,s-0.709386761,s170.926314305
197_40,s-2.247066293,s-5.757013542,s114.273463307
197_41,s3.874682486,s6.775689274,s180.613197918
197_42,s5.945633656,s-2.427625460,s353.956276330
197_43,s7.912314373,s-7.816543260,s64.046856439
197_44,s5.225732171,s0.678331024,s260.152367738
197_45,s-8.072719785,s-2.697083679,s320.236127934
197_46,s-8.027744218,s-1.743584754,s152.208440599
197_47,s-1.973354178,s4.827647466,s307.968718641
197_48,s0.710490934,s0.306302943,s112.717825487
197_49,s-6.486832755,s5.144399519,s328.747162021
197_50,s-0.258663865,s3.306707761,s330.589770924
197_51,s7.200791462,s0.178022682,s330.375127567
197_52,s2.229429401,s2.307186318,s343.569058859
197_53,s1.916450258,s7.995479294,s167.898165619
197_54,s2.508980628,s8.254674185,s218.317875188
197_55,s5.580099021,s-0.358454123,s275.822318078
197_56,s4.654044889,s7.643614788,s192.859648410
197_57,s4.163851297,s-4.366625628,s317.914398100
197_58,s-0.499128876,s2.680263987,s158.600285192
197_59,s4.355573307,s-3.039958400,s188.480319408
197_60,s-8.117598863,s1.591663048,s127.847489052
197_61,s-7.807358241,s3.096224549,s102.511594519
197_62,s-8.056308125,s6.450390819,s151.912035468
197_63,s-4.588730772,s-7.915536518,s172.084607026
197_64,s-0.716091767,s7.825731255,s103.879616822
197_65,s7.709413957,s-0.522563644,s246.491752020
197_66,s-0.419415625,s0.266908466,s233.023332535
197_67,s-2.064566195,s-0.697981293,s260.656327305
197_68,s-2.576640316,s2.180824955,s355.714774065
197_69,s6.857177487,s-4.911509925,s213.475789449
197_70,s6.950812703,s-0.435366424,s215.457411292
197_71,s2.017824211,s-5.262940361,s208.433164306
197_72,s7.872961522,s2.650465104,s217.167713286
197_73,s5.752077691,s-3.311550368,s163.371652995
197_74,s7.316228944,s-1.736086345,s123.912809118
197_75,s-3.389194694,s8.134924126,s288.248368422
197_76,s1.312292488,s7.956435856,s345.495536434
197_77,s-2.306265288,s1.472620825,s211.282124369
197_78,s-5.587804848,s8.133425043,s154.590688935
197_79,s4.066054925,s-5.046196564,s149.057619218
197_80,s-4.088297142,s-4.182706759,s139.574638691
197_81,s-4.447032292,s-2.165308380,s264.585470754
197_82,s-7.475413870,s-5.880080099,s334.391857871
197_83,s-3.021702019,s-0.579340013,s80.912458663
197_84,s-5.022073499,s-3.710021191,s304.341280865
197_85,s8.204347429,s-0.461616489,s240.982153065
197_86,s7.528181396,s5.253833989,s79.536893788
197_87,s2.370950705,s-0.097912045,s236.486238037
197_88,s0.783870398,s8.204120578,s206.281031372
197_89,s5.287338597,s1.904169300,s155.961595227
197_90,s-1.238085358,s-4.919461710,s9.516986029
197_91,s2.885787599,s0.644581843,s44.979632617
197_92,s-5.555948569,s6.830163729,s103.779433161
197_93,s-8.108978019,s-3.994946097,s83.555178818
197_94,s1.377991458,s-6.067557064,s206.406516214
197_95,s-4.227840404,s-0.427323940,s305.498894004
197_96,s0.016378328,s-4.189037253,s191.083458870
197_97,s0.982331995,s6.381621385,s70.612601937
197_98,s-5.179303890,s2.196694053,s13.813832406
197_99,s-2.343509624,s5.600401723,s259.342996110
197_100,s-3.512307807,s2.604378042,s29.356363270
197_101,s-1.319617584,s3.162797333,s120.104704823
197_102,s2.909455068,s8.162553260,s52.867828467
197_103,s6.950840268,s8.245745852,s178.699163304
197_104,s2.812797161,s-4.564281201,s234.460580652
197_105,s-2.195909895,s0.326832278,s220.008354612
197_106,s-1.816430935,s3.520714100,s243.967169739
197_107,s1.794920218,s5.055438251,s296.048023256
197_108,s-5.439012759,s4.744079834,s228.613709150
197_109,s-6.917494624,s3.512462029,s5.766212511
197_110,s6.351373351,s3.668740866,s130.693646665
197_111,s-3.567212372,s6.032478432,s120.534989283
197_112,s-5.801430500,s6.288828149,s200.460062288
197_113,s6.736651156,s8.179523521,s176.565290127
197_114,s3.412999118,s1.892416585,s142.027431125
197_115,s5.710885751,s1.100174527,s159.570589741
197_116,s7.249931516,s7.185640466,s20.816211663
197_117,s7.673610738,s6.703338257,s74.496900303
197_118,s3.149257141,s7.679766415,s83.268169385
197_119,s7.308095317,s6.003731439,s85.319072636
197_120,s-6.820544862,s1.689696818,s228.117990419
197_121,s0.670160492,s-3.427327779,s65.594582598
197_122,s-3.592639451,s5.252936075,s24.890966699
197_123,s-8.177003992,s2.275199646,s135.803009485
197_124,s-7.902557431,s7.664446123,s239.706132983
197_125,s3.660343649,s5.420946104,s173.364122448
197_126,s4.496262650,s5.092904611,s332.991401824
197_127,s1.487055945,s0.763030377,s186.738546904
197_128,s6.115658601,s5.404655644,s328.471272852
197_129,s-3.999005903,s6.987345299,s313.355323426
197_130,s5.088969212,s7.691222738,s129.367167569
197_131,s3.677342702,s7.424089364,s258.710957186
197_132,s2.585902657,s-0.497261470,s344.880129859
197_133,s6.927391887,s4.325411687,s23.092795777
197_134,s2.437334275,s5.164375839,s143.017914632
197_135,s-5.176568900,s-1.434182170,s151.834911595
197_136,s0.754659132,s4.289658558,s247.159840892
197_137,s-7.661238280,s3.777254168,s129.633562828
197_138,s4.596185116,s-2.409905089,s124.036950135
197_139,s-5.242787639,s7.753165166,s10.173954566
197_140,s-3.045891028,s7.047393784,s233.438747739
197_141,s0.187570870,s3.539808241,s101.745467881
197_142,s4.669253412,s8.225173785,s123.743774747
197_143,s-6.614518289,s7.747058372,s182.157957618
197_144,s4.302372845,s2.302794461,s180.279233883
197_145,s6.701932155,s5.531115318,s171.381734713
197_146,s5.677322440,s8.074351110,s29.259244481
197_147,s7.237612741,s1.902534407,s48.825264080
197_148,s8.213309696,s8.151683258,s118.638442265
197_149,s2.275806745,s6.556114891,s188.252558460
197_150,s-7.104740725,s6.020304602,s311.861928148
197_151,s-7.468299962,s-0.531298823,s99.725643902
197_152,s2.259786200,s3.820723624,s115.534875000
197_153,s2.546130200,s7.918534584,s120.244317561
197_154,s-0.455066705,s1.389679950,s113.505376782
197_155,s0.039976987,s5.823820103,s139.635718280
197_156,s-6.645977567,s5.597481956,s174.190044757
197_157,s7.076132399,s8.040666020,s229.499394582
197_158,s-8.033699378,s4.267680166,s58.456946106
197_159,s6.311219897,s2.913685073,s334.496118044
197_160,s-3.464664871,s5.232501955,s84.955009406
197_161,s5.466741766,s-1.631198185,s164.437241652
197_162,s8.117039548,s1.937294725,s167.561089904
197_163,s5.806016616,s3.698250284,s324.714794949
197_164,s3.434895881,s-0.965815460,s230.748380288
197_165,s-4.311065704,s6.233807567,s142.460556430
197_166,s-4.465397633,s1.060298212,s48.450044324
197_167,s-6.787351052,s7.996184874,s27.238269457
197_168,s-5.401063587,s0.909156411,s211.322299534
197_169,s3.446390342,s3.292446581,s357.228084440
197_170,s2.512199067,s6.178989808,s114.633788967
197_171,s1.254353348,s6.054297780,s82.491796246
197_172,s5.170451390,s4.582250423,s175.068369243
197_173,s8.222370592,s6.176735763,s152.459188132
197_174,s7.763165091,s4.355952335,s253.900224701
197_175,s7.950789430,s7.831969955,s339.015901724
197_176,s-2.110616478,s3.978994141,s87.481023504
197_177,s5.270247416,s2.671839962,s325.997415891
197_178,s2.356861563,s3.421921482,s21.953802167
197_179,s-0.756052493,s-3.601324988,s11.360178193
197_180,s-6.078556791,s-3.881924560,s246.216852917
197_181,s0.413365886,s4.339156207,s76.158383313
197_182,s-4.561790743,s3.605206902,s277.407089911
197_183,s-7.066875585,s5.639399498,s284.694789835
197_184,s-0.451307529,s6.430759990,s50.307135270
197_185,s-0.169287611,s8.047953713,s121.032913186
197_186,s-3.124269137,s-3.095664830,s131.922904186
197_187,s1.201440557,s5.135145818,s274.162324380
197_188,s0.127489080,s7.466827440,s197.707707334
197_189,s1.257799708,s1.914404538,s8.716027552
197_190,s2.775315734,s2.896923464,s47.858485508
197_191,s4.425413712,s6.380201009,s19.663000738
197_192,s-0.959308376,s-0.886672677,s69.538993717
197_193,s1.492489265,s3.003212615,s151.415255161
197_194,s-7.593196569,s5.142300634,s107.553604170
197_195,s-7.623672355,s8.254674185,s65.591109691
197_196,s0.603550858,s-4.841544111,s148.704393240
198_0,s-6.260963988,s1.355054808,s343.877764366
198_1,s-4.170073133,s-2.633956526,s227.780982648
198_2,s-0.513446088,s-6.173293915,s0.429419580
198_3,s-6.513557112,s-4.892614240,s23.773830415
198_4,s-5.337541364,s-3.479819219,s319.308828728
198_5,s-6.296459824,s-3.648898130,s211.991032254
198_6,s1.014877493,s-5.805882701,s175.811271936
198_7,s1.024512657,s-7.417547586,s111.182999714
198_8,s-4.048914527,s-7.623246454,s145.094122587
198_9,s2.731061995,s-6.916408735,s13.550659349
198_10,s1.470949016,s3.268442129,s58.608011788
198_11,s4.008066675,s-5.667814121,s218.562592766
198_12,s5.592617242,s-4.788181337,s174.515171485
198_13,s7.189444493,s-6.293936952,s118.461221277
198_14,s2.447074952,s-3.751715349,s63.451712002
198_15,s-5.863517261,s-4.961975614,s252.477507590
198_16,s-7.423730272,s-4.644254267,s135.773638317
198_17,s2.205924445,s-2.973338715,s108.045879609
198_18,s-3.147252617,s-4.130717878,s298.280929878
198_19,s4.048610800,s0.461152465,s353.208702702
198_20,s4.936975873,s-1.088896454,s329.825798549
198_21,s1.076894545,s-3.455795785,s73.617828783
198_22,s4.909805258,s2.304999444,s118.657630871
198_23,s-0.516400141,s-7.354032116,s323.563109675
198_24,s4.404805124,s-6.397795054,s77.435004330
198_25,s-5.908197645,s0.472778574,s208.246267894
198_26,s5.939779552,s2.212189599,s58.948983654
198_27,s2.097845211,s-6.986176377,s220.747066352
198_28,s4.638542161,s-7.469155493,s214.481752416
198_29,s1.734693110,s-4.878562618,s205.093464918
198_30,s-6.483824758,s1.876705363,s174.855195632
198_31,s-7.484515446,s-7.038473646,s133.477383308
198_32,s0.356908740,s-6.690438950,s237.772108660
198_33,s-7.453849559,s6.143882791,s206.674175938
198_34,s-6.790571180,s-3.069634450,s33.140984283
198_35,s2.772581649,s-1.878458329,s263.950678242
198_36,s1.605085068,s0.878759553,s284.032864164
198_37,s-7.493680752,s-5.099291103,s169.628862870
198_38,s3.582562723,s-4.327170256,s268.537542196
198_39,s-6.964939913,s4.261324945,s69.843426299
198_40,s3.093890488,s4.148686966,s69.393919252
198_41,s2.471622256,s1.414222338,s133.613142509
198_42,s5.146947019,s2.547534373,s66.510348274
198_43,s5.279664062,s-5.635771177,s211.512989568
198_44,s7.475720377,s0.150853164,s24.316327239
198_45,s-7.490160375,s1.401114410,s343.843155959
198_46,s-3.527403571,s-3.803004080,s136.441535905
198_47,s-4.914146935,s-7.400201131,s140.779728001
198_48,s-2.669950277,s-5.603389460,s152.794900915
198_49,s-1.043646413,s7.282330753,s142.213887557
198_50,s0.846161097,s-6.312806604,s281.907913557
198_51,s-2.556466180,s-3.048929744,s72.277933167
198_52,s-0.283020939,s-4.438343674,s256.746836740
198_53,s6.939463026,s2.239706879,s326.631037586
198_54,s3.772402382,s-6.269564832,s230.563589618
198_55,s6.875673486,s5.541919671,s95.093199213
198_56,s7.570725450,s-5.183404921,s233.696895943
198_57,s7.367526318,s-1.602564152,s175.519407468
198_58,s7.283877397,s-3.203241421,s55.251892437
198_59,s7.526227882,s-4.298834463,s290.664197567
198_60,s-7.549842447,s3.886852063,s207.174692627
198_61,s-3.277084324,s6.597560693,s150.859705159
198_62,s-5.359379955,s6.289951340,s107.161958695
198_63,s-5.544891785,s3.401972939,s196.558463720
198_64,s2.374111400,s4.385044218,s243.539186702
198_65,s-6.314951318,s5.941590056,s304.231463952
198_66,s-4.976164785,s4.100880878,s234.611904356
198_67,s7.489077846,s1.714559385,s268.345584676
198_68,s5.738152431,s-3.965009823,s30.981915754
198_69,s4.810023215,s0.028672520,s259.257432339
198_70,s-1.112178576,s1.567571187,s244.527519914
198_71,s0.953800528,s-1.897298288,s124.375311652
198_72,s6.224013160,s-1.946584945,s236.752111990
198_73,s7.516719021,s7.547951522,s23.905954575
198_74,s0.894267500,s2.781801225,s69.057173692
198_75,s-4.552971758,s1.626685529,s338.488682487
198_76,s-7.155437817,s0.812222600,s183.314393000
198_77,s-2.751687298,s5.495228967,s201.815136108
198_78,s-6.391834994,s-0.557123638,s317.045969470
198_79,s2.433932728,s2.479400360,s190.115362127
198_80,s4.984899909,s1.352022192,s143.699007901
198_81,s-3.148087292,s-5.822549174,s326.731236350
198_82,s-6.360913395,s2.197037258,s99.056542449
198_83,s-0.665521620,s2.682180991,s319.372677055
198_84,s1.754830898,s7.366917187,s226.815865320
198_85,s3.208659086,s0.596265667,s13.573660328
198_86,s2.736656795,s7.437002838,s195.429875388
198_87,s-3.191163708,s7.411191441,s42.985087422
198_88,s6.426670785,s-3.693023397,s215.496792826
198_89,s3.267926646,s0.878992143,s12.472507586
198_90,s-5.487877256,s2.338941210,s98.272404867
198_91,s0.082957854,s-0.645021946,s240.564795706
198_92,s-2.025421282,s-1.358951998,s30.569337355
198_93,s0.480023633,s-1.434308846,s347.800135125
198_94,s-3.269776269,s4.267642058,s101.060256638
198_95,s-2.310733283,s5.152373731,s309.853794150
198_96,s-7.553617829,s6.067995235,s36.021587923
198_97,s3.359306416,s5.909844858,s161.359214093
198_98,s1.908317706,s-0.892093176,s271.678053624
198_99,s-2.400493175,s2.308541643,s90.605850131
198_100,s2.596913005,s-3.296726311,s241.339873062
198_101,s-5.387250076,s3.105214047,s72.356308259
198_102,s7.164754617,s3.771981830,s144.827818825
198_103,s3.258114918,s2.685953481,s68.072111708
198_104,s4.396492517,s4.816634926,s172.507414413
198_105,s-4.906689409,s6.882934887,s27.485705520
198_106,s-7.077717059,s-2.385223757,s184.786134913
198_107,s-3.975740219,s3.922516085,s14.289521240
198_108,s-4.036992304,s6.352534630,s263.554232064
198_109,s-3.453034828,s0.213278843,s277.650067476
198_110,s-1.723460032,s7.509424743,s33.424392642
198_111,s-6.368058611,s-7.623246454,s226.742158406
198_112,s1.523463161,s5.970146432,s314.521126017
198_113,s6.781326435,s5.099767446,s71.918925525
198_114,s5.723407488,s0.006521581,s161.661602502
198_115,s-5.373140585,s-1.650792995,s44.363289777
198_116,s5.142971056,s7.493266995,s101.309789182
198_117,s5.373129033,s6.309267019,s196.376197607
198_118,s5.524852486,s-2.524974433,s127.392060496
198_119,s5.961531188,s1.407029398,s222.389736199
198_120,s-3.791486132,s0.623244173,s203.975472070
198_121,s1.962308511,s2.016993361,s259.103524591
198_122,s-6.152698081,s7.354106338,s242.602393398
198_123,s4.950388666,s5.571584483,s203.745200037
198_124,s1.677219106,s0.179843471,s232.689848649
198_125,s-0.454773424,s-0.981689484,s32.066869616
198_126,s-2.714756642,s1.104508515,s228.231444400
198_127,s-2.896401779,s-1.006537064,s69.190169097
198_128,s-4.198483622,s-0.225243814,s174.512707892
198_129,s-7.489105584,s2.172781798,s91.721849075
198_130,s7.469463856,s3.879618281,s37.349425702
198_131,s3.511916955,s6.601230087,s237.015661283
198_132,s3.787813804,s7.538797130,s232.065960829
198_133,s-1.142595198,s5.951661648,s346.689597034
198_134,s7.008043069,s-0.281738478,s7.990484411
198_135,s-1.020035858,s-3.426122526,s115.002221242
198_136,s-3.873108128,s6.551391211,s188.688905867
198_137,s-0.703231217,s7.177636907,s318.999055904
198_138,s-6.664985659,s3.754765066,s331.915724549
198_139,s6.118158129,s3.645093415,s86.688459853
198_140,s4.362236237,s3.108077826,s67.252866948
198_141,s7.220799180,s7.301223119,s338.854105855
198_142,s3.586690289,s-2.869759502,s14.349779571
198_143,s-0.706685535,s-1.343508317,s53.552319942
198_144,s-1.977156012,s-0.573844290,s73.580671273
198_145,s1.405761844,s7.389480601,s96.558822714
198_146,s7.434178392,s5.996801953,s299.325402783
198_147,s6.082076167,s-5.915959768,s72.934872405
198_148,s1.024969906,s7.036945130,s140.111334126
198_149,s0.487862710,s2.435762214,s95.852460882
198_150,s-2.877683665,s-5.068509256,s333.602991004
198_151,s-1.953578856,s5.995408365,s78.331546804
198_152,s5.699395772,s2.629673600,s242.594925428
198_153,s-0.736358336,s4.792976871,s273.148116935
198_154,s-6.655342961,s6.614935594,s165.550124888
198_155,s-0.300250867,s-2.673309990,s132.013476575
198_156,s-7.526635992,s5.760724300,s47.297385824
198_157,s1.173382142,s7.547951522,s104.743751412
198_158,s-3.854601057,s2.368160604,s342.362088315
198_159,s5.376269876,s1.127667728,s168.968229278
198_160,s-3.330456364,s-1.833897741,s33.845134781
198_161,s5.717848341,s7.514520693,s166.431314217
198_162,s-0.459299410,s3.999242954,s199.928366247
198_163,s2.166570200,s2.928978357,s315.991713088
198_164,s3.686473296,s-3.760365008,s219.968330224
198_165,s-3.355805661,s3.375648594,s102.704334475
198_166,s-4.455998040,s4.842089711,s46.111110028
198_167,s-4.572180136,s-4.820245989,s121.987261231
198_168,s-1.398439297,s-3.595974829,s86.426653836
198_169,s-2.367443521,s-2.467040251,s281.161756649
198_170,s0.011964303,s6.514576350,s132.301025693
198_171,s-0.227372788,s6.085895706,s248.253905835
198_172,s0.739428677,s7.346988550,s102.453949303
198_173,s-4.009622699,s-0.790263648,s308.163391230
198_174,s-7.486695018,s7.496741463,s249.258670869
198_175,s7.422510260,s6.620594624,s110.166038301
198_176,s7.363310963,s0.809443440,s306.787212370
198_177,s2.009838974,s3.670302865,s136.633304843
198_178,s-1.753648604,s2.567947623,s258.137311769
198_179,s-2.901347510,s3.738396690,s43.460354179
198_180,s-2.726033021,s7.518023026,s51.341226811
198_181,s-4.981413562,s7.219528607,s246.954354939
198_182,s-5.839711303,s7.080648543,s155.044609213
198_183,s-5.667324116,s4.814610573,s99.603106488
198_184,s0.977930289,s-4.541143052,s338.376365205
198_185,s-4.677464267,s5.423687591,s91.912831116
198_186,s2.363178346,s7.417991315,s354.835630907
198_187,s-5.435454925,s1.227814460,s340.838757569
198_188,s1.107505049,s3.572886673,s96.988915370
198_189,s3.417970466,s7.457511692,s216.339565104
198_190,s5.848395414,s3.735840201,s349.007379645
198_191,s-3.588511855,s5.230524780,s100.385978606
198_192,s6.862296508,s4.377510396,s271.739774135
198_193,s5.563955356,s7.448643100,s318.118611477
198_194,s7.209142024,s-2.302864004,s36.333016903
198_195,s-4.255641166,s7.426214349,s191.764667040
198_196,s-5.563608395,s3.585573240,s341.595492199
198_197,s-6.756553170,s0.259554581,s126.743089918
199_0,s-2.265655347,s-4.868961050,s353.435480494
199_1,s-7.803568850,s-6.961252986,s65.013510407
199_2,s-1.527709314,s-7.104110082,s279.308158772
199_3,s-4.790918609,s-0.146276099,s2.887668203
199_4,s-6.068437565,s-3.594155504,s153.625662485
199_5,s-1.310656105,s-1.938396500,s28.036659047
199_6,s-6.031690757,s-4.533514588,s100.853719075
199_7,s2.429478758,s6.882978154,s256.825179631
199_8,s-2.860253792,s-7.120375132,s142.951672168
199_9,s3.249719595,s-4.006853585,s137.202286448
199_10,s7.524602817,s-1.237706119,s217.882832951
199_11,s3.932844717,s-7.968260271,s344.252588111
199_12,s6.186063235,s2.804365064,s91.128350026
199_13,s3.701633650,s-2.371878156,s353.930792687
199_14,s6.194279014,s-6.981648886,s98.006699933
199_15,s-5.990296248,s-5.769968429,s6.238959898
199_16,s-7.804713257,s5.200318232,s239.081576036
199_17,s5.169475281,s-5.308312053,s187.167430851
199_18,s2.713091512,s-5.029968239,s262.677540533
199_19,s-3.989533737,s-3.994394511,s147.130963513
199_20,s-7.127117618,s-2.101927553,s55.796939523
199_21,s6.991649643,s-0.034449442,s125.436057335
199_22,s1.342258965,s-6.149665983,s119.408694037
199_23,s-0.149989307,s-7.918693493,s29.449109843
199_24,s-0.861457026,s-5.182758649,s212.207402717
199_25,s3.381313700,s-3.235672148,s209.599234720
199_26,s1.710907773,s-2.104198475,s308.620360120
199_27,s0.836986991,s-3.113204698,s4.014591021
199_28,s5.168345348,s-2.529712272,s51.065466438
199_29,s4.045709977,s-6.635093894,s158.371101177
199_30,s-7.887841958,s-5.257101167,s149.386625848
199_31,s-4.606444903,s-3.176599717,s343.706447434
199_32,s-5.960570740,s-2.103367092,s278.112948176
199_33,s4.659812937,s-2.507052362,s358.183147072
199_34,s-2.926535514,s-1.686948369,s329.157708841
199_35,s-4.359000932,s2.331869335,s142.266400473
199_36,s-0.148430249,s-2.576233254,s216.049976811
199_37,s6.880971396,s-2.260005113,s230.414362735
199_38,s0.395424067,s-7.594691075,s139.054308542
199_39,s-6.891402407,s-4.261580331,s268.939283091
199_40,s3.149608516,s-1.862779657,s177.780382821
199_41,s0.384582764,s-4.988701098,s93.365268662
199_42,s5.741251407,s-7.828344864,s14.228525260
199_43,s7.596245732,s-2.864814485,s304.399036630
199_44,s5.036378030,s-6.361748317,s250.395389113
199_45,s-3.172887247,s2.413272211,s152.152184178
199_46,s-5.438895138,s-1.843156560,s112.168058253
199_47,s-7.894148240,s0.055660956,s13.339207359
199_48,s-7.687812232,s-4.832674514,s102.555229391
199_49,s-7.434691536,s-1.554578201,s4.032187940
199_50,s-2.894921938,s0.787411525,s151.514606624
199_51,s7.705909096,s1.982697318,s272.593284315
199_52,s4.141680270,s0.529506018,s110.010568750
199_53,s-7.488558368,s3.825402650,s106.661526119
199_54,s-3.090147222,s-3.317906393,s141.656894615
199_55,s1.431591164,s-0.893821070,s202.928764350
199_56,s6.466747401,s-3.735940320,s76.716633973
199_57,s7.096125645,s-4.720558353,s99.193103463
199_58,s5.642324084,s-1.723511109,s194.713490096
199_59,s7.220347707,s-5.877048226,s174.526583041
199_60,s-5.630392254,s7.700235946,s257.769812582
199_61,s-7.862275559,s-2.314959309,s307.080008450
199_62,s-6.592141896,s5.065476338,s331.800058233
199_63,s-4.191480338,s-7.788587622,s215.450420671
199_64,s-3.793447785,s1.450937021,s64.427366518
199_65,s-7.341785198,s1.080326500,s320.454875584
199_66,s2.174000311,s4.012433501,s23.284766502
199_67,s-0.804853953,s0.595466764,s162.899703730
199_68,s-3.657667987,s-6.686257467,s196.862435542
199_69,s4.525393967,s-4.040025938,s197.273123029
199_70,s4.711640238,s7.463829406,s301.476552130
199_71,s5.196618113,s6.144393599,s321.507991640
199_72,s5.135533683,s0.579937644,s105.295372635
199_73,s3.571782552,s-1.314324300,s316.666689541
199_74,s6.928998690,s3.355679827,s40.200788560
199_75,s-6.140673360,s4.337329604,s101.890258317
199_76,s-1.687467218,s-0.294825495,s174.220615082
199_77,s1.611225561,s2.617132941,s161.534127335
199_78,s-0.246780977,s2.564864306,s187.186273888
199_79,s-1.599409015,s1.888732570,s215.783150015
199_80,s-2.692458332,s7.248102847,s192.325137449
199_81,s-0.776403354,s1.695353251,s311.414819101
199_82,s-2.493003702,s7.405415841,s315.620813493
199_83,s0.383580126,s-4.054984053,s283.862842675
199_84,s1.133772177,s2.099385563,s94.142151784
199_85,s0.146030108,s4.055403649,s190.863270553
199_86,s2.442001707,s-0.344436663,s139.650327690
199_87,s7.824345924,s3.430300127,s243.109042856
199_88,s7.357036223,s0.402784972,s234.579492728
199_89,s1.396523590,s7.358249660,s357.266339950
199_90,s-0.180559768,s5.345809454,s94.827054877
199_91,s4.197328143,s4.721981766,s64.379034003
199_92,s-2.044097562,s-3.873014615,s76.098473789
199_93,s-5.654673459,s2.388018706,s296.397033760
199_94,s-6.474128464,s2.298276649,s292.301388098
199_95,s-0.184139962,s6.832944181,s337.959348086
199_96,s3.477341470,s1.187325142,s214.091526879
199_97,s-6.938295071,s-5.745776519,s154.034669287
199_98,s4.446006453,s-1.691600916,s187.528374340
199_99,s6.411054702,s6.313139405,s182.871410166
199_100,s-1.251366877,s-1.299468926,s224.344192818
199_101,s3.786792773,s2.342664660,s297.397539695
199_102,s5.259206597,s-3.575629838,s347.829383116
199_103,s7.571083506,s6.115266705,s44.964616545
199_104,s7.751643527,s-0.538800804,s96.153396917
199_105,s-4.544396929,s4.905858931,s203.527072941
199_106,s-0.438929470,s-4.062869898,s21.375282912
199_107,s0.689817421,s7.085010345,s245.884574742
199_108,s-5.568896267,s-1.260731960,s168.023134588
199_109,s-4.429679771,s3.915947558,s206.873618945
199_110,s-6.470074465,s6.808926233,s328.882572140
199_111,s-4.428388739,s3.487935154,s338.603855622
199_112,s-4.858475497,s5.630546464,s319.425290331
199_113,s-1.211732492,s6.061267569,s327.743673611
199_114,s0.046964715,s1.813186048,s72.238465579
199_115,s1.208941453,s-0.145791364,s254.416588610
199_116,s3.040438005,s6.533508476,s193.638433377
199_117,s4.623595133,s3.533735461,s81.338644184
199_118,s4.963031525,s0.770521942,s337.362361227
199_119,s4.504086619,s3.270000499,s103.379489042
199_120,s-6.342079937,s5.397722434,s150.710105057
199_121,s-7.524104454,s0.622581184,s95.784877018
199_122,s-7.022987345,s2.804725132,s327.690067717
199_123,s6.080208608,s5.799969192,s276.406545221
199_124,s-2.887070797,s3.681324055,s197.496864288
199_125,s-3.306444131,s6.595178431,s111.726746355
199_126,s-5.665533571,s2.109489040,s342.555636809
199_127,s1.039598815,s6.027474145,s236.869584582
199_128,s-2.470612520,s-6.286409417,s229.932098169
199_129,s-2.185809435,s5.560892134,s73.590173146
199_130,s7.824345924,s1.222144637,s83.597131080
199_131,s-0.864893003,s3.640020923,s226.403278948
199_132,s3.790978064,s6.080626606,s120.272907789
199_133,s6.631166832,s7.617869459,s278.612493295
199_134,s2.111405928,s1.953862538,s270.166156187
199_135,s-3.501796201,s7.611413178,s358.935157887
199_136,s-6.571891456,s-0.671368449,s249.421891930
199_137,s2.581745540,s4.493142679,s36.721133500
199_138,s5.177582674,s7.579938993,s352.629185566
199_139,s-0.723932134,s-6.645103142,s1.931539617
199_140,s-7.650598967,s7.807547649,s37.728647469
199_141,s1.918315274,s3.390812785,s172.365016879
199_142,s-2.911621443,s3.928302300,s298.002522796
199_143,s2.215889772,s6.766390430,s34.751049819
199_144,s0.905451448,s3.026348370,s274.842001913
199_145,s-1.143072347,s5.561222815,s68.439231531
199_146,s6.114634032,s-0.781920402,s177.998540936
199_147,s-5.037246390,s3.026440354,s178.890014944
199_148,s6.834227624,s6.523530720,s313.522360077
199_149,s7.653726239,s7.749921116,s300.136485128
199_150,s-4.312634981,s-0.993582015,s87.306861995
199_151,s-7.324763219,s4.384954336,s258.173725627
199_152,s-5.356048262,s7.233171297,s98.441080409
199_153,s-5.180219917,s5.242645248,s320.580229117
199_154,s-7.683295476,s7.071694849,s24.007183520
199_155,s3.119661931,s5.448321305,s17.092254114
199_156,s1.621711359,s4.595579207,s139.343856148
199_157,s-3.961304570,s-1.670922549,s105.019997414
199_158,s0.357770755,s0.018651994,s245.290135007
199_159,s-0.874272733,s0.856113356,s301.413492861
199_160,s-2.703149244,s4.995621575,s9.275271262
199_161,s4.105412520,s7.766294114,s260.678997248
199_162,s5.754628306,s6.518447988,s15.517467925
199_163,s6.093725509,s4.724452131,s53.438661196
199_164,s2.026789345,s4.832557742,s22.706915379
199_165,s-7.682867519,s6.717642908,s75.677081723
199_166,s-7.685233057,s7.370083932,s44.979261104
199_167,s-4.841441996,s1.804474622,s238.645706082
199_168,s-0.456905391,s7.762034387,s312.105008836
199_169,s-1.802627522,s7.033354292,s195.235881390
199_170,s1.744611778,s0.345650871,s229.716816895
199_171,s-2.782549379,s4.416899301,s95.258139727
199_172,s-4.639876187,s7.220891394,s296.688021266
199_173,s7.139634026,s3.892808764,s247.960666124
199_174,s3.739325852,s7.608885786,s321.835012153
199_175,s1.379122561,s2.017381564,s89.709840925
199_176,s4.072973216,s6.614005344,s275.167132048
199_177,s7.406743165,s5.991087963,s27.897939712
199_178,s2.947275491,s0.897220110,s324.153539477
199_179,s-1.315511812,s7.024806121,s242.706825311
199_180,s-7.923082592,s1.734083878,s129.785267498
199_181,s-7.826964492,s5.462236175,s304.529978586
199_182,s-7.509102461,s4.106279540,s150.030125145
199_183,s-1.158108421,s2.492381110,s87.723990898
199_184,s5.199254151,s2.162664202,s42.848689941
199_185,s2.889051242,s3.426158824,s339.831208828
199_186,s-5.761253339,s4.465121514,s123.740699890
199_187,s0.949264809,s7.722263062,s177.892548460
199_188,s7.639576469,s5.052403031,s263.948829663
199_189,s4.873179183,s5.452792273,s79.987659728
199_190,s5.012235716,s2.830494904,s202.385106138
199_191,s0.500717600,s-1.566331276,s145.084499014
199_192,s4.193819200,s7.177695354,s87.444071076
199_193,s5.992276180,s4.382732553,s290.251604982
199_194,s5.846899368,s3.095593452,s340.478685367
199_195,s-5.963169960,s0.876626820,s47.093016675
199_196,s-6.869166461,s7.634774749,s151.549141440
199_197,s-6.185398034,s5.622222287,s185.343505979
199_198,s-5.371733050,s4.421712167,s195.249123435
200_0,s-7.283111768,s-1.327769218,s245.610981938
200_1,s-2.441975441,s-4.629531386,s270.367638643
200_2,s0.180101177,s-5.072386200,s249.311816449
200_3,s5.369499960,s-1.297218283,s127.855880056
200_4,s-3.685951763,s-6.208915096,s336.653146470
200_5,s-1.320979886,s-6.828377448,s154.922458272
200_6,s2.047439134,s-5.092824618,s225.161117280
200_7,s4.947183435,s-6.834796514,s242.618696602
200_8,s4.936645693,s-1.196188492,s113.533148683
200_9,s-0.304855745,s-2.046215652,s89.939753130
200_10,s-0.780972450,s-7.613500945,s305.013627155
200_11,s-0.172855545,s1.144542408,s154.945569367
200_12,s7.511928294,s-5.451885464,s19.529122156
200_13,s0.990495527,s2.724112790,s264.687383774
200_14,s7.812798304,s-7.593826127,s98.538636671
200_15,s-1.647741661,s-3.350455709,s202.751148297
200_16,s-2.870585309,s-3.281595755,s209.213930982
200_17,s-3.545371573,s-2.159084066,s318.828814642
200_18,s-4.456033768,s-2.857296237,s52.509041592
200_19,s-5.297075255,s-4.501841472,s235.350647750
200_20,s0.041098343,s-7.038669392,s70.528704008
200_21,s-2.079932267,s-5.660096927,s272.188622852
200_22,s-5.904477087,s4.510926326,s288.318643081
200_23,s-4.947712736,s-5.954888484,s105.703827541
200_24,s-3.716449639,s0.108227022,s345.315615992
200_25,s-0.204931290,s-7.991987469,s271.556838393
200_26,s7.719825014,s-6.396608776,s33.218176848
200_27,s3.237914483,s-3.810010808,s201.602068497
200_28,s7.000429061,s-4.429005559,s146.769743667
200_29,s5.385752728,s-7.534908499,s272.377052699
200_30,s-6.662355092,s-4.124697740,s272.504679388
200_31,s-5.742352395,s-5.667609917,s346.120551635
200_32,s-7.011880332,s-7.302297962,s230.561037934
200_33,s-5.724169386,s-1.472074327,s314.026172459
200_34,s-6.522077383,s4.560771459,s178.810093881
200_35,s-4.241942707,s-5.258232276,s73.244054776
200_36,s-4.576285924,s-0.703828528,s88.171239357
200_37,s3.034772091,s-0.496178425,s189.799708916
200_38,s-1.638132527,s1.238375593,s58.209711650
200_39,s5.680441372,s6.706040640,s175.811275686
200_40,s3.525701565,s-6.068585733,s276.975812355
200_41,s3.344275509,s-4.625293462,s73.305122273
200_42,s5.454083761,s-4.818477947,s297.006292525
200_43,s0.679292672,s-6.347138145,s139.032926539
200_44,s7.603141991,s-2.497091448,s67.574437748
200_45,s-2.169072015,s-0.096107774,s66.273323006
200_46,s-4.709825467,s5.209480404,s233.012496872
200_47,s-2.720668367,s-8.102918140,s106.556108039
200_48,s-2.801789776,s5.461285274,s104.866225112
200_49,s-7.594425032,s-6.775246276,s340.952054261
200_50,s2.766301751,s-2.338361289,s232.469396261
200_51,s-2.943276402,s5.589111718,s27.448637031
200_52,s4.434669540,s-7.888051980,s129.056048502
200_53,s-3.096457100,s3.542965613,s117.067633492
200_54,s0.377686614,s-1.939831318,s174.479506983
200_55,s-2.931480126,s-6.306061169,s14.244611832
200_56,s4.013666919,s-1.682944316,s328.593449383
200_57,s3.562770970,s0.379598808,s11.403058770
200_58,s5.886738909,s-4.047309135,s265.285567318
200_59,s4.615093106,s2.469028151,s336.977838016
200_60,s-2.998023736,s-1.273166526,s164.074790268
200_61,s-2.890254855,s6.187853967,s100.022110722
200_62,s-3.815330415,s3.219104243,s182.590357731
200_63,s-6.724730294,s5.603934665,s178.320936017
200_64,s6.663512847,s-4.911663677,s166.992704643
200_65,s-0.516589280,s-4.088218456,s277.873992381
200_66,s-1.676400133,s2.590178511,s208.092129830
200_67,s-0.201002006,s-3.911074253,s20.097857271
200_68,s5.639347997,s5.959469150,s315.923923293
200_69,s6.933471934,s0.275301683,s209.652905790
200_70,s5.084185788,s-3.351010454,s332.107160576
200_71,s3.025947403,s7.527084595,s253.731828459
200_72,s0.756529527,s4.858168261,s23.573237549
200_73,s4.272893146,s0.456693966,s240.848403887
200_74,s0.591205249,s-0.277497520,s184.889845342
200_75,s-5.014774806,s-7.256724106,s51.450374633
200_76,s3.338102255,s4.045634289,s283.011277499
200_77,s-6.244452947,s-2.733281940,s15.626795380
200_78,s-5.230358631,s-3.216390988,s161.452160092
200_79,s-7.299240699,s-3.231664217,s167.165900372
200_80,s-5.189382939,s4.297766672,s168.885607988
200_81,s0.279155005,s-6.167387313,s222.058873504
200_82,s2.678994061,s5.300226510,s276.931537044
200_83,s7.581715754,s-0.524305931,s327.599596418
200_84,s3.652463896,s-3.056420895,s286.129668761
200_85,s7.874805406,s-3.200602193,s216.241094296
200_86,s1.950934641,s4.303264268,s128.133167338
200_87,s2.543082690,s0.638203548,s158.441464566
200_88,s-3.465254194,s-3.951586740,s112.433137113
200_89,s7.741801858,s-1.669176716,s329.124513001
200_90,s-5.558975544,s-5.490558246,s159.761448926
200_91,s-2.913422816,s-0.944551409,s223.348571987
200_92,s4.751282880,s1.315461502,s129.745928866
200_93,s7.136130874,s6.411726341,s47.914915518
200_94,s2.277519539,s5.519840102,s332.697058490
200_95,s3.518825135,s-0.803615407,s330.641821995
200_96,s-3.935752760,s0.342411356,s155.090423325
200_97,s-6.275144339,s2.897789789,s209.404591193
200_98,s-2.848475990,s2.370618327,s162.656166164
200_99,s-2.983752208,s7.634356664,s180.909605601
200_100,s5.571072233,s7.589275253,s178.371337494
200_101,s-7.680935293,s6.067081203,s174.560440140
200_102,s6.743411574,s-7.093828082,s235.683433541
200_103,s-0.798245739,s2.473008178,s300.731799037
200_104,s5.675473208,s-1.021319522,s290.279489887
200_105,s-6.563769980,s-2.156940719,s150.703198027
200_106,s-5.192014197,s0.863363280,s233.591344014
200_107,s-0.422415613,s0.971716651,s352.907269686
200_108,s7.572626160,s5.437304494,s128.948534630
200_109,s-7.151663571,s7.498366454,s181.011247566
200_110,s1.800431746,s-3.251223919,s72.183920779
200_111,s0.925853703,s-3.253507287,s26.074388141
200_112,s6.343941052,s7.554439473,s158.885752174
200_113,s1.020776610,s-7.949251942,s47.310897004
200_114,s3.975671984,s6.985023892,s91.996971428
200_115,s-4.915342366,s0.119360703,s187.646749449
200_116,s6.193127804,s7.399337937,s99.880246583
200_117,s2.488105591,s-6.726481243,s11.557545253
200_118,s-0.811764005,s7.602488629,s278.321179049
200_119,s7.163569026,s2.839417205,s266.854258787
200_120,s-5.099274815,s6.486570094,s98.864093329
200_121,s-5.808944645,s6.626403969,s263.301142651
200_122,s-7.762813373,s7.651754035,s258.337728243
200_123,s-4.700004786,s3.572044524,s79.588835808
200_124,s-7.513550785,s1.089035772,s85.581675612
200_125,s-1.376683679,s-0.208761020,s332.539785895
200_126,s6.886611978,s2.708459694,s66.354690565
200_127,s7.111964638,s5.711381501,s96.447046671
200_128,s-3.138409794,s0.613041304,s150.595759904
200_129,s-1.964080211,s7.224277874,s92.559483353
200_130,s4.718180080,s4.763556760,s267.984405902
200_131,s0.382562254,s4.481930180,s333.646748495
200_132,s5.436610866,s3.103833228,s21.834368616
200_133,s-2.921317365,s6.715358008,s129.318688214
200_134,s6.746659066,s7.570359823,s325.054342376
200_135,s-7.092280537,s4.801260640,s327.228596194
200_136,s-3.127803616,s7.213221132,s153.737990396
200_137,s-7.916115379,s4.118258899,s327.656557211
200_138,s-7.062427590,s-1.027302317,s167.816911210
200_139,s0.764389964,s6.978283694,s76.303992748
200_140,s-6.434370411,s3.652128762,s154.122592186
200_141,s3.670977550,s2.005589875,s279.778918275
200_142,s-4.948202287,s-3.777847847,s139.934812961
200_143,s0.990906700,s4.972922967,s91.117531370
200_144,s4.010294946,s4.631182462,s128.743288897
200_145,s5.830858455,s4.820499002,s45.786024511
200_146,s7.204406834,s-1.354269372,s303.546736548
200_147,s5.736290585,s2.952184480,s350.266883829
200_148,s3.908743729,s6.882507078,s316.849003128
200_149,s7.705800954,s7.239853403,s57.151128775
200_150,s-7.394003672,s-0.048096804,s107.533871371
200_151,s1.806899138,s-0.673526056,s232.948088923
200_152,s-7.741193474,s-2.429114870,s227.628870626
200_153,s0.446953826,s4.501972467,s228.408640896
200_154,s-0.297092491,s7.558746545,s299.603798469
200_155,s-4.280270581,s7.053432037,s265.902397444
200_156,s-2.136269671,s2.544117284,s267.747156333
200_157,s-0.747262862,s4.992515938,s83.400040295
200_158,s7.541302722,s4.957268448,s222.539955971
200_159,s-7.151181236,s2.584096497,s205.021782362
200_160,s0.264541245,s5.444011641,s188.591885810
200_161,s-5.803134430,s7.626825377,s22.548433789
200_162,s-1.270593652,s-5.923130478,s23.887168206
200_163,s1.854137156,s5.996788873,s102.864272694
200_164,s-1.140178323,s7.232022815,s337.925539448
200_165,s-2.204664796,s7.534417526,s330.601783157
200_166,s-7.547797527,s4.046890713,s89.394406030
200_167,s-6.089567727,s7.643347941,s353.629149276
200_168,s-1.636016379,s3.972807900,s273.391780486
200_169,s1.287194996,s6.788220733,s244.452057103
200_170,s-4.626796487,s1.086146290,s182.662637583
200_171,s-0.719058851,s-4.231211420,s72.192219151
200_172,s4.902591214,s2.643013743,s320.679633552
200_173,s-4.321631474,s5.479073079,s326.571328571
200_174,s0.923940431,s0.482527681,s34.612823171
200_175,s7.230947290,s1.041739206,s248.655720047
200_176,s0.430006786,s1.982844391,s67.180344807
200_177,s6.272392288,s-0.413571393,s145.628546156
200_178,s4.397795075,s6.003367873,s190.134094899
200_179,s1.143126692,s-3.921781250,s329.126331608
200_180,s-4.181686770,s2.682153520,s146.084747454
200_181,s-3.008500469,s4.658488835,s63.056243564
200_182,s2.011891637,s6.234727538,s81.014416463
200_183,s-0.665823221,s5.932504813,s79.212753447
200_184,s3.821595782,s3.029059179,s342.361193866
200_185,s1.395681730,s6.573757374,s139.378928005
200_186,s2.073375101,s7.306816833,s160.174686508
200_187,s2.427506137,s6.192757829,s187.104063759
200_188,s-7.426972265,s7.149388958,s342.294430517
200_189,s3.847094855,s-7.309906479,s265.339623601
200_190,s-0.761957128,s4.490797376,s144.901139482
200_191,s6.137314514,s0.470544564,s352.218025379
200_192,s-0.743591685,s3.316367157,s101.068075456
200_193,s7.739403722,s-0.975316389,s163.040349650
200_194,s7.873385301,s6.224071071,s214.051800464
200_195,s-5.315220967,s1.385285501,s236.142682256
200_196,s-6.590710890,s7.544157703,s72.032014338
200_197,s-6.305597352,s0.724824944,s200.046844198
200_198,s5.390654445,s0.133522723,s42.842878603
200_199,s5.354123072,s7.359636740,s292.972083605
